-- phpMyAdmin SQL Dump
-- version 5.1.1
-- https://www.phpmyadmin.net/
--
-- Hôte : localhost:8889
-- Généré le : mer. 12 jan. 2022 à 09:03
-- Version du serveur : 5.7.34
-- Version de PHP : 8.0.8

SET SQL_MODE = "NO_AUTO_VALUE_ON_ZERO";
START TRANSACTION;
SET time_zone = "+00:00";


/*!40101 SET @OLD_CHARACTER_SET_CLIENT=@@CHARACTER_SET_CLIENT */;
/*!40101 SET @OLD_CHARACTER_SET_RESULTS=@@CHARACTER_SET_RESULTS */;
/*!40101 SET @OLD_COLLATION_CONNECTION=@@COLLATION_CONNECTION */;
/*!40101 SET NAMES utf8mb4 */;

--
-- Base de données : `wonderGeek`
--

-- --------------------------------------------------------

--
-- Structure de la table `board_game`
--

CREATE TABLE `board_game` (
  `id` int(11) NOT NULL,
  `category_id` int(11) NOT NULL,
  `name` varchar(50) COLLATE utf8mb4_unicode_ci NOT NULL,
  `description` longtext COLLATE utf8mb4_unicode_ci NOT NULL,
  `picture` varchar(255) COLLATE utf8mb4_unicode_ci NOT NULL
) ENGINE=InnoDB DEFAULT CHARSET=utf8mb4 COLLATE=utf8mb4_unicode_ci;

--
-- Déchargement des données de la table `board_game`
--

INSERT INTO `board_game` (`id`, `category_id`, `name`, `description`, `picture`) VALUES
(1001, 190, 'cum excepturi vel et', 'Rem iusto repellendus aliquid sunt. Quidem vitae repellat consequatur et. Minima explicabo dolorem adipisci adipisci nam facere ullam qui. Expedita corrupti maiores laborum maiores id voluptate quasi. Ut ea quam ipsa. Et aut labore ut aliquid earum veniam. Reprehenderit dolore nulla totam unde veniam omnis animi magni. Odio perferendis fugit numquam pariatur. Aut earum eaque nisi facilis culpa nostrum. Est ea nihil ipsum et. Eaque asperiores asperiores sed eos beatae quam.', 'https://cdn2.philibertnet.com/522703-thickbox_default/terraforming-mars.jpg'),
(1002, 198, 'dolores aliquam vel', 'Asperiores velit molestias nobis occaecati mollitia quia repellat. A quo sint autem officia vero distinctio. Quas rerum non autem reprehenderit sed. Delectus rerum neque facere illo est impedit. Id sunt iste adipisci illum a. Velit illum ipsam aut enim sit amet. Velit tenetur nihil dignissimos quae numquam eum. Natus voluptas non quasi quas amet veritatis. Iure a fugiat explicabo. Omnis omnis dicta vitae. Perspiciatis ut eos in consequatur. Placeat a iste consequatur sint quod incidunt est blanditiis.', 'https://cdn3.philibertnet.com/503205-thickbox_default/magic-the-gathering-horizons-du-modern-2-bundle.jpg'),
(1003, 191, 'accusantium quisquam eos', 'Est voluptas eaque odit voluptatum maiores exercitationem qui eveniet. Neque exercitationem aliquam blanditiis eius qui accusantium distinctio. Quam qui excepturi molestiae eos corrupti a alias. Ut ipsum illo voluptatem iure. Et et neque dolorem architecto. Voluptas officiis alias consequuntur quo velit et autem. Enim asperiores dicta non consequatur est. At dolores deleniti nesciunt rerum dolor. Doloribus nihil sit molestias totam natus aliquam. Fuga deleniti dolore cum ipsa.', 'https://cdn3.philibertnet.com/525941-thickbox_default/harry-potter-bataille-a-poudlard-extension-sortileges-et-potions.jpg'),
(1004, 190, 'expedita ratione eaque', 'Voluptas ex veritatis id deleniti officia. Placeat minus nulla quod dolores eos quis autem excepturi. Ullam voluptas distinctio libero reprehenderit aut velit. Voluptatem voluptas sed quas voluptas. Non voluptatem labore amet quas minima. Quam aut error similique in saepe sunt. A iste facilis aut deleniti quis sit perferendis. Animi eos rerum itaque ea dolorem. Sint assumenda unde est soluta beatae aspernatur aliquam. Qui accusamus repellat quidem voluptatem corrupti. Voluptas nostrum voluptatem est debitis. Corrupti veritatis fugiat voluptas. Voluptatem voluptatem ratione atque.', 'https://cdn2.philibertnet.com/516904-thickbox_default/le-seigneur-des-anneaux-voyages-en-terre-du-milieu-guerre-ouverte.jpg'),
(1005, 204, 'sit rerum expedita sit', 'Tenetur repellendus velit magnam quis facere qui impedit. Tempore repellendus id consectetur et. Repellendus et perferendis ad molestias omnis. Quo quod molestiae sunt in. Et atque omnis praesentium odio iure et nemo. Nihil sed doloremque aut qui perferendis ratione libero. Sed et et officia sint. Commodi est praesentium ex error aut dolore. Eius blanditiis qui ducimus. Est voluptatem omnis quo labore porro. Doloremque aut officia enim commodi eligendi. Occaecati totam aut quis veritatis aliquid debitis fugit.', 'https://cdn3.philibertnet.com/515976-thickbox_default/world-of-warcraft-wrath-of-the-lich-king-a-pandemic-system-board-game.jpg'),
(1006, 199, 'odio rem', 'Temporibus recusandae blanditiis et non est dolorum. Quae asperiores sequi illo provident voluptatum odit id sed. Aperiam suscipit consequatur molestias unde enim nam nam. Ea voluptas et ut velit. Tempora est qui consequatur sunt velit dicta fugit. Et non ducimus unde rerum dicta officiis esse. Eligendi praesentium libero excepturi molestias id. Eaque et quod esse sit. Qui impedit et aut qui non deleniti. Et cupiditate quidem id magnam corrupti excepturi omnis eius. Dolorem ipsa a earum rerum ut sit harum.', 'https://cdn3.philibertnet.com/503205-thickbox_default/magic-the-gathering-horizons-du-modern-2-bundle.jpg'),
(1007, 201, 'quis', 'Ducimus quia quaerat impedit vel autem dignissimos nihil. Ut vitae voluptatem modi quibusdam. Ipsa quis aliquam velit id autem repudiandae temporibus harum. Ex et maiores aut aut est sint modi dolorem. Dolor aut error et eaque magni odio eius. Adipisci vitae distinctio cupiditate praesentium voluptatibus eos. Quis enim ut dolor excepturi architecto quas. Architecto ab velit necessitatibus labore magni explicabo non facere.', 'https://cdn3.philibertnet.com/515976-thickbox_default/world-of-warcraft-wrath-of-the-lich-king-a-pandemic-system-board-game.jpg'),
(1008, 192, 'ex et alias', 'Assumenda dolores ea deserunt maiores. Delectus quo necessitatibus aut quisquam recusandae repellendus rerum. Ducimus consequuntur qui vel natus omnis. Sapiente inventore error quaerat et et in repellat. Ratione et nobis quia. Nesciunt ea aut sunt alias a nesciunt sit dolore. Omnis voluptate velit molestiae est qui. Assumenda illo vero quia pariatur dolor. Amet minus vero pariatur eos nihil at consequatur. Quia error a non nulla nobis aut itaque itaque. Ut voluptatibus consequuntur voluptatem ex. Voluptates quas fuga quo. Maiores quis quae et aut. Eaque autem qui autem est.', 'https://cdn1.philibertnet.com/521033-thickbox_default/kingdomino-origins.jpg'),
(1009, 195, 'reiciendis', 'Quos quia repellendus dolorem quasi. Labore mollitia sed voluptas. Voluptatum qui officia cupiditate repellat aut minima molestias optio. Accusamus praesentium non praesentium consequatur ea deleniti culpa. Impedit labore consequatur odit corrupti voluptatem. Eos ullam aut et libero molestiae eveniet enim. Aut et minus veniam et reprehenderit aut. Maiores corporis qui aut soluta commodi minima labore. Aliquam deleniti itaque dolor veritatis qui qui distinctio. Quia est perferendis aut quia voluptas. Dolorum ea nihil voluptate eaque.', 'https://cdn2.philibertnet.com/527633-thickbox_default/scrabble-deluxe.jpg'),
(1010, 198, 'labore commodi et', 'Est omnis rem ut eum. Velit dolor itaque quos maiores. Quis culpa neque quia provident et praesentium. Sed magnam animi nihil ut sapiente beatae aut. Cum molestiae deleniti architecto illo reprehenderit omnis. Blanditiis ipsum enim aliquam perferendis libero culpa rerum et. Eos quibusdam omnis illum dolores animi mollitia aspernatur. In mollitia expedita laborum. Recusandae natus ullam atque consectetur consequatur. Quisquam distinctio maxime minima reprehenderit a cupiditate. Et accusamus ab nulla blanditiis qui architecto. Eius facere possimus quia a possimus.', 'https://cdn3.philibertnet.com/516145-thickbox_default/nouvelles-contrees.jpg'),
(1011, 195, 'quia', 'Ad iure quod accusamus ipsum incidunt minima. Fuga necessitatibus et est et facere doloribus soluta veritatis. Harum eum laboriosam voluptatem necessitatibus accusamus. Expedita nostrum ad rem at dolore amet. Ipsa magni voluptates facere ut debitis voluptas quis rerum. Dolor facere blanditiis velit debitis eveniet et tempora. Vitae aut minus quia aliquam molestiae. Asperiores iusto exercitationem architecto quo adipisci corporis alias. Sapiente sunt id numquam eos nesciunt magnam. Aliquid facilis doloremque error sit cupiditate nobis.', 'https://cdn3.philibertnet.com/515898-thickbox_default/7-wonders-architects.jpg'),
(1012, 195, 'ea', 'Repudiandae voluptatum possimus nisi iste ut. Nihil itaque vitae et deleniti molestiae laborum. Ad nihil qui natus minima recusandae quis suscipit. Expedita veritatis optio quis quo autem voluptas et id. Totam aliquam excepturi velit eveniet autem est. Et voluptate in consequatur voluptates. Illum dicta in cumque unde non qui. Quas repellat fugit amet eveniet itaque. Eveniet voluptatum consequatur veritatis voluptatibus provident pariatur. Et nobis asperiores et corporis. Ipsum natus autem suscipit architecto aliquam saepe. Aliquid animi placeat eos doloremque odio non praesentium.', 'https://cdn3.philibertnet.com/525941-thickbox_default/harry-potter-bataille-a-poudlard-extension-sortileges-et-potions.jpg'),
(1013, 201, 'minus est repellat voluptatem', 'Minus excepturi libero ut laboriosam aliquam impedit est. Adipisci laudantium quia ut nihil est debitis iste. Veniam provident nam quisquam suscipit adipisci et. Et illo officiis illum assumenda. Vitae totam explicabo ipsa perferendis cupiditate est eaque. Dolore repellat pariatur ratione nobis nemo fuga et et. Mollitia possimus magnam saepe assumenda fugit autem nostrum. Qui nihil quaerat enim quo suscipit nobis. Est quia soluta nobis rem occaecati deleniti sint. Et corrupti quas aspernatur quas ea et.', 'https://cdn2.philibertnet.com/522703-thickbox_default/terraforming-mars.jpg'),
(1014, 198, 'amet', 'Consequatur unde ut voluptas sit. Natus voluptatem fugit enim eveniet esse. Ea repellendus ipsum illo eos ut. Veritatis nobis est earum voluptatum qui repudiandae. Quaerat nobis voluptatem perferendis consequatur consequuntur. Sunt repellendus voluptas pariatur quam enim velit eum molestiae. Officia tempora et quaerat tenetur ipsa. Ut neque eveniet dolor rerum ad. In nihil voluptas hic molestias aut sed voluptas labore. Ab qui ipsa voluptatem ex incidunt.', 'https://cdn1.philibertnet.com/375938-thickbox_default/monopoly-classique.jpg'),
(1015, 201, 'suscipit aut modi accusantium', 'Beatae molestiae dolorum repudiandae quisquam cupiditate. Porro amet ad occaecati perspiciatis quas rerum est possimus. Reprehenderit voluptas animi aut voluptatem. Ut at quia quis sequi eligendi architecto nulla. Praesentium vel eligendi occaecati iste dolorem qui. Laboriosam qui consequatur beatae. Aut natus iure debitis laborum quae quidem ut labore. Odio blanditiis vero itaque saepe molestias deserunt. Quaerat vel delectus architecto esse. Vel rerum error corporis exercitationem. Eaque modi alias enim doloribus.', 'https://cdn2.philibertnet.com/524668-thickbox_default/les-aventures-de-robin-des-bois.jpg'),
(1016, 196, 'aliquid explicabo minus sed', 'In eos quas consequatur optio quidem. Minima dolor dignissimos exercitationem placeat amet officiis. Est explicabo sed similique vel enim. Dolores aspernatur et doloremque voluptatem. Aspernatur non quidem nostrum laborum libero accusamus. Ducimus non sit cupiditate ut deleniti aut. Sint omnis sit excepturi officiis sit libero. Repellendus mollitia velit harum tenetur culpa. Aperiam ipsa molestiae vero sequi quasi voluptate. Delectus necessitatibus sed expedita voluptates pariatur delectus.', 'https://cdn1.philibertnet.com/375938-thickbox_default/monopoly-classique.jpg'),
(1017, 195, 'provident soluta exercitationem', 'Id vel veniam assumenda maiores eos sed ut et. Sequi ipsum qui non necessitatibus quia nulla vitae nemo. Sed assumenda repellat laudantium nemo. Ut fugit quae corporis atque. Qui id et eligendi qui rerum eum ipsa. Et minima sed placeat tempore aperiam. Esse aut eos facilis eveniet. Molestiae accusantium et natus eligendi et sit nam. Voluptas molestiae corporis beatae nam sed mollitia eos dolorem. Alias sint molestiae mollitia inventore similique unde laudantium minima. Eum molestiae est recusandae ea qui.', 'https://cdn2.philibertnet.com/456053-thickbox_default/skyjo.jpg'),
(1018, 195, 'ab sit fugit est', 'Dolorem vel a tenetur. Minus repellat quisquam sed voluptates. Aut sunt et eligendi quisquam. Saepe cupiditate laboriosam debitis esse qui. Ea magni et dignissimos mollitia. Aut incidunt facilis quidem consequatur alias excepturi eaque. Voluptatem atque quibusdam nobis eius sit odit. Iure qui et ducimus eum. Quo fugit eligendi est vel enim provident. Non rerum ut aut incidunt vel voluptatem quae. Dignissimos doloremque consectetur dolorem sunt. Qui ut et voluptates. Aut quia ut dicta ex. Et animi sit sapiente voluptas repellendus enim.', 'https://cdn3.philibertnet.com/515976-thickbox_default/world-of-warcraft-wrath-of-the-lich-king-a-pandemic-system-board-game.jpg'),
(1019, 190, 'voluptates expedita praesentium omnis', 'Rerum et quia architecto. Aliquam enim pariatur maiores ipsum aut. Est modi ab consectetur omnis aspernatur tempore aut alias. Voluptas nesciunt doloremque autem. Dolorem labore nisi aut vel voluptate debitis. A eligendi tenetur sunt eum illum. Qui inventore id itaque aut. Voluptatibus atque optio nihil omnis et animi amet. Architecto similique nihil et qui. Dolorum quos nobis omnis. Doloremque voluptatibus minima ad. Ea voluptas qui non tenetur. Quas eaque dolorem cumque nihil incidunt minima aliquid. Non repudiandae suscipit aliquam et.', 'https://cdn2.philibertnet.com/516468-thickbox_default/saint-seiya-le-jeu-de-deckbuilding-poseidon.jpg'),
(1020, 203, 'enim', 'Id error mollitia fugit fuga. Ut omnis a quia qui accusamus ipsa. Praesentium exercitationem accusamus eos quaerat aut odit voluptas. Est voluptates voluptatem sunt et. Aspernatur aperiam et ut magni doloremque quo cumque dolorem. Vitae molestiae rerum cupiditate voluptatem. Voluptate iure totam pariatur voluptatem nesciunt repellendus porro. Blanditiis itaque aut praesentium dolorum labore molestias. Non et omnis et in ut et quas. Omnis quod possimus perspiciatis qui labore occaecati mollitia et.', 'https://cdn3.philibertnet.com/520955-thickbox_default/unlock-game-adventures.jpg'),
(1021, 200, 'occaecati et quas', 'Distinctio et enim sunt perferendis ea. Dolore incidunt similique adipisci esse magni. Aut ut similique ipsam veritatis quos harum. Nobis distinctio et assumenda qui est similique. Deserunt voluptas dignissimos exercitationem dolorem. Error repudiandae voluptas doloremque qui vitae. Odio possimus sunt aut voluptas veniam labore. Minima soluta velit recusandae vero recusandae. Aut voluptatem nisi et. Reprehenderit voluptas nesciunt dolores dolorem nobis minima. Ducimus quod rem laborum.', 'https://cdn2.philibertnet.com/305958-thickbox_default/uno.jpg'),
(1022, 195, 'cupiditate provident', 'Et veniam temporibus explicabo porro est. Quo corporis ab unde labore provident. Placeat sequi quia soluta eligendi dolore mollitia temporibus. Voluptate provident ea saepe non consectetur praesentium. Illum dolorum iure quia numquam ut. Sequi incidunt mollitia enim ut odit. Explicabo quia magnam vel ducimus nam aut. Quibusdam nemo aut vel. Impedit rerum sequi voluptatibus voluptate reiciendis quis at.', 'https://cdn3.philibertnet.com/520955-thickbox_default/unlock-game-adventures.jpg'),
(1023, 194, 'quod quas', 'Sed facere dolores provident dicta doloribus. Nostrum recusandae occaecati repudiandae sit et. Porro dolorem neque quo quasi aut sint repudiandae. Ex aut dolores aliquam quis consectetur est. Similique id et mollitia ut. Ut earum quia qui harum officiis ut est. Praesentium magni quam nemo quam recusandae. Placeat est aut quia in. Dolorem nulla corrupti nihil voluptas corrupti aut. Ipsam quia laudantium voluptatem aut excepturi reprehenderit ab illo. Fugit aliquid quia ab. Ut recusandae aperiam perferendis neque qui aliquid ea.', 'https://cdn1.philibertnet.com/494838-thickbox_default/marvel-champions-le-jeu-de-cartes-convoitise-galactique.jpg'),
(1024, 200, 'dolorum consequatur autem illum', 'Reiciendis enim quidem sapiente rem. Temporibus voluptas et nihil doloremque. Molestias harum quo soluta veniam. Natus ut saepe velit sed in adipisci vel. Ut dolores dolorem minus ad asperiores provident qui. Ex quasi pariatur tenetur adipisci excepturi aliquam enim. Aspernatur vel velit soluta. Consectetur sapiente dolorem aut soluta quod. Rerum et a molestiae qui quidem. Dignissimos ut harum est vel id. Hic iste rerum dolorem. Molestias fugiat nam qui.', 'https://cdn2.philibertnet.com/524668-thickbox_default/les-aventures-de-robin-des-bois.jpg'),
(1025, 202, 'atque aut et enim', 'Quas soluta nulla fugit deleniti in velit rerum. Similique velit omnis sit atque saepe. Voluptatum placeat eaque facilis eaque. Est eos sequi est iusto hic eos aut. Saepe dolorum vel omnis a a ut alias. Qui magni quo sunt sit qui. Qui provident consequatur deserunt sapiente. Architecto est quis qui accusantium iste. Ullam et sit qui. Cumque dolorem cupiditate est fugiat. Eligendi ea exercitationem veniam impedit. Sed et ea illo nobis. Sit laboriosam tenetur quibusdam voluptates odit in. Neque est mollitia mollitia numquam commodi quia. Et tenetur vitae debitis incidunt laudantium a.', 'https://cdn3.philibertnet.com/516145-thickbox_default/nouvelles-contrees.jpg'),
(1026, 200, 'voluptatem', 'Nemo sapiente sit voluptatibus veritatis voluptate quae. Commodi sit soluta et sint ullam. Recusandae quam harum similique voluptas ut incidunt tempore. Similique laudantium saepe repellat consequatur architecto velit aut. Ea placeat aliquam facilis. Deleniti labore et officiis qui qui aut adipisci. Quam reprehenderit quia nobis nulla deleniti quo est eum. Aut quis deserunt molestiae amet ut tempore. Dolorum doloremque omnis voluptatum quas. Facere quos aspernatur veritatis temporibus sequi officia.', 'https://cdn3.philibertnet.com/516145-thickbox_default/nouvelles-contrees.jpg'),
(1027, 200, 'deserunt ut a excepturi', 'Aliquid sed et blanditiis ea. Rerum occaecati eligendi fugiat necessitatibus. Amet est repudiandae veniam molestiae repellat facere. Voluptatem dolorum voluptas eveniet perferendis quisquam ut doloribus. Animi suscipit qui et explicabo odit molestias et. Ipsa eum cum sit magni autem minus. Nisi est quo quis nostrum. Ipsam et excepturi eos repellendus voluptas recusandae. Nihil velit harum dolores. At et facere praesentium quod quas. Aliquid expedita quaerat autem esse voluptas. Molestiae sunt rerum voluptas. Minus sed neque ratione magnam. Voluptatem excepturi quos facere expedita at.', 'https://cdn2.philibertnet.com/516904-thickbox_default/le-seigneur-des-anneaux-voyages-en-terre-du-milieu-guerre-ouverte.jpg'),
(1028, 191, 'esse', 'Ullam tempore ut ad. Impedit quas modi ex non est. Facere ipsa incidunt nisi distinctio amet ratione. Labore dignissimos ex laborum reprehenderit molestiae voluptates debitis. Expedita porro alias assumenda sed deserunt ut. Et quasi reprehenderit est ratione accusantium. Mollitia totam voluptas quis qui. Perferendis reiciendis dolores rerum laudantium iste eligendi velit. Sunt eos quasi rem exercitationem tempore voluptates. Id ut enim alias sint quisquam. Cumque ducimus voluptate qui id.', 'https://cdn2.philibertnet.com/516468-thickbox_default/saint-seiya-le-jeu-de-deckbuilding-poseidon.jpg'),
(1029, 194, 'sint architecto dolorem', 'Quaerat tempore reprehenderit et porro rem. Eius rerum et expedita. Fuga consectetur optio omnis repudiandae. Aut molestias quos adipisci ipsa ut. Qui molestiae aut cupiditate maiores enim qui laborum. Officia et mollitia libero. Molestiae consequatur ut est perferendis minima. Vel quod enim rem. Totam expedita nemo quis. Fugit in repudiandae cum. Quisquam dignissimos eaque ducimus aliquam quo ratione illum. Natus dicta nulla quidem magnam nesciunt odit. Molestias aut officia quia dolorem. Aut qui odit est saepe ullam nihil. Ad harum est et asperiores rerum.', 'https://cdn3.philibertnet.com/503205-thickbox_default/magic-the-gathering-horizons-du-modern-2-bundle.jpg'),
(1030, 198, 'qui quod aut voluptatibus', 'Ipsam laudantium ullam provident. Vero expedita rem exercitationem. Molestiae debitis ut dolores est consectetur ipsa distinctio laborum. Quaerat corporis dolor enim neque. Dolor aut numquam delectus tenetur. Architecto reprehenderit non sit eaque et et. Modi doloremque ratione cupiditate sit at aperiam quod. Eaque exercitationem inventore beatae dolores tempore et. Odio nemo quidem rerum totam illum. Ipsum impedit voluptatem culpa rerum.', 'https://cdn1.philibertnet.com/521033-thickbox_default/kingdomino-origins.jpg'),
(1031, 201, 'tenetur esse', 'Qui delectus dolorem consequuntur sint et. Labore dolorum ut ipsa inventore molestiae quidem possimus. Dolorem magnam a dolores. Neque labore a quam ut et rem distinctio. Veritatis dolorem ipsa provident accusamus et omnis dolor. Molestias aliquid sint fugit hic exercitationem recusandae quo. Nisi sunt enim quidem velit unde. Ea nihil voluptatem rerum et laudantium est quia. Eos nihil error suscipit voluptatem aut fuga. Ea blanditiis facilis accusantium veniam at deleniti. Architecto maxime explicabo aspernatur quam. Doloremque odio omnis nihil molestiae unde error.', 'https://cdn3.philibertnet.com/515898-thickbox_default/7-wonders-architects.jpg'),
(1032, 190, 'vitae', 'Nisi ratione voluptatem facilis et harum odio sint. Ut inventore et aut accusamus enim quia. Rerum aut quis est provident laboriosam repellat aliquid. Sed est eos et qui et deleniti tempore. Quia ratione voluptates dolores ipsa eos. Recusandae tempore qui et dolores dicta temporibus. Id ut vitae perferendis et ea eaque velit. Molestias rerum sit sunt est. Mollitia unde provident omnis ipsum ab rerum. Dicta porro mollitia ex quas aut dolores est.', 'https://cdn3.philibertnet.com/515976-thickbox_default/world-of-warcraft-wrath-of-the-lich-king-a-pandemic-system-board-game.jpg'),
(1033, 203, 'harum id', 'In sint est rem temporibus voluptatem placeat velit. Nulla repudiandae illo qui alias consequatur. Labore adipisci quos qui at minus. Quos eveniet magni facilis provident sed. Est excepturi veniam non. Sed ullam deserunt ratione eos. Pariatur qui rerum praesentium qui. Provident nobis ut natus dolores itaque libero magnam ducimus. Odit eos amet voluptatem labore nisi illo. Impedit itaque dolorum qui vitae beatae. Sit minima reprehenderit qui at dolorem debitis consequatur. Veniam libero beatae illum voluptates id molestias. Corporis esse est ratione ab velit aperiam.', 'https://cdn2.philibertnet.com/527633-thickbox_default/scrabble-deluxe.jpg'),
(1034, 203, 'eveniet maxime eum', 'Minus rerum rerum nostrum est et exercitationem. Tenetur et amet est aut. Cumque qui error molestiae culpa nam. Voluptas et quisquam ex assumenda aut vel fugiat quas. Voluptatem quibusdam consequuntur consequuntur facere non et. Voluptatum eos omnis id numquam aperiam delectus. Pariatur illo tenetur dolor repellendus quis soluta fuga. Beatae consectetur omnis dicta numquam veniam iusto aliquam. Voluptatem est sequi aspernatur et error. Eaque quisquam consequatur harum aut et quis. Voluptatem in fugiat atque modi dolor blanditiis dolorum omnis. Voluptatem mollitia qui quam atque sunt.', 'https://cdn2.philibertnet.com/305958-thickbox_default/uno.jpg'),
(1035, 200, 'corrupti est', 'Dolor et aut eius sed enim dolore fuga laboriosam. Soluta voluptatem non aut. Numquam quia libero nesciunt dignissimos dolor neque molestiae. Magnam non expedita voluptatibus qui nobis aut. Quasi magni modi voluptates dicta tempore. Ipsam occaecati est voluptas consequuntur impedit. Voluptatibus aut ratione autem quaerat quis corporis alias. Dolorum voluptatem officiis pariatur. Nostrum placeat temporibus non ab corporis laboriosam ut ducimus. Maxime odit voluptas consequatur assumenda suscipit rerum excepturi. Ratione quia quos qui in iusto excepturi ut. Saepe fugit beatae vel modi.', 'https://cdn1.philibertnet.com/494838-thickbox_default/marvel-champions-le-jeu-de-cartes-convoitise-galactique.jpg'),
(1036, 198, 'consequatur debitis saepe', 'Natus nobis et voluptatem aut. Voluptatem architecto voluptatem distinctio magnam atque. Quas itaque quis quia consequatur consequatur facilis est. Rerum quis dolores nesciunt animi possimus alias alias. Ipsam amet fugit nostrum consectetur reiciendis. Exercitationem voluptas placeat aut quia iure. Tempora necessitatibus aliquam et sunt enim quaerat laborum architecto. Sint minus dolores cupiditate beatae omnis. Cum eos corporis voluptatem et praesentium suscipit error.', 'https://cdn3.philibertnet.com/525941-thickbox_default/harry-potter-bataille-a-poudlard-extension-sortileges-et-potions.jpg'),
(1037, 190, 'quibusdam voluptas ut', 'Sed aut aut rerum ipsa fugiat natus. Pariatur et voluptatem cum enim facilis. Qui aut aliquam culpa accusantium unde fuga dolores et. Fugit id voluptate qui omnis ratione. Quidem soluta vel itaque aut quibusdam aliquam omnis facilis. Voluptatem excepturi velit sunt ab quidem. Impedit dolores aperiam ducimus qui. Omnis doloribus consequuntur fugiat. Non impedit totam aut. Velit voluptatum quis temporibus quos in velit aut sint. Voluptatem omnis et recusandae quam sequi inventore. Voluptatem ex ab exercitationem praesentium eius error voluptas. Velit et ut quos est sed ut saepe.', 'https://cdn3.philibertnet.com/525941-thickbox_default/harry-potter-bataille-a-poudlard-extension-sortileges-et-potions.jpg'),
(1038, 191, 'et rerum iusto quisquam', 'Ratione eos voluptatibus officiis voluptatibus voluptate quam. Aut ratione recusandae non autem qui omnis. Minima rerum sit eum aliquid ratione blanditiis adipisci ut. Ea sint facere vel ex cupiditate eius dicta magni. Enim in commodi excepturi. Dignissimos debitis ut inventore sit reiciendis. Fugiat ut repudiandae aut quasi enim in. Atque non sed id pariatur accusamus saepe. Molestiae corporis veritatis eaque veniam voluptatem natus doloremque. Culpa quo in harum voluptas quas. Amet autem doloremque rerum ab tenetur.', 'https://cdn3.philibertnet.com/516145-thickbox_default/nouvelles-contrees.jpg'),
(1039, 196, 'distinctio', 'Odit nemo at a et voluptates tenetur ullam eveniet. Placeat sed alias quis sint vero a eaque nulla. Deleniti accusamus illo aliquam omnis deserunt quas non aspernatur. Quia et id quibusdam adipisci qui est. Sed ad ut voluptates rerum non quam nobis. Autem et sed ut voluptatem consequatur alias sit est. Quisquam possimus ut consequatur. Architecto ut aut aspernatur voluptatem. Ab tempore cum et esse sint culpa. Accusantium officia doloremque architecto voluptate nostrum illum non. Ut ut esse et veniam. Enim occaecati accusamus magni repellendus.', 'https://cdn2.philibertnet.com/305958-thickbox_default/uno.jpg'),
(1040, 193, 'provident reprehenderit quae', 'Sunt enim vero adipisci qui omnis. Non amet delectus non. Inventore qui quo aut debitis iste. Hic architecto rerum culpa quas iste. Ipsa dolore unde temporibus. Qui et omnis dolorum voluptates quisquam voluptatum et. Omnis ipsum doloremque qui porro. Beatae facilis enim impedit cumque velit. Sapiente sint illo modi. Qui qui fuga sunt ipsam. Placeat aut at labore laboriosam harum et. Voluptatem in et odit exercitationem. Necessitatibus omnis reiciendis voluptate sapiente autem cum natus. Possimus illum sint perspiciatis eum vel omnis atque. Quia distinctio magni sit.', 'https://cdn2.philibertnet.com/516468-thickbox_default/saint-seiya-le-jeu-de-deckbuilding-poseidon.jpg'),
(1041, 199, 'est dolor', 'Quasi aut et officia dolorum. Vitae optio sunt minima culpa nulla sed quis. Assumenda enim nihil sed non quam dolor ut. Et commodi quis repellat ad odit. Non quia nisi quaerat cum quam voluptate. Aut sapiente mollitia nesciunt quasi consequuntur doloremque. Enim id non ut optio. Qui quia quo labore id non nihil. Quis commodi quos aperiam sequi impedit. Tempore dolores voluptatem et dolorem ut soluta.', 'https://cdn3.philibertnet.com/503205-thickbox_default/magic-the-gathering-horizons-du-modern-2-bundle.jpg'),
(1042, 196, 'sequi', 'Eaque sed voluptatem nihil corrupti. Deleniti molestias quaerat enim et qui. Repudiandae illo animi consequuntur necessitatibus enim quasi. Quam facilis similique architecto nihil. Beatae iure adipisci at est aut. Perspiciatis facere odio est voluptate aut qui eum. Suscipit odio quas ea corporis nobis vel dolore. Nemo neque placeat rerum et odit. Tempore expedita deserunt reiciendis. Veniam expedita nesciunt adipisci necessitatibus ut qui.', 'https://cdn2.philibertnet.com/523790-thickbox_default/micromacro-crime-city.jpg'),
(1043, 192, 'placeat ratione quisquam', 'Cupiditate vel voluptatum temporibus quia quia accusamus accusamus. Quibusdam sed eum doloremque ea. Consequuntur architecto minus quisquam autem. Eum temporibus adipisci consequuntur enim et mollitia optio distinctio. Distinctio consectetur recusandae ratione ratione iste libero. Omnis sit enim non velit quos ea. Suscipit vero ut suscipit veritatis qui qui doloribus officia. Consequatur a non est est repudiandae et. Ipsa eligendi at non et aperiam. Eius quos doloremque ut alias et.', 'https://cdn2.philibertnet.com/524668-thickbox_default/les-aventures-de-robin-des-bois.jpg'),
(1044, 193, 'quam necessitatibus necessitatibus similique', 'Consequatur velit fugit voluptatem magnam magnam iste. Vitae sunt deserunt ab ea qui. Doloremque non qui ex quae nisi rerum. Quia et deserunt sint suscipit. Et blanditiis tenetur laudantium. Quia necessitatibus debitis minus veritatis quis. Cupiditate fugit saepe ullam tempora dicta. Quis voluptatem labore aspernatur dolorem inventore explicabo. Qui quo dolorem et quod odio. Velit aut blanditiis modi ad alias tempora blanditiis. Dolor occaecati ut sed. Doloremque fugiat aliquam sit reprehenderit nihil recusandae. Alias et est repellendus. Officiis ab nihil eos cumque eveniet et.', 'https://cdn2.philibertnet.com/456053-thickbox_default/skyjo.jpg'),
(1045, 195, 'sapiente possimus', 'Itaque odit fugit et unde consequuntur. Aut ipsum est perspiciatis quo et eum molestias voluptas. Quisquam velit quis dolorum vel in veniam molestias. Fugit ipsum qui sapiente et rem provident. Nulla aut rerum facere. Veritatis sit alias doloribus provident voluptate. Ab dignissimos cum repellendus id. Omnis tenetur et sint voluptate animi ut vel vel. Eum ad minima odio accusamus. Porro animi libero voluptatem molestiae error. Cum et rem voluptates est aut non sapiente. Eos et doloremque dolor. Libero sunt explicabo adipisci illum illum dolor. Corporis numquam at et esse.', 'https://cdn2.philibertnet.com/527633-thickbox_default/scrabble-deluxe.jpg'),
(1046, 192, 'ullam', 'Optio nisi expedita laudantium in molestias nam expedita. Voluptate voluptatibus nisi quo et. At perferendis quis sequi quia nulla dolor asperiores totam. Aut corrupti ea dolorem dignissimos qui minima fuga. At ipsam nesciunt repellat et. Quia cupiditate dolorum natus et ut ut iusto. Sunt nihil nemo consectetur totam. Dolores qui quia deleniti fugiat nihil amet necessitatibus. Consequatur in veritatis et tempore ex repellendus consectetur. Natus omnis aperiam facilis rem optio reiciendis aut.', 'https://cdn1.philibertnet.com/343934-thickbox_default/7-wonders-duel.jpg'),
(1047, 204, 'mollitia ipsum', 'Id aut a velit. Aut et omnis maxime dolorum vel. Dolor praesentium harum voluptas fugit nobis aut. Alias magni ut consectetur delectus. Et vel sequi adipisci et ut. Pariatur reprehenderit ipsam et earum qui cupiditate. Corrupti facere sunt id nihil aut. Atque culpa necessitatibus et veritatis omnis dolorem qui. Recusandae quia aut harum laborum amet. Sit atque eius quis voluptatem aliquam quod non. Et ut a illum est. Autem est est ducimus sit. Minus quod voluptas libero et sed. Sit voluptas accusamus dolore aut animi aliquid.', 'https://cdn3.philibertnet.com/515898-thickbox_default/7-wonders-architects.jpg'),
(1048, 194, 'ut culpa ratione', 'Incidunt accusamus sint et aut fugiat sint harum rerum. Eveniet ipsam in doloremque est recusandae. Debitis eaque et alias consequatur soluta nobis. Doloremque quis non voluptate et harum cum. Eveniet voluptates est quasi. Non at nihil eos et ipsum. Nisi dolores numquam aut et adipisci. Repudiandae omnis aut veritatis totam tempora quia voluptas ducimus. Quae consequatur voluptas dolores veniam expedita neque. Exercitationem rem tempore et quasi assumenda quam voluptatem.', 'https://cdn3.philibertnet.com/515898-thickbox_default/7-wonders-architects.jpg'),
(1049, 194, 'quo', 'Sequi veritatis architecto dolorum occaecati. Eos quam quia sapiente vel. Ab aperiam sunt ab quisquam qui necessitatibus eum voluptatem. Voluptatum non et totam accusamus omnis ut quia architecto. Non sapiente voluptatibus ea in dolore nihil. Aut voluptatum ratione corrupti non accusantium. Voluptas rerum perspiciatis harum labore praesentium voluptatibus quia. Laudantium debitis quia exercitationem voluptatem ea. Ut dignissimos eos repudiandae dolores vero beatae quia. Voluptas et amet error. Eveniet quos et error accusantium. Dolores est consequatur est qui id.', 'https://cdn2.philibertnet.com/456053-thickbox_default/skyjo.jpg'),
(1050, 204, 'magnam', 'Aut doloremque voluptatem dolorem reiciendis. Itaque praesentium facilis voluptatem. Ut accusantium voluptatibus iste odio. Adipisci porro sit similique rerum. Labore et alias non quasi accusantium eaque. Eligendi non doloremque maiores molestias recusandae aut eos. Beatae facilis qui velit modi facere est voluptatem. Quos esse soluta dolor repellat soluta. Aut vero blanditiis qui sed qui est. Corrupti voluptates quasi quia consequatur commodi autem consequatur. Quas perspiciatis qui ipsa provident eveniet. Provident id ut autem autem.', 'https://cdn2.philibertnet.com/513139-thickbox_default/assassin-s-creed-valhalla-orlog-dice-game.jpg'),
(1051, 197, 'velit quae', 'Pariatur dolor vitae mollitia. Vel odio consequatur porro voluptatum mollitia. Alias perferendis eveniet est nesciunt. Earum voluptas officia omnis corrupti et vero aut. Dolore numquam molestias deserunt deserunt quod accusantium placeat consequatur. Rem vero nostrum non illum aut nostrum. Minus facilis labore sint voluptatem tempore est. Error voluptas quo quis aliquid quidem omnis. Ullam ut expedita provident. Sed magnam aut adipisci ut. Minima illum id ut natus. Nisi recusandae voluptas explicabo maiores qui reiciendis.', 'https://cdn2.philibertnet.com/527633-thickbox_default/scrabble-deluxe.jpg'),
(1052, 192, 'ut exercitationem adipisci totam', 'Adipisci incidunt nihil voluptatum perferendis aspernatur. Velit sint at aliquam sapiente cum dolor. Nihil esse dolorem natus tempore quidem voluptas. Aut blanditiis ut sit minima laborum qui. Quis aut eligendi id ad possimus eos. Iste veniam voluptatem praesentium eos exercitationem. Maxime ab expedita facere voluptates ad in libero. Fugiat exercitationem quo soluta tenetur vitae corporis quis. Blanditiis non natus consequatur qui est.', 'https://cdn3.philibertnet.com/516145-thickbox_default/nouvelles-contrees.jpg'),
(1053, 193, 'facere voluptatem', 'Voluptatibus voluptate repudiandae velit vitae beatae rerum. Quia ea nihil accusamus fuga. Tenetur qui minima autem et facere qui ipsa quo. Aut voluptas cumque quia ut nihil dolor et. Eligendi aut possimus quis impedit velit in soluta voluptatum. Fugiat esse sed est possimus. Eaque tempore voluptas ut consequatur deleniti eligendi. Autem voluptates repellat aut quae. Ducimus occaecati quisquam numquam a qui quia. Quam sit possimus quia sit. Nam quas nisi et est tempora et assumenda.', 'https://cdn3.philibertnet.com/520955-thickbox_default/unlock-game-adventures.jpg'),
(1054, 202, 'voluptatem recusandae ipsa et', 'Qui odio maxime iure sed nemo possimus non. Est nisi ut sapiente necessitatibus quasi id nihil. Minima ut accusantium doloremque praesentium dolor mollitia omnis. Cumque eum explicabo nulla ut nulla quis. Laboriosam repellendus et quam exercitationem accusamus est. Et atque non voluptatum est accusamus sunt. Fugiat qui reprehenderit doloribus aut. Autem sed non expedita est velit. Earum natus et delectus. Vitae et ipsam rerum natus voluptatem ut quos.', 'https://cdn1.philibertnet.com/343934-thickbox_default/7-wonders-duel.jpg'),
(1055, 201, 'quia aut eligendi', 'Quisquam minima asperiores nam est. Aut quod numquam temporibus perspiciatis. Libero animi sapiente non qui et nam quod. Sit ut illum voluptatum et in. Quia autem officia tempore rerum quo id. Quaerat consequatur eos optio magnam dolorem error et qui. Atque in ut aut. Et reprehenderit minima qui aut nostrum minus sed. Consequuntur id ipsum sed et natus ut. Omnis et accusantium nulla animi. Sequi iste molestiae rerum optio. Delectus exercitationem tenetur et deleniti autem. Reiciendis et explicabo ut sit dolore esse.', 'https://cdn3.philibertnet.com/503205-thickbox_default/magic-the-gathering-horizons-du-modern-2-bundle.jpg'),
(1056, 203, 'ipsam ipsa', 'Pariatur et voluptatem amet ipsam expedita. Consequuntur consectetur reprehenderit voluptas. Dolores cumque necessitatibus qui ipsum ut voluptas qui. Dicta quo est quaerat et dolores ut. Corrupti id laboriosam non. Quae a eligendi fugiat ipsum et. Sit sit qui dicta voluptatem qui velit. Et minus dicta ipsa omnis ad voluptatem delectus. Aut autem similique eligendi aut dolore minima et. Et nulla molestiae autem pariatur. Nulla atque est excepturi voluptas. Dolor expedita ut in non corporis et. Qui soluta in autem ab quos dignissimos. Reprehenderit nulla mollitia iure ullam.', 'https://cdn3.philibertnet.com/516145-thickbox_default/nouvelles-contrees.jpg'),
(1057, 198, 'at', 'Qui veniam ratione sit sequi enim. Eveniet numquam omnis qui deleniti est quia fuga illum. Magni sed perferendis tempore. Porro autem saepe nemo id vero unde. Reiciendis in ut assumenda. Dolores et veniam quia expedita atque quo. Eveniet et provident delectus enim ut et. Temporibus vero et repellat nobis nemo. Fugit eos itaque rem repudiandae unde. Ut in assumenda a cum. Ipsam cumque amet consequuntur maxime error. Sed delectus delectus maxime ut est id. Aliquid eum quas doloremque voluptate voluptas architecto ullam. Et accusantium mollitia qui pariatur.', 'https://cdn2.philibertnet.com/522703-thickbox_default/terraforming-mars.jpg'),
(1058, 190, 'iure nostrum', 'Sed aliquam laudantium est eum in vitae ut. Et aut iure ipsum. Ut cumque quia mollitia dolore qui neque. Voluptatem et in nihil eius nisi. Consequatur sit et qui nihil molestias et cumque. Nobis quidem facilis enim qui non unde nihil a. Culpa ut voluptates distinctio dolorem possimus assumenda maiores nulla. Ab autem ratione officiis. Qui est temporibus praesentium voluptate. Deserunt dolorem quibusdam unde veniam similique facilis. Rerum atque quia consequuntur fugiat fugit aut odio veniam.', 'https://cdn2.philibertnet.com/522703-thickbox_default/terraforming-mars.jpg'),
(1059, 193, 'quidem', 'Doloribus corporis enim rerum veritatis facilis quisquam. Voluptatem qui et ratione ducimus ipsam. Voluptas repellat voluptas perferendis ipsa saepe. Quis ut voluptatem et cumque in rem possimus. Voluptates labore ea dolore sit. Temporibus ut pariatur veritatis corrupti eveniet qui. Aut reprehenderit ad dolores illo ipsum qui. Maxime voluptatem quasi aliquam illo aliquid earum eius. Provident id sed et tenetur itaque aut consequuntur. Libero non sunt saepe illo iusto et eos. Facilis est doloribus delectus dignissimos. Asperiores eum illo voluptatem accusamus doloremque.', 'https://cdn3.philibertnet.com/472228-thickbox_default/the-crew.jpg'),
(1060, 191, 'aut', 'Ipsa eius ipsum earum modi. Et veniam velit at ut officiis nobis. Repudiandae ut magnam aut rem. Exercitationem hic quidem iste temporibus culpa ipsam. Eos facilis est eum assumenda dolorum. Et quo aut ut occaecati ipsum doloremque dolorum. Laudantium at tenetur doloribus rerum quae non neque aut. Ducimus deserunt architecto minima expedita. Inventore aliquam consequatur quasi voluptates ex. Id deleniti rerum ex id temporibus quas. Suscipit eos consequuntur nulla omnis quia qui.', 'https://cdn3.philibertnet.com/515898-thickbox_default/7-wonders-architects.jpg'),
(1061, 200, 'voluptates asperiores iste qui', 'Assumenda laboriosam molestias quia iste nihil exercitationem cupiditate. Aliquid velit at debitis repudiandae nam perferendis. Officiis quasi earum laboriosam aliquid. Quasi et quis dolore tenetur voluptas delectus inventore. Dolores doloremque ex enim optio. Id inventore nemo sapiente quas quibusdam. Nihil saepe asperiores sint ipsum dignissimos tempora sed ducimus. Rerum fugit in neque ea vero. Fugit eum commodi et eos earum. Cupiditate tempora ex sint illum nisi ut. Sequi voluptatem sequi autem placeat.', 'https://cdn3.philibertnet.com/525941-thickbox_default/harry-potter-bataille-a-poudlard-extension-sortileges-et-potions.jpg'),
(1062, 203, 'dicta officiis', 'Aut omnis velit inventore quia in illum. Incidunt quia consectetur eligendi eos neque quo. Deserunt eius ea consequuntur. Vitae quia impedit consequuntur repudiandae. Cum occaecati molestias quidem error magnam reiciendis velit. Nesciunt labore molestias dicta velit repellendus. Dolorem incidunt ea qui doloremque nihil eligendi facilis iusto. Consectetur qui omnis expedita repudiandae beatae distinctio. Quo consequatur in qui. Error ad et voluptatem atque quisquam harum. Esse tempora doloribus eum temporibus. Nisi et tempore sed ex est corrupti.', 'https://cdn3.philibertnet.com/515898-thickbox_default/7-wonders-architects.jpg'),
(1063, 195, 'sed', 'Ad consequuntur quisquam est voluptates earum quis. Voluptatem qui quae et ea reprehenderit praesentium quo. Neque cumque rerum aliquid et. Corrupti ut veniam excepturi similique. Corporis non est dolore harum ex. Eligendi sint omnis minus cupiditate. Qui quae incidunt labore harum non. Ipsum reprehenderit qui voluptatem placeat ratione. Dolorem odit facilis provident molestiae officia. Vero veniam eligendi repudiandae qui eveniet. Inventore in labore nobis. Non ducimus quo iste ab. Nisi veritatis iure corrupti. Cumque repellat quidem est ut.', 'https://cdn1.philibertnet.com/494838-thickbox_default/marvel-champions-le-jeu-de-cartes-convoitise-galactique.jpg'),
(1064, 191, 'rerum doloribus', 'Ut eum officia omnis. Praesentium eveniet magni cumque ea. Aliquid consectetur dolores voluptatum quam et sit ratione. Dolor repudiandae reprehenderit officiis dignissimos dicta et. Et quasi ratione explicabo quaerat corporis. Aspernatur omnis odio ab repellat eligendi enim aut. Non fuga tempora dolor voluptatem sed est accusamus. Omnis voluptas soluta est. Asperiores similique non odit neque. Assumenda similique rerum quod officiis est. Totam aut odio ad non recusandae. Voluptate quidem minima officia sint occaecati excepturi. Itaque eaque aut explicabo illum voluptas velit.', 'https://cdn1.philibertnet.com/375938-thickbox_default/monopoly-classique.jpg'),
(1065, 201, 'optio', 'Magni laborum voluptatem numquam et hic. Reiciendis iure veniam aperiam in et consequuntur beatae et. Sit iure enim ut maiores enim itaque sunt. Pariatur eum necessitatibus aut dolorem ipsum. Porro quod quia aliquam dolore. Qui explicabo libero sunt ut. Ipsa necessitatibus eveniet error est. Sunt animi mollitia et optio pariatur molestiae non. Est animi aliquid et non. Alias vero sed quae maiores exercitationem quibusdam. Voluptate eos dolorem quasi repellendus sunt. Aliquid vitae velit eaque consectetur hic iste rerum. Mollitia soluta aspernatur animi minima tenetur quasi aut.', 'https://cdn2.philibertnet.com/305958-thickbox_default/uno.jpg'),
(1066, 202, 'ut vero neque', 'Voluptatem voluptatibus consequatur iusto et. Qui nisi adipisci laborum ut est. Magnam odit dolorem beatae repellat enim ipsam. Ducimus dolores minima assumenda dolor. Tempora et impedit non ipsam saepe. Autem voluptas sint aspernatur debitis et. Sint molestiae quaerat odio et perferendis. Atque recusandae veritatis harum nesciunt odit. Qui quas laborum accusamus dolorum omnis fuga non. Nemo nisi eligendi dicta. Non unde commodi reprehenderit excepturi eaque quod.', 'https://cdn2.philibertnet.com/305958-thickbox_default/uno.jpg'),
(1067, 201, 'a illum cum', 'Quod aut accusamus vel ducimus id. Officiis officiis asperiores cum labore maiores officia quo. Iure fugit maxime debitis officia ut est. Neque voluptas eaque sequi numquam eius quod non. Natus eveniet placeat fugiat cupiditate. Qui unde ab nihil aut minus qui dolores. Rem iure velit minima dolorum in voluptatibus. Consequuntur dolorum quia assumenda sed illum. Voluptatem non illo perferendis deleniti soluta et. Quia doloribus fuga sint dignissimos omnis officia iste. Tempora aut inventore et ab. Sit magni et ea et.', 'https://cdn2.philibertnet.com/513139-thickbox_default/assassin-s-creed-valhalla-orlog-dice-game.jpg'),
(1068, 199, 'quae itaque quaerat ea', 'Omnis dolor officiis aut minima nemo. Porro voluptatem molestiae laborum vero. Necessitatibus consequatur quia quam voluptates cumque a aut. Modi modi voluptates facere consequatur. Rerum maiores aut neque dolorem vero. Sunt excepturi velit porro fuga. Aut et atque fuga sit commodi. Sapiente explicabo aut eligendi unde quia voluptatem dolor eligendi. Eligendi est magnam ut distinctio et tempore. Reprehenderit nisi dolorem aut et. Ea voluptate odio veniam dolor neque. Quo a enim sapiente quo aut beatae nulla. Quam vel quisquam sapiente quisquam suscipit. Rerum rerum nisi architecto modi.', 'https://cdn3.philibertnet.com/516145-thickbox_default/nouvelles-contrees.jpg'),
(1069, 193, 'aut nesciunt', 'Temporibus fuga sint nihil accusantium quia. Sit consectetur debitis similique quis aliquid assumenda ut. Neque aliquid eum rerum ipsum. Rerum ad blanditiis eius qui hic incidunt. Eligendi minima ut aut neque. Assumenda dolor nostrum quis itaque totam. Nobis numquam rerum voluptas eos molestiae. Inventore reiciendis in est doloribus aliquid est non voluptatibus. Ex omnis tempore et odio et dolores dolores rerum. Cupiditate tempore libero modi. Dolorem et eaque doloribus animi sit culpa impedit. Ducimus sequi voluptatem ex architecto ea suscipit.', 'https://cdn1.philibertnet.com/375938-thickbox_default/monopoly-classique.jpg'),
(1070, 203, 'commodi unde et deserunt', 'Quis molestias non nulla id dolore soluta beatae asperiores. Omnis a vitae in. Non et quis velit. Non laboriosam eos assumenda illum expedita autem id. Odio expedita eaque excepturi ab ullam. Sed dolorum fuga tenetur maiores atque et. Eos magnam corrupti eos animi quo. Et perferendis sed nihil error. Fugiat quo rem fuga voluptas. Neque labore voluptas qui a. Quo quo deleniti recusandae iste necessitatibus dignissimos sint maiores. Occaecati fugiat accusamus consequatur ullam ipsam. Asperiores maiores mollitia inventore adipisci labore sit. Alias temporibus vitae et corporis.', 'https://cdn3.philibertnet.com/515976-thickbox_default/world-of-warcraft-wrath-of-the-lich-king-a-pandemic-system-board-game.jpg'),
(1071, 197, 'perferendis quia et', 'Quisquam vitae voluptatem sunt alias sunt nulla. Et sint eum cum. In quaerat hic excepturi saepe officia. Qui exercitationem aut voluptates. Excepturi et ducimus illo eos dignissimos. Voluptas veniam exercitationem enim. Et quibusdam omnis quidem fugiat. Labore sunt error similique nihil eaque impedit vel. Officia officia cupiditate animi velit architecto autem natus. Ut cumque cum consequatur est sed odio sed earum. Ipsam illum non nulla et non et qui. Repellendus atque quia cum nisi. Laboriosam et suscipit rerum ut omnis tempora fuga. Ad autem explicabo quo reiciendis qui nihil.', 'https://cdn3.philibertnet.com/520955-thickbox_default/unlock-game-adventures.jpg'),
(1072, 204, 'maxime aliquid', 'Ad aspernatur recusandae est sit quisquam id facere. A totam et inventore perferendis itaque. Id ea amet ipsum accusantium fugiat consectetur. Cum qui rerum aut et est. Unde voluptatem distinctio aliquid. Fuga veritatis non temporibus corrupti. Asperiores accusantium rerum et dolorem. Sit quas deleniti qui quia omnis. Deleniti omnis harum nostrum ab quas suscipit ut. Ut fuga sequi qui nesciunt. Temporibus qui possimus est ut error amet animi. Id itaque dolorem ratione dolorem odio. Quia alias dolores inventore. Iusto rerum ut quod inventore. Cumque eligendi quisquam sed ea voluptas.', 'https://cdn2.philibertnet.com/522703-thickbox_default/terraforming-mars.jpg'),
(1073, 203, 'ad et', 'Tempora laborum rem repudiandae excepturi illum inventore. Quia iure veniam sint architecto. Ab sit ut blanditiis dolor odio rerum iste. Quibusdam esse non et molestiae ea. Maiores voluptatem ducimus est accusamus. Voluptatem consequatur qui voluptates incidunt molestiae illum sed. Dolore assumenda quo est aut. In repellendus recusandae sit sit quisquam ullam corrupti molestiae. Quia vel qui nihil similique quidem sed itaque. Illum sed odio autem aut placeat. Et dolorum explicabo eaque delectus ea. Dolores distinctio nemo velit. Labore aut beatae veniam et alias esse.', 'https://cdn2.philibertnet.com/527633-thickbox_default/scrabble-deluxe.jpg'),
(1074, 200, 'accusantium beatae magnam', 'Velit occaecati nobis nisi qui perferendis aperiam qui ut. Ipsa voluptatem dolores rerum earum optio sed. Consequatur quas rerum a adipisci placeat ut est consequatur. Id nam repudiandae numquam mollitia et natus quia ab. Culpa aliquid quo accusantium ipsa nulla quia perferendis. Facere aliquid harum ad rem doloribus similique non. Aut in architecto dignissimos ipsa eum cumque ut. Ut ut ipsa rerum ea voluptate est aut. Provident eveniet aperiam sunt voluptate nihil. Autem et quas nesciunt minima voluptates atque. Quia ipsum et eligendi sapiente.', 'https://cdn2.philibertnet.com/456053-thickbox_default/skyjo.jpg'),
(1075, 203, 'at sit', 'Reprehenderit est qui ab asperiores voluptas eum qui. Excepturi et quis natus. Similique pariatur sit voluptas totam. Sunt reprehenderit omnis necessitatibus recusandae aut perferendis. Quia aut hic et quisquam. Voluptatem sit possimus doloremque sequi architecto laborum in. Quam minima reprehenderit perspiciatis expedita. Reprehenderit aut illum laboriosam dicta consequatur. Dolor hic dolores est dolor dolores quisquam dolores. Nulla amet et quas qui quia explicabo. Reprehenderit minus libero tempora eum labore.', 'https://cdn2.philibertnet.com/516904-thickbox_default/le-seigneur-des-anneaux-voyages-en-terre-du-milieu-guerre-ouverte.jpg'),
(1076, 203, 'omnis necessitatibus', 'Iure quia fugit qui magnam est. Quae et consequatur quo id voluptates provident. Esse vel dignissimos ut itaque. Illum ut sunt recusandae enim voluptatem eveniet. Vero doloremque ipsam cum accusamus est. Ut id nobis et sit et dolores maiores debitis. Labore veniam aliquam voluptatem incidunt officia. Eum quibusdam illum commodi aut voluptate porro praesentium. Non aperiam soluta illo quae molestiae repellat et. Voluptatem quia est nemo quas. Facere sed qui quaerat omnis ea eaque.', 'https://cdn3.philibertnet.com/515898-thickbox_default/7-wonders-architects.jpg');
INSERT INTO `board_game` (`id`, `category_id`, `name`, `description`, `picture`) VALUES
(1077, 190, 'eius est deserunt', 'Veritatis ea ut eum rerum. Adipisci est qui omnis sed doloribus reprehenderit modi. Mollitia in sit magni quam nisi dicta. Ea unde reiciendis ut itaque soluta. Qui facere quidem consequuntur itaque quisquam deleniti voluptates. Aut velit sit perspiciatis nobis molestiae eveniet officiis. Incidunt reiciendis quia dolorem cumque placeat eos. Ipsum id temporibus autem ipsa exercitationem quia voluptates. Aliquid ratione asperiores iure voluptatem libero cum. Qui aperiam nihil quia reiciendis consequatur quas odio. Vel aspernatur dolor totam sed quia provident eum.', 'https://cdn2.philibertnet.com/516468-thickbox_default/saint-seiya-le-jeu-de-deckbuilding-poseidon.jpg'),
(1078, 193, 'molestiae qui', 'Voluptates similique tempora praesentium sit velit. Asperiores quia et dolores commodi. Distinctio quas molestias necessitatibus rem. In cum sed aliquam. Rerum accusamus omnis eos dolore perferendis vel. Ipsa consectetur ipsam nemo quia adipisci impedit enim. Molestiae iusto sit ut labore. Veniam perspiciatis adipisci ratione laboriosam et totam. Voluptatem ut officia quia. Iste laborum aut soluta dolorum veniam ut. Sit ratione sit error architecto vel possimus. Nostrum aperiam molestiae doloremque debitis quis ex. Optio qui rerum non repellendus dicta nulla perspiciatis.', 'https://cdn2.philibertnet.com/513139-thickbox_default/assassin-s-creed-valhalla-orlog-dice-game.jpg'),
(1079, 192, 'repellat aut dolorem autem', 'Delectus ducimus eum non dolores voluptatum a omnis. Tenetur quasi temporibus voluptas sequi labore quas rerum. Cum dolores labore tempore voluptatibus voluptatem odio libero. Iure iure voluptatibus soluta. Dolorem illo enim a adipisci. Numquam in saepe dolorum. Adipisci cupiditate saepe architecto et quam corporis quia. Et id minus at quo dolor dolor. Quo at iure porro est. Rem velit nisi autem sit rerum rerum rem. Laborum illo dolore soluta. Hic corporis a quis in veniam veritatis rerum.', 'https://cdn2.philibertnet.com/516904-thickbox_default/le-seigneur-des-anneaux-voyages-en-terre-du-milieu-guerre-ouverte.jpg'),
(1080, 195, 'eos', 'Molestiae magnam inventore qui facilis facilis et minus eum. Nemo saepe illo totam officia. Dolor voluptatum quis ex modi rerum. Atque aliquam modi assumenda. Et expedita quidem quam qui. Nesciunt quia nisi voluptates natus rem quasi ea. Atque dicta est nostrum aut quis. Praesentium reprehenderit expedita occaecati iste aut aperiam. Dolorem aperiam asperiores odit et dolorem rerum molestiae molestias. Alias ex repellendus excepturi officia laudantium. Adipisci tempore mollitia veritatis quisquam rerum. Et doloremque ut blanditiis explicabo.', 'https://cdn2.philibertnet.com/456053-thickbox_default/skyjo.jpg'),
(1081, 202, 'ad eos autem nemo', 'Dolor laborum illo dolor id ex. Est soluta dolores est delectus voluptatibus adipisci. Sit earum animi quas corrupti velit. Labore odit libero ipsa. Nam eligendi dignissimos eligendi suscipit quasi quia alias. Consequatur corrupti enim quia. Dolorum corrupti mollitia sit enim in. Ad minima distinctio commodi magnam. Dolorem dignissimos facere dolor ducimus. Sed deserunt accusamus eaque quaerat velit est quia. Eum non ex suscipit eos unde nihil. Et quas ipsum doloribus ad.', 'https://cdn3.philibertnet.com/515976-thickbox_default/world-of-warcraft-wrath-of-the-lich-king-a-pandemic-system-board-game.jpg'),
(1082, 204, 'voluptatem sunt rerum velit', 'Sequi qui velit id laboriosam veniam consequuntur. Voluptas molestiae nam autem eaque. Et molestias harum voluptas alias perferendis possimus. Et consectetur et voluptate rerum. Exercitationem odio deleniti aperiam reiciendis ea deserunt. Quia sint neque est nulla facere illum. Facilis occaecati laudantium ullam ipsa tempore possimus. In et aspernatur autem quia et. Et porro consequatur harum ut minima non. Quis molestias odit hic possimus.', 'https://cdn2.philibertnet.com/513139-thickbox_default/assassin-s-creed-valhalla-orlog-dice-game.jpg'),
(1083, 197, 'vel laboriosam', 'Exercitationem vel qui nostrum dolor explicabo dolor aut cupiditate. Totam fugit corporis placeat quia ipsa accusamus et. Sed fuga iure nesciunt accusantium tempora eaque. Eum provident ipsa quae ut amet sapiente. Id quis molestias dolorum. Ut at temporibus eaque molestiae minima reprehenderit ut. Omnis consequuntur aliquam dignissimos beatae laboriosam nihil amet illo. Culpa qui debitis molestiae molestiae sed sed. Hic exercitationem nobis autem labore eaque aut.', 'https://cdn3.philibertnet.com/515898-thickbox_default/7-wonders-architects.jpg'),
(1084, 190, 'dolorum voluptates modi quia', 'Accusamus ducimus eaque eligendi molestiae. Repudiandae eligendi vel in earum labore ipsum. Delectus maiores natus et iure repellendus dolores. Saepe distinctio consectetur quisquam et. Aperiam enim quis aut corporis. Excepturi rem fugit non deleniti laborum minus. Quasi in consequatur rerum corporis commodi nihil. Voluptatem voluptatem aspernatur est labore assumenda iusto. Sunt id ea totam. Omnis quo cumque error repellat. Perspiciatis accusamus maxime odio delectus. Et tempore officiis qui sunt est omnis laborum ipsa. Ut atque natus deserunt tempore.', 'https://cdn3.philibertnet.com/516145-thickbox_default/nouvelles-contrees.jpg'),
(1085, 200, 'enim dolor eos alias', 'Aliquam nemo repudiandae sed rerum non. Molestiae et ab placeat quibusdam accusamus aut velit. Maiores assumenda magnam consequatur ipsa sint aperiam. Expedita et consequatur eos labore illum. Enim et sed aspernatur debitis. At sit fugit deleniti sed omnis consequatur. In veniam facilis et reprehenderit libero. Dolor vitae sed dolorem esse. Dolores minima dolor asperiores vel quo aperiam. In veritatis iusto inventore qui officia culpa quod.', 'https://cdn1.philibertnet.com/494838-thickbox_default/marvel-champions-le-jeu-de-cartes-convoitise-galactique.jpg'),
(1086, 194, 'itaque', 'Fugiat non consectetur esse illo cupiditate. Fugiat et adipisci voluptatem doloribus dolor molestiae. Ad aspernatur natus maxime officia. Dolorum amet distinctio voluptates. Nisi est suscipit sed magnam. Dignissimos qui laborum velit aperiam voluptatem. Delectus aut modi possimus dolor eum consequuntur exercitationem. Mollitia hic quisquam labore nemo velit velit. Quasi repellat beatae est vel. Ipsa sint et non. Sed inventore in voluptatem aliquid. Numquam explicabo nobis aperiam ut.', 'https://cdn2.philibertnet.com/305958-thickbox_default/uno.jpg'),
(1087, 197, 'provident dolores odit', 'Et blanditiis deleniti modi recusandae. Quos recusandae ut molestiae. Libero necessitatibus ducimus velit quae. Velit voluptatum et rerum modi omnis esse. Doloremque saepe quam doloribus sint doloremque doloribus dolor. Quis magnam omnis eum sunt quas. Atque sint dolor laudantium facere quia nihil quia. Et ut nesciunt laboriosam eos tempore inventore dolores quo. Ducimus provident dolore quaerat officiis placeat molestiae. Commodi molestiae nulla velit omnis sed amet architecto. Provident dicta dignissimos tempore et voluptatem sed dolorum.', 'https://cdn3.philibertnet.com/503205-thickbox_default/magic-the-gathering-horizons-du-modern-2-bundle.jpg'),
(1088, 192, 'a inventore dolor', 'Eligendi dolores voluptatibus earum sint. Omnis error reiciendis est ut molestias. Sunt minus ut est sed eaque repellat dolore aut. Id earum qui repudiandae dolorum sequi. Ipsa nulla quaerat culpa ducimus consequuntur. Repellat tempore omnis nisi eum ut. Voluptatem commodi facere voluptatem aliquid et. Molestiae dicta incidunt et ut. Voluptatem eos ea ab voluptates itaque error voluptatem quia. Quod sed nam aut et optio totam et. Perspiciatis dolores voluptates quisquam esse. Dolor tenetur explicabo sit sed. Culpa est non quasi rem. Atque minima quia sunt earum.', 'https://cdn2.philibertnet.com/516904-thickbox_default/le-seigneur-des-anneaux-voyages-en-terre-du-milieu-guerre-ouverte.jpg'),
(1089, 195, 'ullam', 'Ea totam voluptas sit sapiente. Ipsa et et molestiae maiores itaque. Fugit voluptate sint aut incidunt veniam qui odio voluptatum. Culpa sunt autem maiores facere eos quia itaque. Veritatis autem nam autem quis. Quo quis voluptas provident voluptate. Est deserunt eum delectus. Totam eos dolores perferendis maiores. Omnis magni reprehenderit sed animi odio in. Omnis modi voluptates odio non qui. Iusto dolores nihil ut tenetur quasi ut. Laudantium praesentium dolorem porro in cupiditate sapiente et alias. Et fuga repellendus dicta aut.', 'https://cdn1.philibertnet.com/375938-thickbox_default/monopoly-classique.jpg'),
(1090, 203, 'dolor modi est voluptatum', 'Reiciendis amet iure iure architecto sint accusamus reprehenderit aut. Corrupti architecto excepturi natus veniam quis praesentium et. Error dolore architecto aut incidunt illum non et. Ea itaque eum dolores iusto ipsam. Nisi et eum voluptatum modi. Officia ipsam facilis aut nulla distinctio sint. Consectetur aspernatur assumenda a enim nostrum. Nisi qui nemo pariatur. At tempora quasi commodi. Odio nulla voluptas quae et. Animi sint repudiandae suscipit vel illo sunt deserunt. Vitae voluptates incidunt non odit. Id est sequi ut et commodi dolorem nemo enim.', 'https://cdn2.philibertnet.com/527633-thickbox_default/scrabble-deluxe.jpg'),
(1091, 201, 'quo id consequuntur repellat', 'Laboriosam quasi autem quibusdam error aperiam. Sint in sit et. Sapiente aut et nesciunt voluptatem et. Repudiandae et vitae qui dolores id. Esse et animi ex. Ratione consequuntur doloremque voluptas. Cum enim a ab rerum voluptatem vel. Porro doloribus magnam nisi eveniet cumque ut. Voluptatum nesciunt dolores aut reiciendis commodi facilis. Blanditiis dolore est exercitationem esse cupiditate culpa. Veritatis et totam et atque consectetur corporis ut. Est cum voluptatem aut expedita deleniti voluptates.', 'https://cdn3.philibertnet.com/525941-thickbox_default/harry-potter-bataille-a-poudlard-extension-sortileges-et-potions.jpg'),
(1092, 191, 'porro tenetur accusamus', 'Quasi sint animi quod autem. Iste et perferendis placeat molestiae aliquam dicta. Accusamus magni nesciunt et enim autem sapiente. Aliquam tempore eveniet quibusdam sint esse et. Aliquam repellat porro et ad dolorem reprehenderit nostrum. Harum suscipit sed neque et consequatur deserunt ipsa. Sed adipisci iusto reiciendis voluptas sint. Quibusdam qui quidem est. Sed enim occaecati et. Dignissimos quia reprehenderit minus excepturi. Fuga architecto quo impedit earum esse odio laborum.', 'https://cdn3.philibertnet.com/520955-thickbox_default/unlock-game-adventures.jpg'),
(1093, 195, 'voluptas qui magni veniam', 'Fuga totam non et ut nostrum. Nam minus ratione fugit soluta. Qui illo veritatis eos in. Sed maiores dolor sed laborum aut labore dolorem quaerat. Quia maiores velit hic sunt dolorem perspiciatis. Dignissimos repellendus est itaque adipisci et voluptates iste. Vel et ratione et doloribus quidem autem. Neque excepturi culpa rerum et qui non. Ea expedita est nostrum sunt. Quisquam ullam in numquam fugiat. Possimus quia explicabo quia. Mollitia eligendi qui ea dolores impedit et.', 'https://cdn3.philibertnet.com/515976-thickbox_default/world-of-warcraft-wrath-of-the-lich-king-a-pandemic-system-board-game.jpg'),
(1094, 204, 'veniam molestias', 'Impedit non itaque sit nisi minus. Labore minus libero laborum expedita. Error dolorem iure ad praesentium sapiente. Libero et possimus maxime quidem odio expedita sunt. Dolore repellat velit est. Quaerat minima eligendi rerum sint. Ea repellendus ipsum incidunt. Deserunt aliquid voluptas eos mollitia aperiam nesciunt laudantium. Voluptatem tempora saepe possimus maxime cupiditate fugiat ratione. Et quam aspernatur ut magni et quisquam ut vel. Voluptas ut iusto quasi voluptatibus eveniet aspernatur.', 'https://cdn2.philibertnet.com/456053-thickbox_default/skyjo.jpg'),
(1095, 201, 'eum ad quod', 'Recusandae necessitatibus laboriosam consequatur. Qui eaque qui suscipit provident repudiandae aut non. Nesciunt est voluptate ut ut ab cumque unde. Enim id impedit dolore sed. Quia ab labore non nihil repellendus qui et ut. Pariatur rerum sit labore deserunt aliquid. Fuga aliquid vitae perspiciatis doloribus qui earum nam. Nisi sunt pariatur eaque voluptatem quasi possimus esse ut. Ut dolor eos officia vel. Deserunt iusto beatae sed quis in est amet. Aspernatur atque ullam magni. Aut in minus assumenda quia reiciendis.', 'https://cdn2.philibertnet.com/527633-thickbox_default/scrabble-deluxe.jpg'),
(1096, 193, 'repudiandae debitis sit', 'Dolores ipsum amet nam omnis. Dolorem quo exercitationem eius eaque nesciunt non. Minima omnis eos ad a accusamus et. Quia odio minima ut quibusdam. Dolor eum et omnis ut at nihil aut. Repellat in nobis aperiam qui minima cumque. Molestiae repellendus quis voluptates animi. Eos molestiae repellendus et. Vitae dignissimos fugit et. Minima dolorum quia quae molestiae optio deleniti nostrum. Maxime sunt rerum est. Quod corrupti nulla repellendus ut accusamus praesentium.', 'https://cdn2.philibertnet.com/516468-thickbox_default/saint-seiya-le-jeu-de-deckbuilding-poseidon.jpg'),
(1097, 196, 'labore', 'Voluptatem laudantium cum expedita doloremque voluptas rerum officia. Numquam est repellendus deleniti vero quia. Dolorem consequatur consequatur minima aperiam repellendus. Natus laudantium ullam illum omnis occaecati repellendus voluptatibus. Autem nisi natus et et hic qui voluptate repellendus. Repudiandae ut vitae voluptate. Occaecati ut officiis ut dolores animi aliquid. Consequuntur laudantium veritatis distinctio eum. Officiis eos fugit ducimus delectus dolores. Distinctio dicta reiciendis animi voluptatem.', 'https://cdn1.philibertnet.com/521033-thickbox_default/kingdomino-origins.jpg'),
(1098, 190, 'corrupti cum', 'Natus eos dicta aut et eligendi nulla. Omnis et ducimus quos ratione quia. Cupiditate ut mollitia est sed qui commodi. Quam magni voluptatem eos. Totam cumque laborum dolores et. Quaerat blanditiis unde eius dolores. Et et quibusdam sunt. Aut expedita error et quia possimus neque. Ipsa rem et eius est impedit. Odit delectus et quo doloremque nihil optio esse ipsum. Nesciunt enim sint libero et qui minima iste. Vel nesciunt molestiae debitis tempore ut. Mollitia corporis enim voluptate sit repudiandae omnis magnam.', 'https://cdn1.philibertnet.com/494838-thickbox_default/marvel-champions-le-jeu-de-cartes-convoitise-galactique.jpg'),
(1099, 193, 'voluptatum dolorum at', 'Velit est est modi. Autem aut laborum id expedita voluptatibus autem cum. Quo accusamus voluptatem perspiciatis nostrum. Voluptatem consequatur nemo neque quod quia occaecati et. Debitis quae veritatis necessitatibus molestias omnis possimus aut in. Esse quia voluptatem sit provident. Nobis assumenda ad animi ratione fuga maiores debitis. Culpa provident amet tempora sit saepe praesentium aut et. Ea modi sapiente at error aut. Quisquam vel rem neque dolores cum impedit. Repellendus blanditiis illum aperiam quidem dolor. Adipisci architecto sit accusamus reprehenderit.', 'https://cdn2.philibertnet.com/524668-thickbox_default/les-aventures-de-robin-des-bois.jpg'),
(1100, 197, 'molestias et', 'Quisquam labore consequatur et vel ut corporis aut. Magni saepe voluptates a reprehenderit aspernatur. Est tenetur alias delectus quasi nulla ut officiis. Nemo aut libero quo omnis ea nemo nam quas. Illo amet voluptatem consequatur ipsa nobis aspernatur et. Eligendi dolores nam aut et reprehenderit sunt. Eveniet ipsam aut libero rerum. Accusamus culpa omnis dolor voluptas qui amet. Sequi sunt iure dolore dignissimos omnis numquam ut. Suscipit nihil possimus quaerat sapiente facere. Id architecto vero molestias necessitatibus est at est. Corporis incidunt cupiditate est nisi.', 'https://cdn3.philibertnet.com/516145-thickbox_default/nouvelles-contrees.jpg');

-- --------------------------------------------------------

--
-- Structure de la table `board_game_category`
--

CREATE TABLE `board_game_category` (
  `id` int(11) NOT NULL,
  `name` varchar(50) COLLATE utf8mb4_unicode_ci NOT NULL
) ENGINE=InnoDB DEFAULT CHARSET=utf8mb4 COLLATE=utf8mb4_unicode_ci;

--
-- Déchargement des données de la table `board_game_category`
--

INSERT INTO `board_game_category` (`id`, `name`) VALUES
(188, 'Jeu de dés'),
(189, 'Jeu d\'adresse'),
(190, 'Jeu d\'ambiance'),
(191, 'Jeu de cartes'),
(192, 'Jeu de plateau'),
(193, 'Jeu de mémoire'),
(194, 'Jeu de connaissance'),
(195, 'Jeu de lettres'),
(196, 'Jeu de logique'),
(197, 'Jeu de pions'),
(198, 'Jeu d\'enquête'),
(199, 'Jeu de coopération'),
(200, 'Jeu de bluff'),
(201, 'Jeu de stratégie'),
(202, 'Jeu de gestion'),
(203, 'Jeu de hasard'),
(204, 'Jeu de rôle');

-- --------------------------------------------------------

--
-- Structure de la table `booking`
--

CREATE TABLE `booking` (
  `id` int(11) NOT NULL,
  `event_id` int(11) NOT NULL,
  `user_id` int(11) NOT NULL,
  `reference` binary(16) NOT NULL COMMENT '(DC2Type:uuid)'
) ENGINE=InnoDB DEFAULT CHARSET=utf8mb4 COLLATE=utf8mb4_unicode_ci;

--
-- Déchargement des données de la table `booking`
--

INSERT INTO `booking` (`id`, `event_id`, `user_id`, `reference`) VALUES
(351, 779, 4147, 0x342f807ad8e23ed580c3dcb7108e4118),
(352, 710, 4016, 0x06e8e925a8f7322a84a0bc47d8117838),
(353, 763, 4033, 0xb8974d489df53b97a024fa60e2c82981),
(354, 721, 4486, 0x62138c97f2e43676a897509832bc1371),
(355, 704, 4461, 0x214165410dae33d580db33f0b0b34941),
(356, 738, 4147, 0x8f48a97e619a3b718bd030f04aaa77b1),
(357, 793, 4481, 0x622af42e98a73613b3c38bb46cdb3529),
(358, 722, 4491, 0x36842056602e3b9582ffba9f826d08de),
(359, 704, 4283, 0x57b7c1500fef3e81a9a0f8c49fcdc09b),
(360, 781, 4498, 0x0e4949a8afcf3a06aac5120030164b4f),
(361, 777, 4441, 0x8a0d5daab1103f5fbe9681695b27ad1d),
(362, 777, 4005, 0x97c5b338f65f3ead83c14fcc8f5dc4e5),
(363, 751, 4424, 0x9147a19fb4c0315687912b12cc13dac5),
(364, 706, 4434, 0x6ad5c1748fdf31d2866517591b910c2d),
(365, 730, 4132, 0x25a65b966d3a30c29eecff8607085690),
(366, 759, 4173, 0x06b6a5ff8f6234c9ab0ee3228b40e6d4),
(367, 718, 4029, 0xb13e441544df363285d11e0b9902ce16),
(368, 741, 4186, 0x3ff757f4dc5e34fc9437d7b3c4fb72e5),
(369, 767, 4192, 0x24104430f1f836e7987990f0fb591c95),
(370, 755, 4252, 0xc5b82f8259ee3457b9ca4118686be03c),
(371, 731, 4221, 0xdafd9a1f1e4e32849e6eaff0a1090004),
(372, 707, 4169, 0x69561f5e34b3320b93908b61d684069e),
(373, 704, 4296, 0x283a2a216d2f3e69953fb04dc7bafb29),
(374, 777, 4232, 0x064626412e023fcb93448cdda62f85b8),
(375, 790, 4007, 0xa567da3365e539b9b53c4890d550311f),
(376, 796, 4126, 0xe7011e5250ac31ddbbdb194ead9f7238),
(377, 775, 4055, 0x015ebdea6f7438d8a3696c35699f683e),
(378, 791, 4068, 0x74df3c7634f43273b17c333afdc0f6bc),
(379, 762, 4209, 0x0356304bdcf234e8a8864257c8b8ea2b),
(380, 759, 4417, 0xa0bd4dc57ec038dba1331cbc9c1894b0),
(381, 761, 4099, 0x7821412564d635edbdd3c652702de7ea),
(382, 757, 4245, 0x0fa5a3ba61be3e318c5da00381d799ba),
(383, 754, 4332, 0x3f957b09e57d354dabb7d0c15694ecfd),
(384, 800, 4309, 0x8e954940c6ed315b8c60efee997f8477),
(385, 800, 4212, 0x782c81f3d7b23ab2b9479cf94f9d4d34),
(386, 775, 4394, 0x1cef8e3f824f3809b639d2d4f1478897),
(387, 733, 4355, 0x55ff178037bb3f368b9be8f8e90e154e),
(388, 746, 4150, 0xcd2eccf03711314bb31f4be0a35b9c00),
(389, 780, 4035, 0xa2ad421ee4ed36c08dece6e193e24ecb),
(390, 765, 4220, 0x55984e23ffe5343fab647efcd6e9ac1b),
(391, 716, 4357, 0x80e5159caca63176bdca9c3a3dab5358),
(392, 786, 4338, 0x9469c70b5b6835ea8f75a17b7b3dd478),
(393, 730, 4064, 0xfaf5f391582a327dbd91d58a882ccd1a),
(394, 752, 4240, 0xf60e8c100b6b3d53b7667549b5312e48),
(395, 732, 4463, 0xa9e7ee79ceac3f50912a350e79ca7003),
(396, 721, 4500, 0x31c71185f9f93e3187fe652db4c57e19),
(397, 751, 4120, 0xf8a89da76c593b78a4a8f8271c84e4b0),
(398, 757, 4356, 0xad31421862e83f60982bcc864376a54a),
(399, 736, 4210, 0xd63dfaed05c83055975b9a48ce4a2cc3),
(400, 759, 4344, 0x57db294ba1263c7a800b31a358877fbf);

-- --------------------------------------------------------

--
-- Structure de la table `comic`
--

CREATE TABLE `comic` (
  `id` int(11) NOT NULL,
  `category_id` int(11) NOT NULL,
  `name` varchar(50) COLLATE utf8mb4_unicode_ci NOT NULL,
  `description` longtext COLLATE utf8mb4_unicode_ci NOT NULL,
  `picture` varchar(255) COLLATE utf8mb4_unicode_ci NOT NULL,
  `author` varchar(50) COLLATE utf8mb4_unicode_ci NOT NULL
) ENGINE=InnoDB DEFAULT CHARSET=utf8mb4 COLLATE=utf8mb4_unicode_ci;

--
-- Déchargement des données de la table `comic`
--

INSERT INTO `comic` (`id`, `category_id`, `name`, `description`, `picture`, `author`) VALUES
(1001, 210, 'id', 'Voluptas et ullam aut distinctio nulla qui quo. Dolores non voluptatem aut dolorem. Aut adipisci tenetur sint amet voluptatem voluptas beatae. Totam aut perferendis corporis et quia eaque modi at. Officia rerum voluptates magni quia facere consequatur temporibus illum. Rerum molestiae labore dolores. Et molestias modi ex voluptatem repellendus debitis qui. Quaerat aut totam sapiente vitae. Sed voluptas et vel animi eum incidunt. Praesentium quis quia dolor esse.', 'https://c8.alamy.com/compfr/t27dd2/italie-1973-premiere-edition-de-marvel-comic-books-couvrir-de-captain-america-t27dd2.jpg', 'Maymie Parker'),
(1002, 210, 'necessitatibus nam', 'Consequatur distinctio rerum similique deserunt deleniti. Sint et nisi nam omnis quod quia. Est maiores non blanditiis consequatur quia ullam. Sint et quo sapiente dolore dignissimos. Expedita voluptatem minus ipsa eaque. Architecto maiores ullam quaerat magnam sapiente culpa ducimus. Similique asperiores non aut ut dolore. Quis ex quidem sit maxime. Excepturi quidem maiores consequatur earum eaque. Qui ab commodi qui id error mollitia. Non modi nobis cumque quod voluptatum ut animi qui. Doloribus sed aut aut sint. Occaecati ut animi velit. Fugiat deserunt et illum et blanditiis.', 'https://cdn001.tintin.com/public/tintin/img/static/the-shooting-star/the-shooting-star.jpg', 'Aubree Hills'),
(1003, 216, 'mollitia dolores eveniet labore', 'Qui optio consectetur quam hic a. Suscipit dolorum facere corporis similique quos expedita et. Et laudantium et eos maiores eos quia ea. Facilis ratione ipsa tenetur qui. Labore eveniet harum nobis corrupti dolorum voluptas maiores odio. Enim repellat hic ipsam laboriosam doloremque ea. Fugit et consequatur quia ratione beatae sint. In illum doloribus aut. Molestiae illo distinctio nobis rem numquam eos odit.', 'https://mlpnk72yciwc.i.optimole.com/cqhiHLc.WqA8~2eefa/w:auto/h:auto/q:75/https://bleedingcool.com/wp-content/uploads/2020/09/TWDDLX01_Adams-Cover.jpg', 'Kelly Langosh'),
(1004, 206, 'dolores qui', 'Est eum et cum magnam amet. Mollitia eaque dolor velit corporis ea ipsa. Laborum et id et a aut. Perferendis excepturi magni soluta sed officiis facilis. Perferendis et fugit nesciunt esse. Asperiores quasi culpa omnis fugit sed nihil. Officia est similique commodi quasi culpa rerum. Ad est minus rem enim quod excepturi blanditiis. Et ratione quia est. Cumque ab necessitatibus in consequatur explicabo quo nam. Minus iusto quis animi suscipit aut. Sunt voluptatem assumenda eligendi voluptatem beatae aut modi.', 'https://www.gamespot.com/a/uploads/original/1562/15626911/3002107-5032115-04-variant.jpg', 'Noelia Rowe'),
(1005, 213, 'officia non nobis', 'Impedit ut ab provident eos quisquam exercitationem cum ex. Et doloremque qui quos asperiores quasi. Fuga vero excepturi maxime quae et. Eveniet nesciunt quo necessitatibus incidunt voluptatem ut officiis. Commodi iste est iste explicabo ut saepe fugit. Aut voluptatibus nesciunt minima itaque debitis consequatur accusamus. Voluptatum accusantium accusamus tempore perferendis repellat nam nostrum. Dolor iure ipsa aut cumque amet harum. Fugiat sint quibusdam sed dolor. Corrupti et delectus et amet perferendis reprehenderit. Ad illum beatae quia sed.', 'https://static.wikia.nocookie.net/marveldatabase/images/d/d8/Deadpool_Vol_3_1.jpg/revision/latest?cb=20191227043225', 'Bernadette Wiegand'),
(1006, 202, 'et et', 'Voluptas qui minus eaque eum cum molestias sit sit. Ut libero fugit recusandae eaque nihil qui aliquam. Natus sed repudiandae quis sit odio. Est corrupti error laboriosam consequatur impedit. Quod aliquid dolorum harum quam deserunt. Velit voluptatem harum voluptatem eius animi mollitia autem. Qui possimus voluptatum possimus in velit numquam aut quibusdam. Sunt ipsam explicabo et odio numquam libero.', 'https://mlpnk72yciwc.i.optimole.com/cqhiHLc.WqA8~2eefa/w:auto/h:auto/q:75/https://bleedingcool.com/wp-content/uploads/2020/09/TWDDLX01_Adams-Cover.jpg', 'Jennie Johnson'),
(1007, 213, 'repellendus molestiae rerum', 'Esse eos consectetur nam ex est totam aut aliquam. Veniam dolorum cupiditate a aliquam. Ut rerum modi qui asperiores dolorem ut. Atque quas quia eius non ut qui. Aut porro molestias ex. Perspiciatis ex atque sequi officia nam ea rerum. Cum vero accusantium sunt et doloremque quis veritatis quia. Qui tempora molestiae saepe voluptatem. Accusantium laborum laboriosam et quo. Pariatur laudantium voluptatem voluptatibus quam commodi voluptas non. Quae ea nulla eveniet pariatur aliquam magni eum.', 'https://c8.alamy.com/compfr/t27dd2/italie-1973-premiere-edition-de-marvel-comic-books-couvrir-de-captain-america-t27dd2.jpg', 'King Turner'),
(1008, 208, 'nostrum', 'Qui et commodi ut facilis repellendus sed. Ducimus eveniet similique tenetur quia. Nesciunt aut dolorum dicta dolor accusamus nam. Veritatis veniam sequi nesciunt molestiae ducimus quae. Dolores qui odio aut est dolorem soluta repellat voluptas. Molestiae et consequatur voluptatibus non nihil laudantium. Deserunt placeat minima pariatur nam quae incidunt consequatur. Perferendis neque sequi ea temporibus ipsum nam saepe. Quia reprehenderit maiores totam ut. Dolore veniam eligendi culpa et omnis. Ex error perferendis odit soluta corporis qui.', 'https://images.omerlocdn.com/resize?url=https%3A%2F%2Fgcm.omerlocdn.com%2Fproduction%2Fglobal%2Ffiles%2Fimage%2Fb4ddd4dd-70a1-4977-8a46-559f77b48ccc.jpg&width=1200&type=jpeg&stripmeta=true', 'Dejuan Maggio'),
(1009, 201, 'cum et alias qui', 'Quasi quis labore sit et necessitatibus occaecati sed aliquam. Consequatur est qui officiis voluptates. Dolorem sint aut consequatur perspiciatis nihil. Dignissimos veniam qui aliquam qui repudiandae. Voluptatem officiis et sint et magni natus perspiciatis ullam. Rerum numquam consequatur rem facere. Est minus et quo cum nihil. Earum quas est et ut. Suscipit commodi et saepe. Laborum fugit repudiandae quisquam soluta impedit porro temporibus odio. Eveniet ut ut vitae porro totam. Natus asperiores quibusdam ducimus aut ipsum dicta facilis ad.', 'https://terrigen-cdn-dev.marvel.com/content/prod/1x/avengers50_infinitysaga_variant.jpg', 'Rhianna Powlowski'),
(1010, 204, 'voluptatem totam', 'Odit quia odit harum cupiditate praesentium consequatur et sapiente. Ut culpa quis et quas. Enim possimus ullam quas quos vitae. Aut repellendus eum quasi iusto deleniti nulla dignissimos. Ut laborum laborum quia animi enim iste est. Quia ratione itaque excepturi eos officia impedit nihil. Aut expedita sint quos sunt natus sequi. Aspernatur aut repudiandae vitae dolorem ratione qui. Alias voluptate dicta voluptate placeat similique.', 'https://www.gamespot.com/a/uploads/original/1562/15626911/3002107-5032115-04-variant.jpg', 'Alexa Heathcote'),
(1011, 214, 'voluptatem quis', 'Animi esse beatae fugiat. Vitae voluptas dolorem ex maiores ex et. Quia rerum incidunt ad ut fugit quo pariatur. Non dolorum ut sed quod ex. Voluptas dicta incidunt reiciendis. Ut enim inventore dicta sunt. Aperiam doloribus voluptatum enim asperiores laboriosam mollitia nihil. Beatae accusamus iste aperiam accusantium. Est et sint ex optio. Esse placeat illum molestias ad dolor tempore quia. Provident itaque ea adipisci molestias ipsa.', 'https://cdn2.originalcomics.fr/26776/buffy-contre-les-vampires-saison-8-tome-1-vf.jpg', 'Gerry Fritsch'),
(1012, 213, 'provident eveniet velit nihil', 'Vero inventore molestiae quo rerum inventore. Vel est inventore asperiores numquam eaque temporibus. Odio praesentium accusantium et consequatur dicta rerum. Atque in qui omnis tempora velit. Repellendus laudantium fuga laudantium consequatur et voluptatibus. Qui consectetur enim omnis occaecati doloremque similique. A dolores atque culpa accusamus. Impedit nihil voluptatem dolorem odio quia maiores. Fugiat quasi quo impedit. Illum repellat mollitia qui dolores deserunt rerum tempore. Omnis dolorum laboriosam atque commodi ad aut. Repellat non et dolorum. Iure et voluptatem ab aspernatur.', 'https://mlpnk72yciwc.i.optimole.com/cqhiHLc.WqA8~2eefa/w:auto/h:auto/q:75/https://bleedingcool.com/wp-content/uploads/2020/09/TWDDLX01_Adams-Cover.jpg', 'Constantin O\'Hara'),
(1013, 203, 'ad sint', 'Est sunt consectetur labore animi ratione labore. Harum a voluptatem autem natus dolorem. Sapiente possimus nihil sint asperiores. Velit officia reprehenderit est dolor ea omnis reprehenderit corporis. Velit impedit odio vitae non. Quia beatae a vel deserunt culpa odio. Blanditiis nisi ipsam voluptatem sint a consequatur. Et ut perferendis placeat dolorem pariatur sapiente. Cupiditate laboriosam ea reiciendis consequatur enim corrupti inventore. Unde ullam quis ut animi voluptas suscipit nam repellat. Modi et quia placeat quis eligendi aperiam. Esse et hic quis vel.', 'https://images-na.ssl-images-amazon.com/images/I/71aGRDbG9WL.jpg', 'Lauren Dickinson'),
(1014, 210, 'rerum laboriosam', 'Culpa ut et exercitationem delectus pariatur expedita sed doloremque. Adipisci eligendi vel laudantium totam et. Est et eaque et ea a repellendus. Vel enim quibusdam nam exercitationem in dignissimos enim. Qui nemo deserunt illum et. Laboriosam qui vel autem eos quia. Non unde saepe ab quidem. Harum sit vel maxime. Pariatur veritatis error unde. Veniam voluptatem officiis et maxime magnam. Illum amet delectus velit nihil. Et inventore voluptatum beatae hic alias magni voluptas. Aut rerum velit ipsa quas.', 'https://static.wikia.nocookie.net/marveldatabase/images/d/d8/Deadpool_Vol_3_1.jpg/revision/latest?cb=20191227043225', 'June Willms'),
(1015, 216, 'nulla magni soluta', 'Enim consectetur temporibus rerum illo ut quis. Animi tempore quis libero amet nesciunt consectetur et. Maxime voluptatem sit id sapiente cupiditate aut. Sed non qui harum ut tempora esse possimus. Sint velit quaerat voluptatum eos sequi vitae similique. Nulla repudiandae perferendis consequatur id ea dolorum. Rerum quidem veniam facilis qui quas perferendis autem nam. Eveniet id eveniet voluptate excepturi dicta. Qui ipsam quia ex qui ex quae porro.', 'https://static.wikia.nocookie.net/marveldatabase/images/d/d8/Deadpool_Vol_3_1.jpg/revision/latest?cb=20191227043225', 'Shyann Cronin'),
(1016, 214, 'sed cumque eum', 'Ut repellat itaque dicta omnis deserunt pariatur ut qui. Non incidunt maiores perspiciatis saepe. Molestiae aut qui quia praesentium voluptas deleniti aut. Reiciendis voluptas velit nemo dolor maiores omnis. Quas amet debitis ab deleniti cum aspernatur molestiae. Aut at cum id voluptatum ut et. Magni molestiae sint consectetur quam doloremque. Nisi perferendis beatae veritatis harum illum deleniti. Iste omnis cupiditate quasi ipsa libero.', 'https://images-na.ssl-images-amazon.com/images/S/cmx-images-prod/Item/279507/279507._SX1280_QL80_TTD_.jpg', 'Derek Thiel'),
(1017, 200, 'est est amet totam', 'Ullam maxime sint voluptas aspernatur minus consequatur quae. Laborum laborum molestiae velit dolores recusandae accusamus ut illo. Reiciendis architecto dolore sit et non. Molestias eligendi nihil laborum sequi voluptate molestiae quia. Assumenda delectus dolores corrupti provident. Est ea ut deserunt molestiae reprehenderit repellat. Quam itaque blanditiis doloremque pariatur porro quia. Ratione a non voluptas sunt expedita est qui doloribus. Facere quis assumenda aut ratione et. Magnam suscipit qui laborum et.', 'https://cdn001.tintin.com/public/tintin/img/static/the-shooting-star/the-shooting-star.jpg', 'Berenice Ferry'),
(1018, 213, 'iure', 'Facere totam nulla debitis quod debitis nostrum corrupti iusto. Sed et qui rerum dolores ipsam dolorem. Aut ea dolor pariatur veritatis ut. Harum sapiente quia accusamus et totam. Quia vero est adipisci qui. At molestiae earum in enim sed. Necessitatibus nostrum architecto dignissimos. Impedit qui dolore voluptatem. Eum qui voluptas facere minus corporis odio distinctio sed. Explicabo aliquid sit aspernatur culpa nesciunt repellendus. Cumque dignissimos non reprehenderit vel veniam est. Dignissimos qui officia ut harum et ut voluptatem culpa.', 'https://i0.wp.com/www.superpouvoir.com/wp-content/uploads/2021/04/Action-Comics-1033-cov-Sampere.jpg?resize=970%2C1491&ssl=1', 'Zella Senger'),
(1019, 200, 'repellat sed', 'Vitae omnis eos quia repudiandae temporibus. Reprehenderit optio reiciendis iusto sed quaerat iure. Porro earum facilis consequatur corporis alias ducimus sed non. Optio velit est sunt quos. Pariatur cumque in et labore veniam. Sint porro placeat ea error maxime non enim. Ut vero error sed soluta. Qui ea provident occaecati deleniti. Quis velit aut voluptas impedit. Qui expedita dicta quo.', 'https://www.gamespot.com/a/uploads/original/1562/15626911/3002107-5032115-04-variant.jpg', 'Rebeka Bauch'),
(1020, 212, 'libero quaerat labore', 'Praesentium aliquam neque rerum. Nisi minima odit natus et eos. Laudantium fugit alias quis odio. Qui sit et qui nihil pariatur. Omnis et dolores consequatur occaecati. Quo id numquam quidem ex odio quas. Nostrum quis voluptatibus quod consequatur iure totam. Repellendus ea omnis tempora ut dolores qui deleniti ut. Numquam omnis nihil ducimus ducimus id corporis. Explicabo totam velit velit dolores molestiae. Quo veritatis explicabo quos enim dolore et.', 'https://static.wikia.nocookie.net/marveldatabase/images/d/d8/Deadpool_Vol_3_1.jpg/revision/latest?cb=20191227043225', 'Brad Little'),
(1021, 204, 'corrupti ut quibusdam laboriosam', 'Iste voluptatum corrupti quo blanditiis. Quidem repellendus quasi at qui possimus. Nemo qui aliquam minus provident. Et hic repudiandae sunt ut non asperiores. Esse voluptas officiis minus libero. Nisi minus similique ipsa dolor sint. Voluptas voluptas tempora voluptas maiores accusamus fugit. Est repudiandae vitae illum consequatur laudantium ipsam voluptatibus. Quasi sed eum autem nam eos dolore. Ducimus quia porro accusantium est quia. Sequi alias eum soluta aut inventore beatae. Omnis qui porro et consequuntur. Iure totam ut beatae et a beatae.', 'https://images-na.ssl-images-amazon.com/images/I/81KsPBgzmtL.jpg', 'Craig Hagenes'),
(1022, 206, 'optio et assumenda cumque', 'Et perspiciatis quas qui et quasi alias sint. Vel voluptas sunt tenetur reprehenderit. Nostrum a ab repellendus enim possimus quo laudantium. Quisquam rem aut quod eos assumenda numquam. Maxime harum quibusdam commodi assumenda tempore. Ut aut sed nihil ut consequuntur voluptas. Non cum autem eligendi assumenda. Repudiandae assumenda vero et nisi cum et aperiam. Quod repellendus sed corporis rerum. Magni est dolore consequatur vitae. Atque eaque possimus inventore adipisci. Nostrum nostrum voluptates modi culpa autem incidunt.', 'https://cdn001.tintin.com/public/tintin/img/static/the-shooting-star/the-shooting-star.jpg', 'Rocio Christiansen'),
(1023, 203, 'earum molestiae dolor', 'Debitis veniam quod et vero. Enim dicta reiciendis aut fugit velit eos quia. Consectetur et autem eaque tenetur sint. Velit dolor molestiae quam dolor. Minus asperiores ipsa quisquam quasi quam amet. Hic qui facere id temporibus est sint. Numquam accusamus neque vero ipsa impedit. Repudiandae magni dolores nulla aut provident similique autem. Exercitationem qui sint sed cum amet nihil. Rerum voluptas unde inventore consequatur. Maiores ea corrupti assumenda culpa unde. Omnis voluptatem totam inventore similique recusandae rerum dolor.', 'https://www.dccomics.com/sites/default/files/imce/2021/11-NOV/BM_Cv118_1in25_var_618447d1a5e754.72998228.jpg', 'Emil Wisoky'),
(1024, 209, 'animi optio quia', 'Nostrum ex dolorem quis eos tempore qui. In dolor odit aspernatur velit qui eos ea labore. Voluptatem nihil repellat sit rerum est ipsam. Qui dolor qui accusamus omnis eaque et aut. Est repudiandae aut vero totam quibusdam et rem dolorum. In qui qui dolor non praesentium qui nobis ratione. Nesciunt et iste corrupti et sit consequatur. Possimus est ut enim. Consectetur ullam exercitationem vitae id doloribus eum sed. Molestiae quia quo omnis omnis quidem delectus commodi. Ex consectetur ut fuga est excepturi voluptatem. Recusandae facilis debitis et neque. Totam et tenetur itaque.', 'https://c8.alamy.com/compfr/t27dd2/italie-1973-premiere-edition-de-marvel-comic-books-couvrir-de-captain-america-t27dd2.jpg', 'Vern Renner'),
(1025, 214, 'enim ut facere sed', 'Laborum soluta hic blanditiis id placeat facilis vero. Nostrum non a molestiae praesentium dolorum. Adipisci impedit laborum perferendis dolor quos illo laborum saepe. Voluptas amet ut aspernatur iure tempore. Soluta provident consequatur repellat aut. Non cum earum voluptates earum. Quidem at aut libero voluptas tenetur vero omnis. Alias autem temporibus nesciunt autem nihil. Et et neque cum porro aliquid voluptatem id. Atque nulla ipsa ab ea voluptatum. Aut voluptatem eos sint incidunt numquam quas. Veritatis neque voluptate sapiente reiciendis.', 'https://images-na.ssl-images-amazon.com/images/I/81KsPBgzmtL.jpg', 'Margie Lynch'),
(1026, 200, 'quod', 'Voluptas dolorem suscipit non ad ipsa culpa numquam. Rerum possimus quia laboriosam sed voluptatem vero voluptates. Dolores hic qui distinctio ut. Ducimus quis et explicabo possimus aut accusantium ut aliquam. Aspernatur nesciunt qui iure rerum. Nisi aliquam iste exercitationem autem. Recusandae itaque exercitationem in assumenda at ipsa velit. Libero deleniti et excepturi. Asperiores est qui aspernatur sunt. Cupiditate et modi tempora officia sunt. Minus non adipisci voluptatem est doloribus tempora omnis.', 'https://bddi.2dcom.fr/LocalImageExists.php?ean=9782811215620&isize=full&gencod=3027166420000&key=DimetGmAYGQEsjiN', 'Caterina Fahey'),
(1027, 214, 'reiciendis adipisci ut', 'Aliquid aut veritatis ea ea illo et. Cumque vitae omnis incidunt ullam odit eum vel omnis. Iure ut mollitia cumque ullam. Et corrupti nobis libero explicabo ea. Corporis vero magnam cum consequatur laborum. Velit aut voluptatem quia qui possimus enim corporis. Placeat perspiciatis voluptatibus earum inventore. Fugiat fuga eos quaerat vero fugiat est. Corporis placeat suscipit corrupti saepe. Ut consequatur eum corporis qui. Quis quibusdam dolor delectus et. Omnis ipsa in vitae soluta ea excepturi modi aut.', 'https://www.gamespot.com/a/uploads/original/1562/15626911/3002107-5032115-04-variant.jpg', 'Aryanna Jacobson'),
(1028, 212, 'qui rem tenetur adipisci', 'Officiis architecto quia qui sed error tempore. Vel omnis et impedit est ut ut quae. Rerum accusantium laudantium quae voluptatem. Esse autem vitae temporibus nulla animi occaecati. Neque qui est consequatur. Sunt aspernatur eos voluptatem reiciendis. Qui eum nisi neque animi. Ut eos sed ut quia explicabo fugit. Dolorum neque et ratione tempora. Omnis est voluptas voluptatum perspiciatis. Rem reiciendis consequuntur reiciendis illo. Ut culpa nihil excepturi numquam sint.', 'https://images-na.ssl-images-amazon.com/images/I/81KsPBgzmtL.jpg', 'Cleora Oberbrunner'),
(1029, 211, 'possimus', 'Odit quae repellendus eius quis iusto voluptate omnis. Et voluptas expedita enim accusantium officiis ab. Molestias sequi non temporibus quo iste et sunt dolore. Ut possimus quod distinctio aut. Rerum molestiae autem omnis est numquam quidem. Non minus modi repellendus qui. Sit sed praesentium aliquam velit. Eum velit rerum ut molestias dolores odit. Laboriosam explicabo rerum enim velit perferendis. Magni vitae a tempore ex et facere corrupti. Consequatur facilis aut vel hic voluptatum sunt et.', 'https://cdn-products.eneba.com/resized-products/5jDEHg3wge1U7YZJVCOM2BTq98NC5lraxlc__mT3bIg_350x200_3x-0.jpeg', 'Angela Witting'),
(1030, 202, 'qui', 'Eum alias dolorem sunt fugit non molestiae. Amet rerum consequatur quidem autem dolor ut esse nostrum. Magni earum nihil fuga voluptatem. In saepe illum est est similique. Illo quasi tempora cumque unde dicta nisi. Eveniet dolorum laborum molestiae quasi iusto ab. Aut saepe unde nihil laboriosam doloremque. Inventore sint sit voluptates voluptatem reprehenderit cumque nisi sint. Quam quia ea numquam et et consequatur aut. Veritatis et maiores expedita alias officiis laboriosam quo quia.', 'https://cdnb.artstation.com/p/assets/images/images/012/822/497/large/alex-loken-cover.jpg?1536692282&dl=1', 'Samara Koelpin'),
(1031, 214, 'et enim', 'Ea ut consequuntur expedita autem rerum. Sequi debitis culpa rerum quia omnis ipsum. Qui dolorum minima ut dolore nesciunt porro. Accusamus libero debitis dolores est quam. Laborum in error modi. Error non omnis et ex officiis quo illum. Est aliquam dolorem quidem. Sed natus voluptate tempore perferendis necessitatibus repellat praesentium. Ut quas eaque vel alias iure ab facere. Fuga culpa pariatur porro eligendi. Ut libero qui est accusantium nisi. Minus esse amet quis magni.', 'https://static.wikia.nocookie.net/marveldatabase/images/d/d8/Deadpool_Vol_3_1.jpg/revision/latest?cb=20191227043225', 'Florencio Powlowski'),
(1032, 208, 'consequatur', 'Ut deserunt quaerat deleniti veniam aut expedita. Quibusdam quasi rerum omnis quaerat expedita. Laudantium debitis sed deserunt veniam et. Nobis non architecto assumenda soluta quo occaecati. Qui nobis qui magni ut ipsam commodi. Aut asperiores ut sed sit minima dicta ut. Sunt cum totam architecto rem est. Ea occaecati illum voluptates repellat a. Enim sed et nostrum. Necessitatibus consequuntur neque iure rerum architecto. Vero accusamus eum reiciendis et nesciunt similique iure. Vel pariatur expedita in a ipsam. Tenetur ut officia est quisquam aut molestias est.', 'https://cdn2.originalcomics.fr/26776/buffy-contre-les-vampires-saison-8-tome-1-vf.jpg', 'Ardella Metz'),
(1033, 212, 'maiores amet', 'Autem quae saepe commodi quo architecto. Dolores aut qui maiores commodi repellendus cum. Beatae quidem laudantium necessitatibus non ut deleniti. Quae quas laboriosam aut odit est. Et dolorem sunt sunt dolorum temporibus suscipit. Dolor quod soluta ex ipsum illo commodi rerum. Tenetur qui ut doloribus libero est sed quos. Dolores itaque ex ut eos. In nisi consectetur quasi iure vero voluptas vero. Sapiente sapiente eius veritatis non suscipit. Maiores quis delectus architecto quas.', 'https://images-na.ssl-images-amazon.com/images/I/71aGRDbG9WL.jpg', 'Waylon Windler'),
(1034, 203, 'quae non culpa est', 'Nam eum deserunt laboriosam quis illum voluptatem atque quo. Tempora nam recusandae dolore optio modi quod vel. Quia ea eligendi perferendis. Consequuntur sint eaque est hic minima labore minus. Fugit eius maiores aliquam. Quisquam corrupti alias dicta. Quaerat inventore occaecati nostrum vel natus. Ratione et doloribus nihil necessitatibus. Est doloremque non iure natus consectetur. Explicabo et animi reiciendis dolores alias. Similique asperiores vero voluptates reiciendis assumenda repellat ea. Omnis possimus aperiam voluptates ut. Quia voluptatem reiciendis sint rem.', 'https://static.wikia.nocookie.net/marveldatabase/images/d/d8/Deadpool_Vol_3_1.jpg/revision/latest?cb=20191227043225', 'Bud Bashirian'),
(1035, 207, 'suscipit', 'Quo est sint delectus ex repellat labore. Qui tenetur eius dignissimos dignissimos adipisci beatae eum. Saepe est tempore ipsam et qui rerum qui veritatis. Qui doloribus quae molestiae rerum officia consequatur placeat aut. Veritatis perferendis non veniam maxime et qui eligendi. Dignissimos consequatur sed non dolore sit quasi id sit. Aspernatur est deleniti ut et reprehenderit ut voluptate. Corrupti possimus harum temporibus a libero. Nam ea molestias quos est vitae velit. Nihil error et totam optio quis.', 'https://cdn001.tintin.com/public/tintin/img/static/the-shooting-star/the-shooting-star.jpg', 'Stuart Gleichner'),
(1036, 204, 'laboriosam est est nihil', 'Autem possimus est ea officiis nihil eum id. Rem ut odio enim voluptatem nam. Esse ut at aut est similique omnis debitis quia. Voluptates aut suscipit sunt perferendis. Quasi consectetur natus at porro quibusdam nihil. Vel nihil voluptatum et. Voluptatem vel perferendis blanditiis optio necessitatibus ratione. Et quas totam et dolorum maxime deleniti dolorum maxime. Et quidem fugit et ut blanditiis debitis repudiandae. Doloribus ea nihil suscipit et dolore quo. Ducimus iste architecto maxime animi dolor.', 'https://images-na.ssl-images-amazon.com/images/I/71aGRDbG9WL.jpg', 'Polly Jacobi'),
(1037, 205, 'occaecati est', 'Culpa libero in ut eos omnis ipsa. Ut et sit iste rerum sit autem in. Sint eos hic expedita accusamus excepturi. At consequatur ea debitis laborum qui quis. Mollitia praesentium rerum laborum. In distinctio reiciendis praesentium aut amet impedit ut. Quia voluptatem ut esse enim dolore soluta maxime. Est aliquid vel soluta et consequatur eos consequuntur. Voluptates voluptatum perferendis qui aspernatur. Debitis voluptas enim odit ut molestiae natus aut. Ut et et tempora quo minima ab maxime. Sunt at consequuntur veritatis ut nihil deleniti voluptatem amet.', 'https://bddi.2dcom.fr/LocalImageExists.php?ean=9782811215620&isize=full&gencod=3027166420000&key=DimetGmAYGQEsjiN', 'Green Armstrong'),
(1038, 214, 'ad et a accusamus', 'Ad nostrum architecto accusantium blanditiis. Nihil illo quia quia sunt ex vel. Nemo nemo facilis ipsa cupiditate ab. Delectus excepturi quis reiciendis dicta. Animi accusantium quia blanditiis alias ut nihil. Aut aspernatur sit fugiat et. Non magni et nesciunt id ipsum quam animi. Sequi ipsam porro vel temporibus velit. Dolorem laboriosam consequatur ut impedit occaecati ut. Non error quia ab eos ad sint alias. Voluptate distinctio praesentium recusandae et nesciunt. Numquam facilis ut pariatur et sapiente dolore magni.', 'https://cdnb.artstation.com/p/assets/images/images/012/822/497/large/alex-loken-cover.jpg?1536692282&dl=1', 'Mitchel Gerlach'),
(1039, 206, 'harum', 'Ipsum facere quaerat et qui aliquid iste doloribus. Commodi aliquam magni voluptatem dolor possimus asperiores. Sit est sed voluptas sit sunt veritatis et. Voluptate saepe aut provident. Sint veniam et autem et consequatur quod. Qui iste sint incidunt sit. Rerum aperiam quidem quas est dolor. Voluptatibus voluptatum ex ea praesentium similique illum architecto magnam. Voluptatem ipsam molestias nemo enim. Eum et placeat perspiciatis harum qui necessitatibus id facilis.', 'https://mlpnk72yciwc.i.optimole.com/cqhiHLc.WqA8~2eefa/w:auto/h:auto/q:75/https://bleedingcool.com/wp-content/uploads/2020/09/TWDDLX01_Adams-Cover.jpg', 'Misael Shields'),
(1040, 213, 'omnis qui nesciunt', 'Non voluptas ratione distinctio perferendis aut ipsa ea. A suscipit omnis nam quo omnis. Neque est nihil rem eum voluptatem corrupti beatae. Accusamus est blanditiis sapiente ut enim voluptas at. Est accusantium similique repellat sed ratione. Provident tenetur consectetur magni recusandae aut optio. Tempore est omnis illum qui. Illo aliquam autem necessitatibus. Ut voluptas accusantium aperiam. Ea qui cum nihil ea quidem doloribus.', 'https://www.gamespot.com/a/uploads/original/1562/15626911/3002107-5032115-04-variant.jpg', 'Breanne Parker'),
(1041, 215, 'est qui', 'Et laboriosam architecto asperiores ducimus. Cum voluptas dolores enim. Quisquam et quibusdam eveniet nesciunt aliquam. Veniam facere maiores nihil et qui. Aspernatur in reprehenderit temporibus cum. Labore cum quaerat architecto. Nemo deserunt perferendis vero ad est sed. Perferendis perferendis dolorum laboriosam molestiae magni vero nihil. Et voluptate enim soluta aut. Mollitia tempore nam rerum nemo aut est exercitationem ipsam. Voluptas at est maiores qui aliquam est ex.', 'https://bddi.2dcom.fr/LocalImageExists.php?ean=9782811215620&isize=full&gencod=3027166420000&key=DimetGmAYGQEsjiN', 'Maribel Greenholt'),
(1042, 205, 'necessitatibus et esse voluptatem', 'Rerum quas officia est officiis assumenda laudantium vero accusantium. Aut consequatur assumenda eius sit ipsum voluptates est autem. Quo et natus velit. Enim et quibusdam fugit natus at rem. Voluptatem doloremque autem consequatur deserunt officiis rerum aliquid ab. Deleniti facilis magnam sed ea velit. Quia voluptate harum libero numquam officia dolorem. Sunt rerum architecto omnis molestiae. Et molestiae nam ex blanditiis sed commodi. Quia praesentium ut repudiandae tempore esse.', 'https://images.omerlocdn.com/resize?url=https%3A%2F%2Fgcm.omerlocdn.com%2Fproduction%2Fglobal%2Ffiles%2Fimage%2Fb4ddd4dd-70a1-4977-8a46-559f77b48ccc.jpg&width=1200&type=jpeg&stripmeta=true', 'Freeda Schmeler'),
(1043, 201, 'praesentium aliquam ullam non', 'Quis dolorum odio sequi. Unde enim eum expedita cum dolorem id neque. Aut dolorum nam vel inventore aut culpa numquam. Ut rem quaerat suscipit ipsa omnis aut dolorem. Vel necessitatibus ab qui magnam et deleniti quaerat. Voluptatem consequatur aut in et dolorem dolorem. Ad quia libero quam exercitationem est. Non debitis porro vitae nesciunt et minus. Totam aut aut quasi maiores exercitationem perspiciatis. Non voluptatum incidunt et maxime aut itaque. Voluptatem itaque ea voluptatibus odio eum quo. Ex eos sunt quis consequuntur accusantium et.', 'https://images.omerlocdn.com/resize?url=https%3A%2F%2Fgcm.omerlocdn.com%2Fproduction%2Fglobal%2Ffiles%2Fimage%2Fb4ddd4dd-70a1-4977-8a46-559f77b48ccc.jpg&width=1200&type=jpeg&stripmeta=true', 'Darrion Botsford'),
(1044, 214, 'velit saepe', 'Enim repudiandae sit natus repudiandae. Ipsum sed et velit sunt. Repellat itaque et non molestias aspernatur quaerat voluptate eveniet. Qui optio quae qui aliquid repudiandae explicabo. Omnis totam eius quibusdam voluptas. Cumque et ullam excepturi. Alias reprehenderit nihil ipsam et expedita dolores. Accusantium non aut magnam nostrum non ut exercitationem. Voluptate sint ut quae magnam saepe in hic voluptatibus. Animi delectus doloremque rem quo. Similique ut ut vel voluptatem autem. Quaerat sed ducimus sunt doloribus.', 'https://c8.alamy.com/compfr/t27dd2/italie-1973-premiere-edition-de-marvel-comic-books-couvrir-de-captain-america-t27dd2.jpg', 'Lavon Osinski'),
(1045, 206, 'quam facilis', 'Saepe quidem consectetur nesciunt distinctio ut quaerat. Consectetur inventore deleniti consequatur inventore est suscipit. Pariatur exercitationem sed voluptatem omnis necessitatibus blanditiis sit voluptas. Ab eveniet dolorem dolores expedita vero dignissimos aliquam provident. In vel in rerum consequatur rem voluptatem dolores. Voluptates est voluptatem quo enim aliquid. Itaque consequatur sed neque. Aliquam qui nihil cum autem exercitationem. Asperiores quidem vel libero iusto a id quae. Occaecati aperiam facere aut animi deleniti. Maxime aut neque eveniet cupiditate veritatis omnis.', 'https://c8.alamy.com/compfr/t27dd2/italie-1973-premiere-edition-de-marvel-comic-books-couvrir-de-captain-america-t27dd2.jpg', 'Georgianna Ortiz'),
(1046, 201, 'illum facere maiores magnam', 'Aperiam quia molestiae modi soluta eius. Ducimus molestiae eos eum ducimus vel repudiandae. Aut aut dolorem voluptatem et cum impedit accusamus. Impedit facere ipsam rerum quae ullam voluptatibus voluptatem. Voluptatem nihil provident atque vitae animi. Porro facilis qui libero et assumenda quisquam. Qui aperiam laborum dolore numquam voluptates. Molestiae eius est quae. Harum aut porro tenetur maiores. Eligendi dolorum culpa qui est dolores nesciunt iusto. Iste excepturi ut omnis voluptatem.', 'https://shop.sergiobonelli.it/resizer/1000/-1/true/1491832832859.jpg--le_dieci_tribu___martin_mystere_350_cover.jpg?1491832835000', 'Tracy Doyle'),
(1047, 206, 'et', 'Aut minima ratione est voluptatum qui aut. Modi nesciunt et est tempora soluta. Ea voluptates odit quaerat et nostrum. Assumenda expedita dicta debitis repellat soluta animi cum non. Ratione tempore adipisci fuga sed ipsam et. Est voluptatem alias a pariatur quibusdam maiores enim iusto. Magni earum culpa illum blanditiis. Omnis inventore quidem reiciendis dolores necessitatibus. Quo sed ipsum quo quaerat repellendus dicta quia. Laborum id quam recusandae est cum itaque iste. In occaecati qui et porro vitae et sequi. Et qui odio exercitationem repellendus.', 'https://cdn001.tintin.com/public/tintin/img/static/the-shooting-star/the-shooting-star.jpg', 'Arno Predovic'),
(1048, 216, 'dolores sed non nam', 'Et culpa odit perspiciatis repellendus eos omnis. Non similique perferendis omnis quisquam placeat aut dolores. Delectus eum officia ut hic. Ducimus labore et error et reiciendis magni dolorem illo. Nulla veniam dolorem in quia molestiae expedita. Tenetur quia excepturi voluptatibus modi recusandae sed. Sapiente sint veritatis vitae totam ratione soluta possimus in. Doloremque quam suscipit architecto animi dolorem in saepe doloremque. Non vel aut et necessitatibus tenetur fuga. Voluptatem qui qui corrupti sit possimus deleniti dolores.', 'https://images.omerlocdn.com/resize?url=https%3A%2F%2Fgcm.omerlocdn.com%2Fproduction%2Fglobal%2Ffiles%2Fimage%2Fb4ddd4dd-70a1-4977-8a46-559f77b48ccc.jpg&width=1200&type=jpeg&stripmeta=true', 'Selina Schneider'),
(1049, 205, 'occaecati pariatur', 'Vel dolores consequuntur dolor et est. Autem aut totam soluta dolorum. Voluptas in totam et qui iure. Sit omnis voluptatem aspernatur accusamus in. Voluptatum eveniet officiis corporis quasi. Distinctio temporibus laborum molestias enim animi. Aut et delectus nisi et. Provident architecto quae molestiae cum. Molestias eum temporibus dolorem omnis ratione quas. Quisquam ipsum nulla quis ea officiis voluptatem ipsum. Fuga vero qui corrupti ut. Odit reiciendis et rerum perspiciatis dolorem dolorum qui. Consequatur autem modi placeat assumenda totam ut.', 'https://www.hallmark.com/dw/image/v2/AALB_PRD/on/demandware.static/-/Sites-hallmark-master/default/dw8ba9f1e5/images/finished-goods/Marvel-The-Amazing-SpiderMan-Comic-Book-Cover-Fathers-Day-Card-root-599FHE8966_PV.1.FHE8966.jpg_Source_Image.jpg?sw=1920', 'Marjory Lockman'),
(1050, 208, 'optio', 'Sint voluptas tempore ab nisi aut. Veniam error aut eaque qui perferendis soluta omnis. Omnis voluptatum quos numquam qui. Magni dolor eveniet exercitationem necessitatibus animi. Vitae velit explicabo itaque alias non suscipit at. Animi et rerum repellendus. Id dolores numquam qui dicta atque. Dolorem voluptas consectetur in veniam. Necessitatibus et ut adipisci voluptas. Et quos fugiat saepe. Ipsam voluptatem ratione aspernatur totam cupiditate. Doloremque veritatis blanditiis nam aut nihil libero.', 'https://i0.wp.com/www.superpouvoir.com/wp-content/uploads/2021/04/Action-Comics-1033-cov-Sampere.jpg?resize=970%2C1491&ssl=1', 'Angelina Okuneva'),
(1051, 213, 'et enim distinctio sunt', 'Consequatur accusantium ut ut quam minus. Non in libero consequatur et. Non ad totam maiores aliquam. Eligendi ea deserunt nemo corporis distinctio. Temporibus est laborum est dolorem cupiditate. Omnis assumenda nemo nulla voluptate voluptas a. Omnis dolores laboriosam qui ipsam fuga. Veritatis veritatis et saepe corrupti illum. Qui fugiat excepturi dolores ipsum illum. Sint dicta expedita aut eum. Vel natus excepturi esse dolores est asperiores dicta ipsum.', 'https://shop.sergiobonelli.it/resizer/1000/-1/true/1491832832859.jpg--le_dieci_tribu___martin_mystere_350_cover.jpg?1491832835000', 'Dominique Kuvalis'),
(1052, 213, 'tempora dolor ut qui', 'Asperiores est autem exercitationem. Quia minima nobis repellendus dicta voluptatem exercitationem maxime. Inventore illo fuga sapiente dolorem ullam dolor voluptatum. Aut modi quos ut. Omnis sed necessitatibus aut eveniet beatae et earum. Recusandae sint veniam sed laudantium culpa qui. Quo molestiae dolorem necessitatibus. Qui odit ipsa officia quas provident consequatur. Delectus nihil maxime architecto tenetur. Quibusdam aliquam quo voluptas quasi inventore. Commodi eius aut consectetur dolorem et velit. Corrupti quibusdam rerum id blanditiis.', 'https://static.wikia.nocookie.net/marveldatabase/images/d/d8/Deadpool_Vol_3_1.jpg/revision/latest?cb=20191227043225', 'Kiarra Sawayn'),
(1053, 204, 'et quia', 'Necessitatibus sit corrupti est culpa quo et. Ut sapiente tempora modi et beatae praesentium. Nisi optio quae quae distinctio qui optio. Repudiandae voluptas et molestiae qui. Molestiae sit cumque magnam aut neque voluptas. Aut omnis enim quis. Cupiditate commodi quis dolorem porro tempore libero sed dolor. Mollitia atque sit quisquam quis officia quia commodi. Voluptate animi porro temporibus maxime eos. Autem exercitationem sunt qui amet voluptatum. Quas odio et nemo iure perspiciatis exercitationem. Culpa minima velit earum consequatur. Adipisci suscipit rerum quas.', 'https://bddi.2dcom.fr/LocalImageExists.php?ean=9782811215620&isize=full&gencod=3027166420000&key=DimetGmAYGQEsjiN', 'Amanda Wisoky'),
(1054, 209, 'hic quaerat et', 'Distinctio sequi est qui voluptas alias inventore. Exercitationem sint ratione odit. Consequatur fugiat non sapiente qui in est illo. Voluptatum et asperiores quae incidunt saepe. Quia et perspiciatis laudantium. Est aut et est non molestiae et ea. Qui nisi quis cupiditate repellendus error nesciunt. Iste cupiditate ut nihil eaque eligendi vel consequatur. Necessitatibus dolor enim ut ut adipisci delectus dolor voluptatem. Rem sed id quia accusamus. Eveniet dignissimos et at ut. Dolorem consectetur quae dolores. Cum saepe incidunt excepturi non nemo optio eos nam.', 'https://i0.wp.com/www.superpouvoir.com/wp-content/uploads/2021/04/Action-Comics-1033-cov-Sampere.jpg?resize=970%2C1491&ssl=1', 'Karina Boyer'),
(1055, 201, 'aut eum ducimus', 'Quia quia vel et ut sint amet tempora fugit. Repellendus et magni odit sunt occaecati. In nisi repellat illum minus odio beatae blanditiis qui. Doloremque adipisci aperiam voluptas ab enim quaerat odio. Ullam vel dolorem nesciunt laudantium aut. Quibusdam minima et quia quas ex. Et non deleniti voluptatem sit dolores. Explicabo quia ut dolore eius. Quaerat dolor qui architecto sit et et. Officia totam sed adipisci ea eum qui explicabo. Nulla aut consequatur et est veniam.', 'https://www.hallmark.com/dw/image/v2/AALB_PRD/on/demandware.static/-/Sites-hallmark-master/default/dw8ba9f1e5/images/finished-goods/Marvel-The-Amazing-SpiderMan-Comic-Book-Cover-Fathers-Day-Card-root-599FHE8966_PV.1.FHE8966.jpg_Source_Image.jpg?sw=1920', 'Hermina Crona'),
(1056, 205, 'veniam', 'Deserunt praesentium dolorem velit est. Eligendi expedita omnis qui dignissimos omnis et. Unde natus deserunt est accusamus molestiae. Iusto et officiis ea at. Ipsa deleniti at illo possimus ea nemo ut. Doloribus nostrum ducimus ratione ab ut eum quo. In vero labore sapiente omnis placeat ab qui. Autem eligendi voluptatem dolore illo. Illo in quidem enim et laborum deserunt ducimus. Sunt quas qui non laboriosam. Nemo laudantium quasi in. At aperiam dolores nisi ducimus aliquid rem.', 'https://images-na.ssl-images-amazon.com/images/I/81KsPBgzmtL.jpg', 'Mylene Johnston'),
(1057, 207, 'et', 'Reprehenderit sit nulla omnis tempore velit incidunt officia. Libero incidunt vitae quae totam quis. Occaecati exercitationem sit et illo voluptate. Accusantium error ut porro sed deserunt nihil laboriosam non. Beatae consequatur quo distinctio voluptates optio eum. Reiciendis natus iusto culpa blanditiis repellendus totam. Expedita neque consequatur dolorem magnam explicabo. Rerum necessitatibus repudiandae ab at eos. Pariatur eum qui deleniti tempore dolorem atque.', 'https://terrigen-cdn-dev.marvel.com/content/prod/1x/avengers50_infinitysaga_variant.jpg', 'Antonette Langosh'),
(1058, 205, 'natus voluptate provident consequatur', 'Quae nihil sequi sapiente debitis. Necessitatibus maxime totam assumenda esse labore. Qui perferendis quo enim et veritatis. Fuga quibusdam est ea voluptatem nostrum. Neque sunt non quod incidunt et. Aut sit sed vitae aliquid esse et aut officia. Enim pariatur saepe tempora quibusdam expedita vero vel. Vel in corrupti eum ipsa ut odit vel. Quo illum necessitatibus voluptas iure delectus rerum praesentium. Ab et eum sed voluptatem quo est id.', 'https://cdn001.tintin.com/public/tintin/img/static/the-shooting-star/the-shooting-star.jpg', 'Deja Breitenberg'),
(1059, 210, 'nisi quia et', 'Excepturi ad velit cum. Ducimus et optio iste eaque ut occaecati. Consequuntur aperiam eum velit velit voluptas iste nemo. Mollitia ducimus vitae et consequatur debitis sed laboriosam. Qui reprehenderit qui expedita et deleniti eos. Dicta eos quod autem repudiandae natus et et et. Ducimus expedita quia excepturi. Sunt reprehenderit magnam non libero in numquam. Quod excepturi illum iusto dolor ab ratione iste modi. Consequatur aliquam sunt enim rerum. Iste nam consequatur temporibus veritatis provident saepe.', 'https://images-na.ssl-images-amazon.com/images/I/81KsPBgzmtL.jpg', 'Sheldon Keebler'),
(1060, 215, 'adipisci aut voluptate', 'In dignissimos occaecati reprehenderit tempora. A nobis maxime eligendi minus qui voluptatum. Ipsa a in sint illo minus. Voluptate earum et doloribus cum aut. Quo maxime maxime ea ratione molestias impedit saepe. Autem in magni possimus maxime fugiat libero qui. Ab est officia nulla quidem ut fugit est tempora. Voluptate mollitia et quibusdam. Aperiam quia placeat ullam autem quia eaque. Ut ipsum qui fugit autem. Magnam aut eligendi provident veritatis eveniet nemo consequatur nulla. Hic et magnam quas.', 'https://c8.alamy.com/compfr/t27dd2/italie-1973-premiere-edition-de-marvel-comic-books-couvrir-de-captain-america-t27dd2.jpg', 'Alfreda Renner'),
(1061, 200, 'voluptas cupiditate', 'Sunt officiis sunt iusto maxime. Fugiat sit dolores modi porro. Iure qui in harum nam repudiandae hic perspiciatis. Inventore quisquam quibusdam eum voluptatem inventore ea. Itaque at ullam voluptas ut. Velit asperiores at qui autem assumenda tempora debitis. Inventore consectetur eos veritatis et. Officiis temporibus omnis aperiam aperiam. Omnis reiciendis ab voluptas necessitatibus repudiandae voluptatum aut. Omnis eligendi quis nemo et similique quidem debitis. Voluptatem placeat quia quia nesciunt commodi. Fugit ut saepe voluptatem reiciendis ut autem quod.', 'https://shop.sergiobonelli.it/resizer/1000/-1/true/1491832832859.jpg--le_dieci_tribu___martin_mystere_350_cover.jpg?1491832835000', 'Thurman Rau'),
(1062, 212, 'et sunt', 'Voluptas maxime eaque nobis nesciunt ipsam veritatis. Iusto non ut aliquid amet sit rerum. Porro fuga autem debitis qui quis quia. Sint mollitia voluptatum fugit voluptate reiciendis libero non. Aliquid sapiente neque hic in. Dignissimos officiis voluptates aspernatur maiores est. Ut nisi quis qui omnis sequi dicta. Ut rerum quibusdam amet accusantium. Natus aperiam et odio necessitatibus aut accusamus a. Mollitia omnis voluptatem ipsam et earum distinctio ratione. Quia perspiciatis sed qui cupiditate. Corrupti eaque dolor deleniti. Qui consequatur et ea voluptas eveniet eum dolore.', 'https://cdnb.artstation.com/p/assets/images/images/012/822/497/large/alex-loken-cover.jpg?1536692282&dl=1', 'Raphael Stracke'),
(1063, 205, 'doloribus veniam', 'Reprehenderit ipsam voluptatem est doloribus vero natus. Temporibus asperiores consequuntur autem et. Consequatur incidunt aperiam aspernatur voluptatem omnis repellendus alias. At fugit quia velit eligendi hic expedita inventore veniam. Et id voluptatem similique odit quas quos. Iste quidem beatae nulla eum. Maxime reprehenderit non officia explicabo est. Quia assumenda excepturi officiis debitis doloremque. Amet est sunt illum repellat voluptas et. Aut sint soluta ex. A sit quam voluptas quod animi incidunt. Est ea eligendi amet voluptatem est doloremque.', 'https://images-na.ssl-images-amazon.com/images/I/71aGRDbG9WL.jpg', 'Lindsay Bogisich'),
(1064, 206, 'enim', 'Aut libero illum totam veniam dicta reiciendis quae. Saepe fugit voluptatem iste quas labore consequatur aliquid minima. Nisi corporis vitae est impedit quo aspernatur qui et. Quibusdam libero debitis sed. Voluptatem quos pariatur reiciendis ut. Dolor velit enim aspernatur dolores omnis cupiditate. Doloribus suscipit nostrum dolor laudantium facilis dicta omnis. At tempore nobis aliquid similique doloribus quis. Nemo ut voluptas omnis aut ut dicta qui. Accusamus minus consequatur officia unde nemo fugiat ut.', 'https://shop.sergiobonelli.it/resizer/1000/-1/true/1491832832859.jpg--le_dieci_tribu___martin_mystere_350_cover.jpg?1491832835000', 'Lucile Bashirian'),
(1065, 215, 'harum dignissimos', 'Numquam cumque recusandae at aut repellendus ut ipsa rerum. Voluptates enim sapiente temporibus nam quia. Eum at facere sunt vero modi accusantium ipsam omnis. Dolorem voluptas voluptas aperiam magnam provident ut velit. Et assumenda magnam quia et. Quo illum rerum qui in eius. Totam dolores inventore odio est doloremque doloremque qui. Ipsam dolorem iusto repellat qui harum et dolore. Nam nostrum tenetur dignissimos et quo. Quis optio ducimus similique sint. Ab laborum nemo ab.', 'https://terrigen-cdn-dev.marvel.com/content/prod/1x/avengers50_infinitysaga_variant.jpg', 'Humberto Spinka'),
(1066, 214, 'numquam', 'Et voluptatem numquam quae ipsam. Molestiae mollitia eos rerum quam laboriosam. Est omnis consectetur vero omnis id similique. Commodi voluptatum dolores aliquam enim dignissimos aut aliquid. Sunt nisi excepturi aut itaque laborum reprehenderit. Quia iure nam debitis. Consequuntur dolore dignissimos corrupti ad expedita ut facere. Doloribus debitis dolores beatae et nihil quisquam. Eos deserunt quo saepe voluptatibus. Est maxime sit quia. Quaerat qui nostrum vel sequi fugit et nesciunt.', 'https://c8.alamy.com/compfr/t27dd2/italie-1973-premiere-edition-de-marvel-comic-books-couvrir-de-captain-america-t27dd2.jpg', 'Jabari Schowalter'),
(1067, 204, 'facilis', 'Recusandae delectus officiis possimus. Sunt aliquam in totam voluptatem. Qui voluptas quidem blanditiis ea exercitationem. Omnis error aperiam nam velit. Earum dignissimos sint reiciendis sequi corrupti autem blanditiis. Vero impedit aut minus fuga officia. Consequuntur expedita totam et nostrum fugit aliquid dolorem. Et ut quas voluptas harum voluptas rem. Ipsa et recusandae quisquam a omnis est. Dolore non ipsa qui. Itaque velit sit animi natus officiis totam. Quibusdam sit sed ut sunt eum quia consequatur. Aut ut sit cum et.', 'https://images-na.ssl-images-amazon.com/images/I/81KsPBgzmtL.jpg', 'Elinor Funk'),
(1068, 203, 'magnam dolores eos', 'Eius voluptas ipsum similique et sint autem et. Ratione et laborum sed. Ut ut vero molestiae vero. Quo et omnis maxime aliquid architecto rem. Suscipit aut et blanditiis rerum et. Asperiores consequatur quia eum nam amet. Dicta autem odio ut minus. Et voluptatum adipisci molestiae quis voluptatem consequatur. Dolores veritatis quo dignissimos praesentium iste quam quo. Dolor odio sapiente porro tempora cum. Earum mollitia nostrum voluptas sit. Quasi corrupti at autem et voluptatem magni optio.', 'https://static.wikia.nocookie.net/marveldatabase/images/d/d8/Deadpool_Vol_3_1.jpg/revision/latest?cb=20191227043225', 'Blaise Smitham'),
(1069, 202, 'quasi qui vel minus', 'Quia et qui explicabo ut et impedit. Sint voluptas praesentium aliquid sunt. Eum officia in quas. Consectetur laudantium explicabo cumque ut. Aspernatur velit natus quia ipsa. Aperiam perspiciatis veniam facilis velit deserunt accusamus est. Esse sunt et dolor veritatis quibusdam alias. Nihil et a corporis ratione. Illum libero eum deserunt harum. Illum consequatur enim ut accusantium. Soluta eos est dolor voluptatem itaque nihil ut. A nihil sit doloribus quasi.', 'https://terrigen-cdn-dev.marvel.com/content/prod/1x/avengers50_infinitysaga_variant.jpg', 'Alivia Witting'),
(1070, 203, 'qui distinctio', 'Exercitationem doloribus ad nobis quia quidem neque laboriosam officiis. Vitae eos ut vel voluptates odit delectus reprehenderit. Eveniet vel qui dolores. In dolores voluptatem illo. Rerum sed sint et saepe sed optio. Assumenda quos cum velit et magni omnis et porro. Est sed aperiam nisi perferendis laudantium autem error. Dolorum accusantium doloribus id. Ipsa harum aut fuga dolorum cum unde. Et saepe omnis vitae sed. Unde voluptatibus velit aut quo. Soluta molestiae excepturi blanditiis porro et ut numquam. Nulla eaque dolores eos vero voluptatum qui voluptatem.', 'https://images-na.ssl-images-amazon.com/images/I/81KsPBgzmtL.jpg', 'Ivory Eichmann'),
(1071, 209, 'quam fuga', 'Adipisci repellendus est consequuntur velit provident ut quia. Ea temporibus quod est rerum esse quia. Quia quas alias suscipit cupiditate accusamus asperiores. Similique alias et vel sapiente iure et. Distinctio voluptatem mollitia sed. Quaerat molestias qui cum quibusdam. Nulla porro reprehenderit dolores porro aut iste. Dolores fugiat repellat voluptates dolores harum enim. Dolor distinctio aliquam illum mollitia laudantium similique expedita. A debitis veritatis libero dolor a iste aliquid.', 'https://cdnb.artstation.com/p/assets/images/images/012/822/497/large/alex-loken-cover.jpg?1536692282&dl=1', 'Sierra Dare'),
(1072, 216, 'ut enim qui', 'Sunt sed maiores perspiciatis qui quasi reprehenderit. Soluta quia aut et nisi perferendis modi et. Commodi quia repellendus dolores at ea et. Ea laudantium quis aut debitis magni. Et debitis reprehenderit molestias officiis. Officia natus sint eum soluta illum. Voluptatibus quaerat cum expedita aspernatur molestiae. Excepturi dolores quidem quia. Modi id fuga et incidunt. Aut natus omnis saepe enim tenetur et. Deleniti quibusdam aut animi eos tenetur beatae. Nulla sit rem voluptatem voluptatem dolorem. Aut esse minus rem quos accusamus quae tempora earum.', 'https://c8.alamy.com/compfr/t27dd2/italie-1973-premiere-edition-de-marvel-comic-books-couvrir-de-captain-america-t27dd2.jpg', 'Hoyt Stehr'),
(1073, 205, 'quos ut', 'Sunt sapiente quidem exercitationem quos perspiciatis hic. Natus error quo rerum et voluptatum. Est itaque quia odio est dolor ratione at. Rerum laboriosam quidem praesentium placeat. Ipsam in explicabo ut autem voluptatem alias reiciendis. Dolorem officiis quis fugiat itaque ipsa cumque. Earum sed in suscipit ratione rerum dicta. Voluptatum accusamus architecto adipisci sed est in. Enim dolor et nisi non vel facere architecto sunt. Eos sed et molestiae impedit aperiam ipsa aut. A id aut quis et quo odit. Libero laborum ea officiis similique placeat. Eos laboriosam aut odio esse.', 'https://images-na.ssl-images-amazon.com/images/I/71aGRDbG9WL.jpg', 'Waylon Streich');
INSERT INTO `comic` (`id`, `category_id`, `name`, `description`, `picture`, `author`) VALUES
(1074, 212, 'et iure', 'Ut officiis provident quas et consequatur nisi. Rerum assumenda voluptatem eveniet est quas sapiente deleniti. Occaecati debitis aut perferendis. Iusto quidem similique modi nemo ducimus debitis numquam. Molestiae eius iure omnis corporis et magnam ratione. Cumque maxime aliquid aut dignissimos voluptatum. Distinctio cupiditate fugiat aut explicabo. Est aut reiciendis unde sed sunt et labore. Eaque magni quasi minus ut. Dignissimos rem modi rem labore in.', 'https://i0.wp.com/www.superpouvoir.com/wp-content/uploads/2021/04/Action-Comics-1033-cov-Sampere.jpg?resize=970%2C1491&ssl=1', 'Stephania Leuschke'),
(1075, 210, 'quo', 'Suscipit ea ut quisquam harum deserunt cum. Quam aspernatur qui quibusdam cupiditate qui adipisci in. Nemo itaque possimus reprehenderit. Culpa enim sunt nemo atque commodi. Totam id repellendus consequatur consequatur unde enim. Eaque animi cum ab laudantium maxime. Aut incidunt esse officiis eos quis. Sapiente aut praesentium laboriosam expedita magni suscipit. Nihil libero vitae repellendus quos. Exercitationem in molestias repellendus eos sed. Laborum vel sit quae itaque assumenda eos beatae. Aut itaque aut vitae ab. Neque mollitia est est.', 'https://images.omerlocdn.com/resize?url=https%3A%2F%2Fgcm.omerlocdn.com%2Fproduction%2Fglobal%2Ffiles%2Fimage%2Fb4ddd4dd-70a1-4977-8a46-559f77b48ccc.jpg&width=1200&type=jpeg&stripmeta=true', 'Wilburn Brekke'),
(1076, 215, 'voluptas aliquid', 'Dolorum omnis autem accusantium quia. Sunt molestias nisi eveniet at et. Ratione aut autem sint enim maiores. Ipsam facere ut optio. Quae et porro molestiae est ut cum. Saepe eveniet earum incidunt amet eligendi ducimus sit. Vel eligendi blanditiis excepturi deleniti. Quibusdam nihil enim nobis facere. Ex quidem nemo facilis hic deleniti. Consequatur molestiae voluptatem et magni. Laboriosam voluptatum consequuntur similique. Omnis ipsam voluptatem voluptatem fugit. Praesentium ipsum voluptatibus vero autem.', 'https://images-na.ssl-images-amazon.com/images/I/81KsPBgzmtL.jpg', 'Toni Kohler'),
(1077, 203, 'suscipit aliquam', 'Sunt corporis magnam corrupti quasi odit eum illo. Iusto error dolorum a nisi. Optio quia aut quam rerum fuga consectetur quis id. Quia in eius impedit. At illum quis perferendis commodi. Ut vel quas nisi debitis. Et et nihil quae hic nihil voluptatem nulla accusamus. Voluptatem beatae et quos commodi vel expedita nobis fuga. Et tempore et velit quo expedita id qui. Mollitia at sit nihil. Ducimus sit eum veritatis consectetur. Quae et ducimus error odit veniam in quasi. Dicta repellendus impedit nulla id repellendus sit sapiente. Neque iste eum harum tempora dolorum quod.', 'https://images-na.ssl-images-amazon.com/images/S/cmx-images-prod/Item/279507/279507._SX1280_QL80_TTD_.jpg', 'Emilio Klein'),
(1078, 208, 'ipsam', 'Quos vel dolor magni at aliquam non a. Cupiditate deserunt dicta eos distinctio et veritatis id blanditiis. Dolor nisi error dignissimos itaque consequatur velit qui. Ea et mollitia accusamus beatae commodi eos. Dolorum sed tenetur exercitationem excepturi mollitia ut fugit similique. Nostrum officia fuga sint corrupti. Perspiciatis qui rem qui facilis et autem hic. Incidunt ut occaecati et magni deleniti quisquam. Ratione earum aut soluta. Eum assumenda eum quis quia hic nisi.', 'https://bddi.2dcom.fr/LocalImageExists.php?ean=9782811215620&isize=full&gencod=3027166420000&key=DimetGmAYGQEsjiN', 'Zena Koelpin'),
(1079, 203, 'esse nihil voluptatem', 'Molestiae qui sed totam ratione eum. Possimus hic veniam et ut. Cupiditate et nobis reprehenderit voluptatem ea. Accusamus doloribus similique est aut corrupti qui voluptatum. Provident reiciendis debitis in modi recusandae. Voluptate voluptas rerum temporibus eaque. Dignissimos ad velit et itaque velit soluta dolores magnam. Quibusdam quasi repellat aliquid occaecati commodi aut. Sed minima dolor est in eum voluptatibus expedita ut. Odio in dolorem laboriosam. Repudiandae praesentium veniam deserunt velit. Expedita animi fugiat pariatur vel illum totam. Recusandae dolor qui nemo sit.', 'https://images-na.ssl-images-amazon.com/images/I/71aGRDbG9WL.jpg', 'Estel Fadel'),
(1080, 216, 'animi ea soluta', 'Culpa ut recusandae ea voluptatem. Inventore sed commodi occaecati eveniet doloremque. Ut autem porro distinctio qui vitae. Est tempora qui dignissimos eligendi commodi. Dolores quibusdam saepe enim dolor expedita. Non illum beatae porro dolor quas. Id nobis maxime enim saepe provident aliquid. Omnis dolores earum voluptatem rem voluptatem repellendus reprehenderit. Reiciendis tenetur facere nam et odit quos consequuntur qui. Ea est autem velit repellendus. Voluptatem modi et ullam modi maxime veritatis fugit.', 'https://cdn-products.eneba.com/resized-products/5jDEHg3wge1U7YZJVCOM2BTq98NC5lraxlc__mT3bIg_350x200_3x-0.jpeg', 'Bobby Turner'),
(1081, 210, 'harum consequatur perspiciatis dolores', 'Dolores qui dignissimos itaque eum. Veniam expedita aut enim commodi minus. Modi placeat vel dolorem. Quaerat doloribus rerum nostrum optio ipsam. Atque ipsa exercitationem facere alias. Consequatur dolorem numquam est. Tempora aliquid nisi soluta id beatae consectetur voluptates. Consequatur modi fuga dignissimos dolores. Consequuntur et et commodi et sed. Provident porro velit omnis consectetur. Quod eveniet quibusdam earum odit eum voluptas molestiae. Aut ad odit illum nobis et.', 'https://www.gamespot.com/a/uploads/original/1562/15626911/3002107-5032115-04-variant.jpg', 'Camron Koelpin'),
(1082, 212, 'et eaque', 'Id earum officiis quo. Aliquid consequatur quasi qui iste. Nesciunt a porro possimus aut veritatis temporibus molestiae. Optio quo accusantium nemo excepturi aut. Beatae commodi tenetur et est. Et commodi ut dicta vero voluptas. Aperiam ex vel adipisci et. Culpa qui pariatur voluptas error. Animi qui labore sequi tenetur voluptas rem. Voluptatem quod officiis quia. Nam qui dolor voluptatibus quod. Ut omnis nemo aspernatur sapiente nostrum. Incidunt quia at provident iste est alias. Consequatur minus reprehenderit qui provident ex accusamus.', 'https://static.wikia.nocookie.net/marveldatabase/images/d/d8/Deadpool_Vol_3_1.jpg/revision/latest?cb=20191227043225', 'Samantha Nienow'),
(1083, 207, 'occaecati et assumenda', 'Eaque vitae dolorem ad cum dignissimos. Qui provident eaque optio dolor aliquam dolorem. Delectus soluta eligendi ut repudiandae error facere nostrum error. Sed sapiente fugiat rem in rem suscipit. Non et dolor ab sed possimus delectus hic. Maxime totam et id. Ratione praesentium minima non error. Tempore neque commodi minima vitae adipisci saepe. Sit sit et enim aperiam.', 'https://cdn2.originalcomics.fr/26776/buffy-contre-les-vampires-saison-8-tome-1-vf.jpg', 'Paige Murray'),
(1084, 204, 'ducimus aperiam qui sunt', 'Maxime non rerum aliquid repudiandae repudiandae. Rem non aliquam qui rerum sit. Temporibus exercitationem a rerum quis sit illum et. Omnis eos dolorem voluptatum aspernatur nostrum rem voluptatum. Mollitia adipisci laboriosam dolores aspernatur et quidem commodi. Officia dolores omnis sequi possimus. Rerum assumenda provident saepe qui. Eum rerum assumenda autem ad quas.', 'https://cdn-products.eneba.com/resized-products/5jDEHg3wge1U7YZJVCOM2BTq98NC5lraxlc__mT3bIg_350x200_3x-0.jpeg', 'Vicente Pouros'),
(1085, 207, 'totam praesentium occaecati', 'Non sed facere et ut qui ut. Corrupti officia dolor est quos nulla iste. Et voluptatibus minima quam nisi eveniet magnam debitis. Repellendus dolor quia dolorem est aut iure. Labore voluptatem ut sunt quisquam. Vitae quia reprehenderit ut vel aspernatur non quasi. Cum commodi voluptate maxime doloremque sint. Ullam accusantium eum sed quas dicta similique illo et. Illum repellendus nisi impedit rerum. In dolorum deleniti pariatur voluptatem modi sunt qui consectetur. Quod magni odit a unde est facilis.', 'https://mlpnk72yciwc.i.optimole.com/cqhiHLc.WqA8~2eefa/w:auto/h:auto/q:75/https://bleedingcool.com/wp-content/uploads/2020/09/TWDDLX01_Adams-Cover.jpg', 'Dawn Smitham'),
(1086, 209, 'esse quia', 'Molestiae modi doloremque officiis exercitationem sit sint. Nobis culpa mollitia consequuntur eum dolorem. Quaerat earum error rerum in voluptatibus laborum voluptate doloremque. Quaerat enim consequatur cumque. A reiciendis eius modi quia esse ut eius. Nobis necessitatibus ut doloremque necessitatibus vel. Doloremque officiis facere tempore error rerum. Nostrum minus quam accusamus et. Tempore eum cum aliquid exercitationem non pariatur illum nesciunt. Fugiat doloremque expedita id earum modi modi.', 'https://www.gamespot.com/a/uploads/original/1562/15626911/3002107-5032115-04-variant.jpg', 'Jordy Kirlin'),
(1087, 207, 'et consequatur quibusdam occaecati', 'Tempore similique et eos natus voluptatem cupiditate. Perferendis pariatur impedit distinctio quasi laborum. Est suscipit quaerat pariatur vitae consequuntur libero. Cupiditate repellendus ut dolores dignissimos aut beatae impedit. Aut at quia quasi earum ipsum. Voluptas dolor et dicta magnam veniam. Enim eligendi reiciendis debitis eum fugit. Expedita doloremque debitis rerum. Quod enim labore in voluptas non ipsam.', 'https://images-na.ssl-images-amazon.com/images/I/71aGRDbG9WL.jpg', 'Juana Oberbrunner'),
(1088, 214, 'consectetur ab quia', 'Ab quasi quis omnis eligendi omnis. Qui laborum dolorum modi voluptas recusandae qui. Esse illo et quibusdam accusamus aperiam assumenda. Et iste doloribus et et et ut doloremque. Nihil molestiae nobis dolore dolore molestias. Dolorum explicabo sapiente incidunt omnis et. Sit et nihil ea odit laborum quis. Consequuntur qui explicabo reiciendis nostrum et aut earum. Dolorum doloremque maiores pariatur facere. Voluptatem itaque omnis quasi quasi excepturi aut voluptas. Dicta dolores distinctio ab omnis qui tempore rerum.', 'https://shop.sergiobonelli.it/resizer/1000/-1/true/1491832832859.jpg--le_dieci_tribu___martin_mystere_350_cover.jpg?1491832835000', 'Ali Heathcote'),
(1089, 208, 'quia similique qui', 'Quia aliquam sint aut. Repellat iste minima ipsum vero culpa eaque. Voluptate omnis accusamus laudantium ea mollitia sed. Numquam qui sit reprehenderit a recusandae sunt. Nemo nisi quam sapiente facilis. Ut asperiores aut velit aliquam harum. Et non illo eum expedita debitis iste ex. Accusantium facilis reprehenderit expedita qui porro laudantium qui facilis. Quam rerum quisquam rerum nemo occaecati. Error numquam ut sed laborum hic nihil. Dicta dolorem odit exercitationem id numquam qui omnis. Aut accusamus voluptas nihil nulla omnis. Maxime necessitatibus a enim et.', 'https://cdn-products.eneba.com/resized-products/5jDEHg3wge1U7YZJVCOM2BTq98NC5lraxlc__mT3bIg_350x200_3x-0.jpeg', 'Lia Strosin'),
(1090, 214, 'consequatur', 'Nihil molestiae eos magnam maiores ut. Ut qui esse magnam consectetur. Inventore ut et occaecati consequatur ad ab iure. Vero alias quod quis reiciendis excepturi. Quaerat aperiam excepturi fugit eaque. Fuga quos illo velit ex quas enim. Et dolorem occaecati dolore. Nostrum quidem quod omnis. Fugit tempora sunt atque eius velit. Deleniti autem ullam architecto in. Quo esse ab corrupti est. Ducimus voluptatibus illo tempora aut. Perferendis maiores voluptate asperiores tenetur similique.', 'https://static.wikia.nocookie.net/marveldatabase/images/d/d8/Deadpool_Vol_3_1.jpg/revision/latest?cb=20191227043225', 'Jadon Haag'),
(1091, 200, 'dolores voluptatem veritatis unde', 'Ratione natus explicabo porro animi ipsum. Qui cupiditate tempora consequuntur molestiae et molestias qui. Eum saepe consequatur quia perspiciatis aut unde. Dolores id necessitatibus quibusdam molestiae rerum quibusdam et dolor. Sit deserunt et libero deleniti. Perspiciatis quos voluptas beatae dolorem. Quisquam eveniet quia quia ea et tempora rem et. Doloremque nam odio consectetur rerum. Accusamus tenetur omnis molestiae explicabo impedit. Ullam culpa quaerat aliquid. Et dignissimos eius commodi debitis labore et. Rerum ut modi corrupti cupiditate voluptatem sequi.', 'https://images-na.ssl-images-amazon.com/images/S/cmx-images-prod/Item/279507/279507._SX1280_QL80_TTD_.jpg', 'Jeromy Collins'),
(1092, 215, 'qui dolores quos', 'Quidem quod magni aliquam at minima commodi. Sit officiis ducimus nesciunt sunt saepe. Nobis nihil ipsa distinctio enim. Et totam ea mollitia dignissimos. Et non quos perferendis qui. Quod voluptatum aut et tempora repudiandae dolorem quod. Voluptatibus delectus autem est quibusdam. Ab earum debitis magnam est voluptates. Placeat aut consequatur nihil. Sapiente qui nam est ipsam et dolorem blanditiis. Cum sunt sunt accusamus qui. Et veritatis vero dolorem molestiae corrupti totam ea. Molestias quod totam maxime qui. Est nesciunt ipsa corporis est. Quia fuga accusamus laudantium labore soluta.', 'https://mlpnk72yciwc.i.optimole.com/cqhiHLc.WqA8~2eefa/w:auto/h:auto/q:75/https://bleedingcool.com/wp-content/uploads/2020/09/TWDDLX01_Adams-Cover.jpg', 'Autumn Stracke'),
(1093, 201, 'ad quo nostrum adipisci', 'Alias vel odit beatae magnam ab. Consectetur harum quae voluptatem voluptatem. Et totam odit neque necessitatibus tenetur eos. Et id tempore ab necessitatibus ea maiores. Placeat quos debitis quos magnam. Beatae quisquam vel consequatur est quos nihil dolor. Vero nisi molestiae temporibus nisi. Velit magnam aliquid soluta nobis ut ullam inventore dolores. Dicta qui ipsam est expedita culpa debitis sunt odio. Qui reprehenderit nobis aut exercitationem. Et vero pariatur qui aliquam dolorum molestiae. Accusantium voluptatem autem numquam laboriosam voluptates.', 'https://c8.alamy.com/compfr/t27dd2/italie-1973-premiere-edition-de-marvel-comic-books-couvrir-de-captain-america-t27dd2.jpg', 'Evie Stanton'),
(1094, 208, 'accusamus', 'Et in nihil incidunt at dolorem. In sint et earum quis sed dolore. Sed sapiente vitae aut unde dolores in. Voluptates consequatur consequatur consequatur fugit velit. Labore sit ab sed tempore voluptates expedita sed. Qui debitis non sunt sit. Eaque quis modi perspiciatis eum dolore ut sit. Veniam deserunt eum vero in culpa. Iusto repudiandae eius dolores molestiae. Et quam labore vero tenetur unde. Natus inventore quis autem ut delectus vitae in maxime. Enim voluptatum aut officiis deleniti reiciendis.', 'https://cdn2.originalcomics.fr/26776/buffy-contre-les-vampires-saison-8-tome-1-vf.jpg', 'Annalise Lubowitz'),
(1095, 204, 'modi et', 'Unde dicta quaerat autem ea enim consectetur et. Aut quia cumque tempora rem illo sapiente. Rerum tempore eum mollitia. Distinctio praesentium odit nihil placeat eveniet consequuntur. Commodi harum delectus voluptatem neque sunt repellendus. Aperiam exercitationem minus et earum consequatur. Voluptas ea reprehenderit velit in id. Magnam ipsam cumque asperiores illo id. Beatae unde ipsa et est. Necessitatibus aut quidem voluptates aliquam animi aut officia. Fuga magnam dolores rerum ut. Voluptatum aut distinctio iste iste id.', 'https://images-na.ssl-images-amazon.com/images/I/81KsPBgzmtL.jpg', 'Alex Macejkovic'),
(1096, 212, 'mollitia', 'Possimus molestiae sapiente ut magnam ipsa. Quae laborum aspernatur dolorem. Odit velit saepe porro quia minus magni eum. Odit officiis quo suscipit recusandae nihil. Voluptas debitis asperiores veniam amet mollitia. Optio sit et qui officiis qui molestias. Quia quia reiciendis dolor vel. Dignissimos error aspernatur vel molestiae enim quibusdam voluptatem. Officia est non voluptatem quia aliquam. Ut et id consequatur et quia reiciendis. A omnis minus omnis dolores molestias quis. Magni qui quod sed. Suscipit quia laborum quia quia voluptas incidunt odit.', 'https://cdn-products.eneba.com/resized-products/5jDEHg3wge1U7YZJVCOM2BTq98NC5lraxlc__mT3bIg_350x200_3x-0.jpeg', 'Emely Rau'),
(1097, 203, 'provident laudantium quos vel', 'Sint debitis autem nam molestias. Alias distinctio eos tempore similique quae enim. Qui placeat dolorem ut fugit corrupti et. Qui hic dolor sed vitae dicta. Saepe minima impedit omnis eum accusantium placeat maxime. Quo sit ut aspernatur quos. Officiis quia voluptates mollitia id quaerat. Esse occaecati esse aliquam sit. Autem repudiandae blanditiis consequatur ea. Qui id atque qui vitae. Aperiam praesentium et non ut ducimus modi quis. Non ut at pariatur est voluptatem excepturi necessitatibus. Et vitae minus et ut sed deleniti quaerat.', 'https://mlpnk72yciwc.i.optimole.com/cqhiHLc.WqA8~2eefa/w:auto/h:auto/q:75/https://bleedingcool.com/wp-content/uploads/2020/09/TWDDLX01_Adams-Cover.jpg', 'Jamison Donnelly'),
(1098, 204, 'ducimus', 'Molestiae dolorem natus voluptate cupiditate qui quas optio. Repellendus commodi est occaecati et. Quia velit corrupti quibusdam. Accusamus nemo aliquid mollitia id tempora. Reiciendis ipsam voluptas id delectus sunt. Accusamus quam assumenda ut sequi enim ea reiciendis. Voluptas doloribus harum repudiandae dolorem. Molestiae quibusdam occaecati quia accusantium repellendus. Dolor quo autem in. Dolorem laborum laudantium quis et sit et quo libero. Consequatur pariatur dolorem reprehenderit ratione modi.', 'https://cdn-products.eneba.com/resized-products/5jDEHg3wge1U7YZJVCOM2BTq98NC5lraxlc__mT3bIg_350x200_3x-0.jpeg', 'Cornell Dicki'),
(1099, 202, 'nihil', 'Voluptatem nulla eos expedita quaerat fugiat. Illo nesciunt enim debitis nihil accusantium qui doloribus at. Corrupti non quibusdam itaque aut. Porro dolorem praesentium ut. Dicta aut voluptates est et qui voluptates nihil. Quisquam necessitatibus consequatur in. Non quas voluptatum rem vero voluptas quasi. Natus quaerat nobis quo. Perferendis rerum harum laboriosam quo vel. Dolorem architecto sed similique voluptatum rerum qui nostrum minima. Ut possimus quibusdam velit ea quia. Consequatur vel odit fuga eos. Magni ut est dolorem impedit. Rerum ut vel nulla omnis.', 'https://bddi.2dcom.fr/LocalImageExists.php?ean=9782811215620&isize=full&gencod=3027166420000&key=DimetGmAYGQEsjiN', 'Dejuan Terry'),
(1100, 216, 'praesentium corrupti et rerum', 'Officia libero dolores sapiente qui voluptatum aut ipsam repellat. Expedita aut quis qui assumenda. Impedit commodi minima vero facere nesciunt rerum impedit ipsam. Autem ut cupiditate ad eligendi veniam tempore. Perspiciatis doloremque est dolorem veniam qui aliquam esse nihil. Minima fugit molestias voluptate incidunt minus. Assumenda officia porro sequi deleniti laboriosam nulla reprehenderit velit. Omnis delectus aut ut ipsam sunt illo quibusdam. Explicabo hic omnis labore eius vero sint. Unde est nemo recusandae magni. Beatae inventore illum sint nobis aliquid architecto blanditiis.', 'https://shop.sergiobonelli.it/resizer/1000/-1/true/1491832832859.jpg--le_dieci_tribu___martin_mystere_350_cover.jpg?1491832835000', 'Cletus D\'Amore');

-- --------------------------------------------------------

--
-- Structure de la table `comic_category`
--

CREATE TABLE `comic_category` (
  `id` int(11) NOT NULL,
  `name` varchar(50) COLLATE utf8mb4_unicode_ci NOT NULL
) ENGINE=InnoDB DEFAULT CHARSET=utf8mb4 COLLATE=utf8mb4_unicode_ci;

--
-- Déchargement des données de la table `comic_category`
--

INSERT INTO `comic_category` (`id`, `name`) VALUES
(199, 'Action / Aventure'),
(200, 'Humoristique'),
(201, 'Fantastique'),
(202, 'Heroic Fantasy'),
(203, 'Policier / Enquête'),
(204, 'Historique'),
(205, 'Horreur'),
(206, 'Arts Martiaux'),
(207, 'Musical'),
(208, 'Romance'),
(209, 'Science Fiction'),
(210, 'Sports'),
(211, 'Espionnage'),
(212, 'Steampunk'),
(213, 'Superhero'),
(214, 'Ados'),
(215, 'Guerre'),
(216, 'Western');

-- --------------------------------------------------------

--
-- Structure de la table `doctrine_migration_versions`
--

CREATE TABLE `doctrine_migration_versions` (
  `version` varchar(191) COLLATE utf8_unicode_ci NOT NULL,
  `executed_at` datetime DEFAULT NULL,
  `execution_time` int(11) DEFAULT NULL
) ENGINE=InnoDB DEFAULT CHARSET=utf8 COLLATE=utf8_unicode_ci;

--
-- Déchargement des données de la table `doctrine_migration_versions`
--

INSERT INTO `doctrine_migration_versions` (`version`, `executed_at`, `execution_time`) VALUES
('DoctrineMigrations\\Version20220111102052', '2022-01-11 10:21:09', 1214);

-- --------------------------------------------------------

--
-- Structure de la table `event`
--

CREATE TABLE `event` (
  `id` int(11) NOT NULL,
  `category_id` int(11) NOT NULL,
  `place_id` int(11) DEFAULT NULL,
  `owner_id` int(11) NOT NULL,
  `activity_id` int(11) NOT NULL,
  `name` varchar(100) COLLATE utf8mb4_unicode_ci NOT NULL,
  `description` longtext COLLATE utf8mb4_unicode_ci NOT NULL,
  `picture` varchar(255) COLLATE utf8mb4_unicode_ci NOT NULL,
  `start_at` datetime NOT NULL,
  `end_at` datetime NOT NULL,
  `capacity` int(11) DEFAULT NULL,
  `game_level` varchar(50) COLLATE utf8mb4_unicode_ci DEFAULT NULL
) ENGINE=InnoDB DEFAULT CHARSET=utf8mb4 COLLATE=utf8mb4_unicode_ci;

--
-- Déchargement des données de la table `event`
--

INSERT INTO `event` (`id`, `category_id`, `place_id`, `owner_id`, `activity_id`, `name`, `description`, `picture`, `start_at`, `end_at`, `capacity`, `game_level`) VALUES
(701, 72, 1014, 4227, 54, 'et maxime adipisci et eum aliquam modi occaecati rerum', 'Illum sed quibusdam voluptas laboriosam. Et perspiciatis quia pariatur nemo ipsa. Atque beatae repudiandae vel deleniti aut nam. Et pariatur expedita ut. Iusto aut ipsa quia aut et enim. Sit soluta laborum pariatur quidem. Rerum ipsum quia magni rerum. Id qui atque aut magni quia suscipit occaecati. In vero architecto voluptatibus accusamus libero doloribus. Corporis ut doloremque est dolores. Tempore aut assumenda nihil accusantium. Voluptatem aliquid possimus ducimus sit commodi quod nobis. Quaerat hic cupiditate saepe similique animi maiores. Facilis temporibus est doloribus dignissimos eius. Dolor velit aut architecto ut omnis. Non impedit corrupti occaecati nostrum officiis enim. Qui sed aut tempora.', 'https://happydays365.org/wp-content/uploads/2020/05/Geek-Pride-Day-1080x630.jpg', '2022-01-24 13:06:53', '2022-01-25 15:37:10', 320, NULL),
(702, 75, 1068, 4007, 52, 'pariatur nesciunt quibusdam necessitatibus eos ea eligendi illo iure', 'Velit soluta magnam placeat officia. Aut quia unde labore perferendis. Consequatur quo maiores eum distinctio perspiciatis perspiciatis. Amet dolorem enim harum nesciunt tempora soluta eum. Quis ut aut eos eum. Illo optio quis earum ea distinctio ut. Magni id optio error repellat. Dolor officia suscipit ea vitae odit ipsum. Qui quod ad quia dolorem qui dolore. Asperiores et ut asperiores. Error voluptate rerum eveniet hic debitis omnis. Quos ab eos numquam est eos hic. Quis tempore omnis quis sint dolor ab beatae. Culpa doloremque autem reprehenderit non consequatur perspiciatis quas ad. Eum repudiandae nihil mollitia ipsum recusandae est consequatur. Repudiandae aut consectetur recusandae qui eaque voluptas. Labore enim omnis ut cumque inventore saepe odio.', 'https://previews.123rf.com/images/microone/microone2006/microone200600047/148520518-board-game-evening-friends-meeting-happy-players-characters-isolated-teenagers-or-adults-playing-car.jpg', '2022-03-05 21:23:40', '2022-03-08 18:14:43', 306, 'Intermédiaire'),
(703, 75, 1066, 4152, 54, 'qui nesciunt eos', 'Est voluptatem omnis dolor enim ipsa ratione quia accusantium. Vel labore et commodi voluptatem vel exercitationem facilis. Facilis autem inventore et laborum. Voluptatem nisi praesentium quis molestiae ipsum voluptates eveniet. Voluptates laboriosam est expedita nihil nihil tempore aliquid porro. Alias nihil nam ut quo. Ea quia aperiam commodi. Modi debitis quam quia voluptates eos. Asperiores corporis enim quae possimus. Sapiente sit voluptatem ad omnis dolores nobis quibusdam voluptate. Voluptas sunt explicabo sunt voluptas et. Modi doloribus ut ab et assumenda.', 'https://www.realite-virtuelle.com/wp-content/uploads/2020/11/pokemon-go-milliard-revenus.jpg', '2022-01-19 21:05:59', '2022-01-20 07:29:44', 202, NULL),
(704, 74, 1085, 4281, 55, 'voluptatem id quibusdam', 'Quod quia id ea pariatur. Unde natus reiciendis distinctio autem. Aut quia sed est error cupiditate. Recusandae vel modi voluptatem non enim. Repellat ut et praesentium quos voluptatem autem adipisci. Qui mollitia et accusamus rem. Veniam aspernatur fugit laborum hic consectetur. Error hic dolorum accusamus ipsa nihil et aliquam cum. Eos nemo hic et modi nostrum. Quis error voluptatem cum dolor quasi id molestiae. Nobis nisi sint autem ducimus. Dolorum laborum aut ut mollitia rerum tempore cupiditate. Et fugiat necessitatibus magnam ipsum. Illum voluptas laudantium optio eaque corporis quos. Ipsa et optio error illo molestiae temporibus facilis. Dicta sunt sint ipsa numquam quis laboriosam at. Dignissimos numquam voluptas qui fugit. Voluptas eum nam velit nam sed et.', 'https://www.miraigamers.com/wp-content/uploads/2021/07/Yu-Gi-Oh-Master-Duel-arrive-sur-tous-les-supports-pret-pour-le-Duel.jpg', '2022-07-02 21:26:24', '2022-07-05 13:11:52', 15, 'Tous niveaux'),
(705, 73, NULL, 4147, 53, 'velit aut ut quia maxime voluptate voluptatibus dolor earum et', 'Odio tempora odit accusamus facere rerum eveniet reiciendis minima. Eum et et et sequi. Neque molestiae sed et vero. Ut harum ut quisquam maiores nulla. Voluptas doloremque reprehenderit blanditiis ut. Sit sit aut illum provident. Qui delectus quod voluptatum sed illum perspiciatis. Officia quas repellat sit. Praesentium voluptate dolores ea et omnis officia sunt. Rerum perspiciatis maiores voluptas impedit est rerum ut modi. Ipsa libero deserunt voluptatem neque eius porro sunt. Aperiam ipsam voluptas voluptatem qui eum voluptatem. Unde repellendus quisquam culpa architecto veniam. Qui et suscipit dignissimos dolor.', 'https://images.ctfassets.net/s5n2t79q9icq/114xMnrR6RiLD15UxL8LYZ/ca73ec9fe59f654a150b543e05979181/Meta-Homepage.jpg', '2022-01-18 11:45:25', '2022-01-20 22:46:28', 353, NULL),
(706, 77, 1098, 4364, 53, 'non excepturi et sed', 'Quos suscipit est possimus explicabo dolorum perspiciatis. Quis tempora voluptas sit vitae non rerum. Et velit maxime beatae ipsa eos aut. Suscipit sint nemo atque veritatis fugiat dolorum ex. Aspernatur animi quod molestiae eos voluptatem sint nisi. Provident rerum quae placeat. Amet id ipsam fuga est quibusdam voluptatem iusto. Asperiores temporibus animi optio nostrum ullam. Excepturi voluptatum ex unde nobis non eum sapiente. Nesciunt at ut cumque amet consequatur tenetur. Ut aspernatur corrupti quia atque quo soluta. Et magnam dolor est qui. Perferendis doloribus dolores natus. Sequi perspiciatis laudantium corrupti sunt. Quod aut rem sit odit culpa.', 'https://www.presse-citron.net/app/uploads/2021/05/koch-media-e3-conference.jpeg', '2022-05-08 09:20:30', '2022-05-09 12:06:38', 244, NULL),
(707, 77, 1039, 4216, 55, 'quis aliquid quia deserunt unde incidunt voluptatem et qui pariatur', 'Ullam debitis ut fugit soluta rerum. Facere officiis molestias consequatur ut assumenda. Necessitatibus vel et corrupti esse nostrum sapiente dolore. Nesciunt et ut voluptatem nesciunt quasi ut eum. Sed nesciunt illum natus earum libero quisquam. Molestiae impedit omnis rerum ea repudiandae occaecati id. Quos quia nulla qui cumque. Voluptatibus rem a deserunt praesentium. Et molestiae vero amet consequuntur temporibus aspernatur. Distinctio eum voluptatem sed enim exercitationem aut quos. Nobis magnam optio optio nesciunt sed. Molestiae dolores et rerum quos tempora voluptatem error.', 'https://img.redbull.com/images/c_limit,w_1500,h_1000,f_auto,q_auto/redbullcom/2019/11/08/fc0f91de-3998-4be5-b50e-96d8d9e0cd45/lol-10-ans-league-of-legends', '2022-04-20 14:13:34', '2022-04-23 05:21:07', 180, 'Intermédiaire'),
(708, 72, 1002, 4049, 54, 'quo incidunt explicabo soluta aut', 'Quia hic id sint nihil officiis. Est quaerat saepe reprehenderit mollitia corrupti vel cum. Illo voluptas in reiciendis itaque ea temporibus officia. Ea dolor ut laudantium dolores. Repudiandae beatae alias necessitatibus consequatur. At qui rerum ut voluptas. Quia nam commodi laudantium minima earum ea et. Incidunt soluta rerum voluptatibus voluptatum ut soluta animi. Ipsum deleniti placeat id fuga ut aut. Rerum voluptatum ea et provident doloribus asperiores illum. Qui vel alias voluptate architecto et deleniti sunt. Fuga non voluptatem et fugit. Quam minima nobis est perferendis asperiores minus necessitatibus. Ut deleniti delectus placeat dolorum reiciendis vitae ut laborum.', 'https://www.rom-game.fr/multimedia/agenda/211005_videgreniergeekpampuyre2022.jpg', '2022-03-11 04:08:40', '2022-03-13 07:00:04', 406, NULL),
(709, 72, 1012, 4287, 53, 'magnam et sed', 'Sint temporibus rerum laudantium. Nam saepe eum explicabo consequatur suscipit molestias cum. Deserunt corrupti ut reprehenderit corrupti. Unde nihil neque nihil molestias culpa. Optio vel iure beatae ad doloremque expedita. Optio perferendis officiis hic vitae voluptatibus iusto numquam. Eos placeat eligendi aspernatur quis voluptas beatae quae totam. Est enim est autem iure qui non impedit. Totam ut explicabo est. Quos omnis impedit omnis consequatur. Quo qui non sint quam delectus aut. Architecto consequatur et debitis ut fuga et dolorum. Aut ex voluptas dicta dolor perferendis cum. Blanditiis molestiae incidunt perferendis dolorem id.', 'https://www.rom-game.fr/multimedia/agenda/211005_videgreniergeekpampuyre2022.jpg', '2022-06-17 06:58:41', '2022-06-17 13:03:10', 199, NULL),
(710, 74, NULL, 4193, 54, 'deleniti fugiat autem voluptatum at cum modi ratione consequatur magni', 'Voluptatem consequatur modi asperiores id ea necessitatibus. Voluptate est est recusandae qui enim sint nostrum. Recusandae dolores et consequatur ipsam. Totam excepturi ullam autem maxime consequatur inventore consequatur iusto. Optio voluptates aut nostrum sapiente culpa nisi sunt. Excepturi qui et perferendis sapiente omnis. Est nihil aut quia ipsa. Cupiditate et ratione eaque quia voluptatem rerum rerum explicabo. Id aut atque iste. Earum quisquam dicta cumque voluptas qui vero. Similique iste quaerat illo. Vero quidem ut explicabo harum et fugiat. Beatae magni in animi impedit velit eveniet. Sunt aut aut inventore unde asperiores assumenda. Qui est qui alias et. Ipsa repellat occaecati eos.', 'https://i0.wp.com/www.nintendo-town.fr/wp-content/uploads/2019/04/H2x1_NSwitch_MortalKombat11_image1600w.jpg?fit=1600%2C800&ssl=1', '2022-05-04 00:47:19', '2022-05-04 08:23:11', 84, NULL),
(711, 75, 1010, 4427, 55, 'recusandae qui fugit animi quasi nisi', 'Voluptate animi quaerat quidem rerum. Libero aut et ullam cupiditate at. Cumque incidunt vel ipsum id voluptates saepe occaecati consequatur. Ipsum doloribus officia omnis labore. Est veniam non cupiditate. Qui repellendus qui eveniet recusandae delectus. Ipsa quo et quas non fugiat debitis. Magni fuga ipsa corrupti esse. Minus nobis assumenda aperiam deleniti. Laudantium eligendi repellendus nihil. Nesciunt aut deleniti tempore esse officiis quia et. Qui tempore harum expedita esse eius et cumque consequatur. Id velit odio consectetur tempora officiis at nihil. Cum debitis asperiores saepe veritatis ab. Eos voluptatem animi temporibus repudiandae tenetur adipisci et perspiciatis. Voluptatem omnis quibusdam inventore ut eveniet. Quo rerum temporibus dolor et nemo sunt.', 'https://i0.wp.com/www.nintendo-town.fr/wp-content/uploads/2019/04/H2x1_NSwitch_MortalKombat11_image1600w.jpg?fit=1600%2C800&ssl=1', '2022-01-08 03:08:56', '2022-01-09 23:37:38', 203, 'Tous niveaux'),
(712, 76, 1043, 4389, 53, 'et numquam vel minus amet eveniet debitis omnis rerum ad', 'Modi repellat velit qui deserunt itaque pariatur a eligendi. Animi est neque incidunt totam. Eligendi aut esse et debitis iure voluptas est. Quo quia consequatur quia aut hic. Consectetur ducimus et provident in. Iusto similique dignissimos nobis in ea sed. Qui voluptatem excepturi veritatis dolor a quis repellat. Omnis eaque odit dolorum aut est voluptatem. At eius cumque eum reprehenderit dolorum. Nemo iste architecto culpa dolores. Minus libero harum veniam et doloremque. In dolorem molestiae laborum. Distinctio error reiciendis saepe ea atque. Explicabo ut quibusdam ut voluptatem fuga autem aut. Beatae non at voluptas laboriosam tenetur quam. Qui quia sit exercitationem minus.', 'https://www.presse-citron.net/app/uploads/2020/04/e3-online.jpg', '2022-04-11 19:14:30', '2022-04-14 02:04:18', 167, NULL),
(713, 77, 1070, 4373, 54, 'consequuntur quo quam fugiat quo quo cum magni illum', 'Voluptatibus blanditiis necessitatibus magnam sunt. Qui aperiam sapiente itaque aut alias illum. Et labore consequuntur sed sapiente similique et nihil sed. Qui occaecati officia minima. Voluptate nesciunt sit dolor beatae quis. Rerum quo reiciendis sit labore quis quia. Eos ea consequuntur dolorem est. Dolore rem qui soluta qui. Reiciendis sit voluptates veritatis sed est sunt vero. Sint quod et doloribus beatae nam. Quas et commodi autem voluptas enim totam. Distinctio aut minima eum expedita non nam. Et dolores a rerum nihil. Earum doloribus exercitationem aut. Accusamus fugiat sed mollitia. Quos eum ipsam et non sed. Ullam quaerat eaque illum suscipit accusantium quis ut exercitationem. Aut et corrupti velit nulla vero omnis. Ea voluptas et velit itaque voluptas.', 'https://img.redbull.com/images/c_limit,w_1500,h_1000,f_auto,q_auto/redbullcom/2019/11/08/fc0f91de-3998-4be5-b50e-96d8d9e0cd45/lol-10-ans-league-of-legends', '2022-02-24 01:32:14', '2022-02-25 18:21:20', 471, NULL),
(714, 76, 1070, 4435, 52, 'qui ea voluptatibus qui dolores et aut', 'Dolores magnam iure corporis illo aspernatur. Dolor ratione veniam quas odit praesentium. Autem esse nostrum quam. Non veritatis occaecati enim ipsum eveniet quis. Rerum quod sunt doloribus saepe omnis. Vel dicta consequatur ullam exercitationem. Dolores voluptatem consequatur incidunt nisi. At neque neque vel in qui. Ex illo officiis et repudiandae omnis totam aliquam. Aut omnis mollitia necessitatibus doloribus sit debitis. Et ducimus omnis soluta. Aliquam quod recusandae excepturi sit magni dolorum. Laborum et non blanditiis. Nulla beatae fugit quo velit similique debitis. Est accusantium blanditiis labore voluptatem dignissimos. Magni animi fugit ut omnis aut occaecati. Optio qui odio velit dolor maiores animi repellendus qui.', 'https://img.redbull.com/images/c_limit,w_1500,h_1000,f_auto,q_auto/redbullcom/2019/11/08/fc0f91de-3998-4be5-b50e-96d8d9e0cd45/lol-10-ans-league-of-legends', '2022-05-04 22:06:31', '2022-05-07 09:08:49', 171, 'Tous niveaux'),
(715, 73, NULL, 4361, 54, 'molestiae fugit sed quidem porro magnam', 'Est velit libero temporibus fugit eaque consequatur dolore. Minus deleniti tempore sed eos sit occaecati. Cupiditate sunt ad voluptatem deleniti. Dolores suscipit omnis adipisci sunt quos. Eos et eum aliquam aliquid eaque et sed. Eum earum mollitia velit. In odit error dolorum eos. Sit soluta voluptas dolores aliquid fugit. Dicta aut odio alias et. Consequuntur saepe inventore ipsum accusamus necessitatibus unde placeat praesentium. Natus magni qui consequuntur sint. Reprehenderit eos necessitatibus provident quis. Enim excepturi aliquam iusto dolor qui. Quasi accusamus harum neque iure. Sit qui corporis non a labore quasi. Distinctio quasi eligendi perspiciatis qui. Et impedit quisquam velit alias optio laboriosam.', 'https://fr.web.img2.acsta.net/newsv7/20/06/30/12/28/5740456.jpg', '2022-03-14 02:32:30', '2022-03-16 10:26:15', 459, NULL),
(716, 76, 1066, 4024, 52, 'eius quia repellat est', 'Et rerum quas qui voluptas modi culpa fugit. Id quo quaerat facilis quia. Omnis accusantium voluptates et quia error voluptates. Voluptate adipisci iste sed quod voluptatem minus. Voluptatem omnis et harum sit non. Est repellendus temporibus nesciunt quia nostrum. Asperiores suscipit ex eius iusto repellendus maiores aliquid. Aliquam quo enim eum explicabo quod. Magnam accusantium aut odit possimus. Eos eaque maiores quaerat. Est dolor eos laborum necessitatibus veniam. Iste eveniet eum nemo et sint ea. Incidunt earum illo natus. Rerum sequi omnis recusandae eaque sed iste vel. Alias repellat minima ullam quia. Ratione velit architecto delectus quasi voluptatem culpa. Non excepturi mollitia molestiae omnis. Corrupti voluptatem et at doloribus amet itaque optio.', 'https://www.presse-citron.net/app/uploads/2020/04/e3-online.jpg', '2022-05-10 18:27:45', '2022-05-11 00:25:22', 194, 'Confirmé'),
(717, 77, 1023, 4415, 53, 'et cupiditate harum sit quae nulla ut beatae', 'Ut et quasi dolorem soluta qui. Quas beatae sunt voluptate eum eius at quia. Ad corporis sapiente odit consectetur. Velit officiis repudiandae iste eum accusantium temporibus sed. Molestiae dicta molestiae deleniti hic. Praesentium eius id fugit nulla iure provident perspiciatis. Aut fuga aliquid dolores vel et doloribus sint. Fugit vel illum mollitia eos dolor est. Suscipit voluptas iste eligendi. Velit sed consequatur est quia dolores eveniet et. Est est repudiandae suscipit iusto qui magnam voluptatem ut. Illum corporis id cum voluptatem ab et. Magni iusto ad veniam facilis in atque ut blanditiis. Voluptas beatae ipsum voluptatem commodi ut esse.', 'https://i.ytimg.com/vi/TFZacjKUlic/maxresdefault.jpg', '2022-02-22 08:51:19', '2022-02-25 04:32:34', 159, NULL),
(718, 73, 1001, 4303, 52, 'quia nemo vel aut quasi maxime et debitis distinctio', 'Quasi tempore architecto qui qui maxime consequuntur. Qui debitis omnis quaerat amet odio. Aut quaerat veritatis doloremque corrupti voluptatum ad perferendis. Officiis quis aut vel est similique. Voluptatem a consequuntur natus est in. Debitis ex modi tenetur nam molestiae. Deleniti nulla vel dolor amet quos est. Dicta at dignissimos quos esse consequatur fugiat voluptatem. Ea fuga sed consequatur quo magni cumque iste. Eligendi dignissimos est ducimus eligendi. Laborum omnis tempora eius. Laboriosam cupiditate recusandae occaecati quas accusamus animi est. Et quibusdam possimus eligendi et labore. Non quas quisquam est id. A delectus quia id impedit quisquam. Et nulla ut qui et sit.', 'https://cdn.akamai.steamstatic.com/steam/apps/851590/capsule_616x353.jpg?t=1631538454', '2022-02-04 12:34:03', '2022-02-05 06:28:46', 165, 'Débutant'),
(719, 72, 1002, 4148, 53, 'nihil deserunt excepturi voluptas', 'Ullam quo aperiam necessitatibus iste. Dolores maxime autem quos quia. Consequatur veniam voluptatibus qui et. Facilis veniam eaque nisi delectus ex quia dolores. Architecto possimus iste aut qui omnis repellat consequatur. Ducimus qui ut ut rerum consequatur officia. Illum quidem itaque et qui eum. Voluptate nostrum sit quos adipisci rerum. Sint nostrum ullam occaecati maxime. Nesciunt voluptatem eveniet quasi ut sequi est. Ipsa fugit beatae nobis sint nisi. Sint culpa beatae enim beatae. Beatae cupiditate dolorum vero aut. Maiores praesentium quidem facere est error doloremque. Dolore autem ipsa voluptas rem odit numquam qui. Magni ea in eum esse rerum praesentium delectus.', 'https://img.redbull.com/images/c_limit,w_1500,h_1000,f_auto,q_auto/redbullcom/2019/11/08/fc0f91de-3998-4be5-b50e-96d8d9e0cd45/lol-10-ans-league-of-legends', '2022-04-09 10:31:21', '2022-04-09 12:25:07', 131, NULL),
(720, 77, NULL, 4203, 53, 'quod est illum et asperiores saepe', 'Molestiae nihil occaecati excepturi. Ab amet aliquam officia. Necessitatibus velit porro odio blanditiis fuga et facilis. Adipisci et dolor eum odit dolores. Inventore accusantium facere doloremque numquam. Sit doloribus libero veritatis sequi et. Ut atque sunt suscipit qui. Soluta non enim iste. Atque dolorem aspernatur et magni molestiae. Nobis eos est dolore omnis et nihil nulla. Recusandae dignissimos tenetur eaque illum consequatur. Consectetur fugiat autem aut possimus fugit. Amet temporibus quis aut laboriosam nam non voluptates. Nobis eaque cumque dignissimos laudantium et. Vel et est excepturi id nobis. Perferendis nemo accusamus reiciendis optio autem necessitatibus illum cupiditate. Sunt voluptatem nisi qui sit.', 'https://i.ytimg.com/vi/TFZacjKUlic/maxresdefault.jpg', '2022-01-21 09:43:59', '2022-01-21 20:17:31', 113, NULL),
(721, 73, 1098, 4495, 55, 'optio et laboriosam delectus aliquam impedit dolores quod aut cum', 'Possimus labore amet et sit mollitia qui expedita. Illum quae et in cum iure. Vel eos ex aut ab voluptates dolorem quo deleniti. Voluptatibus velit maiores est ut quia. Velit ab sit accusamus earum sit reiciendis consequatur. Ipsa sint voluptas quam. Placeat tempore fugit architecto laudantium. Ut quas odio libero natus dignissimos quasi suscipit. Similique laborum aut vel accusamus ut perferendis. Et dolore et accusantium in ea. Vel quo repellat culpa molestiae sit perferendis earum. Velit molestias autem earum inventore earum consequatur. Rerum libero qui repellendus autem aspernatur aut ea qui. Et dolorem aut est quia accusamus. Vel voluptatem fugit inventore dolore velit inventore.', 'https://cdn.arstechnica.net/wp-content/uploads/2021/07/legend-of-zelda-nes-gold-800x450.jpg', '2022-01-21 14:59:32', '2022-01-23 06:45:14', 147, 'Confirmé'),
(722, 72, 1015, 4028, 55, 'aut et qui', 'Sed voluptatem fugiat et quis. Minima odio perspiciatis aspernatur nam. Optio neque est eveniet non autem qui. Ut odit autem velit at quam. Illo delectus in ea neque magnam amet. Et aperiam officia non eos sit. Qui ut qui id qui. Est totam reprehenderit voluptas veniam. Maxime qui libero et itaque. Eum iusto beatae deserunt voluptas officia. Est odio facilis ut asperiores itaque. Fuga aut voluptas minima id sequi. Illo aut omnis laborum impedit dolorem consequatur quis dolores. Maiores molestiae magni rem perspiciatis quia quia nobis. Corrupti id dignissimos officia aliquid. Consequuntur qui architecto dolore nisi eum quis delectus eaque. Facere doloremque voluptatibus voluptatem fuga voluptates numquam. Aut ad consequatur optio et quis a. Tempora adipisci molestias culpa.', 'https://www.manga-news.com/public/images/events/geek-unchained-4.jpg', '2022-02-03 20:35:00', '2022-02-05 22:24:18', 216, 'Occasionnel'),
(723, 76, 1023, 4047, 55, 'aperiam voluptas omnis', 'Quasi et quisquam modi. Sit architecto minus quos cum sunt rerum sint. Natus iste cum et delectus omnis quae aut. Est dignissimos magnam laboriosam error nam nostrum inventore. Aut animi libero sed voluptas minima. Voluptatem natus reprehenderit facilis ut deserunt. Nobis magnam sapiente et omnis nulla. Distinctio vel quia omnis et odit quidem. Qui explicabo ipsam aut consequatur tempore itaque. Voluptas repellendus optio aut reiciendis pariatur. Aut hic ex quod velit. Repellat necessitatibus voluptatibus omnis saepe consequatur architecto voluptatem. Non quos et deleniti qui delectus dolorem. Sit iusto maxime ullam. Dolores est minima sed adipisci ipsum. Rerum ullam asperiores dolores dolore provident animi velit.', 'https://images.ctfassets.net/s5n2t79q9icq/114xMnrR6RiLD15UxL8LYZ/ca73ec9fe59f654a150b543e05979181/Meta-Homepage.jpg', '2022-03-12 02:00:46', '2022-03-13 05:48:23', 404, 'Professionnel'),
(724, 75, 1065, 4485, 52, 'modi maxime est nulla quia natus dolores recusandae qui vitae', 'Molestiae soluta dolore consequuntur dolores est ut. Quia quibusdam sed et ad saepe labore debitis. Vel dolorem itaque maxime maiores architecto aliquid rerum. Repellendus qui aut voluptatum unde esse. Id voluptas consectetur sed perspiciatis quidem assumenda officia culpa. Similique consequatur quibusdam repudiandae qui suscipit dolorem. Hic ut ipsum natus blanditiis dolorum in consequatur. Quas sequi velit nisi rerum maxime voluptas. Consequatur ea nihil eos enim vero impedit accusantium. Rerum ducimus dolores est minima nulla et omnis non. Molestiae reprehenderit vero excepturi quia quae minima alias. Praesentium sunt dolorem unde qui at. Vel quas porro aspernatur facilis enim. Et non eius cumque placeat sed eos sequi. Cumque praesentium est nulla fuga quas. A ea maxime quod minus.', 'https://www.rostercon.com/wp-content/uploads/2021/09/dcfandome-2021.jpg', '2022-01-17 09:24:13', '2022-01-19 12:21:27', 483, 'Débutant'),
(725, 74, NULL, 4343, 53, 'itaque perspiciatis corrupti voluptas sit', 'Porro ea soluta et qui corporis. Minus hic sint occaecati autem quam. Modi doloremque consequuntur qui accusamus. Numquam soluta quis aspernatur. Autem alias qui non error ea et. A numquam iure vel soluta rem molestiae. Autem ut et quia et voluptas qui qui. Molestiae magni eos natus repellendus. Architecto tempora itaque aut et officiis culpa laudantium. Voluptatem unde blanditiis blanditiis. Possimus nihil possimus eius minus dolor possimus. Saepe quo ea aut veritatis nihil doloribus. Inventore quibusdam vel autem. Nihil eos commodi est non. Est assumenda sunt aut est. Consectetur voluptatem at nostrum sint molestiae aut autem. Iusto facilis laborum quis ducimus porro ex. Cum ea reprehenderit quidem quas. Nesciunt exercitationem sit accusantium.', 'https://pbs.twimg.com/media/EECAyk7W4AAQP9w.jpg', '2022-01-20 09:00:21', '2022-01-23 05:07:04', 338, NULL),
(726, 75, 1008, 4041, 53, 'et sapiente sunt occaecati praesentium aut dolorem asperiores', 'Porro esse praesentium adipisci ex occaecati quisquam molestias qui. Voluptatem incidunt ut est voluptatem aut hic odit. Pariatur dolorem ut odio. Repellendus suscipit eum voluptas id eligendi. Ducimus nobis sunt earum amet id ipsam harum. Nisi laboriosam harum maxime non. Sunt quaerat minima aut qui sit adipisci libero. Veritatis magni corrupti impedit consequatur ab est non. Maxime fuga voluptatem quia maiores. Ratione quia nihil nobis qui suscipit consequatur error at. Sit repellat et qui aut. Et velit cupiditate aut quaerat. Et voluptatibus delectus ea veritatis neque dolorem. Minima doloremque sapiente dignissimos earum debitis veritatis eveniet. Velit officia harum odio officiis autem consequatur excepturi quisquam.', 'https://www.poilsdemartre.fr/medias/images/japan-touch.jpg', '2022-05-25 05:14:22', '2022-05-25 14:51:35', 356, NULL),
(727, 72, 1094, 4365, 52, 'eum occaecati possimus tempore delectus tempora officia esse', 'Sunt beatae ratione quia culpa vel ut numquam. Vero laboriosam harum dolor. Laborum impedit asperiores qui consequatur est eum. Eum nisi quia tenetur hic temporibus. Voluptas praesentium ullam culpa dolorum repellat. Neque nulla nihil totam iusto. Ab voluptates eius blanditiis unde ut. Adipisci fugit omnis maiores molestiae. Modi alias non placeat illo. Cupiditate temporibus dicta accusamus possimus ut sed maiores alias. Ratione omnis sequi nesciunt in animi. Vitae sed accusamus mollitia veniam non. Aut ut aut odit quaerat necessitatibus ipsa eum. Et sit excepturi quisquam. Corrupti est itaque nobis sapiente qui quia odio.', 'https://data.1freewallpapers.com/download/dota-2-1280x720.jpg', '2022-01-25 17:32:02', '2022-01-26 05:15:03', 94, 'Professionnel'),
(728, 72, 1091, 4475, 52, 'quis iusto aspernatur vel in nesciunt magnam aut voluptate recusandae', 'Aut quae quidem esse laborum molestiae quidem voluptas et. Fugit officia dolore alias molestiae dolores necessitatibus voluptas. Assumenda nihil unde est est similique. Voluptatem sed quia odio eveniet autem aliquid nam. Rerum est omnis maxime consectetur et ea iure. Non temporibus expedita et ducimus quo. Cupiditate voluptatum beatae quis iure consequatur. Nemo quo voluptate aspernatur debitis iste minima quos iusto. Quasi cum sit nihil atque doloribus. Laudantium sed molestiae quis sed deleniti qui. Earum ut rem numquam quis dicta quidem quo. Non accusamus et dolorum qui vero. Distinctio quidem assumenda numquam consectetur vitae modi non harum. Temporibus consequatur officiis pariatur ullam ipsum aspernatur voluptate. Et necessitatibus aut velit excepturi impedit.', 'https://www.poilsdemartre.fr/medias/images/japan-touch.jpg', '2022-03-14 00:40:36', '2022-03-15 23:50:52', 467, 'Occasionnel'),
(729, 72, 1003, 4132, 55, 'quam autem doloremque et eaque est optio', 'Voluptate et cumque velit delectus ipsum explicabo illo. Ipsa exercitationem alias temporibus ratione. Id voluptatem placeat nulla ipsum ullam corrupti. Perferendis eius nobis ut nam. Ut odit quia voluptatem maxime aspernatur. Quaerat ut eaque possimus quos veniam beatae. Itaque ut omnis dolores et non. Optio totam totam atque asperiores. Omnis magnam maiores ea libero. Similique laborum at quaerat ut. At minus modi maxime cupiditate nam qui. Accusamus omnis et enim. Rerum fugiat corrupti cum quos. Magni sed impedit deleniti sint vel. Velit quas placeat fuga expedita et a. Velit repellendus est est quae dolorem debitis est. Sequi qui fugit et repudiandae. Omnis dolorem est iste aut et sequi.', 'https://i.ytimg.com/vi/TFZacjKUlic/maxresdefault.jpg', '2022-03-17 17:38:13', '2022-03-19 03:59:09', 389, 'Tous niveaux'),
(730, 74, NULL, 4316, 53, 'repudiandae voluptas dolore', 'Consequatur veniam aspernatur quas modi provident ullam. Iusto deleniti id earum minus distinctio sunt sint. Et repellat esse aut. Modi sapiente harum aut voluptatibus et. Explicabo enim sed voluptas error. Quas eius maiores autem est iste pariatur nulla. Vel voluptates vero voluptas ducimus. Labore quia numquam tempora dolorum corporis et id. Aut autem ut qui ratione. Quis voluptas fuga id quia et cum ipsam. Et eos vel vel possimus et vel enim. Nemo et voluptatibus doloremque in. Qui sunt quas sint qui alias labore sed. Culpa non facilis quia consequatur voluptas voluptates velit. Voluptates omnis quae quia dolore saepe blanditiis. Ut repudiandae aut earum voluptatem eveniet ut. Quam eum voluptas enim sit. Ea voluptatem sequi quasi illo necessitatibus quos.', 'https://www.realite-virtuelle.com/wp-content/uploads/2020/11/pokemon-go-milliard-revenus.jpg', '2022-03-01 05:57:31', '2022-03-02 13:51:52', 56, NULL),
(731, 73, 1028, 4415, 52, 'hic aliquid architecto quo possimus assumenda', 'Ullam fuga cumque distinctio ut possimus. Sunt sapiente ratione quo et et. Accusamus et sit pariatur quis et labore sed unde. Quis qui voluptatem ex non. Expedita in et provident omnis inventore aut omnis fugit. Nemo iste voluptatibus aut quo quia consequuntur. Hic et harum voluptatum voluptas voluptatum et. Doloribus laborum velit fuga natus. Et sed accusamus consequuntur omnis numquam sed. Error sit eos assumenda omnis. Dolorem magnam quia enim fugit aut libero dolor. Et dolore eos itaque magnam optio quod. Vel corporis quia nobis quod saepe doloribus dolorem. Necessitatibus rerum odio qui nostrum sint. Quae cumque et quo assumenda velit. Laborum nesciunt et illo illo. Assumenda animi illum ad.', 'https://www.miraigamers.com/wp-content/uploads/2021/07/Yu-Gi-Oh-Master-Duel-arrive-sur-tous-les-supports-pret-pour-le-Duel.jpg', '2022-05-28 18:22:43', '2022-05-29 00:56:45', 250, 'Confirmé'),
(732, 72, 1085, 4213, 54, 'est ut odit soluta laudantium sed nihil', 'Cum repellat sunt ea inventore. Et veniam sit qui quia. Consequatur sit similique voluptatibus quia non nostrum reiciendis. Explicabo nihil eos quia cumque aperiam. Eos ea quas corporis dolorem ducimus. Ducimus voluptatem ut est nobis unde dolorum laborum porro. Et eveniet quod voluptas reprehenderit qui. Culpa consequatur nemo dolor modi aliquid. Esse sed iste veritatis incidunt culpa illum aliquam. Magnam asperiores qui non magnam rem in. Pariatur dolores et asperiores nihil blanditiis labore ea. Placeat non unde quia dolorem delectus mollitia enim. Et dolorem magni unde at. Molestiae molestiae est provident alias voluptatum reiciendis. Impedit reiciendis omnis et aliquam. Laboriosam nostrum et quis a.', 'https://www.presse-citron.net/app/uploads/2020/04/e3-online.jpg', '2022-06-26 19:31:49', '2022-06-29 12:48:48', 276, NULL),
(733, 72, 1082, 4480, 52, 'totam voluptatibus eos tempore', 'Deleniti quaerat et voluptatem fugiat. Tenetur hic sed ipsa sint adipisci quo est minus. Incidunt blanditiis ut sit. Et ducimus voluptatibus quae vel occaecati corporis. Molestias vitae quam doloribus similique sed sapiente. Qui nam rerum voluptates occaecati ipsa id rem. Et omnis harum autem maiores sit qui enim. Omnis omnis recusandae qui. Nobis sed sint voluptatem asperiores recusandae magni earum provident. Neque omnis iste omnis porro. Sed et suscipit aliquam. Cumque vel hic modi aut dolor officiis voluptate. Molestias distinctio id et velit. Quam eos nulla et. Vero quasi eaque optio nobis autem.', 'https://happydays365.org/wp-content/uploads/2020/05/Geek-Pride-Day-1080x630.jpg', '2022-06-29 23:18:55', '2022-06-30 05:40:31', 47, 'Tous niveaux'),
(734, 77, 1016, 4375, 53, 'porro occaecati distinctio atque cumque nesciunt', 'Odio beatae neque vel ut ex. Suscipit sit qui debitis deserunt occaecati. Et quas ea rem eius laborum. Commodi at velit asperiores omnis sint veniam et minima. Quo veniam eaque aut aut. Consequatur omnis sit illo voluptatibus repellat numquam. Alias animi voluptas laborum dolor fugiat vel beatae. Odit labore dolor deserunt saepe molestias maiores est et. Ut unde corrupti labore qui. Exercitationem id eos eligendi debitis. Ea libero corporis est. Recusandae non eos et ipsam nihil minus quam consequatur. Ut ut eius quod quasi voluptas. Rerum voluptatibus fuga ut ut ea. Quibusdam esse corporis sit ipsa maiores. Voluptatem ut dolorem illo quo quis velit. Sit qui sapiente nulla sint voluptatem voluptatem sint.', 'https://img.redbull.com/images/c_limit,w_1500,h_1000,f_auto,q_auto/redbullcom/2019/11/08/fc0f91de-3998-4be5-b50e-96d8d9e0cd45/lol-10-ans-league-of-legends', '2022-06-18 02:47:07', '2022-06-20 04:07:57', 144, NULL),
(735, 77, NULL, 4078, 55, 'officiis quia non animi ex et', 'Excepturi voluptas soluta odit molestiae saepe dicta. Dolores et et ut neque possimus et. Dolores dolorum excepturi quod. Ullam eum commodi possimus ipsa consectetur voluptatibus ipsam. Quo autem ea fuga illum porro voluptas eos. Autem qui sed dicta maiores. Non molestias suscipit odio. Sed dolores eligendi non magni ut est corporis dolor. Fuga culpa tempora repellendus explicabo dolorum unde necessitatibus. Earum consequuntur ut officiis voluptatem ea impedit. Odio non odio modi dignissimos architecto ut nemo. Perferendis et et quas voluptas nobis. Et vero et nostrum aliquid ipsum aut repudiandae. Aut maxime adipisci qui in quo excepturi.', 'https://www.rom-game.fr/multimedia/agenda/211005_videgreniergeekpampuyre2022.jpg', '2022-05-02 10:22:09', '2022-05-03 19:55:33', 472, 'Débutant'),
(736, 72, 1048, 4096, 54, 'sed magnam delectus voluptatibus iste', 'Officiis provident ad impedit molestiae in qui quisquam dolore. Dolor qui id cumque deleniti deleniti maxime similique. Nihil placeat enim amet voluptates est. Iste iste quis iste. Eos soluta beatae quo veritatis earum consequuntur. Quia explicabo quaerat beatae. In recusandae eum tenetur. Fugit dolor natus minima ipsum quis. Enim iusto illum tempore aut sit. Minima praesentium perspiciatis sequi culpa nobis in. Vero quis magni ratione sint numquam. Voluptatem assumenda tempora nulla sit officia magni aut. Voluptas qui eaque non eius perferendis aut. Rerum consequatur inventore tempore illo vero maxime. Magni atque quasi possimus sed iure reprehenderit corporis. Ipsum accusamus fuga delectus est.', 'https://i.ytimg.com/vi/gjVtbJkKQbo/maxresdefault.jpg', '2022-02-02 10:53:53', '2022-02-02 21:21:43', 270, NULL),
(737, 77, 1045, 4246, 55, 'inventore reprehenderit odio', 'Animi non et incidunt nostrum magnam eaque est. Voluptatem sed aliquid odit quam. Amet voluptatum voluptate perspiciatis voluptas optio. Odit voluptas doloribus voluptatibus non sint. Molestias officia dolorem veritatis quas alias. Quia inventore perspiciatis facilis et esse. Voluptas mollitia totam eligendi qui dolores libero. Enim aut tenetur ab autem sed. Quo vel natus voluptatum ut. Sunt quia hic voluptatem. Soluta numquam aliquam est nobis mollitia aliquam expedita. Qui earum repellat rerum in et. Id quisquam vel vel expedita corporis quibusdam dolores eum. Dolor minus accusantium dicta dolor dignissimos perspiciatis.', 'https://www.presse-citron.net/app/uploads/2021/05/koch-media-e3-conference.jpeg', '2022-05-27 09:19:27', '2022-05-30 08:29:53', 274, 'Tous niveaux'),
(738, 76, 1089, 4253, 52, 'quo unde nam sint consectetur nemo ipsa sint nobis', 'Et cupiditate veritatis in corporis. Ea mollitia ut mollitia facilis distinctio velit amet. Non est atque recusandae consequatur consectetur omnis eos. Ad exercitationem minus quo quas. Quod vero iste nam adipisci molestiae omnis. Consectetur voluptatem reiciendis quaerat dolorum. Architecto ullam ea exercitationem incidunt vitae quia fugit. Fugiat rerum officiis culpa aliquid quibusdam fugiat. Nam eius occaecati optio enim. Unde exercitationem aspernatur eum vitae magni repellat cupiditate. Tempora velit aperiam hic vitae unde. Atque amet voluptate omnis. Optio doloremque ipsam dolor quos sint. Quisquam et aliquid nesciunt rerum aut. Sapiente sed consectetur excepturi asperiores.', 'https://previews.123rf.com/images/microone/microone2006/microone200600047/148520518-board-game-evening-friends-meeting-happy-players-characters-isolated-teenagers-or-adults-playing-car.jpg', '2022-01-20 02:56:45', '2022-01-21 01:57:50', 377, 'Occasionnel'),
(739, 73, 1085, 4459, 52, 'delectus expedita consequatur doloribus corporis quo consequatur iure', 'Iusto nostrum similique aut id. Amet veritatis eos sed eveniet veritatis et. Eligendi labore atque perspiciatis. Sed temporibus in ut dolores voluptas et. Mollitia cupiditate amet molestias quos autem aliquam officiis. Deserunt quidem aliquid aspernatur similique ad voluptatem consectetur. Dolorem nobis et iste neque repudiandae magnam neque. Ut aspernatur voluptas sunt unde labore sequi voluptates. Optio ea aliquam similique id veritatis. Inventore ea consequatur et. Earum voluptatum voluptatem officia voluptas et. Qui facilis rerum sapiente sit voluptas sequi consectetur. Quia repellat reprehenderit alias eos quia.', 'https://pbs.twimg.com/media/EECAyk7W4AAQP9w.jpg', '2022-03-17 11:29:59', '2022-03-18 10:09:10', 131, 'Occasionnel'),
(740, 73, NULL, 4456, 52, 'aut laboriosam numquam sint dignissimos ipsam sit voluptas tempore', 'Culpa delectus dolor esse velit. Repellat voluptatum blanditiis distinctio beatae ratione quod. Sint et eius similique. Est dolores expedita voluptatem reprehenderit est. Quisquam aut reiciendis et dignissimos et. Qui dolores eius corporis ullam. Vero neque repudiandae perspiciatis tempore iusto. Ex quisquam ut est explicabo magnam. Assumenda ut et porro ut harum aliquid aut. Et voluptas est officiis explicabo nostrum omnis. Repudiandae voluptate ea aut molestiae autem aut odio expedita. Quibusdam saepe quam temporibus quia repudiandae eaque. Cupiditate tempore omnis aliquid quod autem placeat inventore. Eum ea corrupti sit et temporibus. Omnis ex sit optio quidem aut omnis delectus. Cum quo voluptatem corporis ipsum maxime unde qui. Rerum quibusdam qui enim autem exercitationem cumque.', 'https://data.1freewallpapers.com/download/dota-2-1280x720.jpg', '2022-04-11 02:28:29', '2022-04-13 14:13:00', 92, 'Professionnel'),
(741, 73, 1074, 4393, 54, 'consequuntur minima est tempora possimus sunt dicta', 'Est illo eos laborum dolores quam. Ea et corporis recusandae temporibus et voluptatem odit. Sint et deleniti doloribus. Odio et consequatur sequi corporis fugiat. Officiis autem fugit voluptas rerum accusamus. Ut quia illum inventore sed placeat mollitia facere officia. Aut harum alias officia commodi. Quis dicta et reprehenderit. Ut quia corporis et numquam sed similique. Totam voluptatem enim cupiditate rerum quibusdam. Quam soluta nisi ipsam illo eos minima sequi atque. Minima aliquam rerum consequatur quisquam deserunt in. Ipsa dolore quia a maxime qui rem magnam. Quia vitae nesciunt quos qui. Nobis sint labore quae et ut necessitatibus et doloremque.', 'https://www.rostercon.com/wp-content/uploads/2021/09/dcfandome-2021.jpg', '2022-03-25 12:29:37', '2022-03-26 07:01:02', 386, NULL),
(742, 72, 1064, 4125, 54, 'velit deleniti libero et incidunt blanditiis', 'Quae deserunt est qui sed exercitationem exercitationem sequi fugiat. Voluptate sit enim aut pariatur. Cumque aut cumque et sint quasi accusamus. Quas error cum saepe velit. Quisquam mollitia in porro eum eaque consequatur. Non expedita fugit eos sit similique neque hic. Aliquid provident consequatur vel neque quos qui saepe. Totam eaque neque alias non natus. Repudiandae officia omnis exercitationem suscipit eos quia et. Veniam quis dolores porro delectus dolorum quia. Illo eius eos totam eaque. Et fugit tempore ea esse mollitia. Et vel ut eos minima corporis numquam. Alias nemo quod commodi consequatur nesciunt iste ipsam. Voluptatum consequatur dolor qui sequi.', 'https://happydays365.org/wp-content/uploads/2020/05/Geek-Pride-Day-1080x630.jpg', '2022-01-06 23:52:29', '2022-01-07 02:06:54', 414, NULL),
(743, 74, 1008, 4194, 54, 'voluptatum ab facilis tempore temporibus', 'Quas quia voluptas aperiam. Ipsam nam est atque eum et repellat enim commodi. Consequuntur saepe occaecati doloribus ut. Dicta doloribus commodi voluptatem saepe. Ut deserunt ab in consequatur placeat. Est dolorum aspernatur id nam. Eos at tempora neque hic. Porro quia dicta reprehenderit est itaque aut. Occaecati repudiandae et vel reiciendis expedita aut voluptatem. Corporis ipsum et dicta. Et dolorem ut aut quod. Neque porro harum inventore odit qui praesentium atque. Magnam praesentium itaque nihil saepe cumque nemo nihil accusantium. Ipsum et enim et quia. Excepturi ut in est voluptatibus. Ipsa architecto qui qui omnis ut aut et. Magnam quas dolor aspernatur quasi quas vero. Repellat non perferendis quis ut quasi aut enim aut.', 'https://www.rostercon.com/wp-content/uploads/2021/09/dcfandome-2021.jpg', '2022-04-10 16:39:58', '2022-04-10 23:12:46', 160, NULL),
(744, 74, 1046, 4037, 52, 'magnam velit minus voluptas et sed nobis commodi et non', 'Iusto ratione vitae est vel odit ullam. Animi pariatur quia rerum. Placeat sunt facilis et quos ut voluptate voluptate exercitationem. Voluptatem consequatur deleniti provident reiciendis dolor cupiditate quia sit. Qui enim ducimus a. Cum ut qui maiores suscipit non quidem temporibus rerum. Blanditiis velit maiores quasi doloremque ut. Eos voluptatem voluptate omnis rerum. Dolorem quia ex velit veritatis voluptatem ut illum. Labore minima consequatur quibusdam. Vitae sed asperiores porro optio. Voluptatem officiis commodi beatae et praesentium a. Et praesentium odio inventore occaecati qui explicabo nihil. Minima officia vel minima ipsum et harum. Pariatur aut labore neque numquam dolorem et a ipsam.', 'https://img.redbull.com/images/c_limit,w_1500,h_1000,f_auto,q_auto/redbullcom/2019/11/08/fc0f91de-3998-4be5-b50e-96d8d9e0cd45/lol-10-ans-league-of-legends', '2022-07-07 23:18:04', '2022-07-08 05:38:11', 437, 'Professionnel'),
(745, 74, NULL, 4088, 53, 'culpa delectus corrupti ut sit et repellat', 'Error est dolor itaque magni omnis et. Architecto voluptatem earum harum nihil. Mollitia reprehenderit perspiciatis cum rerum eligendi. Voluptatum eaque illum voluptas soluta reiciendis voluptatem voluptatum dolore. Expedita nisi dicta aliquid soluta sunt. Quibusdam autem perferendis aperiam unde et dolorem minus. Quasi qui veritatis ratione est sed accusantium est. Illum alias suscipit quos rem aut velit illum. Et et ab accusantium molestiae sit qui minus ut. Qui neque iste est eligendi natus. Illo asperiores possimus maiores ipsa illum voluptas dolores. Iusto esse praesentium quidem repudiandae.', 'https://i.ytimg.com/vi/gjVtbJkKQbo/maxresdefault.jpg', '2022-02-12 17:47:09', '2022-02-14 10:03:59', 283, NULL),
(746, 75, 1049, 4186, 53, 'sapiente veritatis eum optio ipsa iste occaecati', 'Minus voluptas officiis quidem vel eligendi dolore debitis. Omnis voluptatem incidunt ab sed iure. Qui sed ducimus voluptas et aut ut incidunt dolorem. Tempora eos earum voluptatem itaque. Officia quo qui culpa numquam tempora. Nihil quisquam omnis rerum nobis voluptate. Veritatis dicta voluptatum veniam assumenda totam eligendi rerum. Quisquam dolor et voluptatem. Necessitatibus mollitia possimus enim nobis. Dolore optio qui cupiditate enim voluptas odit nostrum. Tempora dolor voluptatem natus. Quia enim dolores libero sint architecto et porro maxime. In aut fugiat deserunt sit ut. Dolor quisquam quia voluptatum explicabo tenetur eos. Enim blanditiis similique ex suscipit non nisi sit. Sit enim molestiae ipsa quos doloremque deserunt nemo. Aliquam iure et eos quaerat voluptatem incidunt.', 'https://www.miraigamers.com/wp-content/uploads/2021/07/Yu-Gi-Oh-Master-Duel-arrive-sur-tous-les-supports-pret-pour-le-Duel.jpg', '2022-05-28 16:07:23', '2022-05-28 18:51:09', 40, NULL),
(747, 76, 1025, 4409, 52, 'nulla quia voluptatem et assumenda laboriosam animi', 'Neque nihil porro rerum unde earum. Aut perferendis sunt iusto enim. Laboriosam fugiat aut iusto. Voluptatem accusantium sapiente ab ad dignissimos earum maxime. Id perspiciatis et molestiae consequatur aliquam iste. Repellat provident sint illo porro doloremque laborum ullam. Error magnam architecto qui sit ut maiores. Dicta fuga aperiam aspernatur voluptatibus. Sequi rerum dolor optio consequatur eum. Non dolor quia occaecati qui molestiae culpa. Nesciunt qui eaque ex eaque natus laborum. Aliquam et perspiciatis non qui aperiam. Dolor officiis magnam unde tempore. Qui nobis quia aliquam velit cupiditate maiores. Ducimus est modi magni dolores omnis magnam. Qui non eveniet optio. Quaerat placeat mollitia illum molestias. Porro et ratione pariatur culpa.', 'https://www.rom-game.fr/multimedia/agenda/211005_videgreniergeekpampuyre2022.jpg', '2022-06-23 20:43:53', '2022-06-25 15:35:25', 15, 'Tous niveaux'),
(748, 75, 1075, 4430, 54, 'doloremque odio fugit quaerat', 'Sed et quis modi impedit rerum. Ut harum quidem non odio. Quibusdam assumenda optio reiciendis numquam. In odio vero sed id. Est sapiente fuga est eius consequatur sit eos voluptatem. Temporibus architecto maxime qui facilis dolorum qui ut nihil. Ab consequatur repellendus voluptas explicabo assumenda magnam. Nihil minus qui autem ut. Voluptatem alias et eaque dolor magnam consequuntur dolorem. Sed quae doloremque recusandae. Porro voluptas corrupti nesciunt eum. Dolor voluptatem corporis rerum optio laborum quo ut. Distinctio sunt illum reprehenderit officiis est consequuntur. Dicta et itaque tenetur. Quo nihil quia ut voluptate non unde. Aut est qui saepe blanditiis ratione voluptas. Praesentium veniam quos soluta eaque suscipit et. Ut placeat molestiae veniam et.', 'https://www.manga-news.com/public/images/events/geek-unchained-4.jpg', '2022-07-01 17:07:55', '2022-07-03 00:41:41', 109, NULL),
(749, 74, 1067, 4204, 55, 'suscipit est in veritatis ut doloremque et fuga ut distinctio', 'Repudiandae non et harum et dolor aspernatur temporibus. Amet velit culpa ut dolore. Quod nostrum delectus nulla inventore dignissimos ut. Tenetur nostrum minima id temporibus blanditiis sunt. Et laudantium odio vero harum non quos magni. Expedita ullam saepe praesentium rerum illo reprehenderit et. Et cumque nulla blanditiis repudiandae expedita sed pariatur debitis. Quo odit temporibus laboriosam ullam quia. Aperiam eum aperiam ab dolorem quod itaque fugiat voluptatem. Pariatur facilis repellat et natus vitae sint ut. Ut voluptatem laboriosam atque voluptate. Quia reprehenderit eos voluptate voluptate quod quisquam dolore. Ad et qui sed laboriosam dolorum eos accusamus voluptas. Magnam porro nostrum iusto fuga accusantium ut. Qui ducimus nihil voluptatibus deserunt.', 'https://previews.123rf.com/images/microone/microone2006/microone200600047/148520518-board-game-evening-friends-meeting-happy-players-characters-isolated-teenagers-or-adults-playing-car.jpg', '2022-03-24 23:58:07', '2022-03-27 18:23:51', 331, 'Intermédiaire'),
(750, 77, NULL, 4397, 54, 'in voluptatem nobis corrupti corrupti ipsum et', 'Voluptatem et cupiditate ut natus ullam impedit. Culpa sit quae sed voluptatem odit voluptatem recusandae. Totam et et dolores quas. Rerum maiores esse fugiat rerum. Iure sunt vel ratione animi sed incidunt soluta. Nostrum temporibus debitis et. Dolores et dolorem est consequatur qui eum repudiandae. Odit repellendus aliquam et quo hic non. Minima et hic et illum commodi aut quis. Autem rerum perspiciatis ut. Consequuntur doloremque et adipisci necessitatibus qui. Ipsum quae praesentium minus quibusdam non fugit. Quis eos ex voluptas. Aut veniam beatae iure repellat corrupti. Voluptatem quaerat tempore tempora velit. Dicta nostrum expedita et necessitatibus. Adipisci id veniam et rerum. Reiciendis sit nihil eos rerum quis. Inventore voluptatem rerum debitis culpa quae consequuntur optio.', 'https://www.manga-news.com/public/images/events/geek-unchained-4.jpg', '2022-03-18 17:55:45', '2022-03-20 08:14:04', 189, NULL),
(751, 76, 1072, 4199, 53, 'autem aut id et necessitatibus et explicabo fugit aut', 'Veritatis corrupti voluptatem modi deleniti vel optio. Dolor perferendis nisi eos dolore ex. Dolorum saepe tempore distinctio veniam. Et rerum distinctio eum placeat assumenda quo nobis velit. Explicabo blanditiis et neque pariatur. Fugit id voluptates dicta aut voluptatem. Iure sunt enim earum nihil similique ducimus. Soluta voluptas qui alias doloremque nostrum. Quae perferendis ducimus molestias delectus aut. Odio occaecati dolorum laudantium nostrum. Ut fugit in minima ad recusandae molestiae labore. Soluta nihil vel quis accusantium omnis. Recusandae impedit sequi temporibus ipsum modi omnis aliquid. Reiciendis maiores soluta natus fugiat quo. Culpa itaque odit repellendus temporibus vitae quia rem provident. Et ut totam nulla blanditiis alias repellendus.', 'https://previews.123rf.com/images/microone/microone2006/microone200600047/148520518-board-game-evening-friends-meeting-happy-players-characters-isolated-teenagers-or-adults-playing-car.jpg', '2022-03-18 02:13:45', '2022-03-18 11:30:12', 1, NULL),
(752, 73, 1062, 4266, 54, 'modi ut ipsam saepe ipsa quod quos', 'Voluptas rem quia ut ab. Culpa ab dignissimos sit blanditiis et nisi. Aut autem ut enim aut nulla. Maiores minima quia porro sed nisi. Ut laudantium sed non unde. Quam dolores voluptates modi. Impedit voluptates fugiat qui voluptas sint laudantium commodi. Fugiat sint reprehenderit occaecati et vel. A ducimus voluptates est natus. Animi cumque repellat eos aut ut eveniet. Suscipit libero alias iusto officia enim inventore voluptatem. Non consectetur voluptatem maxime assumenda. Consequatur possimus dolore recusandae unde asperiores. Labore velit culpa enim accusantium. Consequatur provident iusto perspiciatis rerum praesentium odit. Qui ad maxime distinctio et error. Tempore atque ut neque sed unde.', 'https://i.ytimg.com/vi/gjVtbJkKQbo/maxresdefault.jpg', '2022-01-11 22:26:18', '2022-01-14 11:57:15', 192, NULL);
INSERT INTO `event` (`id`, `category_id`, `place_id`, `owner_id`, `activity_id`, `name`, `description`, `picture`, `start_at`, `end_at`, `capacity`, `game_level`) VALUES
(753, 76, 1093, 4473, 53, 'ea praesentium eaque temporibus et doloribus qui', 'Omnis atque accusamus qui modi adipisci doloremque. Odit et accusamus omnis cupiditate minus ut. Nihil eligendi est ut temporibus reprehenderit eum. Neque minima sint quia dignissimos dolor ut doloremque. Nam sit distinctio ad non. Et ut et ea quod ea corrupti velit. Doloremque mollitia eos et et. Numquam soluta nobis amet libero minus. Qui esse ut voluptatem officiis facilis fugit. Voluptatem officiis maxime cumque non ducimus rerum. Enim et consequuntur quibusdam nam excepturi quia dicta minima. Architecto praesentium et porro sed sapiente excepturi odio aut. Qui odit quam voluptas ea. Ut inventore sunt recusandae expedita quia necessitatibus est. Aliquam eos nobis voluptatibus expedita natus voluptate corporis. Voluptatem animi impedit architecto deserunt dolor.', 'https://www.miraigamers.com/wp-content/uploads/2021/07/Yu-Gi-Oh-Master-Duel-arrive-sur-tous-les-supports-pret-pour-le-Duel.jpg', '2022-02-26 21:35:41', '2022-02-27 06:36:22', 46, NULL),
(754, 72, 1024, 4248, 55, 'in rerum voluptatibus at sint aliquid consequatur incidunt', 'Quis sequi asperiores ipsum aut sit. Aperiam accusamus magnam et nemo reiciendis facere saepe. Aut possimus quibusdam repudiandae culpa. Praesentium voluptatem non sit voluptatem occaecati in. Non repudiandae dolor velit recusandae pariatur dolores est temporibus. Aut doloribus velit quaerat corporis recusandae delectus dicta. Aut omnis consequatur nesciunt quia sed deserunt nisi. Ut voluptates excepturi eum rerum deserunt laborum praesentium. Voluptatem alias error velit nihil illum et voluptates laudantium. Ea eum eos id a dignissimos eos vel. Blanditiis voluptatibus quo sequi aut. Quo quia aut et autem. Harum quasi dolorem omnis aut facere quaerat quia. Consequatur architecto quibusdam inventore sapiente cum.', 'https://www.presse-citron.net/app/uploads/2021/06/netflix-geeked-week-summer-game-fest-2021.jpeg', '2022-03-25 21:01:48', '2022-03-26 20:06:00', 411, 'Tous niveaux'),
(755, 73, NULL, 4309, 52, 'ut pariatur ad numquam dolorem sed', 'Esse quos pariatur recusandae nihil. Unde aliquid nihil excepturi rerum. Temporibus error molestias corporis architecto quod minus ad. Asperiores non facilis error ut. Consectetur doloremque hic dolorem nam facilis numquam. Sint nihil aut assumenda sunt possimus. Quidem fugiat sed enim quia vero. Illo ut consequatur facere dolor rerum. Cumque eum voluptatem nostrum omnis hic. Fuga illo illum molestias voluptatem mollitia. Reprehenderit sint natus nobis sequi et ut quo. Et corporis deleniti aut saepe aut nihil omnis id. Non dolores totam tempore ullam debitis sit.', 'https://i.ytimg.com/vi/TFZacjKUlic/maxresdefault.jpg', '2022-04-22 03:58:25', '2022-04-24 09:17:50', 468, 'Occasionnel'),
(756, 75, 1070, 4460, 55, 'voluptas consectetur voluptate voluptatem ullam facilis assumenda', 'Aspernatur molestiae quasi rem reprehenderit. Sit molestias est minima. Et sint suscipit atque consequuntur numquam quis. Numquam est est illo at. Perferendis et eligendi laboriosam dolores corporis suscipit. Eius quia magnam facere molestias iure alias. Et perspiciatis tempore ad veritatis necessitatibus et ipsa nulla. Magni consequatur non eaque quasi totam sed officia. Eos non voluptatem dolorem sint aspernatur. Voluptatem est modi ad in voluptatem ducimus non quidem. Aut voluptates ut beatae et. Odit molestiae possimus aperiam voluptate libero sed. Autem beatae fugiat consequatur repellendus. Tenetur tenetur possimus quis illum totam nesciunt. Aut ab quasi similique culpa autem. Suscipit ab est optio fugiat ullam corrupti cumque voluptatem.', 'https://pbs.twimg.com/media/EECAyk7W4AAQP9w.jpg', '2022-04-21 18:29:05', '2022-04-23 06:16:03', 469, 'Débutant'),
(757, 74, 1088, 4236, 55, 'est quidem voluptatibus ut assumenda rerum', 'Nostrum optio et aliquid voluptas. Sed omnis sint voluptatem delectus nostrum optio odit reprehenderit. Et sint dolorum placeat blanditiis id aspernatur officiis voluptatem. Reiciendis animi et odit veniam porro. Officiis in totam voluptas. Voluptas quos eius facilis error porro repudiandae illum qui. Dicta facere dolor sunt et dolores earum est tempore. Molestias asperiores quia sed rerum placeat ut error. Totam porro maxime et. Hic delectus similique qui itaque. Velit iusto sint recusandae earum voluptate. Numquam doloremque omnis quos ipsa sunt numquam occaecati. Reiciendis rerum dolorem iusto provident. Dicta quas non id qui et. Minus laudantium qui autem delectus quis. Quia nesciunt ut velit sint enim nihil. Dolore earum at voluptas nemo aperiam inventore.', 'https://previews.123rf.com/images/microone/microone2006/microone200600047/148520518-board-game-evening-friends-meeting-happy-players-characters-isolated-teenagers-or-adults-playing-car.jpg', '2022-05-04 09:26:39', '2022-05-05 01:32:14', 253, 'Confirmé'),
(758, 72, 1016, 4060, 53, 'debitis molestiae quibusdam quia laborum qui velit', 'Dignissimos nemo nobis amet dolorem. Ut sed ut enim aperiam vel accusantium blanditiis aut. Dignissimos maxime quod est voluptas. Sapiente libero accusantium optio ea rerum dolor. Labore nisi impedit impedit id tempora id. Dolorem quam atque libero voluptas ut. Soluta qui reiciendis dolores nihil quaerat. Reprehenderit rem consequatur quisquam aut et qui similique sunt. Aut necessitatibus totam ex illum nulla rem mollitia. Est odio aspernatur sapiente earum possimus eligendi quia sapiente. Eos est sunt quae et officiis sunt similique. Aut dolor omnis et ex quisquam adipisci. Libero officia praesentium non recusandae pariatur omnis enim. Praesentium praesentium aspernatur amet eligendi itaque assumenda quia. Alias aut eos laboriosam et consequatur et. Facilis aliquid est odio.', 'https://i0.wp.com/www.nintendo-town.fr/wp-content/uploads/2019/04/H2x1_NSwitch_MortalKombat11_image1600w.jpg?fit=1600%2C800&ssl=1', '2022-05-20 02:05:18', '2022-05-22 21:49:35', 489, NULL),
(759, 76, 1041, 4114, 53, 'suscipit dolorum fugit eaque', 'Commodi eius omnis officia natus provident harum. Velit mollitia aspernatur aperiam modi. Ut amet expedita veritatis ipsam temporibus at odio nam. Sit praesentium magnam dolorum sit aut quaerat quia. Animi et dolores adipisci iste rerum qui doloremque. Sequi beatae aut sint repudiandae. Repellat iure vero et quod. Dicta molestias placeat dolorum occaecati unde sit ullam ut. Temporibus modi iusto vitae debitis iure quia voluptas. Rerum rerum explicabo sequi eum pariatur consequatur nostrum. Magni est quo autem neque. Laboriosam illo eos accusamus modi praesentium mollitia. Deleniti eum soluta nostrum et et. Dolorum recusandae vel maxime. Corrupti et nisi dolor voluptatem.', 'https://cdn.akamai.steamstatic.com/steam/apps/851590/capsule_616x353.jpg?t=1631538454', '2022-06-29 20:30:18', '2022-07-01 08:47:40', 282, NULL),
(760, 77, NULL, 4378, 53, 'alias deserunt assumenda vel corrupti dolorem accusamus', 'Quibusdam aut optio molestias excepturi eveniet molestias voluptatem tenetur. Pariatur aperiam fuga quia laboriosam pariatur et. Vel sit et repellendus. Recusandae aliquam dolore molestias enim dolorum. Veniam accusamus dolor quasi similique. Qui non praesentium sint cupiditate sint aperiam quia. Ducimus assumenda dolores unde id rerum. Excepturi necessitatibus eligendi consequatur deserunt. Non distinctio molestiae sapiente vitae qui aut dolorem. Non omnis quasi commodi molestiae quasi sequi ab est. Eos temporibus nemo nam dolores aut. Vel hic et ratione in commodi aliquam accusamus qui. Facilis sapiente natus consequatur repellendus ad. Aut dolor fugiat cum voluptatum in nostrum. Ullam eius eius eum laborum.', 'https://pbs.twimg.com/media/EECAyk7W4AAQP9w.jpg', '2022-02-28 22:38:08', '2022-03-02 09:15:41', 472, NULL),
(761, 72, 1077, 4090, 52, 'id vero et quo iusto debitis omnis assumenda amet suscipit', 'Dolorem at blanditiis qui nihil voluptas. Similique veritatis voluptatum ab quis. Unde eaque praesentium eum iusto consequatur quia. Occaecati illum velit et nihil voluptatum voluptatem fugiat. Dolor voluptatem est cum possimus. Impedit repudiandae totam voluptas in et. Vero sed atque quia ducimus sed perferendis. Facere quod recusandae consequatur voluptatem. Maxime libero necessitatibus magnam similique rem vel est. Alias iste et placeat. Necessitatibus voluptatem et et sit. Labore quam voluptatum sint non. Qui sed reprehenderit ipsam laboriosam sed dolore. Iure ex sequi accusantium fugiat.', 'https://images.ctfassets.net/s5n2t79q9icq/114xMnrR6RiLD15UxL8LYZ/ca73ec9fe59f654a150b543e05979181/Meta-Homepage.jpg', '2022-06-10 04:26:02', '2022-06-12 04:16:22', 481, 'Occasionnel'),
(762, 75, 1045, 4284, 54, 'voluptas nihil unde non quaerat esse numquam ipsa eum', 'Non quis eaque cumque ipsam. Perspiciatis qui dolorum magnam. Quos inventore ut nostrum consectetur voluptatem. Qui suscipit non culpa ut voluptatem vitae dolorem voluptatibus. Non ipsam est veritatis sunt sunt voluptatem. Qui doloremque numquam saepe explicabo odio. Iure deleniti nesciunt aspernatur quia ut. Impedit et velit est et autem sit et. Neque vero deleniti nihil perspiciatis. Quis ducimus et qui. Aperiam consequatur ullam tempore qui quo doloremque inventore. Excepturi qui numquam odio voluptas tempora autem. Repellat qui deleniti ut nisi aut. Vel et voluptate et corrupti repellendus. Soluta et nostrum consequatur magni ut in dignissimos. Voluptas sed qui sed at ducimus sunt similique. Quam autem aut minus sed.', 'https://www.realite-virtuelle.com/wp-content/uploads/2020/11/pokemon-go-milliard-revenus.jpg', '2022-02-18 01:04:06', '2022-02-18 13:18:20', 78, NULL),
(763, 74, 1019, 4267, 52, 'quae praesentium omnis voluptas occaecati aliquid assumenda', 'Consectetur sunt ab reiciendis nihil. Rerum doloribus quo placeat consequatur et. Quasi voluptatem delectus fugit id ipsum aut. Reiciendis explicabo laboriosam unde ducimus fuga qui. Asperiores dolorum unde aut. Animi qui non pariatur sit aspernatur eligendi quo. Et voluptatem molestiae autem suscipit. Facere veritatis labore nemo dolores. Sequi sit quis earum eum sit debitis. Voluptatibus nihil laborum hic porro aut eum explicabo. Pariatur ullam ex non qui reprehenderit. Possimus architecto quia recusandae fugit rerum. Ut ea iure enim perferendis et. Aperiam eum velit delectus. Dolorem quia numquam et ut. Praesentium veritatis maxime consectetur dignissimos numquam dolores sequi inventore.', 'https://cdn.arstechnica.net/wp-content/uploads/2021/07/legend-of-zelda-nes-gold-800x450.jpg', '2022-05-08 23:22:47', '2022-05-11 22:08:31', 482, 'Confirmé'),
(764, 75, 1023, 4069, 53, 'officiis adipisci incidunt totam libero officia natus', 'Rerum et laudantium natus nemo reiciendis. Accusamus reiciendis est rerum voluptates qui. Vitae quibusdam porro delectus libero. Consectetur reiciendis et accusantium eum dolores. Expedita aut accusantium a nemo nam illum recusandae. Soluta nobis eveniet aut est et iure vel. Architecto ut voluptas adipisci tempore illum quia. Doloremque illo accusamus suscipit. Similique labore laborum aperiam aut consectetur nihil temporibus. Doloremque maxime nam rerum impedit quae. Laboriosam omnis eum officia nam ut. Voluptatem voluptas maiores culpa quod sunt aut et. Dicta dolores nihil accusamus porro non quia. Pariatur repellat dolore esse. Iste voluptates pariatur commodi consequuntur quae vel est et. Ut aut exercitationem reiciendis est facere.', 'https://www.presse-citron.net/app/uploads/2020/04/e3-online.jpg', '2022-01-08 09:36:16', '2022-01-09 22:40:07', 353, NULL),
(765, 76, NULL, 4169, 54, 'doloremque et aut et optio minima voluptates similique autem', 'Iusto et aperiam fugiat veritatis saepe aut. Aut quis dolor nemo dolor alias fuga. Et labore quod hic incidunt odit saepe voluptatem hic. Delectus non autem beatae asperiores rerum rerum. Debitis tempora neque ducimus voluptatem veniam animi et. Repudiandae voluptas cupiditate nesciunt ea provident enim sint a. Est hic in omnis voluptatem numquam et. Itaque suscipit optio delectus dicta sunt odit. Ut suscipit ea quia et laboriosam. Incidunt assumenda libero molestiae cumque sint. Similique consequuntur quia quia modi. Voluptatem quidem repellat molestiae est sed. Excepturi eveniet dolorum quas dolor et. Aliquid voluptates enim consequatur vero eos assumenda asperiores. Tenetur corrupti rerum eveniet in rerum sit.', 'https://www.manga-news.com/public/images/events/geek-unchained-4.jpg', '2022-03-06 01:17:35', '2022-03-07 14:30:15', 40, NULL),
(766, 73, 1018, 4047, 54, 'minima odio officia eum dignissimos quidem dolor eligendi repellat', 'Maxime animi perferendis et quam laborum. Deserunt quidem alias quo commodi possimus eligendi. Laborum porro accusamus animi occaecati repudiandae voluptas. Similique nam molestias temporibus. Non neque non porro ducimus velit est qui. Doloremque nemo occaecati libero sint. Doloribus in voluptas omnis laborum earum iusto. Adipisci eum vero deserunt incidunt natus tempora non. Saepe eos non culpa repellat delectus accusantium et. Tenetur sit amet dignissimos omnis. Aut minus alias nesciunt porro quam. A aut consequatur dolor accusamus consequuntur nobis cupiditate. Ipsam debitis cum sed nihil. Sapiente id nihil dolorem odit a atque. Ut quaerat voluptatum rem aliquid est. Quo ea odio molestiae ea.', 'https://previews.123rf.com/images/microone/microone2006/microone200600047/148520518-board-game-evening-friends-meeting-happy-players-characters-isolated-teenagers-or-adults-playing-car.jpg', '2022-04-23 22:35:18', '2022-04-24 16:09:39', 108, NULL),
(767, 75, 1070, 4293, 54, 'qui est aut id doloremque repellat consectetur facere et qui', 'Eos enim voluptatibus officiis voluptatem. Accusantium quis cum aut. Sunt culpa quis eum iste placeat tempore id. Ut reprehenderit illum nulla adipisci neque perspiciatis. Delectus sed iste quod repellat eos vel voluptatem. Saepe sunt quos nobis earum id sequi. Nulla unde modi nihil voluptas veniam molestias. Minima facilis earum nihil in excepturi minima. Esse fugit ipsam voluptas enim velit recusandae impedit voluptates. Aliquam nam omnis molestias harum. Ex minima dolorem necessitatibus excepturi possimus doloribus. Vitae quidem voluptatum dolorum temporibus quo. Reiciendis autem in assumenda beatae est occaecati quas. Qui eaque et laudantium ea velit architecto. Eum consectetur voluptas est voluptatem autem quidem suscipit.', 'https://previews.123rf.com/images/microone/microone2006/microone200600047/148520518-board-game-evening-friends-meeting-happy-players-characters-isolated-teenagers-or-adults-playing-car.jpg', '2022-06-21 16:22:17', '2022-06-22 06:11:28', 213, NULL),
(768, 77, 1043, 4192, 52, 'enim architecto in eligendi et et et nisi laudantium', 'Assumenda voluptatem praesentium corporis provident corrupti nostrum et. Aut rerum est nobis totam. Optio labore ipsam est dolorum iste hic ut. Adipisci dolorem voluptatem fugiat voluptatibus ea nam eius sit. Quibusdam illum necessitatibus libero. Soluta esse illo veniam inventore assumenda saepe. Repellendus soluta et qui eaque ea vero. Numquam natus quis nihil dolor et est. Dolorem fugiat odit et. Architecto accusamus molestias doloremque aut. Repudiandae quaerat totam consequuntur sapiente. Quia non enim assumenda ut itaque qui natus. Soluta deserunt voluptatum nemo similique iste. Rem aliquam eligendi voluptatem et tempora dolorem accusamus.', 'https://www.realite-virtuelle.com/wp-content/uploads/2020/11/pokemon-go-milliard-revenus.jpg', '2022-04-22 18:00:49', '2022-04-24 20:17:28', 143, 'Confirmé'),
(769, 74, 1042, 4275, 54, 'aut optio et', 'Mollitia ea quas saepe voluptas. Corporis quam quam a ea quidem saepe ut. Nulla temporibus aut accusantium rerum. Labore nihil qui similique fuga sequi quam vitae. Sapiente quibusdam vitae tempora voluptas consectetur. Sed sunt rerum fugiat suscipit omnis eveniet eligendi recusandae. Sunt nisi blanditiis incidunt commodi. Incidunt ut eum debitis unde. Tempora est quis dolorem. Itaque quo voluptatum rerum ratione error maxime ut. Sit quo expedita rerum ex non eaque qui. Enim quia incidunt in culpa est voluptatem provident. Illum dolor nulla debitis nihil. Totam ut quasi labore. Velit iste sed reiciendis autem ipsa a. Tempore quod voluptatum aut eligendi. Voluptatem aut eligendi nesciunt non aliquid corporis.', 'https://www.manga-news.com/public/images/events/geek-unchained-4.jpg', '2022-03-19 19:20:48', '2022-03-20 10:10:18', 63, NULL),
(770, 74, NULL, 4048, 55, 'eum voluptas aut possimus officia aut', 'Rerum reiciendis sequi quia ea modi facilis iste laboriosam. Animi eos officiis inventore dolorem assumenda numquam. Aut sequi aut aliquam quis dolorum. Amet minima recusandae reprehenderit reprehenderit. Accusantium dolor exercitationem natus qui dignissimos dolor at. Architecto voluptatum dolores voluptatem qui dolores. Atque sed eos qui nihil ut. Ut repudiandae a aut laboriosam soluta sed ut. Quisquam sequi aut eius sit corrupti adipisci. Veritatis quae ipsum deserunt eos consequatur rerum. Est occaecati ut ut hic maiores rerum. Eos architecto quo assumenda et. Architecto quia dolores exercitationem ut nisi alias aliquam. Autem ullam esse dignissimos omnis aperiam laborum. Et ducimus reprehenderit vel quia. Vero velit fugiat eligendi occaecati fuga quasi perferendis.', 'https://previews.123rf.com/images/microone/microone2006/microone200600047/148520518-board-game-evening-friends-meeting-happy-players-characters-isolated-teenagers-or-adults-playing-car.jpg', '2022-01-26 09:52:21', '2022-01-26 20:20:08', 423, 'Professionnel'),
(771, 72, 1064, 4247, 53, 'non blanditiis corrupti omnis rerum asperiores quibusdam ut laborum', 'Veritatis eum cupiditate id commodi voluptates. Doloribus voluptatem similique reiciendis numquam. Rem esse minus beatae. In atque est quia aut. Est consequatur repellendus id aperiam quisquam. Deserunt ut ipsa aperiam quas sapiente aut dignissimos voluptatibus. Et sed corporis enim tempora ut. Blanditiis quia exercitationem in aut ipsa vitae et. Dolores nemo et quaerat odio. Vel reprehenderit et minima. Magnam qui omnis sequi cupiditate ut velit. Magni nostrum quo animi qui rerum quos est. Ea commodi voluptas eveniet fugiat et dignissimos. Et voluptatum accusamus cumque voluptas dolor quia. Autem suscipit soluta iusto suscipit alias accusantium.', 'https://www.manga-news.com/public/images/events/geek-unchained-4.jpg', '2022-02-10 12:19:45', '2022-02-11 21:36:24', 186, NULL),
(772, 76, 1017, 4123, 54, 'quod ut sit odio et exercitationem vel quisquam minus', 'Ratione repudiandae quia est provident culpa molestiae. Magnam corporis quos sapiente non possimus corrupti rerum. Amet qui harum ullam culpa a porro. Sit voluptas ab dignissimos modi et. Et cum dolores enim illum labore deleniti. Eos nam laboriosam temporibus dignissimos a totam ad. Velit alias pariatur architecto iusto. Eum doloribus quis ullam. Velit est temporibus perferendis repudiandae ut modi commodi. Nesciunt possimus iste vel eos tenetur. Eum modi velit suscipit est maiores. Odit aut repudiandae tempora soluta ducimus et modi. Sunt rerum non iure suscipit. Omnis dicta fugiat odio dolor. Eveniet cumque ut quidem modi est aperiam.', 'https://www.presse-citron.net/app/uploads/2020/04/e3-online.jpg', '2022-05-06 16:48:04', '2022-05-09 07:44:26', 158, NULL),
(773, 77, 1014, 4487, 55, 'maiores inventore quam natus', 'Magnam praesentium perferendis aliquid atque corrupti sint est repellat. Minima quia deleniti quis architecto. Veritatis id minus accusantium laboriosam saepe sit ut. Eligendi a nihil molestiae quod aut molestiae ducimus. Officiis provident ex eos rerum alias. Impedit odio reprehenderit et earum eos. Ipsum ipsam sed voluptas. Dolores odit illo quaerat ut voluptas omnis et. Adipisci incidunt laboriosam voluptatem eaque eligendi. Veniam vel nihil sit quia ratione sed eos aut. Vel aut similique qui libero a unde. Facilis quia ratione rerum dolores exercitationem sit voluptas. A deserunt ut autem doloremque mollitia corporis qui. Rem ut omnis distinctio. Ut consectetur qui minima esse et impedit. Nemo suscipit consequatur quia fugit dolorem earum autem ex.', 'https://i.ytimg.com/vi/TFZacjKUlic/maxresdefault.jpg', '2022-02-16 23:13:07', '2022-02-17 17:21:15', 155, 'Débutant'),
(774, 77, 1069, 4428, 52, 'sint voluptatem ipsum animi porro ratione iure provident voluptas', 'Quo voluptatem suscipit animi sint sint. Quis laudantium autem nihil et quis delectus quia illum. Velit nostrum itaque enim tenetur voluptatem ducimus aut. Exercitationem rem sed aut quisquam. Quia quia magni est natus. Et nam sint voluptatem ut vitae inventore nobis molestias. Ut et officia harum. Natus quas culpa sed blanditiis impedit rerum. Ipsa est quia molestias voluptates. Voluptatem expedita et vel quisquam sed aspernatur accusamus. Et officiis consectetur mollitia eaque et ex expedita. Non aut sunt ut sapiente harum enim pariatur dolores. Vel aperiam eum autem et labore nobis dolores. Est quo qui nihil dolores perferendis sit sed ipsam. Omnis illum sit ut. Dolorem sunt ea deserunt quis. Repudiandae aut non quis nihil explicabo quod dolorum. Sint quia tenetur recusandae quisquam.', 'https://cdn.akamai.steamstatic.com/steam/apps/851590/capsule_616x353.jpg?t=1631538454', '2022-02-08 06:35:41', '2022-02-09 14:13:43', 101, 'Débutant'),
(775, 76, NULL, 4115, 52, 'vitae ut ad voluptas labore aut id', 'Deserunt dolorem eum dolorem harum totam. Debitis consequatur voluptate ut voluptatem repudiandae aperiam. Est mollitia et est perferendis voluptatem repellat. Commodi tenetur qui ea minus reiciendis. In asperiores molestias veritatis et cupiditate. Laborum ad quam voluptas excepturi. Beatae dolores eveniet delectus sit aut harum. Modi rerum quis dolorum. Ipsum delectus nulla explicabo eaque est at. Vero ipsam est omnis aut dignissimos voluptatem qui atque. Ipsam aut ut veniam ut et sit magni vel. Omnis impedit quibusdam minus explicabo nemo. Perferendis hic ea consequatur alias culpa. Magni rerum sit animi quia. Aut accusantium beatae itaque. Cupiditate occaecati sed ipsa tempora quasi. Quos rerum quae inventore et quisquam ut accusantium sit.', 'https://www.poilsdemartre.fr/medias/images/japan-touch.jpg', '2022-01-17 08:09:59', '2022-01-17 19:23:25', 403, 'Professionnel'),
(776, 77, 1046, 4062, 53, 'ut magni voluptas ullam', 'Quis et est odio. Sint nesciunt qui minima distinctio velit. Quod nam ullam et ullam. Ducimus dicta quis dolorum libero. Dicta facere numquam reprehenderit sint hic. Sint non porro culpa nulla a quis nihil. Quam qui et temporibus ut. Quia aut ut nobis impedit. Non est ut cupiditate aut iste quia. Itaque ipsam omnis nostrum dolores deleniti eaque. Ullam deserunt minima nemo voluptate. Odio omnis possimus quo et aliquid omnis quia. Ea iste quibusdam nihil rerum ut veritatis dolor eligendi. Sint aut voluptatem consequatur deserunt est. Nemo ducimus officiis ducimus laudantium fugit dolor quam. Et est dolores veniam sit. Rerum est velit voluptas voluptates. In fuga aut mollitia. Beatae quia sunt voluptas culpa.', 'https://fr.web.img2.acsta.net/newsv7/20/06/30/12/28/5740456.jpg', '2022-01-12 14:03:12', '2022-01-13 14:29:37', 124, NULL),
(777, 72, 1043, 4442, 52, 'cupiditate consectetur aperiam adipisci', 'Ipsum fugiat quis inventore minima est. Maiores veritatis qui veritatis et. Voluptas porro est quos rerum adipisci iusto. Ullam ut voluptatibus quisquam maxime esse vero ullam. Fugiat aut corporis animi sit voluptatem. Vero quod eaque nemo blanditiis facere nemo vel. Exercitationem expedita aut provident et inventore et libero et. Consequatur pariatur rerum sunt saepe consequatur odio. Et ea ut soluta molestias impedit quia. Eos enim cum alias quam aperiam fuga perspiciatis. In molestiae quia voluptas nostrum. Fugiat molestiae ut repellendus quas at. Quo rem rerum ut possimus ex aut impedit. Sequi sint accusantium dolorem laborum.', 'https://www.presse-citron.net/app/uploads/2020/04/e3-online.jpg', '2022-01-09 19:33:58', '2022-01-10 10:16:16', 445, 'Débutant'),
(778, 74, 1003, 4091, 55, 'totam vel unde est', 'Sapiente sit voluptas autem iure. Aperiam tempore veritatis excepturi nostrum saepe corrupti. Cum delectus qui tempora voluptatem quia vel rerum. Vitae sunt dignissimos ab quo quia. Aspernatur quam velit quis eum similique. Beatae voluptas esse reprehenderit soluta eum. Dolore voluptate occaecati aspernatur. Ab nam excepturi illo magnam. Harum dolorum explicabo veritatis consequatur. Deserunt ex amet rerum soluta qui consequuntur ipsum. Voluptas illo qui quis possimus distinctio doloribus ratione saepe. Doloremque facere veniam magni odit. Et doloremque sed autem ut corporis eligendi autem.', 'https://i.ytimg.com/vi/TFZacjKUlic/maxresdefault.jpg', '2022-02-26 02:48:40', '2022-02-28 10:19:24', 55, 'Occasionnel'),
(779, 72, 1100, 4286, 55, 'possimus ut doloremque id quia veritatis ea', 'Rerum incidunt et excepturi. Unde ipsa odio ut itaque et iste voluptatum. Tempore suscipit qui necessitatibus occaecati. Ratione quas repellendus eius et accusamus amet odio. Quia numquam libero porro reiciendis voluptas fuga eius. Cum dolor fugiat omnis temporibus voluptatem accusamus. Neque commodi et id magnam. Et voluptatem voluptas autem dicta iste aut. Repudiandae reiciendis totam omnis quia et id. Suscipit consequatur aut aliquam doloremque dignissimos. Ut eum corporis quo quos molestiae consequatur. Dolores itaque libero asperiores. Reprehenderit praesentium modi est et iure voluptas aliquid praesentium. Similique nihil dolore sit praesentium in sapiente quae. Excepturi nisi nihil debitis aut esse vel ea. Consequatur omnis sunt perferendis deleniti soluta sapiente corrupti.', 'https://previews.123rf.com/images/microone/microone2006/microone200600047/148520518-board-game-evening-friends-meeting-happy-players-characters-isolated-teenagers-or-adults-playing-car.jpg', '2022-03-28 08:16:00', '2022-03-29 05:22:39', 57, 'Confirmé'),
(780, 72, NULL, 4191, 52, 'similique qui facilis eos voluptatem', 'Atque natus voluptatum porro sit et. Ad et quod rerum nulla. Non quam velit doloremque incidunt placeat. Illo ut doloremque rerum voluptatem atque soluta sunt. Vitae in dolorem illo qui officia dolores aspernatur. Aut dignissimos praesentium omnis occaecati. Et dolores iure sequi vel. Laboriosam consequuntur reiciendis corporis suscipit quasi iusto. Sapiente qui repellat provident ex consequuntur ad et. Esse ut voluptatum dolores dolore inventore. Sit et qui dolorem necessitatibus. Nihil quia eum placeat omnis ut libero ut. Aut aut voluptas cumque omnis sunt dolor ut. Enim laudantium et quaerat sint quis ut aut. Aspernatur in quia atque. Rerum tempora voluptatem aut magni et. Quo reiciendis odit fugiat illo.', 'https://www.manga-news.com/public/images/events/geek-unchained-4.jpg', '2022-07-01 03:14:40', '2022-07-01 03:55:59', 434, 'Professionnel'),
(781, 75, 1099, 4161, 53, 'ut voluptatum ipsa sed ratione sit ad quos', 'Ipsum nobis voluptatem molestias ut. Amet nostrum amet amet incidunt ut aut. Aut voluptates ad aut dolorum asperiores. Quod illum dolorum reiciendis vero rerum magni omnis. Modi iusto nihil eos perferendis rem dicta. Autem autem aliquam vel quidem recusandae est sit. Ut iure quae quam quasi. Nisi id quis magni ex ut culpa praesentium temporibus. Omnis quidem cupiditate nulla fugit quo est. Officia praesentium sed est sit quasi quisquam mollitia quibusdam. Occaecati quia molestiae voluptatum magni consectetur. Provident sit dolor aut cum aut saepe. Eos odit provident voluptatem necessitatibus perferendis. Sit hic dolores officia libero aliquid saepe.', 'https://img.redbull.com/images/c_limit,w_1500,h_1000,f_auto,q_auto/redbullcom/2019/11/08/fc0f91de-3998-4be5-b50e-96d8d9e0cd45/lol-10-ans-league-of-legends', '2022-06-03 17:15:06', '2022-06-06 01:28:50', 141, NULL),
(782, 73, 1065, 4343, 53, 'qui dolor voluptas ipsum vel velit nemo', 'Voluptas possimus et delectus suscipit itaque aut. Quos perferendis non et quasi et est. Quam assumenda repellendus aut corrupti placeat. Quis esse pariatur quasi minima odit est. Laudantium illo quia ad pariatur inventore. Et quos aut consequatur nihil ex sit. Maxime voluptates et itaque et. Perspiciatis dignissimos sint id sequi quidem omnis tempora. Nesciunt voluptas iusto repellat repellendus. Aspernatur ratione et odio libero sequi repellendus in. Ducimus enim animi dolor. Repellat cupiditate et quo. Deserunt accusantium aspernatur eius voluptas beatae. Distinctio sunt eum laboriosam et quisquam. Voluptatum nulla perferendis voluptas illum exercitationem sit ad.', 'https://data.1freewallpapers.com/download/dota-2-1280x720.jpg', '2022-05-27 06:45:50', '2022-05-29 18:33:14', 14, NULL),
(783, 74, 1025, 4234, 54, 'sunt quam est saepe consequatur quidem quaerat doloremque beatae sit', 'Saepe iste placeat voluptatem optio. Voluptatum dignissimos et dolore. Ut iusto non a voluptatem sapiente eaque. Est nisi aperiam aliquam sapiente maiores exercitationem ut voluptatem. Aperiam fugiat veritatis repudiandae ducimus unde possimus. Iste expedita minima sit incidunt deleniti. Saepe expedita cumque ea. Nemo in nulla nobis ipsum. Fugiat officiis omnis laboriosam rerum quam blanditiis eaque. Consequuntur consequuntur dicta reiciendis et sed eum. Animi ea voluptatum consectetur autem facere a. Atque facere facilis tempora officia. Soluta maxime maiores ut eveniet dicta optio cum. Non numquam quis eveniet qui possimus. Assumenda quae a tenetur. Impedit quaerat voluptatem dolorum labore eligendi eum. Dolorum nam est dolorem aut.', 'https://www.presse-citron.net/app/uploads/2020/04/e3-online.jpg', '2022-02-26 06:59:02', '2022-03-01 00:23:05', 98, NULL),
(784, 75, 1093, 4288, 54, 'quia quisquam non officiis velit', 'Cum in recusandae aut accusamus ut minus voluptatem. Consequuntur eveniet quia quibusdam in ut. Accusantium vitae aut eos officia quaerat. A consectetur vero sint quis praesentium atque sed. Soluta est voluptate unde rerum. Sit qui porro et molestiae. Ut adipisci sapiente praesentium ducimus inventore voluptas. Fuga sint maxime sed cumque. Eaque occaecati non sit. Quisquam eligendi nulla et culpa praesentium neque esse. Sit maiores et ut rerum quo tempora. Libero sit dolore nisi eius minus officiis. Dolor perspiciatis odit consequatur. Eveniet eius explicabo aut. Animi similique et et accusantium ut aut. Ipsam vero maiores quia non vitae et velit laborum.', 'https://previews.123rf.com/images/microone/microone2006/microone200600047/148520518-board-game-evening-friends-meeting-happy-players-characters-isolated-teenagers-or-adults-playing-car.jpg', '2022-05-10 11:36:37', '2022-05-13 11:16:20', 474, NULL),
(785, 77, NULL, 4044, 55, 'quidem est vitae aut deleniti a autem ipsa', 'Rerum rerum expedita aut exercitationem atque repellat. Mollitia quaerat ab fugiat fugit dolorum eos et et. Velit quam ad molestiae amet fuga dolorum. Sequi fugiat incidunt eveniet sit perspiciatis voluptas. Facilis fugiat voluptate officiis. Et voluptatem consequatur hic et aliquid. Molestiae corporis sed autem est sit itaque facilis. Minima aut aut repellat eum. Ipsa aspernatur repellendus laudantium aperiam. Et dolorem reiciendis non inventore. Odit quasi ut neque tenetur aut. Quas omnis architecto mollitia doloremque omnis. Quibusdam beatae illum consectetur quia dolores. Accusamus occaecati nam optio. Quo eveniet magnam et nisi facere minima at. Soluta illum quaerat laudantium saepe molestias sapiente. Perspiciatis unde illo iure eum laudantium. Voluptas sequi iusto ad at et.', 'https://previews.123rf.com/images/microone/microone2006/microone200600047/148520518-board-game-evening-friends-meeting-happy-players-characters-isolated-teenagers-or-adults-playing-car.jpg', '2022-02-05 23:02:28', '2022-02-07 05:58:20', 171, 'Débutant'),
(786, 76, 1071, 4122, 55, 'aut error sunt veritatis dolor provident exercitationem reiciendis', 'Eius sint sed sint. Et distinctio libero et nihil rerum. Quam ut eius nobis ullam. Quo corrupti eos ipsum. Et accusamus et aperiam qui explicabo. Quod totam et illo voluptas quas eos consectetur vel. Rerum sint autem vero vel voluptatum. Nam blanditiis nobis unde ut deserunt illo omnis. Voluptas error corporis architecto voluptatem rerum. Nihil excepturi eum consequuntur ab eligendi molestias voluptatibus rerum. Dignissimos officiis sint natus atque. Unde velit dolorem accusantium voluptatem. Asperiores dolores facilis enim qui fugiat. Ut omnis dolor vitae minima. Dolores minima quia eum quis occaecati laborum vel. Voluptatem exercitationem quas molestiae at aspernatur. Sunt assumenda atque eos ab recusandae.', 'https://previews.123rf.com/images/microone/microone2006/microone200600047/148520518-board-game-evening-friends-meeting-happy-players-characters-isolated-teenagers-or-adults-playing-car.jpg', '2022-02-23 15:27:22', '2022-02-24 03:11:21', 402, 'Débutant'),
(787, 74, 1040, 4214, 52, 'repudiandae voluptatem est quis cum officia cum cupiditate', 'Odit aut dignissimos dolores est tenetur nesciunt ratione quis. Non accusamus maxime ad modi. Delectus et laborum ea temporibus et. Et temporibus laudantium ex quidem. Rem placeat quae ut dolorem sit minus omnis. Iste dolorem nisi aliquid excepturi. Incidunt numquam debitis quae ex eius. Aut earum ut quia eos adipisci est modi. Occaecati et qui ut est. Et qui officia qui quia molestias magnam soluta. Facere beatae dolorem et eos. Neque et molestias quia. Mollitia sint qui magni aut nulla autem mollitia eius. Rerum at et eum laudantium eius unde laborum. Omnis vitae omnis quis iure omnis perferendis cumque. Itaque quae omnis illo exercitationem. Possimus aperiam cupiditate magni rem voluptas et temporibus. Quia sequi est debitis quia facilis.', 'https://www.rostercon.com/wp-content/uploads/2021/09/dcfandome-2021.jpg', '2022-01-26 08:17:10', '2022-01-29 07:01:55', 182, 'Intermédiaire'),
(788, 75, 1014, 4399, 53, 'dolore quaerat maxime alias ipsam', 'Voluptatem nam cumque corporis iure omnis cum quos. Iste in expedita pariatur nihil dolorem. Recusandae ducimus alias non voluptas ea. Tenetur quam eum accusamus delectus amet quod. Maxime minima deserunt ducimus temporibus. Dolor ut rerum dicta. Nesciunt enim eius sed quas totam ad ducimus. Fugiat id illo quidem saepe reprehenderit. Consequuntur laboriosam unde nostrum velit velit quia consequuntur inventore. Porro consequatur possimus fugit laborum aut. Deleniti ullam non sit nemo consequatur ipsam dolore beatae. Quasi corrupti possimus similique minus ab ut. Qui assumenda velit quasi quaerat alias provident sed cupiditate. Sequi non itaque sequi est est exercitationem aut.', 'https://www.manga-news.com/public/images/events/geek-unchained-4.jpg', '2022-06-30 18:03:16', '2022-07-02 03:05:05', 283, NULL),
(789, 75, 1079, 4405, 55, 'tempora ut ut ducimus ea et sit corrupti accusamus', 'Rem ut culpa ipsa cupiditate nihil unde. Deserunt rerum deleniti ut aut et. Labore et quia perferendis doloremque quae facere. Commodi corrupti enim impedit quis impedit et repudiandae. Excepturi quod dolores ea cumque. Aut minima quis provident eum cum error placeat. Exercitationem reiciendis quia eligendi doloribus nostrum et. Atque quisquam officia dolor natus quos ut quod nemo. Quia enim consequuntur voluptas nihil voluptas. Vero dolor porro hic deserunt. Deserunt harum laborum rerum nisi esse. Perspiciatis perferendis eaque excepturi rerum et dolores cupiditate. Accusamus ullam architecto ut laborum. Minima rem inventore eaque nihil sit dolores. Sed quo ut saepe tempora.', 'https://pbs.twimg.com/media/EECAyk7W4AAQP9w.jpg', '2022-05-28 20:11:42', '2022-05-29 07:16:00', 163, 'Confirmé'),
(790, 73, NULL, 4065, 53, 'nam quia corporis sint consequatur nam numquam molestiae', 'Iure similique atque ea qui rerum incidunt voluptatem. Officiis omnis iusto et sed quaerat aut enim. Occaecati omnis dolores incidunt consequatur. Placeat labore repellendus deserunt perferendis. Ut tempora voluptatem exercitationem vel et. Aut porro ut officia voluptate praesentium nam voluptate. Quibusdam doloremque qui sequi beatae et ratione commodi. Doloremque vel aliquid eum laboriosam rerum facere est. Enim saepe qui qui quis. Doloremque aliquam dolorem libero ut. Ad ullam quis aliquid nulla eos delectus blanditiis aut. Fugit a id corporis quaerat. Vel id in debitis sit. Temporibus sapiente maxime nisi magnam et enim. Modi numquam debitis saepe libero ad labore nisi. Aliquam consequatur et tenetur. Qui illo odio doloremque ea. Voluptatem et nihil nobis nulla aut impedit voluptas.', 'https://img.redbull.com/images/c_limit,w_1500,h_1000,f_auto,q_auto/redbullcom/2019/11/08/fc0f91de-3998-4be5-b50e-96d8d9e0cd45/lol-10-ans-league-of-legends', '2022-05-10 04:51:20', '2022-05-12 03:46:44', 344, NULL),
(791, 74, 1033, 4262, 52, 'expedita voluptate mollitia qui impedit qui quo asperiores eum cupiditate', 'Non et quaerat architecto aliquam explicabo. Tempore optio earum ullam quasi iure. Architecto nisi saepe non placeat voluptas perferendis tempora velit. Hic quis minus laboriosam sed. Quasi magni soluta sint eos. Tenetur aut officia nisi vel dolores reiciendis facilis. Labore itaque dolorem quia maiores. Quia sunt rem consectetur sed repudiandae repellendus. Dignissimos veniam aut quibusdam voluptatem ratione. Inventore neque esse libero quia ratione. Et recusandae nostrum laudantium quo. Et est non odio ab. Accusantium unde velit ut velit id exercitationem. Molestias dolor at ut. Veritatis commodi sapiente voluptatem illo maiores ducimus. Debitis ratione animi pariatur. Aut dicta voluptatem quis quia sint quis. Dolorum labore est sequi esse.', 'https://www.manga-news.com/public/images/events/geek-unchained-4.jpg', '2022-03-03 20:42:01', '2022-03-05 04:10:22', 351, 'Occasionnel'),
(792, 76, 1097, 4136, 53, 'error sed et qui', 'Eos molestias rerum sit omnis voluptate suscipit esse id. Recusandae dignissimos natus quis et rem. Vitae maiores minima non sequi et nisi molestiae. Iure est sunt quis hic natus ut qui. Ut sed praesentium natus odit sit ex. Unde aperiam ipsum vel rerum qui. Natus laboriosam qui magnam ab. Saepe non aut amet quo. Mollitia aut sit molestiae harum. Harum natus labore nisi perspiciatis repudiandae quae ad. Assumenda corrupti voluptatem aut modi. Necessitatibus ipsum quisquam commodi magni est nihil. Delectus vel est est tempore voluptates non aut aliquam. Esse quibusdam vel molestias nulla cum harum. Dolor velit eos modi sequi non. Id aliquid unde sint voluptas consequatur aut totam sit. Reiciendis veritatis incidunt ipsum quibusdam perferendis id. Ipsa dolorem at quia vero.', 'https://i0.wp.com/www.nintendo-town.fr/wp-content/uploads/2019/04/H2x1_NSwitch_MortalKombat11_image1600w.jpg?fit=1600%2C800&ssl=1', '2022-04-17 10:38:25', '2022-04-19 01:29:18', 290, NULL),
(793, 73, 1001, 4340, 54, 'sed modi soluta voluptatem nesciunt distinctio molestiae a quos', 'Et quae amet maxime distinctio accusantium dolor quibusdam. Nulla quidem adipisci velit cum. Odit eum velit fuga. Sit reprehenderit in nulla fugit eum. Tempore possimus fugit consequuntur recusandae sed. Aperiam velit aliquam autem dignissimos. Sed vero repellendus veritatis explicabo ut fugit eum. Praesentium cumque ratione repudiandae quis autem ad et. Magni exercitationem molestias possimus et ducimus non. Reiciendis sint laborum autem autem et voluptatem deserunt. Tenetur mollitia est sed ipsam. Reiciendis sit asperiores laborum hic dolores quaerat corrupti quibusdam. Officiis est debitis nemo veniam.', 'https://www.miraigamers.com/wp-content/uploads/2021/07/Yu-Gi-Oh-Master-Duel-arrive-sur-tous-les-supports-pret-pour-le-Duel.jpg', '2022-02-10 14:14:58', '2022-02-12 04:13:33', 231, NULL),
(794, 77, 1049, 4169, 52, 'odit excepturi consequuntur aut est magnam corporis hic totam', 'Eaque rerum sequi ratione et. Autem totam vel inventore quo alias velit sunt. Fuga non delectus harum sint veritatis totam distinctio. Hic illo aliquid quae voluptatem sunt eum voluptas. Ut dolores asperiores praesentium non nesciunt ea sequi molestiae. Eaque quia repellat soluta omnis quia deserunt autem. Nemo ut voluptates repellat voluptas fuga voluptatem. Quasi facere nam ipsa officia et. Dolores nisi laboriosam labore culpa. Accusamus corporis est id. Cupiditate autem est cumque voluptas ex dignissimos facilis ipsum. Quaerat nesciunt illo quae dolores expedita. Quo excepturi enim ut. Voluptatum labore molestias enim voluptatum placeat. Velit recusandae nesciunt eligendi dolor laudantium similique. Omnis tenetur sequi aspernatur occaecati nihil voluptatum.', 'https://pbs.twimg.com/media/EECAyk7W4AAQP9w.jpg', '2022-03-13 10:12:41', '2022-03-15 03:21:52', 351, 'Confirmé'),
(795, 73, NULL, 4067, 54, 'et dolores doloribus ducimus cum', 'Vitae enim sunt voluptas rerum sunt. Occaecati vel perspiciatis asperiores ea et ut. Quaerat enim quia deleniti ratione ducimus voluptatum dignissimos. Autem aut quo ea est rerum sequi voluptatem voluptate. Sint et et sint ab qui dolor. Nulla nostrum est vel nihil voluptate pariatur. Aut cumque id beatae libero. Totam dolores temporibus nam quisquam ut quia. Fugiat consequuntur odio qui iure sed officia. Est dignissimos tempore sint maxime. Qui ut et ea beatae quasi sunt omnis vitae. Eveniet vitae iste debitis. Numquam voluptatibus sit placeat ut. Voluptates consequuntur sit et sed quia. Facere voluptatem enim est. Fugiat consequuntur id sequi tempore nisi.', 'https://i.ytimg.com/vi/TFZacjKUlic/maxresdefault.jpg', '2022-05-07 20:09:29', '2022-05-09 13:03:21', 257, NULL),
(796, 75, 1044, 4454, 54, 'nobis harum et id', 'Reprehenderit et cupiditate maxime odit. Similique nihil qui occaecati eius laborum accusantium recusandae. Cumque iure adipisci non doloribus optio. Consequatur qui et ratione dolore et corporis consequuntur. Omnis accusantium tempora quia quo. Sapiente nostrum aliquid similique quis consequatur beatae quis. Autem saepe repellat minus. Dolore cupiditate quia et quos. Vel rerum quos animi quod optio. Voluptates eos est est voluptatem earum. Eos nobis nihil qui odit repellat. Enim dolorem debitis dolores aut esse ratione natus. Sed reprehenderit occaecati minima voluptatum voluptate dolor. Officia exercitationem quas saepe porro aut. Id ducimus aut est sed. Labore maxime harum voluptatem optio vel. Nemo nam quod accusamus aut est reiciendis qui.', 'https://img.redbull.com/images/c_limit,w_1500,h_1000,f_auto,q_auto/redbullcom/2019/11/08/fc0f91de-3998-4be5-b50e-96d8d9e0cd45/lol-10-ans-league-of-legends', '2022-04-03 09:20:30', '2022-04-05 16:55:58', 431, NULL),
(797, 75, 1052, 4024, 52, 'sit perspiciatis dolorem reiciendis enim et ut aperiam sunt nihil', 'Dolore commodi rerum debitis ea facilis consequatur. Vel veritatis et vel dolorem minus quia non. Fugit velit dolor fugiat et nostrum quam esse ut. Consequatur sint quia ipsum officia quas. Qui doloremque suscipit aliquid aut doloremque quia error. Qui aut facere ipsam dolore illo consequatur. Dignissimos ut quidem fugit perspiciatis qui laborum id. Veritatis aliquid sit maxime maiores atque. Placeat laborum eum magni minus. Iusto qui soluta eum inventore sed. Voluptatem et tempore voluptates nulla ullam et odit reiciendis. Veniam quia rem dicta corrupti cumque ad cum. Quidem repellendus et et at hic sit consequatur.', 'https://www.rostercon.com/wp-content/uploads/2021/09/dcfandome-2021.jpg', '2022-03-08 23:23:06', '2022-03-11 19:20:54', 296, 'Confirmé'),
(798, 77, 1026, 4015, 52, 'unde dolore qui et soluta nihil sunt ut', 'Rerum dolores cum deleniti quam eos temporibus vitae. Voluptas non qui laudantium minima temporibus. Sint at consequatur quos. Magnam esse ut culpa sunt delectus est. Non nesciunt ullam aut ipsum. Numquam delectus atque odit sunt exercitationem unde. Exercitationem inventore eaque excepturi et. Et vitae itaque aut numquam blanditiis hic. Voluptatem sed molestias voluptatem animi id. Fugit ab voluptatibus consequatur eveniet et architecto. Enim officiis molestiae aut iure labore voluptates. Sint eum tempora maiores quos labore. Eligendi omnis dolorem consequatur aliquid sed. Ut rerum repellendus assumenda nam expedita suscipit dolor. Ut sunt repudiandae dolorum nostrum enim sit. Qui eum sint aut porro pariatur ab voluptatem.', 'https://i.ytimg.com/vi/TFZacjKUlic/maxresdefault.jpg', '2022-02-01 00:20:07', '2022-02-03 04:24:24', 191, 'Occasionnel'),
(799, 73, 1067, 4136, 54, 'et libero ex et qui doloribus deleniti', 'Eum vero et nostrum nihil sapiente libero. Quas id perspiciatis laborum esse aut consequatur quisquam laudantium. Est eveniet recusandae occaecati nam et nihil sunt. Quos quam et nihil excepturi et. Id aut magnam cupiditate distinctio quae iusto. Est dolor veritatis sit aut. Et qui molestiae officia dicta dignissimos est perferendis nesciunt. Tempore fugit est neque magni saepe illum. Dignissimos enim nostrum sed et. Doloribus eius atque eligendi veritatis laudantium ex suscipit. Vel non veritatis excepturi rerum fugiat harum placeat. Sint nihil dolores nisi est non blanditiis. Quo enim quam sed doloribus expedita quia. Sunt non in nihil corporis.', 'https://www.presse-citron.net/app/uploads/2020/04/e3-online.jpg', '2022-05-14 22:15:54', '2022-05-15 18:06:51', 498, NULL),
(800, 75, NULL, 4210, 54, 'nostrum molestiae necessitatibus quaerat minus quidem', 'Animi consequatur suscipit quia omnis et aspernatur. Molestiae minus vel doloribus dolor dolore. Laborum odio neque magnam eaque. Blanditiis in in et quia. Et inventore quis ea in ut. Similique sit quos voluptatum dolorum. Id facilis provident tempora rerum ut non quod voluptas. Qui consequatur et velit voluptas sed sunt. Rerum numquam tenetur quis dolor et. Illo qui dolore non ex odio ut blanditiis nemo. Illum quam voluptas ut totam molestiae beatae reiciendis. Dolor sed non iste cupiditate odit sequi. Soluta dolor non voluptatem tenetur. Sunt cupiditate beatae quibusdam ea id eos. Et voluptatibus dolorum sed quo. Quam ea doloremque commodi amet qui sunt. Voluptatum natus commodi magni. Quia aliquam asperiores et saepe expedita non odit. Sint provident fuga ut quia.', 'https://i.ytimg.com/vi/TFZacjKUlic/maxresdefault.jpg', '2022-03-16 23:41:01', '2022-03-17 14:34:06', 178, NULL),
(802, 71, 1024, 4011, 51, 'Convention Paris Manga 2022', 'enejezkfnkzenfmlkzn,mlz dnfkmnzfmknf fkenfmknemlf,a fkmnmnea', 'https://leclaireur.fnac.com/wp-content/uploads/2021/11/paris-manga-1256x826.jpeg', '2022-01-29 10:00:00', '2022-01-31 20:00:00', 150, 'Tous niveaux');

-- --------------------------------------------------------

--
-- Structure de la table `event_activity`
--

CREATE TABLE `event_activity` (
  `id` int(11) NOT NULL,
  `name` varchar(50) COLLATE utf8mb4_unicode_ci NOT NULL
) ENGINE=InnoDB DEFAULT CHARSET=utf8mb4 COLLATE=utf8mb4_unicode_ci;

--
-- Déchargement des données de la table `event_activity`
--

INSERT INTO `event_activity` (`id`, `name`) VALUES
(51, 'Jeux vidéos'),
(52, 'Jeux de société'),
(53, 'Mangas'),
(54, 'Comics'),
(55, 'Toutes activités');

-- --------------------------------------------------------

--
-- Structure de la table `event_category`
--

CREATE TABLE `event_category` (
  `id` int(11) NOT NULL,
  `name` varchar(50) COLLATE utf8mb4_unicode_ci NOT NULL
) ENGINE=InnoDB DEFAULT CHARSET=utf8mb4 COLLATE=utf8mb4_unicode_ci;

--
-- Déchargement des données de la table `event_category`
--

INSERT INTO `event_category` (`id`, `name`) VALUES
(71, 'Convention'),
(72, 'Partie en ligne'),
(73, 'Partie en local (LAN Party)'),
(74, 'Tournoi'),
(75, 'Meeting'),
(76, 'Vente aux enchères / troc'),
(77, 'Conférence');

-- --------------------------------------------------------

--
-- Structure de la table `manga`
--

CREATE TABLE `manga` (
  `id` int(11) NOT NULL,
  `category_id` int(11) NOT NULL,
  `name` varchar(50) COLLATE utf8mb4_unicode_ci NOT NULL,
  `description` longtext COLLATE utf8mb4_unicode_ci NOT NULL,
  `picture` varchar(255) COLLATE utf8mb4_unicode_ci NOT NULL,
  `author` varchar(50) COLLATE utf8mb4_unicode_ci NOT NULL
) ENGINE=InnoDB DEFAULT CHARSET=utf8mb4 COLLATE=utf8mb4_unicode_ci;

--
-- Déchargement des données de la table `manga`
--

INSERT INTO `manga` (`id`, `category_id`, `name`, `description`, `picture`, `author`) VALUES
(1001, 60, 'aut facere pariatur', 'Rerum est non sed perspiciatis ea tempore voluptate et. Facere fuga voluptatem nobis qui ipsam. Et fugit autem deleniti reprehenderit. Dolor ab omnis vel maxime non natus saepe sit. Esse similique et iste officia ducimus. Ut cumque similique nesciunt dolorem et hic quia. Consequatur commodi incidunt est ex officiis minus exercitationem quisquam. Alias harum sed ex temporibus inventore quam quia iste. Qui alias sed autem blanditiis sunt nam. Nihil quos reprehenderit quasi vel. Non quia at ea. Ex dolor nobis vel tempora dignissimos ut iusto blanditiis.', 'https://images-na.ssl-images-amazon.com/images/I/61BhDFVSCTL.jpg', 'Virginia Leuschke'),
(1002, 57, 'voluptas sit ut nihil', 'Omnis cupiditate vero sed numquam minima. Similique nihil aut temporibus ullam asperiores neque eum. Saepe sit ut animi quidem nulla libero ipsa. Tempora ut voluptatibus fugiat velit aspernatur. Quaerat cupiditate perspiciatis repellendus quod asperiores voluptas. Aspernatur laboriosam sapiente voluptatem corrupti eum. Et id vel minus praesentium. Reprehenderit accusamus earum porro ipsa molestiae cupiditate in. Assumenda perspiciatis non suscipit consequatur dolorum. Dolores dicta nulla eum voluptates non vitae.', 'https://www.pika.fr/sites/default/files/images/livres/couv/9782811607135-T.jpg', 'Jaeden Prosacco'),
(1003, 60, 'facere', 'Illo sit et impedit iusto. Iste voluptatem tenetur nihil fugit veniam dolorem voluptatem. Asperiores non dolorem enim praesentium. Eum qui expedita officiis. Distinctio voluptatem sint quo est omnis quam est. Neque est quia dolorem odio odio incidunt dolorem. Aut rerum incidunt iste autem hic voluptates. Dolor aut eos et culpa eaque omnis. Corporis ea natus nam fuga consequuntur. Voluptas aliquam voluptatibus illo non est sapiente at. Omnis aliquam vel inventore quo dolore.', 'https://images-na.ssl-images-amazon.com/images/I/91a19RuprqL.jpg', 'Rebecca Walsh'),
(1004, 57, 'minus', 'Alias ipsam ad nihil facere at porro voluptas. Amet architecto inventore itaque vel voluptatem voluptate. Eligendi consequatur quas voluptatum est. At sit qui vel et quidem. Aperiam nostrum distinctio temporibus. Qui commodi accusantium assumenda tempore excepturi perspiciatis vel velit. Qui nemo reprehenderit et. Et qui fugiat consectetur. Quod odio illo impedit asperiores et. Et quos rerum fuga hic omnis voluptatum.', 'https://images-na.ssl-images-amazon.com/images/I/81Z5oMQHqaL.jpg', 'Marguerite Rosenbaum'),
(1005, 59, 'voluptatem corrupti et quidem', 'Reprehenderit doloribus qui et id quo libero. Non maiores aliquid non minus. Eum minus sed earum quae ullam perferendis. Consequatur necessitatibus consequatur sint doloremque suscipit. Cum fugiat eum doloribus est libero voluptate. Dolore quidem cupiditate et aspernatur aperiam. Nisi corporis voluptas reiciendis eaque quibusdam officia. Temporibus tempore voluptatem repellendus et. Occaecati est eum et. Perspiciatis necessitatibus dolore corrupti quibusdam dolores est illo. Aspernatur omnis eaque omnis et earum labore.', 'https://images-na.ssl-images-amazon.com/images/I/818SKXrgHaL.jpg', 'Bart Borer'),
(1006, 57, 'quidem', 'Quis et ut et consequatur magni vel ullam. Omnis quam sunt enim modi at sit. Ullam ut rem id voluptate sunt earum reiciendis. Dolor excepturi consectetur consequatur quo. Enim voluptates aut voluptatibus autem veniam. Consequuntur iure eos in consequatur vel et maiores vel. Cum ea id tenetur voluptatum ut est aut dolores. Et laboriosam et unde non et. Qui nisi nobis sit. Suscipit possimus ab sed ut. Aut perferendis officia in possimus enim maiores voluptatem. Enim rem labore eum explicabo amet.', 'https://images-na.ssl-images-amazon.com/images/I/81H14PAKlPL.jpg', 'Maureen Hintz'),
(1007, 60, 'dolor consequuntur omnis', 'Aliquam rerum dolorem voluptas aut sequi. Accusamus et porro hic dolore. Dignissimos magnam non ut omnis modi. Aut quidem sed rem velit ut voluptatum ipsam. Itaque veniam odio hic delectus non hic. Hic omnis quisquam numquam. Consectetur nisi et quis optio. Quibusdam tenetur sed et est. Aspernatur numquam officia repellendus. Consequatur voluptatem eum delectus aspernatur iste rem. Omnis corporis ratione voluptas maiores praesentium. Quam perspiciatis vitae omnis quidem assumenda.', 'https://www.gbposters.com/media/catalog/product/cache/2/image/9df78eab33525d08d6e5fb8d27136e95/f/a/fairy-tail-quad-maxi-poster-1.133.jpg', 'Constantin Huel'),
(1008, 57, 'nostrum voluptas', 'Reiciendis unde aliquid ad rerum quam voluptatibus rerum. Eveniet voluptas quibusdam officia hic nostrum libero earum. Ratione quis iste hic officiis. Quo consequatur dicta vel et id debitis officiis. Animi ea necessitatibus nostrum nulla asperiores. Deleniti sit temporibus beatae ex et sunt. Provident quisquam qui quia. Aspernatur eum aliquam facere aspernatur dolor vitae accusamus aliquid. Ut adipisci quidem dolorem distinctio. Nisi tempore tenetur repellendus distinctio. Repellendus iure est et non quia. Nobis cum omnis quis dolores aperiam omnis.', 'https://images-na.ssl-images-amazon.com/images/I/81dfhgbb2qL.jpg', 'Chanelle Kautzer'),
(1009, 58, 'corrupti consequuntur quia dolores', 'Sed excepturi autem maxime perferendis autem eum consequatur. Et qui ut illo deserunt distinctio. Reiciendis commodi est temporibus ut ea. Officia et et rerum facere et cum in laboriosam. Facere ut hic omnis rerum qui magnam. Quia provident nihil consequuntur reprehenderit maxime. Velit officiis laudantium ut. Tenetur vero laboriosam quisquam ducimus rerum est dolores. Nihil natus minus qui dolore recusandae ex qui sit. Quasi ducimus voluptatem est labore. Quas in quia nihil veniam velit optio.', 'https://fr.web.img5.acsta.net/pictures/21/02/16/12/45/5319199.jpg', 'Carissa Cremin'),
(1010, 59, 'ab', 'Ab aut corrupti inventore voluptatum ut tempore. Deserunt facere quas ab libero qui unde voluptas. Aspernatur excepturi accusamus deserunt consequatur a. Est doloribus debitis voluptatem consequatur nam est. Et nihil temporibus sunt vel alias ut officia. Qui aut error deleniti quos possimus perspiciatis. Est necessitatibus ut voluptas tenetur. Sed totam suscipit laudantium magnam et quibusdam recusandae. Ea distinctio consectetur omnis est quibusdam sunt quia. Laudantium autem sed totam excepturi.', 'https://www.gbposters.com/media/catalog/product/cache/2/image/9df78eab33525d08d6e5fb8d27136e95/f/a/fairy-tail-quad-maxi-poster-1.133.jpg', 'Delia Treutel'),
(1011, 60, 'aut consequatur facere', 'Aut quo quidem dolor consequatur rem odit. Asperiores aut ut eaque dolorum deserunt enim. Laudantium reiciendis dolorum nihil facere velit. Voluptatibus est exercitationem omnis non. Eaque et soluta et et. Earum et praesentium veniam. Nemo perspiciatis quibusdam est et sunt ea. Aliquid est fugiat voluptas voluptas. Fugiat ipsa perspiciatis ut sapiente non incidunt nesciunt perferendis. Sequi qui dolore voluptates beatae vitae sed ad in. Dolores officia et aut doloribus veniam quaerat.', 'https://images-na.ssl-images-amazon.com/images/I/91yiBtD0imL.jpg', 'Brennan Wisoky'),
(1012, 60, 'hic recusandae mollitia enim', 'Qui aut nesciunt ut quidem iste. Inventore labore id consequatur. Doloribus et rerum sed quia delectus. Occaecati aspernatur hic fuga molestiae. Qui incidunt quibusdam ea. Consequuntur reprehenderit non quam dolorum ab fuga ipsa ab. Eveniet illum rerum cupiditate architecto non ut rerum. Ipsa qui rerum fugiat fugit maiores aspernatur. Ratione officia dignissimos accusamus corporis laboriosam dolor et. Eos dolor aliquid sequi eligendi id doloribus. Distinctio fugit voluptatum amet laudantium.', 'https://images-na.ssl-images-amazon.com/images/I/71FH4o9mO3S.jpg', 'Dannie Cartwright'),
(1013, 59, 'similique vel cupiditate', 'Ea sint et perspiciatis placeat dolorem ut. Repudiandae molestias non id deleniti. Rerum commodi culpa et dolorem dolore at porro. Error vel qui magni at. Voluptatibus in nihil dolorum et maiores qui quasi. Sed reiciendis voluptatem voluptas totam incidunt. Atque explicabo quam ipsum est pariatur iste aut minima. Aspernatur praesentium harum minus officiis officia quidem veniam. Nihil sit quod nulla repellendus. Dicta aut ut incidunt numquam. Ab eaque dolorum saepe iste dolorum. Fugit non ipsam et veniam unde. Accusamus doloribus maiores cupiditate voluptas et alias ut repudiandae.', 'https://fr.web.img5.acsta.net/pictures/21/02/16/12/45/5319199.jpg', 'Lauren Renner'),
(1014, 58, 'qui', 'Esse perferendis debitis et commodi qui qui. Laudantium occaecati nulla et expedita laborum iste. Aliquid nihil porro harum tempora in architecto. Natus laborum reiciendis odit repudiandae facere voluptas. Ad nobis et unde harum itaque. Asperiores optio ea cum veniam voluptatum. Ullam perferendis voluptas sed cupiditate veritatis. Et molestiae qui vel quaerat porro id voluptatem. Quis repudiandae eaque amet temporibus molestiae aspernatur natus tenetur.', 'https://images-na.ssl-images-amazon.com/images/I/918Ai9a893L.jpg', 'Danial Roberts'),
(1015, 57, 'aut id tempora', 'Rerum quaerat error sequi voluptate sed. Voluptatibus rerum nobis et omnis error. Vitae quaerat magni dicta nam repudiandae hic iure. Et quam alias nihil et. Expedita qui dolor odit numquam quae vitae veritatis. Autem magnam repellendus deserunt. Beatae rem dolores et. Aliquam et esse est. Asperiores voluptas tempora quia eos qui. Nobis est non necessitatibus fuga. Autem sequi neque occaecati ad animi. Rerum minus distinctio reprehenderit rerum. Non qui dolor sit pariatur temporibus autem. Ipsa officiis aut tenetur accusamus. Veniam ipsa vero neque assumenda amet.', 'https://images-na.ssl-images-amazon.com/images/I/91tYV+R03kL.jpg', 'Eloise Kilback'),
(1016, 60, 'deserunt aut dolorum asperiores', 'Minima autem explicabo earum. Velit maxime culpa esse hic. Magnam unde aut rem quibusdam quia alias et. Et suscipit facilis repellendus optio id incidunt quo occaecati. Laboriosam commodi enim ad quod animi. Odio et libero et culpa velit quasi quia. Repellat quaerat nihil quia provident et. Sed natus molestiae ea quaerat eveniet rerum cum blanditiis. Repudiandae quasi odio cumque nemo. Repellat ut sequi eveniet sed quod quam ipsum. Ut saepe adipisci nostrum ad deserunt. Doloremque est ut est aut velit.', 'https://images-na.ssl-images-amazon.com/images/I/91xNW4qPPfL.jpg', 'Yadira Hickle'),
(1017, 59, 'praesentium', 'Debitis quibusdam ducimus repudiandae. Totam natus eum quas tempore dolore aut. Neque porro ipsam et pariatur neque ut aut. Mollitia et accusamus quia. Ratione et praesentium velit quis nulla. Quis et quo rerum id ut. Quia ut tempore quam sint est aperiam. Eos optio quidem ipsa ea tenetur. Quae culpa animi aut omnis. Consequuntur qui repellendus voluptas quidem distinctio labore. Dolor tempore nemo voluptatibus magni. Minima recusandae voluptas et quod impedit omnis laboriosam. Modi dolorem sed minima est eos facere.', 'https://images-na.ssl-images-amazon.com/images/I/91a19RuprqL.jpg', 'Mellie Bergnaum'),
(1018, 58, 'sunt et ut', 'Deleniti voluptate mollitia nemo qui repudiandae. Et ad autem repudiandae nulla qui ut suscipit. Dolore distinctio vel reiciendis exercitationem. Accusantium maxime consequatur enim quo et. Non odio est corrupti sapiente ratione laboriosam. Voluptates et optio maiores et unde laborum quas deserunt. Vitae ut ea ut. Et commodi voluptatem molestiae hic voluptas sunt. Neque provident vel magnam distinctio alias ut quaerat quae. Pariatur aut natus aut. Ut sapiente amet doloremque et. Occaecati laudantium libero dolor non possimus aut. Sint minima sit sit quod.', 'https://images-na.ssl-images-amazon.com/images/I/91a19RuprqL.jpg', 'Gilda Renner'),
(1019, 60, 'aspernatur dolore tenetur illum', 'Esse molestias saepe saepe voluptates. Quia similique voluptatem sed dolorum. Corporis incidunt neque sunt molestiae doloribus a ipsam itaque. Et ex voluptatum quidem commodi mollitia voluptates ea. Error quia ut quibusdam ad. Velit necessitatibus qui praesentium. Nisi velit voluptas autem consequatur qui. Est nihil eius sint voluptatem molestias quibusdam dolorem consequatur. Illum quia voluptatem sint recusandae. Ipsum et officia accusamus explicabo illum.', 'https://images-na.ssl-images-amazon.com/images/I/81VDeAyH1GL.jpg', 'Katelin Purdy'),
(1020, 58, 'temporibus et nesciunt impedit', 'Vero dolor corrupti harum. Qui qui adipisci sed quia saepe vero magnam. Vitae quas laudantium occaecati eaque accusantium. Nam quaerat dolore ex ullam. Odit aut voluptas sunt hic. Odio aliquid et rerum et itaque. Incidunt recusandae et expedita suscipit ipsum qui veniam. Est molestiae est placeat. Dignissimos ipsum perspiciatis consequatur fugiat numquam aliquid tempora. Quo est itaque asperiores provident deleniti. Tenetur et nihil optio sed qui quisquam qui.', 'https://images-na.ssl-images-amazon.com/images/I/61BhDFVSCTL.jpg', 'Javon Treutel'),
(1021, 60, 'optio ea eius consequatur', 'Est nihil quia voluptas reprehenderit esse molestiae aut. Ut at id laborum culpa quis nam quod. Quod velit dolor voluptas quia qui. Possimus ex est nam aut cupiditate voluptates. Inventore veritatis et dolorum dolorem et numquam vitae. Quas repellat consectetur fuga officiis explicabo aliquid. Laborum repellendus aut quis eveniet tenetur dolorem a sint. Beatae enim eos dolore eos fugiat et. Tempora consequatur ab aliquid quisquam eaque officia. Earum facere modi nostrum fugit.', 'https://images-na.ssl-images-amazon.com/images/I/71LrevXJ4UL.jpg', 'Mitchell Veum'),
(1022, 58, 'corporis deleniti et porro', 'Et libero quas architecto neque ullam soluta. Pariatur magnam placeat dolorem nulla laboriosam rerum facere. Deserunt molestias culpa atque qui dolor. Ea hic qui sed id. Labore ut aut et autem quisquam. Necessitatibus eum magni voluptatibus et. Velit veritatis qui magni id nulla dolore. Corrupti voluptate placeat inventore minus placeat. Assumenda rem enim eum rerum doloremque eaque. Dolor amet ducimus ut officia aut. Deserunt omnis eum dolorem doloremque.', 'https://images-na.ssl-images-amazon.com/images/I/913g8zhpCYL.jpg', 'Garland Feil'),
(1023, 58, 'at dignissimos ut explicabo', 'Et dolore a et. Alias adipisci magni iste dolores. Consequatur sit soluta debitis molestiae voluptatem at quia. Explicabo est fuga natus officia aspernatur. Vel id illum tempore non nemo similique. Quisquam et saepe optio nobis molestias. Dolor reprehenderit consequatur suscipit commodi qui temporibus. Laboriosam ipsam porro magnam fugiat. Qui magnam est ut excepturi suscipit cum. Alias vel rerum deserunt hic voluptas. Dolor libero magni dolorem nihil eveniet. Est quam molestiae dolorem quod. Exercitationem aut beatae in veritatis.', 'https://images-na.ssl-images-amazon.com/images/I/91hcXocudXL.jpg', 'Kay Considine'),
(1024, 59, 'enim veritatis', 'Deleniti impedit perferendis ex accusantium eum. Ad iure fuga asperiores quae. Omnis id porro excepturi. Fugit impedit sint soluta et sint. Expedita aliquid error quis reiciendis. Labore adipisci molestiae qui similique. Excepturi atque ut cupiditate minus non tempore. Quo consectetur iure quod odit id explicabo qui qui. Consequatur officia natus ea explicabo inventore nam. Ducimus enim quisquam labore quis. Occaecati reiciendis non maxime dolor saepe laboriosam quia.', 'https://images-na.ssl-images-amazon.com/images/I/91hcXocudXL.jpg', 'Izabella Schinner'),
(1025, 60, 'tenetur', 'Aliquid enim quia veritatis aut. Deserunt ut eius magni quo molestias minus. Sit et animi reprehenderit tenetur et. Voluptatem ea fuga sapiente ut omnis. Rerum reiciendis atque ullam nisi. Enim dolore dolores quo optio mollitia delectus a. Repellendus quasi voluptates in ducimus deserunt. Qui deleniti veritatis eos dolorem recusandae consequuntur. Id amet non a ratione voluptatem cupiditate et. Distinctio delectus recusandae aliquam perspiciatis enim eveniet.', 'https://m.media-amazon.com/images/I/81zUMXGbNGL._AC_SL1500_.jpg', 'Wilfredo Wisozk'),
(1026, 59, 'reiciendis autem voluptatem enim', 'Ut eum sed voluptatum ut aspernatur et provident. Quibusdam unde qui perspiciatis explicabo atque soluta sit. Eligendi aut quis ex totam harum. Natus sit minus distinctio blanditiis praesentium quia. Facilis sint animi et aperiam perspiciatis modi quasi. Nobis placeat dolorem voluptatem libero eveniet a voluptatum. Et omnis reprehenderit tenetur eaque quis dolor velit sint. Rem omnis voluptatem culpa at qui a molestias. Qui aperiam nihil est voluptas molestiae quidem autem.', 'https://www.pika.fr/sites/default/files/images/livres/couv/9782811607135-T.jpg', 'Molly Stanton'),
(1027, 59, 'et qui', 'Magnam qui et saepe similique optio repellendus dolor sed. Pariatur fugit numquam mollitia vitae facilis. Quis placeat ut consectetur voluptate architecto harum. Eos qui voluptas et nemo. Omnis earum aut enim beatae. Velit neque saepe qui voluptate distinctio. Dignissimos architecto ipsam autem quam temporibus ab iusto. Hic est sint eum quasi consequatur incidunt ut. Enim sequi perferendis a molestias accusamus doloribus mollitia. Iusto aut animi ducimus qui aut veniam. Incidunt repellat dolorum repellat et aut et.', 'https://images-na.ssl-images-amazon.com/images/I/81YMjfFuX6L.jpg', 'Clinton Cassin'),
(1028, 58, 'repudiandae voluptatibus modi', 'Necessitatibus odit in fuga recusandae corrupti. Corrupti et culpa omnis veritatis error nemo totam. Consequatur architecto deserunt molestiae culpa et laborum. Voluptas quae et ut aut quia. Minus ea ut expedita accusantium. Esse in excepturi soluta in. Nam ea nihil minus illo. Voluptas incidunt omnis architecto et tenetur libero qui. Et officia atque sunt est minima veritatis in. Repellat perspiciatis aliquid eum temporibus quia. Omnis harum dignissimos dolorem rem id. Sequi et harum placeat sapiente voluptatem. Commodi temporibus aliquam voluptates laboriosam qui maxime.', 'https://images-na.ssl-images-amazon.com/images/I/61BhDFVSCTL.jpg', 'Otho Abernathy'),
(1029, 57, 'consequatur', 'Ea maxime ut distinctio quos. Explicabo dolorem praesentium voluptates. Reprehenderit enim ipsa ullam officia odio quas. Earum porro quo et consequuntur laborum. Est pariatur voluptates ipsum quisquam ut veritatis ut. Ut error qui qui commodi reiciendis recusandae. Animi doloribus maiores ut consectetur. Rerum quo quam dicta dicta. Libero voluptatum voluptas fugit in iste iure expedita. Eius qui deleniti temporibus dolorem quae laborum. Quidem sint cupiditate laudantium et eum voluptas commodi. Harum natus aliquid nemo ad soluta temporibus. Rerum pariatur nemo dolore et reprehenderit.', 'https://images-na.ssl-images-amazon.com/images/I/81H14PAKlPL.jpg', 'Vinnie Collins'),
(1030, 58, 'tempore impedit deserunt', 'Aut distinctio aliquam sed exercitationem eos. Praesentium in rem quia eveniet quam. Quia ab dicta molestiae pariatur fugiat necessitatibus. Molestiae sed fugit odit error velit impedit id praesentium. Vel porro unde voluptate fugiat aut possimus ut. Consequatur voluptatum alias optio et et molestias itaque distinctio. Dolor fuga vitae blanditiis rerum blanditiis. Ut sapiente voluptatibus voluptatibus consectetur accusamus non repudiandae.', 'https://images-na.ssl-images-amazon.com/images/I/81dfhgbb2qL.jpg', 'Jannie Lubowitz'),
(1031, 59, 'magni error', 'At possimus consequatur eos rem vitae quasi incidunt. Odio velit voluptatum quia. Harum doloremque non ut id fuga. Adipisci repellat culpa nihil. Illum dolorem temporibus est aperiam. Id sit laboriosam placeat esse numquam. Voluptatem quibusdam omnis perferendis dolores enim repellendus. Dolore blanditiis modi aut voluptatem quis numquam. Enim ab qui vel. Quis perspiciatis quisquam ullam amet accusamus est qui omnis. Necessitatibus nobis sed aut in suscipit odit voluptatem.', 'https://images-na.ssl-images-amazon.com/images/I/81mWACgHKxL.jpg', 'Cale Bosco'),
(1032, 59, 'dicta repellendus', 'Quas non fuga optio in iure aut aut. Quis eum cupiditate blanditiis consequuntur quia consequatur. Consequatur eum dicta autem sit. Nam et alias earum hic dolorum est. Ea natus saepe et molestiae veritatis est sed. Non doloremque ipsum doloribus accusantium. Voluptatem est omnis optio quo. Perferendis atque nobis ut nisi vel rem ex. Dolorum est modi est beatae fuga expedita. Odit voluptates quis qui molestiae nulla dolorem necessitatibus. Veniam voluptates ratione nam aut. Magnam reprehenderit corporis reiciendis. Ut libero voluptate est dolore atque soluta est accusamus.', 'https://images-na.ssl-images-amazon.com/images/I/81mWACgHKxL.jpg', 'Eliza Reynolds'),
(1033, 58, 'et', 'Dolores vel enim repellendus voluptatem. Quisquam laboriosam et et voluptas accusamus voluptas incidunt. Accusamus ex labore corporis recusandae modi. Ipsam dicta eum corporis animi praesentium. Sunt exercitationem omnis nobis tempora vel voluptatibus ut fuga. In dignissimos exercitationem consequatur cumque debitis est adipisci. Sint sint praesentium consequatur quaerat reprehenderit quo reprehenderit. Ut ut quis aut ullam. In veniam modi amet delectus assumenda. Odio aut nihil accusamus voluptatem.', 'https://images-na.ssl-images-amazon.com/images/I/81VDeAyH1GL.jpg', 'Leatha Crooks'),
(1034, 59, 'neque quod dignissimos hic', 'Eveniet quaerat nostrum sunt quod ut et. Provident qui omnis occaecati et molestiae rerum esse. Qui ipsam aut sed aperiam rerum aut. Hic ut rerum explicabo et. Itaque rerum quas exercitationem nulla aut repellendus. Omnis assumenda molestias qui id ut recusandae. Nesciunt qui temporibus totam rerum. Blanditiis at et aut quaerat nostrum. Similique voluptate a laboriosam omnis qui. Iusto corrupti dolores nesciunt natus perferendis aut sunt.', 'https://m.media-amazon.com/images/I/81zUMXGbNGL._AC_SL1500_.jpg', 'Gail Witting'),
(1035, 60, 'est nesciunt', 'Eligendi perspiciatis unde sunt iste rem amet. Sunt illum quos accusamus dolorem ipsum. At reiciendis quod et et velit ducimus. Odit illo et nobis. Et repellendus delectus dicta molestiae totam aut doloribus nihil. In aut occaecati id et voluptatum qui. Iste aut est facere laudantium culpa est magnam minima. Impedit maiores non qui dicta laborum sed. Et cum nulla dolor officiis esse nobis. Dolor dolorum perferendis reiciendis molestiae repudiandae animi ab. Voluptas et et harum voluptas sit. Quia voluptas dolores perspiciatis non esse. Exercitationem necessitatibus est consectetur est in.', 'https://images-na.ssl-images-amazon.com/images/I/91hcXocudXL.jpg', 'Alexis Glover'),
(1036, 59, 'quia tempora', 'Sit nostrum provident perferendis id cupiditate hic. Rerum ut quia odio est error nisi. Repellendus et laborum sit id. Quasi qui quis qui suscipit quibusdam maiores. Beatae nisi esse repudiandae eos voluptatum fuga. Rerum autem omnis ea quidem culpa omnis. Quo sed quis adipisci qui at. Qui soluta quia delectus enim quasi qui. Repellendus ratione provident ullam sint facere voluptas. Dolor vero et eligendi autem quaerat. Nihil dolorem odio ut dignissimos velit voluptatem doloribus.', 'https://images-na.ssl-images-amazon.com/images/I/91OuigKWs+L.jpg', 'Lonie Dickinson'),
(1037, 60, 'pariatur aut', 'Maxime quos quidem quia officia nobis velit. Fugit consequatur officia inventore commodi. Suscipit quia fuga laborum id. Corporis quaerat iste inventore nihil corrupti nam. Debitis voluptatem beatae sed ducimus. Nam beatae sequi rerum tenetur iusto enim consectetur. Qui officiis aut non minus iusto aspernatur. Totam necessitatibus magnam mollitia inventore. Vitae earum velit consequuntur. Omnis alias provident dolorum minus fuga in architecto. Sit et nemo explicabo ut velit quia qui rerum. Molestiae eos sit at deserunt necessitatibus.', 'https://images-na.ssl-images-amazon.com/images/I/818SKXrgHaL.jpg', 'Francisco Ferry'),
(1038, 57, 'nihil', 'Nostrum aspernatur est tempora aut qui velit aliquam. Quo sed sed sed doloremque nostrum cumque. Modi molestiae sed ea totam. Sit sapiente doloribus libero qui. Unde et dolorem voluptatum aut. Porro aut ab assumenda consectetur dolores incidunt. Iure repellat debitis non odio. Quasi aut nihil aut. Quasi error officiis fuga laudantium similique quod. Omnis nam veritatis iste nobis cupiditate sint aliquam. Voluptas quo veritatis est iste veniam expedita quidem. Incidunt quas repellat dolorem mollitia error delectus. Voluptatem eius adipisci officia asperiores quia eius.', 'https://images-na.ssl-images-amazon.com/images/I/81mWACgHKxL.jpg', 'Jimmy Blanda'),
(1039, 58, 'ducimus labore', 'Velit dolores nihil deleniti et incidunt. Expedita aut culpa aut quis et molestiae placeat. Officia quis tempore facere quam vel. Nemo libero ad fugit et qui possimus facilis. Nemo laboriosam aliquid dolor qui. Aliquid doloremque quo quibusdam dolorem. Et dignissimos illum doloribus nulla aut quae molestias. Doloremque suscipit animi voluptatum quas odio quo accusantium. Dolorum omnis amet consequuntur qui est. Nesciunt dolor id nesciunt soluta assumenda vel. Ex fuga cupiditate vitae architecto voluptatem. Quasi ut deserunt earum et.', 'https://images-na.ssl-images-amazon.com/images/I/818SKXrgHaL.jpg', 'Esmeralda Ryan'),
(1040, 59, 'aliquid dicta est voluptates', 'Et quo et maiores perspiciatis. Ipsam delectus harum illo aut. Accusantium ut ut rerum. Harum nostrum nulla voluptatibus laudantium nemo labore numquam. Velit esse perferendis autem quidem fugiat. Delectus facere cum corporis sed enim repellat. Nisi voluptas quo tempore commodi. Magni velit aut voluptate sit quis non quo. Alias tempore ut magnam quidem. Sit delectus dolorem voluptatem sint qui sed fuga. At possimus praesentium sapiente mollitia. Natus sapiente est ut. Quasi expedita porro sunt quidem est aut. Et id quia occaecati natus repudiandae qui et. Amet sed rerum culpa tempore.', 'https://fr.web.img5.acsta.net/pictures/21/02/16/12/45/5319199.jpg', 'Carson Kautzer'),
(1041, 57, 'vel natus', 'Consequatur dolores magni et quia facere aut fugit voluptatem. Atque et atque ea incidunt tempora et alias. Et nihil nisi repellendus commodi. Aut ratione est inventore cupiditate unde. Error maiores nobis dignissimos aspernatur magni. Inventore ut aut voluptate libero quam amet. Voluptate quisquam nam minus distinctio quia vel. Error iste sapiente ex autem atque. Laboriosam non excepturi ut. Officia voluptatem voluptatum consectetur quibusdam ea ad praesentium. Facere aliquid aliquid qui cumque alias. Et amet sed perferendis. Voluptatibus itaque nihil ex cumque eos. Magnam dolor rerum sint.', 'https://images-na.ssl-images-amazon.com/images/I/91tYV+R03kL.jpg', 'Leda Dooley'),
(1042, 59, 'error et quia aliquid', 'Omnis a dolor distinctio. Assumenda exercitationem aut non cumque. Aut quos incidunt suscipit possimus a. Ut id laudantium ut rerum iste blanditiis est. Aut magni qui autem voluptatem debitis. Tenetur rem cum culpa quo repellat nihil eos laudantium. Sed sint id qui. Quis incidunt magni explicabo omnis aut. Ut voluptatum consequuntur est aliquid vel magnam. Magni eos quis commodi odio. Delectus tempora sunt ullam voluptates dolores veritatis occaecati qui. Perspiciatis nisi fugiat et in ut. Fugit optio quam quibusdam quam error.', 'https://images-na.ssl-images-amazon.com/images/I/91a19RuprqL.jpg', 'Carlotta Bartell'),
(1043, 60, 'doloremque eum atque', 'Mollitia est accusamus at eum cumque explicabo sit. Et voluptas deserunt repudiandae laboriosam necessitatibus esse et. Nesciunt odio quas aperiam consequatur enim magni sed amet. Voluptas est quia voluptatum autem voluptatem recusandae. Maxime itaque dolores consequatur distinctio ratione. Et ea animi aspernatur omnis qui nisi quidem optio. Quasi voluptatem quia exercitationem. Voluptas sint ab facere facere libero quod.', 'https://images-na.ssl-images-amazon.com/images/I/918Ai9a893L.jpg', 'Joany Wilkinson'),
(1044, 58, 'veniam', 'Numquam cupiditate magni perspiciatis est ullam aut. Numquam accusamus exercitationem ut optio et sequi corrupti. Et nobis dolor quia consequatur ducimus voluptates sed. Alias nulla nemo et velit est. Officia dolor quod aut in eveniet harum ut. Et tempore tenetur voluptatum ut veritatis quidem aut et. Blanditiis quas minima vero nesciunt iste neque velit. Alias nulla ut molestias id laborum assumenda sint. Dolor vel nesciunt ea porro vel inventore quod similique.', 'https://www.gbposters.com/media/catalog/product/cache/2/image/9df78eab33525d08d6e5fb8d27136e95/f/a/fairy-tail-quad-maxi-poster-1.133.jpg', 'Delta Pfeffer'),
(1045, 60, 'quos rerum blanditiis exercitationem', 'Consequatur facere mollitia qui reiciendis aut dolore. Voluptas et earum sed adipisci. Molestiae explicabo corrupti iusto laboriosam rem eum. Debitis minima omnis blanditiis iste enim fuga magnam. Expedita alias cupiditate non architecto molestias iste. Id dolores eius ducimus eum hic. Cum ab aut animi quod. Hic numquam vel nemo esse. Quibusdam occaecati quis natus omnis. Dolore facere nam consequuntur itaque sed. Est ipsum tempore sunt voluptatum itaque est. Omnis soluta commodi facere consequatur sint.', 'https://images-na.ssl-images-amazon.com/images/I/81H14PAKlPL.jpg', 'Casimir Robel'),
(1046, 60, 'excepturi labore', 'Voluptatem blanditiis ex necessitatibus ut doloremque neque. Exercitationem fuga recusandae fugit. Tenetur officiis molestiae officia eos et voluptatem. Doloremque nam soluta libero at. Harum praesentium voluptatem dignissimos nisi velit est quibusdam accusantium. Perspiciatis quam error est qui. Recusandae consequuntur animi quia nobis ut vel similique ad. Nostrum qui non quo doloribus sed. Voluptatem doloremque et fugiat odio nulla perspiciatis temporibus. Sit tempore quasi molestiae dolor nulla et reiciendis. Quia praesentium necessitatibus et. Quis ut explicabo et occaecati quo.', 'https://www.pika.fr/sites/default/files/images/livres/couv/9782811607135-T.jpg', 'Giovanni Parker'),
(1047, 57, 'iure', 'Magnam sint itaque sed saepe. Ut sed culpa ratione ad. Minima et facilis ratione vel aut magnam quod. Dignissimos rem quasi quidem commodi laudantium. Asperiores placeat quos minima et eaque cum sapiente. Ut earum eius quasi sit excepturi nihil dolor. Ut sunt qui quod consequatur voluptates. Eligendi nam fugiat quod et. Sint voluptas natus pariatur voluptatum labore. Dolor et et ea sint quia cupiditate sed.', 'https://images-na.ssl-images-amazon.com/images/I/91a19RuprqL.jpg', 'Marvin Klein'),
(1048, 59, 'adipisci nisi asperiores minus', 'Temporibus rerum voluptas illo excepturi. In quod tenetur fugiat dolorem aspernatur. Eveniet ut voluptatum deleniti quas quis. Modi quam velit voluptatem aliquam aspernatur. Animi hic qui et fuga harum vel eligendi. Eum natus qui eaque voluptate. Ut animi tempora reiciendis modi facilis. Omnis similique est accusantium error dolores consequatur consequuntur. Qui quis repellendus incidunt sed vel. Quis suscipit eaque iste aperiam sint. Aut odio qui quia architecto distinctio. Et ut repellat deleniti autem assumenda. Ut accusamus tempora consectetur dolores magnam et. Qui cum ad qui quia.', 'https://www.gbposters.com/media/catalog/product/cache/2/image/9df78eab33525d08d6e5fb8d27136e95/f/a/fairy-tail-quad-maxi-poster-1.133.jpg', 'Erling Hyatt'),
(1049, 57, 'delectus odio rerum', 'Itaque et enim neque accusantium cupiditate et. Cupiditate dicta iste beatae rerum laudantium eveniet. Corrupti quaerat quidem eum. Exercitationem eos dolore suscipit. Dolorum natus rem ducimus molestiae. Repellendus mollitia animi eius laboriosam consequatur dolorem distinctio. Sint sapiente est esse aut voluptatum minus error. Dolor temporibus sit omnis libero aperiam natus voluptas. Voluptatem possimus non deserunt quam. Ut sed quae voluptas ea eum illo. Rem sunt voluptatem quisquam ab illo. Quae quam et rerum rerum deserunt ea.', 'https://images-na.ssl-images-amazon.com/images/I/91tYV+R03kL.jpg', 'Cole Gerhold'),
(1050, 58, 'molestias deserunt omnis impedit', 'Unde totam est in labore voluptatem quis corrupti et. Perspiciatis asperiores aut sint animi voluptate. Eum et accusamus voluptatem exercitationem rem impedit et. Architecto aperiam quo facilis reprehenderit qui et quo. Sed nisi fugit optio eum. Laboriosam reprehenderit dolores asperiores pariatur in omnis. Aut ad vel et dolores dolores est cumque. Voluptatum incidunt quasi consequatur. Fugiat voluptas corporis dolorem animi distinctio aut. Porro sint animi odit quibusdam. Et animi est eius dolore. Quia similique vero molestiae doloremque eveniet ipsa.', 'https://images-na.ssl-images-amazon.com/images/I/91a19RuprqL.jpg', 'Kaden Doyle'),
(1051, 57, 'inventore dolorum aliquam sint', 'Dolor voluptatem id omnis accusantium sed amet. Est occaecati aperiam ratione iure repellendus et consectetur sit. Exercitationem iusto nisi voluptas sit qui molestiae. Quis ea rem sit eos nemo saepe. Praesentium nemo voluptates architecto consectetur officiis. Nihil est veniam sit magni quaerat odit magni enim. Quaerat ratione non porro voluptatem.', 'https://m.media-amazon.com/images/I/81zUMXGbNGL._AC_SL1500_.jpg', 'Autumn Swaniawski'),
(1052, 58, 'vitae enim enim beatae', 'Dolor ipsa iusto asperiores veniam. Labore cupiditate autem iste dicta necessitatibus aut. Magni voluptas voluptatem necessitatibus sint. Eius perspiciatis suscipit libero ea dolorem. Dolore eum ab quisquam nobis. Nihil aut laborum aut aut sed. Nihil et in explicabo nobis quidem earum nesciunt. Qui delectus et enim quos. Dolorem accusamus quaerat tenetur dolorum consectetur sapiente dolorem. Doloremque suscipit et veniam adipisci eum commodi. Sed ex dolorem facere.', 'https://images-na.ssl-images-amazon.com/images/I/81mWACgHKxL.jpg', 'Demario Predovic'),
(1053, 57, 'et pariatur fugit repellat', 'Neque pariatur minus ut iusto nihil. Tenetur quis doloribus tempora atque. Ducimus explicabo iusto at deserunt quia officia. Explicabo possimus sapiente debitis rerum voluptates illum voluptatum. Minus non est et velit enim. Blanditiis et nihil corporis nemo quia sapiente. Quia pariatur hic rem ut commodi sunt vel. Repellendus consectetur perspiciatis est id odio. Et laboriosam non consequatur magnam vel nihil. Aut aut est architecto id culpa pariatur perferendis.', 'https://images-na.ssl-images-amazon.com/images/I/81mWACgHKxL.jpg', 'Adriel Purdy'),
(1054, 60, 'impedit', 'Id ad qui molestiae mollitia autem. Officia repellendus accusamus voluptas rerum distinctio. Nemo neque minus rem consequatur enim corrupti. Molestias aperiam animi laborum numquam animi commodi ex. Laboriosam optio sunt laboriosam minima. Explicabo pariatur qui minima voluptatem consectetur beatae. Cupiditate qui quos veniam dicta error voluptatem enim. Porro rerum nobis quae qui provident dolorem. Illum est illum quam natus officia non. Doloremque enim sed dolorem consequatur. Laboriosam officiis culpa animi corporis ut.', 'https://images-na.ssl-images-amazon.com/images/I/913g8zhpCYL.jpg', 'Rogers Pagac'),
(1055, 57, 'autem quos esse', 'Pariatur dolore iusto et animi aut voluptatem corrupti. Et consectetur fuga vel quia cumque et quis. Et quidem voluptas accusamus iure. Voluptatem eos unde nihil nisi ratione. Aliquam et ut magnam aperiam sapiente. Corrupti dignissimos perferendis quod nobis illo debitis maxime error. Reiciendis neque dolorum consequatur quia nihil. Et non debitis odit labore molestiae voluptas.', 'https://images-na.ssl-images-amazon.com/images/I/81mWACgHKxL.jpg', 'Ruby Kub'),
(1056, 59, 'eos dolorem dolores et', 'Aut sed dicta labore dicta sit aperiam laudantium. Qui quos dolor accusamus ratione ex. Non ut autem expedita magnam. Minus accusantium sunt nihil. Laboriosam pariatur omnis et consequatur ut neque. Dolores repellendus omnis velit hic voluptas ut totam. Repellendus enim assumenda assumenda sed eligendi molestiae unde. Veniam ab quia et soluta molestias. Autem veniam ratione dolor assumenda laboriosam quia. Commodi suscipit et dolores illo blanditiis magni. Officia perferendis error vero officiis quia aut. Et sequi in itaque sequi nisi sed eos. Et doloremque dolorem nihil occaecati delectus.', 'https://images-na.ssl-images-amazon.com/images/I/71FH4o9mO3S.jpg', 'Kian Kuphal'),
(1057, 58, 'voluptatem temporibus', 'Sunt commodi facilis nam ut. Adipisci cupiditate voluptatem nemo magnam deserunt. Corporis minima quo impedit vel facilis. Quis quia hic beatae consequuntur. Iusto id quis omnis ipsa quas alias molestiae. Soluta libero est amet tenetur maxime. Aut maiores fuga delectus adipisci ut repudiandae praesentium. Inventore accusamus alias numquam. Eligendi sit quaerat consequatur voluptatum nobis ad vel. Magni omnis beatae exercitationem voluptas perferendis dicta quasi. Ut et eius vel accusamus et quia. Sit aut saepe nesciunt quaerat. Iusto quae quia vitae nobis fugit.', 'https://www.pika.fr/sites/default/files/images/livres/couv/9782811607135-T.jpg', 'Mandy Goodwin'),
(1058, 57, 'et voluptas', 'Impedit aut quidem corrupti vel error rerum ut. Repellat sit in quia. Mollitia ut quas quo quod eum repellat vel. Consequatur ut ut explicabo cupiditate error est sit. Repellendus rem eaque sed voluptatibus cupiditate. Vel sunt dolorem quia fugiat. Quia dignissimos omnis commodi libero. Omnis officia et nam enim aut placeat. Accusamus est voluptate distinctio id. Dolorem doloribus labore eius voluptatem quam. Quis incidunt sunt aperiam ratione doloribus vel.', 'https://www.pika.fr/sites/default/files/images/livres/couv/9782811607135-T.jpg', 'Irwin Roob'),
(1059, 60, 'nemo maiores voluptatem', 'Aliquid laudantium ipsum commodi voluptates commodi aperiam earum. Quibusdam voluptate dolores voluptas pariatur alias necessitatibus. Cum assumenda rem ea eos cupiditate perspiciatis iusto. Quibusdam dolore dolores ut. Alias porro ad ratione delectus aut non sunt. Ipsum id animi recusandae tempore. Dolor explicabo ducimus quia dolores asperiores a sunt quae. Numquam voluptas ut aliquam doloremque ad labore debitis. Eveniet delectus vitae cumque vel ipsam. Incidunt cupiditate quasi molestias et. Optio quis saepe mollitia perspiciatis et hic nobis.', 'https://images-na.ssl-images-amazon.com/images/I/71LrevXJ4UL.jpg', 'Marcos Hills'),
(1060, 59, 'sapiente', 'Suscipit fugit quod animi debitis. Eos voluptatem architecto corporis dolorum dolor odio architecto reiciendis. Aut aut accusantium minima dolores. Cum aliquid dolorum sequi molestias. Molestiae voluptatum nisi eaque harum ducimus laudantium. Et iusto vel expedita iusto quos dolores. Eum et qui rerum assumenda. Veritatis magni repellendus voluptas assumenda corporis. Nihil dolor laboriosam repudiandae tempore beatae tempora. Ea molestias est placeat exercitationem quia. Unde rerum nihil sunt excepturi velit tempore.', 'https://images-na.ssl-images-amazon.com/images/I/91hcXocudXL.jpg', 'Modesta Mayer'),
(1061, 58, 'earum', 'Qui beatae hic ipsam voluptatem. Deserunt vero nobis aliquid rerum nisi optio. Sint ut hic unde repellendus. Ut praesentium voluptas fugiat perferendis quia enim. Explicabo sequi sunt ex quasi tempora et. Libero rerum ad quaerat delectus eum ipsam. Dolorem tempore animi consequatur explicabo veniam deserunt quaerat. Nostrum nulla quisquam cum laudantium consectetur animi pariatur qui. Fuga velit excepturi eum nulla qui maxime qui fugiat. Vel a illum ullam quaerat velit et.', 'https://images-na.ssl-images-amazon.com/images/I/71FH4o9mO3S.jpg', 'Genesis Moen'),
(1062, 59, 'voluptas excepturi molestias', 'Rem suscipit deleniti aut animi tempore ad sunt. Incidunt qui esse velit voluptas dolore quas aliquam. Molestiae ex velit enim temporibus at. Occaecati aperiam iure impedit est. Saepe occaecati ut id quia libero aut. Hic esse nemo eum et. Officiis eos eum consequuntur eum illo. Odio tenetur amet et aperiam perferendis. Vel sint natus quia voluptates. Officia vel sint voluptas quod. Ut voluptatum doloribus hic. In eos quaerat eveniet ullam voluptas. Ut doloremque doloribus deserunt ipsum dolorem. Optio dolor quaerat natus doloremque.', 'https://images-na.ssl-images-amazon.com/images/I/81VDeAyH1GL.jpg', 'Odie Huel'),
(1063, 60, 'deleniti aut optio dolorem', 'Adipisci in maiores voluptatem ducimus fugit culpa cum esse. Molestiae non cumque sit est voluptatem sit voluptate at. Voluptas tenetur voluptatum maxime qui. Velit sed nihil commodi fugiat voluptas consequuntur. Minima quia officia vel dolor est nemo. Ab est quasi ratione atque sint et enim. Voluptas assumenda assumenda porro dolorem maiores. Est qui voluptate et fuga corporis. Nostrum consequatur natus dicta aperiam doloribus illum doloribus. Voluptatum laborum et impedit ab saepe quibusdam. Consequuntur et est repellendus et reiciendis aliquid.', 'https://images-na.ssl-images-amazon.com/images/I/91hcXocudXL.jpg', 'Amari Koch'),
(1064, 57, 'voluptatem at', 'Vel voluptatem repudiandae nostrum. Consequuntur et ratione deleniti. Dolor cumque dolores voluptatem veniam atque. Praesentium magni ducimus qui sequi qui fuga. Commodi molestiae necessitatibus necessitatibus repellat. Illo in repudiandae ea natus placeat facilis asperiores. Porro facere ea minima voluptatibus totam suscipit. In at aliquam ratione. Tenetur hic iusto aut maxime molestiae et quo. Molestiae dolorem laudantium nulla sit quas. Iure quod expedita id delectus veritatis dignissimos. Facere nihil quis quis.', 'https://images-na.ssl-images-amazon.com/images/I/81dfhgbb2qL.jpg', 'Samir Kihn'),
(1065, 58, 'voluptatum dolor', 'Architecto ipsam et eum. Et aut placeat vitae veniam aut. Qui ut doloribus dolorum nemo est. Molestiae ab eaque dicta enim adipisci temporibus ipsum. Similique cumque commodi provident voluptas tempore. Enim velit consequuntur eum ut adipisci. Dolorem repellendus dignissimos inventore sed et quod. Nesciunt ducimus quia ab est enim adipisci. Molestiae nihil aut qui quaerat nulla. Exercitationem asperiores facere repudiandae deserunt. In placeat id nobis praesentium. Rem sit consectetur laudantium ut quae a. Aut autem aperiam et veritatis. Ea nobis non perferendis similique magni.', 'https://images-na.ssl-images-amazon.com/images/I/71V1kRB2fTL.jpg', 'Orlo Stoltenberg'),
(1066, 57, 'ad eos doloremque nihil', 'Dolorum dolores et natus labore nostrum. Exercitationem esse totam a dolorum reprehenderit consequatur ea architecto. Rerum tempora voluptatibus doloremque molestiae culpa ea. Reprehenderit consectetur minima commodi veniam fugiat non sit. Quisquam quia voluptatem sint esse laudantium porro. Cumque dolore velit eos vel. Enim reprehenderit ipsam dolore doloribus alias sed similique. Consequatur similique odio praesentium facere delectus consequatur. Id nam consequatur occaecati facere aut.', 'https://images-na.ssl-images-amazon.com/images/I/91a19RuprqL.jpg', 'Kristopher Deckow'),
(1067, 58, 'quia atque quis dicta', 'Ullam quibusdam tempore consequatur omnis occaecati. Ratione sequi enim quasi. Illum sapiente ut est veniam consequatur praesentium. Consequatur qui asperiores eos modi quis amet eos. Sequi vel perferendis unde quasi. Voluptatum dolorem nulla consequatur eum. Voluptate magni sunt eligendi voluptas aliquam perspiciatis. Et est magni cupiditate praesentium. Omnis et reiciendis earum provident sed ad. Hic natus laboriosam voluptatem natus. Molestiae eveniet quaerat rerum. Velit sunt dolorem velit nulla.', 'https://images-na.ssl-images-amazon.com/images/I/81VDeAyH1GL.jpg', 'Lawrence Wilderman'),
(1068, 60, 'veniam vitae', 'Distinctio incidunt iste veritatis quo. Totam ad atque laborum sit quo exercitationem. Nisi vitae et modi fuga aut sint autem. Architecto magni non dolores impedit quam nam. Quia nihil nisi veniam est. Iste iusto ullam quo perspiciatis repellendus. Libero nam perspiciatis quod sint. Maxime voluptates omnis quam deserunt. Nam odio tenetur vel. Voluptas tempore voluptatem voluptatibus est adipisci. Repellat harum fugit odio. Voluptatem voluptas aperiam animi maiores exercitationem itaque ab.', 'https://images-na.ssl-images-amazon.com/images/I/71V1kRB2fTL.jpg', 'Shayna Stamm'),
(1069, 58, 'aliquam nobis et beatae', 'Repellat praesentium illo eum et et neque sed deleniti. Blanditiis autem temporibus molestiae et beatae facilis. Fugiat quasi est dolor quia doloribus qui. Voluptas quas voluptatem dolores iste repellat consequatur eos sapiente. Blanditiis blanditiis saepe nobis rerum tenetur deserunt. Dolorem in amet vel voluptas quo. Fugit expedita unde doloribus dolores aut. Neque ut dolore impedit qui aut a. Molestias at cupiditate minima quasi. Vel ullam quos consequatur magni. Amet et repellendus possimus. Eum voluptatem fuga sed earum vero et et. Qui inventore corporis non et cupiditate eos.', 'https://images-na.ssl-images-amazon.com/images/I/91yiBtD0imL.jpg', 'Hermann Weimann'),
(1070, 59, 'necessitatibus veniam at', 'Iste aliquid quia recusandae exercitationem. Iusto et temporibus laboriosam et. Ut aut repellendus et autem. Fugit et rem voluptatem quia. Et cupiditate officia amet voluptatem occaecati amet. Vel consequuntur suscipit minima et. Modi consequuntur veritatis dolorem vitae dolores qui. Qui sit dolorum praesentium odio explicabo nihil quaerat quia. Sit et neque saepe suscipit perspiciatis et sed. Est aliquid sunt alias repellat. Enim eius aut et illum. Dolorem facilis quia nostrum qui minus. Qui quae cumque quia quod officia. Dolorum et et rerum. Voluptatem neque porro eum.', 'https://images-na.ssl-images-amazon.com/images/I/91a19RuprqL.jpg', 'Constance Walker'),
(1071, 57, 'voluptatem ducimus aut', 'Accusantium est fuga qui consequatur maxime. Tempora et sed alias minus velit repellendus ut. Est eaque est odio vel. A cumque aut pariatur ipsam sunt id qui officiis. Inventore nisi enim aut numquam. Explicabo occaecati mollitia temporibus minus. Rerum dicta laudantium veniam animi. Non omnis enim velit quia eveniet. Illo dolores dolor placeat fuga. Sed laboriosam ut dolore aut. Repellat et iusto facilis adipisci consequatur voluptatem dicta sed.', 'https://images-na.ssl-images-amazon.com/images/I/61BhDFVSCTL.jpg', 'Louisa Harris'),
(1072, 57, 'unde error quo', 'Qui enim qui sint iusto necessitatibus recusandae. Sit iusto vero praesentium est. Nihil maiores aliquam dolorum aut dicta repellat occaecati aut. Eaque impedit voluptas minus aut. Et sequi dolorem non et ipsam deserunt in quis. Sint harum est deserunt molestias amet quis. Non expedita accusantium tempora non velit quia dolorum. Sequi aut exercitationem consequatur. Voluptatem qui quisquam modi quia pariatur in. Facilis dicta illum porro voluptatem sed ut consequatur natus. Sed quasi natus minima et. Cum quasi blanditiis doloremque quod aspernatur. Voluptatem quod consectetur et enim in.', 'https://images-na.ssl-images-amazon.com/images/I/91tYV+R03kL.jpg', 'Fabiola Welch'),
(1073, 58, 'et saepe', 'Sunt molestiae sunt totam magni voluptatem error. Tenetur impedit exercitationem non aut vero ut alias mollitia. Dolorem qui dolorem provident maxime. Consequatur soluta ea vero. Laudantium eveniet aut inventore aliquid velit eos. Quis est earum architecto repellat. Quos non veniam nesciunt quia vel. Quia et reprehenderit illum quisquam a esse. Sed possimus quaerat rem voluptatum molestiae. Ab tenetur laboriosam dolorem aut atque.', 'https://images-na.ssl-images-amazon.com/images/I/81mWACgHKxL.jpg', 'Ardith Kuhlman'),
(1074, 57, 'voluptates quo corrupti exercitationem', 'Quo aut minus sed quasi. Atque voluptatem sit sunt error tempora consequatur aut eveniet. Id ea rem consectetur illum aut est. Aliquam quo omnis rerum harum praesentium eos repellat. Explicabo iste commodi reiciendis distinctio debitis officiis culpa. Et rem ratione magnam eligendi aut alias fugiat dicta. Facere velit dolorem facere velit perferendis voluptas. Molestias rerum sed ut praesentium reprehenderit. Reprehenderit dolorum aperiam quia nihil dolore.', 'https://images-na.ssl-images-amazon.com/images/I/81H14PAKlPL.jpg', 'Alexandra Leannon'),
(1075, 57, 'eos omnis commodi', 'Dolorum esse maiores et fugiat. Saepe beatae omnis sit possimus fugit consequatur dolorem magnam. Minus nihil architecto ipsa sed veniam omnis deleniti. Pariatur incidunt sint sunt quia. Ab numquam nam pariatur modi dolor itaque iure. Quisquam sit est nesciunt totam et et. Fugiat eos nesciunt voluptatem voluptas harum. Et suscipit et quisquam ut. Laudantium dicta dolore libero velit ullam corrupti magnam. Eligendi itaque sint tempora quidem ut. Et sit aut rerum. Maxime debitis sunt ipsam libero quis nisi. Praesentium sequi velit eum sint. Ea nobis atque sit qui. Eum quo ab fugit tempora.', 'https://images-na.ssl-images-amazon.com/images/I/71LrevXJ4UL.jpg', 'Garrett Reinger'),
(1076, 60, 'consequatur tempora', 'Quia eos quis exercitationem veniam. Ut vel beatae quisquam modi facilis. Laudantium eum ut et dicta id. Doloremque debitis non nesciunt aperiam. Nam quia soluta repudiandae maiores hic accusantium et. Aut tenetur et ut inventore omnis ullam. Vel architecto eveniet nulla veniam debitis ea. Ex expedita ut dolorum aliquam. Et expedita cum aut debitis et animi. Reiciendis architecto aut nihil officiis.', 'https://images-na.ssl-images-amazon.com/images/I/81YMjfFuX6L.jpg', 'Duncan Rath'),
(1077, 59, 'ea', 'Cumque minus magni dolor voluptatem voluptates minus omnis. Consequatur est facere aperiam modi asperiores illo. Asperiores possimus cum perferendis. Aut recusandae in veritatis qui sunt reprehenderit. Blanditiis est optio non repellendus dicta. Dolore quos alias consequatur ab. Quam sed in quisquam ea incidunt. Deleniti iste iste est similique est sed. Sed eligendi deserunt id. Illo consectetur itaque ut quia soluta qui aspernatur.', 'https://images-na.ssl-images-amazon.com/images/I/91yiBtD0imL.jpg', 'Dexter Ferry'),
(1078, 60, 'culpa officiis est tempora', 'Assumenda reprehenderit magnam id doloribus illo nostrum sint quia. Maiores possimus ullam omnis dolorum laborum distinctio. Magnam ut a voluptatem est. Quia doloremque quo repellat iusto id. Vel tenetur consequatur ea et corporis eum. Occaecati impedit laboriosam sint laudantium unde similique. Provident modi unde dolores aut est. Aut quidem facilis earum architecto voluptas quia. Voluptatem ea quia iste cupiditate atque et eum. Voluptatem est non rerum qui consequatur itaque. Minima pariatur dolorum autem temporibus natus. Numquam nihil qui minus quam.', 'https://images-na.ssl-images-amazon.com/images/I/81Z5oMQHqaL.jpg', 'Janick Nader');
INSERT INTO `manga` (`id`, `category_id`, `name`, `description`, `picture`, `author`) VALUES
(1079, 58, 'autem', 'Rerum quibusdam qui aliquid quo. Magni enim neque ab eveniet ea ut laborum. Architecto quia dolores et quidem eveniet error ullam. Ut dolorum nam et doloremque quis labore at odit. Recusandae sit molestiae aut accusamus. Molestiae dolor quos perferendis iusto porro. Illum voluptatem ipsa quia dolorem. Maxime corporis eveniet et aut animi nisi. Nihil explicabo quam quo consequatur. Rerum voluptas eum quis labore eum nemo. Dolorem beatae eligendi quisquam voluptatum amet sed. Modi est quasi veniam expedita sequi ea. Sint nostrum possimus facere in.', 'https://www.pika.fr/sites/default/files/images/livres/couv/9782811607135-T.jpg', 'Brendan Jakubowski'),
(1080, 57, 'cupiditate ut', 'Voluptatem cumque sed et nihil. Sit non ipsum pariatur ipsum consequuntur ipsa est. Reiciendis accusamus quidem et doloremque necessitatibus consequuntur vitae. Quod consequatur et est aspernatur eaque ut. Accusantium repellat fugiat qui non. Molestias sit sint repellat sint omnis. Quis ipsum at libero cupiditate labore vero. Rerum est est cum ducimus. Doloribus vitae et numquam iure assumenda consequatur aliquid. Necessitatibus saepe porro temporibus deserunt molestiae. Placeat odit officiis sunt.', 'https://images-na.ssl-images-amazon.com/images/I/918Ai9a893L.jpg', 'Emilie Lockman'),
(1081, 59, 'modi dolores modi', 'Atque praesentium sed repudiandae aut temporibus. Rerum et voluptatem in nulla vero incidunt. At voluptatem eum quis. Omnis enim minima molestiae eius facere consectetur veniam. Earum nisi beatae dolorem. Et cumque aut aperiam et. Animi ut atque debitis iste placeat. Laudantium voluptas fuga nobis laudantium magni modi iste. Aperiam deserunt ea et rem omnis odit. Dolor rerum praesentium ratione adipisci. Unde quasi ut similique rerum. Qui ut pariatur autem placeat aliquid a. Cupiditate dignissimos eos aut harum non voluptatem. Nesciunt qui id quia error et quam quia.', 'https://images-na.ssl-images-amazon.com/images/I/81dfhgbb2qL.jpg', 'Joanie Hirthe'),
(1082, 60, 'corporis nemo', 'Aspernatur aspernatur labore illum dolor. Sequi exercitationem sit velit. Nemo qui perferendis tenetur totam reprehenderit. Veniam a voluptas sint sed odit rerum ea. Officia nemo in dolore doloribus doloribus aliquid qui. Nisi rerum occaecati ut ea sed facere. Consequatur similique eius provident voluptatem adipisci dignissimos aut. Impedit hic sit soluta. Adipisci aut quo ut soluta quas. Dolores sequi sint quas id et rerum et. Fugit non illo ut.', 'https://images-na.ssl-images-amazon.com/images/I/913g8zhpCYL.jpg', 'Hector Jaskolski'),
(1083, 60, 'distinctio', 'Neque totam eveniet veniam ea alias adipisci impedit ut. Nisi quidem qui occaecati voluptatibus voluptates et nesciunt maiores. Perferendis dolorem dolore odio corrupti. Hic delectus molestiae voluptatem quod porro sed dolor ratione. Ducimus deleniti sapiente id explicabo. Harum consectetur placeat porro voluptatem quod voluptatem dignissimos. Inventore maiores earum dicta dolorum.', 'https://images-na.ssl-images-amazon.com/images/I/71LrevXJ4UL.jpg', 'Maxie Schinner'),
(1084, 57, 'necessitatibus sapiente', 'Animi molestiae minus et odit rem. Qui fugiat cupiditate soluta et error porro non. Quasi libero quidem aut laudantium maxime fugit aut maxime. Voluptatibus possimus delectus et suscipit rerum. Ut veniam neque labore ipsa id. Voluptatum aut accusamus dicta eos. Aut saepe quidem iusto quae et rerum quia. Maxime corporis est omnis. Nisi temporibus eos delectus inventore nisi inventore quia. Nesciunt eos dolorem iste tempora distinctio esse impedit. Doloremque facere delectus non et atque. Reprehenderit est molestiae provident sed in repellat.', 'https://images-na.ssl-images-amazon.com/images/I/918Ai9a893L.jpg', 'Lolita Osinski'),
(1085, 58, 'alias eos ut praesentium', 'Quia laborum saepe doloremque et qui omnis quidem et. Fugiat aut nihil accusantium cumque. Amet facilis minima nihil consectetur exercitationem. Nulla qui quis nesciunt et id quia consequuntur. Saepe sit nobis aut minima eum quaerat ad. Ab incidunt atque rem aperiam aliquam tenetur. Aut rem beatae earum ipsa eius eius unde. Sit minus omnis natus vel quae voluptatem. Facilis quasi maiores sint doloribus consequatur est. Sit consequatur doloribus ipsum nam quaerat labore impedit. Quibusdam velit et ipsa quod nostrum.', 'https://images-na.ssl-images-amazon.com/images/I/81mWACgHKxL.jpg', 'Eddie Botsford'),
(1086, 57, 'corporis quam', 'Quia ut provident rerum sunt aut natus aut officia. Nesciunt repellendus ipsum est vitae et. Quis et autem dolor. Asperiores sit occaecati sed reprehenderit hic cupiditate impedit. Id est aliquam aut. Non distinctio sequi sequi consequatur aut dolor. Ab magni et in autem omnis omnis ipsa. In sunt cum dolorem ipsam eos consequatur consequuntur. Id aut pariatur molestiae quam quis. Voluptatibus fuga et rerum similique deleniti veniam.', 'https://images-na.ssl-images-amazon.com/images/I/91yiBtD0imL.jpg', 'Kirsten Spencer'),
(1087, 58, 'et', 'Qui sit veniam dolor aspernatur facilis qui minus. Quaerat dolorem quibusdam molestias autem a voluptatem. Modi sed sapiente dolores illo eum in. Nobis vero consequatur voluptatem aut. Iusto atque nobis tempore. Numquam possimus non provident magni aliquam qui est. Aut voluptas numquam velit. Et et quibusdam error voluptate dolor adipisci quis. Est porro voluptates odio ipsam ipsa sit. Mollitia consequatur aut non suscipit vel sint. Molestiae ea consequatur laboriosam est labore eos. Ea alias omnis nemo consequatur maiores.', 'https://m.media-amazon.com/images/I/81zUMXGbNGL._AC_SL1500_.jpg', 'Leonel Frami'),
(1088, 58, 'provident aliquid', 'Aut distinctio libero animi. Maxime blanditiis voluptatem impedit sit omnis sunt. Sit explicabo quia tempore et dolor. Molestias porro iusto ad velit excepturi. Corrupti aliquid provident quibusdam doloremque impedit. Laborum temporibus impedit voluptatem ipsa sunt. Eos molestias suscipit rerum et. Magni commodi dicta blanditiis eveniet veritatis et nam. Incidunt adipisci voluptas totam dignissimos minima. Molestiae at earum cupiditate mollitia et ad voluptatem ab. Quasi repellat quaerat nisi totam fuga. Soluta ut aspernatur rerum nesciunt quidem.', 'https://www.pika.fr/sites/default/files/images/livres/couv/9782811607135-T.jpg', 'Finn Welch'),
(1089, 57, 'culpa consequatur', 'Nisi enim quisquam earum laboriosam natus aut voluptatem. Cum eveniet quia ipsa blanditiis nam accusantium in. Mollitia praesentium repellat ipsa ipsum fuga dolorum aliquam autem. Veniam voluptate et quia est facere hic necessitatibus qui. Architecto vero voluptatem nihil dolores ut molestiae ut qui. Commodi assumenda sed rerum sit soluta iure vel. Qui et quia adipisci. Eos ullam facilis consequatur consequuntur in dolorem quia. Nam consequatur nostrum autem similique exercitationem aliquam cupiditate. Asperiores a quod debitis provident.', 'https://images-na.ssl-images-amazon.com/images/I/91xNW4qPPfL.jpg', 'Fausto Hansen'),
(1090, 58, 'molestiae eos nobis id', 'Iure minus in vero et est maiores enim minus. Et cupiditate voluptatum fuga ipsam sit. Tenetur molestias culpa mollitia culpa consequuntur ipsum eum. Omnis rerum excepturi distinctio ipsa modi. Excepturi consequuntur et qui qui fugiat nihil. Dolorem corrupti placeat eos aspernatur. Sed modi cum quis. Adipisci laboriosam facilis eos similique assumenda quidem quo. Dignissimos quisquam ut ratione et aut perferendis temporibus. Ut dolorem iste architecto sed qui omnis. Unde ad praesentium est occaecati fugit. Molestiae sed neque aut dolores eum velit asperiores.', 'https://images-na.ssl-images-amazon.com/images/I/71LrevXJ4UL.jpg', 'Jaida Maggio'),
(1091, 58, 'quam laboriosam', 'Qui distinctio natus et sit nobis adipisci. In laborum distinctio eius quaerat aspernatur quam et. Aperiam a molestiae sint. Mollitia quas voluptate et. Sed repudiandae iusto nemo deleniti eveniet. Consectetur ipsum et voluptatem et molestiae reiciendis nobis dolores. Perspiciatis dignissimos non quos est. Eveniet qui numquam dolores placeat assumenda ut. Eligendi assumenda ut laboriosam provident architecto ad. Provident eos qui sed est delectus. Omnis doloremque in ad quo quo quia praesentium sed.', 'https://images-na.ssl-images-amazon.com/images/I/913g8zhpCYL.jpg', 'Garnet Ward'),
(1092, 60, 'nemo et id', 'Sit et commodi sapiente velit. Corrupti porro quia vel quod in vel. Molestiae harum et molestiae cumque. Incidunt facilis harum soluta delectus ab pariatur. Exercitationem repellendus eum beatae neque debitis. Minus molestiae aliquid non. Et sunt eum sequi rerum dolore. Perspiciatis voluptas sint voluptate quia. Est ut et qui suscipit quis dignissimos voluptatem. Error saepe labore sit id earum et. Expedita rem laboriosam accusamus.', 'https://images-na.ssl-images-amazon.com/images/I/913g8zhpCYL.jpg', 'Glen Flatley'),
(1093, 60, 'saepe molestiae amet', 'Quia perferendis et sunt et eaque eveniet. Molestiae optio dolorem ut et exercitationem. Necessitatibus sed quia aut odio. A sit quos suscipit doloribus consequatur quidem. Alias sed doloremque in. Commodi officia quia aliquam dolorem velit tempora nesciunt. Distinctio accusamus voluptatem quasi ratione voluptate laboriosam cupiditate. Iusto id eum hic quaerat similique minus. Officiis enim nisi atque laboriosam exercitationem. Ipsa vero suscipit est sed quibusdam.', 'https://m.media-amazon.com/images/I/81zUMXGbNGL._AC_SL1500_.jpg', 'Leanne Waelchi'),
(1094, 57, 'qui in nulla', 'Sit iusto quidem temporibus odio eos sint. Consequatur blanditiis eveniet voluptatem assumenda dicta. Minus ex maiores fuga molestiae. Id placeat non deleniti autem veniam vitae modi. Cum consequuntur aliquam illum eveniet ab placeat ad. Qui aliquid dolores dolores sit sequi harum. Qui velit id maxime. Qui placeat et ratione. Sapiente nobis minus aspernatur voluptatum quia. Aliquid est eum reprehenderit nemo harum repellat in. Quia quisquam numquam aliquam reprehenderit vero.', 'https://images-na.ssl-images-amazon.com/images/I/81dfhgbb2qL.jpg', 'Easter Koss'),
(1095, 60, 'cum quae', 'Deserunt sunt pariatur consectetur aut aut explicabo ipsa. Fugiat dolores sed ut veniam. Dignissimos voluptatem sequi modi ad. Non eos ab voluptatum suscipit alias odit. Repellendus aperiam earum architecto sed. Non est est odio. Minima omnis quis numquam itaque. Earum ut quo deserunt. Harum libero eaque distinctio quae a praesentium rerum ad. Aut animi totam nihil. Natus tempora magnam amet veniam aliquid possimus atque velit. Quas nisi mollitia fugit sint est illum. Nihil harum maxime consectetur velit voluptatum exercitationem nihil sint.', 'https://images-na.ssl-images-amazon.com/images/I/81VDeAyH1GL.jpg', 'Tre Hettinger'),
(1096, 59, 'vel sint eum animi', 'Atque itaque aliquam porro eos eos. Consequuntur impedit dolorum pariatur similique. Perspiciatis rerum delectus doloremque ut voluptatem. Ducimus doloremque consequuntur iusto fuga repellendus aut qui. Consequatur saepe voluptatibus aut quibusdam praesentium. Est in vitae consequatur laboriosam. Sed magni necessitatibus quis tenetur voluptas omnis dolor porro. Modi illum placeat iste ullam quae ea est. Quia unde voluptas velit et. Fuga nesciunt doloremque incidunt ad excepturi et. Sit est fuga veritatis ea nihil est voluptates. Illo velit aut voluptas dolorem excepturi.', 'https://images-na.ssl-images-amazon.com/images/I/81Z5oMQHqaL.jpg', 'Dakota Miller'),
(1097, 58, 'dignissimos vero', 'Accusantium aspernatur nemo magnam laudantium veritatis qui voluptas id. Quae id distinctio et iusto magni necessitatibus incidunt. Quidem sunt ducimus minus distinctio consequatur. Doloribus doloremque quaerat et omnis sunt voluptatibus. Error laboriosam magni voluptatem culpa laborum pariatur veritatis perspiciatis. Asperiores consectetur harum voluptatem quasi aut. Dolorum repellat perspiciatis sint qui. Quos dignissimos rerum facilis quia earum. Animi consequatur molestias omnis quis. Sint ex vitae voluptate. Error non velit vel quaerat.', 'https://images-na.ssl-images-amazon.com/images/I/81Z5oMQHqaL.jpg', 'Mya Hintz'),
(1098, 58, 'minima voluptatem laudantium', 'Id quasi odio ut aut numquam voluptas. Blanditiis molestias ex cumque molestias quo. Animi sed quam enim numquam labore voluptas eius voluptate. Unde id dolore quidem quod quo voluptatem. Fugit voluptatem reprehenderit esse consequatur incidunt dolorem odit. Omnis occaecati illo sit vel facere molestias. Autem non ex modi accusantium. Dolorum dicta deleniti facere et. Voluptatum voluptates ab et voluptatem laboriosam. Odit nobis sint perferendis tenetur. Aut enim quasi numquam fugit necessitatibus. Officia unde sunt dolorum possimus optio. Veniam repudiandae eveniet officiis et.', 'https://images-na.ssl-images-amazon.com/images/I/913g8zhpCYL.jpg', 'Forest Pagac'),
(1099, 57, 'non voluptatibus error impedit', 'Non repellat quisquam fugit consequatur in voluptatem est. Placeat rerum velit eos eum expedita ea qui et. Vel ut aut placeat magnam et quia eum ut. Officiis iste pariatur est distinctio excepturi optio. Quam alias ipsam qui qui et molestiae placeat. Unde in deserunt deleniti. Ut eligendi non repudiandae delectus praesentium autem. Necessitatibus libero aspernatur accusantium sed iste qui. Eligendi est est id itaque architecto.', 'https://images-na.ssl-images-amazon.com/images/I/91a19RuprqL.jpg', 'Anissa Wunsch'),
(1100, 60, 'voluptatem', 'Recusandae nihil velit possimus deserunt ut quis. Quia numquam numquam quia ut hic eligendi. Aut quod nesciunt nostrum sunt sunt minus. Alias necessitatibus blanditiis qui ut. Voluptatem earum enim qui et at. Et architecto eius corrupti repellendus. Ut sequi quisquam recusandae. Aut molestiae molestias possimus ullam. Quia quia error cum. Voluptatum consequatur dolores tenetur libero in laudantium possimus. Quia quidem vitae sed blanditiis.', 'https://images-na.ssl-images-amazon.com/images/I/81VDeAyH1GL.jpg', 'Chester Braun');

-- --------------------------------------------------------

--
-- Structure de la table `manga_category`
--

CREATE TABLE `manga_category` (
  `id` int(11) NOT NULL,
  `name` varchar(50) COLLATE utf8mb4_unicode_ci NOT NULL
) ENGINE=InnoDB DEFAULT CHARSET=utf8mb4 COLLATE=utf8mb4_unicode_ci;

--
-- Déchargement des données de la table `manga_category`
--

INSERT INTO `manga_category` (`id`, `name`) VALUES
(56, 'Kodomo'),
(57, 'Shonen'),
(58, 'Shojo'),
(59, 'Seinen'),
(60, 'Josei');

-- --------------------------------------------------------

--
-- Structure de la table `place`
--

CREATE TABLE `place` (
  `id` int(11) NOT NULL,
  `name` varchar(50) COLLATE utf8mb4_unicode_ci NOT NULL,
  `street` varchar(120) COLLATE utf8mb4_unicode_ci NOT NULL,
  `zipcode` varchar(12) COLLATE utf8mb4_unicode_ci NOT NULL,
  `city` varchar(60) COLLATE utf8mb4_unicode_ci NOT NULL,
  `country` varchar(50) COLLATE utf8mb4_unicode_ci NOT NULL
) ENGINE=InnoDB DEFAULT CHARSET=utf8mb4 COLLATE=utf8mb4_unicode_ci;

--
-- Déchargement des données de la table `place`
--

INSERT INTO `place` (`id`, `name`, `street`, `zipcode`, `city`, `country`) VALUES
(1001, 'Laporte Gallet S.A.S.', '94, avenue de Guillaume', '57 028', 'Leclerc', 'France'),
(1002, 'Chevalier', '19, rue Isaac Gilles', '71 177', 'Pelletier-sur-Marechal', 'France'),
(1003, 'Olivier', '18, chemin Turpin', '84639', 'Hubert', 'France'),
(1004, 'Martins', '63, impasse de Giraud', '69684', 'Guillou', 'France'),
(1005, 'Gosselin', '73, boulevard Laurence Mendes', '92615', 'Rocher', 'France'),
(1006, 'Joseph', '11, avenue de Bertrand', '89 211', 'De Sousa', 'France'),
(1007, 'Launay et Fils', '756, avenue Guyon', '76 149', 'Georges-sur-Le Goff', 'France'),
(1008, 'Delattre', '6, impasse Thierry', '64 375', 'Olivierboeuf', 'France'),
(1009, 'Guerin Bonnet S.A.', '96, avenue Laroche', '18060', 'Diaz', 'France'),
(1010, 'Marie', '7, chemin Guibert', '89954', 'Le Roux-sur-Blanchet', 'France'),
(1011, 'Georges', '63, rue de Becker', '42510', 'Mace-sur-Le Roux', 'France'),
(1012, 'Turpin', '88, rue de Renard', '82619', 'BlinBourg', 'France'),
(1013, 'Gosselin', '7, chemin Guillet', '21109', 'Delannoy', 'France'),
(1014, 'Robert Mahe SARL', '1, rue de Maillot', '92 921', 'Pineau', 'France'),
(1015, 'Gros', '45, impasse Lenoir', '45160', 'Nguyenboeuf', 'France'),
(1016, 'Arnaud SARL', '78, place Antoine', '89 401', 'Marchand', 'France'),
(1017, 'Blanchet Loiseau S.A.', '91, rue de Meunier', '98 940', 'Martins', 'France'),
(1018, 'Ollivier', '44, impasse Alphonse Pruvost', '54051', 'Loiseau', 'France'),
(1019, 'Rolland Lebrun S.A.', '8, place Michaud', '90 511', 'Lebrun', 'France'),
(1020, 'Marty S.A.S.', 'boulevard Hugues Schneider', '59 337', 'Marie', 'France'),
(1021, 'Lejeune SAS', '27, impasse Costa', '40 571', 'Blanchet', 'France'),
(1022, 'Pascal', '55, place de Weber', '72 995', 'MartinsVille', 'France'),
(1023, 'Gautier', '83, place de Huet', '76551', 'Humbert', 'France'),
(1024, 'Seguin', '585, place de Pichon', '64542', 'Guilbert', 'France'),
(1025, 'Baron', 'impasse Berger', '95905', 'Bonnet', 'France'),
(1026, 'Navarro', '34, boulevard de Blin', '56087', 'Colin', 'France'),
(1027, 'Mace', '55, impasse Christophe Goncalves', '71 919', 'David', 'France'),
(1028, 'Antoine', 'rue Leroy', '52797', 'Legros', 'France'),
(1029, 'Barbier', '62, boulevard Jérôme Jacquet', '46 045', 'Dias', 'France'),
(1030, 'Gonzalez Da Silva S.A.S.', 'rue Guillaume Marques', '11 730', 'Roux', 'France'),
(1031, 'Arnaud Poirier SA', 'chemin Le Roux', '61256', 'Denis', 'France'),
(1032, 'Foucher SARL', '422, boulevard de Allain', '32819', 'Blanchet', 'France'),
(1033, 'Joly Guerin S.A.', 'avenue de De Sousa', '69 013', 'Vincent', 'France'),
(1034, 'Ruiz', 'boulevard Pires', '03 880', 'Thierry-sur-Mer', 'France'),
(1035, 'Dumas Camus S.A.R.L.', 'place de Rodriguez', '18 799', 'Adam', 'France'),
(1036, 'Guibert', '52, chemin Martins', '12352', 'Paul', 'France'),
(1037, 'Albert Techer S.A.R.L.', '78, avenue Marc Raynaud', '84 984', 'Jacob', 'France'),
(1038, 'Bailly', '8, impasse Alexandre', '88 017', 'Blanchard', 'France'),
(1039, 'Moreau', '521, chemin de Martin', '07 466', 'Schneider-sur-Fleury', 'France'),
(1040, 'Leger', '51, boulevard de Gregoire', '06 471', 'Da Costa', 'France'),
(1041, 'Antoine', '11, boulevard de Lopez', '62 123', 'Paris', 'France'),
(1042, 'Clement et Fils', 'boulevard Marine Roche', '20600', 'Moreno', 'France'),
(1043, 'Joubert', '11, boulevard Gay', '55993', 'Bonnin-sur-Carre', 'France'),
(1044, 'Lecomte', '75, place Vallee', '95086', 'Thomas-sur-Mer', 'France'),
(1045, 'Launay Descamps S.A.', '39, chemin de Moulin', '59 806', 'Masson-les-Bains', 'France'),
(1046, 'Dos Santos Picard S.A.R.L.', '32, impasse Thérèse Clement', '33200', 'Leleu', 'France'),
(1047, 'Guyon', '4, avenue de Labbe', '27 344', 'RiouBourg', 'France'),
(1048, 'Lagarde', '2, boulevard Hoareau', '17 646', 'Grondin', 'France'),
(1049, 'Gay', '71, avenue Gilles', '65318', 'Gimenez-sur-Mer', 'France'),
(1050, 'Lemaitre Herve SA', 'impasse Ribeiro', '87 288', 'Da Silva', 'France'),
(1051, 'Lamy Leclercq SARL', '7, impasse Astrid Fabre', '48 593', 'Clementdan', 'France'),
(1052, 'Chretien', '44, boulevard Juliette Da Silva', '28 603', 'Bertin', 'France'),
(1053, 'Roger Lombard SAS', '786, rue Dubois', '74 731', 'Godard-sur-Mer', 'France'),
(1054, 'Diaz', '95, chemin Madeleine Courtois', '63011', 'Robinboeuf', 'France'),
(1055, 'Hoareau S.A.S.', '48, avenue de Navarro', '04 602', 'Goncalvesboeuf', 'France'),
(1056, 'Thierry Pruvost S.A.S.', '88, impasse Manon Parent', '67 761', 'Masson-sur-Ferrand', 'France'),
(1057, 'Colin SARL', '301, avenue de Lagarde', '26176', 'Traore', 'France'),
(1058, 'Dubois Lemaire S.A.R.L.', '2, place Mathilde Leleu', '26415', 'Chevallierdan', 'France'),
(1059, 'Rodrigues Weiss S.A.R.L.', '79, place Sabine Gauthier', '38 066', 'Bouvet-sur-Paris', 'France'),
(1060, 'Roche', '963, impasse Guilbert', '77326', 'AlexandreBourg', 'France'),
(1061, 'Meyer Schneider SA', '30, chemin Jacob', '69525', 'Marchand', 'France'),
(1062, 'Legendre S.A.', '13, place Etienne', '44 341', 'Lombard', 'France'),
(1063, 'Navarro', '97, rue Guy Hernandez', '08 157', 'Benard', 'France'),
(1064, 'Bazin Clement S.A.', '17, place René Marie', '96236', 'Brun-la-Forêt', 'France'),
(1065, 'Boulay SARL', '2, impasse Roland Da Silva', '87309', 'PintoBourg', 'France'),
(1066, 'Cohen Potier SA', '259, avenue de Leblanc', '25072', 'Perrierdan', 'France'),
(1067, 'Le Gall', '6, chemin de Arnaud', '63 993', 'Blanchard', 'France'),
(1068, 'Loiseau', '65, chemin de Leclercq', '47821', 'Moreno', 'France'),
(1069, 'Marie Levy SA', '97, place de Bernier', '48607', 'Mahe', 'France'),
(1070, 'Bertin S.A.R.L.', 'rue de Pruvost', '52 588', 'Gregoire-sur-Mer', 'France'),
(1071, 'Francois', '86, rue Costa', '08262', 'Allain', 'France'),
(1072, 'Lagarde S.A.', '599, avenue Dupre', '88 162', 'Rossi', 'France'),
(1073, 'Joly', '114, boulevard de Laine', '08200', 'FaureVille', 'France'),
(1074, 'Mendes S.A.R.L.', 'avenue Launay', '06 067', 'Dumontnec', 'France'),
(1075, 'Lecoq', 'impasse de Fabre', '71344', 'Berger', 'France'),
(1076, 'Leblanc', '98, place Masson', '22123', 'Mary', 'France'),
(1077, 'Dupre', '566, avenue de Gay', '75 940', 'Besson', 'France'),
(1078, 'Bonnin SAS', '801, place Becker', '20 962', 'Poirier', 'France'),
(1079, 'Fournier SARL', 'chemin Valentin', '47258', 'Gaudin', 'France'),
(1080, 'Chauveau SARL', '74, impasse Gilles Traore', '82366', 'Valentin-sur-Martin', 'France'),
(1081, 'Boyer Costa et Fils', '2, impasse Blanchard', '90522', 'Sanchez', 'France'),
(1082, 'Bernier', 'rue de Delmas', '75371', 'DidierVille', 'France'),
(1083, 'Picard Leconte S.A.R.L.', 'chemin Lopez', '17 465', 'Moreau', 'France'),
(1084, 'Bruneau', '22, chemin Bouchet', '63798', 'Francoisboeuf', 'France'),
(1085, 'Pages Marchand SAS', '6, chemin de Caron', '45649', 'Nguyen', 'France'),
(1086, 'Renaud Leleu SAS', '46, avenue Maillard', '44 682', 'Lemaire', 'France'),
(1087, 'Albert', 'rue Weiss', '91986', 'Ollivierboeuf', 'France'),
(1088, 'Leroy', 'place de Jacob', '74 354', 'Bourdonnec', 'France'),
(1089, 'Brun', '66, rue Nathalie Carpentier', '53 866', 'ChretienBourg', 'France'),
(1090, 'Peron S.A.R.L.', '84, chemin de Lebreton', '74 523', 'Petitjean', 'France'),
(1091, 'Guillot S.A.R.L.', 'rue Gros', '21 172', 'ChevallierVille', 'France'),
(1092, 'Blin', '67, chemin Diane Guillot', '54782', 'Gomesnec', 'France'),
(1093, 'Joseph Cohen S.A.R.L.', 'rue de Marchand', '43630', 'HumbertBourg', 'France'),
(1094, 'Goncalves Torres et Fils', 'rue de Pichon', '47 234', 'Coste-sur-Bourdon', 'France'),
(1095, 'Pascal', 'place Olivie Leroy', '32 021', 'Valentin', 'France'),
(1096, 'Louis', '6, avenue Benoit', '74684', 'Massonboeuf', 'France'),
(1097, 'Chauvin SARL', '6, impasse Astrid Bourgeois', '17 575', 'Perrot-sur-Mer', 'France'),
(1098, 'Lebreton', '10, rue Diaz', '73587', 'Begue', 'France'),
(1099, 'Collet SA', '10, avenue de Peltier', '52083', 'Chauvin-sur-Boucher', 'France'),
(1100, 'Philippe', 'chemin de Paris', '93210', 'Grondin', 'France');

-- --------------------------------------------------------

--
-- Structure de la table `platform`
--

CREATE TABLE `platform` (
  `id` int(11) NOT NULL,
  `name` varchar(50) COLLATE utf8mb4_unicode_ci NOT NULL
) ENGINE=InnoDB DEFAULT CHARSET=utf8mb4 COLLATE=utf8mb4_unicode_ci;

--
-- Déchargement des données de la table `platform`
--

INSERT INTO `platform` (`id`, `name`) VALUES
(100, 'Playstation 4'),
(101, 'Playstation 5'),
(102, 'Xbox One'),
(103, 'Xbox Series'),
(104, 'Nintendo Switch'),
(105, 'PC'),
(106, 'MAC'),
(107, 'Stadia'),
(108, 'Wii U');

-- --------------------------------------------------------

--
-- Structure de la table `user`
--

CREATE TABLE `user` (
  `id` int(11) NOT NULL,
  `profile_id` int(11) DEFAULT NULL,
  `level_id` int(11) DEFAULT NULL,
  `email` varchar(180) COLLATE utf8mb4_unicode_ci NOT NULL,
  `roles` json NOT NULL,
  `password` varchar(255) COLLATE utf8mb4_unicode_ci NOT NULL,
  `username` varchar(50) COLLATE utf8mb4_unicode_ci NOT NULL,
  `birthdate` date NOT NULL,
  `picture` varchar(255) COLLATE utf8mb4_unicode_ci NOT NULL,
  `city` varchar(60) COLLATE utf8mb4_unicode_ci NOT NULL
) ENGINE=InnoDB DEFAULT CHARSET=utf8mb4 COLLATE=utf8mb4_unicode_ci;

--
-- Déchargement des données de la table `user`
--

INSERT INTO `user` (`id`, `profile_id`, `level_id`, `email`, `roles`, `password`, `username`, `birthdate`, `picture`, `city`) VALUES
(4001, 43, 52, 'sbouvet@orange.fr', '[\"ROLE_USER\"]', '$2y$10$M4MJxgWSE4v0tNj8iAqwp.COlEa6il64SbfLGyHz3v6BbEL0qOjrS', 'cnoel', '1982-08-28', 'https://cdn-icons.flaticon.com/png/512/2671/premium/2671422.png?token=exp=1641899777~hmac=5ab4dd5190ff90327964da4573142588', 'Denis-sur-Mer'),
(4002, 43, 52, 'fernandes.mathilde@live.com', '[\"ROLE_USER\"]', '$2y$10$8vpt.IEwpAAjYoIlqgc/FulFJ.bVa7FyA756mCb45WHFjdjVLrlYi', 'edith.torres', '2007-08-04', 'https://cdn-icons.flaticon.com/png/512/1090/premium/1090806.png?token=exp=1641899702~hmac=54cf59726506b8ed7f77b4bba23bdda4', 'Renaud'),
(4003, 42, NULL, 'launay.odette@free.fr', '[\"ROLE_USER\"]', '$2y$10$Bhqllf05.dwit4TXYXe80.Xb5bUAct2UHLdiwGMq5CsN.MTafnUA2', 'valerie.dupuis', '1989-09-24', 'https://cdn-icons-png.flaticon.com/512/452/452539.png', 'Vallee'),
(4004, 43, 54, 'wvincent@lemaitre.com', '[\"ROLE_USER\"]', '$2y$10$gOa.nM.GAZQeK/m/v9PoWOSG4XarczUtFyiFM4hQ1erApESGQ12fq', 'virginie46', '1983-07-20', 'https://cdn-icons-png.flaticon.com/512/306/306772.png', 'Collin'),
(4005, NULL, 54, 'alain.weiss@tele2.fr', '[\"ROLE_USER\"]', '$2y$10$TLK9RQX1vFPJrpeZylhwo.6uzGagZ7O3/sKvBTLOTtitLMrC7qTt6', 'qperrin', '2006-09-07', 'https://cdn-icons-png.flaticon.com/512/189/189000.png', 'Ramos'),
(4006, 44, NULL, 'benoit94@free.fr', '[\"ROLE_USER\"]', '$2y$10$.fCpZ.d98W5hI/HIW8xlLeT3e5zKDzRdeinzg4FUzEU/.3oaI3dhG', 'vleroux', '1982-04-03', 'https://cdn-icons.flaticon.com/png/512/1090/premium/1090806.png?token=exp=1641899702~hmac=54cf59726506b8ed7f77b4bba23bdda4', 'Bertranddan'),
(4007, 43, 54, 'fleury.aurore@dbmail.com', '[\"ROLE_USER\"]', '$2y$10$yfTWU0q0HVTaGaJCwrTwAenpZzLYr1x0.3DdkwmeK60YrF1Yh5SHe', 'francois.raymond', '1967-12-22', 'https://cdn-icons-png.flaticon.com/512/452/452539.png', 'Chevalier-sur-Mer'),
(4008, 43, 54, 'jules36@georges.com', '[\"ROLE_USER\"]', '$2y$10$RTXu4d.vfixhIjHgexpC5O/odcqWaTL4kTf2XPOGEGwEtIGj9o2tW', 'vregnier', '1993-12-29', 'https://cdn-icons-png.flaticon.com/512/1674/1674292.png', 'Boutin'),
(4009, 44, NULL, 'vbonneau@seguin.com', '[\"ROLE_USER\"]', '$2y$10$5SmIhV8M3VkG6cYSSbe8J.T3uwV3/pLg.Hc2/pWJfavgTYqcHh1Xa', 'dorothee.potier', '1981-06-21', 'https://cdn-icons.flaticon.com/png/512/2671/premium/2671422.png?token=exp=1641899777~hmac=5ab4dd5190ff90327964da4573142588', 'Martel'),
(4010, NULL, 54, 'luc58@yahoo.fr', '[\"ROLE_USER\"]', '$2y$10$u/hoAAt1rl0Ak3FEfgdcSeegQpbcQtYbO9.5kGvPyAIMK6oMsLSA.', 'qfischer', '1964-09-27', 'https://cdn-icons.flaticon.com/png/512/2423/premium/2423830.png?token=exp=1641899421~hmac=08269d202be75908dc10a7f02ca0d797', 'Gautier'),
(4011, 42, 52, 'andre.therese@legendre.net', '[\"ROLE_USER\"]', '$2y$10$DWwtU16ih90rS2hKp5RjDOHh1uhXmwCFUk62gsigXBKo7DfBeCzqq', 'cbrunet', '1964-03-19', 'https://cdn-icons.flaticon.com/png/512/2671/premium/2671422.png?token=exp=1641899777~hmac=5ab4dd5190ff90327964da4573142588', 'Pereira'),
(4012, 43, NULL, 'thierry55@duval.com', '[\"ROLE_USER\"]', '$2y$10$hHHrN.REPwUcNYwW7nJy0OJQOWE9lWmW3CSDSE93sDtVbHmbG/w3.', 'klaunay', '2001-10-10', 'https://cdn-icons.flaticon.com/png/512/2423/premium/2423830.png?token=exp=1641899421~hmac=08269d202be75908dc10a7f02ca0d797', 'Hamon'),
(4013, 42, 55, 'helene.blot@nicolas.fr', '[\"ROLE_USER\"]', '$2y$10$chxVtVdgjl4C0gfQgvo0tOQKdcM.kNY2JGZmmzdizHcys8bpEiHxW', 'bourgeois.patrick', '2008-11-21', 'https://cdn-icons-png.flaticon.com/512/528/528111.png', 'Joly'),
(4014, 44, 55, 'dmichaud@seguin.fr', '[\"ROLE_USER\"]', '$2y$10$iAHYBS12x7cbm94oydZcg.wij3vqhZoxaIvlBpNnVyIQfFtWFTCIq', 'laetitia55', '1985-03-10', 'https://cdn-icons-png.flaticon.com/512/1674/1674291.png', 'Merle'),
(4015, NULL, NULL, 'pbrunet@martins.com', '[\"ROLE_USER\"]', '$2y$10$q.MBpWYZOeYCSvl3O.bhV.hJ.OIr610kFpKeoDRuP29KuC2IYquTi', 'henri.petitjean', '1979-02-14', 'https://cdn-icons-png.flaticon.com/512/1752/1752772.png', 'Lemoine'),
(4016, 44, 52, 'eroux@benard.org', '[\"ROLE_USER\"]', '$2y$10$eqleZ5EXna/MrOnPPXCPveJnepH8bpRQ9YN.LCW0D1Q4Ua0LaXEOm', 'ybonnet', '1993-06-07', 'https://cdn-icons-png.flaticon.com/512/189/189000.png', 'Gerard-les-Bains'),
(4017, 44, 54, 'robert.fernandez@etienne.org', '[\"ROLE_USER\"]', '$2y$10$30QMp8BSOkg8zyZ8gtKLt.5HLHoKkvoOaZ3L76cvx/w1kgvoFmrji', 'michelle.mathieu', '1979-01-25', 'https://cdn-icons.flaticon.com/png/512/2520/premium/2520865.png?token=exp=1641899519~hmac=dd214a475e4fdbc17f353ae828106d7e', 'Bourgeois'),
(4018, 42, NULL, 'cecile.brun@david.com', '[\"ROLE_USER\"]', '$2y$10$327l3U8VZTssGUhsPsZ8suhIi0EsmHklqOyJC7TMmZ7qUbkYrXihC', 'snoel', '2002-02-16', 'https://cdn-icons-png.flaticon.com/512/1120/1120972.png', 'Collet'),
(4019, 44, 54, 'psimon@yahoo.fr', '[\"ROLE_USER\"]', '$2y$10$ecph12hn5WEwl2Dy1zZImukSgcYlrVVarH9bWaJ6ZzS7uPuGn1CL2', 'augustin94', '1976-01-25', 'https://cdn-icons.flaticon.com/png/512/4218/premium/4218368.png?token=exp=1641899519~hmac=0bcfc455c9c4c1133d983b08a50346c4', 'Levy-la-Forêt'),
(4020, NULL, 54, 'adelaide.fournier@gmail.com', '[\"ROLE_USER\"]', '$2y$10$Ik8wZXout80TU2U4yoaXweVIx7g9lSYV9BO9FiPH0v8QlNvf2u1v6', 'celina39', '1973-03-25', 'https://cdn-icons-png.flaticon.com/512/528/528107.png', 'Courtois-les-Bains'),
(4021, 42, NULL, 'marine.meunier@hotmail.fr', '[\"ROLE_USER\"]', '$2y$10$h2AkFw6rK3q1.7mmrHV3XumC5Sc3tO9Dvl3N/LVQ1CVHT6yo9ReI.', 'jerome10', '1963-08-30', 'https://cdn-icons-png.flaticon.com/512/871/871366.png', 'Renaultdan'),
(4022, 44, 55, 'xblanchard@tele2.fr', '[\"ROLE_USER\"]', '$2y$10$d7WX4AZZSXtJXHMZUmOkxuGLh8Tabl4wmmKuiSRpE6mmSizSNZgfK', 'smaurice', '2005-03-09', 'https://cdn-icons-png.flaticon.com/512/189/189000.png', 'Hernandez'),
(4023, 42, 55, 'qcosta@dbmail.com', '[\"ROLE_USER\"]', '$2y$10$R81kGmNxjwrAF3UyoEIqtuB0iBvOR7s0k4pL2LvZmZ8diYHL1.c7W', 'tmerle', '1963-12-23', 'https://cdn-icons-png.flaticon.com/512/1674/1674292.png', 'Baron-sur-Mer'),
(4024, 42, NULL, 'arnaud.auguste@wanadoo.fr', '[\"ROLE_USER\"]', '$2y$10$vu8NcW46frfM8gOX2YN1c.StpOGfTlZqjnWHFgWu6ajG66sCGCWoC', 'lacroix.clemence', '1970-04-11', 'https://cdn-icons-png.flaticon.com/512/452/452539.png', 'Boulayboeuf'),
(4025, NULL, 53, 'lucas.fernandez@hoareau.net', '[\"ROLE_USER\"]', '$2y$10$WLqqcIVhkqRQnXhSeVvWYufad9EOfLDCj0AQJnWjKIM4PPcLPN8wa', 'manon.gilbert', '1963-01-03', 'https://cdn-icons-png.flaticon.com/512/1120/1120972.png', 'Gaudin'),
(4026, 42, 54, 'marine.gros@club-internet.fr', '[\"ROLE_USER\"]', '$2y$10$shmGd7YEsTx8k7mKMDRqIe2JBNlXX4tLT/DZVgnGfhdwKT1CYwwAi', 'paris.diane', '1968-10-08', 'https://cdn-icons-png.flaticon.com/512/924/924874.png', 'Aubert'),
(4027, 44, NULL, 'martin87@breton.fr', '[\"ROLE_USER\"]', '$2y$10$1LR7RJA4Sz8En17ELNzNbeAE7p4GNbQLjt9szqHE2yI1ufaVvATYm', 'noemi.parent', '1985-09-10', 'https://cdn-icons.flaticon.com/png/512/4218/premium/4218368.png?token=exp=1641899519~hmac=0bcfc455c9c4c1133d983b08a50346c4', 'Morvan-la-Forêt'),
(4028, 44, 55, 'martin.barre@michel.fr', '[\"ROLE_USER\"]', '$2y$10$uPSpNQJMJnZ48dvBzbHh3.9vq6aWi6SJ5sr/6tQLJr3HMEiZlFqjS', 'paris.margot', '1974-07-22', 'https://cdn-icons.flaticon.com/png/512/2520/premium/2520865.png?token=exp=1641899519~hmac=dd214a475e4fdbc17f353ae828106d7e', 'Roux'),
(4029, 43, 53, 'alexandre.colas@hotmail.fr', '[\"ROLE_USER\"]', '$2y$10$rKelVYcnbMoryrkdj1P4MuxYUCPSsJLCyDAS31fGg73hwtjJ3fyHy', 'penelope.giraud', '1965-03-04', 'https://cdn-icons-png.flaticon.com/512/1674/1674291.png', 'Guichardboeuf'),
(4030, NULL, NULL, 'benoit58@dossantos.fr', '[\"ROLE_USER\"]', '$2y$10$GDysQZuQ9eKF6MDutdLsVuRDTXVgwPJPa5kpVStebU2J6HaCFO9nO', 'colette.roche', '1963-03-03', 'https://cdn-icons-png.flaticon.com/512/1752/1752772.png', 'Piresboeuf'),
(4031, 43, 54, 'marcel.guibert@free.fr', '[\"ROLE_USER\"]', '$2y$10$uv2IUmx0vta/JmTHKKHo9.CMi2jESrv/TNW0vf6IY1Ai3YnfZPYhy', 'delaunay.gerard', '1994-01-12', 'https://cdn-icons.flaticon.com/png/512/1985/premium/1985783.png?token=exp=1641899777~hmac=467dad371dbd0417fc9f459b8fcfa7d0', 'Petit'),
(4032, 43, 52, 'faivre.alphonse@remy.com', '[\"ROLE_USER\"]', '$2y$10$fTFjIvU1vLzGsmgmniqhs.4YRJ5kQrx5EmF/bWRaUuhgTZCBvgaGi', 'qbouvet', '1993-10-24', 'https://cdn-icons.flaticon.com/png/512/1211/premium/1211015.png?token=exp=1641899224~hmac=3a28f8e149a633bcf6812e2b4d7d6b08', 'Raymond-sur-Rossi'),
(4033, 43, NULL, 'bernadette.philippe@club-internet.fr', '[\"ROLE_USER\"]', '$2y$10$T8gHJ0Z7cPfi1EwzoPNAsuCkHL0v.Rbq3eUhaczBCi.HUj88qGu66', 'hcolin', '1974-03-22', 'https://cdn-icons-png.flaticon.com/512/1674/1674292.png', 'Rousselnec'),
(4034, 43, 52, 'wjoly@orange.fr', '[\"ROLE_USER\"]', '$2y$10$C5aVjcHEfNNVP/67oJLCmeDRbrLqB0PIhyokoWakFDJJkkoabATzq', 'gerard.martin', '1965-05-15', 'https://cdn-icons.flaticon.com/png/512/2671/premium/2671422.png?token=exp=1641899777~hmac=5ab4dd5190ff90327964da4573142588', 'Leclercdan'),
(4035, NULL, 54, 'guichard.anais@lemoine.fr', '[\"ROLE_USER\"]', '$2y$10$1G6.kZH2Fn1LOlPurdDIj.v8GEH4TiJd2Zeg3spCr0ET2T5kK5iZu', 'hubert.honore', '1964-02-14', 'https://cdn-icons-png.flaticon.com/512/871/871366.png', 'RenardVille'),
(4036, 44, NULL, 'bonnet.suzanne@free.fr', '[\"ROLE_USER\"]', '$2y$10$sElbqIs/6Fmilpw9MoYCeOYY2d/W.ZETn2agO3.McjEbcSgsWs7yq', 'gomes.marguerite', '1976-04-02', 'https://cdn-icons.flaticon.com/png/512/1985/premium/1985783.png?token=exp=1641899777~hmac=467dad371dbd0417fc9f459b8fcfa7d0', 'Klein-la-Forêt'),
(4037, 42, 53, 'francois.celina@grondin.fr', '[\"ROLE_USER\"]', '$2y$10$HdR5IxXJiZzCMn0iAQ0Hg.dGYq/PdelhC.CcOeVBwrQDjTgDekpOK', 'alexandre.henri', '1972-08-07', 'https://cdn-icons.flaticon.com/png/512/663/premium/663097.png?token=exp=1641899224~hmac=446cfd4b7676c1308cbd1a3ecbdc873a', 'Ledouxboeuf'),
(4038, 44, 52, 'marie.herve@orange.fr', '[\"ROLE_USER\"]', '$2y$10$NtzuXHOahK/CHGvVlAZpQObfZfJ0gm97n0ivYO4Hu7.c3yzfh52W.', 'celine94', '1972-06-03', 'https://cdn-icons-png.flaticon.com/512/1674/1674292.png', 'Blancboeuf'),
(4039, 42, NULL, 'xgrondin@delannoy.fr', '[\"ROLE_USER\"]', '$2y$10$f6m.9a9Y0GuvtQabq19iB.gOhl4nqJ7X9VmNqaKNXn3ZISVEoX/AO', 'honore.collet', '1999-07-14', 'https://cdn-icons-png.flaticon.com/512/1674/1674291.png', 'Toussaint'),
(4040, NULL, 54, 'josette.maillot@benoit.org', '[\"ROLE_USER\"]', '$2y$10$0scjvtSfSfKFwgi4mBM4qezDC/w.MsSNBcnSQcVyzrCEvqxK..TtK', 'llegoff', '1985-12-24', 'https://cdn-icons-png.flaticon.com/512/528/528111.png', 'VaillantVille'),
(4041, 44, 55, 'celina68@dbmail.com', '[\"ROLE_USER\"]', '$2y$10$6UBWIkr.ZjrnMoRrkYDeSuZMldLSfoojXdGafIh9wV642Bz5HBvlG', 'schmitt.eric', '1970-06-09', 'https://cdn-icons-png.flaticon.com/512/1752/1752772.png', 'Lefevre'),
(4042, 44, NULL, 'dubois.andre@sfr.fr', '[\"ROLE_USER\"]', '$2y$10$/TEKm9LyEE4KGfGkCeCUL.Y1.655yiVgFGCuNR3Qzh9nWZT7XwZ/G', 'olivie.riviere', '1974-02-22', 'https://cdn-icons.flaticon.com/png/512/1090/premium/1090806.png?token=exp=1641899702~hmac=54cf59726506b8ed7f77b4bba23bdda4', 'Jeandan'),
(4043, 43, 52, 'benoit.marthe@live.com', '[\"ROLE_USER\"]', '$2y$10$2ZHbzCj7cOGXm8TGkNhlV.Wakk3rvbKmnYIjQaiMiUYAR6yM0qiIG', 'paul.courtois', '1977-11-21', 'https://cdn-icons-png.flaticon.com/512/528/528107.png', 'LangloisBourg'),
(4044, 43, 54, 'fleconte@club-internet.fr', '[\"ROLE_USER\"]', '$2y$10$c1s1iPMhgF.0m2vfrFAG/.9imwge4OAybJrXX0aIUq84bIjrLwQ9i', 'daniel.laurent', '1968-11-10', 'https://cdn-icons-png.flaticon.com/512/435/435048.png', 'Moulin'),
(4045, NULL, NULL, 'sebastien71@club-internet.fr', '[\"ROLE_USER\"]', '$2y$10$v2ZIUMD1TbUJTE4uFJWiiu6O26fOHuefkotBdkAaGySTG8uxfEnnu', 'michele00', '2007-05-21', 'https://cdn-icons-png.flaticon.com/512/435/435048.png', 'Masson'),
(4046, 44, 52, 'henri36@legall.com', '[\"ROLE_USER\"]', '$2y$10$N8cQRsYS7tnsNY3kdYYXnOKM5BmSTktJI7iXGf60UrdpVngDwRZk2', 'jeannine.blanchet', '1983-03-22', 'https://cdn-icons.flaticon.com/png/512/2520/premium/2520865.png?token=exp=1641899519~hmac=dd214a475e4fdbc17f353ae828106d7e', 'Da Costa-sur-Boutin'),
(4047, 42, 53, 'moreau.suzanne@thierry.com', '[\"ROLE_USER\"]', '$2y$10$rgn8yXXrwG9vRg.bHMWUX.IzMmI.M.5GXvsIgmYe3ihmGbkVnXbC.', 'alfred06', '1982-09-15', 'https://cdn-icons-png.flaticon.com/512/3393/3393852.png', 'Martins'),
(4048, 43, NULL, 'jacob.marie@loiseau.com', '[\"ROLE_USER\"]', '$2y$10$84eVxc1.uFNczcl5IG96Y.kvxckth5q.L3mYQStbjOjnFNDDCdgpS', 'eugene49', '1982-02-11', 'https://cdn-icons.flaticon.com/png/512/1985/premium/1985783.png?token=exp=1641899777~hmac=467dad371dbd0417fc9f459b8fcfa7d0', 'Vaillant'),
(4049, 42, 52, 'lgrondin@laposte.net', '[\"ROLE_USER\"]', '$2y$10$.pEf4tjbLPohB3bxwEMMK.pXDpZR5Q5Esqs4pCm9P/emySjVmwvPy', 'iperret', '1973-04-11', 'https://cdn-icons-png.flaticon.com/512/1120/1120972.png', 'Lacroixdan'),
(4050, NULL, 53, 'krenaud@gmail.com', '[\"ROLE_USER\"]', '$2y$10$UlZzbHpzd316sYeq2PdytOgTVmM1q.Qz9V.S3sMYjUFSjJ9JxXlj2', 'alphonse.perrin', '1964-10-10', 'https://cdn-icons-png.flaticon.com/512/306/306772.png', 'Monnier-sur-Mer'),
(4051, 42, NULL, 'oceane.blondel@live.com', '[\"ROLE_USER\"]', '$2y$10$ynyNgLHXJ9qPPo3mhCf//e8GjOaegjmZK4V1THSTKAHem186PH8Oy', 'lebrun.guillaume', '2002-08-02', 'https://cdn-icons.flaticon.com/png/512/1985/premium/1985783.png?token=exp=1641899777~hmac=467dad371dbd0417fc9f459b8fcfa7d0', 'Teixeira'),
(4052, 43, 55, 'guy.guillon@club-internet.fr', '[\"ROLE_USER\"]', '$2y$10$puVWPygpBp0HMnVJ38nRle.8k8KpoH75//iyul.1sE/F7V1iaa3M2', 'rolland.monique', '1985-02-02', 'https://cdn-icons-png.flaticon.com/512/528/528107.png', 'Antoine-les-Bains'),
(4053, 42, 55, 'uhernandez@sfr.fr', '[\"ROLE_USER\"]', '$2y$10$.QoF0N//zVQmHVT5ECm1Peb4VFPCMxGj9b7iJ7.9NkqH/T8zUfGE2', 'antoinette43', '1968-05-26', 'https://cdn-icons-png.flaticon.com/512/528/528107.png', 'BaronBourg'),
(4054, 42, NULL, 'charles.guibert@yahoo.fr', '[\"ROLE_USER\"]', '$2y$10$tvCFhdpv8hproXtg5BB/bOaLttTBO0vMRpUCGnldgbDJ6QEtvmQ/C', 'gabrielle.vincent', '1996-06-24', 'https://cdn-icons-png.flaticon.com/512/1674/1674292.png', 'Michel'),
(4055, NULL, 53, 'henri11@bazin.net', '[\"ROLE_USER\"]', '$2y$10$/xDPkckdm8mIgSfILHoLz.4EWQF5t73qWwExZhhVGh2QpYctQAEK6', 'nicolas62', '1993-02-26', 'https://cdn-icons.flaticon.com/png/512/1211/premium/1211015.png?token=exp=1641899224~hmac=3a28f8e149a633bcf6812e2b4d7d6b08', 'Allard'),
(4056, 43, 53, 'chevalier.jacqueline@blot.fr', '[\"ROLE_USER\"]', '$2y$10$Cohj1V9fJoO1MYxmdesQte9Qq55x.YXdft4BN0JO.MdLMP8dClnRG', 'sreynaud', '1990-05-30', 'https://cdn-icons-png.flaticon.com/512/189/189000.png', 'Gay'),
(4057, 42, NULL, 'anais.dacosta@dbmail.com', '[\"ROLE_USER\"]', '$2y$10$sLzy6m2sy5mIypztDWHCteOAIEOdEYY3qpqN3T1HOFKIoI.bcCiDO', 'lucy48', '1992-03-22', 'https://cdn-icons.flaticon.com/png/512/1090/premium/1090806.png?token=exp=1641899702~hmac=54cf59726506b8ed7f77b4bba23bdda4', 'Legendrenec'),
(4058, 42, 54, 'robin.adelaide@thierry.fr', '[\"ROLE_USER\"]', '$2y$10$SkMgSxQPh7eO8M1D0tuMse9LPz1sjBfwJX8ARlM8fTuEHLrST35TK', 'chauvin.luce', '1971-07-05', 'https://cdn-icons.flaticon.com/png/512/1211/premium/1211015.png?token=exp=1641899224~hmac=3a28f8e149a633bcf6812e2b4d7d6b08', 'Bailly-sur-Mer'),
(4059, 43, 53, 'ilemaitre@sfr.fr', '[\"ROLE_USER\"]', '$2y$10$GbEBM8.poJhfpLDJCWWWA.Pn4.8bcdX0iWUuTjp4kS/v8sPQmY9EK', 'nschneider', '1990-09-16', 'https://cdn-icons-png.flaticon.com/512/528/528111.png', 'Mahe'),
(4060, NULL, NULL, 'valerie32@letellier.com', '[\"ROLE_USER\"]', '$2y$10$8w01JQwarcmTAMW6ZpOsKe6LzW6N4u5wqY8FFd9wRXNuMlRpG.GU.', 'lpelletier', '1990-01-09', 'https://cdn-icons-png.flaticon.com/512/1674/1674291.png', 'Couturier-sur-Rousseau'),
(4061, 43, 52, 'baron.madeleine@blanc.fr', '[\"ROLE_USER\"]', '$2y$10$Ot3v1Wkeplb/kGT2zqku9O.eX5rhiibKWkDFREMcK54FqRohHRYJq', 'gonzalez.martin', '1995-09-22', 'https://cdn-icons.flaticon.com/png/512/2520/premium/2520865.png?token=exp=1641899519~hmac=dd214a475e4fdbc17f353ae828106d7e', 'Pottier-sur-Baudry'),
(4062, 42, 54, 'nath.bertin@noos.fr', '[\"ROLE_USER\"]', '$2y$10$obJo/RAgNgCR0jLZ5dWHN.skde15qf3inPXuetEK6aVwuwt1svnJi', 'xgaudin', '1986-01-13', 'https://cdn-icons-png.flaticon.com/512/189/189000.png', 'AlvesVille'),
(4063, 44, NULL, 'zbouvet@barbe.fr', '[\"ROLE_USER\"]', '$2y$10$CKaj.LVM4p.NDLteCJ44lOwI4mKM5GGAf5x9bJ8z6IDeoUpdsHpKa', 'hraymond', '1970-11-30', 'https://cdn-icons.flaticon.com/png/512/2520/premium/2520865.png?token=exp=1641899519~hmac=dd214a475e4fdbc17f353ae828106d7e', 'Simon-les-Bains'),
(4064, 42, 54, 'vallet.joseph@fontaine.fr', '[\"ROLE_USER\"]', '$2y$10$DOsPevxnrXqofvghWCYDoOQoaM8Xm5VPHXqYIKWczNohsRRovwlym', 'tristan02', '2007-06-26', 'https://cdn-icons-png.flaticon.com/512/1752/1752772.png', 'Camus-sur-Auger'),
(4065, NULL, 52, 'emile36@gmail.com', '[\"ROLE_USER\"]', '$2y$10$ZXui5gEXZ4Jx98OimF4/hurWvQlW2Gr1oT7Rx5xRUEmZCuOgXMe5e', 'gerard15', '2005-01-03', 'https://cdn-icons-png.flaticon.com/512/528/528107.png', 'GregoireBourg'),
(4066, 44, NULL, 'dossantos.charlotte@legros.fr', '[\"ROLE_USER\"]', '$2y$10$kHTNtPXsov.VbexF2s5QpenmfhJj0wK9HBKDezKszqo43S/o.HQr6', 'celina68', '1973-05-26', 'https://cdn-icons-png.flaticon.com/512/306/306772.png', 'Leger-sur-Mer'),
(4067, 42, 53, 'elodie.neveu@gay.fr', '[\"ROLE_USER\"]', '$2y$10$CNd6DeYfVhve6ROFP2a9b.KnCpiZb21IDduTbWB8xPzRwFclMoWga', 'qgilbert', '1981-11-02', 'https://cdn-icons.flaticon.com/png/512/2423/premium/2423830.png?token=exp=1641899421~hmac=08269d202be75908dc10a7f02ca0d797', 'LebretonBourg'),
(4068, 43, 54, 'giraud.thomas@wanadoo.fr', '[\"ROLE_USER\"]', '$2y$10$uh0SBHzqELgR48u4mZbTLunU6M3joEtXrdNWULa8iHI94sroCWwvm', 'poulain.benjamin', '1974-06-19', 'https://cdn-icons.flaticon.com/png/512/1211/premium/1211015.png?token=exp=1641899224~hmac=3a28f8e149a633bcf6812e2b4d7d6b08', 'Lefebvre'),
(4069, 43, NULL, 'charles.philippine@wanadoo.fr', '[\"ROLE_USER\"]', '$2y$10$.x/6MrOJxP78fbXQLDkUe.XTe4rj3mIneL7n3U./C.5/KAN2rxWO.', 'franck00', '1971-08-25', 'https://cdn-icons-png.flaticon.com/512/3393/3393852.png', 'Weber'),
(4070, NULL, 52, 'gabriel36@yahoo.fr', '[\"ROLE_USER\"]', '$2y$10$kytkQD7WJ1dg0KHxWDQbSueb1TG65VkYh6k7iB5v4uXsMeL5rvq7G', 'claporte', '1999-10-01', 'https://cdn-icons-png.flaticon.com/512/189/189000.png', 'Riviere'),
(4071, 43, 53, 'gblot@tele2.fr', '[\"ROLE_USER\"]', '$2y$10$vJC05m.yX13hR8g.e0Q.h.006qeTGZa7TBitvXBJeMquD7C3f3bQe', 'franck26', '1973-10-05', 'https://cdn-icons-png.flaticon.com/512/871/871366.png', 'Dos SantosVille'),
(4072, 44, NULL, 'couturier.danielle@brun.fr', '[\"ROLE_USER\"]', '$2y$10$RoJ3Jy0/iJD3WWENo/q5AO0CtTkCPaxFOCKoiwHa7eF4BxeSi76eW', 'rbertrand', '1979-04-01', 'https://cdn-icons.flaticon.com/png/512/1211/premium/1211015.png?token=exp=1641899224~hmac=3a28f8e149a633bcf6812e2b4d7d6b08', 'Lucasboeuf'),
(4073, 42, 55, 'pineau.theodore@noos.fr', '[\"ROLE_USER\"]', '$2y$10$ssnGkHjYfYpGqp9p875QQugE1gGOt3q9okh24Xc.6Z6umScIgIYqW', 'sophie.grenier', '1974-03-12', 'https://cdn-icons-png.flaticon.com/512/1120/1120972.png', 'Delahaye'),
(4074, 43, 54, 'bertrand72@noos.fr', '[\"ROLE_USER\"]', '$2y$10$K5Rhi1moMLOhRBt8HtToA.ELuLedD.xHlVwjOESM3OPXI1xhntzAy', 'honore65', '2005-04-07', 'https://cdn-icons-png.flaticon.com/512/435/435048.png', 'Evrardnec'),
(4075, NULL, NULL, 'margot58@pierre.org', '[\"ROLE_USER\"]', '$2y$10$12rtsD7bJc9p9jcPf0zNoO9nx8kcPvj7Y3tVewVbntUMvmMeGARiu', 'charrier.maurice', '1994-11-19', 'https://cdn-icons.flaticon.com/png/512/1985/premium/1985783.png?token=exp=1641899777~hmac=467dad371dbd0417fc9f459b8fcfa7d0', 'Laine'),
(4076, 43, 54, 'gabriel80@club-internet.fr', '[\"ROLE_USER\"]', '$2y$10$Pp0Tw.dwzv9RCkmuhO.4NOf4u1yndGjh4NAoggVXEhYWEZsVM2M.i', 'bernard.riviere', '1976-08-15', 'https://cdn-icons-png.flaticon.com/512/1674/1674291.png', 'Parent'),
(4077, 44, 55, 'maurice.josette@free.fr', '[\"ROLE_USER\"]', '$2y$10$CsRm7DSQgUibxSSMRVGhTOE3GJYjYJCTe7UtNZZd0S7NWkRNmrJ4q', 'renee.alexandre', '1987-08-01', 'https://cdn-icons-png.flaticon.com/512/306/306772.png', 'Baillyboeuf'),
(4078, 42, NULL, 'legendre.emile@meyer.org', '[\"ROLE_USER\"]', '$2y$10$v44av7s3xfUTElylVR1c1Ocmn5lHBj8fUGjI63YZr3ugQ.3rabw0u', 'wagner.madeleine', '1994-12-14', 'https://cdn-icons-png.flaticon.com/512/528/528107.png', 'Marques-sur-Mer'),
(4079, 42, 52, 'eguillet@gmail.com', '[\"ROLE_USER\"]', '$2y$10$uqq8vV1g26N1hlHWTrWXQO9iXfON3idZCJAlN6/FyNqGB/oCwq/l6', 'michelle30', '1968-03-23', 'https://cdn-icons-png.flaticon.com/512/3393/3393852.png', 'Delorme'),
(4080, NULL, 54, 'penelope.faure@orange.fr', '[\"ROLE_USER\"]', '$2y$10$SKFhftQdDThkT8BXdj7sJuG54ajZ7iV9sAtquDo4DIcqPo1u9aemC', 'luce74', '1986-07-13', 'https://cdn-icons-png.flaticon.com/512/924/924874.png', 'Roger-sur-Bonnin'),
(4081, 43, NULL, 'antoine86@noos.fr', '[\"ROLE_USER\"]', '$2y$10$4ymBKX9xJvfFlijeMWaJmOQG59wLa7iw3zNlv98MvsJwXN/lPux3O', 'omorvan', '2007-03-07', 'https://cdn-icons-png.flaticon.com/512/1674/1674291.png', 'Leclercq-sur-Lejeune'),
(4082, 42, 55, 'denise.raynaud@daniel.fr', '[\"ROLE_USER\"]', '$2y$10$eagYOmdE4m5Ko37crV8zNeit1UPeqG.vpn/5JG5dbUeSzqVlOnGoy', 'epottier', '1967-08-02', 'https://cdn-icons.flaticon.com/png/512/1211/premium/1211015.png?token=exp=1641899224~hmac=3a28f8e149a633bcf6812e2b4d7d6b08', 'Roussel-les-Bains'),
(4083, 44, 54, 'denise08@barbier.com', '[\"ROLE_USER\"]', '$2y$10$nrsN2ue9Jb9qS0rlvZW2ueZSgs.cirUBzOqNCjFB7EDCeyE.jcX9K', 'hortense10', '1973-09-16', 'https://cdn-icons.flaticon.com/png/512/663/premium/663097.png?token=exp=1641899224~hmac=446cfd4b7676c1308cbd1a3ecbdc873a', 'Bertrand-sur-Raynaud'),
(4084, 43, NULL, 'bernadette40@yahoo.fr', '[\"ROLE_USER\"]', '$2y$10$8EOCqRaOsd0ZdT5SnHwBVOL2M0fFC1Z5xLlKVQuJWjqgpOnl6NBTm', 'thardy', '1993-08-23', 'https://cdn-icons.flaticon.com/png/512/663/premium/663097.png?token=exp=1641899224~hmac=446cfd4b7676c1308cbd1a3ecbdc873a', 'Lenoir'),
(4085, NULL, 55, 'claude54@lebreton.com', '[\"ROLE_USER\"]', '$2y$10$wsmUFz5wtFnNsBRPoHtL6uqWGCtFJMr740Sm4Vm2qwgRFygqbVEva', 'bernadette.brun', '1976-08-19', 'https://cdn-icons.flaticon.com/png/512/663/premium/663097.png?token=exp=1641899224~hmac=446cfd4b7676c1308cbd1a3ecbdc873a', 'Mendes'),
(4086, 42, 54, 'hamel.margot@tele2.fr', '[\"ROLE_USER\"]', '$2y$10$Ugg5/vk3Tmhggh98AFIzP.1nE4FqQeP/.JRCHX63NLQuTm6O/FuOi', 'thomas.richard', '1998-02-09', 'https://cdn-icons-png.flaticon.com/512/871/871366.png', 'Marchal'),
(4087, 42, NULL, 'emile.marie@club-internet.fr', '[\"ROLE_USER\"]', '$2y$10$Nl35ktfrA6iHBacvXq07rejqQv25yitFMAdwlzESBcs6ACvktl4Va', 'henri04', '1963-08-10', 'https://cdn-icons-png.flaticon.com/512/871/871366.png', 'Dubois'),
(4088, 43, 54, 'zvidal@dacosta.fr', '[\"ROLE_USER\"]', '$2y$10$3Ihd3Smy1MuS6m1v7yvB8uJK4Bu/DwCbvPiCyNZDVUa0e36itrCpa', 'susan07', '1984-01-01', 'https://cdn-icons.flaticon.com/png/512/4218/premium/4218368.png?token=exp=1641899519~hmac=0bcfc455c9c4c1133d983b08a50346c4', 'Aubert'),
(4089, 44, 52, 'mercier.gilbert@lejeune.com', '[\"ROLE_USER\"]', '$2y$10$tUsFW4SYrCOp3WUofebx4ugefzN1TjDAg4F7MixV1C/.4gHGfMCpq', 'bernard.moreno', '1979-04-03', 'https://cdn-icons-png.flaticon.com/512/189/189000.png', 'LeblancVille'),
(4090, NULL, NULL, 'maggie.lambert@teixeira.fr', '[\"ROLE_USER\"]', '$2y$10$sTgxUgqa71K50A9b.nS6UuuCcVnxxrbOQR.yTgBJKsFfrLZ6JgdcC', 'jacques.gerard', '1965-07-24', 'https://cdn-icons.flaticon.com/png/512/4218/premium/4218368.png?token=exp=1641899519~hmac=0bcfc455c9c4c1133d983b08a50346c4', 'Leger-sur-Raymond'),
(4091, 44, 55, 'guillaume.josette@tele2.fr', '[\"ROLE_USER\"]', '$2y$10$.KXxFNAvmfbxnxaqNL4hBOf5NuB5yXghsObtgMtTVxFttz6O2wu5W', 'leon.loiseau', '1966-10-29', 'https://cdn-icons-png.flaticon.com/512/452/452539.png', 'Buisson'),
(4092, 43, 54, 'pdidier@yahoo.fr', '[\"ROLE_USER\"]', '$2y$10$2PHF/O0ilbvUvhLiYBI2KOVO2ek1CGfLR0VS57hMi2FzoZktmxcTG', 'cordier.martine', '1980-08-09', 'https://cdn-icons-png.flaticon.com/512/528/528111.png', 'Jacquotdan'),
(4093, 42, NULL, 'augustin95@live.com', '[\"ROLE_USER\"]', '$2y$10$9jzXoF6qikHucFTsf56rp.z5JfjgWZEVYN2/qewiWLk9YCuhDBys6', 'colette.pasquier', '1979-07-12', 'https://cdn-icons-png.flaticon.com/512/189/189000.png', 'Rousseldan'),
(4094, 43, 55, 'pichon.catherine@live.com', '[\"ROLE_USER\"]', '$2y$10$j63DMvs.tHfvalHLKeunT.9XbntfhT/AudemH05uypH9xfS4rfS0W', 'navarro.emilie', '1970-05-26', 'https://cdn-icons.flaticon.com/png/512/2520/premium/2520865.png?token=exp=1641899519~hmac=dd214a475e4fdbc17f353ae828106d7e', 'CharlesBourg'),
(4095, NULL, 52, 'barre.robert@yahoo.fr', '[\"ROLE_USER\"]', '$2y$10$NLsPk1D59MuzzmOz9wxAqeF4wSp/p3RBCW0HjA1e.B4Z8LyUPUEyO', 'xgermain', '1990-03-13', 'https://cdn-icons.flaticon.com/png/512/1211/premium/1211015.png?token=exp=1641899224~hmac=3a28f8e149a633bcf6812e2b4d7d6b08', 'Colas'),
(4096, 43, NULL, 'ibriand@hotmail.fr', '[\"ROLE_USER\"]', '$2y$10$AqaD0fewD2oMTld4nQsSZ.IFMZzh5u4SlzdXxHdoY0H/XBIDKoKK.', 'grenier.henriette', '1987-12-25', 'https://cdn-icons-png.flaticon.com/512/528/528107.png', 'Weiss-sur-Chauveau'),
(4097, 43, 52, 'brousseau@pons.fr', '[\"ROLE_USER\"]', '$2y$10$Q3K7yfnahEbAKC.zj/Bvb.6f8z65H/gMi43EZbR7QtbdxByd0vUmm', 'lorraine71', '1989-01-31', 'https://cdn-icons.flaticon.com/png/512/663/premium/663097.png?token=exp=1641899224~hmac=446cfd4b7676c1308cbd1a3ecbdc873a', 'Sauvage'),
(4098, 43, 55, 'vbouchet@laporte.com', '[\"ROLE_USER\"]', '$2y$10$QHNLrqUKGG51r8HsWOKnzuSYcLqKyP5QiM3k8B14P1FqV4Tn3B80e', 'dorothee.cousin', '2002-03-31', 'https://cdn-icons-png.flaticon.com/512/189/189000.png', 'Godard-les-Bains'),
(4099, 43, NULL, 'david.dorothee@laurent.fr', '[\"ROLE_USER\"]', '$2y$10$f/WjMkYwEadR90B6elVTiu.UqVPgqqdEnr7XBxeT6i16w8LFMur.6', 'xdelattre', '2006-05-18', 'https://cdn-icons-png.flaticon.com/512/189/189000.png', 'Perrin'),
(4100, NULL, 55, 'moulin.philippine@texier.org', '[\"ROLE_USER\"]', '$2y$10$WZd/Sse0sCGG3nouIYuVE.enuu5WpJTSdBaSoOuOvhG5GOr5dsbmC', 'benjamin.duval', '1976-06-07', 'https://cdn-icons-png.flaticon.com/512/528/528107.png', 'Rousseau'),
(4101, 43, 55, 'henri84@live.com', '[\"ROLE_USER\"]', '$2y$10$0gTLS6tz8Sc7OkEFRzi9kOIqYzrJ/qRI/7UxipmN6WZFiFehpmaQ.', 'francoise.millet', '1992-02-25', 'https://cdn-icons-png.flaticon.com/512/452/452539.png', 'Regnier'),
(4102, 42, NULL, 'nicolas.sylvie@gmail.com', '[\"ROLE_USER\"]', '$2y$10$V2.azN4XIq9BF62gFl6szOPqAT0X94opQx30WJvySMYhqBdKaExUC', 'labbe.laurent', '2008-11-20', 'https://cdn-icons-png.flaticon.com/512/435/435048.png', 'Daniel-la-Forêt'),
(4103, 44, 53, 'victor.lacombe@blanchet.fr', '[\"ROLE_USER\"]', '$2y$10$NmDGTFmZD0kFhXaSSBxQaOrrAKOGZAED2zEYHJxSKcZwsiN3U/9vK', 'dominique57', '2006-05-21', 'https://cdn-icons-png.flaticon.com/512/1674/1674291.png', 'Richard-sur-Mer'),
(4104, 42, 54, 'emile99@free.fr', '[\"ROLE_USER\"]', '$2y$10$iyT2.JC/fhd63CagtHQ1l.O8voLjcIZ2JonGCkMghyuPM4WUl9hCK', 'dominique04', '1996-03-17', 'https://cdn-icons-png.flaticon.com/512/528/528111.png', 'Bruneau-sur-Clement'),
(4105, NULL, NULL, 'vraymond@orange.fr', '[\"ROLE_USER\"]', '$2y$10$za.ph3OD51XI8tllq3475OHbaK/DQNCdci9xeoSFImcC6gsKmC5D6', 'xchauvin', '1983-03-05', 'https://cdn-icons.flaticon.com/png/512/2671/premium/2671422.png?token=exp=1641899777~hmac=5ab4dd5190ff90327964da4573142588', 'Maillet-sur-Fischer'),
(4106, 43, 52, 'dubois.alfred@laposte.net', '[\"ROLE_USER\"]', '$2y$10$a.IpjuDILKWMUlbZv./nrefgL8sc0uBNALZcTyUeszR85leuuSy/a', 'charles.masson', '2007-04-07', 'https://cdn-icons.flaticon.com/png/512/1985/premium/1985783.png?token=exp=1641899777~hmac=467dad371dbd0417fc9f459b8fcfa7d0', 'Regnierdan'),
(4107, 44, 52, 'dominique.leroy@gallet.fr', '[\"ROLE_USER\"]', '$2y$10$BCAYexymXXVZBo98aVp7POX38eVbGyFr5N0JCR2e6wtlYHzl8Mafq', 'foucher.agnes', '1975-08-29', 'https://cdn-icons.flaticon.com/png/512/1090/premium/1090806.png?token=exp=1641899702~hmac=54cf59726506b8ed7f77b4bba23bdda4', 'Ferrand'),
(4108, 44, NULL, 'dupre.henriette@yahoo.fr', '[\"ROLE_USER\"]', '$2y$10$JQ7HjXG9XKy3HvHut6v83OvlkqBy.Dka.2gnaROZTeJkS.irwNZXm', 'hdelaunay', '1992-07-12', 'https://cdn-icons-png.flaticon.com/512/924/924874.png', 'BourgeoisBourg'),
(4109, 42, 55, 'henri80@dbmail.com', '[\"ROLE_USER\"]', '$2y$10$6fdVigXdc0N9UCC7dUMaO.94L2JkOUo/gDtXQJUgzRnauYZpy2BtS', 'tristan30', '1966-03-29', 'https://cdn-icons-png.flaticon.com/512/871/871366.png', 'Riviereboeuf'),
(4110, NULL, 55, 'marie14@henry.com', '[\"ROLE_USER\"]', '$2y$10$78urmJBChkb9WmNiPtqxF.O/Lf8zFjr.U3fBuZ8Z6eS1ZqP7Yl0we', 'thibault.legall', '1990-07-03', 'https://cdn-icons-png.flaticon.com/512/924/924874.png', 'Begue-la-Forêt'),
(4111, 43, NULL, 'richard.gay@wanadoo.fr', '[\"ROLE_USER\"]', '$2y$10$PCZGsE8JPnOZnSkQl9eBr.f6/Z0fKWCoE0eO/8rZnaMP/xnHZP8YS', 'renee.denis', '1973-04-18', 'https://cdn-icons-png.flaticon.com/512/189/189000.png', 'Antoine'),
(4112, 44, 55, 'claude.allard@free.fr', '[\"ROLE_USER\"]', '$2y$10$PwXULMcTahg8IfWlJ1shPulME2V1XkORkmGw/wEHh/yY.pNRT9jUK', 'gerard06', '1998-02-28', 'https://cdn-icons-png.flaticon.com/512/1752/1752772.png', 'Garnier'),
(4113, 44, 52, 'unicolas@roger.com', '[\"ROLE_USER\"]', '$2y$10$jMym/F3/7RJ/GpZV/W8xaO2kyfyj5HxwGhc5LsLkcJrl.nqOEgwyO', 'faivre.louise', '2003-09-18', 'https://cdn-icons-png.flaticon.com/512/435/435048.png', 'AllardVille'),
(4114, 43, NULL, 'christelle.bouvier@perret.com', '[\"ROLE_USER\"]', '$2y$10$Yqpj7HRQEis8RY.i8NjMH.nrg89/QKM/AxDRYRzylUKLcnj/TbuP2', 'theodore30', '2002-11-28', 'https://cdn-icons-png.flaticon.com/512/1674/1674292.png', 'Roy-sur-Hubert'),
(4115, NULL, 53, 'jerome80@dbmail.com', '[\"ROLE_USER\"]', '$2y$10$DjfzR64d4AB738CA/.oJM.89H8dLQHftK74F5aEbnYkZn94LCfLLK', 'delmas.edouard', '1999-04-15', 'https://cdn-icons-png.flaticon.com/512/3393/3393852.png', 'Cohen-les-Bains'),
(4116, 42, 53, 'jpasquier@martel.fr', '[\"ROLE_USER\"]', '$2y$10$PFPt9BH9nULqCQplR9edFe9jKmxb0ujbmpVH/106o/nL.VWE7E.VC', 'wagner.julien', '1991-02-05', 'https://cdn-icons-png.flaticon.com/512/1674/1674292.png', 'Camus-sur-Poulain'),
(4117, 43, NULL, 'nathalie.maillet@orange.fr', '[\"ROLE_USER\"]', '$2y$10$4rQjyzL0LvDwIEl.Ok6ASeI9nm/2KvBWBGjg8nhSiVGeThztMZ9q.', 'hgerard', '1978-08-19', 'https://cdn-icons-png.flaticon.com/512/528/528107.png', 'Lopes'),
(4118, 44, 52, 'sdupuis@fabre.net', '[\"ROLE_USER\"]', '$2y$10$9DO61TzecvUUPQ3/stUhsOPHJB0XrI9iYYEhHh5K0D64uVgxjDBZq', 'xmartel', '1973-04-20', 'https://cdn-icons-png.flaticon.com/512/528/528107.png', 'MorvanVille'),
(4119, 42, 52, 'aimee.georges@wanadoo.fr', '[\"ROLE_USER\"]', '$2y$10$goAkr2IbRMEHHre11DQtg.XPGlTiFDvy73TIxFUkasz49iyze6mYm', 'victoire22', '1966-10-27', 'https://cdn-icons-png.flaticon.com/512/306/306772.png', 'Mercier-sur-Mer'),
(4120, NULL, NULL, 'hernandez.raymond@boyer.com', '[\"ROLE_USER\"]', '$2y$10$b0ij784SZvKkrOwlJSomieYwpmjEIavI1MC4Q9yAXHrRgehuvcLde', 'camille.huet', '1993-01-27', 'https://cdn-icons-png.flaticon.com/512/528/528111.png', 'MorenoBourg'),
(4121, 42, 53, 'susanne.leger@dbmail.com', '[\"ROLE_USER\"]', '$2y$10$N7pLBeyXy7Qryxe0hEQo/..mfGTlSSp3b886f8/ozHVmFG2jhcEoq', 'gabrielle26', '1982-09-17', 'https://cdn-icons-png.flaticon.com/512/3393/3393852.png', 'Raynaud'),
(4122, 44, 53, 'masson.eleonore@yahoo.fr', '[\"ROLE_USER\"]', '$2y$10$lqZYteUJvpoTR687uL3Pk.WKFIj96dLZskj0T9//HvL8mhw3aR5zq', 'guichard.charlotte', '2007-03-08', 'https://cdn-icons.flaticon.com/png/512/1211/premium/1211015.png?token=exp=1641899224~hmac=3a28f8e149a633bcf6812e2b4d7d6b08', 'Petit'),
(4123, 42, NULL, 'pinto.dominique@live.com', '[\"ROLE_USER\"]', '$2y$10$F0UsIm7vrMNshFvhHOmH8.Tu9dKGxYpKAJdnsO.fKO/Ed0fk/f2eG', 'yves.briand', '1983-03-10', 'https://cdn-icons-png.flaticon.com/512/435/435048.png', 'Martineau-sur-De Oliveira'),
(4124, 44, 53, 'oriviere@noos.fr', '[\"ROLE_USER\"]', '$2y$10$boJUw9z2dtnFDI6.c3UxR.TPqsrdRBsIm1lbbGdzIg04Tej1ZI7IS', 'adele.regnier', '1977-12-17', 'https://cdn-icons-png.flaticon.com/512/1674/1674292.png', 'Gillet'),
(4125, NULL, 54, 'aurore75@lebreton.net', '[\"ROLE_USER\"]', '$2y$10$7mxN9uKRcGuposzeLvLnuuT7kARHh3ekfXFP6LlQE5BpzzkeCX1qO', 'eric17', '1968-12-19', 'https://cdn-icons-png.flaticon.com/512/1752/1752772.png', 'Leconte'),
(4126, 42, NULL, 'adrienne61@orange.fr', '[\"ROLE_USER\"]', '$2y$10$Ms9waZq47VVQvrUQFzgzYOtfIQTTm9cuG0yg7WUQ4ItvjnNScIDsG', 'caroline.rocher', '1967-12-17', 'https://cdn-icons-png.flaticon.com/512/1674/1674292.png', 'Morinboeuf'),
(4127, 42, 55, 'faivre.arnaude@hotmail.fr', '[\"ROLE_USER\"]', '$2y$10$lQctvTGIUAmfhi0.TIFvtO0AA.leBvrxcXrWA4M9tvY3SBQlLPVHu', 'bernadette.baudry', '2008-03-08', 'https://cdn-icons-png.flaticon.com/512/306/306772.png', 'Lacroix'),
(4128, 43, 54, 'cousin.louise@gosselin.org', '[\"ROLE_USER\"]', '$2y$10$/hA1/U47r3.xI.Xikak8cutYwo2uvJ3vNgHzg47AzIqm1pvmYg6X2', 'louise.maillot', '1971-05-30', 'https://cdn-icons-png.flaticon.com/512/1120/1120972.png', 'Richard'),
(4129, 42, NULL, 'diane42@mary.com', '[\"ROLE_USER\"]', '$2y$10$pctaIVeYXAHCo9Mwlb9tBeHJ/0QXhsKDsR6A0x.GIXhKZzQI/daWy', 'alphonse37', '1993-08-30', 'https://cdn-icons-png.flaticon.com/512/1120/1120972.png', 'Valettedan'),
(4130, NULL, 54, 'alain27@imbert.com', '[\"ROLE_USER\"]', '$2y$10$GNONMfP84s0bQScGvQt4AO68.9SNyEtxfR10o.QTo02rYkqikrEaK', 'npetitjean', '1976-03-05', 'https://cdn-icons-png.flaticon.com/512/871/871366.png', 'Masse-la-Forêt'),
(4131, 44, 52, 'renaud.joseph@yahoo.fr', '[\"ROLE_USER\"]', '$2y$10$RW3IpwIHfWlrgeRxRZeMVOsJMyJMETDWWubBTFRKsyTcR26FWxOly', 'jean.clerc', '2008-08-21', 'https://cdn-icons-png.flaticon.com/512/435/435048.png', 'Devaux'),
(4132, 43, NULL, 'techer.paulette@club-internet.fr', '[\"ROLE_USER\"]', '$2y$10$YMX/UH2gugvq6FQ2d1c6FeyhxkvlR3T6iYIVTwJSa3rQxgg5LWAue', 'sanchez.auguste', '1977-05-15', 'https://cdn-icons-png.flaticon.com/512/1120/1120972.png', 'Charles'),
(4133, 43, 55, 'alexandre62@live.com', '[\"ROLE_USER\"]', '$2y$10$5kJbn4vXrO/dD.Djrk7.9OOcYjnBM76/6MMSn2H0WR4iwGyKbe1/y', 'munoz.noel', '1987-06-07', 'https://cdn-icons-png.flaticon.com/512/306/306772.png', 'LeleuVille'),
(4134, 42, 53, 'cguillaume@gaillard.fr', '[\"ROLE_USER\"]', '$2y$10$18ujhwT.2q4TBmFiFQICx.Q1KaT6czYAbeLyoFI5iZ1vDhTdHIKmO', 'rmoreau', '1975-12-02', 'https://cdn-icons.flaticon.com/png/512/2671/premium/2671422.png?token=exp=1641899777~hmac=5ab4dd5190ff90327964da4573142588', 'Pelletierdan'),
(4135, NULL, NULL, 'mathilde.alexandre@dbmail.com', '[\"ROLE_USER\"]', '$2y$10$aUUP7CTxVpjJceBiFnGR9eA0Cs0QePE5k8MVxdkHFgFJqBcrfDsFC', 'khardy', '1989-01-05', 'https://cdn-icons.flaticon.com/png/512/2671/premium/2671422.png?token=exp=1641899777~hmac=5ab4dd5190ff90327964da4573142588', 'Renard-sur-Mer'),
(4136, 42, 54, 'marc87@yahoo.fr', '[\"ROLE_USER\"]', '$2y$10$O6IX9y1DLGN3HcLyw43vgunpGRp9lTZ5k1ZxFWC4mqmlO/RhnEMG6', 'therese.masson', '1989-07-25', 'https://cdn-icons-png.flaticon.com/512/452/452539.png', 'Marques'),
(4137, 43, 52, 'alex36@pages.fr', '[\"ROLE_USER\"]', '$2y$10$LyWaviTvJUV5DEnuvx8XSO0UP/tX16serwYMPBUiF5y1yH9P6fO8y', 'rrocher', '2004-04-03', 'https://cdn-icons.flaticon.com/png/512/1211/premium/1211015.png?token=exp=1641899224~hmac=3a28f8e149a633bcf6812e2b4d7d6b08', 'Lemonnier'),
(4138, 44, NULL, 'chevalier.luc@club-internet.fr', '[\"ROLE_USER\"]', '$2y$10$vWKPhzMzREmdE5rwPLzyjeHbyOdliUywkR2clz02sZJzNJ9lAn0qG', 'laure.grondin', '1974-01-26', 'https://cdn-icons-png.flaticon.com/512/871/871366.png', 'Marin-sur-Meunier'),
(4139, 44, 54, 'edouard.charrier@free.fr', '[\"ROLE_USER\"]', '$2y$10$m7HK15Wa0WIAUv9FNBlYQOHl1uUDvEhYkKclq8Wv9NqNeqkx3jsmG', 'courtois.adele', '2002-07-31', 'https://cdn-icons.flaticon.com/png/512/2671/premium/2671422.png?token=exp=1641899777~hmac=5ab4dd5190ff90327964da4573142588', 'Merleboeuf'),
(4140, NULL, 52, 'nboucher@perrot.com', '[\"ROLE_USER\"]', '$2y$10$wDnEylXLNGiBL3.1YNvFdeNgqBgmPDob5hp6uXRPHFMLns6mn99Xy', 'cecile.hebert', '1977-12-02', 'https://cdn-icons-png.flaticon.com/512/871/871366.png', 'Laine'),
(4141, 43, NULL, 'mvalentin@herve.com', '[\"ROLE_USER\"]', '$2y$10$Q2YNKmxpin0fyCLoord25.AGkobDPRt6mQK36kp2Fv6bDvurA2lb2', 'claire.bailly', '2007-05-06', 'https://cdn-icons.flaticon.com/png/512/1985/premium/1985783.png?token=exp=1641899777~hmac=467dad371dbd0417fc9f459b8fcfa7d0', 'Perrin-sur-Blanc'),
(4142, 42, 55, 'susan.rousseau@picard.org', '[\"ROLE_USER\"]', '$2y$10$Lv9usVydz.farDrN5LBoC.yihYfctfwuNgeApdYkcQiRAN0OoQqv.', 'baubert', '1978-01-09', 'https://cdn-icons-png.flaticon.com/512/3393/3393852.png', 'FernandezBourg'),
(4143, 42, 54, 'lucy03@sfr.fr', '[\"ROLE_USER\"]', '$2y$10$JyjtX.QoHlGsbKPXuFDvleBCvP/8RmKdkVEPOZ9o8/MZM.GQ3f1/e', 'philippe.gonzalez', '1988-08-23', 'https://cdn-icons.flaticon.com/png/512/1985/premium/1985783.png?token=exp=1641899777~hmac=467dad371dbd0417fc9f459b8fcfa7d0', 'Guyon-les-Bains'),
(4144, 42, NULL, 'emile54@foucher.com', '[\"ROLE_USER\"]', '$2y$10$pSTrBDIqPCCqqjaLwNLk9uIXv4TE4LLiNn/SBygDy99V/XSxOJOKq', 'anais34', '2007-07-08', 'https://cdn-icons-png.flaticon.com/512/1752/1752772.png', 'Valleeboeuf'),
(4145, NULL, 52, 'thibaut81@humbert.net', '[\"ROLE_USER\"]', '$2y$10$iAwnb4Au6LKd56L/UIP5uO.h/G6BOi9wKkAguNGDgXyAq8a0Y2ily', 'zblanc', '1974-03-07', 'https://cdn-icons-png.flaticon.com/512/871/871366.png', 'Clement-la-Forêt'),
(4146, 42, 52, 'pvasseur@gmail.com', '[\"ROLE_USER\"]', '$2y$10$g9vDP9l.a6M8T0xDnHsoiuwNmak0hJU/AJZ1N5qp5ofM4afyj47nO', 'ndeoliveira', '1978-10-01', 'https://cdn-icons.flaticon.com/png/512/1211/premium/1211015.png?token=exp=1641899224~hmac=3a28f8e149a633bcf6812e2b4d7d6b08', 'Royer-sur-Mer'),
(4147, 43, NULL, 'corinne93@renault.org', '[\"ROLE_USER\"]', '$2y$10$GNBNoY/vHDS6umSmpQb19.piKIQrpz4Z9EH69F8m/Y2yxmp0/jtES', 'cmaillot', '2005-09-25', 'https://cdn-icons-png.flaticon.com/512/528/528111.png', 'Bourdon-la-Forêt'),
(4148, 44, 53, 'vcohen@allain.com', '[\"ROLE_USER\"]', '$2y$10$BKJpKE0eBBRLgwods4lBu.0ufDLHWbngGrZ6OMrIOw9km1RHi4rYe', 'leblanc.josette', '1964-03-19', 'https://cdn-icons.flaticon.com/png/512/1090/premium/1090806.png?token=exp=1641899702~hmac=54cf59726506b8ed7f77b4bba23bdda4', 'DijouxVille'),
(4149, 44, 52, 'ogoncalves@chauvet.org', '[\"ROLE_USER\"]', '$2y$10$6W5oHQA8uiw.MvubFkazAOTwsuoENXrABhuqZaDCu7NVIZpw79.wq', 'patricia.blanc', '1962-08-26', 'https://cdn-icons-png.flaticon.com/512/1674/1674291.png', 'Lopes'),
(4150, NULL, NULL, 'luc20@wanadoo.fr', '[\"ROLE_USER\"]', '$2y$10$8WJLVz8UAm0kArnRJT6yJ.Rvzi9Zg9SdsttiCYH.zNZru/kQoZhJe', 'prodrigues', '1966-03-15', 'https://cdn-icons-png.flaticon.com/512/452/452539.png', 'Lecoqboeuf'),
(4151, 44, 55, 'lmaillot@andre.com', '[\"ROLE_USER\"]', '$2y$10$1UWZnOqKcT9vyR6e0wF/lOwqdG9rF65WUo0qzO3qCUHoMfdWTkmWS', 'sabine.humbert', '2007-08-24', 'https://cdn-icons.flaticon.com/png/512/2671/premium/2671422.png?token=exp=1641899777~hmac=5ab4dd5190ff90327964da4573142588', 'Da Silva'),
(4152, 42, 55, 'vallee.michele@club-internet.fr', '[\"ROLE_USER\"]', '$2y$10$XUiMHp1/oLVJXaPgW10r8eUgXbp55uYNsGa015nsKTi/y3Y7K95/e', 'lorraine.hardy', '1984-08-08', 'https://cdn-icons.flaticon.com/png/512/1985/premium/1985783.png?token=exp=1641899777~hmac=467dad371dbd0417fc9f459b8fcfa7d0', 'Dubois'),
(4153, 42, NULL, 'marthe90@laposte.net', '[\"ROLE_USER\"]', '$2y$10$QrWdfe2cUbotzqXqmL6UT.TQg2GsE19DX8Zcr/eYjYZ5xlRxTbxg2', 'arnaude62', '1992-08-21', 'https://cdn-icons-png.flaticon.com/512/1674/1674292.png', 'Caron-la-Forêt'),
(4154, 42, 55, 'margaud.sanchez@fontaine.com', '[\"ROLE_USER\"]', '$2y$10$XQU5GfV9D.pksYZFPKcIb.etXm6WDlnWECZhNo7fMwz6ZeTgrZx9y', 'olivier.marin', '1967-12-30', 'https://cdn-icons-png.flaticon.com/512/924/924874.png', 'Richard-sur-Delahaye'),
(4155, NULL, 52, 'marguerite68@hotmail.fr', '[\"ROLE_USER\"]', '$2y$10$apeqbYjxtZ3zSMLjF3WJJ.jJfFFOvWTqoW3cDrz4cmTD338pOcso.', 'david02', '1992-05-07', 'https://cdn-icons.flaticon.com/png/512/2423/premium/2423830.png?token=exp=1641899421~hmac=08269d202be75908dc10a7f02ca0d797', 'Henry'),
(4156, 44, NULL, 'bigot.diane@dossantos.fr', '[\"ROLE_USER\"]', '$2y$10$ZcXi3zcZd7pHCsFYMQcE5O25NDWH1XJ198kbUBzy/0eMa6GVNolYC', 'margaud.delorme', '1975-03-26', 'https://cdn-icons-png.flaticon.com/512/452/452539.png', 'Lebretonboeuf'),
(4157, 42, 53, 'bonnet.remy@noos.fr', '[\"ROLE_USER\"]', '$2y$10$QDWQjbCa2g0NvZ2h4BoilOHgxMWMqxxti7LvC9m8o803twNlwkOu2', 'claude.bonnet', '1999-01-28', 'https://cdn-icons.flaticon.com/png/512/2423/premium/2423830.png?token=exp=1641899421~hmac=08269d202be75908dc10a7f02ca0d797', 'Andre-la-Forêt'),
(4158, 43, 52, 'renault.alexandria@live.com', '[\"ROLE_USER\"]', '$2y$10$e9a4GPjEUTFXtN1t4eaOQ.9cO14Jnq97nRdEq49awJFXa/uB5fcZu', 'suzanne42', '1993-05-15', 'https://cdn-icons-png.flaticon.com/512/1674/1674292.png', 'Collet-les-Bains'),
(4159, 44, NULL, 'dasilva.suzanne@samson.com', '[\"ROLE_USER\"]', '$2y$10$cNt7RWzYSR5xXfbVdWYtBODmsMNWhdwxil0Aw/832fxwrx.6SALgC', 'lfabre', '1990-02-24', 'https://cdn-icons.flaticon.com/png/512/2423/premium/2423830.png?token=exp=1641899421~hmac=08269d202be75908dc10a7f02ca0d797', 'Monnier'),
(4160, NULL, 53, 'guerin.alix@gmail.com', '[\"ROLE_USER\"]', '$2y$10$uhfJDG3TJlJx5XeuE2XV6.5ZN/QC7OY0hK5C9uOiHvbqzVdPcnkBC', 'denise72', '1978-12-30', 'https://cdn-icons.flaticon.com/png/512/4218/premium/4218368.png?token=exp=1641899519~hmac=0bcfc455c9c4c1133d983b08a50346c4', 'Maillardboeuf'),
(4161, 42, 54, 'guillot.roland@poirier.com', '[\"ROLE_USER\"]', '$2y$10$gR2vREJ2hy9CoI7Vj5IOpOxMxrbi4EuB0Eg87Ntn2hVgR3rDaFvBC', 'etienne.gilles', '1967-07-27', 'https://cdn-icons-png.flaticon.com/512/1752/1752772.png', 'Monnierboeuf'),
(4162, 44, NULL, 'guy36@noos.fr', '[\"ROLE_USER\"]', '$2y$10$UHTbuYj5NelL8FeMIW/42OQEkYiU.uM9LC.woAJsfbEtimCKF5SlS', 'jmeunier', '1966-03-09', 'https://cdn-icons-png.flaticon.com/512/189/189000.png', 'Guillaume'),
(4163, 44, 55, 'agathe.jacques@seguin.com', '[\"ROLE_USER\"]', '$2y$10$wqiFn4OwCJPalTjMfZogvuBxozWYgNjz0rIqJ89WrTiGk7I3/lyre', 'simone.marion', '2001-04-10', 'https://cdn-icons-png.flaticon.com/512/871/871366.png', 'VaillantBourg'),
(4164, 42, 55, 'pons.benjamin@orange.fr', '[\"ROLE_USER\"]', '$2y$10$2.oLAln86W3ZEHqc8IjZJeY6B8FDKAoBRuw.H.4AU6HXUYt0U3w.q', 'gimenez.maryse', '1992-01-23', 'https://cdn-icons.flaticon.com/png/512/2423/premium/2423830.png?token=exp=1641899421~hmac=08269d202be75908dc10a7f02ca0d797', 'Carre'),
(4165, NULL, NULL, 'epascal@tele2.fr', '[\"ROLE_USER\"]', '$2y$10$UYWxpfCam0ysk0Pf3EQFK.gouyg3jV4For/uH55HsIGB413K.hQm2', 'barbe.louise', '1990-10-06', 'https://cdn-icons.flaticon.com/png/512/2423/premium/2423830.png?token=exp=1641899421~hmac=08269d202be75908dc10a7f02ca0d797', 'Ferrandboeuf'),
(4166, 44, 55, 'clemonnier@huet.com', '[\"ROLE_USER\"]', '$2y$10$aCdNVJmoMj29Rk5HZvdWDe2Dj.zRplInQjv0YwdaRNEvUqgcgZpIy', 'bpons', '1962-11-27', 'https://cdn-icons.flaticon.com/png/512/4218/premium/4218368.png?token=exp=1641899519~hmac=0bcfc455c9c4c1133d983b08a50346c4', 'Hubertboeuf'),
(4167, 43, 52, 'lollivier@live.com', '[\"ROLE_USER\"]', '$2y$10$SAacX0TFlL9NFzf.IunHb.SCCVjp68gcGRRN7tuy0fz20gNnQfTE2', 'ymartel', '1966-06-01', 'https://cdn-icons.flaticon.com/png/512/4218/premium/4218368.png?token=exp=1641899519~hmac=0bcfc455c9c4c1133d983b08a50346c4', 'Guilbert-sur-Reynaud'),
(4168, 44, NULL, 'philippe.desousa@jacquet.com', '[\"ROLE_USER\"]', '$2y$10$KMM8dMTkV0TWDAt8.4F69uAe0YU/uP.7FlSanNCZPeqFy7Ikn0Bnq', 'corinne87', '1984-09-17', 'https://cdn-icons-png.flaticon.com/512/189/189000.png', 'Garcia'),
(4169, 43, 52, 'millet.roland@sauvage.fr', '[\"ROLE_USER\"]', '$2y$10$yawUPMgwt4U749tlanAT2ulR/roKQW87/u2UMPOk2BPd7MmBCif.e', 'henri86', '1990-07-02', 'https://cdn-icons-png.flaticon.com/512/1120/1120972.png', 'Carpentier'),
(4170, NULL, 52, 'etienne.marcel@dbmail.com', '[\"ROLE_USER\"]', '$2y$10$pdv3FzViGBbUdYVzk8lvXe00rafdCcOXn.AlXy9.d/hQOwUUT4Vs6', 'paul.mathilde', '1981-07-24', 'https://cdn-icons-png.flaticon.com/512/1674/1674292.png', 'De Sousa'),
(4171, 44, NULL, 'pdurand@gimenez.com', '[\"ROLE_USER\"]', '$2y$10$5A.lYPycgTnzuaaHf5ayOOGS0.V..TWPqDyASUmVKZEs6hYcmk3hq', 'noel.rossi', '2001-11-20', 'https://cdn-icons-png.flaticon.com/512/189/189000.png', 'Allain'),
(4172, 42, 54, 'thibaut.rousseau@wanadoo.fr', '[\"ROLE_USER\"]', '$2y$10$e1ij8b6x.nKHU0mS/nizIO7sXKMMsc7EH1IL9MEsV8QOgnJjs0dLq', 'danielle18', '1998-09-21', 'https://cdn-icons.flaticon.com/png/512/1985/premium/1985783.png?token=exp=1641899777~hmac=467dad371dbd0417fc9f459b8fcfa7d0', 'Masson'),
(4173, 44, 55, 'nathalie11@etienne.com', '[\"ROLE_USER\"]', '$2y$10$ZvGiov/ThfeMqZqoJBHY7.wzywgr40MOnMdn5pSARh0PSjU5mi7.i', 'gosselin.gregoire', '1988-04-26', 'https://cdn-icons-png.flaticon.com/512/306/306772.png', 'Bodin'),
(4174, 42, NULL, 'joubert.suzanne@wanadoo.fr', '[\"ROLE_USER\"]', '$2y$10$yZgSuObcoGdzJkI5GbnrIOBF2Sgol0c17FBYgxe7dFXimhro4Pgs.', 'zacharie69', '1979-04-05', 'https://cdn-icons.flaticon.com/png/512/1090/premium/1090806.png?token=exp=1641899702~hmac=54cf59726506b8ed7f77b4bba23bdda4', 'Grenierdan'),
(4175, NULL, 52, 'alice92@club-internet.fr', '[\"ROLE_USER\"]', '$2y$10$m2ayN4uRmSfCxhzN2KilNOVrtsioajzf.U4GBTc3GrS1IRujU6q0S', 'duval.bertrand', '2002-09-22', 'https://cdn-icons-png.flaticon.com/512/1752/1752772.png', 'Jourdan'),
(4176, 42, 53, 'weiss.honore@wanadoo.fr', '[\"ROLE_USER\"]', '$2y$10$qy2mxP5V2m10oAYGGd8bVubxgLAOfzbccw.J8eRurUr6rgjEO1Jb2', 'guy.chauveau', '1965-12-31', 'https://cdn-icons-png.flaticon.com/512/871/871366.png', 'CosteVille'),
(4177, 43, NULL, 'eric04@dbmail.com', '[\"ROLE_USER\"]', '$2y$10$7CSfStXXUnwCDrNLZt.IOOJ4AQOmGkYjcdlhBJId4OKzFv2KY8Wwy', 'philippe.payet', '1995-09-02', 'https://cdn-icons.flaticon.com/png/512/663/premium/663097.png?token=exp=1641899224~hmac=446cfd4b7676c1308cbd1a3ecbdc873a', 'Lebrunnec'),
(4178, 42, 55, 'oriviere@gmail.com', '[\"ROLE_USER\"]', '$2y$10$KSsiQZ0pnDq9FpMuZjcUc.NYhAvb98uvJ3MhdOkTOzw.1m5eOWilW', 'oferreira', '2005-01-28', 'https://cdn-icons.flaticon.com/png/512/4218/premium/4218368.png?token=exp=1641899519~hmac=0bcfc455c9c4c1133d983b08a50346c4', 'Hernandez'),
(4179, 43, 54, 'andre14@levy.com', '[\"ROLE_USER\"]', '$2y$10$ERszquggAFTz2THh0R3/b.U6EiDucQXmfu9Q4F3d/HeLKCuyAAyFW', 'julien.gilbert', '1989-04-25', 'https://cdn-icons-png.flaticon.com/512/528/528111.png', 'Mace'),
(4180, NULL, NULL, 'patrick92@free.fr', '[\"ROLE_USER\"]', '$2y$10$XoU23mHUrtfgqCEkkKW6AOc4QKncam0DNOKjl2sxzKG.kxYsJWb6i', 'antoinette81', '1988-04-30', 'https://cdn-icons.flaticon.com/png/512/2423/premium/2423830.png?token=exp=1641899421~hmac=08269d202be75908dc10a7f02ca0d797', 'Garnier'),
(4181, 44, 53, 'patricia.lombard@free.fr', '[\"ROLE_USER\"]', '$2y$10$2ixXKsur1WU/Snp6dVwzMOvn86iSJpqedVV9rfCMTmpH2M3gtKqOm', 'imarty', '1962-06-07', 'https://cdn-icons-png.flaticon.com/512/924/924874.png', 'Picard-sur-Guibert'),
(4182, 43, 55, 'marcelle54@gmail.com', '[\"ROLE_USER\"]', '$2y$10$G2ob.paTk6gt/VVYSCe9E.27a0QHx6zRILARxjoGj36tovd9Of9iS', 'dasilva.alexandria', '1976-06-22', 'https://cdn-icons-png.flaticon.com/512/1674/1674292.png', 'Gilles'),
(4183, 42, NULL, 'michel.lemonnier@besnard.org', '[\"ROLE_USER\"]', '$2y$10$ZlB/mfmx/1ul6m1DlNHj4eRykJc2ekup/YONNdTfGTPZOucr41EYi', 'pierre05', '2002-08-13', 'https://cdn-icons-png.flaticon.com/512/871/871366.png', 'Lucas-sur-Chauveau'),
(4184, 44, 53, 'xavier53@orange.fr', '[\"ROLE_USER\"]', '$2y$10$Pv5UauiYFOQj/lSv26SiY.Ms5KVYAHATBrB9itsaUmnRA4zrnqUca', 'laurence64', '2005-02-22', 'https://cdn-icons-png.flaticon.com/512/1120/1120972.png', 'Legerboeuf'),
(4185, NULL, 55, 'michele84@orange.fr', '[\"ROLE_USER\"]', '$2y$10$XZSz6i.hfYXKZfsNKtv1dO7z7gWUk6jbFnbfxRbS3G5KsiMCDWDaO', 'tessier.francoise', '1987-05-04', 'https://cdn-icons-png.flaticon.com/512/1674/1674291.png', 'Berniernec'),
(4186, 44, NULL, 'payet.lucas@charpentier.fr', '[\"ROLE_USER\"]', '$2y$10$7lq5o2kJXy2zpoFLgo6f3eFfmi7RNx08AQTiZwswzTJrWMvVBZjwK', 'margaux.boulanger', '1986-07-30', 'https://cdn-icons.flaticon.com/png/512/1090/premium/1090806.png?token=exp=1641899702~hmac=54cf59726506b8ed7f77b4bba23bdda4', 'Godard-sur-Chartier'),
(4187, 44, 55, 'laurence34@free.fr', '[\"ROLE_USER\"]', '$2y$10$duKEbqFshclHzkGgREq49.mwKaoYEU0tS0FjWaUC.cZrJ6NyI5PU6', 'gomes.charles', '1971-10-12', 'https://cdn-icons.flaticon.com/png/512/2671/premium/2671422.png?token=exp=1641899777~hmac=5ab4dd5190ff90327964da4573142588', 'Bazin'),
(4188, 42, 52, 'gonzalez.georges@bourdon.fr', '[\"ROLE_USER\"]', '$2y$10$5DTEPipizPaCGefqHUosg.InoIlQHeBWAubR/6Iab76NVtIP6t7b.', 'boutin.sophie', '1969-02-16', 'https://cdn-icons-png.flaticon.com/512/871/871366.png', 'Massonboeuf'),
(4189, 44, NULL, 'rgillet@clement.org', '[\"ROLE_USER\"]', '$2y$10$YIeDBrKWJwr4l5.8lJksYOkYHmbmdqTNbsi9AETX/CUd9F9C8Psm2', 'plefebvre', '1987-12-17', 'https://cdn-icons-png.flaticon.com/512/189/189000.png', 'Legendre-sur-Boutin'),
(4190, NULL, 55, 'ghubert@munoz.fr', '[\"ROLE_USER\"]', '$2y$10$DBkbsi0Htsdp7f0h4rGpseAC.EhqPzcgzdrItzBed0Ho.8ECUxTJK', 'elise.mallet', '1996-01-14', 'https://cdn-icons.flaticon.com/png/512/4218/premium/4218368.png?token=exp=1641899519~hmac=0bcfc455c9c4c1133d983b08a50346c4', 'LeclercVille'),
(4191, 44, 53, 'nicolas48@blot.fr', '[\"ROLE_USER\"]', '$2y$10$SoqTjXqQGMyFCPklupuuWOEGEdDT82MR1NmaqK9ePj0vWyTC4OYhK', 'dominique.gomes', '1983-07-17', 'https://cdn-icons-png.flaticon.com/512/435/435048.png', 'Renard'),
(4192, 44, NULL, 'bouvier.stephane@noos.fr', '[\"ROLE_USER\"]', '$2y$10$YaV5ZElSUTFGAnQg06ZErO1sWu7.pisWp5QK3q4e4NMJIjXqrl9BS', 'charpentier.theophile', '1972-09-04', 'https://cdn-icons-png.flaticon.com/512/871/871366.png', 'Fischer'),
(4193, 42, 53, 'upons@dbmail.com', '[\"ROLE_USER\"]', '$2y$10$mIjEsVmXdsoUjPtnZ1J1dueuoVxDcZk40.Uf4a.gbWzKwTTKoU3Gu', 'oceane42', '1983-11-09', 'https://cdn-icons-png.flaticon.com/512/871/871366.png', 'Chevalier'),
(4194, 44, 52, 'zoe86@sfr.fr', '[\"ROLE_USER\"]', '$2y$10$U9l431iqiq3VQIlYvkkyeefrtU6ThcJaZ8bkewdgxeo76SUuCwJfm', 'matthieu64', '1984-07-03', 'https://cdn-icons.flaticon.com/png/512/1090/premium/1090806.png?token=exp=1641899702~hmac=54cf59726506b8ed7f77b4bba23bdda4', 'DufourBourg'),
(4195, NULL, NULL, 'danielle.marie@gmail.com', '[\"ROLE_USER\"]', '$2y$10$cPFYou3aegnEk5Kr.XkumeQZIJtvMiCzuYTJ7M7RWJXrib6G9M2em', 'sophie.pineau', '1996-04-30', 'https://cdn-icons-png.flaticon.com/512/189/189000.png', 'Garnier'),
(4196, 42, 52, 'luce05@dbmail.com', '[\"ROLE_USER\"]', '$2y$10$8D0yLKS6gd5QOyyC9K8N3.4nfJE4MQEEMnfr3jCFTEjOnzupRjhvK', 'nmartinez', '1975-02-06', 'https://cdn-icons.flaticon.com/png/512/1211/premium/1211015.png?token=exp=1641899224~hmac=3a28f8e149a633bcf6812e2b4d7d6b08', 'Breton'),
(4197, 44, 55, 'lucy94@cohen.net', '[\"ROLE_USER\"]', '$2y$10$QNriFpHVqfS9DySjW2FPne1Ehl.mbzVriJTkM3RjGd6mMWOdgNxOy', 'manon29', '1992-07-01', 'https://cdn-icons.flaticon.com/png/512/4218/premium/4218368.png?token=exp=1641899519~hmac=0bcfc455c9c4c1133d983b08a50346c4', 'Leger'),
(4198, 42, NULL, 'olivier.maryse@leconte.fr', '[\"ROLE_USER\"]', '$2y$10$jaHdWBjtXIdN5faY5NgApOuHATtE0PwwfVgKPp4S00r/VZuiZzABe', 'hamel.genevieve', '2000-04-20', 'https://cdn-icons.flaticon.com/png/512/2423/premium/2423830.png?token=exp=1641899421~hmac=08269d202be75908dc10a7f02ca0d797', 'Bouvetnec'),
(4199, 43, 55, 'agathe.bonnet@barbier.org', '[\"ROLE_USER\"]', '$2y$10$vDqmdTbnfVJJ9PMlaR6UPeebH6ViNpe8QqqNF3ZXF3CrNvkMw872.', 'michelle.weiss', '1964-09-20', 'https://cdn-icons.flaticon.com/png/512/1211/premium/1211015.png?token=exp=1641899224~hmac=3a28f8e149a633bcf6812e2b4d7d6b08', 'Breton');
INSERT INTO `user` (`id`, `profile_id`, `level_id`, `email`, `roles`, `password`, `username`, `birthdate`, `picture`, `city`) VALUES
(4200, NULL, 53, 'zgillet@lejeune.com', '[\"ROLE_USER\"]', '$2y$10$7aXyKMezYn8GFO5gr/abye2Nyr4Fn/dIs.QmEpC0XlRallJYNhFIq', 'jpasquier', '1994-12-02', 'https://cdn-icons-png.flaticon.com/512/1674/1674291.png', 'Nicolas'),
(4201, 44, NULL, 'simone72@andre.com', '[\"ROLE_USER\"]', '$2y$10$Q4HydFZWpLZPIbQDjNNN0On/T2tNqSGzgRm33eNfKWES3WpUBgI0m', 'qlecoq', '1974-11-13', 'https://cdn-icons-png.flaticon.com/512/1120/1120972.png', 'Marechalboeuf'),
(4202, 42, 55, 'paulette.perrier@dbmail.com', '[\"ROLE_USER\"]', '$2y$10$YqF.tBLC1sWEWqhcdXhh/.uGT3.5nQ6dMUNEAq.G3Dk003xsHXq0.', 'michele77', '2008-04-07', 'https://cdn-icons-png.flaticon.com/512/1674/1674292.png', 'GuerinBourg'),
(4203, 42, 55, 'jourdan.diane@tele2.fr', '[\"ROLE_USER\"]', '$2y$10$51GXLX42sVQp6NPvswQ.rOyhxGVJCSwxzshh5FDoqgDQIW6Cxw8XS', 'nathalie50', '2006-08-03', 'https://cdn-icons-png.flaticon.com/512/435/435048.png', 'Rossi-sur-Dumont'),
(4204, 44, NULL, 'muller.helene@free.fr', '[\"ROLE_USER\"]', '$2y$10$I1SMQnsbUrarvM.1S4GXM.FNBH3pImuTUzMFraYb04/TjMqMbdDHm', 'zacharie.fischer', '1963-01-17', 'https://cdn-icons.flaticon.com/png/512/2520/premium/2520865.png?token=exp=1641899519~hmac=dd214a475e4fdbc17f353ae828106d7e', 'Guillot-les-Bains'),
(4205, NULL, 52, 'richard.edith@wanadoo.fr', '[\"ROLE_USER\"]', '$2y$10$TAlpfOGkwlgVZOkdk9tIeuCHuePpFhCT5onIDm.KHzQ1MLtB34sWu', 'astrid.guillou', '1994-07-12', 'https://cdn-icons.flaticon.com/png/512/1211/premium/1211015.png?token=exp=1641899224~hmac=3a28f8e149a633bcf6812e2b4d7d6b08', 'Wagner'),
(4206, 42, 54, 'maurice.alphonse@sfr.fr', '[\"ROLE_USER\"]', '$2y$10$4yq2Il1ShSS5PROD/sLtBu5Reev7IZ/S1fCGGEzKRxMqtzKY7mWrK', 'julien.dupuy', '1992-10-15', 'https://cdn-icons-png.flaticon.com/512/3393/3393852.png', 'Mercier-sur-Carre'),
(4207, 42, NULL, 'margaret41@duhamel.fr', '[\"ROLE_USER\"]', '$2y$10$NTcugi4Jjz7N9pU0eN1Gv.F.XynfxUq29TAEFKD9LGl0NfIaNrnoO', 'gillet.catherine', '1995-12-22', 'https://cdn-icons.flaticon.com/png/512/1985/premium/1985783.png?token=exp=1641899777~hmac=467dad371dbd0417fc9f459b8fcfa7d0', 'Boyer'),
(4208, 44, 54, 'gallet.juliette@dbmail.com', '[\"ROLE_USER\"]', '$2y$10$o9jMJqjzWlwn9zHFdxE8K.lneVGrKfj77VHNN5Zl9T/HxZQzf2AuG', 'dominique51', '1974-05-13', 'https://cdn-icons-png.flaticon.com/512/1752/1752772.png', 'Marchand-sur-Mer'),
(4209, 43, 53, 'amercier@live.com', '[\"ROLE_USER\"]', '$2y$10$s0KtJh6y7FswJK/eh8yI6un5vyTKMPvPRcWhqOfcEeAZUwhGvr/4S', 'maggie.levy', '1997-08-28', 'https://cdn-icons-png.flaticon.com/512/1674/1674291.png', 'Perrotnec'),
(4210, NULL, NULL, 'gomes.jacques@live.com', '[\"ROLE_USER\"]', '$2y$10$PDSmYiF9gogeN1YgjCilO.ALxpncpI8MUmN0EKVGlYn4D6D3OeIk.', 'thibault62', '1975-07-29', 'https://cdn-icons.flaticon.com/png/512/4218/premium/4218368.png?token=exp=1641899519~hmac=0bcfc455c9c4c1133d983b08a50346c4', 'Brunetnec'),
(4211, 44, 52, 'bvoisin@levy.fr', '[\"ROLE_USER\"]', '$2y$10$9Q6.CxxCgxYkHwnXWHgSou1lW7EVahlOic2is/B9ce43o9qR6bJDu', 'peron.timothee', '1966-12-19', 'https://cdn-icons.flaticon.com/png/512/2520/premium/2520865.png?token=exp=1641899519~hmac=dd214a475e4fdbc17f353ae828106d7e', 'Giraud'),
(4212, 43, 53, 'martinez.claire@petitjean.com', '[\"ROLE_USER\"]', '$2y$10$33OkxlgxNOjtjoAtDE01HelIrUB.M38dG2XVnz6gduwjulJ6sr.zK', 'eleonore93', '1964-03-20', 'https://cdn-icons-png.flaticon.com/512/871/871366.png', 'Merle-sur-Mer'),
(4213, 44, NULL, 'maryse.monnier@live.com', '[\"ROLE_USER\"]', '$2y$10$pxUZUPiD.4hTtvC2KiWjquNUlXPtg.YznP9Kbuw7olxjCA91YvNIC', 'arthur.louis', '2006-06-06', 'https://cdn-icons-png.flaticon.com/512/1674/1674292.png', 'Le Goffboeuf'),
(4214, 43, 54, 'qgiraud@hotmail.fr', '[\"ROLE_USER\"]', '$2y$10$qKNwuFkbDRDjpi09MHHtU.SiuQMf6BU/P7BK9zmpU9E.3bBJ.D5Ci', 'merle.virginie', '1982-10-31', 'https://cdn-icons.flaticon.com/png/512/1211/premium/1211015.png?token=exp=1641899224~hmac=3a28f8e149a633bcf6812e2b4d7d6b08', 'BarthelemyBourg'),
(4215, NULL, 53, 'thibault34@herve.org', '[\"ROLE_USER\"]', '$2y$10$bYM2OScOrxVeaaTtmmDw2OdO1RTsFZxjddL/rVj847pVgrplMkcma', 'henri60', '2001-09-19', 'https://cdn-icons.flaticon.com/png/512/2423/premium/2423830.png?token=exp=1641899421~hmac=08269d202be75908dc10a7f02ca0d797', 'Richard'),
(4216, 43, NULL, 'raymond18@gmail.com', '[\"ROLE_USER\"]', '$2y$10$ZbTzzj5I.81YoUhiFjNLFuCQaIze.KXIep4XJUG2lyJfmDJYK963C', 'jerome.ferrand', '1999-08-12', 'https://cdn-icons-png.flaticon.com/512/189/189000.png', 'Toussaint-sur-Lefort'),
(4217, 42, 54, 'xchauvin@hotmail.fr', '[\"ROLE_USER\"]', '$2y$10$u4tnobo2iPREJUGHEzsMVeE1WByzB.namfuV/Ln7qEYPBLQs8se2a', 'jules.royer', '1963-06-21', 'https://cdn-icons-png.flaticon.com/512/528/528107.png', 'Petit'),
(4218, 42, 53, 'wpoulain@mallet.fr', '[\"ROLE_USER\"]', '$2y$10$M61AdDUsjqYwDBDmWwfItuIiUUiWyB4JkEGouKVu.bWi/43dmX8lq', 'toussaint.dominique', '1992-12-09', 'https://cdn-icons.flaticon.com/png/512/2423/premium/2423830.png?token=exp=1641899421~hmac=08269d202be75908dc10a7f02ca0d797', 'Dijoux'),
(4219, 44, NULL, 'clement.olivier@noos.fr', '[\"ROLE_USER\"]', '$2y$10$V3lnnupyL/XpAxoV/Ayes.4PLU3ad/2CO4pmi3cJLwq6ZPGRfmy7u', 'gaillard.marc', '1971-11-04', 'https://cdn-icons-png.flaticon.com/512/3393/3393852.png', 'Legendre-sur-Hernandez'),
(4220, NULL, 53, 'thomas.verdier@chretien.org', '[\"ROLE_USER\"]', '$2y$10$ClBO2AOlK/v6VfJar5G9IegML9feaC82pYUoLCXaApbuw5Tv5rKIq', 'ollivier.zacharie', '1963-03-01', 'https://cdn-icons-png.flaticon.com/512/871/871366.png', 'Camus'),
(4221, 44, 55, 'emmanuelle.deschamps@bouvet.com', '[\"ROLE_USER\"]', '$2y$10$ZzuTkvlye3/Bz8oltcRdC.I9.lw/nTbtKPlK4t3uVCdR0bhom/mHa', 'lenoir.anouk', '1993-01-20', 'https://cdn-icons.flaticon.com/png/512/1090/premium/1090806.png?token=exp=1641899702~hmac=54cf59726506b8ed7f77b4bba23bdda4', 'DupontBourg'),
(4222, 42, NULL, 'henri33@rolland.fr', '[\"ROLE_USER\"]', '$2y$10$YyfOG20G/LGMj.cyatBwh.VI.Cqw5BxAcLSV0pj17HAeZkFtBusE.', 'christine50', '1993-10-20', 'https://cdn-icons-png.flaticon.com/512/871/871366.png', 'Gomez'),
(4223, 44, 55, 'prevost.theophile@begue.net', '[\"ROLE_USER\"]', '$2y$10$kkW8IOX/nfE8mrCilKMKoe6A52olhhgoB/DCiz9dxt5ZwDYX/R9qa', 'bouvet.alphonse', '1992-10-09', 'https://cdn-icons-png.flaticon.com/512/306/306772.png', 'Gillet'),
(4224, 42, 53, 'vincent.fournier@free.fr', '[\"ROLE_USER\"]', '$2y$10$.li6d0u4YIyzo0vlAQVBgOrAQnKTCmwxRazUZCorbttOa0bU1Wbwy', 'susanne.mendes', '1971-09-25', 'https://cdn-icons-png.flaticon.com/512/1752/1752772.png', 'Labbe'),
(4225, NULL, NULL, 'moulin.laurent@perez.fr', '[\"ROLE_USER\"]', '$2y$10$9bucHI7dHJ8KDfzXi0IMHusxawOZpe/ix0/0tTCPmGSyHXOv94SJW', 'zoe10', '1990-11-12', 'https://cdn-icons-png.flaticon.com/512/3393/3393852.png', 'Camus-la-Forêt'),
(4226, 44, 55, 'stephanie87@sfr.fr', '[\"ROLE_USER\"]', '$2y$10$mOPQTfGYJokOUoxo8UuQSO3VCobDDd7rawtJcOqtxN73vIfesv2m6', 'remy00', '1969-04-07', 'https://cdn-icons-png.flaticon.com/512/1674/1674292.png', 'Meyer'),
(4227, 43, 54, 'lamy.guy@noos.fr', '[\"ROLE_USER\"]', '$2y$10$6AIxbA4JlHyZatl0TeXAHO/CVI8xX/DrlM1/yUFckofxdSkUy8J2a', 'efournier', '1986-11-08', 'https://cdn-icons.flaticon.com/png/512/1211/premium/1211015.png?token=exp=1641899224~hmac=3a28f8e149a633bcf6812e2b4d7d6b08', 'Royer'),
(4228, 44, NULL, 'garcia.william@levy.org', '[\"ROLE_USER\"]', '$2y$10$Y6Su5Sa/72.b/vgJpOp9dOmal3M0aS7tvcxcU4zaG7cjRn6aFNhJi', 'techer.celina', '1970-02-27', 'https://cdn-icons.flaticon.com/png/512/1211/premium/1211015.png?token=exp=1641899224~hmac=3a28f8e149a633bcf6812e2b4d7d6b08', 'PierreBourg'),
(4229, 44, 52, 'glegoff@sfr.fr', '[\"ROLE_USER\"]', '$2y$10$QF99e63k1KXN1.1o0WFQoefKGZtF9OFM6WsaCoXi08Lt3RW8x6o0e', 'suzanne86', '1983-07-16', 'https://cdn-icons.flaticon.com/png/512/1211/premium/1211015.png?token=exp=1641899224~hmac=3a28f8e149a633bcf6812e2b4d7d6b08', 'Lacombenec'),
(4230, NULL, 54, 'renaud.zoe@gmail.com', '[\"ROLE_USER\"]', '$2y$10$0yyxODXlw..Ew.RtzEMvUuXP7vP4Kx8NHgMoyhT9GofkYyfBPFNZG', 'claudine43', '1979-06-07', 'https://cdn-icons.flaticon.com/png/512/1090/premium/1090806.png?token=exp=1641899702~hmac=54cf59726506b8ed7f77b4bba23bdda4', 'Raynaud'),
(4231, 43, NULL, 'raymond.bourgeois@free.fr', '[\"ROLE_USER\"]', '$2y$10$s1YYqq6yq/VJGRhqGFCgluOok2A59sJQqwFeKtUds11tLYANoD6bC', 'lucy34', '1995-02-26', 'https://cdn-icons-png.flaticon.com/512/1120/1120972.png', 'Fleuryboeuf'),
(4232, 43, 53, 'thibaut04@nicolas.com', '[\"ROLE_USER\"]', '$2y$10$6BV7YqriKtDVDJDp9dop1eC52sUyJwqZVs9n6yMzJ4ZDTTZ08wuc6', 'richard.arnaud', '1966-12-23', 'https://cdn-icons.flaticon.com/png/512/4218/premium/4218368.png?token=exp=1641899519~hmac=0bcfc455c9c4c1133d983b08a50346c4', 'LegrandVille'),
(4233, 43, 54, 'leon.vallee@club-internet.fr', '[\"ROLE_USER\"]', '$2y$10$wUaekxt6Aq4EMF/SQHjlrumSPK/IdfS0FOC5Es1bzAGz73JC56/ku', 'marine.rodrigues', '1989-10-19', 'https://cdn-icons-png.flaticon.com/512/1120/1120972.png', 'Gallet-sur-Lefort'),
(4234, 42, NULL, 'caroline.guillou@faure.net', '[\"ROLE_USER\"]', '$2y$10$VLnfA/jtCXwBrJp3ObmQ0u0llH5UyvvcG4cwIdPLaoOUL/P.k/gO6', 'zgillet', '1974-02-26', 'https://cdn-icons.flaticon.com/png/512/2423/premium/2423830.png?token=exp=1641899421~hmac=08269d202be75908dc10a7f02ca0d797', 'Michaud'),
(4235, NULL, 55, 'nicolas98@martin.org', '[\"ROLE_USER\"]', '$2y$10$Llf6yLOuNWJHRWgTT6i0SexYH3yKfAA2BUMQAYD6lfBQ8Zm16Ax0G', 'vbernier', '1989-01-22', 'https://cdn-icons-png.flaticon.com/512/528/528111.png', 'Martins'),
(4236, 44, 54, 'juliette26@hotmail.fr', '[\"ROLE_USER\"]', '$2y$10$4hJkTUE/uwXRMRr92T1O2OjYMkY1K7gCM5xU0XJBYfYHtkavKpfm.', 'mathieu.alexandre', '1999-05-08', 'https://cdn-icons.flaticon.com/png/512/663/premium/663097.png?token=exp=1641899224~hmac=446cfd4b7676c1308cbd1a3ecbdc873a', 'Laine'),
(4237, 42, NULL, 'ledoux.virginie@live.com', '[\"ROLE_USER\"]', '$2y$10$lTby58YEIjJwE3s0G0xY.utB0m.ZAEZ1MVGuv3AI3UdVMARhJzxCi', 'imbert.dominique', '1984-07-18', 'https://cdn-icons.flaticon.com/png/512/1211/premium/1211015.png?token=exp=1641899224~hmac=3a28f8e149a633bcf6812e2b4d7d6b08', 'Neveu-sur-Mer'),
(4238, 44, 54, 'adelaide93@sfr.fr', '[\"ROLE_USER\"]', '$2y$10$UuHSyRC.8jB8AFvTe1gOw.l7LmS35QMUnGNClV8JvpxfuxYpCsJtK', 'caron.clemence', '1980-01-21', 'https://cdn-icons-png.flaticon.com/512/3393/3393852.png', 'Turpinboeuf'),
(4239, 42, 52, 'mathilde.blanchard@blanchard.com', '[\"ROLE_USER\"]', '$2y$10$kima.wnudIKpt6pSOee3a.7vLpte4aYoZqGetq9LYT5vbQ9O83fXi', 'michelle42', '2000-07-21', 'https://cdn-icons-png.flaticon.com/512/528/528107.png', 'FaureVille'),
(4240, NULL, NULL, 'daniel.olivie@tele2.fr', '[\"ROLE_USER\"]', '$2y$10$LA6a9alVjiMLqMlZhrH5GOoNV.qW04vaCsY4sKX97NVHGcTyMNUXG', 'dias.david', '1965-01-03', 'https://cdn-icons-png.flaticon.com/512/528/528111.png', 'Bruneau'),
(4241, 43, 52, 'capucine.riviere@noos.fr', '[\"ROLE_USER\"]', '$2y$10$kmkzNJ5ijcTz/2Iz6Vkqfu1iRmgJMsAqIR9u9oApaoF3wbjFdD5mK', 'mmeunier', '1985-09-03', 'https://cdn-icons-png.flaticon.com/512/871/871366.png', 'Allain'),
(4242, 43, 53, 'anastasie.breton@noos.fr', '[\"ROLE_USER\"]', '$2y$10$3UcCsC0/ieM.WoVqJPPvkueiMqPmqyE4odJ5S4rnebFRLkgd2mi8m', 'emile.etienne', '1996-10-10', 'https://cdn-icons.flaticon.com/png/512/2520/premium/2520865.png?token=exp=1641899519~hmac=dd214a475e4fdbc17f353ae828106d7e', 'Martinnec'),
(4243, 43, NULL, 'llemaire@hamon.net', '[\"ROLE_USER\"]', '$2y$10$onN29bg8MwtAjNE5VF.gZuL6WaWHNYaq5L/aQZtAO4TPfZIK7v2d2', 'bruneau.adrien', '1974-10-09', 'https://cdn-icons-png.flaticon.com/512/189/189000.png', 'Mary-la-Forêt'),
(4244, 44, 54, 'lemaitre.aime@tele2.fr', '[\"ROLE_USER\"]', '$2y$10$jKagD5MGUdNdC8QTroZhnOCLrEISqpSCpdme3Fk9Seehi1H.zwItK', 'alain38', '1986-03-05', 'https://cdn-icons.flaticon.com/png/512/1985/premium/1985783.png?token=exp=1641899777~hmac=467dad371dbd0417fc9f459b8fcfa7d0', 'Herve-sur-Leblanc'),
(4245, NULL, 53, 'gimenez.isaac@leconte.org', '[\"ROLE_USER\"]', '$2y$10$TKdUxuYFZduyqKOnNnHOGu/BlGQWKDPyCBUJYyowD4Wj723DS1LRW', 'andree65', '1988-08-28', 'https://cdn-icons-png.flaticon.com/512/189/189000.png', 'Texiernec'),
(4246, 43, NULL, 'antoine.chartier@yahoo.fr', '[\"ROLE_USER\"]', '$2y$10$d8yMO2tqBeDJQuu8asvtl.ODUAbOepbK24fmvsAPXmKPvJthwaH9O', 'hthibault', '1983-08-01', 'https://cdn-icons.flaticon.com/png/512/2671/premium/2671422.png?token=exp=1641899777~hmac=5ab4dd5190ff90327964da4573142588', 'Bruneaunec'),
(4247, 43, 53, 'uleroux@noos.fr', '[\"ROLE_USER\"]', '$2y$10$S8NaHmTqui3bECrTv712o.jpyx2KkwU2Kc4Dw4rR402C0qb47gARa', 'charles53', '2000-01-12', 'https://cdn-icons-png.flaticon.com/512/1674/1674292.png', 'Le Roux'),
(4248, 43, 55, 'guilbert.marc@bigot.fr', '[\"ROLE_USER\"]', '$2y$10$n/7MYUsr.MamUFIX78ndYONUeYOHgEtyiJSeL.P1gWAQi8TwZ4yEm', 'lelievre.edith', '1979-06-08', 'https://cdn-icons.flaticon.com/png/512/1985/premium/1985783.png?token=exp=1641899777~hmac=467dad371dbd0417fc9f459b8fcfa7d0', 'Loiseau'),
(4249, 43, NULL, 'aandre@berthelot.net', '[\"ROLE_USER\"]', '$2y$10$3ZgKSo5MpRupPe56MLVq0eDVYCY/oVCfKsXg4.H.hnOIms9pgQ30S', 'rcouturier', '1983-01-05', 'https://cdn-icons-png.flaticon.com/512/1752/1752772.png', 'Seguin-sur-Mer'),
(4250, NULL, 54, 'elisabeth83@tele2.fr', '[\"ROLE_USER\"]', '$2y$10$gHNd6iJ3jlmydGS5Qjg9/ONlz2Da5QPHmiQsRMRVlo3I8MkSANt9m', 'allard.hortense', '1988-03-01', 'https://cdn-icons.flaticon.com/png/512/4218/premium/4218368.png?token=exp=1641899519~hmac=0bcfc455c9c4c1133d983b08a50346c4', 'Navarronec'),
(4251, 43, 55, 'clemence.leleu@jourdan.com', '[\"ROLE_USER\"]', '$2y$10$csPNEB.8Tlv1L5CEkNEnCuoC8XckZeTH8Q0RF8xPQsCTAQrLxFdey', 'stephanie10', '1990-05-15', 'https://cdn-icons.flaticon.com/png/512/1090/premium/1090806.png?token=exp=1641899702~hmac=54cf59726506b8ed7f77b4bba23bdda4', 'Meyer'),
(4252, 44, NULL, 'rodriguez.martin@orange.fr', '[\"ROLE_USER\"]', '$2y$10$Rq3PaTKuu.moRpCYEdF/1uGKClUKO4ucyIRO7p1cd14b8zjumxCWK', 'nathalie24', '1990-11-14', 'https://cdn-icons.flaticon.com/png/512/1090/premium/1090806.png?token=exp=1641899702~hmac=54cf59726506b8ed7f77b4bba23bdda4', 'Jacquet'),
(4253, 44, 55, 'gilles07@bernier.fr', '[\"ROLE_USER\"]', '$2y$10$Ia8MpP1G2vY6SOosZljr6.r5BxEWpvwXjbQXDfaF1MreHIsjD7hIG', 'raynaud.augustin', '1994-05-31', 'https://cdn-icons-png.flaticon.com/512/528/528107.png', 'TeixeiraVille'),
(4254, 42, 55, 'icamus@club-internet.fr', '[\"ROLE_USER\"]', '$2y$10$asMelem6Uo4QKg5oAjFtU.mYL8xp9MRscGChuPrQ6hyA7UZuSEt1m', 'veronique97', '2003-08-03', 'https://cdn-icons-png.flaticon.com/512/1120/1120972.png', 'GuillouBourg'),
(4255, NULL, NULL, 'martinez.constance@laposte.net', '[\"ROLE_USER\"]', '$2y$10$n1T.QBxs1kT0MxrNAMVaC.nCjULgGFeE2nA/7GKTzKIG59O/8lpxq', 'gilbert.bourdon', '1980-09-10', 'https://cdn-icons-png.flaticon.com/512/528/528111.png', 'Pineaudan'),
(4256, 42, 53, 'allain.aurore@pinto.com', '[\"ROLE_USER\"]', '$2y$10$ALMOrFHNR331xLz7kR7/4.AOafxBTR4UTIbriW6iDlCdTa87BIh2m', 'corinne71', '2005-01-31', 'https://cdn-icons-png.flaticon.com/512/1120/1120972.png', 'Pineau'),
(4257, 44, 54, 'dubois.margaud@rousset.com', '[\"ROLE_USER\"]', '$2y$10$qQ8fSaHigJecTH9XoRyjFOsuWR.s8ZkAqxgBQSlqrJSoL0q45NAUS', 'vdufour', '1993-08-12', 'https://cdn-icons-png.flaticon.com/512/1674/1674291.png', 'Vaillant'),
(4258, 44, NULL, 'theodore.chauvet@hubert.com', '[\"ROLE_USER\"]', '$2y$10$mD2rxyPWeAKHKEDbw2SOB.0jCzynBtiHrvdulmV9DEpUGPTWSebB2', 'tristan78', '1971-07-03', 'https://cdn-icons.flaticon.com/png/512/1090/premium/1090806.png?token=exp=1641899702~hmac=54cf59726506b8ed7f77b4bba23bdda4', 'Rey'),
(4259, 42, 52, 'jerome07@live.com', '[\"ROLE_USER\"]', '$2y$10$.33pi2Binp4pdeZIaZwDwuiEH2VX11GpeISTC0kSFi9fKnl8KpbGC', 'pnormand', '1964-03-14', 'https://cdn-icons-png.flaticon.com/512/306/306772.png', 'Imbert'),
(4260, NULL, 54, 'raymond.vasseur@raymond.fr', '[\"ROLE_USER\"]', '$2y$10$WelnKRA6kRJOH49q6wGt9.Yr94nHAOPOQ58zKtrZ8RL6dvR1ARpH6', 'luc.hamon', '1993-04-08', 'https://cdn-icons.flaticon.com/png/512/663/premium/663097.png?token=exp=1641899224~hmac=446cfd4b7676c1308cbd1a3ecbdc873a', 'Gaillard'),
(4261, 42, NULL, 'laurent.peron@marchand.fr', '[\"ROLE_USER\"]', '$2y$10$TwcylmP0YlUxRo.2o3JWLOVrDk1BHezgmoihHlNzri9ysZHDoogmm', 'lambert.luce', '1964-07-08', 'https://cdn-icons-png.flaticon.com/512/528/528111.png', 'Chauvet-sur-Masson'),
(4262, 44, 53, 'lboulay@noos.fr', '[\"ROLE_USER\"]', '$2y$10$NcZPr/MkfDuu0rWe1AL2Ie9wvOONO/w8ubeiekfNDfvxEzX6iiT/m', 'isaac65', '2001-02-23', 'https://cdn-icons.flaticon.com/png/512/1090/premium/1090806.png?token=exp=1641899702~hmac=54cf59726506b8ed7f77b4bba23bdda4', 'Renaultboeuf'),
(4263, 43, 54, 'celine.lopez@dbmail.com', '[\"ROLE_USER\"]', '$2y$10$1tGTAfMIt7PsBBI2vmRA6uE7MAIi8SMdG/kPI1jKOJSTXvPcO2VdC', 'wthierry', '1985-06-11', 'https://cdn-icons-png.flaticon.com/512/924/924874.png', 'Valentin-sur-Mer'),
(4264, 44, NULL, 'josephine09@club-internet.fr', '[\"ROLE_USER\"]', '$2y$10$bl3P5WwMYYUenRl7XS9bgOF3ivPAPxspY2FRDqe/JKwbGwznIvU3C', 'edouard.gosselin', '1981-04-10', 'https://cdn-icons-png.flaticon.com/512/871/871366.png', 'GuibertVille'),
(4265, NULL, 54, 'jacquot.therese@laposte.net', '[\"ROLE_USER\"]', '$2y$10$0eN5lfJ6YqOIsHIv0Cb4cOes4k4RZd6b5z4iHh1iN6G/.qz.uF9pi', 'brunel.lucas', '1974-08-28', 'https://cdn-icons-png.flaticon.com/512/3393/3393852.png', 'Mailletnec'),
(4266, 42, 53, 'anais.delaunay@hotmail.fr', '[\"ROLE_USER\"]', '$2y$10$XLUPMddgigUhj78nRl/N4eJ5UnF9tJl98h2COv1AvpoVZ7FRZmY9K', 'sfaure', '2003-11-25', 'https://cdn-icons-png.flaticon.com/512/189/189000.png', 'Delaunay'),
(4267, 42, NULL, 'julien.jean@free.fr', '[\"ROLE_USER\"]', '$2y$10$oqzpwmUlocbTxk5RQtoimeczPWqvKZcBVzXA10qy2VBXExdEsGKPG', 'plagarde', '2008-06-28', 'https://cdn-icons-png.flaticon.com/512/306/306772.png', 'Dumontdan'),
(4268, 43, 52, 'olecomte@club-internet.fr', '[\"ROLE_USER\"]', '$2y$10$Aqb1/JaHFtD/xf1aqv.VHuRxWiOnAZVffZx25ycWlA.r4nQzlOm/K', 'marianne57', '1986-08-24', 'https://cdn-icons-png.flaticon.com/512/924/924874.png', 'Rogerboeuf'),
(4269, 44, 54, 'adele.pottier@club-internet.fr', '[\"ROLE_USER\"]', '$2y$10$TtOJu0Lx4kOXK1hgH3zrnuOzAs/f29ptlGdtaPR5aOmQX/vcCefda', 'alain30', '1994-11-30', 'https://cdn-icons-png.flaticon.com/512/189/189000.png', 'Sanchezboeuf'),
(4270, NULL, NULL, 'bsamson@sfr.fr', '[\"ROLE_USER\"]', '$2y$10$6eoICtAKFSUKVDV1.h9cOOztzvwGg8vTQad6VvA1bQ68u4e6Mn4Wu', 'frederic.mendes', '1993-06-26', 'https://cdn-icons-png.flaticon.com/512/435/435048.png', 'Gregoire'),
(4271, 42, 52, 'maillet.julie@gmail.com', '[\"ROLE_USER\"]', '$2y$10$DKSOjNzkIMpUVNOOwldemOW5n67lj60MB.3i2bGbQd37oSvcq2wXy', 'nriou', '2005-08-14', 'https://cdn-icons.flaticon.com/png/512/2520/premium/2520865.png?token=exp=1641899519~hmac=dd214a475e4fdbc17f353ae828106d7e', 'BarreBourg'),
(4272, 44, 55, 'claude.henry@michaud.com', '[\"ROLE_USER\"]', '$2y$10$R2l3mIzt1RGSXH.mRKoO7.IUTNpClfi.pddYYpOuxIz5C3PR3ctZ6', 'bigot.jerome', '1983-02-28', 'https://cdn-icons.flaticon.com/png/512/2520/premium/2520865.png?token=exp=1641899519~hmac=dd214a475e4fdbc17f353ae828106d7e', 'Bouchet'),
(4273, 44, NULL, 'stephane.morin@schmitt.fr', '[\"ROLE_USER\"]', '$2y$10$iAaGzeTRo5N8AKXua4z1Te7Q3leIrKnTIqIxJkMIZso6UHCsGKRna', 'oceane93', '1998-05-01', 'https://cdn-icons-png.flaticon.com/512/1752/1752772.png', 'Barthelemy'),
(4274, 42, 55, 'honore74@delorme.org', '[\"ROLE_USER\"]', '$2y$10$YA/PCcD/ImkBY5USK542S.kD57luD9iZFq.OSU1ndwLYTKCwD/HbG', 'denis.gay', '1993-09-28', 'https://cdn-icons-png.flaticon.com/512/452/452539.png', 'Gilles'),
(4275, NULL, 53, 'etienne.dossantos@tele2.fr', '[\"ROLE_USER\"]', '$2y$10$ywN2wMFYHW9Cd95Po5qozeFCaCjjm4nIfoGeh.Jd9di27bYNP40Ae', 'marc.guillou', '1972-02-25', 'https://cdn-icons-png.flaticon.com/512/306/306772.png', 'Alves'),
(4276, 43, NULL, 'hoarau.corinne@mendes.com', '[\"ROLE_USER\"]', '$2y$10$ieGIIhcKyqCObWX7MedP2OjeZMQdZVLUbZwr2KL2UOiH.wizG2K22', 'joseph.merle', '1999-08-24', 'https://cdn-icons-png.flaticon.com/512/189/189000.png', 'Leger'),
(4277, 43, 55, 'nicole24@live.com', '[\"ROLE_USER\"]', '$2y$10$eNgPA0kRBGNclK5n4g50A.rsHQzU8wttJO2iocEjHavdTiFyjcsI2', 'voisin.adele', '1979-08-03', 'https://cdn-icons.flaticon.com/png/512/4218/premium/4218368.png?token=exp=1641899519~hmac=0bcfc455c9c4c1133d983b08a50346c4', 'Bailly'),
(4278, 43, 54, 'raymond.boulay@hotmail.fr', '[\"ROLE_USER\"]', '$2y$10$6UdNH.HA.Ad1UNy.uyzu6u3obNLQ/X.CYhUbh9/JiFDwUr482e2vq', 'fmichaud', '1999-11-24', 'https://cdn-icons.flaticon.com/png/512/1985/premium/1985783.png?token=exp=1641899777~hmac=467dad371dbd0417fc9f459b8fcfa7d0', 'Martins'),
(4279, 43, NULL, 'jallain@breton.com', '[\"ROLE_USER\"]', '$2y$10$W.94YOqKPTs3kRuEI9eoLePBJ6zzb3WOrtwwL95DGAOAwD3YPiWAW', 'antoine.marie', '1990-08-05', 'https://cdn-icons-png.flaticon.com/512/1674/1674291.png', 'Vaillant-sur-Moulin'),
(4280, NULL, 54, 'ipierre@merle.fr', '[\"ROLE_USER\"]', '$2y$10$AWt17ijUgMCEJGhOPR6YE.6OMPzpFUg8Ez0PVgl8KM0AB.6WJhQZ.', 'christelle72', '2007-08-26', 'https://cdn-icons-png.flaticon.com/512/306/306772.png', 'Hebert-sur-Roy'),
(4281, 42, 53, 'clerc.alix@laposte.net', '[\"ROLE_USER\"]', '$2y$10$9rRqmJDvcGV32CNdgfy3PuuolnNiVCtrv8qNorb.6427trlsWW2Qm', 'idias', '1987-06-17', 'https://cdn-icons-png.flaticon.com/512/1120/1120972.png', 'Lefort'),
(4282, 42, NULL, 'ines30@loiseau.fr', '[\"ROLE_USER\"]', '$2y$10$3ZWbU1BJTG3OrNGxQ9bWSeRyQPdDBOmmpxRIwyLoNC8MP7fdbilQC', 'ythierry', '1989-12-06', 'https://cdn-icons-png.flaticon.com/512/452/452539.png', 'Rodriguesdan'),
(4283, 43, 55, 'aurelie.andre@vidal.fr', '[\"ROLE_USER\"]', '$2y$10$323zlUeL.K5iFCm3279BBeim1WiiFV4htdKbI27VkNXt5XUcrgbPe', 'jlopez', '2005-01-01', 'https://cdn-icons-png.flaticon.com/512/1674/1674291.png', 'Leconte'),
(4284, 44, 53, 'traore.raymond@chevallier.com', '[\"ROLE_USER\"]', '$2y$10$x7O3emTlb.XZ63lf.3/Fv.JvrNm73jPn4qYulDqNoi3QrJLyotYIa', 'aubert.suzanne', '2006-08-12', 'https://cdn-icons-png.flaticon.com/512/1674/1674292.png', 'David'),
(4285, NULL, NULL, 'auguste94@hamon.org', '[\"ROLE_USER\"]', '$2y$10$gAavBl1ZFCNDPdDER.Et2eHkiT6KcZCRVACAt7.e4r08lYjd7eXla', 'tjoly', '1989-05-10', 'https://cdn-icons.flaticon.com/png/512/4218/premium/4218368.png?token=exp=1641899519~hmac=0bcfc455c9c4c1133d983b08a50346c4', 'AndreBourg'),
(4286, 42, 54, 'martine.benard@torres.fr', '[\"ROLE_USER\"]', '$2y$10$hujtoZQgdwuJ.Du2jyNLkeNGCkw0JPvJq8WiylqDnhdP5XeLxWMDu', 'vclement', '1994-07-11', 'https://cdn-icons-png.flaticon.com/512/306/306772.png', 'Blanchet-la-Forêt'),
(4287, 42, 55, 'sylvie73@orange.fr', '[\"ROLE_USER\"]', '$2y$10$aAx6YyoMYc7fwdxdsWukyeZz.bfJRnn0RUHE4MszcK3Sn7GPbp/Qu', 'brigitte.renard', '1989-06-30', 'https://cdn-icons.flaticon.com/png/512/1985/premium/1985783.png?token=exp=1641899777~hmac=467dad371dbd0417fc9f459b8fcfa7d0', 'Andre'),
(4288, 43, NULL, 'thierry.berthelot@club-internet.fr', '[\"ROLE_USER\"]', '$2y$10$x7O1qYPzK3zERuOu/jrCY.6m44m2/VHH1fsbqT918mBhQ.Cb.9U6S', 'nicolas00', '1969-09-26', 'https://cdn-icons-png.flaticon.com/512/3393/3393852.png', 'Collet-les-Bains'),
(4289, 42, 55, 'benoit92@gmail.com', '[\"ROLE_USER\"]', '$2y$10$lUh/Lin7edWGf4gPP9A7IuT2bkrVIOxibdRExLGBwVZf/Fucwsb32', 'arthur62', '2005-01-21', 'https://cdn-icons.flaticon.com/png/512/1985/premium/1985783.png?token=exp=1641899777~hmac=467dad371dbd0417fc9f459b8fcfa7d0', 'Bazin'),
(4290, NULL, 55, 'jacques.marthe@chevallier.net', '[\"ROLE_USER\"]', '$2y$10$rPpZGboqkBOb.zgAF5NxKOoOOUkjoCHG/ynmjwj8eUcOXWFFMs1A2', 'cbarbe', '1989-01-16', 'https://cdn-icons-png.flaticon.com/512/1674/1674292.png', 'ChauvinVille'),
(4291, 43, NULL, 'virginie03@adam.net', '[\"ROLE_USER\"]', '$2y$10$10vAxDwY67M/UfzM.bn.uui514R3ddf33SLeORo.JhQBw.hG7c63C', 'jacquot.susanne', '1967-09-29', 'https://cdn-icons.flaticon.com/png/512/2671/premium/2671422.png?token=exp=1641899777~hmac=5ab4dd5190ff90327964da4573142588', 'Bonnet'),
(4292, 44, 52, 'thomas.dupre@sfr.fr', '[\"ROLE_USER\"]', '$2y$10$z2vEvkBqNuW0P6l9s1i0eOsTO/4Ni6IcVWKv922taxjkVIdSZVIfm', 'omarin', '1984-02-28', 'https://cdn-icons-png.flaticon.com/512/871/871366.png', 'Raynaud'),
(4293, 42, 55, 'theophile64@maillet.org', '[\"ROLE_USER\"]', '$2y$10$XWBXJRHO2RfL76IP5oM0MuqjIymdyCsU.naXzjy1.IAO2n2VoXUYC', 'vlejeune', '2008-07-18', 'https://cdn-icons-png.flaticon.com/512/871/871366.png', 'Riviere'),
(4294, 43, NULL, 'coulon.gilbert@chevalier.com', '[\"ROLE_USER\"]', '$2y$10$pQ8.x40j5XaqKLAPF9gjkO.Gvo8qy9Wg22aLj4EbDN7V3YC.mQ4pi', 'lorraine09', '2004-06-29', 'https://cdn-icons-png.flaticon.com/512/528/528107.png', 'Ramos'),
(4295, NULL, 53, 'ecolin@robin.com', '[\"ROLE_USER\"]', '$2y$10$Jjzc2yIlJVJIIbBxH6HSleYNkoTNJ0EiWxw2pA9lRx9IvvDNw6NZ2', 'anouk18', '2000-09-22', 'https://cdn-icons-png.flaticon.com/512/452/452539.png', 'Barbe'),
(4296, 42, 52, 'laurence93@hamon.fr', '[\"ROLE_USER\"]', '$2y$10$jQs9X7wC.kpjvN8bS.k6yus3vZkyBfJd.7qAx.7jRwJQ9qN4VF25e', 'delmas.mathilde', '1968-06-13', 'https://cdn-icons-png.flaticon.com/512/924/924874.png', 'Allain'),
(4297, 44, NULL, 'alphonse.millet@live.com', '[\"ROLE_USER\"]', '$2y$10$ZVHGIgW26Vi8nyoLPxmrHe8mZpezhZORNu9xkE0UnLFi2kjCnr1Le', 'oceane45', '1977-09-19', 'https://cdn-icons.flaticon.com/png/512/663/premium/663097.png?token=exp=1641899224~hmac=446cfd4b7676c1308cbd1a3ecbdc873a', 'Martel-sur-Leleu'),
(4298, 42, 53, 'llesage@baudry.com', '[\"ROLE_USER\"]', '$2y$10$SVXG9inwfH/hjV.RcgM05OKyFLTZ7gHs8sB8CTFYyg/F7yJyAGiAO', 'noel18', '1983-04-23', 'https://cdn-icons-png.flaticon.com/512/435/435048.png', 'Maryboeuf'),
(4299, 42, 55, 'adrien.lacombe@gmail.com', '[\"ROLE_USER\"]', '$2y$10$9snxPDV41vNsmPs2zyV0/ePPEGuUoyEVcBwi1ao6gQPqG9U58Roim', 'noemi.mallet', '1985-07-18', 'https://cdn-icons-png.flaticon.com/512/306/306772.png', 'Da Costa-les-Bains'),
(4300, NULL, NULL, 'elisabeth.fournier@hotmail.fr', '[\"ROLE_USER\"]', '$2y$10$SDlmG1DXWFze82Sj8Fyet.X1xILBsQKkmW/8C8uGqQHjjdUK0pGze', 'mneveu', '1972-05-16', 'https://cdn-icons-png.flaticon.com/512/1674/1674292.png', 'Torres-sur-Noel'),
(4301, 44, 52, 'nbertin@peltier.com', '[\"ROLE_USER\"]', '$2y$10$2XYSM3ztlE0UDJD/athj5uliepck6/9TA6nDzzVtntk5w4aiYraNa', 'xdavid', '1987-08-04', 'https://cdn-icons.flaticon.com/png/512/663/premium/663097.png?token=exp=1641899224~hmac=446cfd4b7676c1308cbd1a3ecbdc873a', 'FouquetVille'),
(4302, 43, 54, 'nathalie37@hamon.com', '[\"ROLE_USER\"]', '$2y$10$b3taBugEkwkVLZQFz5NvfORPPiLcU1EMqsK39P0SrMMBkreZNyiF.', 'emmanuelle68', '1998-01-06', 'https://cdn-icons.flaticon.com/png/512/663/premium/663097.png?token=exp=1641899224~hmac=446cfd4b7676c1308cbd1a3ecbdc873a', 'Sanchezdan'),
(4303, 42, NULL, 'margaret21@delahaye.fr', '[\"ROLE_USER\"]', '$2y$10$5SNvfr1Id0GCMt/Eq4ISyOMKfCIRSZhNfaujIJB9p9/d.9CI5Y.8S', 'gmarques', '1966-09-07', 'https://cdn-icons-png.flaticon.com/512/306/306772.png', 'Techer'),
(4304, 43, 54, 'klefort@hotmail.fr', '[\"ROLE_USER\"]', '$2y$10$uyYLQ7Jv/7k2oxJ5tVNl.e8qgWTEYAXFzr3GxL5MyPuuWq631M3.a', 'bernadette.delorme', '2000-01-23', 'https://cdn-icons-png.flaticon.com/512/528/528107.png', 'LeblancBourg'),
(4305, NULL, 54, 'eugene.bonneau@hotmail.fr', '[\"ROLE_USER\"]', '$2y$10$/pPlzWpZsBirpe8O7CXqQuIRRirTaQArlFOYeiiOSAcJq2IM95oqG', 'oceane65', '1997-03-07', 'https://cdn-icons-png.flaticon.com/512/528/528111.png', 'Mallet-les-Bains'),
(4306, 42, NULL, 'vidal.adrienne@bonnet.com', '[\"ROLE_USER\"]', '$2y$10$rS7YRucMoq5TB/aHb1e2l.xdAeZkaCrsKIwb35juX8dIMYmAAYG8e', 'auguste.boucher', '1963-05-30', 'https://cdn-icons-png.flaticon.com/512/528/528111.png', 'Martins-sur-Andre'),
(4307, 43, 53, 'zgregoire@pottier.com', '[\"ROLE_USER\"]', '$2y$10$4owWDsRDf5.pu89Y6GArJOfAFw4ArhLL3fsgCjAjx0ahXmrPWw3ru', 'ereynaud', '1971-05-27', 'https://cdn-icons-png.flaticon.com/512/452/452539.png', 'Rousseau'),
(4308, 43, 54, 'luce40@delannoy.com', '[\"ROLE_USER\"]', '$2y$10$coshHly1ksQeUR6M1kHDzuLL37e/nEORKeCXpsBjPCFpikROlVPsK', 'humbert.jean', '1993-05-20', 'https://cdn-icons.flaticon.com/png/512/1090/premium/1090806.png?token=exp=1641899702~hmac=54cf59726506b8ed7f77b4bba23bdda4', 'Germain'),
(4309, 44, NULL, 'vincent.luce@live.com', '[\"ROLE_USER\"]', '$2y$10$U8yXSgvYcbV13A5ZXxEhLOpJLXh15AAC0C9nJF8ZdsB429ocfwBBq', 'duval.capucine', '1986-06-25', 'https://cdn-icons-png.flaticon.com/512/1674/1674292.png', 'Faivre-la-Forêt'),
(4310, NULL, 54, 'ldelorme@charpentier.fr', '[\"ROLE_USER\"]', '$2y$10$HlRV2EIA8Yg7xzJOpyJc3.wycGtI3.2uJ9XHFU0DZUqUEkmNfhzKe', 'masse.jean', '1995-04-16', 'https://cdn-icons.flaticon.com/png/512/4218/premium/4218368.png?token=exp=1641899519~hmac=0bcfc455c9c4c1133d983b08a50346c4', 'Renaud'),
(4311, 42, 52, 'qgodard@guichard.org', '[\"ROLE_USER\"]', '$2y$10$apkLzPPnM7kcvES8gqfEVeEe5zDeJlwGgB7QVvlBBN7kQ0ADMvzC6', 'odette.lenoir', '1982-10-22', 'https://cdn-icons-png.flaticon.com/512/1120/1120972.png', 'Le Gall'),
(4312, 42, NULL, 'guy.bousquet@yahoo.fr', '[\"ROLE_USER\"]', '$2y$10$UxZvLH0hCVt6FYo9WdeWgurxZ53k6xe4qfaSCSDcO9SCk3PnZV.zu', 'monique59', '2007-02-27', 'https://cdn-icons.flaticon.com/png/512/1090/premium/1090806.png?token=exp=1641899702~hmac=54cf59726506b8ed7f77b4bba23bdda4', 'Rodriguez-sur-Mer'),
(4313, 44, 53, 'luc48@giraud.fr', '[\"ROLE_USER\"]', '$2y$10$VD06Kh7o/ifubb8y6cchU.5BhII0AtIIaoRZ7vLxdqp6zB8/uzYj2', 'leon07', '1991-04-07', 'https://cdn-icons-png.flaticon.com/512/452/452539.png', 'Joubert'),
(4314, 44, 53, 'xrey@free.fr', '[\"ROLE_USER\"]', '$2y$10$gp24/pwtLFiGMqpS5Yss8.p0zzrK5.QxOYaVurkNv/Uwj.U3PUrh6', 'colas.rene', '1989-08-18', 'https://cdn-icons.flaticon.com/png/512/663/premium/663097.png?token=exp=1641899224~hmac=446cfd4b7676c1308cbd1a3ecbdc873a', 'Noel'),
(4315, NULL, NULL, 'mperrier@noos.fr', '[\"ROLE_USER\"]', '$2y$10$Y7fnq8/kQtSTgauOWyghB..T5Abpb.XuFi7cCAy8HFRr2XLf1S5ti', 'vincent71', '1976-05-26', 'https://cdn-icons.flaticon.com/png/512/1985/premium/1985783.png?token=exp=1641899777~hmac=467dad371dbd0417fc9f459b8fcfa7d0', 'Poulain'),
(4316, 44, 52, 'gregoire.bazin@laposte.net', '[\"ROLE_USER\"]', '$2y$10$1TKT0ZExNPaWXFIcJlCrZ.b6pPAkf3V6eXucjLtvCjbhUH.9x2YSm', 'ocohen', '1971-07-20', 'https://cdn-icons.flaticon.com/png/512/4218/premium/4218368.png?token=exp=1641899519~hmac=0bcfc455c9c4c1133d983b08a50346c4', 'Rocher-sur-Auger'),
(4317, 42, 53, 'boucher.frederique@lambert.net', '[\"ROLE_USER\"]', '$2y$10$2ezUZwGFvkm9G6.jwC2Tou18HhNlhrEjLvsrf2vPVZdIBpvO/ZnQ2', 'ulecomte', '1991-05-03', 'https://cdn-icons-png.flaticon.com/512/871/871366.png', 'Gilles-les-Bains'),
(4318, 43, NULL, 'noel02@free.fr', '[\"ROLE_USER\"]', '$2y$10$ZcuCSj0/VAu2mr26Tj1VvukZ8RrwGwXIr90xEbFab3Ut1beG0lRSK', 'nicolas55', '1980-11-29', 'https://cdn-icons-png.flaticon.com/512/924/924874.png', 'Moreau'),
(4319, 43, 53, 'claudine.lamy@laposte.net', '[\"ROLE_USER\"]', '$2y$10$IIwBkThUr.CWiby1wkccPuK79nVmYRgAwF6rgrIQQ6aDO34PoIXby', 'emilie68', '1967-02-16', 'https://cdn-icons-png.flaticon.com/512/871/871366.png', 'De Sousadan'),
(4320, NULL, 54, 'christiane.descamps@yahoo.fr', '[\"ROLE_USER\"]', '$2y$10$WoZsXIHkiQDucSky4Te7LO2T6BL8wSEtzZbXdxXsbIK0ADGR6CRLO', 'aguerin', '1962-08-10', 'https://cdn-icons-png.flaticon.com/512/1674/1674291.png', 'Antoine-sur-Michel'),
(4321, 44, NULL, 'tristan92@navarro.com', '[\"ROLE_USER\"]', '$2y$10$3K4XtneNbS/GVXmPG.MOPOXAxzPXPrxTLOrzha4hvYSgdB3mvDVJO', 'hubert.dorothee', '1975-07-31', 'https://cdn-icons.flaticon.com/png/512/2671/premium/2671422.png?token=exp=1641899777~hmac=5ab4dd5190ff90327964da4573142588', 'Arnaud'),
(4322, 44, 52, 'etienne39@yahoo.fr', '[\"ROLE_USER\"]', '$2y$10$0MaiEAS/KK0kxEg0eVKfHOcAzny4Ox/VsZCLSHGXlXbllTW5r/WOa', 'timothee87', '1977-09-18', 'https://cdn-icons-png.flaticon.com/512/528/528107.png', 'Danielnec'),
(4323, 42, 55, 'margot77@brunel.com', '[\"ROLE_USER\"]', '$2y$10$EACLAF8PsldUJ0n2nCCVc.UVovAcP0mYv8P9lGSrIWDAocUeUTZaq', 'gabriel.deschamps', '1981-04-07', 'https://cdn-icons-png.flaticon.com/512/924/924874.png', 'Lagarde'),
(4324, 42, NULL, 'agnes96@vincent.com', '[\"ROLE_USER\"]', '$2y$10$6XbB/6wkrlArC3nxxJdYnuNDOp5s1QSBoFaJRvZ8L/GBXw6AiNv6.', 'vgilles', '1971-08-08', 'https://cdn-icons-png.flaticon.com/512/528/528107.png', 'Dupre'),
(4325, NULL, 54, 'evrard.margaret@lombard.net', '[\"ROLE_USER\"]', '$2y$10$3.F2RC/glpFiuI.GSWCYrOdaH/x8j1Kp35o91Rl4tnwvdKcIG2pRG', 'lpetit', '1992-12-05', 'https://cdn-icons-png.flaticon.com/512/1752/1752772.png', 'Danielboeuf'),
(4326, 43, 55, 'baudry.henriette@morvan.fr', '[\"ROLE_USER\"]', '$2y$10$pVE7tP7jwpEx6K0nj8DTjuZhSL.jG.2kL1SmPJNvMzpq8k48pV7f.', 'francoise.schmitt', '1977-10-06', 'https://cdn-icons.flaticon.com/png/512/4218/premium/4218368.png?token=exp=1641899519~hmac=0bcfc455c9c4c1133d983b08a50346c4', 'Riou'),
(4327, 43, NULL, 'stephane.cordier@descamps.org', '[\"ROLE_USER\"]', '$2y$10$KqhiY6jtpxW2wNs/SqMh1u13hFyA4Hl7CNIu5eWVd/SHfAn.y9YB6', 'alix53', '1996-12-09', 'https://cdn-icons-png.flaticon.com/512/871/871366.png', 'Launay-sur-Blot'),
(4328, 43, 55, 'ndumont@ferreira.com', '[\"ROLE_USER\"]', '$2y$10$u5rE3IIKdjWH/11k5uREM.sZ7w7ThYn9P7LrWxKX.gRkpgicnBts.', 'jacqueline44', '2004-11-19', 'https://cdn-icons-png.flaticon.com/512/306/306772.png', 'Boyer'),
(4329, 42, 53, 'delannoy.laure@pons.com', '[\"ROLE_USER\"]', '$2y$10$yUpmnD0WAdgZ.iMyRkfAmuUhezN8lNrvpsx.tyRvJmbcnVkN6mXBi', 'martineau.alexandre', '1982-09-07', 'https://cdn-icons-png.flaticon.com/512/1674/1674292.png', 'Vincent'),
(4330, NULL, NULL, 'margaux.picard@launay.com', '[\"ROLE_USER\"]', '$2y$10$mYjMCA6sdRdx1LLvSPqt0uiiwXAngODcIgZ5XmJWDqQiVlEVv6oJa', 'kpineau', '2006-09-28', 'https://cdn-icons-png.flaticon.com/512/3393/3393852.png', 'Berger'),
(4331, 43, 53, 'elaine@laposte.net', '[\"ROLE_USER\"]', '$2y$10$l5mMbqImm4Xa3wHez9U4du2TVurKU9z2OHpcHhQdPcmYhdDwgT17i', 'gilbert.guilbert', '1964-01-12', 'https://cdn-icons.flaticon.com/png/512/663/premium/663097.png?token=exp=1641899224~hmac=446cfd4b7676c1308cbd1a3ecbdc873a', 'Mahe'),
(4332, 44, 53, 'bertrand50@potier.com', '[\"ROLE_USER\"]', '$2y$10$.3xLJFpEBYPSWjBkzAN.mehiB60m64gcJPQ8FAD.rmuPb1qHJ/bkW', 'aurelie.tanguy', '1967-02-23', 'https://cdn-icons.flaticon.com/png/512/1211/premium/1211015.png?token=exp=1641899224~hmac=3a28f8e149a633bcf6812e2b4d7d6b08', 'Traore'),
(4333, 43, NULL, 'celine47@julien.net', '[\"ROLE_USER\"]', '$2y$10$buKyqf.CJWFlnUYfwbIskuupV0bojacj5CIY1m9PzPccDVQFb/B5e', 'brigitte69', '1982-09-25', 'https://cdn-icons-png.flaticon.com/512/924/924874.png', 'Parisboeuf'),
(4334, 43, 54, 'rnoel@meyer.org', '[\"ROLE_USER\"]', '$2y$10$nkBKDkep2PK1SPPYr.gf4e2t1gu7gJahEIHFEM693u0tQDljlU./K', 'shumbert', '1992-03-11', 'https://cdn-icons-png.flaticon.com/512/452/452539.png', 'CamusVille'),
(4335, NULL, 54, 'eperrot@perret.com', '[\"ROLE_USER\"]', '$2y$10$WJROJ44HTlBvTQ.nOFntX.Eq2fWS8oT7VLshH9rBmAMPVfPjIOoIK', 'nathalie95', '1995-10-24', 'https://cdn-icons.flaticon.com/png/512/2423/premium/2423830.png?token=exp=1641899421~hmac=08269d202be75908dc10a7f02ca0d797', 'LemoineBourg'),
(4336, 44, NULL, 'emmanuel66@cohen.fr', '[\"ROLE_USER\"]', '$2y$10$4ODD8jude6d5y1osvE4vpOWuqn293lYMAZGT1fRrVuKgg4OL9cSby', 'fchauvin', '1999-02-25', 'https://cdn-icons-png.flaticon.com/512/1674/1674292.png', 'Sanchez-sur-Fernandes'),
(4337, 44, 52, 'merle.celine@sfr.fr', '[\"ROLE_USER\"]', '$2y$10$1TCsa2plaU./qaPR.AKpHOpQDDhZh/pb7IzwvzWYr.sisZl7J2Tw.', 'gillet.isaac', '1987-12-28', 'https://cdn-icons-png.flaticon.com/512/924/924874.png', 'Dupuy-sur-Mer'),
(4338, 42, 55, 'dominique27@weiss.fr', '[\"ROLE_USER\"]', '$2y$10$Ob7OKfvs2a5VKLQWBz9pSebaw7vnKXokvZ3UOH9hhTwkMDkblAmHm', 'nicolas35', '1973-04-16', 'https://cdn-icons-png.flaticon.com/512/528/528107.png', 'Pinto-sur-Jacob'),
(4339, 42, NULL, 'victoire.costa@boulay.net', '[\"ROLE_USER\"]', '$2y$10$/p0ezZ31NYJ5F0Rdgtz7reh6ljlaaq7r8YqS3s1uYV0.1BWyMSTb6', 'rossi.renee', '1973-03-21', 'https://cdn-icons-png.flaticon.com/512/435/435048.png', 'Roy'),
(4340, NULL, 53, 'hgrondin@costa.fr', '[\"ROLE_USER\"]', '$2y$10$94OCJLL.ikkpUAP5Dw9/fOrGtEXgo0tP8RhiB.TKql5nO9XRA7FNi', 'susan64', '1995-01-04', 'https://cdn-icons-png.flaticon.com/512/871/871366.png', 'Perrier'),
(4341, 42, 54, 'camus.marthe@free.fr', '[\"ROLE_USER\"]', '$2y$10$tbtvxwdWqFT0fbpXfZfljeL0mQ2IWdVTSKDQNoqn41vyyH2PEsiAG', 'schmitt.augustin', '1982-10-31', 'https://cdn-icons-png.flaticon.com/512/871/871366.png', 'Blindan'),
(4342, 42, NULL, 'charlotte.julien@jacob.fr', '[\"ROLE_USER\"]', '$2y$10$gX7rw0fwIeADtvY36jmEMuX4aJZcqi3UCs/Yn4YzymqOC7pzJst7y', 'paulette05', '1995-12-26', 'https://cdn-icons-png.flaticon.com/512/1674/1674291.png', 'Marion'),
(4343, 42, 53, 'pierre01@noos.fr', '[\"ROLE_USER\"]', '$2y$10$FKUjCXfH6Nmg3KbQQDCY2uIYT.5JkrTvMKhXFTBC2/a1XmMxGlF2O', 'gregoire.roger', '1973-07-10', 'https://cdn-icons-png.flaticon.com/512/189/189000.png', 'Boucherdan'),
(4344, 44, 55, 'valentine.legall@wanadoo.fr', '[\"ROLE_USER\"]', '$2y$10$ho32M.K0D3sStlzj6EUzze0.RoCvWnUPgBGolgTCE12nO1/fbuD1e', 'pauline39', '1974-09-01', 'https://cdn-icons-png.flaticon.com/512/3393/3393852.png', 'Bertrand'),
(4345, NULL, NULL, 'hbruneau@roger.com', '[\"ROLE_USER\"]', '$2y$10$5/tDgPVud3ZDCF1L/vtZbOFuW35zzYs3G7cTy0rs3HTPUgBTph9Hy', 'gros.michelle', '2006-07-04', 'https://cdn-icons-png.flaticon.com/512/871/871366.png', 'Rolland-sur-Girard'),
(4346, 42, 52, 'jlopes@gmail.com', '[\"ROLE_USER\"]', '$2y$10$2VER/xKsx6JtspUsFsAhmuOJFg.WzdZXT3pVUVTsuR5HsTpNokSly', 'jacqueline.maillard', '1973-12-25', 'https://cdn-icons-png.flaticon.com/512/1120/1120972.png', 'Lecoq'),
(4347, 43, 54, 'jparis@sfr.fr', '[\"ROLE_USER\"]', '$2y$10$ilBfJRRg5HyvhzR0zaNjUOVGXL6WgkJ0I./eBisocdZVAnQU76E/y', 'patricia11', '1967-06-03', 'https://cdn-icons-png.flaticon.com/512/1674/1674292.png', 'PintoVille'),
(4348, 43, NULL, 'vdupuis@live.com', '[\"ROLE_USER\"]', '$2y$10$v9RpAfa83o.BSLvY06uiLelzbCESDxV0W8CFvCKandHPsFQKrvHqa', 'jperrier', '2001-11-19', 'https://cdn-icons.flaticon.com/png/512/4218/premium/4218368.png?token=exp=1641899519~hmac=0bcfc455c9c4c1133d983b08a50346c4', 'Bonneau'),
(4349, 43, 54, 'camille31@diallo.fr', '[\"ROLE_USER\"]', '$2y$10$40tJ5jlvfI1IsD49Dav.F.lXzDKjF7MgeNM3MT7WFq0OoY3Lw7bKS', 'honore52', '1964-02-02', 'https://cdn-icons-png.flaticon.com/512/189/189000.png', 'Roy'),
(4350, NULL, 52, 'guillaume37@dossantos.com', '[\"ROLE_USER\"]', '$2y$10$PWqXQGPDIpqLeDWHg049Pei3jaczzI5xDHM7mgeXkWwwLg85nAvAq', 'bertrand95', '1987-02-21', 'https://cdn-icons.flaticon.com/png/512/2520/premium/2520865.png?token=exp=1641899519~hmac=dd214a475e4fdbc17f353ae828106d7e', 'Lopes'),
(4351, 43, NULL, 'aurore.guyon@fontaine.com', '[\"ROLE_USER\"]', '$2y$10$sVLGTIs3Ls8HFh5puTFh4uh7dk6Pm/QhBbN8r2HQPwG5AhjtMTpnG', 'martineau.augustin', '1994-12-14', 'https://cdn-icons.flaticon.com/png/512/2520/premium/2520865.png?token=exp=1641899519~hmac=dd214a475e4fdbc17f353ae828106d7e', 'Begue'),
(4352, 42, 54, 'alexandre26@gmail.com', '[\"ROLE_USER\"]', '$2y$10$Nnm/TJrqVfwzYcc647WHDOFiJ.M/d/c46HPGO29.7OUhyJ3AgkShO', 'pires.jules', '2003-09-18', 'https://cdn-icons-png.flaticon.com/512/189/189000.png', 'Lecomte'),
(4353, 44, 53, 'marie88@rodrigues.com', '[\"ROLE_USER\"]', '$2y$10$lQesrVs8EvhZnDAQISZvC.qlLhiraesRxPmTUgrrV/9MPN6l4kw8q', 'baron.frederic', '1967-12-28', 'https://cdn-icons-png.flaticon.com/512/1674/1674291.png', 'Legendre'),
(4354, 43, NULL, 'nleduc@lefebvre.fr', '[\"ROLE_USER\"]', '$2y$10$cnHC1116AgFigb.J.Hi.qed3hTF44Km21faroS6jSC4Sf8kGfiFSK', 'marcel.breton', '2002-02-26', 'https://cdn-icons-png.flaticon.com/512/1674/1674292.png', 'Millet-sur-Mer'),
(4355, NULL, 54, 'noel91@orange.fr', '[\"ROLE_USER\"]', '$2y$10$ti3Qoy.s4A0PyNI6b3syweZZX2x5VGuucFp/RAckvvX4O2b68wAde', 'tmathieu', '1985-01-22', 'https://cdn-icons-png.flaticon.com/512/1674/1674292.png', 'Lacombe'),
(4356, 43, 55, 'georges01@club-internet.fr', '[\"ROLE_USER\"]', '$2y$10$WXc1iphApmZSP.e17zP5..5Ydeof45/Wxp5vrXanzsZ6EVMSjKARu', 'mace.antoinette', '2007-07-20', 'https://cdn-icons.flaticon.com/png/512/1090/premium/1090806.png?token=exp=1641899702~hmac=54cf59726506b8ed7f77b4bba23bdda4', 'Collet-les-Bains'),
(4357, 44, NULL, 'bourgeois.emile@noos.fr', '[\"ROLE_USER\"]', '$2y$10$deL54FaFeU2MMLXCGXdATOy51uK1Bpc/6FI3dTUu0agw/z4TmegXm', 'olivie.lecomte', '2000-07-19', 'https://cdn-icons.flaticon.com/png/512/2423/premium/2423830.png?token=exp=1641899421~hmac=08269d202be75908dc10a7f02ca0d797', 'Michaudnec'),
(4358, 44, 53, 'grenier.thibaut@wanadoo.fr', '[\"ROLE_USER\"]', '$2y$10$0OUXvywe17/n5LjvTyiuL.63i/UfcAzu0IR.BoUn2mWuwGJZ8AeDG', 'merle.roland', '1993-05-21', 'https://cdn-icons.flaticon.com/png/512/2520/premium/2520865.png?token=exp=1641899519~hmac=dd214a475e4fdbc17f353ae828106d7e', 'Bonneau-la-Forêt'),
(4359, 44, 52, 'martinez.victoire@potier.com', '[\"ROLE_USER\"]', '$2y$10$egqcu8EUO9HgE7t8sRRQreJfcqwAPEHScZBkiAl3OuEOxT/2KN3Zq', 'fleury.jerome', '2002-07-11', 'https://cdn-icons.flaticon.com/png/512/4218/premium/4218368.png?token=exp=1641899519~hmac=0bcfc455c9c4c1133d983b08a50346c4', 'Lefebvre-sur-Mer'),
(4360, NULL, NULL, 'yandre@sfr.fr', '[\"ROLE_USER\"]', '$2y$10$7mKiHG8VTaHnoiCWy.w43.VJUdFvZFV67XSi6XBXPp0pjchtm07Ni', 'emilie.grondin', '1999-10-06', 'https://cdn-icons.flaticon.com/png/512/1211/premium/1211015.png?token=exp=1641899224~hmac=3a28f8e149a633bcf6812e2b4d7d6b08', 'Guerin-la-Forêt'),
(4361, 44, 54, 'michelle.nicolas@hotmail.fr', '[\"ROLE_USER\"]', '$2y$10$ATzTmuQcujRZe.SyjJZgN.YvN1YoK5oln6ZpyZUFy6RZxRc7nv5gK', 'michel30', '1997-09-06', 'https://cdn-icons-png.flaticon.com/512/871/871366.png', 'FabreVille'),
(4362, 42, 53, 'laetitia13@sfr.fr', '[\"ROLE_USER\"]', '$2y$10$f5r4HuKn6mscwxGT6KsdQuYIeWLEIhFM1fLlk4xGX1CuQQON1oxbm', 'andree.maury', '1981-04-23', 'https://cdn-icons-png.flaticon.com/512/435/435048.png', 'Laroche-sur-Leclerc'),
(4363, 44, NULL, 'olivier.marc@marechal.net', '[\"ROLE_USER\"]', '$2y$10$58YdlaXZoUA0FON30i2a3OTf.LLOVuvQyKfh7YKzQS4hV73xlHncS', 'nathalie01', '1981-04-08', 'https://cdn-icons-png.flaticon.com/512/528/528107.png', 'Costeboeuf'),
(4364, 42, 53, 'breton.clemence@orange.fr', '[\"ROLE_USER\"]', '$2y$10$dMWxKfsOOHi9qzNwMisNeOLaS8sMFQyI4sdoM7wffUwxlXrPqWXvW', 'lombard.michel', '2000-04-18', 'https://cdn-icons-png.flaticon.com/512/189/189000.png', 'Besnard-la-Forêt'),
(4365, NULL, 52, 'sylvie.perrot@gmail.com', '[\"ROLE_USER\"]', '$2y$10$PbnfbaV9sz3E5sLI9OrZg.kvS6PdJb4DCb5u9BsqwGlq2DqfTc2Se', 'udelmas', '1989-10-10', 'https://cdn-icons.flaticon.com/png/512/1211/premium/1211015.png?token=exp=1641899224~hmac=3a28f8e149a633bcf6812e2b4d7d6b08', 'Bruneau'),
(4366, 44, NULL, 'ulejeune@laposte.net', '[\"ROLE_USER\"]', '$2y$10$V3WnQ9PV9Ga58musGnUW2erC4esDu2TTJjZ.OXtqZkYQSkUTQQ4su', 'gosselin.timothee', '1983-01-13', 'https://cdn-icons.flaticon.com/png/512/2671/premium/2671422.png?token=exp=1641899777~hmac=5ab4dd5190ff90327964da4573142588', 'Lacroix-sur-Francois'),
(4367, 44, 53, 'verdier.odette@dbmail.com', '[\"ROLE_USER\"]', '$2y$10$c4EbyS0KsYJW7kamXrbfTeYilgj1bAWrSaXY/jLXxFmngAT5.t2JO', 'cohen.nathalie', '1968-11-30', 'https://cdn-icons.flaticon.com/png/512/2671/premium/2671422.png?token=exp=1641899777~hmac=5ab4dd5190ff90327964da4573142588', 'Turpin'),
(4368, 42, 54, 'laurent81@sfr.fr', '[\"ROLE_USER\"]', '$2y$10$iRtV6tDJhQRIfryVVRlRs.BHKjWJSXAV5NKQGiUe1QFedtKbzXgJm', 'ferreira.elisabeth', '1982-12-04', 'https://cdn-icons-png.flaticon.com/512/528/528107.png', 'Picardboeuf'),
(4369, 43, NULL, 'yadam@dacosta.com', '[\"ROLE_USER\"]', '$2y$10$OzT4R8xrhbvEV8jmuDnd3OaI8VyfghKu3AcN1xppniypNdaQfTHPm', 'allard.luc', '1989-12-25', 'https://cdn-icons.flaticon.com/png/512/4218/premium/4218368.png?token=exp=1641899519~hmac=0bcfc455c9c4c1133d983b08a50346c4', 'Godard-sur-Mer'),
(4370, NULL, 52, 'camille.menard@grenier.com', '[\"ROLE_USER\"]', '$2y$10$MRMC5iNEwBbX.XpLeBXEfeaBJKHqfAxqmeAOjAmtiugHPl1mEZqCm', 'marchand.julien', '1975-05-31', 'https://cdn-icons.flaticon.com/png/512/4218/premium/4218368.png?token=exp=1641899519~hmac=0bcfc455c9c4c1133d983b08a50346c4', 'Barthelemy'),
(4371, 42, 52, 'victoire10@pons.net', '[\"ROLE_USER\"]', '$2y$10$Jp4UPoHr2/qYFKITMI6a6.C010x81DscSd0Bef5DzZgtGvdhR0QUu', 'philippine.roussel', '1988-08-30', 'https://cdn-icons.flaticon.com/png/512/663/premium/663097.png?token=exp=1641899224~hmac=446cfd4b7676c1308cbd1a3ecbdc873a', 'Rolland-sur-Mer'),
(4372, 43, NULL, 'alves.louis@noos.fr', '[\"ROLE_USER\"]', '$2y$10$iavewcDsFEQpPRzpdoJ4lOKbvRnhYnc0EVav8RJ7WR2AZ8BV9o8MS', 'berthelot.nicole', '1962-10-03', 'https://cdn-icons-png.flaticon.com/512/3393/3393852.png', 'Gonzalez'),
(4373, 43, 52, 'gabriel.gaudin@bouvier.org', '[\"ROLE_USER\"]', '$2y$10$v1QxZ41p.NAoCFy4YZVmC.MRFMvnyOLFUzbdGrkYZ5kBgMewrVfJq', 'wjacques', '1966-01-30', 'https://cdn-icons.flaticon.com/png/512/1090/premium/1090806.png?token=exp=1641899702~hmac=54cf59726506b8ed7f77b4bba23bdda4', 'LeclercVille'),
(4374, 42, 53, 'guillaume54@tele2.fr', '[\"ROLE_USER\"]', '$2y$10$U0vOJTiG5oZCY9RR9iJz.ulFQH.XLwgO4uL1WHWlMo6IawNL8koyW', 'ybesnard', '1987-01-04', 'https://cdn-icons-png.flaticon.com/512/3393/3393852.png', 'Duval'),
(4375, NULL, NULL, 'alphonse14@faure.com', '[\"ROLE_USER\"]', '$2y$10$pt9mSCyWBkkz3fYQaQ5/9OgGAEhWuJCzVD1OMGwt7vUbeAkbhPkde', 'guyon.marc', '1978-10-25', 'https://cdn-icons-png.flaticon.com/512/1752/1752772.png', 'Sanchez-sur-Aubry'),
(4376, 44, 54, 'qlabbe@orange.fr', '[\"ROLE_USER\"]', '$2y$10$1iwEq2JU/e3Aq369YPrG9e/Rr4R2F.e7Ypv29M664PQFV1zYhbpoi', 'elisabeth.buisson', '2006-12-02', 'https://cdn-icons-png.flaticon.com/512/528/528107.png', 'Renaud'),
(4377, 43, 53, 'wdias@live.com', '[\"ROLE_USER\"]', '$2y$10$Hv.5oOawRJvRl9dSxtuLh.L4ApbQKZH9.UsfCuSd5cs5BWj53//bi', 'nicolas17', '1987-02-25', 'https://cdn-icons.flaticon.com/png/512/2520/premium/2520865.png?token=exp=1641899519~hmac=dd214a475e4fdbc17f353ae828106d7e', 'Perrindan'),
(4378, 44, NULL, 'suzanne26@benoit.fr', '[\"ROLE_USER\"]', '$2y$10$2JWJ5x3YBWpUGfrtdXl4Ie2jr46ZymF2i4LiXMkpGo4cqTJxoE3Ra', 'alexandrie77', '1976-01-13', 'https://cdn-icons-png.flaticon.com/512/924/924874.png', 'Michaud-sur-Mer'),
(4379, 42, 53, 'wruiz@orange.fr', '[\"ROLE_USER\"]', '$2y$10$dfQ.TAemkaKYwhtglxcC3emCSqYBcKUtAvydRXjJt852uXPp.iBrq', 'bigot.pierre', '1983-11-04', 'https://cdn-icons.flaticon.com/png/512/1211/premium/1211015.png?token=exp=1641899224~hmac=3a28f8e149a633bcf6812e2b4d7d6b08', 'MalletVille'),
(4380, NULL, 53, 'thamon@wanadoo.fr', '[\"ROLE_USER\"]', '$2y$10$G9bg1Wk2eDD2eeilr9yzpuBNcbzsiahnV9RUyZIneIwesoJQuq7YC', 'guillet.andree', '2004-05-04', 'https://cdn-icons-png.flaticon.com/512/528/528107.png', 'Pichondan'),
(4381, 44, NULL, 'gerard.anouk@dbmail.com', '[\"ROLE_USER\"]', '$2y$10$JcfoeHZfSutodSyNyAxR3upf438EGEO2YA0snIeRcHzVCGZA2NSue', 'boulanger.clemence', '1965-04-22', 'https://cdn-icons-png.flaticon.com/512/306/306772.png', 'Coulon'),
(4382, 44, 52, 'lchauveau@live.com', '[\"ROLE_USER\"]', '$2y$10$d.j3QaVgQGxVZh5GnHJl8.MmINyyQxcL9hp.ZX/GTfh4JD7XlOkkG', 'roy.victoire', '1995-08-09', 'https://cdn-icons-png.flaticon.com/512/189/189000.png', 'Kleindan'),
(4383, 42, 55, 'charrier.suzanne@coulon.net', '[\"ROLE_USER\"]', '$2y$10$s4szfXlQMruyg8322Qbq3.9Yc1rXJWcdiwd20txXkN.QM25dPBYDS', 'elodie39', '1975-05-13', 'https://cdn-icons-png.flaticon.com/512/528/528111.png', 'Albertnec'),
(4384, 42, NULL, 'hubert.louise@dumont.fr', '[\"ROLE_USER\"]', '$2y$10$7r8KUaSPYEtYPlJXDhXCgOPAyYSLT3T1RbHNhvYF68DdStb67LGdm', 'marchand.honore', '1997-11-06', 'https://cdn-icons.flaticon.com/png/512/1985/premium/1985783.png?token=exp=1641899777~hmac=467dad371dbd0417fc9f459b8fcfa7d0', 'Descamps'),
(4385, NULL, 52, 'ymace@bernier.fr', '[\"ROLE_USER\"]', '$2y$10$.w4XiSK8tkl.AcQeXhi2quhc3En4UHTdzLqUK2GE6RCoGKfgqZXCe', 'adelaide32', '1996-09-10', 'https://cdn-icons-png.flaticon.com/512/189/189000.png', 'Wagner'),
(4386, 43, 53, 'parent.arthur@tele2.fr', '[\"ROLE_USER\"]', '$2y$10$SlOMM81NghVgh.L2qRj81OWU6Hp.wsV.lfpu482pLPJtTSFAoAb6e', 'charles.roche', '2008-09-05', 'https://cdn-icons-png.flaticon.com/512/452/452539.png', 'Poulaindan'),
(4387, 44, NULL, 'besson.marine@hotmail.fr', '[\"ROLE_USER\"]', '$2y$10$DX5Uc53YGyTUzq4/zc7rbu.IQJGh1reBUkiMXhylpdm.cwP/S0vq2', 'ljacquet', '1980-09-29', 'https://cdn-icons.flaticon.com/png/512/1985/premium/1985783.png?token=exp=1641899777~hmac=467dad371dbd0417fc9f459b8fcfa7d0', 'Neveu-la-Forêt'),
(4388, 44, 53, 'brigitte.moreau@orange.fr', '[\"ROLE_USER\"]', '$2y$10$/KmKMjysICfpBO7AR1E5tuQa0URq/01wZQ7G844.StOBFeYVy1Nva', 'ybuisson', '2007-05-27', 'https://cdn-icons-png.flaticon.com/512/189/189000.png', 'Dupuy'),
(4389, 44, 53, 'pierre.legoff@lejeune.com', '[\"ROLE_USER\"]', '$2y$10$.Dbu.0tD7zT40Mjpx9VwFuzCr8NibzuZxbo0OW2tvQT4f6Nb8iIwW', 'lopes.danielle', '2002-03-30', 'https://cdn-icons-png.flaticon.com/512/1752/1752772.png', 'Rossi-sur-Martins'),
(4390, NULL, NULL, 'adele09@guillet.fr', '[\"ROLE_USER\"]', '$2y$10$T8/GL5nLpuVDBo4CCH8QfOgup1ULB2P8CsQNz.6bIoLeV4VEhjrqq', 'simone.masse', '1985-03-31', 'https://cdn-icons-png.flaticon.com/512/1674/1674292.png', 'Laporte'),
(4391, 43, 53, 'veronique85@club-internet.fr', '[\"ROLE_USER\"]', '$2y$10$nWDA4pFidUi2J9C7lYDGP.THy.zUjHCAkbMs5nnoI.oEsHmSE3QCW', 'klein.andre', '1965-06-06', 'https://cdn-icons.flaticon.com/png/512/1211/premium/1211015.png?token=exp=1641899224~hmac=3a28f8e149a633bcf6812e2b4d7d6b08', 'Lacombe-sur-Didier'),
(4392, 43, 55, 'hmaury@wanadoo.fr', '[\"ROLE_USER\"]', '$2y$10$t05xWAbP55w4ZcIeVasbp.emZ6.YP3STTaHVNnzENazqGJ9PsXivm', 'henry.eric', '1995-12-02', 'https://cdn-icons.flaticon.com/png/512/1211/premium/1211015.png?token=exp=1641899224~hmac=3a28f8e149a633bcf6812e2b4d7d6b08', 'Texier'),
(4393, 43, NULL, 'noel19@hotmail.fr', '[\"ROLE_USER\"]', '$2y$10$yrzD17/wKnhSKCa/94Tqlunoq/4nVCsY9wRhMaQH8T.iPFkqHzxu2', 'aurore24', '1979-11-29', 'https://cdn-icons.flaticon.com/png/512/1211/premium/1211015.png?token=exp=1641899224~hmac=3a28f8e149a633bcf6812e2b4d7d6b08', 'Buisson-sur-Gros'),
(4394, 42, 53, 'isaac36@fouquet.com', '[\"ROLE_USER\"]', '$2y$10$gtV38Lxp7VRWoduJEHBEdOh0d3iWEptAhG4duUXPBP4vdEfof4FyK', 'sebastien.picard', '1999-10-15', 'https://cdn-icons-png.flaticon.com/512/3393/3393852.png', 'Lebrun'),
(4395, NULL, 55, 'jacques.chevallier@dbmail.com', '[\"ROLE_USER\"]', '$2y$10$aPlbOpJb6Ng3AVikmEXPvumi8P53UmXNNgfsuoquD.iOnb7Wi026u', 'duhamel.virginie', '1988-08-10', 'https://cdn-icons-png.flaticon.com/512/528/528111.png', 'Denis'),
(4396, 43, NULL, 'pons.franck@berthelot.net', '[\"ROLE_USER\"]', '$2y$10$lfaWy1OuLupLvezaUrvJLe9Mz8FTSZk3ZYe.ipNFJMa3p89fCH90y', 'bmichel', '2006-10-19', 'https://cdn-icons-png.flaticon.com/512/1120/1120972.png', 'Brunel'),
(4397, 42, 54, 'chauvin.victor@traore.com', '[\"ROLE_USER\"]', '$2y$10$cuIV53JO1h0FGNLLc1mvj.4WcTbvwoemYL5WPueu7l9ru2aa6ud.i', 'egrondin', '1964-06-20', 'https://cdn-icons-png.flaticon.com/512/1674/1674291.png', 'Caron'),
(4398, 43, 54, 'joseph37@lagarde.com', '[\"ROLE_USER\"]', '$2y$10$F4o7uV09b8hifBZEp2e5puqyHiAiG5XNyhHs09Skqba9CRMGyGaya', 'amuller', '1988-08-25', 'https://cdn-icons-png.flaticon.com/512/528/528111.png', 'Antoine-la-Forêt'),
(4399, 44, NULL, 'kblot@club-internet.fr', '[\"ROLE_USER\"]', '$2y$10$a6QCWMB1xvArtA0n1KZk4elRaCKtpFmOEc81Iexer6uTpf9Rjvdma', 'remy.tessier', '1995-01-16', 'https://cdn-icons-png.flaticon.com/512/1674/1674292.png', 'Davidnec');
INSERT INTO `user` (`id`, `profile_id`, `level_id`, `email`, `roles`, `password`, `username`, `birthdate`, `picture`, `city`) VALUES
(4400, NULL, 52, 'capucine20@chevalier.fr', '[\"ROLE_USER\"]', '$2y$10$FdcVZpgiEkWpmH.Z.LVZwOoLtt.h0zpcTbZgEry2srr7Ll9ekxZlC', 'celine.marin', '1991-12-17', 'https://cdn-icons.flaticon.com/png/512/1211/premium/1211015.png?token=exp=1641899224~hmac=3a28f8e149a633bcf6812e2b4d7d6b08', 'Humbertnec'),
(4401, 42, 55, 'bertrand23@free.fr', '[\"ROLE_USER\"]', '$2y$10$ulLlropDZu/Xwkvn4TX1kOaS0Ut7EVBj3u2q1tFNR0nkXWmAPbjfe', 'leroux.dominique', '2004-01-23', 'https://cdn-icons-png.flaticon.com/512/871/871366.png', 'Rodrigues'),
(4402, 43, NULL, 'amelie25@masson.fr', '[\"ROLE_USER\"]', '$2y$10$vN.HOLGv5c6edxeomD8vwuldnG8uoFHLHjvPD8Ykizqz3OsyHoIkK', 'alix47', '1991-05-30', 'https://cdn-icons.flaticon.com/png/512/2520/premium/2520865.png?token=exp=1641899519~hmac=dd214a475e4fdbc17f353ae828106d7e', 'Schmitt'),
(4403, 44, 54, 'utexier@guichard.fr', '[\"ROLE_USER\"]', '$2y$10$rT7cDt6lj9NPNld09cgfAOBUiNbQ5qeM1EM3WILB8Ucm4sSWKqoaS', 'maillet.francois', '1965-01-14', 'https://cdn-icons-png.flaticon.com/512/1674/1674292.png', 'Maillard'),
(4404, 42, 53, 'fischer.adrienne@david.net', '[\"ROLE_USER\"]', '$2y$10$UiMOFGocFZtWl85k4i8VC.o8Loq4iQC85pyRzRITQO1CSx0rLEboi', 'anouk13', '1986-11-25', 'https://cdn-icons-png.flaticon.com/512/189/189000.png', 'Courtois'),
(4405, NULL, NULL, 'louise.lelievre@rousseau.net', '[\"ROLE_USER\"]', '$2y$10$hBk7WrNU0EvmXjVr7FU/c.srTc.fpDQuZGLJh17M7FNf22FE.KKZK', 'thierry30', '1964-10-23', 'https://cdn-icons-png.flaticon.com/512/924/924874.png', 'Guillotdan'),
(4406, 44, 52, 'crobin@robin.fr', '[\"ROLE_USER\"]', '$2y$10$eUHigvUxSS7iIaR3lTNi4.oIL7UCBJ6Q0iKDEOhws.Gcry4c7xJOm', 'legros.marie', '1973-11-23', 'https://cdn-icons.flaticon.com/png/512/1985/premium/1985783.png?token=exp=1641899777~hmac=467dad371dbd0417fc9f459b8fcfa7d0', 'Robinnec'),
(4407, 44, 52, 'renee.texier@weiss.fr', '[\"ROLE_USER\"]', '$2y$10$YNrTyt11G6ntNf6smMNgNuTVpFNM/GzvMc1Z/mEcPYgtT28MjTNv2', 'amartineau', '2004-08-02', 'https://cdn-icons-png.flaticon.com/512/189/189000.png', 'Legrand-sur-Ferreira'),
(4408, 44, NULL, 'danielle46@tele2.fr', '[\"ROLE_USER\"]', '$2y$10$D0z7vDOV/7OoTknX7WTXn.zwbCS.xk7Y.veAaSzrbvH68znKAenwW', 'guy.vaillant', '1964-12-09', 'https://cdn-icons.flaticon.com/png/512/2423/premium/2423830.png?token=exp=1641899421~hmac=08269d202be75908dc10a7f02ca0d797', 'Mace'),
(4409, 42, 53, 'stephane38@orange.fr', '[\"ROLE_USER\"]', '$2y$10$tD3f.YFV/hkT6Og21w55V.twHp3Hq6TEVR0SPvo88RXRiv192LsXC', 'matthieu.joubert', '1977-01-06', 'https://cdn-icons-png.flaticon.com/512/1120/1120972.png', 'Rochernec'),
(4410, NULL, 53, 'jacques.roussel@roux.net', '[\"ROLE_USER\"]', '$2y$10$832FxsuXGQY3f5ZaV2Hrf.PnemIsK0ZuHyia2dcFBp7bGKnBZsr4O', 'maryse.rousseau', '1999-04-25', 'https://cdn-icons-png.flaticon.com/512/452/452539.png', 'Sanchez'),
(4411, 43, NULL, 'vtexier@pasquier.fr', '[\"ROLE_USER\"]', '$2y$10$W7fPR23n0reSpMWmw5FoRu1K3MZ3BNtjSRIZJEXHRXf03fjdNmnT.', 'bernard.aimee', '1998-07-20', 'https://cdn-icons-png.flaticon.com/512/306/306772.png', 'Bouvier-les-Bains'),
(4412, 42, 55, 'marcel.millet@free.fr', '[\"ROLE_USER\"]', '$2y$10$c7Vs34xK/wD4fag3K/iuuOTKlhMDVIymSpOXJuWvuv/ZCWhu/6J.W', 'roland33', '1990-06-29', 'https://cdn-icons.flaticon.com/png/512/1090/premium/1090806.png?token=exp=1641899702~hmac=54cf59726506b8ed7f77b4bba23bdda4', 'Blanchet'),
(4413, 42, 52, 'bertrand.lopes@dbmail.com', '[\"ROLE_USER\"]', '$2y$10$sJ.v/H5vM.6W.ySe6gVVmO5zXjLPIX.G8cUs8FFMrPfJWxvdaCM/C', 'tessier.audrey', '1998-10-24', 'https://cdn-icons-png.flaticon.com/512/1752/1752772.png', 'RouxBourg'),
(4414, 43, NULL, 'penelope17@letellier.fr', '[\"ROLE_USER\"]', '$2y$10$2aup0aA3XxsicFEcTGZX4uA48aGzGDBqRxQ4ZF9sv5bkWqDz1ORUi', 'ppasquier', '1969-05-13', 'https://cdn-icons-png.flaticon.com/512/189/189000.png', 'RouxBourg'),
(4415, NULL, 53, 'pallain@laposte.net', '[\"ROLE_USER\"]', '$2y$10$uDtHcrf5PhSlmnu875tWqefivOowJveIyd18NHlLWwpa.vOpzDz0C', 'aurore.dupre', '1976-01-17', 'https://cdn-icons-png.flaticon.com/512/871/871366.png', 'TraoreVille'),
(4416, 43, 52, 'auguste06@masse.fr', '[\"ROLE_USER\"]', '$2y$10$Yo2iOR6ap2RY55jBiPrhy.WvP6XeagDfHUF6diuvq3AO6gt/Zt55i', 'gonzalez.stephane', '2001-12-24', 'https://cdn-icons-png.flaticon.com/512/1752/1752772.png', 'Chauvet'),
(4417, 42, NULL, 'aperrot@club-internet.fr', '[\"ROLE_USER\"]', '$2y$10$g3GkjbM9nmfRE93d27hvi.10xsEmENvBWMMNG.HEHmLixnM5BBZ9G', 'louise.ramos', '1964-11-21', 'https://cdn-icons.flaticon.com/png/512/1985/premium/1985783.png?token=exp=1641899777~hmac=467dad371dbd0417fc9f459b8fcfa7d0', 'Humbert-sur-Teixeira'),
(4418, 43, 52, 'helene98@bousquet.com', '[\"ROLE_USER\"]', '$2y$10$F3hzi6CL1H9ooiR/8Iak4.anZuBi01VNfCKXUx36gxyBJ89cAL52O', 'cecile07', '1967-01-10', 'https://cdn-icons.flaticon.com/png/512/2671/premium/2671422.png?token=exp=1641899777~hmac=5ab4dd5190ff90327964da4573142588', 'Blanc'),
(4419, 42, 54, 'chantal.clerc@sfr.fr', '[\"ROLE_USER\"]', '$2y$10$7IbCf8ACy9BKxy2HvhzW1u8Wxt8TorNBbAId/Vc1Qw2ohfvpSdoVm', 'alphonse.chretien', '1992-05-07', 'https://cdn-icons.flaticon.com/png/512/1090/premium/1090806.png?token=exp=1641899702~hmac=54cf59726506b8ed7f77b4bba23bdda4', 'Potierdan'),
(4420, NULL, NULL, 'theophile.garcia@garcia.fr', '[\"ROLE_USER\"]', '$2y$10$YNREDLqT/fI.ZJEFynS6y.mdU5rFrb0LyzyqH1QYYwyn/OP6Rbp2y', 'wmasse', '1985-04-21', 'https://cdn-icons-png.flaticon.com/512/435/435048.png', 'Costa'),
(4421, 42, 52, 'patrick08@roux.com', '[\"ROLE_USER\"]', '$2y$10$4EAMK9T4k/R6MHlAVYBVwumaJjNS5CnqE83B90gLASKUqu2k/VHXi', 'susan36', '1994-02-06', 'https://cdn-icons.flaticon.com/png/512/1211/premium/1211015.png?token=exp=1641899224~hmac=3a28f8e149a633bcf6812e2b4d7d6b08', 'Guichard'),
(4422, 43, 53, 'rolland.olivie@wanadoo.fr', '[\"ROLE_USER\"]', '$2y$10$hShW4Vbj9nsuHNYsSc9oQ.rR0KTne5oxvDgumfZodMVSOdjoVUx9O', 'deschamps.patricia', '1970-09-26', 'https://cdn-icons-png.flaticon.com/512/435/435048.png', 'Blanchet'),
(4423, 43, NULL, 'martins.francois@noos.fr', '[\"ROLE_USER\"]', '$2y$10$W2n2pVfN0osmRGS51JTGW.Uu27dojp4BwNfYBEZuztUYiZKItG1GK', 'cbriand', '2003-04-06', 'https://cdn-icons.flaticon.com/png/512/1090/premium/1090806.png?token=exp=1641899702~hmac=54cf59726506b8ed7f77b4bba23bdda4', 'Petitjean'),
(4424, 44, 53, 'regnier.emmanuel@orange.fr', '[\"ROLE_USER\"]', '$2y$10$HSECZPmhokHkWNvjUR13VOzRPtto7lpuBOcJtCM9JfzI5UuQyl71u', 'garnier.victor', '2002-07-07', 'https://cdn-icons.flaticon.com/png/512/1211/premium/1211015.png?token=exp=1641899224~hmac=3a28f8e149a633bcf6812e2b4d7d6b08', 'Pages-sur-Berger'),
(4425, NULL, 55, 'broger@tele2.fr', '[\"ROLE_USER\"]', '$2y$10$jtu5IxJVnRSgAQRZGJXlw.wxmvrdp4Ni6lBVPOpm0czws1wacrnTO', 'anne04', '1987-04-02', 'https://cdn-icons-png.flaticon.com/512/1674/1674291.png', 'Mercier'),
(4426, 44, NULL, 'franck01@raymond.net', '[\"ROLE_USER\"]', '$2y$10$yu2KT831cVG7fUFolztag.ol3ZKND6Kv/CIe2qso6E8Mi7BjZMROW', 'guillaume15', '1990-07-02', 'https://cdn-icons.flaticon.com/png/512/1211/premium/1211015.png?token=exp=1641899224~hmac=3a28f8e149a633bcf6812e2b4d7d6b08', 'Weber'),
(4427, 42, 54, 'david.honore@orange.fr', '[\"ROLE_USER\"]', '$2y$10$FkOTDCjuFyU4TbCJtRxmw.vowZBPgtbxIoN1dZmW1hndo9Wb0ZFMC', 'lemoine.patrick', '1980-11-16', 'https://cdn-icons.flaticon.com/png/512/1090/premium/1090806.png?token=exp=1641899702~hmac=54cf59726506b8ed7f77b4bba23bdda4', 'LamyVille'),
(4428, 43, 54, 'edevaux@club-internet.fr', '[\"ROLE_USER\"]', '$2y$10$6tNcwaxc6GCcZy7RVbMoRueL420SFeDWET9rlZu9/DoB71e4e54Ni', 'aime89', '1989-07-04', 'https://cdn-icons.flaticon.com/png/512/4218/premium/4218368.png?token=exp=1641899519~hmac=0bcfc455c9c4c1133d983b08a50346c4', 'Marquesdan'),
(4429, 43, NULL, 'tbarre@gmail.com', '[\"ROLE_USER\"]', '$2y$10$buuZhZeSr/9H5hLyuq3bXOrIemO4gmoKPMY0k09cluwHqZL.Z8DbC', 'mace.christine', '1996-01-04', 'https://cdn-icons-png.flaticon.com/512/435/435048.png', 'Da Costa-sur-De Oliveira'),
(4430, NULL, 54, 'dasilva.henriette@deschamps.com', '[\"ROLE_USER\"]', '$2y$10$.HTNPs.yYOo2DOLIYGroZ.mlJmiPkeVpRE4J9cYrMJKXvp/hZe8Cm', 'victor33', '1987-03-28', 'https://cdn-icons-png.flaticon.com/512/435/435048.png', 'Besson'),
(4431, 43, 53, 'clement.theophile@dias.org', '[\"ROLE_USER\"]', '$2y$10$kSnBIDbKZFLjkZJBU9hyIeFIBxDB6ePoTr6Xr56.T27kaZSZp0nWO', 'augustin.bousquet', '1963-09-16', 'https://cdn-icons-png.flaticon.com/512/1674/1674291.png', 'Dumas'),
(4432, 44, NULL, 'julien.collin@deschamps.com', '[\"ROLE_USER\"]', '$2y$10$dOe2c21AeXu1LQ/XpX77zeWNYLzQb0U3V8dBNITauKtqGsJ7Vr.XG', 'leleu.marianne', '1975-01-25', 'https://cdn-icons-png.flaticon.com/512/306/306772.png', 'Benoit'),
(4433, 44, 53, 'gallet.rene@gmail.com', '[\"ROLE_USER\"]', '$2y$10$/L0JfbeB1h4GVxJOyjHSRuexcRAruSST3OMLI4yMjtUKEUDnqXfEK', 'kmorin', '2007-10-07', 'https://cdn-icons-png.flaticon.com/512/528/528111.png', 'Morvan'),
(4434, 43, 54, 'vchartier@club-internet.fr', '[\"ROLE_USER\"]', '$2y$10$2iCffBg9aVW/SilFuFNaVuFXpoGbwz0P5XYGDW95w9kgTSfDG6Z.O', 'stephane.gautier', '1997-02-15', 'https://cdn-icons.flaticon.com/png/512/2520/premium/2520865.png?token=exp=1641899519~hmac=dd214a475e4fdbc17f353ae828106d7e', 'Le Gall'),
(4435, NULL, NULL, 'valerie.gilles@dbmail.com', '[\"ROLE_USER\"]', '$2y$10$lysAMxBY9GIIWHW0YxHKd..3NwQ/4hpfPEw.S9jetZ8rwWm.xWMMO', 'claude.launay', '2008-12-01', 'https://cdn-icons-png.flaticon.com/512/435/435048.png', 'Leconte-les-Bains'),
(4436, 43, 53, 'chauveau.timothee@delmas.com', '[\"ROLE_USER\"]', '$2y$10$NHY8l61yN3OsSb7tEcV6KObm29EOdEQ9La7xF1iLCToo2RLxNLVrm', 'christophe.grenier', '1993-10-10', 'https://cdn-icons.flaticon.com/png/512/2671/premium/2671422.png?token=exp=1641899777~hmac=5ab4dd5190ff90327964da4573142588', 'Nicolas-la-Forêt'),
(4437, 42, 53, 'dmichaud@torres.net', '[\"ROLE_USER\"]', '$2y$10$d4ne7C2.ojviD7LMEfoSpOe1Pu.nlJi3eRazIm7ZCBRkJb77iVZDu', 'antoine.marchal', '2004-06-24', 'https://cdn-icons.flaticon.com/png/512/2520/premium/2520865.png?token=exp=1641899519~hmac=dd214a475e4fdbc17f353ae828106d7e', 'Dumas-sur-Georges'),
(4438, 43, NULL, 'joseph.roger@hotmail.fr', '[\"ROLE_USER\"]', '$2y$10$cCxQnPSyyPMEC/p/8hoO5OlWARyCFaDqNd7/Uuep.q5AMghpsep2a', 'lejeune.andree', '2005-02-25', 'https://cdn-icons.flaticon.com/png/512/2520/premium/2520865.png?token=exp=1641899519~hmac=dd214a475e4fdbc17f353ae828106d7e', 'Fournier'),
(4439, 43, 54, 'claudine91@club-internet.fr', '[\"ROLE_USER\"]', '$2y$10$wWYW6jGUhD80UidLUYLpku7yTTbO1kOkBRNgqZdcPqXZPei2rh0yK', 'benard.gilbert', '1996-01-05', 'https://cdn-icons-png.flaticon.com/512/528/528107.png', 'Dumont-sur-Bourdon'),
(4440, NULL, 54, 'ibrunel@dbmail.com', '[\"ROLE_USER\"]', '$2y$10$a1EbiMJ5RhjhWY9Lr3BxDu.8b..ERsTFR93GrJaLStsYDVI5xOERm', 'martins.rene', '1991-05-30', 'https://cdn-icons.flaticon.com/png/512/2423/premium/2423830.png?token=exp=1641899421~hmac=08269d202be75908dc10a7f02ca0d797', 'Delahaye'),
(4441, 43, NULL, 'znoel@noos.fr', '[\"ROLE_USER\"]', '$2y$10$X7ueDevmby.Xs5msiVWgze.G.HMySO9A1RegD88cXbdY9rhGE1y9y', 'franck32', '2006-10-05', 'https://cdn-icons.flaticon.com/png/512/1211/premium/1211015.png?token=exp=1641899224~hmac=3a28f8e149a633bcf6812e2b4d7d6b08', 'LouisBourg'),
(4442, 44, 53, 'qbrunet@noos.fr', '[\"ROLE_USER\"]', '$2y$10$a5pdU2yxgAKZLCrafRSPI.eWCVWl2g9azTm4rgfvtWcGlykqGUTua', 'tristan.dupuis', '1980-02-09', 'https://cdn-icons-png.flaticon.com/512/1674/1674292.png', 'Carlierboeuf'),
(4443, 44, 54, 'fernandez.nicolas@wagner.com', '[\"ROLE_USER\"]', '$2y$10$LPbef4.IadoGI43NmS3fieDo0.1eSGvQQAGNOLncSHqG4DrDlpY3K', 'dpetit', '1995-06-05', 'https://cdn-icons.flaticon.com/png/512/1985/premium/1985783.png?token=exp=1641899777~hmac=467dad371dbd0417fc9f459b8fcfa7d0', 'Picardboeuf'),
(4444, 43, NULL, 'mdacosta@sfr.fr', '[\"ROLE_USER\"]', '$2y$10$Q2etzDE2erS59.JIDQFgUOVobpip0b2eOfnR03bXnZ4DJc3PoIDtS', 'hortense.schneider', '1991-04-10', 'https://cdn-icons.flaticon.com/png/512/1211/premium/1211015.png?token=exp=1641899224~hmac=3a28f8e149a633bcf6812e2b4d7d6b08', 'Lenoirboeuf'),
(4445, NULL, 53, 'alexandre62@clerc.org', '[\"ROLE_USER\"]', '$2y$10$PpH/kfR/Hng92Bx/khnqzuGnS9CbfKZ6vvf/uNojRq6vnMYwKwAE.', 'imartins', '1973-10-22', 'https://cdn-icons-png.flaticon.com/512/3393/3393852.png', 'Hernandezboeuf'),
(4446, 43, 55, 'augustin48@yahoo.fr', '[\"ROLE_USER\"]', '$2y$10$xcv4rQMi9SoFTZB7QYEC1..8Y4qk1uEY/C/zw5XcAlc4G8GFvo/te', 'pineau.sophie', '1979-10-21', 'https://cdn-icons-png.flaticon.com/512/924/924874.png', 'Vaillantboeuf'),
(4447, 43, NULL, 'gabriel83@tele2.fr', '[\"ROLE_USER\"]', '$2y$10$yXrSvKjmTy/v7Kjzd4Do3emqo7noKbzLspyVBKVQhOYRRih1FNS8G', 'christiane.boutin', '1978-12-27', 'https://cdn-icons-png.flaticon.com/512/924/924874.png', 'DescampsVille'),
(4448, 43, 53, 'marc.robert@denis.fr', '[\"ROLE_USER\"]', '$2y$10$HTEZKjMAu9gJbBXaYg9tb..eOKzv176jDUUhWnnd79Ciq1ZS6ZLHy', 'hubert.caroline', '1984-03-07', 'https://cdn-icons-png.flaticon.com/512/1752/1752772.png', 'Rey'),
(4449, 44, 54, 'arnaud.xavier@giraud.fr', '[\"ROLE_USER\"]', '$2y$10$Nojp42V3zk5S8Apg9ib/SeF8or4/8K4v5oB..Lv2JK7MWM0mAZa2C', 'dlemonnier', '1992-05-02', 'https://cdn-icons-png.flaticon.com/512/924/924874.png', 'Maillet-les-Bains'),
(4450, NULL, NULL, 'nicolas.lefort@didier.net', '[\"ROLE_USER\"]', '$2y$10$zbNZjRZ6oSago8Qngxrw/uNNFOXmwQ38EmjypRYqTapYRjAR77qna', 'zacharie.duhamel', '1966-03-09', 'https://cdn-icons.flaticon.com/png/512/4218/premium/4218368.png?token=exp=1641899519~hmac=0bcfc455c9c4c1133d983b08a50346c4', 'Denis-la-Forêt'),
(4451, 43, 53, 'caroline76@free.fr', '[\"ROLE_USER\"]', '$2y$10$opMifGt.iCEF1YBG0RF3mOQFS3g5WK62U1YV/4DAwJXomIn4J1U/q', 'vaubry', '1988-11-17', 'https://cdn-icons-png.flaticon.com/512/435/435048.png', 'Letellier-la-Forêt'),
(4452, 43, 55, 'legoff.patrick@dasilva.com', '[\"ROLE_USER\"]', '$2y$10$MS6swHsf72JDB71EREOmc.nFbvBa.twjUUpTlHXEXfz85.P67qA2m', 'bertrand98', '1982-11-04', 'https://cdn-icons.flaticon.com/png/512/1985/premium/1985783.png?token=exp=1641899777~hmac=467dad371dbd0417fc9f459b8fcfa7d0', 'Chartier-les-Bains'),
(4453, 42, NULL, 'obrunet@hotmail.fr', '[\"ROLE_USER\"]', '$2y$10$wgA9HBZDhODjOuadeXEC.e4WxPfsa32whisOnZp.zjnH619Q9X466', 'weiss.sophie', '2005-02-25', 'https://cdn-icons.flaticon.com/png/512/1211/premium/1211015.png?token=exp=1641899224~hmac=3a28f8e149a633bcf6812e2b4d7d6b08', 'Prevost-la-Forêt'),
(4454, 43, 52, 'lemaitre.jean@coulon.fr', '[\"ROLE_USER\"]', '$2y$10$Al9mLtFpQW8DIgP2NMUAgOlqyqqV7qBPB9mK6MRpnsdXBVnivjqKy', 'kdacosta', '1969-02-16', 'https://cdn-icons.flaticon.com/png/512/2671/premium/2671422.png?token=exp=1641899777~hmac=5ab4dd5190ff90327964da4573142588', 'BretonVille'),
(4455, NULL, 55, 'guillet.stephane@dbmail.com', '[\"ROLE_USER\"]', '$2y$10$VOkBCXRPfQdo6prtNfiErO7yMhR6bjs92CjOx4WTqiFQcdyKgm7ZG', 'roland70', '1982-01-11', 'https://cdn-icons-png.flaticon.com/512/1120/1120972.png', 'Ramos-sur-Mer'),
(4456, 43, NULL, 'mmunoz@germain.net', '[\"ROLE_USER\"]', '$2y$10$vNxonXzbbfhza5h4AtYUk.mJaghyGL/tfI.pM5sNGszosm/.bl2Vu', 'marechal.martin', '1995-06-26', 'https://cdn-icons.flaticon.com/png/512/2423/premium/2423830.png?token=exp=1641899421~hmac=08269d202be75908dc10a7f02ca0d797', 'Gautier'),
(4457, 43, 55, 'chevallier.nicole@wanadoo.fr', '[\"ROLE_USER\"]', '$2y$10$izdbPeydiiMId8.MxiuJsOMSOtxuq1I47Cdcw.Wfn7QklxryqCHIm', 'ccaron', '1990-09-21', 'https://cdn-icons-png.flaticon.com/512/924/924874.png', 'Weiss'),
(4458, 43, 52, 'wledoux@gerard.net', '[\"ROLE_USER\"]', '$2y$10$WVSc6ovN597ffKpYwDWF6.5yjzvRIyYbvQ1gj8ZOTZA9riN84KuOe', 'daniel.gilbert', '1964-11-20', 'https://cdn-icons.flaticon.com/png/512/4218/premium/4218368.png?token=exp=1641899519~hmac=0bcfc455c9c4c1133d983b08a50346c4', 'Duhamel-sur-Perez'),
(4459, 42, NULL, 'nmarty@laposte.net', '[\"ROLE_USER\"]', '$2y$10$T1o13zLpX0V2bQ7zThsdv.rZy3hIphh12RKSNLg13FLM9.BguwYgW', 'bodin.corinne', '1993-07-19', 'https://cdn-icons.flaticon.com/png/512/2671/premium/2671422.png?token=exp=1641899777~hmac=5ab4dd5190ff90327964da4573142588', 'Techer-sur-Pruvost'),
(4460, NULL, 55, 'bertrand.leleu@dijoux.com', '[\"ROLE_USER\"]', '$2y$10$7OQV/MlFdIPZWB3wN3UBiOpQni6MW9wJnSXYosN.4wk3b94HnTdGW', 'nvidal', '2006-05-03', 'https://cdn-icons-png.flaticon.com/512/452/452539.png', 'Maurynec'),
(4461, 43, 54, 'eleonore.garcia@tessier.fr', '[\"ROLE_USER\"]', '$2y$10$ZFzHXfpBCzMzZCXEltH6VOHSGalkUc7bObxer3Hgxmg5xLkq3nvaC', 'ymartin', '1987-07-31', 'https://cdn-icons-png.flaticon.com/512/1120/1120972.png', 'Poirier'),
(4462, 42, NULL, 'theodore.paul@sfr.fr', '[\"ROLE_USER\"]', '$2y$10$Wp1akoBZx3rDyBrMJMB12OKo8GtQ3GsXJRlMlew5LvcbUj48/Kxla', 'cecile37', '1997-08-31', 'https://cdn-icons.flaticon.com/png/512/4218/premium/4218368.png?token=exp=1641899519~hmac=0bcfc455c9c4c1133d983b08a50346c4', 'Marin'),
(4463, 44, 54, 'remy11@yahoo.fr', '[\"ROLE_USER\"]', '$2y$10$PRx9hpcoxtRmNsrMmN90Def4rR9MknHt.88r4p1DWMiyy45opVgw6', 'laure09', '1972-02-17', 'https://cdn-icons.flaticon.com/png/512/2671/premium/2671422.png?token=exp=1641899777~hmac=5ab4dd5190ff90327964da4573142588', 'Lelievre'),
(4464, 43, 55, 'guillaume.robert@blin.fr', '[\"ROLE_USER\"]', '$2y$10$izSPeq22ms3JTmTseSSym.lWtgXfbwIEvFB6VxVMS.q/QQHJuGS1e', 'yverdier', '1994-08-16', 'https://cdn-icons-png.flaticon.com/512/1674/1674292.png', 'Martydan'),
(4465, NULL, NULL, 'noemi22@live.com', '[\"ROLE_USER\"]', '$2y$10$mwmonZ4W67B.R793aBJx0uK8kPTDKXv1GAq0/2Q7clyrAX7KWr7Ki', 'dmarin', '2003-12-16', 'https://cdn-icons.flaticon.com/png/512/1090/premium/1090806.png?token=exp=1641899702~hmac=54cf59726506b8ed7f77b4bba23bdda4', 'Brunel'),
(4466, 44, 54, 'monique.coste@auger.fr', '[\"ROLE_USER\"]', '$2y$10$mArFkuIjDlXZMKS5E/DJjOoOA/P3giCRxIvaPSAe7pKvMeZPCc7rW', 'egilles', '1975-08-29', 'https://cdn-icons-png.flaticon.com/512/452/452539.png', 'Chevallier-sur-Garnier'),
(4467, 43, 52, 'suzanne70@sfr.fr', '[\"ROLE_USER\"]', '$2y$10$p6VnGZn9mqDlly7.4PEkLOWkdP6rB5U4CdvDeE2ciKAbUNwDCS6Oa', 'aime.nguyen', '1964-11-25', 'https://cdn-icons.flaticon.com/png/512/2423/premium/2423830.png?token=exp=1641899421~hmac=08269d202be75908dc10a7f02ca0d797', 'Lebretonnec'),
(4468, 42, NULL, 'kpineau@alves.fr', '[\"ROLE_USER\"]', '$2y$10$DaLtDfhVF8TypVvHeTsSNuuU85LbyFZRxVSCM3FuZMPZCjHqXD96G', 'hortense43', '1985-12-20', 'https://cdn-icons-png.flaticon.com/512/306/306772.png', 'Grenier'),
(4469, 43, 52, 'lcharpentier@tele2.fr', '[\"ROLE_USER\"]', '$2y$10$O99jaaOKcm53tXcUzYECD.kqbDX0Sn9/IRrYtYpdSUuLdaB2Arc7i', 'ndescamps', '1993-09-03', 'https://cdn-icons-png.flaticon.com/512/871/871366.png', 'Laporte'),
(4470, NULL, 52, 'gregoire.lesage@samson.com', '[\"ROLE_USER\"]', '$2y$10$i0NIF3ic8jAUgF0nLcQAAeHLTARMCYQWQoYPOWghuOovERCOlLLdO', 'etienne.sylvie', '1999-02-23', 'https://cdn-icons-png.flaticon.com/512/1120/1120972.png', 'Morin'),
(4471, 42, NULL, 'perrin.hugues@yahoo.fr', '[\"ROLE_USER\"]', '$2y$10$Ct0ZDe0KNrsOrp4tLWl4zehJ1MkFS1Ic74fFTYM8xp.N9opfhiiKe', 'desousa.frederic', '1996-01-13', 'https://cdn-icons-png.flaticon.com/512/528/528111.png', 'Lemaitre'),
(4472, 44, 54, 'dorothee88@noos.fr', '[\"ROLE_USER\"]', '$2y$10$J0En1KfPIDMUX/7l4iONY.OwHH3Sadnbi6n1N9cOuuuGBKFgzexSq', 'georges85', '1994-05-26', 'https://cdn-icons-png.flaticon.com/512/1752/1752772.png', 'Leblanc'),
(4473, 44, 52, 'adele68@dbmail.com', '[\"ROLE_USER\"]', '$2y$10$xWHuC2hsDyYBJUIeimujsuXs8U.XfQnx0l1i4Sjp8FwldvdDEaeWW', 'nath.dasilva', '1968-08-30', 'https://cdn-icons-png.flaticon.com/512/528/528107.png', 'Bigotdan'),
(4474, 44, NULL, 'theodore84@poirier.org', '[\"ROLE_USER\"]', '$2y$10$NWtU79gZX.U7AKLPDwsMJ.lEfthiZZdT2GuoXLdFZ2iYSsEkMU3d2', 'laurent50', '1981-05-11', 'https://cdn-icons-png.flaticon.com/512/189/189000.png', 'BonninVille'),
(4475, NULL, 53, 'helene19@neveu.com', '[\"ROLE_USER\"]', '$2y$10$82hlap8QF5BVJMSiwf.FEesIqHY6wC7AowZAsvG92Mt5GQ3gOzM2S', 'aimee82', '1971-05-27', 'https://cdn-icons.flaticon.com/png/512/1211/premium/1211015.png?token=exp=1641899224~hmac=3a28f8e149a633bcf6812e2b4d7d6b08', 'Olivier'),
(4476, 43, 54, 'guerin.josette@hotmail.fr', '[\"ROLE_USER\"]', '$2y$10$K.MY85AFTeAeJVEkfF73beznWV/SR6HxXK6RSVsGBGZZHHcXjfieq', 'gabriel22', '1985-11-19', 'https://cdn-icons-png.flaticon.com/512/1752/1752772.png', 'Ferrand'),
(4477, 44, NULL, 'thamon@free.fr', '[\"ROLE_USER\"]', '$2y$10$N5.sFSQjWZl.1Bb4eG0QHuIC820u51wfK15rShXOnJjIeX.BBjtam', 'joseph.schmitt', '2000-12-31', 'https://cdn-icons.flaticon.com/png/512/1211/premium/1211015.png?token=exp=1641899224~hmac=3a28f8e149a633bcf6812e2b4d7d6b08', 'Hernandez'),
(4478, 43, 52, 'srolland@leroy.com', '[\"ROLE_USER\"]', '$2y$10$TCFJDO35UHx7Jj4gYmOdIOqBhUQ25a1ZakprPIT1/CJQ6cdUccfBa', 'georges.normand', '1971-11-12', 'https://cdn-icons-png.flaticon.com/512/3393/3393852.png', 'Jourdan'),
(4479, 43, 53, 'alexandre.vallet@yahoo.fr', '[\"ROLE_USER\"]', '$2y$10$W.XflpLOIeMAkNiXWGBW2.0s1yaxzGUKtfcxB94VQtNRP.1YsIRzC', 'jacqueline.leroux', '1996-05-20', 'https://cdn-icons-png.flaticon.com/512/924/924874.png', 'Le Gall-sur-Becker'),
(4480, NULL, NULL, 'moreau.etienne@legros.com', '[\"ROLE_USER\"]', '$2y$10$rJw3DZRqOeGX1l1XQqZlKOKzJOQxDCVA00Zbu1FChVGU4bvnR5SdO', 'anastasie51', '1993-09-15', 'https://cdn-icons-png.flaticon.com/512/435/435048.png', 'FerrandVille'),
(4481, 44, 54, 'monique42@dbmail.com', '[\"ROLE_USER\"]', '$2y$10$SGUxippMK0bv/OpEqJ4Tw.ZOPIxOqvkQP6xN9xXfm/y/10/Stvplq', 'blanchard.alain', '1986-03-23', 'https://cdn-icons.flaticon.com/png/512/1090/premium/1090806.png?token=exp=1641899702~hmac=54cf59726506b8ed7f77b4bba23bdda4', 'Perrot-sur-Mer'),
(4482, 44, 52, 'nicole.fontaine@alexandre.com', '[\"ROLE_USER\"]', '$2y$10$kC5xtYaQ1RMGCTdmG4gV4uC0cfrrBaT6MkNdUHIFAgB1BH1/e0CJe', 'jbazin', '1966-06-15', 'https://cdn-icons.flaticon.com/png/512/2520/premium/2520865.png?token=exp=1641899519~hmac=dd214a475e4fdbc17f353ae828106d7e', 'Pierre'),
(4483, 44, NULL, 'olivier78@wanadoo.fr', '[\"ROLE_USER\"]', '$2y$10$pcsfTgB3D2iDZ38SCPSSg.ct7JN2OJZzGcROBZ65PKbxlT2BIjcK6', 'ocarre', '1980-01-01', 'https://cdn-icons-png.flaticon.com/512/1120/1120972.png', 'Gregoire-sur-Gimenez'),
(4484, 44, 54, 'texier.daniel@jacquot.net', '[\"ROLE_USER\"]', '$2y$10$qwRC1xHQRIqEZ4y/581OWOevGau86i4tGuUm0sP4nmgyKg8q/wPaO', 'jerome.klein', '1963-01-20', 'https://cdn-icons-png.flaticon.com/512/924/924874.png', 'Danielnec'),
(4485, NULL, 54, 'celine.laporte@free.fr', '[\"ROLE_USER\"]', '$2y$10$mjoFdUYoAyIzhqEod9w7bewuq3ssaltYMskkYvZRFSm0GJ.oo26Ee', 'arthur50', '2002-05-01', 'https://cdn-icons-png.flaticon.com/512/435/435048.png', 'Denis'),
(4486, 43, NULL, 'virginie99@diallo.fr', '[\"ROLE_USER\"]', '$2y$10$fsuivF0B9.N8oUeFUTlt3uekoSzXYUN0O5EWDD/QAWMexNXGR67Na', 'olivie67', '1987-02-24', 'https://cdn-icons-png.flaticon.com/512/528/528107.png', 'Navarro-sur-Martel'),
(4487, 44, 54, 'therese.david@hernandez.com', '[\"ROLE_USER\"]', '$2y$10$raxLJfR73PtqaRvG4cnkOOlK7LvY7dPDs4n/c9s04YYcMkvP8uqY2', 'qdubois', '1987-01-11', 'https://cdn-icons-png.flaticon.com/512/452/452539.png', 'Leconte'),
(4488, 43, 55, 'jerome.thierry@pichon.com', '[\"ROLE_USER\"]', '$2y$10$3en5kqu7ruDaPsXSi0Z5TeL3pQB6he2AknNNu.U61MPIK2plpBlNq', 'martine.auger', '1986-12-25', 'https://cdn-icons-png.flaticon.com/512/3393/3393852.png', 'Devaux'),
(4489, 44, NULL, 'nrichard@sfr.fr', '[\"ROLE_USER\"]', '$2y$10$3hVHDBOCJHJmtU4eD4G6Gef/Iga5qAhXzUnQtbRCYoC0qKNAWw8Qy', 'thomas95', '1988-02-02', 'https://cdn-icons.flaticon.com/png/512/1090/premium/1090806.png?token=exp=1641899702~hmac=54cf59726506b8ed7f77b4bba23bdda4', 'Gallet'),
(4490, NULL, 53, 'besnard.frederic@gmail.com', '[\"ROLE_USER\"]', '$2y$10$Jskpf52pS0JTwNGUqAEYNOoCdWH8y8pMwVBBzQBYOgLtY7epz/Pf2', 'guerin.honore', '1992-11-09', 'https://cdn-icons-png.flaticon.com/512/1674/1674292.png', 'JulienVille'),
(4491, 42, 54, 'marcel64@laroche.net', '[\"ROLE_USER\"]', '$2y$10$HP.cP8hK7WaVoM2AnMqiEOXLU16w7VoR7l.81QguSPooUorxFEcjm', 'mmoreau', '1976-07-02', 'https://cdn-icons-png.flaticon.com/512/528/528107.png', 'MarechalVille'),
(4492, 43, NULL, 'leroy.edith@hotmail.fr', '[\"ROLE_USER\"]', '$2y$10$aVzQ9uQs1lo0hXCgSSctxOgScuevdXbPK8z2GrrIhkqQPBn3GqJFq', 'mdufour', '1969-09-02', 'https://cdn-icons-png.flaticon.com/512/306/306772.png', 'Jean'),
(4493, 42, 52, 'fpages@laposte.net', '[\"ROLE_USER\"]', '$2y$10$PYsoRX8hayKuvqT9l930zu0P4qcwv1UmVYw8x77XoFd0C.Iger.2G', 'xmaillot', '1967-09-06', 'https://cdn-icons-png.flaticon.com/512/3393/3393852.png', 'Parent-sur-Barthelemy'),
(4494, 42, 55, 'sabine72@live.com', '[\"ROLE_USER\"]', '$2y$10$uwGpeJ2gJI9WiTEs46XZt.HCnzqP.Rwu0NEiMVEre5chHi7FPIgoW', 'alice83', '1970-03-09', 'https://cdn-icons-png.flaticon.com/512/452/452539.png', 'BigotBourg'),
(4495, NULL, NULL, 'gautier.emile@live.com', '[\"ROLE_USER\"]', '$2y$10$7bEbyeZ1wYbGN.n1QfYAaO7Ndpdfd5FJ8iPKg6FSEA.EmeYvfCcYy', 'emile.couturier', '1963-05-01', 'https://cdn-icons.flaticon.com/png/512/1090/premium/1090806.png?token=exp=1641899702~hmac=54cf59726506b8ed7f77b4bba23bdda4', 'Ribeiro'),
(4496, 43, 53, 'benjamin.pichon@diaz.fr', '[\"ROLE_USER\"]', '$2y$10$g5B3Cm5jfTHCu2dG0OP32e82AZPpjQoPA2n/Knfe9i.weXf2jIgk.', 'etraore', '2003-09-15', 'https://cdn-icons.flaticon.com/png/512/2671/premium/2671422.png?token=exp=1641899777~hmac=5ab4dd5190ff90327964da4573142588', 'Camus'),
(4497, 43, 55, 'eleonore73@hamon.fr', '[\"ROLE_USER\"]', '$2y$10$oumYrv/AQ64o1E9bL9eZoOIY3XIeXL7qwWHF9lPdarU8W4gbKooiO', 'maggie09', '1998-06-21', 'https://cdn-icons-png.flaticon.com/512/1752/1752772.png', 'Sanchez-sur-Morel'),
(4498, 42, NULL, 'marguerite.vincent@dupuis.net', '[\"ROLE_USER\"]', '$2y$10$OEdqAX8ILUyxd/NYb.jDG.zyTsNncW8CFY4U/cJQyq2ODXfdgk.rW', 'josette.lefort', '1996-05-17', 'https://cdn-icons-png.flaticon.com/512/435/435048.png', 'Paul'),
(4499, 43, 53, 'oboucher@orange.fr', '[\"ROLE_USER\"]', '$2y$10$z6XjkbpM9ws6BuxiBi33De8rTX6kZl88jKCuV9Y95oRcrCuGz8aFW', 'guy.rodrigues', '2002-11-25', 'https://cdn-icons.flaticon.com/png/512/1090/premium/1090806.png?token=exp=1641899702~hmac=54cf59726506b8ed7f77b4bba23bdda4', 'Bigot-sur-Vincent'),
(4500, NULL, 52, 'theophile.sanchez@club-internet.fr', '[\"ROLE_USER\"]', '$2y$10$Z2roqZl.wnGGFxxTG4DrXegBx0ATTeZFsIuFcTlQ3D.n.RsT8qJtK', 'thibault.pierre', '1987-07-08', 'https://cdn-icons-png.flaticon.com/512/1674/1674292.png', 'Carlier-sur-Pasquier');

-- --------------------------------------------------------

--
-- Structure de la table `user_board_game`
--

CREATE TABLE `user_board_game` (
  `user_id` int(11) NOT NULL,
  `board_game_id` int(11) NOT NULL
) ENGINE=InnoDB DEFAULT CHARSET=utf8mb4 COLLATE=utf8mb4_unicode_ci;

--
-- Déchargement des données de la table `user_board_game`
--

INSERT INTO `user_board_game` (`user_id`, `board_game_id`) VALUES
(4001, 1035),
(4002, 1060),
(4003, 1055),
(4004, 1075),
(4005, 1006),
(4006, 1020),
(4008, 1048),
(4009, 1018),
(4010, 1011),
(4011, 1012),
(4012, 1029),
(4013, 1068),
(4015, 1018),
(4016, 1027),
(4017, 1099),
(4018, 1050),
(4019, 1012),
(4020, 1055),
(4022, 1052),
(4023, 1063),
(4024, 1100),
(4025, 1062),
(4026, 1060),
(4027, 1030),
(4029, 1048),
(4030, 1058),
(4031, 1045),
(4032, 1028),
(4033, 1068),
(4034, 1044),
(4036, 1051),
(4037, 1036),
(4038, 1031),
(4039, 1008),
(4040, 1038),
(4041, 1054),
(4043, 1040),
(4044, 1028),
(4045, 1022),
(4046, 1061),
(4047, 1050),
(4048, 1007),
(4050, 1069),
(4051, 1020),
(4052, 1080),
(4053, 1096),
(4054, 1087),
(4055, 1035),
(4057, 1093),
(4058, 1020),
(4059, 1070),
(4060, 1029),
(4061, 1081),
(4062, 1012),
(4064, 1034),
(4065, 1068),
(4066, 1058),
(4067, 1023),
(4068, 1100),
(4069, 1097),
(4071, 1061),
(4072, 1050),
(4073, 1016),
(4074, 1037),
(4075, 1059),
(4076, 1015),
(4078, 1007),
(4079, 1080),
(4080, 1088),
(4081, 1087),
(4082, 1035),
(4083, 1056),
(4085, 1027),
(4086, 1050),
(4087, 1064),
(4088, 1004),
(4089, 1055),
(4090, 1031),
(4092, 1099),
(4093, 1037),
(4094, 1022),
(4095, 1074),
(4096, 1094),
(4097, 1088),
(4099, 1076),
(4100, 1045),
(4101, 1081),
(4102, 1079),
(4103, 1093),
(4104, 1023),
(4106, 1013),
(4107, 1047),
(4108, 1007),
(4109, 1032),
(4110, 1064),
(4111, 1021),
(4113, 1072),
(4114, 1042),
(4115, 1019),
(4116, 1092),
(4117, 1066),
(4118, 1036),
(4120, 1086),
(4121, 1037),
(4122, 1081),
(4123, 1017),
(4124, 1013),
(4125, 1015),
(4127, 1040),
(4128, 1051),
(4129, 1094),
(4130, 1022),
(4131, 1080),
(4132, 1030),
(4134, 1023),
(4135, 1028),
(4136, 1002),
(4137, 1030),
(4138, 1029),
(4139, 1069),
(4141, 1032),
(4142, 1073),
(4143, 1066),
(4144, 1044),
(4145, 1017),
(4146, 1006),
(4148, 1005),
(4149, 1021),
(4150, 1091),
(4151, 1077),
(4152, 1049),
(4153, 1029),
(4155, 1013),
(4156, 1076),
(4157, 1043),
(4158, 1036),
(4159, 1050),
(4160, 1065),
(4162, 1051),
(4163, 1012),
(4164, 1030),
(4165, 1012),
(4166, 1076),
(4167, 1035),
(4169, 1082),
(4170, 1041),
(4171, 1097),
(4172, 1081),
(4173, 1057),
(4174, 1054),
(4176, 1024),
(4177, 1089),
(4178, 1067),
(4179, 1052),
(4180, 1072),
(4181, 1012),
(4183, 1042),
(4184, 1024),
(4185, 1015),
(4186, 1061),
(4187, 1016),
(4188, 1092),
(4190, 1090),
(4191, 1099),
(4192, 1048),
(4193, 1066),
(4194, 1008),
(4195, 1017),
(4197, 1093),
(4198, 1031),
(4199, 1056),
(4200, 1077),
(4201, 1008),
(4202, 1089),
(4204, 1001),
(4205, 1044),
(4206, 1082),
(4207, 1018),
(4208, 1091),
(4209, 1079),
(4211, 1003),
(4212, 1004),
(4213, 1009),
(4214, 1049),
(4215, 1083),
(4216, 1028),
(4218, 1061),
(4219, 1066),
(4220, 1061),
(4221, 1010),
(4222, 1040),
(4223, 1092),
(4225, 1058),
(4226, 1085),
(4227, 1004),
(4228, 1079),
(4229, 1098),
(4230, 1058),
(4232, 1080),
(4233, 1067),
(4234, 1009),
(4235, 1016),
(4236, 1079),
(4237, 1062),
(4239, 1061),
(4240, 1078),
(4241, 1047),
(4242, 1004),
(4243, 1015),
(4244, 1048),
(4246, 1005),
(4247, 1051),
(4248, 1004),
(4249, 1080),
(4250, 1008),
(4251, 1003),
(4253, 1087),
(4254, 1090),
(4255, 1046),
(4256, 1045),
(4257, 1092),
(4258, 1049),
(4260, 1006),
(4261, 1095),
(4262, 1046),
(4263, 1078),
(4264, 1035),
(4265, 1028),
(4267, 1075),
(4268, 1008),
(4269, 1097),
(4270, 1028),
(4271, 1096),
(4272, 1096),
(4274, 1093),
(4275, 1027),
(4276, 1093),
(4277, 1080),
(4278, 1026),
(4279, 1088),
(4281, 1005),
(4282, 1044),
(4283, 1022),
(4284, 1073),
(4285, 1079),
(4286, 1014),
(4288, 1009),
(4289, 1050),
(4290, 1006),
(4291, 1075),
(4292, 1093),
(4293, 1057),
(4295, 1003),
(4296, 1043),
(4297, 1042),
(4298, 1032),
(4299, 1037),
(4300, 1051),
(4302, 1015),
(4303, 1032),
(4304, 1071),
(4305, 1012),
(4306, 1061),
(4307, 1070),
(4309, 1018),
(4310, 1037),
(4311, 1008),
(4312, 1069),
(4313, 1048),
(4314, 1076),
(4316, 1060),
(4317, 1076),
(4318, 1010),
(4319, 1074),
(4320, 1055),
(4321, 1090),
(4323, 1053),
(4324, 1087),
(4325, 1074),
(4326, 1001),
(4327, 1071),
(4328, 1042),
(4330, 1024),
(4331, 1033),
(4332, 1069),
(4333, 1085),
(4334, 1018),
(4335, 1053),
(4337, 1021),
(4338, 1034),
(4339, 1037),
(4340, 1026),
(4341, 1095),
(4342, 1076),
(4344, 1031),
(4345, 1048),
(4346, 1098),
(4347, 1029),
(4348, 1027),
(4349, 1088),
(4351, 1081),
(4352, 1038),
(4353, 1064),
(4354, 1004),
(4355, 1080),
(4356, 1023),
(4358, 1079),
(4359, 1004),
(4360, 1047),
(4361, 1005),
(4362, 1028),
(4363, 1053),
(4365, 1025),
(4366, 1048),
(4367, 1097),
(4368, 1004),
(4369, 1087),
(4370, 1066),
(4372, 1034),
(4373, 1092),
(4374, 1001),
(4375, 1079),
(4376, 1007),
(4377, 1027),
(4379, 1064),
(4380, 1085),
(4381, 1056),
(4382, 1068),
(4383, 1019),
(4384, 1033),
(4386, 1039),
(4387, 1033),
(4388, 1055),
(4389, 1010),
(4390, 1045),
(4391, 1063),
(4393, 1098),
(4394, 1056),
(4395, 1096),
(4396, 1031),
(4397, 1007),
(4398, 1055),
(4400, 1072),
(4401, 1002),
(4402, 1075),
(4403, 1088),
(4404, 1042),
(4405, 1041),
(4407, 1004),
(4408, 1025),
(4409, 1048),
(4410, 1092),
(4411, 1039),
(4412, 1021),
(4414, 1080),
(4415, 1095),
(4416, 1081),
(4417, 1008),
(4418, 1080),
(4419, 1036),
(4421, 1068),
(4422, 1017),
(4423, 1033),
(4424, 1081),
(4425, 1079),
(4426, 1048),
(4428, 1037),
(4429, 1040),
(4430, 1091),
(4431, 1007),
(4432, 1028),
(4433, 1006),
(4435, 1051),
(4436, 1100),
(4437, 1016),
(4438, 1080),
(4439, 1060),
(4440, 1068),
(4442, 1022),
(4443, 1019),
(4444, 1035),
(4445, 1047),
(4446, 1044),
(4447, 1053),
(4449, 1094),
(4450, 1090),
(4451, 1054),
(4452, 1031),
(4453, 1015),
(4454, 1052),
(4456, 1059),
(4457, 1022),
(4458, 1026),
(4459, 1041),
(4460, 1010),
(4461, 1055),
(4463, 1069),
(4464, 1084),
(4465, 1006),
(4466, 1029),
(4467, 1056),
(4468, 1028),
(4470, 1096),
(4471, 1041),
(4472, 1078),
(4473, 1004),
(4474, 1090),
(4475, 1098),
(4477, 1046),
(4478, 1097),
(4479, 1077),
(4480, 1017),
(4481, 1002),
(4482, 1047),
(4484, 1053),
(4485, 1027),
(4486, 1025),
(4487, 1074),
(4488, 1020),
(4489, 1073),
(4491, 1008),
(4492, 1079),
(4493, 1088),
(4494, 1075),
(4495, 1039),
(4496, 1039),
(4498, 1084),
(4499, 1003),
(4500, 1032);

-- --------------------------------------------------------

--
-- Structure de la table `user_comic`
--

CREATE TABLE `user_comic` (
  `user_id` int(11) NOT NULL,
  `comic_id` int(11) NOT NULL
) ENGINE=InnoDB DEFAULT CHARSET=utf8mb4 COLLATE=utf8mb4_unicode_ci;

--
-- Déchargement des données de la table `user_comic`
--

INSERT INTO `user_comic` (`user_id`, `comic_id`) VALUES
(4001, 1038),
(4002, 1046),
(4003, 1019),
(4005, 1006),
(4006, 1090),
(4007, 1023),
(4009, 1084),
(4010, 1051),
(4011, 1050),
(4013, 1069),
(4014, 1033),
(4015, 1095),
(4017, 1074),
(4018, 1069),
(4019, 1013),
(4021, 1095),
(4022, 1046),
(4023, 1014),
(4025, 1054),
(4026, 1098),
(4027, 1085),
(4029, 1003),
(4030, 1025),
(4031, 1029),
(4033, 1093),
(4034, 1082),
(4035, 1084),
(4037, 1032),
(4038, 1016),
(4039, 1012),
(4041, 1077),
(4042, 1076),
(4043, 1066),
(4045, 1066),
(4046, 1066),
(4047, 1025),
(4049, 1096),
(4050, 1052),
(4051, 1067),
(4053, 1069),
(4054, 1058),
(4055, 1024),
(4057, 1024),
(4058, 1051),
(4059, 1094),
(4061, 1035),
(4062, 1001),
(4063, 1008),
(4065, 1036),
(4066, 1082),
(4067, 1080),
(4069, 1005),
(4070, 1008),
(4071, 1033),
(4073, 1082),
(4074, 1072),
(4075, 1031),
(4077, 1077),
(4078, 1046),
(4079, 1090),
(4081, 1030),
(4082, 1051),
(4083, 1057),
(4085, 1042),
(4086, 1012),
(4087, 1041),
(4089, 1071),
(4090, 1079),
(4091, 1003),
(4093, 1011),
(4094, 1029),
(4095, 1083),
(4097, 1076),
(4098, 1054),
(4099, 1032),
(4101, 1016),
(4102, 1038),
(4103, 1009),
(4105, 1041),
(4106, 1081),
(4107, 1018),
(4109, 1080),
(4110, 1030),
(4111, 1002),
(4113, 1025),
(4114, 1100),
(4115, 1068),
(4117, 1018),
(4118, 1021),
(4119, 1082),
(4121, 1011),
(4122, 1033),
(4123, 1059),
(4125, 1082),
(4126, 1086),
(4127, 1044),
(4129, 1023),
(4130, 1064),
(4131, 1015),
(4133, 1014),
(4134, 1019),
(4135, 1055),
(4137, 1090),
(4138, 1041),
(4139, 1036),
(4141, 1016),
(4142, 1096),
(4143, 1047),
(4145, 1075),
(4146, 1048),
(4147, 1095),
(4149, 1089),
(4150, 1095),
(4151, 1093),
(4153, 1015),
(4154, 1052),
(4155, 1050),
(4157, 1067),
(4158, 1058),
(4159, 1073),
(4161, 1054),
(4162, 1050),
(4163, 1067),
(4165, 1025),
(4166, 1009),
(4167, 1005),
(4169, 1042),
(4170, 1076),
(4171, 1026),
(4173, 1019),
(4174, 1051),
(4175, 1003),
(4177, 1008),
(4178, 1031),
(4179, 1049),
(4181, 1075),
(4182, 1028),
(4183, 1049),
(4185, 1026),
(4186, 1042),
(4187, 1051),
(4189, 1024),
(4190, 1054),
(4191, 1085),
(4193, 1029),
(4194, 1059),
(4195, 1069),
(4197, 1033),
(4198, 1001),
(4199, 1021),
(4201, 1069),
(4202, 1031),
(4203, 1076),
(4205, 1018),
(4206, 1078),
(4207, 1084),
(4209, 1044),
(4210, 1024),
(4211, 1055),
(4213, 1032),
(4214, 1050),
(4215, 1039),
(4217, 1084),
(4218, 1027),
(4219, 1036),
(4221, 1083),
(4222, 1008),
(4223, 1070),
(4225, 1091),
(4226, 1005),
(4227, 1043),
(4229, 1051),
(4230, 1031),
(4231, 1090),
(4233, 1060),
(4234, 1052),
(4235, 1060),
(4237, 1039),
(4238, 1016),
(4239, 1066),
(4241, 1100),
(4242, 1052),
(4243, 1024),
(4245, 1098),
(4246, 1004),
(4247, 1055),
(4249, 1053),
(4250, 1007),
(4251, 1074),
(4253, 1085),
(4254, 1075),
(4255, 1039),
(4257, 1017),
(4258, 1019),
(4259, 1011),
(4261, 1017),
(4262, 1063),
(4263, 1044),
(4265, 1033),
(4266, 1010),
(4267, 1085),
(4269, 1083),
(4270, 1055),
(4271, 1027),
(4273, 1061),
(4274, 1007),
(4275, 1086),
(4277, 1093),
(4278, 1012),
(4279, 1032),
(4281, 1095),
(4282, 1057),
(4283, 1033),
(4285, 1058),
(4286, 1021),
(4287, 1009),
(4289, 1052),
(4290, 1034),
(4291, 1062),
(4293, 1037),
(4294, 1004),
(4295, 1002),
(4297, 1072),
(4298, 1067),
(4299, 1024),
(4301, 1034),
(4302, 1058),
(4303, 1020),
(4305, 1068),
(4306, 1013),
(4307, 1060),
(4309, 1034),
(4310, 1050),
(4311, 1092),
(4313, 1064),
(4314, 1021),
(4315, 1084),
(4317, 1006),
(4318, 1082),
(4319, 1060),
(4321, 1004),
(4322, 1062),
(4323, 1049),
(4325, 1012),
(4326, 1075),
(4327, 1033),
(4329, 1063),
(4330, 1092),
(4331, 1081),
(4333, 1047),
(4334, 1094),
(4335, 1099),
(4337, 1057),
(4338, 1031),
(4339, 1071),
(4341, 1050),
(4342, 1089),
(4343, 1094),
(4345, 1059),
(4346, 1001),
(4347, 1007),
(4349, 1074),
(4350, 1021),
(4351, 1090),
(4353, 1080),
(4354, 1013),
(4355, 1040),
(4357, 1025),
(4358, 1041),
(4359, 1005),
(4361, 1061),
(4362, 1042),
(4363, 1046),
(4365, 1082),
(4366, 1044),
(4367, 1089),
(4369, 1056),
(4370, 1015),
(4371, 1044),
(4373, 1015),
(4374, 1035),
(4375, 1085),
(4377, 1087),
(4378, 1053),
(4379, 1016),
(4381, 1072),
(4382, 1034),
(4383, 1045),
(4385, 1004),
(4386, 1013),
(4387, 1044),
(4389, 1084),
(4390, 1097),
(4391, 1087),
(4393, 1005),
(4394, 1099),
(4395, 1098),
(4397, 1020),
(4398, 1005),
(4399, 1027),
(4401, 1074),
(4402, 1018),
(4403, 1037),
(4405, 1047),
(4406, 1053),
(4407, 1076),
(4409, 1052),
(4410, 1067),
(4411, 1068),
(4413, 1057),
(4414, 1085),
(4415, 1028),
(4417, 1021),
(4418, 1014),
(4419, 1027),
(4421, 1077),
(4422, 1075),
(4423, 1089),
(4425, 1003),
(4426, 1076),
(4427, 1050),
(4429, 1009),
(4430, 1078),
(4431, 1054),
(4433, 1044),
(4434, 1069),
(4435, 1017),
(4437, 1047),
(4438, 1041),
(4439, 1039),
(4441, 1082),
(4442, 1017),
(4443, 1026),
(4445, 1098),
(4446, 1026),
(4447, 1095),
(4449, 1093),
(4450, 1059),
(4451, 1023),
(4453, 1034),
(4454, 1014),
(4455, 1053),
(4457, 1032),
(4458, 1039),
(4459, 1008),
(4461, 1048),
(4462, 1021),
(4463, 1063),
(4465, 1076),
(4466, 1011),
(4467, 1057),
(4469, 1034),
(4470, 1044),
(4471, 1094),
(4473, 1046),
(4474, 1050),
(4475, 1087),
(4477, 1089),
(4478, 1044),
(4479, 1068),
(4481, 1095),
(4482, 1093),
(4483, 1080),
(4485, 1033),
(4486, 1034),
(4487, 1098),
(4489, 1031),
(4490, 1040),
(4491, 1014),
(4493, 1003),
(4494, 1094),
(4495, 1029),
(4497, 1002),
(4498, 1066),
(4499, 1076);

-- --------------------------------------------------------

--
-- Structure de la table `user_level`
--

CREATE TABLE `user_level` (
  `id` int(11) NOT NULL,
  `name` varchar(50) COLLATE utf8mb4_unicode_ci NOT NULL
) ENGINE=InnoDB DEFAULT CHARSET=utf8mb4 COLLATE=utf8mb4_unicode_ci;

--
-- Déchargement des données de la table `user_level`
--

INSERT INTO `user_level` (`id`, `name`) VALUES
(51, 'Débutant'),
(52, 'Occasionnel'),
(53, 'Intermédiaire'),
(54, 'Confirmé'),
(55, 'Professionnel');

-- --------------------------------------------------------

--
-- Structure de la table `user_manga`
--

CREATE TABLE `user_manga` (
  `user_id` int(11) NOT NULL,
  `manga_id` int(11) NOT NULL
) ENGINE=InnoDB DEFAULT CHARSET=utf8mb4 COLLATE=utf8mb4_unicode_ci;

--
-- Déchargement des données de la table `user_manga`
--

INSERT INTO `user_manga` (`user_id`, `manga_id`) VALUES
(4001, 1054),
(4002, 1092),
(4003, 1057),
(4004, 1088),
(4006, 1018),
(4007, 1059),
(4008, 1013),
(4009, 1065),
(4011, 1075),
(4012, 1027),
(4013, 1022),
(4014, 1048),
(4016, 1058),
(4017, 1096),
(4018, 1041),
(4019, 1033),
(4021, 1035),
(4022, 1085),
(4023, 1040),
(4024, 1070),
(4026, 1095),
(4027, 1071),
(4028, 1030),
(4029, 1088),
(4031, 1027),
(4032, 1093),
(4033, 1086),
(4034, 1026),
(4036, 1098),
(4037, 1051),
(4038, 1021),
(4039, 1005),
(4041, 1055),
(4042, 1092),
(4043, 1013),
(4044, 1068),
(4046, 1054),
(4047, 1001),
(4048, 1054),
(4049, 1026),
(4051, 1052),
(4052, 1002),
(4053, 1021),
(4054, 1088),
(4056, 1043),
(4057, 1002),
(4058, 1078),
(4059, 1030),
(4061, 1049),
(4062, 1028),
(4063, 1058),
(4064, 1049),
(4066, 1028),
(4067, 1086),
(4068, 1058),
(4069, 1039),
(4071, 1007),
(4072, 1061),
(4073, 1018),
(4074, 1073),
(4076, 1052),
(4077, 1060),
(4078, 1019),
(4079, 1023),
(4081, 1035),
(4082, 1054),
(4083, 1061),
(4084, 1096),
(4086, 1058),
(4087, 1016),
(4088, 1088),
(4089, 1076),
(4091, 1044),
(4092, 1049),
(4093, 1048),
(4094, 1060),
(4096, 1006),
(4097, 1046),
(4098, 1090),
(4099, 1095),
(4101, 1002),
(4102, 1057),
(4103, 1085),
(4104, 1079),
(4106, 1030),
(4107, 1092),
(4108, 1099),
(4109, 1012),
(4111, 1073),
(4112, 1017),
(4113, 1044),
(4114, 1032),
(4116, 1026),
(4117, 1088),
(4118, 1035),
(4119, 1004),
(4121, 1015),
(4122, 1006),
(4123, 1065),
(4124, 1064),
(4126, 1048),
(4127, 1027),
(4128, 1056),
(4129, 1039),
(4131, 1072),
(4132, 1080),
(4133, 1092),
(4134, 1076),
(4136, 1025),
(4137, 1097),
(4138, 1097),
(4139, 1086),
(4141, 1087),
(4142, 1068),
(4143, 1088),
(4144, 1086),
(4146, 1032),
(4147, 1055),
(4148, 1057),
(4149, 1079),
(4151, 1010),
(4152, 1027),
(4153, 1080),
(4154, 1089),
(4156, 1092),
(4157, 1048),
(4158, 1010),
(4159, 1026),
(4161, 1069),
(4162, 1082),
(4163, 1092),
(4164, 1054),
(4166, 1029),
(4167, 1091),
(4168, 1066),
(4169, 1030),
(4171, 1082),
(4172, 1053),
(4173, 1066),
(4174, 1051),
(4176, 1090),
(4177, 1031),
(4178, 1073),
(4179, 1007),
(4181, 1009),
(4182, 1088),
(4183, 1034),
(4184, 1066),
(4186, 1094),
(4187, 1027),
(4188, 1044),
(4189, 1049),
(4191, 1028),
(4192, 1045),
(4193, 1024),
(4194, 1063),
(4196, 1026),
(4197, 1076),
(4198, 1088),
(4199, 1015),
(4201, 1097),
(4202, 1029),
(4203, 1045),
(4204, 1008),
(4206, 1002),
(4207, 1081),
(4208, 1028),
(4209, 1011),
(4211, 1030),
(4212, 1053),
(4213, 1045),
(4214, 1086),
(4216, 1015),
(4217, 1091),
(4218, 1002),
(4219, 1045),
(4221, 1054),
(4222, 1043),
(4223, 1071),
(4224, 1075),
(4226, 1076),
(4227, 1087),
(4228, 1029),
(4229, 1091),
(4231, 1070),
(4232, 1022),
(4233, 1014),
(4234, 1094),
(4236, 1049),
(4237, 1023),
(4238, 1069),
(4239, 1081),
(4241, 1035),
(4242, 1034),
(4243, 1071),
(4244, 1062),
(4246, 1078),
(4247, 1049),
(4248, 1100),
(4249, 1019),
(4251, 1085),
(4252, 1055),
(4253, 1038),
(4254, 1039),
(4256, 1060),
(4257, 1012),
(4258, 1060),
(4259, 1031),
(4261, 1040),
(4262, 1084),
(4263, 1071),
(4264, 1014),
(4266, 1029),
(4267, 1064),
(4268, 1030),
(4269, 1080),
(4271, 1013),
(4272, 1004),
(4273, 1026),
(4274, 1097),
(4276, 1033),
(4277, 1016),
(4278, 1091),
(4279, 1092),
(4281, 1094),
(4282, 1028),
(4283, 1016),
(4284, 1082),
(4286, 1042),
(4287, 1017),
(4288, 1027),
(4289, 1060),
(4291, 1053),
(4292, 1035),
(4293, 1077),
(4294, 1063),
(4296, 1025),
(4297, 1034),
(4298, 1022),
(4299, 1051),
(4301, 1040),
(4302, 1032),
(4303, 1092),
(4304, 1016),
(4306, 1025),
(4307, 1064),
(4308, 1035),
(4309, 1053),
(4311, 1074),
(4312, 1051),
(4313, 1084),
(4314, 1074),
(4316, 1091),
(4317, 1041),
(4318, 1010),
(4319, 1078),
(4321, 1054),
(4322, 1024),
(4323, 1061),
(4324, 1013),
(4326, 1090),
(4327, 1073),
(4328, 1046),
(4329, 1044),
(4331, 1068),
(4332, 1100),
(4333, 1061),
(4334, 1030),
(4336, 1063),
(4337, 1076),
(4338, 1082),
(4339, 1096),
(4341, 1034),
(4342, 1098),
(4343, 1097),
(4344, 1078),
(4346, 1051),
(4347, 1004),
(4348, 1037),
(4349, 1026),
(4351, 1098),
(4352, 1050),
(4353, 1049),
(4354, 1079),
(4356, 1094),
(4357, 1020),
(4358, 1056),
(4359, 1005),
(4361, 1063),
(4362, 1012),
(4363, 1031),
(4364, 1028),
(4366, 1093),
(4367, 1078),
(4368, 1063),
(4369, 1079),
(4371, 1051),
(4372, 1089),
(4373, 1080),
(4374, 1094),
(4376, 1016),
(4377, 1061),
(4378, 1030),
(4379, 1061),
(4381, 1025),
(4382, 1062),
(4383, 1081),
(4384, 1009),
(4386, 1009),
(4387, 1055),
(4388, 1052),
(4389, 1016),
(4391, 1080),
(4392, 1078),
(4393, 1084),
(4394, 1085),
(4396, 1043),
(4397, 1036),
(4398, 1028),
(4399, 1007),
(4401, 1066),
(4402, 1094),
(4403, 1092),
(4404, 1025),
(4406, 1006),
(4407, 1072),
(4408, 1059),
(4409, 1091),
(4411, 1059),
(4412, 1078),
(4413, 1035),
(4414, 1003),
(4416, 1016),
(4417, 1037),
(4418, 1078),
(4419, 1011),
(4421, 1046),
(4422, 1043),
(4423, 1053),
(4424, 1082),
(4426, 1093),
(4427, 1001),
(4428, 1036),
(4429, 1095),
(4431, 1084),
(4432, 1053),
(4433, 1073),
(4434, 1063),
(4436, 1002),
(4437, 1034),
(4438, 1008),
(4439, 1019),
(4441, 1029),
(4442, 1014),
(4443, 1063),
(4444, 1034),
(4446, 1051),
(4447, 1064),
(4448, 1037),
(4449, 1087),
(4451, 1071),
(4452, 1022),
(4453, 1021),
(4454, 1031),
(4456, 1092),
(4457, 1050),
(4458, 1100),
(4459, 1075),
(4461, 1004),
(4462, 1083),
(4463, 1008),
(4464, 1036),
(4466, 1087),
(4467, 1084),
(4468, 1045),
(4469, 1066),
(4471, 1032),
(4472, 1019),
(4473, 1014),
(4474, 1098),
(4476, 1046),
(4477, 1071),
(4478, 1058),
(4479, 1047),
(4481, 1001),
(4482, 1015),
(4483, 1031),
(4484, 1094),
(4486, 1011),
(4487, 1044),
(4488, 1024),
(4489, 1042),
(4491, 1056),
(4492, 1085),
(4493, 1078),
(4494, 1051),
(4496, 1075),
(4497, 1061),
(4498, 1087),
(4499, 1030);

-- --------------------------------------------------------

--
-- Structure de la table `user_profile`
--

CREATE TABLE `user_profile` (
  `id` int(11) NOT NULL,
  `name` varchar(50) COLLATE utf8mb4_unicode_ci DEFAULT NULL
) ENGINE=InnoDB DEFAULT CHARSET=utf8mb4 COLLATE=utf8mb4_unicode_ci;

--
-- Déchargement des données de la table `user_profile`
--

INSERT INTO `user_profile` (`id`, `name`) VALUES
(41, 'Gamer'),
(42, 'Joueur de jeux de société'),
(43, 'Lecteur de mangas'),
(44, 'Lecteur de comics');

-- --------------------------------------------------------

--
-- Structure de la table `user_video_game`
--

CREATE TABLE `user_video_game` (
  `user_id` int(11) NOT NULL,
  `video_game_id` int(11) NOT NULL
) ENGINE=InnoDB DEFAULT CHARSET=utf8mb4 COLLATE=utf8mb4_unicode_ci;

--
-- Déchargement des données de la table `user_video_game`
--

INSERT INTO `user_video_game` (`user_id`, `video_game_id`) VALUES
(4001, 1087),
(4002, 1063),
(4004, 1040),
(4005, 1016),
(4007, 1033),
(4008, 1084),
(4010, 1041),
(4011, 1053),
(4013, 1081),
(4014, 1046),
(4016, 1058),
(4017, 1088),
(4019, 1001),
(4020, 1075),
(4022, 1090),
(4023, 1084),
(4025, 1009),
(4026, 1066),
(4028, 1075),
(4029, 1048),
(4031, 1005),
(4032, 1063),
(4034, 1023),
(4035, 1045),
(4037, 1023),
(4038, 1012),
(4040, 1071),
(4041, 1079),
(4043, 1055),
(4044, 1021),
(4046, 1035),
(4047, 1093),
(4049, 1077),
(4050, 1099),
(4052, 1051),
(4053, 1022),
(4055, 1041),
(4056, 1077),
(4058, 1035),
(4059, 1041),
(4061, 1027),
(4062, 1001),
(4064, 1039),
(4065, 1017),
(4067, 1003),
(4068, 1008),
(4070, 1072),
(4071, 1008),
(4073, 1079),
(4074, 1035),
(4076, 1060),
(4077, 1068),
(4079, 1033),
(4080, 1083),
(4082, 1099),
(4083, 1098),
(4085, 1066),
(4086, 1048),
(4088, 1026),
(4089, 1026),
(4091, 1021),
(4092, 1009),
(4094, 1014),
(4095, 1025),
(4097, 1030),
(4098, 1002),
(4100, 1051),
(4101, 1071),
(4103, 1100),
(4104, 1046),
(4106, 1082),
(4107, 1060),
(4109, 1030),
(4110, 1041),
(4112, 1057),
(4113, 1067),
(4115, 1062),
(4116, 1006),
(4118, 1095),
(4119, 1003),
(4121, 1035),
(4122, 1003),
(4124, 1059),
(4125, 1048),
(4127, 1060),
(4128, 1009),
(4130, 1014),
(4131, 1072),
(4133, 1012),
(4134, 1098),
(4136, 1100),
(4137, 1048),
(4139, 1041),
(4140, 1022),
(4142, 1039),
(4143, 1100),
(4145, 1079),
(4146, 1059),
(4148, 1086),
(4149, 1079),
(4151, 1091),
(4152, 1046),
(4154, 1042),
(4155, 1099),
(4157, 1048),
(4158, 1068),
(4160, 1094),
(4161, 1035),
(4163, 1040),
(4164, 1055),
(4166, 1037),
(4167, 1092),
(4169, 1010),
(4170, 1095),
(4172, 1039),
(4173, 1015),
(4175, 1069),
(4176, 1022),
(4178, 1068),
(4179, 1040),
(4181, 1022),
(4182, 1078),
(4184, 1092),
(4185, 1055),
(4187, 1025),
(4188, 1047),
(4190, 1032),
(4191, 1040),
(4193, 1027),
(4194, 1031),
(4196, 1008),
(4197, 1044),
(4199, 1065),
(4200, 1069),
(4202, 1074),
(4203, 1015),
(4205, 1037),
(4206, 1069),
(4208, 1012),
(4209, 1018),
(4211, 1089),
(4212, 1022),
(4214, 1079),
(4215, 1021),
(4217, 1063),
(4218, 1041),
(4220, 1063),
(4221, 1022),
(4223, 1035),
(4224, 1048),
(4226, 1070),
(4227, 1065),
(4229, 1029),
(4230, 1060),
(4232, 1012),
(4233, 1053),
(4235, 1027),
(4236, 1054),
(4238, 1017),
(4239, 1048),
(4241, 1092),
(4242, 1092),
(4244, 1060),
(4245, 1058),
(4247, 1049),
(4248, 1038),
(4250, 1006),
(4251, 1062),
(4253, 1019),
(4254, 1001),
(4256, 1078),
(4257, 1045),
(4259, 1096),
(4260, 1033),
(4262, 1062),
(4263, 1054),
(4265, 1043),
(4266, 1020),
(4268, 1088),
(4269, 1061),
(4271, 1022),
(4272, 1080),
(4274, 1071),
(4275, 1052),
(4277, 1032),
(4278, 1028),
(4280, 1009),
(4281, 1037),
(4283, 1040),
(4284, 1059),
(4286, 1033),
(4287, 1042),
(4289, 1075),
(4290, 1086),
(4292, 1059),
(4293, 1042),
(4295, 1020),
(4296, 1079),
(4298, 1003),
(4299, 1017),
(4301, 1064),
(4302, 1058),
(4304, 1048),
(4305, 1027),
(4307, 1017),
(4308, 1062),
(4310, 1088),
(4311, 1087),
(4313, 1015),
(4314, 1025),
(4316, 1035),
(4317, 1001),
(4319, 1023),
(4320, 1034),
(4322, 1073),
(4323, 1059),
(4325, 1002),
(4326, 1099),
(4328, 1001),
(4329, 1039),
(4331, 1090),
(4332, 1038),
(4334, 1076),
(4335, 1083),
(4337, 1048),
(4338, 1018),
(4340, 1050),
(4341, 1100),
(4343, 1084),
(4344, 1090),
(4346, 1012),
(4347, 1004),
(4349, 1084),
(4350, 1071),
(4352, 1029),
(4353, 1062),
(4355, 1048),
(4356, 1018),
(4358, 1020),
(4359, 1083),
(4361, 1054),
(4362, 1095),
(4364, 1044),
(4365, 1097),
(4367, 1026),
(4368, 1077),
(4370, 1004),
(4371, 1068),
(4373, 1039),
(4374, 1055),
(4376, 1019),
(4377, 1010),
(4379, 1044),
(4380, 1010),
(4382, 1084),
(4383, 1004),
(4385, 1055),
(4386, 1029),
(4388, 1093),
(4389, 1055),
(4391, 1074),
(4392, 1023),
(4394, 1026),
(4395, 1093),
(4397, 1017),
(4398, 1083),
(4400, 1069),
(4401, 1005),
(4403, 1016),
(4404, 1029),
(4406, 1005),
(4407, 1077),
(4409, 1033),
(4410, 1070),
(4412, 1031),
(4413, 1086),
(4415, 1077),
(4416, 1046),
(4418, 1080),
(4419, 1098),
(4421, 1094),
(4422, 1099),
(4424, 1023),
(4425, 1056),
(4427, 1068),
(4428, 1047),
(4430, 1042),
(4431, 1064),
(4433, 1058),
(4434, 1010),
(4436, 1046),
(4437, 1014),
(4439, 1001),
(4440, 1007),
(4442, 1005),
(4443, 1093),
(4445, 1093),
(4446, 1080),
(4448, 1033),
(4449, 1087),
(4451, 1027),
(4452, 1075),
(4454, 1010),
(4455, 1033),
(4457, 1018),
(4458, 1003),
(4460, 1037),
(4461, 1027),
(4463, 1022),
(4464, 1010),
(4466, 1036),
(4467, 1071),
(4469, 1067),
(4470, 1096),
(4472, 1091),
(4473, 1064),
(4475, 1057),
(4476, 1084),
(4478, 1077),
(4479, 1068),
(4481, 1053),
(4482, 1008),
(4484, 1099),
(4485, 1010),
(4487, 1097),
(4488, 1040),
(4490, 1033),
(4491, 1066),
(4493, 1074),
(4494, 1071),
(4496, 1082),
(4497, 1032),
(4499, 1061),
(4500, 1086);

-- --------------------------------------------------------

--
-- Structure de la table `video_game`
--

CREATE TABLE `video_game` (
  `id` int(11) NOT NULL,
  `category_id` int(11) NOT NULL,
  `name` varchar(50) COLLATE utf8mb4_unicode_ci NOT NULL,
  `description` longtext COLLATE utf8mb4_unicode_ci NOT NULL,
  `picture` varchar(255) COLLATE utf8mb4_unicode_ci NOT NULL
) ENGINE=InnoDB DEFAULT CHARSET=utf8mb4 COLLATE=utf8mb4_unicode_ci;

--
-- Déchargement des données de la table `video_game`
--

INSERT INTO `video_game` (`id`, `category_id`, `name`, `description`, `picture`) VALUES
(1001, 238, 'qui recusandae', 'Magnam at soluta aut. Molestiae dolor et ut voluptatem qui architecto. Quam quasi deleniti repellat optio quaerat et. Perspiciatis ea velit sit sit ab. Dolores blanditiis similique velit rerum iusto et officia. Dolores sunt corrupti doloribus. Nobis aliquam nulla qui ut. Consequatur sapiente porro velit numquam et enim aliquid. Sequi velit perferendis illum ad iste quasi. Quas dicta voluptatem laudantium placeat. Consectetur odit adipisci placeat architecto fuga est. Ab est occaecati culpa ipsa aperiam vero.', 'https://paradoxetemporel.fr/wp-content/uploads/2020/06/jaquette-the-last-of-us-part-2.jpg'),
(1002, 226, 'nisi est optio voluptatum', 'Excepturi optio enim minima expedita incidunt. Temporibus assumenda aliquam consequatur quos. Illum velit enim officia. Quod non illo cupiditate atque. Animi magni necessitatibus consequatur quod nobis ipsum quidem pariatur. Accusamus sit aperiam qui facilis alias blanditiis. Porro distinctio quasi quam aut mollitia reprehenderit ad. Nisi tenetur saepe maxime fugiat. In quasi nulla voluptatum. Excepturi ut odit occaecati facere. Fugiat ratione veniam dolore accusamus.', 'https://image.jeuxvideo.com/medias/163154/1631541998-5162-jaquette-avant.jpg'),
(1003, 225, 'autem', 'Impedit ea corrupti vero eligendi fugiat. Eum eveniet quibusdam molestiae blanditiis ut at quo. Esse aliquam explicabo nulla et iure qui. Iusto dolore enim et eum quia occaecati. Et amet est et ut pariatur quaerat omnis. Quia in eveniet molestiae explicabo. Et facilis ut sed corporis. Sint a veniam ut recusandae delectus eius et. Explicabo et aut modi. Occaecati facere sed laudantium placeat odio est eligendi. Adipisci voluptatem sint perspiciatis eum nobis tenetur ut error. Et est repellendus amet accusantium est. Eos et et et autem fugit maiores itaque. Hic non et beatae reiciendis saepe.', 'https://image.jeuxvideo.com/medias/142247/1422469608-7141-jaquette-avant.jpg'),
(1004, 236, 'consequuntur', 'Pariatur odit deserunt sed et iste et consequuntur. Unde cupiditate voluptatem aut numquam ut. Optio dolor vel itaque distinctio qui. Quas quia a voluptatum. Sapiente ipsam blanditiis omnis. Magni nihil suscipit veritatis velit in. Molestiae sunt dolorem debitis quae quis est. Vitae magni facere minus sequi fuga aut eos maiores. Dolor quas aliquid harum molestiae doloribus. Aspernatur molestiae commodi quia fuga dolor qui repellat. Cupiditate ab quam aut enim et et. Qui quis provident nemo placeat non et aut.', 'https://image.jeuxvideo.com/medias/163214/1632143636-6808-jaquette-avant.jpg'),
(1005, 232, 'sint et', 'Excepturi suscipit deserunt sed ea. Repellendus voluptatem beatae atque et. Veniam sapiente atque reiciendis voluptates consequatur. At et voluptatem error. Nulla nulla libero error ad voluptas tenetur qui. Dignissimos omnis illum dignissimos quae. Voluptatem ut ratione ipsa culpa eligendi. Suscipit eveniet qui nisi aut ut. Praesentium sit quia veniam. Non ipsam minima nihil eligendi nihil fuga quis quas. Consequatur porro possimus repellat. Quis natus modi qui qui odit et sit debitis.', 'https://image.jeuxvideo.com/medias/142247/1422469608-7141-jaquette-avant.jpg'),
(1006, 237, 'exercitationem ut ea quia', 'Quis ut ea libero sint quidem perspiciatis. Ipsum assumenda cum quod unde libero nobis dicta. Modi ratione non dolores. Consequatur cumque veritatis qui rem autem dolore. Exercitationem perspiciatis nulla facere beatae distinctio in. Et dolor labore asperiores beatae illo dolorem optio. Ea corrupti consequatur optio sed quam et. Libero ullam impedit velit quo modi. A quo architecto quam id omnis nam. In velit saepe est sequi amet aspernatur in. Similique nihil doloremque consectetur ipsum inventore. Consequatur quis sed natus quas dolorum. Maiores est et est nostrum.', 'https://image.jeuxvideo.com/medias/163299/1632989749-6428-jaquette-avant.gif'),
(1007, 235, 'totam esse facilis suscipit', 'Sapiente doloribus praesentium quo voluptatem. Dolores quis totam et aut quia animi blanditiis. Mollitia molestiae aut labore iure. Qui consectetur repudiandae est enim vel quibusdam. Sunt ipsum vitae rerum sequi. Nobis esse aperiam similique ut. Atque ipsa aut voluptates. Nesciunt accusantium deleniti non perferendis delectus quas est. Id ratione ipsa dignissimos omnis. Delectus voluptate officia non reprehenderit. Quas sint sunt nobis architecto. Voluptatem aut et est quis a magni aliquam aut. Omnis aut non cupiditate. Ut optio quos quae corrupti ut aliquam.', 'https://image.jeuxvideo.com/medias/163187/1631865000-7055-jaquette-avant.jpg'),
(1008, 226, 'mollitia commodi aliquid', 'Qui molestiae voluptatem modi amet. Error reprehenderit sit omnis perferendis consectetur. Omnis ut amet sint consequuntur non qui. Ipsum molestiae ut sed ratione esse. Officiis dolorem et assumenda aliquam omnis. Officia eum molestiae facilis quasi mollitia. Ut ex perferendis doloremque quos laboriosam neque minus omnis. At et in dolor tempore perferendis voluptatem necessitatibus. Dicta vitae alias saepe et. Aliquid enim aut doloribus qui enim corporis repellendus. Voluptas fugit adipisci non doloremque adipisci. Soluta impedit quibusdam aut impedit enim quis.', 'https://media.senscritique.com/media/000020040912/source_big/Resident_Evil_Village.png'),
(1009, 227, 'et quibusdam et', 'Aut aut ab amet occaecati ea. Qui error et beatae omnis. Non id minima repellendus veritatis aspernatur optio velit. Autem ipsa aliquid perferendis repellendus dolor soluta. Sit sapiente hic velit animi debitis. Soluta sunt error tenetur et omnis quia non. Dicta ut asperiores nisi ut consequatur. Atque quae quisquam neque totam consequatur nisi. Natus quia doloremque reprehenderit ut voluptatum sapiente. Qui aliquid perspiciatis vel nobis at reiciendis esse id. Esse qui placeat ea deserunt sit. Facilis et tenetur odit qui libero.', 'https://image.jeuxvideo.com/medias/163161/1631607413-3853-jaquette-avant.jpg'),
(1010, 225, 'et', 'Nesciunt voluptatem nobis et nisi totam aut repellendus. Labore adipisci sint et consequatur ea esse. Ipsam sed praesentium id repudiandae vero quisquam. Quia similique qui labore id quo. Magni quos sit quas placeat ut impedit. Nulla aut libero dignissimos aspernatur. Officiis minus libero ut earum. Esse voluptas quis earum et accusamus. Totam repudiandae rerum in earum cupiditate. Similique provident aut totam qui suscipit minus.', 'https://image.jeuxvideo.com/medias/163154/1631535511-3744-jaquette-avant.jpg'),
(1011, 224, 'et facilis', 'Ipsam laborum molestiae eum doloremque. Dolor sed et libero libero laborum. Deserunt culpa veniam autem numquam. Distinctio qui illum sint ea est voluptatibus. Ducimus aspernatur quibusdam magni. Minima odit modi nemo iure vel nulla nulla. Provident dolores sint pariatur labore. Omnis eum quibusdam quas voluptatem et qui. At ullam repellendus occaecati assumenda. Voluptas accusamus est nihil minus soluta voluptatibus eius. Qui et facere cumque illum vitae itaque. Et est quia voluptas quisquam est ducimus et sunt. Voluptatem aut sunt fugit. At omnis est maxime optio quia sequi cum.', 'https://image.jeuxvideo.com/medias/163708/1637080607-7753-jaquette-avant.gif'),
(1012, 235, 'eos', 'Rerum voluptas odit sint. Omnis eos adipisci dolor dolores. Odio voluptatem quas dolorem eius. Officia quo vel consequatur dolor rerum rerum. Expedita quam doloribus illo molestiae. Quis consequuntur quia qui nam. Repellat nisi itaque fugit. Quis blanditiis at consequuntur quas hic. Dicta et recusandae sed corporis architecto voluptate. Accusamus ut officiis est deleniti beatae non voluptatem. Omnis dolor quam dolorem et magni.', 'https://image.jeuxvideo.com/medias-sm/163396/1633959248-729-jaquette-avant.gif'),
(1013, 239, 'voluptates', 'Dolorem voluptatem ex quos consectetur omnis. Harum esse ipsam autem vel quisquam voluptate dolorem. Aut voluptas sit harum mollitia ut fuga vel. Tempora unde qui excepturi doloremque ut officiis. Cum et qui sapiente architecto vero voluptates blanditiis. Cumque minima neque alias et. Et labore ut sapiente ea eos consectetur similique. Qui non dignissimos dolorem quos molestiae vitae molestiae. Amet consequatur inventore fuga inventore officiis et. Alias odio officia eaque voluptates eveniet.', 'https://image.jeuxvideo.com/medias/163162/1631620218-5546-jaquette-avant.gif'),
(1014, 231, 'iusto rerum aliquid', 'Nisi et aut sed doloribus error ut. Excepturi error quod deserunt sit ut sit. Sit quae illum corrupti. Quasi nemo nulla et molestiae maxime impedit rerum. Amet consequuntur consequatur ratione incidunt optio magnam voluptatibus. Ut eveniet nihil reprehenderit sit quia. Exercitationem nobis laudantium cum. Pariatur ut minima est qui. Est vel et et eaque soluta et aliquam quam. Et mollitia saepe laborum ut numquam. Nihil praesentium eos ducimus deserunt autem ipsum. Recusandae natus beatae et ut earum. Magni perspiciatis repellendus veritatis in tenetur unde.', 'https://image.jeuxvideo.com/medias/163664/1636636223-8849-jaquette-avant.jpg'),
(1015, 236, 'facilis quo', 'Quas voluptas illum aut cum. Optio sit voluptatibus non voluptatem iste modi. Aut velit sed aliquid quam rerum sint corrupti. Neque facilis fugit quo quo placeat nostrum unde recusandae. Voluptatum voluptatum eum iste aut assumenda. Illo et libero qui rerum rerum. Qui nulla quae et iusto deserunt id. Doloremque assumenda ipsam dolores sit culpa harum nam. Incidunt rem ea autem molestiae sed voluptatem rem. Harum facilis consequatur asperiores molestiae nulla in.', 'https://image.jeuxvideo.com/medias/163335/1633353168-8875-jaquette-avant.gif'),
(1016, 228, 'tempore cupiditate', 'Tempore quasi qui minima in ea dolor. Soluta atque voluptas non ex corporis exercitationem ipsum quo. Qui sit nostrum perspiciatis nihil fugit. Facilis nemo in nulla odit id dolorem. Praesentium natus quis id repudiandae corporis non. Repellendus autem quod non repellat minima repellat incidunt consequatur. Facilis non et qui sapiente velit. Eveniet beatae laudantium quo eos delectus consequatur iste.', 'https://image.jeuxvideo.com/medias/163335/1633353168-8875-jaquette-avant.gif'),
(1017, 222, 'facere', 'Optio voluptates neque molestias dolor. Et beatae aliquid eligendi at qui ipsa. Sed aspernatur repellat veniam et dicta enim doloremque. Optio et perspiciatis quasi est harum. Tempore accusantium ipsum ut id provident tempore et neque. Et eos commodi unde perferendis aperiam optio vel. Natus eveniet voluptatem corporis aut quis ratione. Ab dicta voluptas eos tempora. Expedita dolorem repellendus dolore quam non sit. Cumque ipsam et eius ipsam inventore voluptatem. Adipisci veniam minima sint. Labore repellendus quidem vero sit qui. Nesciunt et optio accusamus vero.', 'https://image.jeuxvideo.com/medias/163214/1632143636-6808-jaquette-avant.jpg'),
(1018, 235, 'hic cum quos autem', 'Quae consectetur ea impedit est voluptatem excepturi. Fuga laborum maiores doloribus quam officia quo consequatur vitae. Eum adipisci error nobis voluptatem et consequatur et. Vitae vel sit perspiciatis sed est. Iure minima repellat dolor et cupiditate ipsum. Veritatis accusantium aut doloribus. Alias ipsa architecto possimus debitis omnis nam debitis eos. Corporis dolorem natus sequi ut sit fugiat dolor optio. Dolor natus eos nam est autem eius. Et possimus quia dolorem dolorem veniam.', 'https://image.jeuxvideo.com/medias-sm/163396/1633959248-729-jaquette-avant.gif'),
(1019, 232, 'aspernatur voluptas veritatis', 'Ex repellat sunt laboriosam natus omnis. Nobis nobis provident dignissimos tempore veniam eum et. Adipisci quaerat vel tempora totam est quibusdam. Dolor autem sit aut eveniet unde. Accusamus perspiciatis sed odit nihil quis. Enim veniam laudantium sit. Esse quam ut quo. Quisquam animi reprehenderit dolor est. Consequuntur aut voluptatem dolorem facere enim. Voluptate rerum et labore nihil sed. Repellendus consectetur et non ut mollitia quae. Eaque fugit delectus quia eos velit velit veritatis qui. Voluptatem facere voluptatem consequatur aperiam. Dolores soluta omnis velit.', 'https://image.jeuxvideo.com/medias/163299/1632989749-6428-jaquette-avant.gif'),
(1020, 232, 'autem', 'Voluptas hic exercitationem eius temporibus sed quidem nisi beatae. Nesciunt excepturi ut quae et officia temporibus. Minus qui qui enim blanditiis omnis magni nam. Occaecati suscipit itaque dolores tempore ipsum. Accusamus optio dolorem earum consequatur. Exercitationem fugiat sapiente voluptate porro facere inventore. Assumenda dolores provident quos dolor. Ex et ex soluta. Quibusdam repellendus molestiae dolore est. Exercitationem iste quia suscipit pariatur. Nostrum eos qui atque. Sunt facere labore doloremque dolore dicta qui. Fugiat laudantium repudiandae modi magnam.', 'https://image.jeuxvideo.com/medias/163708/1637080607-7753-jaquette-avant.gif'),
(1021, 229, 'saepe odio iusto id', 'Et magni et accusamus sed maiores eum doloremque. Distinctio ad magnam sint est vel quas omnis ipsum. Aperiam iusto aut accusantium nemo sit suscipit minus. Molestiae nobis est nesciunt. Est iste ut ducimus consequatur qui sit vel. Impedit sit nihil qui enim est deleniti. Est repellat et labore corporis. Eligendi sit ratione illo tempora. Ut voluptas et eum rerum aut inventore. Est reprehenderit ut reiciendis ab sunt illum fugiat. Quaerat tempora eum animi eligendi minus est. Cum dolore nobis voluptates aut voluptatem harum placeat.', 'https://image.jeuxvideo.com/medias/159542/1595423317-2836-jaquette-avant.png'),
(1022, 223, 'ex nesciunt', 'Voluptas ea impedit aliquam. Adipisci modi aliquid ullam quam totam ducimus qui. Sed aut laboriosam iste dolorem recusandae non non. Enim est quam perspiciatis temporibus facere ut. Quod sint et enim itaque dicta modi. Ut perspiciatis quae quasi repudiandae. Perferendis ad reiciendis repudiandae cumque voluptatem ullam. Non accusantium impedit veniam necessitatibus aut id. Et numquam magnam suscipit dolorem iusto mollitia. Repellendus expedita sed porro non labore suscipit. Rem placeat doloribus dolor minus accusantium qui.', 'https://image.jeuxvideo.com/medias/163708/1637080607-7753-jaquette-avant.gif'),
(1023, 239, 'eum quis aut', 'Nesciunt quis pariatur beatae ex temporibus adipisci et. Rerum possimus dolorum laboriosam cupiditate. Aut consequuntur distinctio vel distinctio et dolor. Et nostrum sit fugiat ut ipsum. Qui dolore et dignissimos magni velit nam eius. Enim dolores voluptatem dignissimos aut. Nostrum eligendi et dolor aut excepturi doloremque architecto. Deserunt et nam soluta sapiente rerum. Quae facere voluptatum quaerat adipisci. Magni ea distinctio dignissimos et qui.', 'https://image.jeuxvideo.com/medias/163881/1638806697-8764-jaquette-avant.gif'),
(1024, 226, 'id maxime consequatur fugiat', 'At sequi amet corrupti impedit eum voluptate. Est veritatis sequi et. Ut dolor vitae dolores distinctio ut. Commodi in vel aut quisquam eos ipsum dolor. At aut voluptas aut consequuntur omnis. Dignissimos aperiam rerum rerum dolores non blanditiis. Sit vel vitae omnis voluptas vitae quibusdam. Dicta repellat rerum facere mollitia. Non esse delectus provident dolorem aut. At et quos sint quo assumenda sed. Fugiat pariatur explicabo totam dicta est. Soluta tempora qui dolorum cupiditate dolorem vel laboriosam. Vitae sed dicta cupiditate tempora cum ut. Sequi quo rerum porro sequi quaerat.', 'https://image.jeuxvideo.com/medias/163154/1631541998-5162-jaquette-avant.jpg'),
(1025, 231, 'rerum sint', 'Id quos voluptatem dolorem ad dignissimos corrupti ipsum qui. Nihil hic id voluptas autem quidem amet cupiditate. A quos ut ipsam. Molestiae et dolorem nihil laborum dolorum. Nostrum numquam aut consequatur provident. Voluptates deleniti aliquid est aut iste. Neque veritatis repellendus quo quisquam harum voluptate magnam temporibus. Quia tempora esse sit et aut temporibus. Voluptates laboriosam amet dolorem ea molestias.', 'https://image.jeuxvideo.com/medias/163299/1632989599-6459-jaquette-avant.gif'),
(1026, 231, 'similique quia libero', 'Praesentium modi et error esse. Est dicta deserunt eos voluptatem sit consequatur ab quam. Ipsum modi eos voluptate commodi. Ratione dolor tempora consequuntur amet. Id sunt omnis modi est corrupti. Voluptas quaerat et a exercitationem aliquam nostrum. Ea ducimus et sit voluptatibus quibusdam voluptatibus et. Facere est porro voluptatibus rerum. Omnis quasi ex est autem id porro. Sit beatae culpa qui quo inventore.', 'https://image.jeuxvideo.com/medias/163161/1631607413-3853-jaquette-avant.jpg'),
(1027, 237, 'aliquid saepe', 'At in numquam aliquam consectetur unde eveniet quam tenetur. Non quos sit nam beatae et error harum. Nemo hic laborum eveniet laboriosam id totam tenetur. Distinctio qui dolor molestias nisi qui dolor saepe. Voluptas voluptatum labore quod tempore voluptatem a impedit. Unde quia sapiente ab sit. Dolores quia aliquam aut non qui. Modi iusto sunt possimus adipisci. Sapiente praesentium quis ratione repellendus saepe delectus ipsam accusantium. Qui ullam laborum aliquid distinctio ratione.', 'https://image.jeuxvideo.com/medias/151689/1516893501-9622-jaquette-avant.jpg'),
(1028, 222, 'sit', 'Animi non totam autem atque deleniti soluta dolorem velit. Ut accusantium alias maxime odit. Similique corporis sit qui nobis id est repellat. Sit qui autem dolore repellat. Nisi quo doloremque praesentium. Ut repellat ipsam at rerum est voluptatum expedita. Perferendis est officiis quod corrupti. Voluptatum cupiditate illum odio atque. Voluptas doloremque consequatur perspiciatis quas ad soluta. Consequatur non rem suscipit voluptate optio ab pariatur enim. Aut eos qui iusto dicta odit animi. Nam debitis id deleniti qui.', 'https://image.jeuxvideo.com/medias/163129/1631285061-4363-jaquette-avant.jpg'),
(1029, 233, 'perferendis corrupti dolorem hic', 'Veniam nobis aperiam delectus commodi quod sit. Optio illum quam et corporis eum et non quos. Et porro vel assumenda. Sit aspernatur iste repellat vel. Sit ad aliquid quia autem quia dolor omnis. Nam ut ut sit eaque. Nostrum eaque cupiditate veritatis ut id molestiae. Dolorum reprehenderit exercitationem et. Quae consequatur ducimus autem molestiae natus officiis. Beatae ut quidem temporibus. Reiciendis pariatur tempora voluptatem aliquid animi ut. Et voluptas commodi explicabo consequuntur et. Error iure aut veniam ut officia est. Qui nobis sint soluta fugit est.', 'https://image.jeuxvideo.com/medias/163187/1631865000-7055-jaquette-avant.jpg'),
(1030, 233, 'accusamus odit', 'Vitae porro autem dolorem esse ut doloremque veritatis incidunt. Dicta expedita laudantium tempora minima accusamus quia consequatur. Repellat sed nulla perspiciatis voluptatem. Impedit voluptatem quasi asperiores eligendi molestiae in animi. Omnis qui illum vero corrupti nostrum vero. Ipsa illo voluptates praesentium. Non eligendi distinctio aliquam voluptatem rerum vel. Iste explicabo nobis laborum ut. Illo quo qui blanditiis id hic aut. Veritatis deleniti error aliquam labore ullam officiis aut. Quia incidunt tempore sit sint voluptatum at fugit.', 'https://image.jeuxvideo.com/medias/161277/1612766574-6606-jaquette-avant.png'),
(1031, 224, 'odit facilis', 'Earum nostrum odit delectus praesentium dicta eum ipsum. Eum officia quae occaecati optio suscipit eum facilis. Consequatur officia nesciunt maxime aut vel animi repellat. Tempora deleniti aperiam alias ex ut consectetur ut. Ab perspiciatis praesentium officia deleniti magni quia voluptatem. Occaecati consequatur laudantium et assumenda. Deserunt facere eligendi qui dolores et molestiae voluptatem. Tenetur recusandae voluptatem saepe accusamus fugit praesentium consequatur. Aut et ex non quia doloribus. Commodi molestias fugit impedit ut ut.', 'https://paradoxetemporel.fr/wp-content/uploads/2020/06/jaquette-the-last-of-us-part-2.jpg'),
(1032, 228, 'vel in quasi quae', 'Minus rem quis doloremque accusamus est. Est est a dolor et iusto voluptas. Doloremque delectus sed illum rerum. Molestias pariatur enim quasi at cumque iure provident. Reprehenderit sed sed quisquam dolore vel eos. Facere consequuntur aut quo aliquam sequi. Voluptas nihil vel quia exercitationem sit in. A velit officiis cupiditate non dolor. Dignissimos ipsum perferendis ea magnam. Id vitae illum debitis aliquam iusto ut ea. Fugit modi voluptatem ut illo est est aspernatur.', 'https://image.jeuxvideo.com/images/jaquettes/00027602/jaquette-league-of-legends-pc-cover-avant-g.jpg'),
(1033, 237, 'et exercitationem vel dignissimos', 'Doloremque eum iste rerum est adipisci. Beatae odio eum aut qui. Minima rerum cupiditate ducimus voluptas velit sunt aut et. Eum sit possimus consequatur dolor nam voluptatum accusantium. Ut laudantium sequi illum. Labore autem aperiam similique consequatur. Tempore asperiores sit sed error non vitae. Tenetur quas consequuntur eligendi accusamus ratione. Quia totam iusto fugit. Asperiores nulla voluptatem adipisci error veritatis consequatur provident. Commodi fugiat adipisci veritatis laboriosam. Illo omnis aperiam aut quis est. A distinctio qui dolore fugiat impedit molestiae soluta.', 'https://image.jeuxvideo.com/medias/163154/1631541998-5162-jaquette-avant.jpg'),
(1034, 236, 'qui soluta consequuntur', 'Et ullam nihil eos repellat molestiae est. Dolor non ipsa veritatis aut eos. Non molestias non sed voluptatem delectus error vero. Saepe dolore blanditiis autem qui sunt. Sit sed quis eius similique. Sit aliquam velit quibusdam asperiores aut. At porro sapiente cumque et. Est incidunt ullam harum dolorum ut. Dolorem amet animi eligendi veniam perspiciatis optio nihil. Dignissimos debitis adipisci dolorem sint vero error. Placeat tenetur expedita eius commodi illum voluptatem error. Voluptatem aut veniam eos nisi iure.', 'https://image.jeuxvideo.com/medias/163299/1632989749-6428-jaquette-avant.gif'),
(1035, 240, 'beatae excepturi similique velit', 'Officia quisquam dicta vero reiciendis consequuntur. Maxime est et dignissimos tempora. Debitis inventore mollitia impedit. Sunt qui vero molestiae sit ex quod molestiae. Ex nihil excepturi dolor quod maxime. Ex cum voluptatem ut eveniet dolores est repellat. Eos quia nihil excepturi ex voluptatibus nostrum. Molestiae laborum odio omnis aut sed rerum. Consequuntur aspernatur sequi harum in fugiat quia minima commodi. Doloribus est id in ut porro sed. Qui iusto necessitatibus nulla vitae ut non asperiores. Quod eos praesentium ea sequi.', 'https://image.jeuxvideo.com/medias/142247/1422469608-7141-jaquette-avant.jpg'),
(1036, 238, 'necessitatibus omnis voluptas', 'Repellendus impedit saepe maiores. Quibusdam et in ut dignissimos voluptas exercitationem error. Debitis nobis nostrum ratione sunt. Quia dolor labore qui omnis illo quos. Vero iusto sit non voluptates ad laboriosam. Est et nesciunt incidunt consequatur. Ipsam quasi aperiam et aliquam. Vitae rem rerum rerum voluptatem odit ea ea. Ipsam at voluptas omnis fugit vero temporibus. Ipsam labore sint ut ipsum officiis dolores sint. Est est praesentium consectetur exercitationem deleniti sed. Laboriosam dolorum mollitia quae non voluptas.', 'https://image.jeuxvideo.com/medias/159542/1595423317-2836-jaquette-avant.png'),
(1037, 235, 'aut voluptatem eos facilis', 'Ut sunt quibusdam ut. Omnis expedita dolores nemo cupiditate autem est quasi. Est recusandae facilis ut in. Magni minus iste laborum et. Iste ea iusto voluptatem in. Blanditiis consequatur nihil perferendis. Quis at reprehenderit laudantium recusandae dolores nihil a. Fugit dolore omnis voluptatem est fuga. Soluta doloribus sed et provident. Numquam exercitationem autem tempore voluptas. Voluptas incidunt enim incidunt. Necessitatibus vel laborum ea aut unde officia molestiae esse.', 'https://image.jeuxvideo.com/medias/163154/1631535511-3744-jaquette-avant.jpg'),
(1038, 237, 'doloribus et quas', 'Consectetur voluptatem qui optio corporis ipsam temporibus totam quod. Aut quo voluptas nostrum eos voluptas temporibus et. Aut occaecati magnam veritatis dolores ipsum quisquam est et. Sed porro provident facilis. Sequi laboriosam reiciendis itaque unde non ea ratione ut. Repellendus temporibus sapiente voluptas est ab maxime. Et iure omnis non sunt sint. Libero esse consectetur ipsum explicabo dolor aliquam vero ex. Sunt minus atque qui eos. Ut omnis et veniam. Eum ut voluptatem consectetur et molestias quo. Commodi qui tempore enim.', 'https://media.senscritique.com/media/000020040912/source_big/Resident_Evil_Village.png'),
(1039, 235, 'fuga rerum', 'Earum veniam tempore quibusdam ipsa est voluptatem voluptas quasi. Sit rerum enim aut ut. Minima sed omnis quis quis. Nisi sint dolor sit fuga facere et. Officiis odio itaque sit corporis minus. Impedit reprehenderit omnis earum officia dolores nihil. Ut et maxime magnam. Minus occaecati quaerat voluptatem et optio ipsa similique. Reiciendis est aspernatur illo praesentium. Quidem deleniti voluptatum nihil. Quia optio vel laboriosam quisquam. Et ut molestiae dolorum aut molestias voluptas consequatur. Autem sapiente expedita veniam delectus.', 'https://image.jeuxvideo.com/medias/158826/1588264397-5261-jaquette-avant.jpg'),
(1040, 240, 'similique minima', 'Omnis omnis facere et maiores sit qui corrupti. Eos vel in voluptas autem facilis quasi distinctio. Aut autem pariatur optio in et cum ut. Possimus assumenda blanditiis aut minima. Accusantium quod sed reiciendis et eos aut nulla. Rerum cumque voluptatem iure cum minus labore. Voluptatem accusantium et aperiam quasi minima voluptates a dolorem. Dolorem et deleniti dolor quasi asperiores rerum occaecati. Nesciunt provident rerum ullam et voluptas ipsa voluptatem. Excepturi est voluptatem voluptas ut.', 'https://image.jeuxvideo.com/medias-sm/163396/1633959248-729-jaquette-avant.gif'),
(1041, 229, 'natus incidunt', 'Aperiam expedita aut laborum recusandae molestiae et deleniti. Explicabo accusamus eum sunt rerum. Optio ut et vero. Aut dolores alias nihil totam consequatur ratione quia. Maiores sed in est beatae molestias et. Omnis rem omnis nemo incidunt neque. Est sequi quae facere ipsum. Enim nisi eaque earum qui quo in. Placeat facere nobis officiis. Velit quo neque qui et exercitationem aut quo. Voluptatem voluptatibus vitae rerum. Sed illo non minus et cumque dolor unde. Et voluptatem cum dolores culpa sequi hic perferendis.', 'https://image.jeuxvideo.com/medias/152899/1528990462-7760-jaquette-avant.jpg'),
(1042, 240, 'suscipit et quaerat', 'Eveniet culpa earum beatae nulla quam occaecati. Impedit sed vel error sit. Omnis minus blanditiis eligendi ut id minima dolorem. Reprehenderit sapiente ex dicta ducimus repellendus omnis. In omnis atque rerum ipsam id commodi velit. Animi omnis debitis atque numquam corrupti. Vitae quidem dolorem atque dolorem. Minus rem et tempore ab laudantium numquam reprehenderit consequatur. Eius ab laboriosam sint quae qui in est. Saepe labore aut nemo sint ut possimus et. Enim repellendus deserunt molestiae sit nobis sit eum. Natus corrupti quia ipsum eaque.', 'https://image.jeuxvideo.com/medias/159403/1594028554-187-jaquette-avant.jpg'),
(1043, 229, 'accusantium deleniti', 'Optio nisi omnis odit. Aut voluptates architecto a quo modi. Sint voluptatem vel cumque ut quia. Autem et veritatis et est. Officia ut ut quos non facilis minus. Omnis sed quos debitis fugiat aut aliquam dolor. Ab inventore omnis enim temporibus pariatur possimus suscipit. Sequi ratione et earum sit dolorum vel aut et. Laudantium neque voluptas omnis autem ducimus. Consequatur animi assumenda qui consequuntur natus aut similique. Porro magnam ut et in qui. Perferendis voluptatibus porro ullam.', 'https://image.jeuxvideo.com/medias/150166/1501664378-9988-jaquette-avant.jpg'),
(1044, 234, 'sint similique assumenda', 'Molestias voluptas nulla quia id sed at numquam natus. Aut tempore dolores dolor quo necessitatibus temporibus. Sed fugiat sequi eaque maxime exercitationem quia sed. Numquam qui officia rerum autem optio. Et quos nisi voluptatem. Veritatis neque quae omnis ut qui qui. Fugit ut enim eveniet at est quia et. Ipsa possimus voluptas illum et perferendis aut sed. Modi ea labore earum excepturi dignissimos. Velit vitae accusantium officia et expedita magni numquam. Harum quis reiciendis in neque recusandae.', 'https://image.jeuxvideo.com/medias/152899/1528990462-7760-jaquette-avant.jpg'),
(1045, 226, 'quaerat molestias', 'Nihil possimus itaque quis blanditiis et. Minima magni maiores officiis iusto minima repellendus. Numquam laborum atque excepturi quo nesciunt ipsa. Possimus pariatur dolorum et sed. Voluptates aspernatur ea et cum nulla. Occaecati sapiente nam quos ipsa. Debitis adipisci aut odit consequatur maxime aut. Quis sint voluptas et quasi delectus et quo. Rerum repellat sed est odit. Nemo maxime inventore eius nam. Doloremque ipsam aliquam ut. Id officiis rerum sunt qui ea. Tenetur non voluptas tempora vero nobis eius nulla. Iste voluptas omnis minima ullam velit soluta ea.', 'https://image.jeuxvideo.com/medias/148285/1482854953-4348-jaquette-avant.jpg'),
(1046, 228, 'eius impedit aut', 'Eos quo omnis est laudantium dolorum maxime inventore. Quo est ea omnis. In blanditiis maiores voluptatem ex. Labore sint tenetur sit voluptas aliquam. Qui aliquam fugiat consequatur autem ea assumenda est quibusdam. Consequatur voluptates quod cumque voluptatem. Laboriosam qui optio quia excepturi. Non ipsa sit ea nesciunt nesciunt. Rem velit quis non fugiat illum laborum. Libero molestias facilis et quod. Laudantium corrupti possimus quis enim ex et rerum. Quas maiores voluptas ea natus.', 'https://image.jeuxvideo.com/images/jaquettes/00048634/jaquette-les-sims-4-pc-cover-avant-g-1409904702.jpg'),
(1047, 225, 'quia fugit', 'Est sed ad et blanditiis. Labore iure molestias dolore sint earum. Aut sit quisquam quod est aut nisi. Dicta eligendi harum iusto recusandae voluptatem. Provident debitis est et consequuntur ipsa quos illo minima. Dolorum sapiente sunt eveniet error. Illo aut porro numquam iste quos dolores reiciendis necessitatibus. Ratione repellendus quibusdam eius iusto recusandae expedita dolore. Id iste atque sit quas. Blanditiis quae velit quo facere temporibus error qui rerum. Suscipit officia eos atque exercitationem corrupti. Accusantium non amet unde consectetur itaque.', 'https://image.jeuxvideo.com/medias/163214/1632143636-6808-jaquette-avant.jpg'),
(1048, 233, 'veritatis', 'Ducimus debitis occaecati et. Quia dolor velit tenetur recusandae atque dignissimos ullam. Et nisi dolorum consectetur ex molestias. Eligendi et quasi voluptatibus quis non repellendus recusandae quis. Nisi vero autem in est eaque odio. Incidunt at odio cum sit. Quia et rerum qui occaecati. Molestiae aspernatur consectetur aspernatur consequatur accusantium cum. Veniam assumenda ab id. Eos iste cumque repudiandae incidunt qui consequuntur veritatis. Voluptatem et sint neque laudantium et. Assumenda et ad fugit dolore molestias. Atque ut quod cumque quis eum sint.', 'https://image.jeuxvideo.com/medias/161616/1616164719-8684-jaquette-avant.jpg'),
(1049, 222, 'voluptatem aut quia', 'Consequuntur architecto ut repellendus sed culpa. Sapiente quasi ea rerum. Saepe ut assumenda cum cupiditate ad beatae rerum. Cum temporibus dolores dolores voluptas tempora expedita deserunt. Consectetur error labore dolores aliquam dolorum esse sit. Maiores vel non consectetur perspiciatis et voluptatem. Suscipit quia fuga temporibus eveniet temporibus non cumque. Nisi qui id numquam numquam porro voluptatem quisquam debitis.', 'https://image.jeuxvideo.com/medias/163187/1631865000-7055-jaquette-avant.jpg'),
(1050, 237, 'ratione', 'Sunt dolor voluptate vel adipisci nobis. Maiores magnam possimus velit eos itaque reiciendis. Eos officiis doloribus consequuntur labore. Rerum pariatur eum inventore aut consequuntur quasi omnis eos. Quod consequuntur debitis nihil quia. Sed voluptates assumenda eum sapiente asperiores laborum accusantium. Ut rerum non id fugit id. Commodi est natus tempora ducimus soluta vitae. Architecto est velit ea enim aliquam officia minima. Possimus voluptatum sed ipsam maiores occaecati ab. Repellendus ratione est et eligendi sunt eum. Animi nesciunt aut alias cupiditate fuga. Molestias ut ut hic.', 'https://image.jeuxvideo.com/medias/159542/1595423317-2836-jaquette-avant.png'),
(1051, 234, 'non quis quia', 'Cum voluptate quia nulla voluptatem. Quae aut illum voluptatem voluptas sint et. Quia dolores saepe qui quidem fugit est. Explicabo veritatis et ab excepturi iste cum vel. Explicabo occaecati impedit sequi quo aut. Tempora qui id explicabo tempore. Aut accusantium quia in repellendus. Et perferendis eaque est sint. Quo fugit assumenda non molestias natus ratione eos. Ut reprehenderit amet numquam qui sapiente neque libero impedit. Velit maxime veritatis aut nemo quae qui dolores. Adipisci aliquam ut ut. Cupiditate eligendi vel dolores assumenda quae. Quo consectetur est odio.', 'https://image.jeuxvideo.com/medias/148285/1482854953-4348-jaquette-avant.jpg'),
(1052, 236, 'id', 'Dolor ab quas nihil magni voluptatem repellendus. Commodi amet voluptates ex voluptatibus. Ad voluptates nobis molestiae quod voluptatibus. Fugit soluta quibusdam at eligendi cupiditate. Aliquam at nobis aut deleniti. Libero aperiam autem ut id neque corrupti eum quam. Blanditiis corrupti nam nulla. Quae in cum quia aut quo quisquam. Est hic dolor molestias recusandae sint. Aspernatur quos vel id. Quia saepe et nemo temporibus quis et atque. Nostrum velit nostrum dolores ea veritatis dolorem velit.', 'https://global-img.gamergen.com/red-dead-redemption-2-pc-mediamarkt_0900909672.jpg'),
(1053, 240, 'eveniet aut quibusdam laborum', 'Excepturi voluptatem autem nostrum eos est. Ut dicta accusamus eum temporibus. Voluptatum non ratione facere repellat. Ut eum ut id qui autem. Delectus ad officiis non ullam dolores eum. Quam ea dolorem magnam fuga dolorem. Quia ut suscipit amet soluta sed et minima. Laudantium voluptatem adipisci perspiciatis voluptas veritatis expedita cum. Necessitatibus omnis cum aut cum. Aliquid id culpa nihil sed quam id rerum. Est quod accusantium ea tempora numquam voluptatibus nisi. Aut quae sit saepe illo id magnam vitae. Dolorem illum rem non sed quidem.', 'https://image.jeuxvideo.com/medias/163187/1631865000-7055-jaquette-avant.jpg'),
(1054, 239, 'culpa', 'Tempore tenetur id in in tenetur cum. Soluta reprehenderit consequatur nulla omnis itaque nisi molestiae. Sunt quia facere culpa voluptatem quis consectetur. Et vel ut tempore molestias fugiat nam voluptatibus. Totam modi nulla consectetur. Quis necessitatibus et velit ducimus sint culpa omnis sit. Nihil ea eius perspiciatis voluptas eos et rem. Ullam quibusdam voluptatum dolorem labore minus facilis. Quia quaerat sunt similique. Fugiat omnis ut quis enim dicta doloribus. Quo id sapiente ad. Et nobis unde deleniti neque corrupti rerum.', 'https://image.jeuxvideo.com/medias/163154/1631541998-5162-jaquette-avant.jpg'),
(1055, 236, 'tenetur debitis', 'Quasi et error nihil quis. Reprehenderit similique rerum qui possimus quam optio. Et provident dolor non. Reiciendis iste id perspiciatis velit sequi nostrum suscipit. Possimus amet ut maxime illo hic. Magni eum soluta omnis corporis ut. Delectus quae necessitatibus aut aut. Ullam saepe vitae reprehenderit neque dolor. Iure doloribus saepe fugiat accusamus. Ducimus modi modi atque dolorem consequatur. Porro neque sit at veritatis error sed.', 'https://image.jeuxvideo.com/medias/158826/1588264397-5261-jaquette-avant.jpg'),
(1056, 238, 'incidunt voluptatum voluptate', 'Eligendi vitae debitis velit totam error est dolor. Cupiditate eos quia excepturi exercitationem possimus impedit. Aut qui earum enim nesciunt ut perferendis. Ut id perferendis voluptas. Dolor harum error fugit optio. Deserunt dolores omnis voluptatem minus quia rerum. Repellat quaerat in nisi maiores molestiae. Facilis quae omnis sit voluptatem provident suscipit natus. Mollitia sapiente et ipsam repudiandae sequi fugiat reprehenderit. Sunt eius autem maiores commodi temporibus explicabo. Quam fuga ab quibusdam atque. Minima molestiae fugit est.', 'https://paradoxetemporel.fr/wp-content/uploads/2020/06/jaquette-the-last-of-us-part-2.jpg'),
(1057, 235, 'tempore', 'Et quia est quo ad iusto odio. Laborum aperiam deserunt omnis laboriosam ducimus totam eos tenetur. Voluptate quia non debitis aperiam iusto consequatur porro. Sit voluptatem molestias dolorem libero eum omnis ut. Necessitatibus earum tempora est nobis perspiciatis sit. Autem saepe a ut saepe et non. Libero id cumque dicta soluta. Sapiente facilis ut sapiente autem ut omnis consequatur. Sed consequatur eos ut minus quaerat et laborum. Quis sint reprehenderit aut. Qui dignissimos et accusamus nam. Et et veniam quia illum beatae. Non dolor autem modi velit qui.', 'https://image.jeuxvideo.com/medias/163214/1632143636-6808-jaquette-avant.jpg'),
(1058, 240, 'praesentium', 'Quia fugiat officia aspernatur dolorem et. Reprehenderit deserunt velit minima. Dolor dolores laborum id est non officiis pariatur. Sed blanditiis velit itaque. Rerum nihil natus et. Delectus sed voluptas dolor qui. Eius sequi id quas modi et quod. Molestiae sed et eos praesentium. Qui quasi doloremque aperiam omnis. Enim velit aut soluta impedit blanditiis. Totam eius reiciendis officia cumque doloremque sunt. Possimus veritatis deserunt aut expedita eligendi nulla.', 'https://image.jeuxvideo.com/images/jaquettes/00027602/jaquette-league-of-legends-pc-cover-avant-g.jpg'),
(1059, 230, 'necessitatibus ea', 'Pariatur sequi qui animi est alias voluptatibus. Cumque sed quia dolorem ex. Eos praesentium id rerum quasi ut amet. Error ut et commodi et illo blanditiis molestias. Ea nihil magni nihil deserunt. Deserunt et voluptatum neque. Et odio non corporis rerum beatae ipsa rerum. Voluptatem nobis enim mollitia hic neque voluptas. Officiis quasi consectetur aliquam a. Nisi perferendis sit quae porro. Sequi voluptas aut dolores aut debitis. Laboriosam debitis eum dicta qui ipsa iure.', 'https://image.jeuxvideo.com/medias/161616/1616164719-8684-jaquette-avant.jpg'),
(1060, 224, 'et aliquam vel rem', 'Sunt nemo nisi aut et ut corrupti ea necessitatibus. Maiores distinctio blanditiis recusandae dicta veniam. Sit et itaque et laboriosam. Sint ut sint qui nihil. Ut rem aut est maiores. Beatae magnam hic fuga ab aut dolorem beatae. Maxime assumenda sunt eaque enim. Quia quasi quis et ea molestiae similique. Unde vel vero facere nostrum. Minus ea deserunt nobis odio sapiente nostrum dolorem. Distinctio repellendus facilis magnam itaque. Quaerat et non sint voluptate corrupti aperiam commodi quasi. Dolorem aut laboriosam ut cumque eos.', 'https://image.jeuxvideo.com/medias/152899/1528990462-7760-jaquette-avant.jpg'),
(1061, 225, 'veritatis dolorem reiciendis aperiam', 'Quis harum et harum ut alias. Aut architecto voluptate reprehenderit minus et id. Laborum architecto facere et asperiores. Voluptas nesciunt exercitationem aut rerum consequatur. Minima nihil reprehenderit quia accusamus et distinctio blanditiis. Non minus sit est qui. Est non debitis laudantium ea ut quia neque ullam. Sed accusantium sequi deleniti cumque ipsa id. Non quasi aut facere id doloremque dolorum sit. Quidem non unde assumenda quo ducimus eos. Rerum rerum sit rem dignissimos deleniti.', 'https://image.jeuxvideo.com/medias/161616/1616164719-8684-jaquette-avant.jpg'),
(1062, 227, 'cum', 'Voluptatum similique velit omnis voluptas. Aliquid consequatur libero voluptatum totam. Quisquam dolorem ut praesentium quisquam id fuga minima. Est reiciendis iure rerum. Sunt illo voluptas eaque modi vero iste aperiam. Molestiae sunt alias voluptas. Consectetur ut inventore enim nihil ipsa eum sapiente. Delectus dolores autem non repellendus sint. In nemo voluptas eos illum sapiente blanditiis. Cumque ut voluptatum facilis atque vero quisquam explicabo. Quae facere suscipit eum repudiandae et ut quas quaerat. Asperiores placeat quibusdam quasi repellendus beatae non ut.', 'https://image.jeuxvideo.com/images/jaquettes/00027602/jaquette-league-of-legends-pc-cover-avant-g.jpg'),
(1063, 240, 'quia id id iste', 'Impedit doloremque nihil delectus. Sint omnis autem esse et qui quaerat quia. Quis necessitatibus totam voluptatem eos doloremque neque id. Reiciendis ut eos aut alias aut voluptatem nisi. Excepturi provident illo aut esse tempora saepe quia. Aut velit sit accusamus minima. Qui iusto enim blanditiis sit in eos ea. Quia dolorem quis consequatur. Unde est quas ipsum recusandae tempore aut repellat. Numquam porro quis voluptas ut ut quibusdam id.', 'https://image.jeuxvideo.com/medias/159542/1595423317-2836-jaquette-avant.png'),
(1064, 225, 'culpa sunt', 'Provident maiores vel voluptas officiis. Dolor eum voluptatibus qui qui aut maiores est. Molestias deserunt sunt illum quia dolorem eius ipsa. Perferendis eos eius nobis totam esse provident. Qui quia voluptatibus est aut. Dolor id officia et cum provident dolorem. Sint totam quia ut similique. Commodi totam dolores ut neque consequatur natus odit. Nulla ducimus eos corrupti. Dolor iste et sapiente. Facilis recusandae voluptas illo sequi exercitationem.', 'https://image.jeuxvideo.com/medias/163353/1633528483-9809-jaquette-avant.jpg'),
(1065, 222, 'dolores', 'Tempore iusto inventore est hic a qui illo. Ipsa assumenda eum accusamus saepe vitae deserunt rerum. Molestiae expedita placeat cum id doloremque. Eum et accusamus ut praesentium quam. Placeat rerum autem nobis sit. Rem illo odit harum ut. Nulla est sapiente dignissimos asperiores modi accusamus. Optio eos et cumque nostrum aut id. Est voluptas quam id dicta exercitationem. Natus consectetur est fugit fuga impedit placeat velit. Quia beatae fuga nostrum dolores vero aut velit. Sunt debitis molestiae dolores consectetur nam nostrum. Cum reprehenderit ea dolorum et laboriosam.', 'https://image.jeuxvideo.com/medias/163299/1632989749-6428-jaquette-avant.gif'),
(1066, 237, 'consequatur omnis molestiae', 'Qui sed est dolore hic quibusdam dolores sed. Non saepe aspernatur incidunt et molestiae quos. Ducimus veniam minima repellendus dolorem commodi est. Vel molestias provident et qui nostrum quod totam. Dolorem quaerat consequatur magni nobis est nobis. Incidunt voluptatem fugit modi aut. Debitis laudantium aperiam ducimus. Itaque consequatur mollitia consequatur eum labore. Ipsum occaecati repellat voluptas illo. Voluptatum eveniet praesentium repudiandae enim in quo cupiditate. Iste aliquam accusamus impedit. Consequatur quis omnis sit maiores id enim rerum ea.', 'https://image.jeuxvideo.com/medias/163664/1636636223-8849-jaquette-avant.jpg'),
(1067, 235, 'aut animi similique quidem', 'Eaque et quia et odit dolorem est animi. Tempora qui consequatur at omnis facilis consequatur omnis. Beatae est totam odio consequatur voluptates. Cupiditate enim et et quidem. Necessitatibus omnis omnis in facere laborum. Expedita laboriosam fuga libero perferendis similique ea qui culpa. Explicabo earum fuga quod cupiditate nesciunt porro cum. Numquam nobis nam aut perferendis et. Fugit provident fugiat voluptates. Atque voluptatibus tenetur ut beatae dolorem sit. Nostrum eum praesentium alias vel dolorem.', 'https://letempscompere.fr/wp-content/uploads/2021/08/KyBRbcz5wCqPrdr7QFfUniEg-2048x1536.webp'),
(1068, 227, 'perspiciatis', 'Voluptas nisi facere laudantium. Voluptatem numquam magnam velit iste voluptatibus nemo accusamus. Quasi iure officia pariatur qui molestiae doloribus. Qui hic et illo dicta. Qui soluta velit eum quidem sequi repellendus et. Voluptate odit iusto cum deleniti. Amet ad consequatur est quo sint sunt tenetur. Non quasi voluptatem nulla incidunt culpa nihil architecto. Consequatur qui voluptas sit minus quibusdam. Libero laboriosam ad eum dolor. Suscipit non mollitia ea sequi ut eligendi nisi. Sapiente quidem molestiae quis quae adipisci.', 'https://image.jeuxvideo.com/medias/149432/1494322310-8900-jaquette-avant.jpg'),
(1069, 237, 'id cupiditate quam corporis', 'Voluptas aspernatur molestiae ad fuga. Non omnis labore exercitationem maiores eos quaerat ut. Voluptate dolorum error quas fugit. Autem tempora qui sed voluptate minima sit sint. Provident exercitationem animi a quam. Maxime rerum et doloremque dolorum deserunt qui. Nihil et eum harum. Repudiandae repellendus tenetur consequatur officia amet et. Autem ad possimus voluptas id. Laboriosam assumenda in omnis qui eum quo voluptatem. Labore dolore officiis qui sequi nobis itaque quo.', 'https://image.jeuxvideo.com/medias/163881/1638806697-8764-jaquette-avant.gif'),
(1070, 235, 'excepturi molestiae', 'Iste corporis quas voluptatum ex possimus quo. Voluptatem iusto eaque commodi eveniet. Quia mollitia quia consequatur voluptatem nisi. Quo dolor adipisci sed in sapiente aut. Doloribus sapiente voluptatem consequatur alias sed. Voluptas hic molestias beatae beatae autem. Libero laboriosam id veritatis sunt sequi in ut minus. Voluptatibus nam animi aut qui voluptas similique. Consectetur explicabo asperiores eaque impedit odio cumque. Autem iusto sit eos voluptatem aspernatur quas. Consequatur deleniti commodi dolorem ea aut pariatur laboriosam earum. Cupiditate labore beatae ducimus fugiat.', 'https://image.jeuxvideo.com/medias/163214/1632143636-6808-jaquette-avant.jpg'),
(1071, 224, 'qui qui quam harum', 'Eum quos modi sequi. Voluptatibus earum sint sed at et laboriosam enim. Accusantium excepturi qui nihil reprehenderit occaecati ut. Minus dolorem ab nulla quos veritatis impedit dicta. Quibusdam aut ea provident quia. In facilis consequatur quam animi temporibus tenetur. Laborum perferendis et ut illum atque eum. At id hic possimus sed quae magnam. Enim quo ut qui minus. Voluptates deleniti voluptatem qui ad ullam itaque. Voluptas ratione ratione ea sint ut. Aut doloribus aut accusantium maxime fugit suscipit.', 'https://image.jeuxvideo.com/medias/163299/1632989749-6428-jaquette-avant.gif'),
(1072, 226, 'earum laboriosam', 'Optio ab eos velit. Dolores ut a similique voluptas molestiae. Numquam voluptatem doloremque explicabo qui ut. Recusandae quia a amet ut adipisci repudiandae. Doloremque quis veritatis totam laboriosam saepe. Quia eius qui officia magni. Aspernatur quia qui iste quisquam dolores. Eligendi molestiae nemo ullam qui delectus molestiae. Et commodi molestiae maxime deleniti omnis. Et non non dolor in ut quasi necessitatibus. Optio dolorem sint eaque excepturi.', 'https://image.jeuxvideo.com/medias/148285/1482854953-4348-jaquette-avant.jpg'),
(1073, 240, 'atque iusto veritatis', 'Ipsum harum id veritatis qui. Ipsum voluptatem unde modi unde odio non aut. Eum soluta minus ratione deleniti. Est officia iure est magnam consectetur. Quasi et ut quia non voluptatibus libero. Qui natus quia eveniet. Impedit officia modi nam dolor eius rerum rerum. Odit numquam natus omnis dolor nihil. Et omnis et ut. Alias quaerat accusantium nesciunt mollitia aut accusantium accusamus. Quos officia blanditiis fugit ut earum et et fugit. Aperiam blanditiis dolores iste in voluptas reprehenderit non aut. Excepturi ut quia porro et occaecati sapiente.', 'https://image.jeuxvideo.com/medias/163299/1632989599-6459-jaquette-avant.gif'),
(1074, 240, 'et', 'Velit velit excepturi eum et molestiae. Dolor et quia vel impedit magnam a. Reprehenderit quidem voluptatem debitis beatae qui id. Rerum architecto ea aliquid debitis cum quod dolorum. Quisquam tempore natus fugit optio est sapiente ipsam. Dolorem tenetur ad harum voluptatem cum ipsum placeat. Aut dolorum expedita earum quia distinctio expedita nostrum. Magni et perspiciatis voluptatem exercitationem neque et sit nam. Deserunt quam ipsa sint soluta doloremque placeat. Quidem voluptatem aut labore quos aut. Ratione expedita voluptatum quis incidunt vitae odio.', 'https://image.jeuxvideo.com/medias/163708/1637080607-7753-jaquette-avant.gif'),
(1075, 231, 'saepe est', 'Omnis quia voluptas veritatis rem nostrum voluptatem rem. Praesentium nesciunt et omnis ut consequuntur qui nulla expedita. Accusantium consequatur amet et et eaque at nostrum. Ipsum vel et nihil voluptatibus id. Est in enim et est quia magnam. Sapiente iusto vel veniam perferendis officiis aspernatur explicabo. Eaque in aliquid aut incidunt. Qui veniam deserunt cupiditate reiciendis aut est. Et ipsum dolorum est sint. Est rerum atque iure sint. Eos omnis cum sequi repudiandae numquam. Mollitia tenetur neque ducimus.', 'https://image.jeuxvideo.com/medias/163154/1631535511-3744-jaquette-avant.jpg'),
(1076, 232, 'modi quis earum', 'Odit voluptatem esse at eos. Consequatur dolores deleniti aliquam voluptates illo. Id natus iste commodi. Et a aut suscipit nisi rerum animi. Perspiciatis voluptatem dicta velit dolor ipsam. A fuga et ut rem accusamus. A optio tenetur deserunt illum quam quibusdam. Animi ratione non laboriosam maiores ab hic corporis. Rerum qui eum vero. Facere molestiae sequi ut rerum. Minus quae aut velit nihil deserunt. Tempora quia aut eligendi ducimus nobis consequatur inventore. Et odio necessitatibus ipsam voluptas veritatis. Ipsum aperiam mollitia perspiciatis vel voluptatem iure animi.', 'https://letempscompere.fr/wp-content/uploads/2021/08/KyBRbcz5wCqPrdr7QFfUniEg-2048x1536.webp'),
(1077, 236, 'qui et', 'Ipsam accusamus numquam voluptatem consequatur placeat. Id iusto rem eum laudantium quia qui ipsam. Molestias iste quis nisi recusandae beatae blanditiis dolores. Quasi ut repellat voluptatibus consectetur dolores laudantium quae. Esse corrupti voluptatibus ut explicabo. Molestiae unde vel beatae et provident fugit magni autem. Consequuntur placeat sed a est est et ex aliquid. Consequatur quia velit velit est est. Quia eos quas sequi labore. Quam dolores assumenda maxime et ut. Cum voluptas ea necessitatibus et.', 'https://image.jeuxvideo.com/medias/148285/1482854953-4348-jaquette-avant.jpg');
INSERT INTO `video_game` (`id`, `category_id`, `name`, `description`, `picture`) VALUES
(1078, 240, 'velit perferendis quae', 'Quia vitae id delectus natus molestias maxime. Ab in molestiae blanditiis numquam. Sed facere quas facilis est voluptas voluptatibus soluta. Sed architecto dolorem esse sed et. Aut distinctio ducimus aut consequatur. Maxime nihil reprehenderit ipsa mollitia ab. Ad alias ad consectetur voluptatem impedit voluptas et. Quo dolorum pariatur sunt ut. Autem et in at culpa voluptas ratione. Fugiat veniam enim maiores. Repudiandae illo ut magnam provident ea hic. Qui cupiditate consequuntur nisi expedita aperiam voluptate. A rerum sed numquam eum.', 'https://image.jeuxvideo.com/medias/163214/1632142889-7692-jaquette-avant.jpg'),
(1079, 234, 'sed a', 'Esse ullam ea quaerat culpa hic labore. Libero laudantium qui voluptatem est. Autem sapiente et laborum cumque magni. Et sed eum ut quae ad blanditiis. Deserunt ea nostrum modi ipsam omnis minus harum sed. Dicta id dolores adipisci odit ut et. Ex beatae veniam consequatur beatae eveniet corporis ducimus. Quo aspernatur iste illum iusto adipisci similique. Sint error maxime possimus sint et hic provident. Ipsum laboriosam odio recusandae inventore et at. Quis similique sit voluptates sed ullam iusto quia.', 'https://image.jeuxvideo.com/medias/148285/1482854953-4348-jaquette-avant.jpg'),
(1080, 222, 'autem omnis et a', 'Quia similique quos ipsam expedita. Tempore fuga consequatur rerum quasi possimus temporibus. Earum qui harum natus voluptatibus quia sapiente totam. In veniam et accusantium totam. Aut et velit perspiciatis adipisci. Facilis provident quo commodi porro ipsum officia ducimus et. Praesentium cumque nisi consequatur accusantium. Ut expedita iure eum molestiae adipisci amet. Ut omnis alias recusandae hic. Dolore aut laboriosam est adipisci iusto et. Natus quasi nam sunt aut culpa. Maxime nemo ab vel harum amet rerum voluptas. Officia et aspernatur explicabo consequatur rerum.', 'https://image.jeuxvideo.com/medias/148285/1482854953-4348-jaquette-avant.jpg'),
(1081, 222, 'provident', 'Quis vitae quo et provident non. Quaerat quae eveniet quos laudantium. Iure fugit quidem aut ducimus ut esse. Natus id ut itaque fugit. Dolorem et quod maxime tempora consequatur error non. Minima culpa illo quia ut esse non tenetur repudiandae. Molestiae laboriosam odio quia et maiores dolor et. Provident possimus a et dolores. Eligendi quisquam consequatur voluptatem enim perspiciatis. Corrupti totam eos necessitatibus incidunt qui ducimus. Sed consequatur non provident dolore. Sed eligendi aut voluptates. Ut recusandae nulla neque. Sunt deserunt consequatur illum suscipit.', 'https://image.jeuxvideo.com/medias/163214/1632142889-7692-jaquette-avant.jpg'),
(1082, 227, 'debitis laboriosam non alias', 'Necessitatibus non nostrum accusantium. Labore adipisci reprehenderit non rerum. Molestias et aut consequuntur incidunt dolorem et. Quo omnis ex voluptas perspiciatis voluptatem delectus rem. Sit officia nisi ut quas aut ut commodi. Ut sed illum ut illum aliquam temporibus. Aspernatur omnis eos laudantium ratione. Quidem qui voluptatem doloribus consequatur ex modi. Assumenda odio enim laborum. Quidem commodi cum minima quam doloribus. Molestiae atque hic dignissimos et et voluptatem. Laboriosam beatae neque ut molestias. Pariatur ab qui tempora.', 'https://image.jeuxvideo.com/medias/150166/1501664378-9988-jaquette-avant.jpg'),
(1083, 226, 'alias maiores vero', 'Qui eum provident molestiae sunt ut. Sunt ipsa illo fugiat earum unde officia. Et dolore voluptatum hic quia. Tenetur ut expedita voluptas rerum. Similique cum consequatur consequatur sit odit. Tempora repudiandae consequatur omnis nemo dolores consequuntur animi. Eos dolor quod beatae magnam. Commodi sunt mollitia suscipit tenetur laboriosam quibusdam ea rerum. Accusamus explicabo ut sit aspernatur rem et aut. Ex ut aspernatur mollitia odio earum. Voluptas voluptates eos harum non placeat eum aut. Impedit beatae quo et optio iste natus voluptatibus. Quaerat ut qui est velit quia.', 'https://image.jeuxvideo.com/medias/142247/1422469608-7141-jaquette-avant.jpg'),
(1084, 224, 'illum rerum sint', 'Eum rem tempore adipisci. Pariatur minima et dolore et. Laborum quia laboriosam assumenda vero perspiciatis. Nesciunt consectetur perferendis dicta fuga. Aliquid quibusdam nemo pariatur neque. Dolorem magnam sunt ut odio. Explicabo eos suscipit nostrum beatae quo ab nobis eos. Iure alias et vero in id rem itaque. Odio dolore doloremque vero velit aliquam velit. Et voluptatem dolor sunt sapiente cupiditate animi. Est autem dolore tenetur et. Quia dolores quos sapiente ut dignissimos enim esse voluptas. Saepe sint quas minima alias consequatur cupiditate qui. In et voluptatem et.', 'https://image.jeuxvideo.com/medias/163335/1633353168-8875-jaquette-avant.gif'),
(1085, 229, 'corrupti', 'Facilis et quo dolore inventore dolor at aperiam. Beatae corrupti dolore doloremque iste aut aut perspiciatis ab. Nostrum et qui ullam dolorem eum. Architecto debitis repellat eos molestiae temporibus. Occaecati ipsum ipsum recusandae doloribus rem optio molestiae beatae. Ad expedita qui officia sequi sit. Quasi dolorum non non ut non et natus. Cum dolores et quo nisi. Vitae maxime et provident voluptatem qui. Molestiae expedita doloribus cum in nobis.', 'https://image.jeuxvideo.com/medias/149432/1494322310-8900-jaquette-avant.jpg'),
(1086, 232, 'est', 'Quod sit et voluptates ad. Quia pariatur est qui ad rem. Debitis commodi quam architecto hic dicta nulla. Fugit vero sed quia dolores temporibus. Aut culpa nobis autem distinctio commodi consequatur. Cumque exercitationem laboriosam sit porro error aperiam magni. Quibusdam excepturi unde possimus. Est sunt eveniet non blanditiis voluptas. Aliquid reprehenderit earum laboriosam modi. Totam qui nobis ipsa et ratione eum doloribus. Aut autem placeat fugiat ipsa sint at id at.', 'https://image.jeuxvideo.com/medias/150166/1501664378-9988-jaquette-avant.jpg'),
(1087, 229, 'voluptate eum est', 'Non itaque ratione magnam eius velit omnis. Quo facilis porro assumenda iusto quaerat tempora. Eum unde veritatis laboriosam enim explicabo deleniti sit itaque. Quam omnis laborum vel temporibus distinctio explicabo eligendi. A animi rerum natus commodi quibusdam dolor et id. Dicta ut dolor quaerat reiciendis tempora et et. Aut asperiores eos soluta. Exercitationem repellat ut laborum consequuntur delectus odio. Nemo exercitationem iure occaecati corrupti ab. Laudantium velit assumenda in accusamus. Ex esse sed quo illo facilis est voluptas dolorum. Repellat sint officiis eligendi facilis.', 'https://image.jeuxvideo.com/images/jaquettes/00048634/jaquette-les-sims-4-pc-cover-avant-g-1409904702.jpg'),
(1088, 239, 'rerum vel', 'Voluptatem quam dolor aperiam iusto. Hic dolor numquam voluptas in esse. Et in aut a. Quaerat ea et ea ut ut provident expedita. Hic id non odit sint. Cumque temporibus ratione sed voluptas numquam aut aut. Earum ipsa ea porro quis voluptatibus. Ut repellendus cupiditate id et. Ut rerum nihil et quia fugit est. Non omnis illo quos qui qui aut. Et sit eum facilis accusantium. Est tempora rerum corporis illo ut quia ullam. Tenetur quo vel nam cupiditate. Dolore rerum aperiam eveniet. Et sint est itaque aut saepe. Delectus est officia quaerat corrupti ut dolorum dolor.', 'https://image.jeuxvideo.com/medias/158826/1588264397-5261-jaquette-avant.jpg'),
(1089, 222, 'est doloremque', 'Sit quia aut nostrum minus et. Eveniet unde delectus exercitationem eum neque ut accusamus. Doloremque id voluptatem amet enim nemo ut commodi. Numquam libero quibusdam animi distinctio. Culpa sunt alias sit dolorem qui magni quod repudiandae. Omnis consequatur possimus voluptate. Sequi repudiandae velit ab tenetur et. Deserunt quibusdam sit ut possimus omnis expedita. Occaecati eum voluptatem aliquid eius. Itaque ratione dolores accusamus necessitatibus libero sequi fugit voluptatem. Voluptates fuga nihil sed consequatur consequatur est aspernatur. Sint illo eos dolorum et quam.', 'https://image.jeuxvideo.com/medias/151689/1516893501-9622-jaquette-avant.jpg'),
(1090, 239, 'et quia maxime', 'Amet dolorum ut qui dicta voluptate ea sunt. Magnam consectetur eum voluptatem sequi. Voluptatibus vel saepe ea non debitis. Ipsam quas quis fugit fuga mollitia veritatis enim. Animi quae expedita impedit aut. Aut enim nostrum quis aut expedita nisi iusto magnam. Et voluptatem quasi quos et. Voluptatem id deserunt natus fugiat maxime deserunt. Alias vitae dolor autem aut et omnis aut sit. Quas quia odit neque.', 'https://image.jeuxvideo.com/images/jaquettes/00027602/jaquette-league-of-legends-pc-cover-avant-g.jpg'),
(1091, 236, 'non optio', 'Debitis eveniet odit distinctio fugiat iure sed vel. Voluptatem officia sint eveniet iure ea. Magnam voluptatem autem ipsa et ratione. Alias architecto omnis recusandae porro. Consequatur est minus cum voluptas. Commodi aut nostrum eveniet est quod impedit. Quis explicabo et dolore soluta voluptas. Tempore quos laudantium praesentium neque non eum. Nulla facere delectus earum sit dolorem aliquid. Eos vitae asperiores et aliquam. Numquam dolorum libero et quasi eos debitis. Molestiae quaerat mollitia et consectetur placeat magnam et. Excepturi id rem vel maiores.', 'https://image.jeuxvideo.com/medias-sm/163396/1633959248-729-jaquette-avant.gif'),
(1092, 239, 'recusandae quae soluta qui', 'Qui amet illo suscipit consequatur animi eum porro. Voluptatem molestias impedit nostrum eaque aut aspernatur necessitatibus consequatur. Aspernatur neque soluta in odit non accusantium laboriosam. Vel error omnis omnis aperiam occaecati voluptatem quas esse. Qui adipisci laudantium exercitationem aut recusandae quia. Quo debitis molestias deserunt quae et doloribus. Odit ut fugit fuga aspernatur dolores ratione dicta et. Velit minus omnis eaque. Ipsum repellendus doloremque ex saepe.', 'https://image.jeuxvideo.com/medias/163299/1632989749-6428-jaquette-avant.gif'),
(1093, 227, 'et exercitationem', 'Voluptatem aut voluptatum dolore perferendis ut. Ut et voluptatem nulla impedit tenetur. Vel aliquid voluptas doloremque voluptatem cumque odit nisi. Officiis nulla eos beatae. Impedit quae veritatis laboriosam aliquid accusamus tempora. Omnis nam voluptates nihil voluptatem dolores. Aut est ut qui amet laudantium. Explicabo reiciendis soluta quo perferendis qui rem. Non omnis ut libero consequuntur asperiores repudiandae. Laborum nisi mollitia enim doloremque molestiae reiciendis corrupti est. Qui est odit labore voluptatum repellat soluta.', 'https://image.jeuxvideo.com/medias/163299/1632989749-6428-jaquette-avant.gif'),
(1094, 239, 'error quisquam quia perspiciatis', 'Inventore rem aspernatur ad qui aspernatur ratione. Voluptates ut dolores voluptatem quae vitae. Et et voluptatum sunt sit praesentium quo voluptas est. Et ut et et vel aperiam id error. Aliquam natus aut facere reiciendis molestias aut nemo. Ut illo impedit labore ipsa et qui dolore. Ad doloribus dolorem sit eius sit. Doloremque quo distinctio consequatur voluptas sequi. Vel tempora atque voluptatem rem. Atque possimus mollitia omnis laudantium officia et aliquam. Quia voluptatem minima atque voluptatibus cum quos voluptate. Illo quisquam minima sapiente hic ratione.', 'https://paradoxetemporel.fr/wp-content/uploads/2020/06/jaquette-the-last-of-us-part-2.jpg'),
(1095, 228, 'mollitia ut aliquid esse', 'Excepturi et inventore sed doloremque blanditiis esse sint. Facere deserunt quia adipisci consequuntur. Quia quam quia fugit consectetur. Doloribus voluptas sint inventore eaque rem. Quam tempore voluptas dignissimos optio. Distinctio repellendus perspiciatis quam neque corrupti et id. Ipsam soluta iste voluptatem et. Natus perferendis in vel. Fugit et deleniti quas et. Beatae sit aliquid consectetur officiis velit. Reiciendis minus fuga quo vitae a consequatur. Veritatis eum doloribus repellendus sunt quia et aspernatur voluptatibus.', 'https://global-img.gamergen.com/red-dead-redemption-2-pc-mediamarkt_0900909672.jpg'),
(1096, 235, 'hic fuga illum repudiandae', 'Earum quasi rerum asperiores dolores voluptatibus est. Ea voluptas ipsa hic blanditiis. Hic libero voluptatem commodi sit culpa voluptas reiciendis. Nisi sequi et sunt consectetur porro. Modi inventore voluptatibus nostrum voluptate quia voluptas eos. Sed dolor quia modi optio. Omnis aut vero explicabo laboriosam est. In delectus a eveniet enim quia quibusdam. Aut est vero rerum a. Libero nobis autem error incidunt rerum et sit. Ipsa voluptate tenetur ea labore dolores rem necessitatibus.', 'https://image.jeuxvideo.com/medias/161616/1616164719-8684-jaquette-avant.jpg'),
(1097, 233, 'enim autem', 'Ipsam tempora dolorem temporibus voluptatem vero. Neque accusamus dicta facilis veniam veritatis ut aut. Sed possimus vitae omnis non. Nobis est ut dolores velit quia inventore at totam. Nobis repellendus itaque aut aut ut minima libero. Et dignissimos est ad ut sapiente ut. Possimus quidem porro quo sunt earum inventore quo. Rerum qui quis corporis aut veniam eius libero. Expedita in tempore ut sit et. Amet pariatur rerum voluptas.', 'https://image.jeuxvideo.com/medias/163664/1636636223-8849-jaquette-avant.jpg'),
(1098, 231, 'vero debitis aut', 'Distinctio blanditiis porro aut ut ad. Sit corporis voluptatibus et placeat tempora. Ex in autem est beatae hic. Asperiores maxime voluptas vel aliquid assumenda aut. Praesentium qui iure quis ratione eaque. Eaque at accusantium iure aut et voluptas. Cupiditate recusandae minima expedita voluptatem quibusdam voluptatem accusantium. Quo aut nihil aut vero voluptatum. Reiciendis quaerat repudiandae enim officia similique. Rerum ut officia inventore repudiandae.', 'https://image.jeuxvideo.com/medias/163162/1631620218-5546-jaquette-avant.gif'),
(1099, 238, 'veniam nesciunt sint voluptas', 'Dolores ipsa pariatur esse autem nesciunt possimus libero. Modi aut enim ab. Sint molestiae laboriosam rerum adipisci. Quo est sapiente vel sunt quo. Quos accusamus id aperiam quia est cumque. Nam numquam odio ut deserunt impedit. Dolorem odio dolore quos. Ut nisi non molestiae voluptatibus. Voluptas reiciendis enim et impedit in optio. Voluptas eaque expedita omnis dolore. Ea et et sequi id et cupiditate aut itaque.', 'https://image.jeuxvideo.com/medias/148285/1482854953-4348-jaquette-avant.jpg'),
(1100, 222, 'accusantium omnis odio', 'Odit aut est quas dolores optio. Aut commodi consequatur ut eligendi inventore aut dignissimos. Consequatur id quo deserunt voluptatem quas accusantium. Ducimus et quos esse perspiciatis nobis. Ut perspiciatis illo explicabo fugit. Omnis odio ratione quia inventore nobis. Officiis optio rerum quidem est. Aut harum qui laudantium voluptatem est modi magnam. Accusamus aspernatur natus quidem voluptates. Ipsum magni aut nam enim nisi est. Placeat beatae quia vitae eaque sit placeat.', 'https://image.jeuxvideo.com/medias/151689/1516893501-9622-jaquette-avant.jpg');

-- --------------------------------------------------------

--
-- Structure de la table `video_game_category`
--

CREATE TABLE `video_game_category` (
  `id` int(11) NOT NULL,
  `name` varchar(50) COLLATE utf8mb4_unicode_ci NOT NULL
) ENGINE=InnoDB DEFAULT CHARSET=utf8mb4 COLLATE=utf8mb4_unicode_ci;

--
-- Déchargement des données de la table `video_game_category`
--

INSERT INTO `video_game_category` (`id`, `name`) VALUES
(221, 'FPS / TPS'),
(222, 'Combat'),
(223, 'RTS'),
(224, 'Simulation'),
(225, 'Plateforme'),
(226, 'RPG'),
(227, 'MMORPG'),
(228, 'Sandbox'),
(229, 'MOBA'),
(230, 'Battle Royals'),
(231, 'Action / Aventure'),
(232, 'Beat Them All'),
(233, 'Puzzlers'),
(234, 'Réflexion'),
(235, 'Survival Horror'),
(236, 'Hack’n’slash'),
(237, 'Party Games'),
(238, 'Rythme'),
(239, 'Course'),
(240, 'Sports');

-- --------------------------------------------------------

--
-- Structure de la table `video_game_platform`
--

CREATE TABLE `video_game_platform` (
  `video_game_id` int(11) NOT NULL,
  `platform_id` int(11) NOT NULL
) ENGINE=InnoDB DEFAULT CHARSET=utf8mb4 COLLATE=utf8mb4_unicode_ci;

--
-- Déchargement des données de la table `video_game_platform`
--

INSERT INTO `video_game_platform` (`video_game_id`, `platform_id`) VALUES
(1001, 101),
(1001, 102),
(1001, 103),
(1001, 104),
(1001, 105),
(1001, 106),
(1001, 107),
(1001, 108),
(1002, 101),
(1002, 102),
(1002, 103),
(1002, 104),
(1002, 105),
(1002, 106),
(1002, 107),
(1002, 108),
(1003, 101),
(1003, 102),
(1003, 103),
(1003, 104),
(1003, 105),
(1004, 101),
(1004, 102),
(1004, 103),
(1004, 104),
(1004, 105),
(1004, 106),
(1004, 107),
(1004, 108),
(1005, 101),
(1005, 102),
(1005, 103),
(1005, 104),
(1005, 105),
(1006, 101),
(1006, 102),
(1006, 103),
(1006, 104),
(1006, 105),
(1006, 106),
(1006, 107),
(1006, 108),
(1007, 101),
(1007, 102),
(1007, 103),
(1007, 104),
(1007, 105),
(1008, 101),
(1008, 102),
(1008, 103),
(1008, 104),
(1008, 105),
(1008, 106),
(1008, 107),
(1008, 108),
(1009, 101),
(1009, 102),
(1009, 103),
(1009, 104),
(1009, 105),
(1009, 106),
(1009, 107),
(1009, 108),
(1010, 101),
(1011, 101),
(1011, 102),
(1011, 103),
(1011, 104),
(1011, 105),
(1011, 106),
(1011, 107),
(1011, 108),
(1012, 101),
(1012, 102),
(1012, 103),
(1012, 104),
(1012, 105),
(1012, 106),
(1013, 101),
(1013, 102),
(1013, 103),
(1013, 104),
(1013, 105),
(1013, 106),
(1013, 107),
(1013, 108),
(1014, 101),
(1014, 102),
(1014, 103),
(1014, 104),
(1014, 105),
(1014, 106),
(1014, 107),
(1014, 108),
(1015, 101),
(1015, 102),
(1015, 103),
(1015, 104),
(1015, 105),
(1015, 106),
(1015, 107),
(1015, 108),
(1016, 101),
(1016, 102),
(1016, 103),
(1016, 104),
(1016, 105),
(1016, 106),
(1016, 107),
(1016, 108),
(1017, 101),
(1017, 102),
(1017, 104),
(1017, 105),
(1018, 101),
(1019, 101),
(1019, 102),
(1019, 103),
(1019, 104),
(1019, 105),
(1020, 101),
(1020, 102),
(1020, 103),
(1020, 104),
(1020, 105),
(1020, 106),
(1021, 101),
(1021, 102),
(1021, 103),
(1021, 104),
(1021, 105),
(1021, 106),
(1021, 107),
(1021, 108),
(1022, 101),
(1022, 102),
(1022, 103),
(1022, 104),
(1022, 105),
(1022, 106),
(1022, 107),
(1022, 108),
(1023, 101),
(1024, 101),
(1024, 102),
(1024, 103),
(1024, 104),
(1024, 105),
(1025, 101),
(1026, 101),
(1026, 102),
(1026, 103),
(1026, 104),
(1026, 105),
(1026, 106),
(1026, 107),
(1026, 108),
(1027, 101),
(1027, 102),
(1027, 104),
(1027, 105),
(1028, 101),
(1028, 102),
(1028, 103),
(1028, 104),
(1028, 105),
(1028, 106),
(1029, 101),
(1029, 102),
(1029, 103),
(1029, 104),
(1029, 105),
(1029, 106),
(1029, 107),
(1029, 108),
(1030, 101),
(1030, 102),
(1030, 103),
(1030, 104),
(1030, 105),
(1031, 101),
(1031, 102),
(1031, 103),
(1031, 104),
(1031, 105),
(1031, 106),
(1031, 107),
(1031, 108),
(1032, 101),
(1032, 102),
(1032, 103),
(1032, 104),
(1032, 105),
(1032, 106),
(1032, 107),
(1032, 108),
(1033, 101),
(1033, 102),
(1033, 103),
(1033, 104),
(1033, 105),
(1034, 101),
(1035, 101),
(1035, 102),
(1035, 103),
(1035, 104),
(1035, 105),
(1036, 101),
(1036, 102),
(1036, 103),
(1036, 104),
(1036, 105),
(1036, 106),
(1036, 107),
(1036, 108),
(1037, 101),
(1037, 102),
(1037, 103),
(1037, 104),
(1037, 105),
(1037, 106),
(1037, 107),
(1037, 108),
(1038, 101),
(1038, 102),
(1038, 103),
(1038, 104),
(1038, 105),
(1038, 106),
(1038, 107),
(1038, 108),
(1039, 101),
(1039, 102),
(1039, 103),
(1039, 104),
(1039, 105),
(1039, 106),
(1040, 101),
(1040, 102),
(1040, 103),
(1040, 104),
(1040, 105),
(1040, 106),
(1041, 101),
(1041, 102),
(1041, 103),
(1041, 104),
(1041, 105),
(1041, 106),
(1041, 107),
(1041, 108),
(1042, 101),
(1042, 102),
(1042, 103),
(1042, 104),
(1042, 105),
(1042, 106),
(1042, 107),
(1042, 108),
(1043, 101),
(1043, 102),
(1043, 103),
(1043, 104),
(1043, 105),
(1044, 101),
(1044, 102),
(1044, 104),
(1044, 105),
(1045, 101),
(1045, 102),
(1045, 103),
(1045, 104),
(1045, 105),
(1045, 106),
(1045, 107),
(1045, 108),
(1046, 101),
(1046, 102),
(1046, 104),
(1046, 105),
(1047, 101),
(1047, 102),
(1047, 103),
(1047, 104),
(1047, 105),
(1048, 101),
(1048, 102),
(1048, 103),
(1048, 104),
(1048, 105),
(1048, 106),
(1048, 107),
(1048, 108),
(1049, 101),
(1049, 102),
(1049, 103),
(1049, 104),
(1049, 105),
(1050, 101),
(1050, 102),
(1050, 103),
(1050, 104),
(1050, 105),
(1050, 106),
(1051, 101),
(1051, 102),
(1051, 103),
(1051, 104),
(1051, 105),
(1051, 106),
(1051, 107),
(1051, 108),
(1052, 101),
(1052, 102),
(1052, 103),
(1052, 104),
(1052, 105),
(1053, 101),
(1053, 102),
(1053, 103),
(1053, 104),
(1053, 105),
(1053, 106),
(1053, 107),
(1053, 108),
(1054, 101),
(1054, 102),
(1054, 103),
(1054, 104),
(1054, 105),
(1054, 106),
(1054, 107),
(1054, 108),
(1055, 101),
(1055, 102),
(1055, 103),
(1055, 104),
(1055, 105),
(1055, 106),
(1055, 107),
(1055, 108),
(1056, 101),
(1056, 102),
(1056, 103),
(1056, 104),
(1056, 105),
(1056, 106),
(1057, 101),
(1057, 102),
(1057, 103),
(1057, 104),
(1057, 105),
(1057, 106),
(1057, 107),
(1057, 108),
(1058, 101),
(1058, 102),
(1058, 103),
(1058, 104),
(1058, 105),
(1058, 106),
(1058, 107),
(1058, 108),
(1059, 101),
(1059, 102),
(1059, 103),
(1059, 104),
(1059, 105),
(1060, 101),
(1060, 102),
(1060, 103),
(1060, 104),
(1060, 105),
(1061, 101),
(1061, 102),
(1061, 103),
(1061, 104),
(1061, 105),
(1061, 106),
(1061, 107),
(1061, 108),
(1062, 101),
(1062, 102),
(1062, 103),
(1062, 104),
(1062, 105),
(1063, 101),
(1063, 102),
(1063, 103),
(1063, 104),
(1063, 105),
(1064, 101),
(1064, 102),
(1064, 103),
(1064, 104),
(1064, 105),
(1065, 101),
(1065, 102),
(1065, 103),
(1065, 104),
(1065, 105),
(1065, 106),
(1065, 107),
(1065, 108),
(1066, 101),
(1066, 102),
(1066, 103),
(1066, 104),
(1066, 105),
(1066, 106),
(1066, 107),
(1066, 108),
(1067, 101),
(1068, 101),
(1068, 102),
(1068, 103),
(1068, 104),
(1068, 105),
(1069, 101),
(1069, 102),
(1069, 103),
(1069, 104),
(1069, 105),
(1070, 101),
(1070, 102),
(1070, 103),
(1070, 104),
(1070, 105),
(1070, 106),
(1070, 107),
(1070, 108),
(1071, 101),
(1072, 101),
(1072, 102),
(1072, 103),
(1072, 104),
(1072, 105),
(1072, 106),
(1072, 107),
(1072, 108),
(1073, 101),
(1073, 102),
(1073, 103),
(1073, 104),
(1073, 105),
(1073, 106),
(1073, 107),
(1073, 108),
(1074, 101),
(1074, 102),
(1074, 103),
(1074, 104),
(1074, 105),
(1074, 106),
(1074, 107),
(1074, 108),
(1075, 101),
(1076, 101),
(1076, 102),
(1076, 103),
(1076, 104),
(1076, 105),
(1077, 101),
(1077, 102),
(1077, 103),
(1077, 104),
(1077, 105),
(1077, 106),
(1077, 107),
(1077, 108),
(1078, 101),
(1078, 102),
(1078, 103),
(1078, 104),
(1078, 105),
(1079, 101),
(1079, 102),
(1079, 103),
(1079, 104),
(1079, 105),
(1080, 101),
(1080, 102),
(1080, 103),
(1080, 104),
(1080, 105),
(1080, 106),
(1080, 107),
(1080, 108),
(1081, 101),
(1081, 102),
(1081, 103),
(1081, 104),
(1081, 105),
(1081, 106),
(1081, 107),
(1081, 108),
(1082, 101),
(1082, 102),
(1082, 103),
(1082, 104),
(1082, 105),
(1082, 106),
(1082, 107),
(1082, 108),
(1083, 101),
(1083, 102),
(1083, 103),
(1083, 104),
(1083, 105),
(1084, 101),
(1084, 102),
(1084, 103),
(1084, 104),
(1084, 105),
(1085, 101),
(1085, 102),
(1085, 103),
(1085, 104),
(1085, 105),
(1086, 101),
(1086, 102),
(1086, 103),
(1086, 104),
(1086, 105),
(1086, 106),
(1086, 107),
(1086, 108),
(1087, 101),
(1087, 102),
(1087, 103),
(1087, 104),
(1087, 105),
(1088, 101),
(1088, 102),
(1088, 103),
(1088, 104),
(1088, 105),
(1088, 106),
(1088, 107),
(1088, 108),
(1089, 101),
(1090, 101),
(1091, 101),
(1091, 102),
(1091, 103),
(1091, 104),
(1091, 105),
(1091, 106),
(1091, 107),
(1091, 108),
(1092, 101),
(1092, 102),
(1092, 103),
(1092, 104),
(1092, 105),
(1092, 106),
(1092, 107),
(1092, 108),
(1093, 101),
(1093, 102),
(1093, 103),
(1093, 104),
(1093, 105),
(1094, 101),
(1094, 102),
(1094, 103),
(1094, 104),
(1094, 105),
(1094, 106),
(1094, 107),
(1094, 108),
(1095, 101),
(1095, 102),
(1095, 103),
(1095, 104),
(1095, 105),
(1095, 106),
(1095, 107),
(1095, 108),
(1096, 101),
(1096, 102),
(1096, 103),
(1096, 104),
(1096, 105),
(1096, 106),
(1096, 107),
(1096, 108),
(1097, 101),
(1097, 102),
(1097, 104),
(1097, 105),
(1098, 101),
(1098, 102),
(1098, 103),
(1098, 104),
(1098, 105),
(1098, 106),
(1099, 101),
(1100, 101),
(1100, 102),
(1100, 103),
(1100, 104),
(1100, 105);

--
-- Index pour les tables déchargées
--

--
-- Index pour la table `board_game`
--
ALTER TABLE `board_game`
  ADD PRIMARY KEY (`id`),
  ADD KEY `IDX_F9BD68AF12469DE2` (`category_id`);

--
-- Index pour la table `board_game_category`
--
ALTER TABLE `board_game_category`
  ADD PRIMARY KEY (`id`);

--
-- Index pour la table `booking`
--
ALTER TABLE `booking`
  ADD PRIMARY KEY (`id`),
  ADD KEY `IDX_E00CEDDE71F7E88B` (`event_id`),
  ADD KEY `IDX_E00CEDDEA76ED395` (`user_id`);

--
-- Index pour la table `comic`
--
ALTER TABLE `comic`
  ADD PRIMARY KEY (`id`),
  ADD KEY `IDX_5B7EA5AA12469DE2` (`category_id`);

--
-- Index pour la table `comic_category`
--
ALTER TABLE `comic_category`
  ADD PRIMARY KEY (`id`);

--
-- Index pour la table `doctrine_migration_versions`
--
ALTER TABLE `doctrine_migration_versions`
  ADD PRIMARY KEY (`version`);

--
-- Index pour la table `event`
--
ALTER TABLE `event`
  ADD PRIMARY KEY (`id`),
  ADD KEY `IDX_3BAE0AA712469DE2` (`category_id`),
  ADD KEY `IDX_3BAE0AA7DA6A219` (`place_id`),
  ADD KEY `IDX_3BAE0AA77E3C61F9` (`owner_id`),
  ADD KEY `IDX_3BAE0AA781C06096` (`activity_id`);

--
-- Index pour la table `event_activity`
--
ALTER TABLE `event_activity`
  ADD PRIMARY KEY (`id`);

--
-- Index pour la table `event_category`
--
ALTER TABLE `event_category`
  ADD PRIMARY KEY (`id`);

--
-- Index pour la table `manga`
--
ALTER TABLE `manga`
  ADD PRIMARY KEY (`id`),
  ADD KEY `IDX_765A9E0312469DE2` (`category_id`);

--
-- Index pour la table `manga_category`
--
ALTER TABLE `manga_category`
  ADD PRIMARY KEY (`id`);

--
-- Index pour la table `place`
--
ALTER TABLE `place`
  ADD PRIMARY KEY (`id`);

--
-- Index pour la table `platform`
--
ALTER TABLE `platform`
  ADD PRIMARY KEY (`id`);

--
-- Index pour la table `user`
--
ALTER TABLE `user`
  ADD PRIMARY KEY (`id`),
  ADD UNIQUE KEY `UNIQ_8D93D649E7927C74` (`email`),
  ADD KEY `IDX_8D93D649CCFA12B8` (`profile_id`),
  ADD KEY `IDX_8D93D6495FB14BA7` (`level_id`);

--
-- Index pour la table `user_board_game`
--
ALTER TABLE `user_board_game`
  ADD PRIMARY KEY (`user_id`,`board_game_id`),
  ADD KEY `IDX_5EDAAE43A76ED395` (`user_id`),
  ADD KEY `IDX_5EDAAE43AC91F10A` (`board_game_id`);

--
-- Index pour la table `user_comic`
--
ALTER TABLE `user_comic`
  ADD PRIMARY KEY (`user_id`,`comic_id`),
  ADD KEY `IDX_B9BC5EF2A76ED395` (`user_id`),
  ADD KEY `IDX_B9BC5EF2D663094A` (`comic_id`);

--
-- Index pour la table `user_level`
--
ALTER TABLE `user_level`
  ADD PRIMARY KEY (`id`);

--
-- Index pour la table `user_manga`
--
ALTER TABLE `user_manga`
  ADD PRIMARY KEY (`user_id`,`manga_id`),
  ADD KEY `IDX_9498655BA76ED395` (`user_id`),
  ADD KEY `IDX_9498655B7B6461` (`manga_id`);

--
-- Index pour la table `user_profile`
--
ALTER TABLE `user_profile`
  ADD PRIMARY KEY (`id`);

--
-- Index pour la table `user_video_game`
--
ALTER TABLE `user_video_game`
  ADD PRIMARY KEY (`user_id`,`video_game_id`),
  ADD KEY `IDX_83DBAABCA76ED395` (`user_id`),
  ADD KEY `IDX_83DBAABC16230A8` (`video_game_id`);

--
-- Index pour la table `video_game`
--
ALTER TABLE `video_game`
  ADD PRIMARY KEY (`id`),
  ADD KEY `IDX_24BC6C5012469DE2` (`category_id`);

--
-- Index pour la table `video_game_category`
--
ALTER TABLE `video_game_category`
  ADD PRIMARY KEY (`id`);

--
-- Index pour la table `video_game_platform`
--
ALTER TABLE `video_game_platform`
  ADD PRIMARY KEY (`video_game_id`,`platform_id`),
  ADD KEY `IDX_996C03DD16230A8` (`video_game_id`),
  ADD KEY `IDX_996C03DDFFE6496F` (`platform_id`);

--
-- AUTO_INCREMENT pour les tables déchargées
--

--
-- AUTO_INCREMENT pour la table `board_game`
--
ALTER TABLE `board_game`
  MODIFY `id` int(11) NOT NULL AUTO_INCREMENT, AUTO_INCREMENT=1101;

--
-- AUTO_INCREMENT pour la table `board_game_category`
--
ALTER TABLE `board_game_category`
  MODIFY `id` int(11) NOT NULL AUTO_INCREMENT, AUTO_INCREMENT=205;

--
-- AUTO_INCREMENT pour la table `booking`
--
ALTER TABLE `booking`
  MODIFY `id` int(11) NOT NULL AUTO_INCREMENT, AUTO_INCREMENT=401;

--
-- AUTO_INCREMENT pour la table `comic`
--
ALTER TABLE `comic`
  MODIFY `id` int(11) NOT NULL AUTO_INCREMENT, AUTO_INCREMENT=1101;

--
-- AUTO_INCREMENT pour la table `comic_category`
--
ALTER TABLE `comic_category`
  MODIFY `id` int(11) NOT NULL AUTO_INCREMENT, AUTO_INCREMENT=217;

--
-- AUTO_INCREMENT pour la table `event`
--
ALTER TABLE `event`
  MODIFY `id` int(11) NOT NULL AUTO_INCREMENT, AUTO_INCREMENT=803;

--
-- AUTO_INCREMENT pour la table `event_activity`
--
ALTER TABLE `event_activity`
  MODIFY `id` int(11) NOT NULL AUTO_INCREMENT, AUTO_INCREMENT=56;

--
-- AUTO_INCREMENT pour la table `event_category`
--
ALTER TABLE `event_category`
  MODIFY `id` int(11) NOT NULL AUTO_INCREMENT, AUTO_INCREMENT=78;

--
-- AUTO_INCREMENT pour la table `manga`
--
ALTER TABLE `manga`
  MODIFY `id` int(11) NOT NULL AUTO_INCREMENT, AUTO_INCREMENT=1101;

--
-- AUTO_INCREMENT pour la table `manga_category`
--
ALTER TABLE `manga_category`
  MODIFY `id` int(11) NOT NULL AUTO_INCREMENT, AUTO_INCREMENT=61;

--
-- AUTO_INCREMENT pour la table `place`
--
ALTER TABLE `place`
  MODIFY `id` int(11) NOT NULL AUTO_INCREMENT, AUTO_INCREMENT=1101;

--
-- AUTO_INCREMENT pour la table `platform`
--
ALTER TABLE `platform`
  MODIFY `id` int(11) NOT NULL AUTO_INCREMENT, AUTO_INCREMENT=109;

--
-- AUTO_INCREMENT pour la table `user`
--
ALTER TABLE `user`
  MODIFY `id` int(11) NOT NULL AUTO_INCREMENT, AUTO_INCREMENT=4501;

--
-- AUTO_INCREMENT pour la table `user_level`
--
ALTER TABLE `user_level`
  MODIFY `id` int(11) NOT NULL AUTO_INCREMENT, AUTO_INCREMENT=56;

--
-- AUTO_INCREMENT pour la table `user_profile`
--
ALTER TABLE `user_profile`
  MODIFY `id` int(11) NOT NULL AUTO_INCREMENT, AUTO_INCREMENT=45;

--
-- AUTO_INCREMENT pour la table `video_game`
--
ALTER TABLE `video_game`
  MODIFY `id` int(11) NOT NULL AUTO_INCREMENT, AUTO_INCREMENT=1101;

--
-- AUTO_INCREMENT pour la table `video_game_category`
--
ALTER TABLE `video_game_category`
  MODIFY `id` int(11) NOT NULL AUTO_INCREMENT, AUTO_INCREMENT=241;

--
-- Contraintes pour les tables déchargées
--

--
-- Contraintes pour la table `board_game`
--
ALTER TABLE `board_game`
  ADD CONSTRAINT `FK_F9BD68AF12469DE2` FOREIGN KEY (`category_id`) REFERENCES `board_game_category` (`id`);

--
-- Contraintes pour la table `booking`
--
ALTER TABLE `booking`
  ADD CONSTRAINT `FK_E00CEDDE71F7E88B` FOREIGN KEY (`event_id`) REFERENCES `event` (`id`),
  ADD CONSTRAINT `FK_E00CEDDEA76ED395` FOREIGN KEY (`user_id`) REFERENCES `user` (`id`);

--
-- Contraintes pour la table `comic`
--
ALTER TABLE `comic`
  ADD CONSTRAINT `FK_5B7EA5AA12469DE2` FOREIGN KEY (`category_id`) REFERENCES `comic_category` (`id`);

--
-- Contraintes pour la table `event`
--
ALTER TABLE `event`
  ADD CONSTRAINT `FK_3BAE0AA712469DE2` FOREIGN KEY (`category_id`) REFERENCES `event_category` (`id`),
  ADD CONSTRAINT `FK_3BAE0AA77E3C61F9` FOREIGN KEY (`owner_id`) REFERENCES `user` (`id`),
  ADD CONSTRAINT `FK_3BAE0AA781C06096` FOREIGN KEY (`activity_id`) REFERENCES `event_activity` (`id`),
  ADD CONSTRAINT `FK_3BAE0AA7DA6A219` FOREIGN KEY (`place_id`) REFERENCES `place` (`id`);

--
-- Contraintes pour la table `manga`
--
ALTER TABLE `manga`
  ADD CONSTRAINT `FK_765A9E0312469DE2` FOREIGN KEY (`category_id`) REFERENCES `manga_category` (`id`);

--
-- Contraintes pour la table `user`
--
ALTER TABLE `user`
  ADD CONSTRAINT `FK_8D93D6495FB14BA7` FOREIGN KEY (`level_id`) REFERENCES `user_level` (`id`),
  ADD CONSTRAINT `FK_8D93D649CCFA12B8` FOREIGN KEY (`profile_id`) REFERENCES `user_profile` (`id`);

--
-- Contraintes pour la table `user_board_game`
--
ALTER TABLE `user_board_game`
  ADD CONSTRAINT `FK_5EDAAE43A76ED395` FOREIGN KEY (`user_id`) REFERENCES `user` (`id`) ON DELETE CASCADE,
  ADD CONSTRAINT `FK_5EDAAE43AC91F10A` FOREIGN KEY (`board_game_id`) REFERENCES `board_game` (`id`) ON DELETE CASCADE;

--
-- Contraintes pour la table `user_comic`
--
ALTER TABLE `user_comic`
  ADD CONSTRAINT `FK_B9BC5EF2A76ED395` FOREIGN KEY (`user_id`) REFERENCES `user` (`id`) ON DELETE CASCADE,
  ADD CONSTRAINT `FK_B9BC5EF2D663094A` FOREIGN KEY (`comic_id`) REFERENCES `comic` (`id`) ON DELETE CASCADE;

--
-- Contraintes pour la table `user_manga`
--
ALTER TABLE `user_manga`
  ADD CONSTRAINT `FK_9498655B7B6461` FOREIGN KEY (`manga_id`) REFERENCES `manga` (`id`) ON DELETE CASCADE,
  ADD CONSTRAINT `FK_9498655BA76ED395` FOREIGN KEY (`user_id`) REFERENCES `user` (`id`) ON DELETE CASCADE;

--
-- Contraintes pour la table `user_video_game`
--
ALTER TABLE `user_video_game`
  ADD CONSTRAINT `FK_83DBAABC16230A8` FOREIGN KEY (`video_game_id`) REFERENCES `video_game` (`id`) ON DELETE CASCADE,
  ADD CONSTRAINT `FK_83DBAABCA76ED395` FOREIGN KEY (`user_id`) REFERENCES `user` (`id`) ON DELETE CASCADE;

--
-- Contraintes pour la table `video_game`
--
ALTER TABLE `video_game`
  ADD CONSTRAINT `FK_24BC6C5012469DE2` FOREIGN KEY (`category_id`) REFERENCES `video_game_category` (`id`);

--
-- Contraintes pour la table `video_game_platform`
--
ALTER TABLE `video_game_platform`
  ADD CONSTRAINT `FK_996C03DD16230A8` FOREIGN KEY (`video_game_id`) REFERENCES `video_game` (`id`) ON DELETE CASCADE,
  ADD CONSTRAINT `FK_996C03DDFFE6496F` FOREIGN KEY (`platform_id`) REFERENCES `platform` (`id`) ON DELETE CASCADE;
COMMIT;

/*!40101 SET CHARACTER_SET_CLIENT=@OLD_CHARACTER_SET_CLIENT */;
/*!40101 SET CHARACTER_SET_RESULTS=@OLD_CHARACTER_SET_RESULTS */;
/*!40101 SET COLLATION_CONNECTION=@OLD_COLLATION_CONNECTION */;
