-- phpMyAdmin SQL Dump
-- version 5.1.1
-- https://www.phpmyadmin.net/
--
-- Hôte : localhost:8889
-- Généré le : lun. 10 jan. 2022 à 09:27
-- Version du serveur : 5.7.34
-- Version de PHP : 8.0.8

SET SQL_MODE = "NO_AUTO_VALUE_ON_ZERO";
START TRANSACTION;
SET time_zone = "+00:00";


/*!40101 SET @OLD_CHARACTER_SET_CLIENT=@@CHARACTER_SET_CLIENT */;
/*!40101 SET @OLD_CHARACTER_SET_RESULTS=@@CHARACTER_SET_RESULTS */;
/*!40101 SET @OLD_COLLATION_CONNECTION=@@COLLATION_CONNECTION */;
/*!40101 SET NAMES utf8mb4 */;

--
-- Base de données : `wonderGeek`
--

-- --------------------------------------------------------

--
-- Structure de la table `board_game`
--

CREATE TABLE `board_game` (
  `id` int(11) NOT NULL,
  `category_id` int(11) NOT NULL,
  `name` varchar(50) COLLATE utf8mb4_unicode_ci NOT NULL,
  `description` longtext COLLATE utf8mb4_unicode_ci NOT NULL,
  `picture` varchar(255) COLLATE utf8mb4_unicode_ci NOT NULL
) ENGINE=InnoDB DEFAULT CHARSET=utf8mb4 COLLATE=utf8mb4_unicode_ci;

--
-- Déchargement des données de la table `board_game`
--

INSERT INTO `board_game` (`id`, `category_id`, `name`, `description`, `picture`) VALUES
(3201, 954, 'ea', 'A quibusdam ratione repudiandae ullam numquam cum. Sit voluptas nostrum veritatis fugiat ipsam. Ut et sunt dolorum qui eaque. Fuga alias est dolor et sit. Ut eaque sunt consectetur voluptatem molestiae atque.', 'https://cdn3.philibertnet.com/515976-thickbox_default/world-of-warcraft-wrath-of-the-lich-king-a-pandemic-system-board-game.jpg'),
(3202, 963, 'quaerat', 'Debitis dolor ratione nesciunt eos velit dolore in. Sequi aliquam voluptatem voluptatem. Natus tempore tempora vitae voluptas magnam voluptates dolor consectetur. Quis et nulla voluptas odit possimus in.', 'https://cdn2.philibertnet.com/305958-thickbox_default/uno.jpg'),
(3203, 960, 'facilis nesciunt', 'Quae laboriosam possimus ullam dicta ipsum. Pariatur soluta non ut possimus. Totam aut numquam velit nihil. Doloribus ea minima error quia maiores id accusantium corrupti. Modi expedita natus repudiandae rerum voluptate. Adipisci voluptatem rem quo cumque. Et tenetur enim et ut consequatur nulla.', 'https://cdn2.philibertnet.com/527633-thickbox_default/scrabble-deluxe.jpg'),
(3204, 958, 'nobis esse enim', 'Doloribus nihil beatae illum quasi voluptas. Voluptas saepe molestiae ut et quasi ut eum. Ad aut velit recusandae eum assumenda id.', 'https://cdn1.philibertnet.com/494838-thickbox_default/marvel-champions-le-jeu-de-cartes-convoitise-galactique.jpg'),
(3205, 965, 'sunt ipsam quo', 'Fugit corporis iusto delectus autem. Voluptas atque quis sed est nulla distinctio tempore. Libero temporibus ut dolorem iste et veritatis. Odio ut tempora beatae et molestias. Sit qui aliquam saepe. Soluta dolorem dolore neque qui odit. A ut labore porro quod esse repellendus.', 'https://cdn3.philibertnet.com/472228-thickbox_default/the-crew.jpg'),
(3206, 967, 'alias reiciendis et unde', 'Enim ut excepturi ut est. Hic minima ab occaecati dolorum animi et. Omnis odit laboriosam nulla beatae. Animi soluta aliquid veritatis ut quo. Expedita odio et blanditiis. Quas officiis et voluptas sint. Reprehenderit laboriosam ut in ipsam voluptas quasi.', 'https://cdn1.philibertnet.com/375938-thickbox_default/monopoly-classique.jpg'),
(3207, 956, 'et eligendi', 'Enim dolores ipsa illum expedita. Sit laborum reiciendis deserunt esse neque dolorem. Maxime pariatur quas amet quia vero eos. Cumque ab vel magnam et ea in dolorem est. Quia sint enim quos non sit dolorem nisi. Suscipit magni eum dolores eum ipsa quis et.', 'https://cdn3.philibertnet.com/520955-thickbox_default/unlock-game-adventures.jpg'),
(3208, 956, 'et', 'Exercitationem voluptatem et possimus beatae fugit. Eum quam reiciendis qui dolores nemo accusantium maxime labore. Eaque quaerat debitis aut natus autem vel.', 'https://cdn2.philibertnet.com/516904-thickbox_default/le-seigneur-des-anneaux-voyages-en-terre-du-milieu-guerre-ouverte.jpg'),
(3209, 962, 'laborum praesentium architecto earum', 'Vel provident qui optio voluptatem et. Commodi voluptates eos ut non. Dolore vero exercitationem iusto. Est enim assumenda rem sed fuga dolor. Eum veritatis perspiciatis sint ut enim. Nihil nulla nihil vero non minima et possimus. Dolorem dolores velit fuga dolore fuga.', 'https://cdn2.philibertnet.com/456053-thickbox_default/skyjo.jpg'),
(3210, 957, 'sed dolore non', 'Et numquam voluptate quo. Porro ullam veniam quaerat assumenda nulla quam. Consequatur adipisci ut et perferendis voluptas commodi molestias vel. Unde dolorem optio velit voluptatibus.', 'https://cdn2.philibertnet.com/516468-thickbox_default/saint-seiya-le-jeu-de-deckbuilding-poseidon.jpg'),
(3211, 967, 'nostrum ut aut consequuntur', 'Et voluptatum ut ut qui mollitia impedit. Rerum architecto velit nam autem debitis. Porro distinctio tenetur reiciendis possimus. Laboriosam dolorem sit voluptas corporis suscipit fugiat. Magnam maxime ipsum doloremque qui. Veritatis consectetur fugit voluptas in modi occaecati.', 'https://cdn1.philibertnet.com/375938-thickbox_default/monopoly-classique.jpg'),
(3212, 965, 'officiis', 'Ut labore quia velit ut consequatur. Quis doloremque quisquam qui facilis harum qui voluptatibus vero. Iusto omnis nisi ad amet velit.', 'https://cdn2.philibertnet.com/527633-thickbox_default/scrabble-deluxe.jpg'),
(3213, 963, 'similique', 'Nihil delectus animi modi eos corrupti molestiae cupiditate. Accusantium quos doloribus rerum. Odio natus quisquam eos maxime et nulla nemo. Numquam dolorem harum et aliquam quidem.', 'https://cdn3.philibertnet.com/520955-thickbox_default/unlock-game-adventures.jpg'),
(3214, 958, 'qui', 'Accusantium temporibus dicta quia necessitatibus eius reprehenderit pariatur. Autem consequatur fugit voluptatem qui corporis. Non fugit modi animi autem id sunt. Quos vel eius neque maxime dolore.', 'https://cdn3.philibertnet.com/515898-thickbox_default/7-wonders-architects.jpg'),
(3215, 960, 'quam error nihil', 'Quo dolor consequatur illo in aut voluptates. Magnam voluptatem eius quia natus aspernatur quo quod. Facere doloribus expedita exercitationem sequi provident aut omnis.', 'https://cdn2.philibertnet.com/524668-thickbox_default/les-aventures-de-robin-des-bois.jpg'),
(3216, 960, 'ab', 'Corporis at itaque dolores quia. Dolor aut occaecati aut velit aut et vel. Neque officiis earum fuga ullam. Eaque voluptate magnam enim qui nesciunt consequuntur nisi error. Impedit optio et minus. Autem aut sint totam laborum.', 'https://cdn2.philibertnet.com/513139-thickbox_default/assassin-s-creed-valhalla-orlog-dice-game.jpg'),
(3217, 965, 'itaque sed iusto dolorem', 'Quae rerum quisquam vitae assumenda sunt fuga. Voluptatem ut et et eveniet voluptatem praesentium a. Doloribus perferendis eum vitae enim eos consequatur. Ipsa et at molestias nemo dolor quisquam. Tempore corrupti vitae ex et et.', 'https://cdn3.philibertnet.com/472228-thickbox_default/the-crew.jpg'),
(3218, 965, 'aut', 'Modi necessitatibus eius et omnis quisquam placeat. Quibusdam rem nisi nihil id consequatur ut et culpa. Vero cum fuga in perspiciatis nihil maiores.', 'https://cdn3.philibertnet.com/520955-thickbox_default/unlock-game-adventures.jpg'),
(3219, 965, 'illo', 'Iusto voluptas eveniet consequatur et rerum ullam repellat quo. Quis quod iusto dolorum consequatur doloremque. Aut nobis at et error. Totam quidem est debitis deserunt facere nihil aut.', 'https://cdn2.philibertnet.com/522703-thickbox_default/terraforming-mars.jpg'),
(3220, 967, 'nihil', 'Excepturi itaque ut amet eius odio. Ipsum quo autem accusantium sit id. Reprehenderit nam commodi illum adipisci enim voluptates. Sapiente vero ea molestiae culpa esse. Voluptas delectus quas rerum. Autem debitis qui magni in corrupti et. Nobis tempora modi modi aut.', 'https://cdn1.philibertnet.com/494838-thickbox_default/marvel-champions-le-jeu-de-cartes-convoitise-galactique.jpg'),
(3221, 959, 'dolorem', 'Corrupti amet vero eligendi ea. Exercitationem ut tenetur consequatur voluptatum ullam rerum accusantium. Nobis fugiat laudantium error et dicta. Officiis debitis ea odio non.', 'https://cdn3.philibertnet.com/520955-thickbox_default/unlock-game-adventures.jpg'),
(3222, 955, 'ipsam dicta a non', 'Dolorem expedita eaque quia. Provident quia sint hic laborum omnis repudiandae quia suscipit. Consequatur quis nisi at. Hic nam saepe ipsa sint numquam earum consequatur. Sed repudiandae provident nobis fuga impedit ratione. Harum nostrum ipsum consequuntur molestiae fugiat qui distinctio.', 'https://cdn1.philibertnet.com/343934-thickbox_default/7-wonders-duel.jpg'),
(3223, 964, 'nobis veritatis molestias', 'Consequatur asperiores neque vel ad rerum. Facere veritatis qui et reprehenderit. Sit voluptatem adipisci molestiae sed ut sed.', 'https://cdn1.philibertnet.com/494838-thickbox_default/marvel-champions-le-jeu-de-cartes-convoitise-galactique.jpg'),
(3224, 967, 'eveniet et', 'Quia quae vel vel veritatis laboriosam illum dolores consequuntur. Quia explicabo cupiditate quia vero nisi iure dolores cumque. Error nam quis nostrum vel laudantium molestias. Soluta sit et officia id et deserunt. Nihil corrupti magnam dolorem id temporibus. Enim qui consectetur minus voluptas.', 'https://cdn2.philibertnet.com/513139-thickbox_default/assassin-s-creed-valhalla-orlog-dice-game.jpg'),
(3225, 969, 'tempora deserunt accusantium dolorum', 'Voluptatem est nobis rerum voluptas beatae voluptatem quaerat. Quasi reiciendis quibusdam et ratione numquam necessitatibus suscipit. Voluptatem est eveniet rerum eaque.', 'https://cdn1.philibertnet.com/521033-thickbox_default/kingdomino-origins.jpg'),
(3226, 956, 'incidunt sed', 'Est qui voluptates vel dolores veniam perferendis. Dolores dolore saepe illo delectus sed architecto. Harum dolor eum molestiae qui expedita nemo atque. Quo libero modi quos animi perspiciatis optio.', 'https://cdn3.philibertnet.com/503205-thickbox_default/magic-the-gathering-horizons-du-modern-2-bundle.jpg'),
(3227, 966, 'suscipit magnam culpa architecto', 'Odit ullam quam neque hic. Vero et iure sapiente sed omnis. Non sint quia quisquam ea eligendi consequuntur. Fugit sit vero placeat repellendus repellendus. Necessitatibus consectetur sed voluptatem molestias eligendi voluptas temporibus. Est officia nihil assumenda dolor quia repudiandae.', 'https://cdn3.philibertnet.com/520955-thickbox_default/unlock-game-adventures.jpg'),
(3228, 958, 'eaque ut ut', 'Explicabo iure molestiae sunt voluptatibus quibusdam ipsam amet. Nisi cum aliquid quo. Aspernatur iste quisquam quis quidem animi. Mollitia quidem porro autem enim et ducimus. Maxime beatae temporibus molestiae sit dolor culpa reprehenderit amet.', 'https://cdn1.philibertnet.com/494838-thickbox_default/marvel-champions-le-jeu-de-cartes-convoitise-galactique.jpg'),
(3229, 955, 'ut quos pariatur corporis', 'Consequuntur voluptas libero consequuntur rerum. Vitae omnis labore aut sed perferendis doloremque et. Rem eveniet odit doloribus iusto quos odit. Nihil nihil quaerat omnis labore sed.', 'https://cdn3.philibertnet.com/525941-thickbox_default/harry-potter-bataille-a-poudlard-extension-sortileges-et-potions.jpg'),
(3230, 963, 'quo voluptatem', 'Sunt tenetur ducimus voluptatem aliquid quos animi quos minima. Ut laboriosam laboriosam sapiente ut vel.', 'https://cdn3.philibertnet.com/515898-thickbox_default/7-wonders-architects.jpg'),
(3231, 965, 'accusantium similique dolor id', 'Laudantium mollitia aliquid ullam unde itaque tempore. Sed doloribus error eius eum at voluptatem quo. Similique eos incidunt pariatur dicta error dicta culpa. Vel expedita voluptatem consectetur ut laudantium voluptatum.', 'https://cdn3.philibertnet.com/525941-thickbox_default/harry-potter-bataille-a-poudlard-extension-sortileges-et-potions.jpg'),
(3232, 962, 'eligendi voluptatem', 'Aut a et doloremque dolor maiores repellendus voluptatem. Impedit laudantium et animi harum. Velit quidem dolor aspernatur corporis. Asperiores quia et voluptate iste optio.', 'https://cdn1.philibertnet.com/494838-thickbox_default/marvel-champions-le-jeu-de-cartes-convoitise-galactique.jpg'),
(3233, 961, 'explicabo rerum explicabo nostrum', 'Ut placeat perferendis enim nesciunt. Soluta rem ducimus atque qui eum et dolorem saepe. Accusantium excepturi minima ut nisi aliquid. Doloremque cum aut culpa et ullam ducimus nihil. Voluptates nam itaque et reiciendis dolores voluptatem. Ab ut aut magnam.', 'https://cdn2.philibertnet.com/522703-thickbox_default/terraforming-mars.jpg'),
(3234, 960, 'eligendi quos', 'Facilis id ut rem et consequatur. Laudantium ut odit non quasi ad delectus repudiandae vero. Unde cumque laudantium nobis occaecati enim fugiat.', 'https://cdn3.philibertnet.com/353015-thickbox_default/codenames-vf.jpg'),
(3235, 962, 'maiores aut', 'Sit ut dolorum et minus enim impedit mollitia. Rerum odio in magni enim temporibus facilis. Voluptates nam quia incidunt dolores rerum voluptatibus.', 'https://cdn1.philibertnet.com/521033-thickbox_default/kingdomino-origins.jpg'),
(3236, 957, 'ea facere non non', 'Voluptas quia accusamus consectetur voluptatum. Eveniet provident et voluptas cupiditate est accusantium. Minus et incidunt sit quaerat. Qui aut quis voluptatum id. Ratione quia eaque id ab ut omnis reiciendis. Dolor repellat consequatur ipsam voluptas voluptate rerum.', 'https://cdn2.philibertnet.com/305958-thickbox_default/uno.jpg'),
(3237, 966, 'atque nostrum velit est', 'Molestiae hic iure omnis pariatur quas deserunt. Sunt cupiditate nisi corrupti ad earum quam blanditiis. Est ipsum nobis impedit et sequi non aliquam. Adipisci fuga est est repudiandae velit consequatur qui.', 'https://cdn2.philibertnet.com/527633-thickbox_default/scrabble-deluxe.jpg'),
(3238, 959, 'voluptates qui', 'Est aut rerum qui commodi. Eveniet et rem nemo veritatis error neque eligendi. Veritatis inventore inventore corrupti iste accusantium dolores dolorem. Ut aut minus totam ex labore.', 'https://cdn2.philibertnet.com/522703-thickbox_default/terraforming-mars.jpg'),
(3239, 964, 'nam et', 'Beatae dolores sequi sed doloremque quisquam temporibus accusantium alias. Magnam cumque ut deserunt ut cupiditate dolorem. Magnam exercitationem exercitationem earum dicta aut. Tempore repudiandae sequi ut quae repudiandae a corporis. Inventore omnis consequatur libero corporis eos sunt et.', 'https://cdn3.philibertnet.com/525941-thickbox_default/harry-potter-bataille-a-poudlard-extension-sortileges-et-potions.jpg'),
(3240, 969, 'dignissimos', 'Iste mollitia omnis quis ipsa inventore hic dolorem vitae. Rerum et asperiores aut iusto nesciunt et assumenda. Facilis ut asperiores ea explicabo. Dolorem sequi architecto neque itaque atque quod reprehenderit. Vitae inventore aut aut unde esse quia non. Ratione soluta ut rerum enim id.', 'https://cdn1.philibertnet.com/494838-thickbox_default/marvel-champions-le-jeu-de-cartes-convoitise-galactique.jpg'),
(3241, 969, 'dolores ut animi repellat', 'Praesentium accusamus aut doloribus id. Est repudiandae possimus modi. Harum officia qui libero et veritatis optio. Numquam nisi libero ea tenetur eveniet. Vel ut eius voluptatem aut deserunt harum. Similique sint non excepturi modi. Et facere officiis soluta qui.', 'https://cdn1.philibertnet.com/494838-thickbox_default/marvel-champions-le-jeu-de-cartes-convoitise-galactique.jpg'),
(3242, 960, 'magni odit maiores', 'Ullam veritatis consequuntur at molestias dignissimos illum odit. Consequatur unde ipsum perferendis error quaerat ut. Assumenda cupiditate et maiores qui praesentium aspernatur assumenda. Et vitae soluta facilis dicta.', 'https://cdn3.philibertnet.com/515976-thickbox_default/world-of-warcraft-wrath-of-the-lich-king-a-pandemic-system-board-game.jpg'),
(3243, 962, 'provident laborum consequatur iure', 'Blanditiis voluptates dolore dolores enim quia aut enim eaque. Sed voluptatem numquam qui dolorum sapiente molestiae velit et. Dolorum ad sed perspiciatis doloribus.', 'https://cdn3.philibertnet.com/516145-thickbox_default/nouvelles-contrees.jpg'),
(3244, 955, 'eius dolores', 'Quis necessitatibus autem et. Id aut voluptas in. Quod et debitis nesciunt quam ut repellat. Excepturi et nam modi quo. Consectetur id consectetur iste autem tempore ut. Minima et eveniet enim omnis perferendis. Labore tenetur cupiditate odio quos. Alias non expedita recusandae non amet aut.', 'https://cdn1.philibertnet.com/494838-thickbox_default/marvel-champions-le-jeu-de-cartes-convoitise-galactique.jpg'),
(3245, 959, 'est provident', 'Omnis ullam modi dignissimos fuga consequatur. Enim consectetur iure consequuntur dolorem nemo et rem. Eveniet sequi illo dolores. Est nisi iusto corporis suscipit suscipit eum tenetur. Quia itaque odio quis rerum reiciendis aut esse. Quibusdam aut rerum quia et qui.', 'https://cdn2.philibertnet.com/523790-thickbox_default/micromacro-crime-city.jpg'),
(3246, 968, 'illo cupiditate sapiente', 'Quo temporibus facilis corporis in. Repellendus tempore qui quidem deleniti consequatur. Incidunt deserunt non sint est fuga. Inventore omnis occaecati ipsum molestiae. Et rerum et voluptas nulla aliquam labore ut. Repellat autem qui quis eveniet veniam.', 'https://cdn3.philibertnet.com/516145-thickbox_default/nouvelles-contrees.jpg'),
(3247, 962, 'sequi ex', 'Consequatur qui eaque est repellat adipisci. Tempora fuga sint perspiciatis vitae sequi sed. Suscipit accusamus facilis illo rerum maxime. Repellat recusandae exercitationem nihil unde porro fugit rerum. Molestias eos omnis dolorum minima recusandae et est.', 'https://cdn2.philibertnet.com/513139-thickbox_default/assassin-s-creed-valhalla-orlog-dice-game.jpg'),
(3248, 965, 'dolorem est impedit quos', 'Omnis blanditiis possimus fugit ipsam sit. Qui consectetur exercitationem corporis in. Explicabo quia corporis rem cum ut blanditiis nihil molestiae. Nemo aut ea esse ab.', 'https://cdn3.philibertnet.com/503205-thickbox_default/magic-the-gathering-horizons-du-modern-2-bundle.jpg'),
(3249, 964, 'cumque', 'Dolorum ipsum nesciunt vero quia architecto quo eum. Sunt culpa voluptate dolor qui et quidem rerum. Nemo aliquid doloribus laboriosam occaecati voluptatem nesciunt. Et molestiae architecto dolorem dolorum amet.', 'https://cdn2.philibertnet.com/524668-thickbox_default/les-aventures-de-robin-des-bois.jpg'),
(3250, 955, 'dicta iste rerum', 'Iusto quod suscipit doloribus. Vitae cumque unde dolorem fugiat adipisci. Consectetur in sit nisi rerum qui. Eaque accusamus tempora perferendis ut eveniet aut sit. Enim quo quam nemo repellendus. Cumque non quisquam quasi sequi quas itaque. Dignissimos sit id voluptatem omnis rerum incidunt aut.', 'https://cdn3.philibertnet.com/520955-thickbox_default/unlock-game-adventures.jpg'),
(3251, 966, 'accusamus voluptates est', 'Animi tempore laboriosam expedita dolor aut nesciunt et. Consequatur hic voluptatem ad molestiae. Est dignissimos voluptatum repudiandae quia amet. Veritatis omnis ipsum dignissimos iusto dicta velit nihil. Deserunt quam nostrum sed quia atque minima animi.', 'https://cdn2.philibertnet.com/516904-thickbox_default/le-seigneur-des-anneaux-voyages-en-terre-du-milieu-guerre-ouverte.jpg'),
(3252, 955, 'velit ut', 'Consectetur voluptas minus iste aperiam. Ut assumenda suscipit aut ut provident doloremque qui. Accusamus voluptatibus architecto qui unde itaque ratione placeat. Temporibus reprehenderit nam illum occaecati voluptatem. Amet omnis ea quam et.', 'https://cdn3.philibertnet.com/503205-thickbox_default/magic-the-gathering-horizons-du-modern-2-bundle.jpg'),
(3253, 960, 'ab velit', 'Est iure dolore amet ea enim saepe. Quos rerum dicta fugiat. Illo aut quae impedit cupiditate natus possimus asperiores. Et doloribus quo necessitatibus aut sunt. Et qui consequuntur voluptates quis quaerat. Molestiae possimus voluptas laudantium consequuntur deserunt a.', 'https://cdn2.philibertnet.com/523790-thickbox_default/micromacro-crime-city.jpg'),
(3254, 956, 'tempore qui nam aut', 'Laboriosam praesentium animi omnis aperiam neque dolores. Animi consequatur et et rerum ipsum. Dolor quibusdam saepe omnis. Odit nam laborum eum quisquam aut. Inventore dolor similique nam neque. Distinctio qui optio nobis. Odio voluptas officiis nemo et vero. Libero minima ut quo mollitia.', 'https://cdn3.philibertnet.com/353015-thickbox_default/codenames-vf.jpg'),
(3255, 954, 'voluptatum qui et', 'Maiores ut eos saepe qui. Et eos ab et sint qui. Nulla officia nam et odit fugiat. Harum assumenda eos iusto. Aperiam doloremque ab dolores nisi quo corporis. Quo doloribus veritatis non perferendis.', 'https://cdn3.philibertnet.com/353015-thickbox_default/codenames-vf.jpg'),
(3256, 969, 'ut', 'Eveniet nobis rem voluptatibus ipsam vel deserunt ut. Assumenda accusantium enim praesentium temporibus laboriosam quis odit. Voluptas quo velit labore velit rerum non ipsum corporis.', 'https://cdn2.philibertnet.com/523790-thickbox_default/micromacro-crime-city.jpg'),
(3257, 967, 'cum nobis minus quibusdam', 'Tempore illum repellat magnam et placeat dicta dicta. Quaerat ipsum est eveniet labore ducimus rerum incidunt. Magnam repellat voluptas quasi perspiciatis nisi. Autem error reprehenderit possimus. Dolores quia cum quis sunt est sunt quisquam suscipit.', 'https://cdn3.philibertnet.com/515976-thickbox_default/world-of-warcraft-wrath-of-the-lich-king-a-pandemic-system-board-game.jpg'),
(3258, 956, 'odit doloribus consequatur', 'Dolorem sunt in impedit et commodi recusandae cum. Autem neque suscipit beatae deserunt. Aspernatur quia at beatae qui laudantium eveniet. Expedita occaecati nesciunt et.', 'https://cdn1.philibertnet.com/521033-thickbox_default/kingdomino-origins.jpg'),
(3259, 956, 'consequatur et', 'Aut ipsa amet nesciunt. Ut dolorum perspiciatis sint. Numquam voluptatem aliquid ratione reprehenderit consequatur exercitationem quod. Eum illum dolorem cumque.', 'https://cdn2.philibertnet.com/456053-thickbox_default/skyjo.jpg'),
(3260, 956, 'necessitatibus mollitia', 'Minus delectus nemo sit numquam ex laudantium. Est quia exercitationem dolores ut molestiae. Amet ullam eius similique vel aut debitis dolorem natus. Nam voluptas nostrum inventore sed porro atque.', 'https://cdn2.philibertnet.com/523790-thickbox_default/micromacro-crime-city.jpg'),
(3261, 959, 'vero consequatur minima', 'Molestias voluptates dolorem hic laborum voluptatum est quod. Impedit veniam animi earum doloremque. Unde pariatur repellat commodi quis consectetur commodi vel modi. Repudiandae quasi enim aliquam odio. Voluptas ut minima a molestias est. Consequatur architecto quibusdam et.', 'https://cdn1.philibertnet.com/375938-thickbox_default/monopoly-classique.jpg'),
(3262, 956, 'mollitia dolorem et omnis', 'Exercitationem amet ut tempora iusto cum qui. Recusandae aliquid nisi ut magnam officia. Fugiat est sed unde doloribus laboriosam eaque tempore eius. Numquam sed dolor hic voluptatem et voluptate harum debitis.', 'https://cdn3.philibertnet.com/353015-thickbox_default/codenames-vf.jpg'),
(3263, 958, 'ipsam', 'Quidem voluptate tempore et qui. Molestias harum vel veritatis aut. Ex qui non labore occaecati voluptas.', 'https://cdn3.philibertnet.com/503205-thickbox_default/magic-the-gathering-horizons-du-modern-2-bundle.jpg'),
(3264, 964, 'repudiandae', 'Quae velit hic adipisci vel architecto. Deleniti delectus debitis veritatis fugiat atque repellendus magnam animi. Qui dolore accusamus voluptatem. Ut ab nemo et ut quae dolor quos et. Reiciendis similique qui commodi explicabo.', 'https://cdn2.philibertnet.com/513139-thickbox_default/assassin-s-creed-valhalla-orlog-dice-game.jpg'),
(3265, 968, 'aliquid est facere', 'Aperiam dolor aut incidunt ullam labore vel voluptas. Laudantium eius error aut qui inventore id aut. Iure aspernatur reprehenderit aut natus aut optio sint dolorem.', 'https://cdn1.philibertnet.com/375938-thickbox_default/monopoly-classique.jpg'),
(3266, 955, 'laboriosam voluptatem in', 'Cum eaque ut magnam quam non consequatur aut. Et ut iure placeat doloribus recusandae ab. Unde blanditiis ut culpa quo.', 'https://cdn2.philibertnet.com/305958-thickbox_default/uno.jpg'),
(3267, 961, 'itaque optio', 'Et exercitationem nisi ducimus tempore consequatur quo. Beatae inventore perferendis est enim quasi quia placeat veritatis. Voluptatum est rem ut.', 'https://cdn2.philibertnet.com/456053-thickbox_default/skyjo.jpg'),
(3268, 958, 'voluptas debitis aspernatur', 'Corporis eum hic accusamus voluptatem aliquam quo. Mollitia quia in et adipisci aliquam veritatis ab. Accusamus est omnis libero quae. Et et esse quod vel sint voluptas. Sunt repellendus dolorem impedit id eius fugiat. Non repudiandae enim dolor tenetur libero. Tempore sunt et ut voluptatem.', 'https://cdn3.philibertnet.com/525941-thickbox_default/harry-potter-bataille-a-poudlard-extension-sortileges-et-potions.jpg'),
(3269, 959, 'aspernatur praesentium', 'Facilis minus dolor neque. Harum facilis quas nihil qui voluptatem voluptas id. Harum quasi est eum minus in dolor unde ut. Iste commodi saepe a rerum repudiandae rerum.', 'https://cdn2.philibertnet.com/527633-thickbox_default/scrabble-deluxe.jpg'),
(3270, 954, 'dicta', 'Enim ut dolore odit. Ea et at illo neque. Impedit alias iste totam aliquam numquam vitae. Laborum fugiat veniam et ratione ut modi quisquam.', 'https://cdn3.philibertnet.com/516145-thickbox_default/nouvelles-contrees.jpg'),
(3271, 954, 'maxime occaecati totam', 'Ipsam quis animi pariatur aut. Cupiditate voluptatibus omnis cum voluptatem. Qui et minus sunt. Recusandae ut sint nihil error. Quae et consequatur ab voluptas. Molestiae ea necessitatibus quisquam earum mollitia eius. Quaerat modi ad omnis quo omnis odio.', 'https://cdn1.philibertnet.com/343934-thickbox_default/7-wonders-duel.jpg'),
(3272, 962, 'harum vel ipsam et', 'Neque aliquid quia quae quo aspernatur. Aliquid eligendi ad est quod beatae deleniti. Quaerat inventore possimus atque molestiae quia commodi. Vitae omnis praesentium nisi cumque doloribus blanditiis at. Quia id amet aliquam laborum. Pariatur ea reprehenderit officia et error accusamus ad rem.', 'https://cdn1.philibertnet.com/375938-thickbox_default/monopoly-classique.jpg'),
(3273, 954, 'reiciendis repellendus', 'Quaerat sed sunt optio blanditiis esse. Aperiam vero consectetur eos aut sit. Ullam architecto eaque magni. Ea accusantium nisi iusto excepturi placeat hic nobis. Aut officia nostrum quis. Ut voluptas voluptatem et. Adipisci blanditiis sunt illo neque quisquam temporibus.', 'https://cdn1.philibertnet.com/343934-thickbox_default/7-wonders-duel.jpg'),
(3274, 962, 'impedit ut molestiae', 'Cum cupiditate aliquam delectus voluptatem nulla quia. Possimus maxime eum quia nesciunt dolorum. Fugit eveniet explicabo totam nemo ut nostrum. Eius voluptas ut corrupti et.', 'https://cdn3.philibertnet.com/520955-thickbox_default/unlock-game-adventures.jpg'),
(3275, 961, 'quae', 'Quas dolore harum eum porro error. Eaque quia dolorem veritatis id. Maxime et ullam modi beatae temporibus sed voluptas. Rerum commodi omnis quas corporis accusantium ipsam. Impedit quia ea sed.', 'https://cdn1.philibertnet.com/521033-thickbox_default/kingdomino-origins.jpg'),
(3276, 965, 'illo veniam eveniet sunt', 'Doloribus qui vel totam dolorem dicta temporibus quisquam. Quibusdam nihil laborum eveniet repellat. Cupiditate amet quia maiores quisquam.', 'https://cdn3.philibertnet.com/472228-thickbox_default/the-crew.jpg'),
(3277, 961, 'quam qui', 'Ullam nulla omnis ipsam voluptas voluptatem quisquam voluptatem blanditiis. Aut tempore asperiores voluptas sint dignissimos autem aliquid voluptas. Perferendis illo vero sequi fugit nemo et possimus et. Incidunt porro consectetur sunt dolor possimus.', 'https://cdn2.philibertnet.com/456053-thickbox_default/skyjo.jpg'),
(3278, 963, 'possimus repudiandae accusantium', 'Cupiditate et id nobis sit consequatur. Omnis quod aliquam porro repudiandae. Ut hic sit mollitia totam. Deserunt reprehenderit est impedit corrupti. Quidem modi eum molestias. Ea fugit dicta alias maxime modi dolorem eos. Quaerat quo molestias ipsa maxime commodi.', 'https://cdn3.philibertnet.com/472228-thickbox_default/the-crew.jpg'),
(3279, 959, 'adipisci', 'Ad velit asperiores facere maxime laboriosam in. Voluptatem exercitationem aliquid consequatur voluptatem odit. Doloremque doloremque rerum autem. Minus consequatur quisquam optio tempora suscipit. Molestias aut id quae qui dolor.', 'https://cdn3.philibertnet.com/515898-thickbox_default/7-wonders-architects.jpg'),
(3280, 964, 'quis', 'Aliquam quia et totam possimus tempora. Qui fuga corporis maiores. Beatae unde ex cumque minus necessitatibus et. Sint porro laborum maxime. Corrupti veritatis maiores optio deserunt possimus. Ea est dolores non reiciendis vel distinctio.', 'https://cdn2.philibertnet.com/456053-thickbox_default/skyjo.jpg'),
(3281, 967, 'magnam voluptatem aut tempora', 'Quidem inventore et molestiae quo dolorem sint sit. Illum corporis quo delectus corporis facilis. Doloribus recusandae quasi nisi consectetur. Et expedita quo dolorum ut quibusdam. Ea sit corporis dolorum quia nesciunt. Quaerat laudantium voluptas facere repellendus accusantium illum eum.', 'https://cdn3.philibertnet.com/515898-thickbox_default/7-wonders-architects.jpg'),
(3282, 957, 'aut est omnis', 'Sunt ullam aperiam nesciunt laudantium amet alias. Tempore est sequi hic molestias quis qui. Ex qui reiciendis earum natus cupiditate doloremque iste et. Ut laudantium quam cumque.', 'https://cdn1.philibertnet.com/521033-thickbox_default/kingdomino-origins.jpg'),
(3283, 954, 'praesentium doloribus officiis', 'Optio inventore et minus vitae doloremque in. Sapiente rerum maxime suscipit dolores. Dolore accusamus ea expedita molestiae numquam aut similique distinctio. Sint aspernatur optio quibusdam perferendis est.', 'https://cdn3.philibertnet.com/515898-thickbox_default/7-wonders-architects.jpg'),
(3284, 964, 'sapiente sit omnis', 'Voluptatem laboriosam aut quisquam est. Atque atque nulla vitae facilis quos soluta nulla. Dignissimos perferendis architecto pariatur dolore. Maxime quibusdam nesciunt autem quam iure quia.', 'https://cdn2.philibertnet.com/456053-thickbox_default/skyjo.jpg'),
(3285, 958, 'sint ut labore', 'Hic eum sit magni ad ut veniam qui. Nihil quibusdam quas qui fugiat et inventore. Magnam enim iure quae maiores. Distinctio sit fugit officiis quia maxime est. Eligendi aliquid dolores voluptatem velit expedita. Recusandae iusto minima dicta eum totam sint.', 'https://cdn2.philibertnet.com/522703-thickbox_default/terraforming-mars.jpg'),
(3286, 954, 'necessitatibus tenetur', 'Aut distinctio autem aut. Eligendi molestiae doloribus architecto id aut. Sit provident sunt est qui. Quo a aliquid qui blanditiis quis et dicta. Recusandae porro est corrupti laborum quibusdam. Rem animi id quia a.', 'https://cdn3.philibertnet.com/525941-thickbox_default/harry-potter-bataille-a-poudlard-extension-sortileges-et-potions.jpg'),
(3287, 966, 'quo repellat voluptates', 'Cumque molestiae quo maxime architecto expedita veniam. Eos sit consequuntur incidunt eos a. Distinctio cupiditate nostrum perferendis vitae voluptatem ut et. Quos reiciendis suscipit numquam recusandae et odit id tempore. Adipisci qui in debitis. Dolorum sapiente quam quis itaque itaque.', 'https://cdn3.philibertnet.com/520955-thickbox_default/unlock-game-adventures.jpg'),
(3288, 954, 'et', 'Sint ipsam voluptas qui quia. Aut molestias architecto qui nostrum culpa. Qui dolor explicabo aliquid perspiciatis atque veniam. Harum et repellat nam ab. A laudantium omnis ut similique. Sint quas adipisci nesciunt. Aut ut non id sed. Autem neque quasi illum quam eos est.', 'https://cdn1.philibertnet.com/343934-thickbox_default/7-wonders-duel.jpg'),
(3289, 959, 'est', 'Tenetur quidem dolore ipsa magni doloremque. Quo quo nostrum vel rem omnis minima voluptatem. Sit doloribus molestias sint sint eligendi est. Aut in et vero non repudiandae id dolor. Hic est dolorem inventore ab quo. Earum dignissimos dolor numquam maxime.', 'https://cdn1.philibertnet.com/343934-thickbox_default/7-wonders-duel.jpg'),
(3290, 960, 'veniam officiis tenetur', 'Laudantium eos quam asperiores ipsam tenetur dolorem. Voluptatem nam temporibus rem recusandae. Laudantium ut adipisci tenetur quibusdam. Modi id accusantium quis autem numquam veniam.', 'https://cdn3.philibertnet.com/353015-thickbox_default/codenames-vf.jpg'),
(3291, 966, 'sint consequatur et suscipit', 'Totam consequatur ut ut perferendis laudantium ipsum. Unde quibusdam adipisci est odit sint. Dolores autem aut saepe ipsum. Accusantium ut est ullam ut vel. Atque ab voluptas amet error. Deleniti et quis iusto nihil a explicabo. Alias ipsam odit velit nesciunt ullam qui.', 'https://cdn3.philibertnet.com/515976-thickbox_default/world-of-warcraft-wrath-of-the-lich-king-a-pandemic-system-board-game.jpg'),
(3292, 956, 'eius magnam illo', 'Enim officiis eos ut exercitationem fugiat incidunt aut. Reiciendis explicabo rerum ab. Et possimus reiciendis praesentium impedit animi quis dolorem. In dolores exercitationem perspiciatis blanditiis qui facilis exercitationem.', 'https://cdn2.philibertnet.com/524668-thickbox_default/les-aventures-de-robin-des-bois.jpg'),
(3293, 963, 'veniam sed', 'Ullam aut tempore sint non temporibus sapiente repudiandae. Et necessitatibus architecto aut blanditiis maiores exercitationem. Expedita aliquam dicta fuga iure aliquid.', 'https://cdn3.philibertnet.com/472228-thickbox_default/the-crew.jpg'),
(3294, 965, 'sed quae enim', 'Commodi maiores explicabo enim eligendi officiis. Eligendi in perferendis ut aspernatur amet. Laborum veniam illo ut sunt fugit est assumenda repellat.', 'https://cdn1.philibertnet.com/521033-thickbox_default/kingdomino-origins.jpg'),
(3295, 965, 'laudantium cupiditate provident', 'Repellendus asperiores laboriosam unde dicta rerum quis. Commodi laudantium debitis cumque voluptatum. Ut aspernatur ullam nobis nihil dolorem praesentium ut. Dolore expedita eaque earum omnis debitis explicabo corrupti.', 'https://cdn3.philibertnet.com/520955-thickbox_default/unlock-game-adventures.jpg'),
(3296, 966, 'nihil numquam', 'Corrupti earum et explicabo modi laborum. Quas quasi ab non ut. Fugiat dolorem consequatur rem distinctio placeat atque. Iusto ea unde distinctio labore modi dicta. Quis sed voluptas ullam voluptatem aliquid. Iste ut ea enim voluptatem occaecati quis. Eos quia cum ipsa ut cumque aut.', 'https://cdn3.philibertnet.com/515976-thickbox_default/world-of-warcraft-wrath-of-the-lich-king-a-pandemic-system-board-game.jpg'),
(3297, 964, 'consequatur et', 'Dignissimos et quibusdam architecto magnam nemo et quibusdam. Repudiandae debitis qui possimus excepturi eum expedita sapiente. Facere similique non vero.', 'https://cdn3.philibertnet.com/353015-thickbox_default/codenames-vf.jpg'),
(3298, 964, 'eum', 'Et rerum vel aliquam nam laudantium earum. Harum dolorem voluptatem placeat enim perferendis accusantium. Voluptates quo nesciunt assumenda velit ducimus voluptatem. Quia ut perspiciatis asperiores est totam laboriosam.', 'https://cdn3.philibertnet.com/520955-thickbox_default/unlock-game-adventures.jpg'),
(3299, 967, 'aut non exercitationem et', 'Illo nostrum quia omnis maiores porro repellat eum. Enim quos enim et non nemo praesentium ipsa. Et aut nihil distinctio asperiores vitae ut veritatis. Voluptatum dolores repudiandae molestias et ut quod. Nihil ut itaque vero itaque.', 'https://cdn3.philibertnet.com/503205-thickbox_default/magic-the-gathering-horizons-du-modern-2-bundle.jpg'),
(3300, 963, 'officia', 'Ab reiciendis error voluptatem distinctio et molestiae. Quisquam nihil saepe quos. Consequatur aut laborum sapiente magni et. Est id error cumque quaerat quidem tempora est.', 'https://cdn2.philibertnet.com/522703-thickbox_default/terraforming-mars.jpg');

-- --------------------------------------------------------

--
-- Structure de la table `board_game_category`
--

CREATE TABLE `board_game_category` (
  `id` int(11) NOT NULL,
  `name` varchar(50) COLLATE utf8mb4_unicode_ci NOT NULL
) ENGINE=InnoDB DEFAULT CHARSET=utf8mb4 COLLATE=utf8mb4_unicode_ci;

--
-- Déchargement des données de la table `board_game_category`
--

INSERT INTO `board_game_category` (`id`, `name`) VALUES
(953, 'Jeu de dés'),
(954, 'Jeu d\'adresse'),
(955, 'Jeu d\'ambiance'),
(956, 'Jeu de cartes'),
(957, 'Jeu de plateau'),
(958, 'Jeu de mémoire'),
(959, 'Jeu de connaissance'),
(960, 'Jeu de lettres'),
(961, 'Jeu de logique'),
(962, 'Jeu de pions'),
(963, 'Jeu d\'enquête'),
(964, 'Jeu de coopération'),
(965, 'Jeu de bluff'),
(966, 'Jeu de stratégie'),
(967, 'Jeu de gestion'),
(968, 'Jeu de hasard'),
(969, 'Jeu de rôle');

-- --------------------------------------------------------

--
-- Structure de la table `booking`
--

CREATE TABLE `booking` (
  `id` int(11) NOT NULL,
  `event_id` int(11) NOT NULL,
  `user_id` int(11) NOT NULL,
  `reference` binary(16) NOT NULL COMMENT '(DC2Type:uuid)'
) ENGINE=InnoDB DEFAULT CHARSET=utf8mb4 COLLATE=utf8mb4_unicode_ci;

--
-- Déchargement des données de la table `booking`
--

INSERT INTO `booking` (`id`, `event_id`, `user_id`, `reference`) VALUES
(801, 4037, 40583, 0x9d0458de625f3cf3a9ac28579b2112a3),
(802, 4087, 40338, 0x6d22e888d91934f6ab690d9a60173786),
(803, 4039, 40512, 0x8a194bbfc30434e0a171c431467e217d),
(804, 4049, 40528, 0x18bc3417751d3b4f8174b6a3f0ab1166),
(805, 4088, 40525, 0x9afecf44ad5633de93e5bed2cc17fdcb),
(806, 4101, 40203, 0x71e35160910d3cf4b554e181921d61ef),
(807, 4099, 40335, 0xf8802855cf98318bb728218bf38727c6),
(808, 4076, 40619, 0x4a4f4e91d5e738d49379f9f48ceba089),
(809, 4060, 40284, 0x0d2689f05af537bba42666a1b45385a0),
(810, 4116, 40616, 0xa68856a6f59f352e9e1f0bff0ee123de),
(811, 4036, 40606, 0x7b948cf1cb4a32e982fa00100eb831af),
(812, 4104, 40372, 0xe2937e3787a03adb9a592561833f1a92),
(813, 4080, 40425, 0xe2b0040df8743488896d0e554638f5a9),
(814, 4107, 40473, 0xc2711eb01240323680ebf2fca52fc4a4),
(815, 4084, 40509, 0x4f88b9f9cd253fdc9408dccd0955137a),
(816, 4079, 40587, 0x73b7476e2d8432c7b729f0e248a0b84c),
(817, 4111, 40141, 0x1211533d0cab3bedb2a61c458b4523e6),
(818, 4112, 40139, 0x84b3f42150523c1cbbd1b4792ddab547),
(819, 4084, 40539, 0x3e8345338352360697cfec223cd7066d),
(820, 4112, 40212, 0x3565c9978a633c9e9809fd0076540853),
(821, 4090, 40299, 0x2489b90330fe35b5a338fc42769d57c8),
(822, 4095, 40387, 0x8c9d8d1a9b7830b8bb8d45e30bc4ab29),
(823, 4094, 40195, 0xe244beacc0eb38b3a41214f44c6fd719),
(824, 4070, 40474, 0xa53c60c2fe20350588688b552f3005c8),
(825, 4017, 40222, 0x7cbcaeebdfa03f87ac323104fc234f52),
(826, 4079, 40509, 0xe37b55b1d5493c18a2740c0f6afe9230),
(827, 4067, 40207, 0xc54ec48b5eb533a19d4a65cc49973815),
(828, 4061, 40445, 0xa58feea6a70b32978d78812dbeeda2c3),
(829, 4032, 40549, 0x81eb18c25937378eafefe3aebb37ebe8),
(830, 4091, 40336, 0xfc37cfe05b54310b88a2ed7db90f8a94),
(831, 4025, 40377, 0x391893b059f636a980b6e2a35e39b54c),
(832, 4030, 40602, 0x5b7dbcffd455360da8b686bae9b8dc6b),
(833, 4054, 40322, 0x41c2ee04ffca3d898827fc234df8ba88),
(834, 4045, 40327, 0x5b3d4371b13c3ae5b052c8e575c1857d),
(835, 4024, 40526, 0x4afab8e5a36832be86f6b8805f174f96),
(836, 4059, 40338, 0xcdef9a3f316331b2a5b7495347714775),
(837, 4049, 40568, 0xacf74a1fdca93226b3a10a9a9bcdc3f6),
(838, 4087, 40323, 0x3083b9dc0bd53660a0164ed2326a4e7d),
(839, 4116, 40420, 0x061b6ff3a78935ec9a742ea533dabd0a),
(840, 4047, 40460, 0x7923d24abcaa321d9add1b64fc5644bf),
(841, 4071, 40301, 0x6c8a4007222d31b7a83b86bb3e34a9cc),
(842, 4040, 40167, 0xab225a383a23328c8b705135fbba44b5),
(843, 4075, 40365, 0x90d3a8a4933532fe8d8b208d55115c3d),
(844, 4061, 40622, 0x4bf9e8192a0b3a6d9926edfd6b729ba9),
(845, 4063, 40198, 0x2ff105f174893c02a2c5b4061d2b995f),
(846, 4111, 40165, 0x51581e2e60e33650a49c92b36eeff747),
(847, 4103, 40446, 0x90d2ae37a97631f8b04ac15c855f99cb),
(848, 4095, 40228, 0xbdfd4e1252fc337eab738107eaa669d3),
(849, 4025, 40566, 0x4e81d5b0f3fc35109708fe749c04a777),
(850, 4034, 40300, 0x65190dc585153676aab9801d129770cf);

-- --------------------------------------------------------

--
-- Structure de la table `comic`
--

CREATE TABLE `comic` (
  `id` int(11) NOT NULL,
  `category_id` int(11) NOT NULL,
  `name` varchar(50) COLLATE utf8mb4_unicode_ci NOT NULL,
  `description` longtext COLLATE utf8mb4_unicode_ci NOT NULL,
  `picture` varchar(255) COLLATE utf8mb4_unicode_ci NOT NULL,
  `author` varchar(50) COLLATE utf8mb4_unicode_ci NOT NULL
) ENGINE=InnoDB DEFAULT CHARSET=utf8mb4 COLLATE=utf8mb4_unicode_ci;

--
-- Déchargement des données de la table `comic`
--

INSERT INTO `comic` (`id`, `category_id`, `name`, `description`, `picture`, `author`) VALUES
(3601, 964, 'qui', 'Ea rerum est ipsa explicabo occaecati. Earum veniam et iste voluptas commodi quaerat aspernatur. Vitae voluptates rerum optio sit sunt. Non sapiente iure dicta eligendi dolorem.', 'https://www.gamespot.com/a/uploads/original/1562/15626911/3002107-5032115-04-variant.jpg', 'Alexandre Walter'),
(3602, 963, 'nam et', 'Autem ea molestiae explicabo explicabo aut. Tenetur voluptas ipsum numquam accusamus id enim ratione. Et tempore et id nemo eos praesentium. Doloribus voluptatem qui qui et.', 'https://terrigen-cdn-dev.marvel.com/content/prod/1x/avengers50_infinitysaga_variant.jpg', 'Emmanuelle Wiza'),
(3603, 960, 'itaque nam qui quasi', 'Rem ut sit et laudantium. Aut natus voluptas accusamus neque. Unde omnis perferendis sunt blanditiis dicta. At adipisci dolor eos et sint et. Non omnis dolores labore cupiditate minus minima. Qui in aspernatur ut ut. Nihil eaque recusandae ut autem qui tempore.', 'https://images-na.ssl-images-amazon.com/images/I/71aGRDbG9WL.jpg', 'Jewell Stracke'),
(3604, 970, 'magni at', 'Soluta dolorem id id a quam ea esse architecto. Est enim illo inventore labore ea. Culpa temporibus recusandae et. Et rerum voluptatem sit sint.', 'https://images-na.ssl-images-amazon.com/images/I/71aGRDbG9WL.jpg', 'Trever Keebler'),
(3605, 959, 'eaque eum reprehenderit', 'Facilis deserunt aliquid assumenda natus officia nemo. Aut itaque praesentium aut odio eligendi est. Placeat odio illum hic ipsa culpa illum. Molestias facere corrupti et non labore autem. Pariatur nesciunt dolorem omnis odio ea corporis adipisci rerum.', 'https://cdn2.originalcomics.fr/26776/buffy-contre-les-vampires-saison-8-tome-1-vf.jpg', 'Casey Rohan'),
(3606, 958, 'aliquid', 'Rerum eum est provident dignissimos eaque dolor aut. Eos cupiditate iure ab non. Provident qui est nostrum odit ducimus et veniam. Consequuntur corporis est eligendi. Dignissimos soluta ullam officia.', 'https://bddi.2dcom.fr/LocalImageExists.php?ean=9782811215620&isize=full&gencod=3027166420000&key=DimetGmAYGQEsjiN', 'Johnnie O\'Keefe'),
(3607, 965, 'perferendis quidem', 'Dolor iste perspiciatis molestias amet dicta architecto. Ipsa hic deserunt ex error et nam dolores odit. Nemo illo voluptas a atque. Explicabo minima qui deleniti laboriosam. Ut sapiente ipsa repellendus voluptas non. Veritatis quas minus officiis aut illo corporis.', 'https://images-na.ssl-images-amazon.com/images/S/cmx-images-prod/Item/279507/279507._SX1280_QL80_TTD_.jpg', 'Jade Crist'),
(3608, 965, 'consequatur', 'Molestiae omnis enim asperiores est ab aut sit. Rerum rem aut qui ducimus dolor nulla. Omnis dolor et sit saepe deleniti aut. Placeat dolorem alias iusto esse est voluptates illum. Libero iusto esse nam nesciunt est repellendus. Et eligendi consequatur fuga in aut placeat. Quia sed ducimus cumque.', 'https://i0.wp.com/www.superpouvoir.com/wp-content/uploads/2021/04/Action-Comics-1033-cov-Sampere.jpg?resize=970%2C1491&ssl=1', 'Dena Wilkinson'),
(3609, 971, 'possimus corporis eum', 'Dolorem est voluptatibus illum aut occaecati ut eveniet. Sed ipsam rem amet cumque. Maiores beatae nulla aut ea magni ipsam dolore. Velit quos eos iure laboriosam facere autem voluptas.', 'https://www.gamespot.com/a/uploads/original/1562/15626911/3002107-5032115-04-variant.jpg', 'Reinhold Beier'),
(3610, 960, 'vitae labore', 'Aut minus quisquam optio cum. Omnis est molestiae ab commodi optio autem qui et. Nobis sequi dicta fugit ut. Aspernatur molestias quibusdam accusamus maxime nisi. Hic quia tempora consequatur quia repellendus. Nam sapiente rerum et molestiae explicabo. Alias quibusdam molestiae praesentium.', 'https://cdn001.tintin.com/public/tintin/img/static/the-shooting-star/the-shooting-star.jpg', 'Joesph Reichert'),
(3611, 963, 'molestiae vel autem doloribus', 'Similique eos corrupti sint asperiores at repudiandae. Dignissimos repellat qui fuga at molestiae. Odio aut magni animi optio. Animi deserunt nostrum exercitationem. Qui corrupti et deleniti libero quidem quia enim cupiditate. Maxime fuga ipsam iure incidunt.', 'https://cdn001.tintin.com/public/tintin/img/static/the-shooting-star/the-shooting-star.jpg', 'Virginie Orn'),
(3612, 960, 'error est nihil suscipit', 'Rerum rerum laboriosam ipsa aliquam. Libero praesentium molestiae voluptatem est consequuntur dolores. Maxime quod dignissimos voluptas perspiciatis aut unde aperiam voluptatem. Qui nisi est assumenda consectetur voluptates.', 'https://static.wikia.nocookie.net/marveldatabase/images/d/d8/Deadpool_Vol_3_1.jpg/revision/latest?cb=20191227043225', 'Austin Dooley'),
(3613, 971, 'perspiciatis', 'Eum minima sit dicta aut. Adipisci ullam repudiandae quam ipsam et dolores architecto. Voluptas sequi enim necessitatibus enim fugiat. Quis deserunt doloremque inventore sunt ut voluptatem cum. Vel veniam qui quasi illum. Molestiae sit quia exercitationem eos non.', 'https://images-na.ssl-images-amazon.com/images/I/71aGRDbG9WL.jpg', 'Jamey Koss'),
(3614, 966, 'voluptatibus in', 'Voluptatum ut id nam recusandae ipsum. Ipsa voluptas quia sint praesentium eaque eaque molestiae id. Voluptatem at perferendis et labore et saepe. Nesciunt doloremque in ducimus rerum doloremque ex.', 'https://www.hallmark.com/dw/image/v2/AALB_PRD/on/demandware.static/-/Sites-hallmark-master/default/dw8ba9f1e5/images/finished-goods/Marvel-The-Amazing-SpiderMan-Comic-Book-Cover-Fathers-Day-Card-root-599FHE8966_PV.1.FHE8966.jpg_Source_Image.jpg?sw=1920', 'Esther Hahn'),
(3615, 961, 'aliquam', 'Labore fugiat error vel mollitia. Officiis dolores distinctio amet tempora aspernatur sunt quasi maiores. At voluptatem dignissimos mollitia molestias eaque doloremque mollitia. Eaque et repellat perferendis ipsa.', 'https://images-na.ssl-images-amazon.com/images/I/81KsPBgzmtL.jpg', 'Fernando Auer'),
(3616, 956, 'facilis accusamus', 'Inventore enim est voluptas eius. Dignissimos et iste nisi voluptas. Necessitatibus maxime et dolor et quae nisi. Omnis laboriosam consequatur modi sed non fuga.', 'https://images.omerlocdn.com/resize?url=https%3A%2F%2Fgcm.omerlocdn.com%2Fproduction%2Fglobal%2Ffiles%2Fimage%2Fb4ddd4dd-70a1-4977-8a46-559f77b48ccc.jpg&width=1200&type=jpeg&stripmeta=true', 'Kareem Abernathy'),
(3617, 961, 'et eaque', 'Sunt voluptate quam ut dolorum recusandae dolorem quia nam. Ea animi in quaerat. Et consequatur dolor velit laudantium fugit nihil expedita. Laudantium et blanditiis dolores ad facere. Quas quo et labore iusto hic rerum. Et libero quod hic id nulla ad.', 'https://mlpnk72yciwc.i.optimole.com/cqhiHLc.WqA8~2eefa/w:auto/h:auto/q:75/https://bleedingcool.com/wp-content/uploads/2020/09/TWDDLX01_Adams-Cover.jpg', 'Lennie Kling'),
(3618, 958, 'sed tempora et', 'Cum cumque eum consequatur minima enim. Enim omnis eius maiores cupiditate ullam maxime sit aut. Corporis illo sint aperiam repellendus dolorum dignissimos dolorum. Qui recusandae magni est adipisci et. Ad quos qui tempore velit qui. Amet sit laboriosam culpa dolor ullam eligendi.', 'https://mlpnk72yciwc.i.optimole.com/cqhiHLc.WqA8~2eefa/w:auto/h:auto/q:75/https://bleedingcool.com/wp-content/uploads/2020/09/TWDDLX01_Adams-Cover.jpg', 'Maritza Lang'),
(3619, 966, 'quia eveniet est', 'Sit optio veniam veritatis molestiae fugit quis. Soluta non asperiores fuga nemo. Ut vero nam nihil laborum eligendi. Reiciendis aspernatur qui aut magni minima ullam. Ea labore quisquam sed possimus quod velit laudantium. Accusantium adipisci quod et provident.', 'https://i0.wp.com/www.superpouvoir.com/wp-content/uploads/2021/04/Action-Comics-1033-cov-Sampere.jpg?resize=970%2C1491&ssl=1', 'Lillian Harris'),
(3620, 967, 'unde impedit', 'Suscipit ipsam molestias laborum recusandae qui. Laborum quam tempora enim sed fuga. Officiis repellat repellat id dolore occaecati adipisci tempore vel. Aut vero dicta excepturi pariatur.', 'https://images-na.ssl-images-amazon.com/images/I/71aGRDbG9WL.jpg', 'Marielle Kub'),
(3621, 956, 'quisquam incidunt repellendus', 'Est odit ut exercitationem cum molestiae. Et doloremque rerum et voluptatem modi. Sed aliquam autem omnis dignissimos est voluptas. Deleniti facere aspernatur aut magni ea est.', 'https://bddi.2dcom.fr/LocalImageExists.php?ean=9782811215620&isize=full&gencod=3027166420000&key=DimetGmAYGQEsjiN', 'Darwin Jacobson'),
(3622, 956, 'magnam quia', 'Natus dolorum tempore ratione ut perferendis. Odio ut consequatur vel magnam consequatur quaerat. Dignissimos nulla deserunt aut in sunt maiores corrupti rem.', 'https://images-na.ssl-images-amazon.com/images/I/71aGRDbG9WL.jpg', 'Justus Strosin'),
(3623, 959, 'nemo est et', 'Provident ex voluptatibus ut velit occaecati quia asperiores exercitationem. Aspernatur et nemo qui quidem expedita. Quasi eaque magnam et quia quia.', 'https://cdn2.originalcomics.fr/26776/buffy-contre-les-vampires-saison-8-tome-1-vf.jpg', 'Bethany Kutch'),
(3624, 959, 'est ipsam', 'Consequatur facilis aut voluptas. Quia expedita sunt id voluptatibus facilis voluptate. Fugit dolorem cum aut. Placeat labore repellendus atque a iusto. Ut est molestias dolorem ut quis veniam. Cum nulla at vero nihil.', 'https://images-na.ssl-images-amazon.com/images/I/71aGRDbG9WL.jpg', 'Macey Swaniawski'),
(3625, 956, 'recusandae odio', 'Veniam voluptate modi quis ratione magnam similique. Doloribus consectetur placeat iste excepturi commodi. Corporis atque hic asperiores debitis voluptatem.', 'https://images.omerlocdn.com/resize?url=https%3A%2F%2Fgcm.omerlocdn.com%2Fproduction%2Fglobal%2Ffiles%2Fimage%2Fb4ddd4dd-70a1-4977-8a46-559f77b48ccc.jpg&width=1200&type=jpeg&stripmeta=true', 'Dasia Dicki'),
(3626, 967, 'optio error fugiat iste', 'Et laborum sunt rerum rem qui. Beatae facilis accusantium pariatur magni optio. Rerum atque aliquid dicta aperiam incidunt recusandae distinctio. Iste nam cupiditate tenetur ipsa fugit consequatur. Porro facilis magni qui corporis. Aspernatur aut enim sequi.', 'https://images-na.ssl-images-amazon.com/images/I/71aGRDbG9WL.jpg', 'Fanny Nader'),
(3627, 964, 'error est', 'Dolorem vero quasi optio nulla alias et dignissimos. Quo placeat ut eos qui sint tempora. Aliquam saepe velit qui ea occaecati. Cumque eveniet natus et voluptatem omnis ullam. Non similique perspiciatis sapiente explicabo.', 'https://shop.sergiobonelli.it/resizer/1000/-1/true/1491832832859.jpg--le_dieci_tribu___martin_mystere_350_cover.jpg?1491832835000', 'Devan Feeney'),
(3628, 967, 'enim quasi', 'Incidunt accusamus recusandae sit optio. Esse nobis beatae dolores sapiente et earum quos. Architecto qui sunt veniam minus. Exercitationem odio cupiditate quasi voluptatem ea explicabo. Aut a ut ex necessitatibus est est et. Est accusamus aut dolorem quis ut et.', 'https://cdn-products.eneba.com/resized-products/5jDEHg3wge1U7YZJVCOM2BTq98NC5lraxlc__mT3bIg_350x200_3x-0.jpeg', 'Landen Koss'),
(3629, 958, 'alias ut est vitae', 'Sed dolorem minima rerum ut pariatur. Dolor quidem amet suscipit ratione alias ratione dolor numquam. In et error voluptatem maxime. Qui eius animi cumque velit rerum.', 'https://static.wikia.nocookie.net/marveldatabase/images/d/d8/Deadpool_Vol_3_1.jpg/revision/latest?cb=20191227043225', 'Joanny Schuster'),
(3630, 968, 'est eos aut', 'Accusamus eos non in nobis. Facilis quod dolorum delectus sit facilis est dolor earum. Voluptatem culpa fugit esse ex. Doloribus recusandae mollitia laboriosam.', 'https://images-na.ssl-images-amazon.com/images/I/81KsPBgzmtL.jpg', 'Neva Hermann'),
(3631, 958, 'nihil omnis cumque inventore', 'Rerum aut nobis voluptatem recusandae voluptatem et. Vel saepe nam quo fugiat sequi neque sunt. Et et possimus natus alias. Necessitatibus non id ut veritatis voluptatum id. Ut in sunt inventore vitae. Distinctio dolorem delectus nihil ad quam labore. Debitis ut eveniet temporibus debitis qui cum.', 'https://cdn001.tintin.com/public/tintin/img/static/the-shooting-star/the-shooting-star.jpg', 'Deion Harris'),
(3632, 959, 'dolorem ut iste', 'Est laboriosam rerum sunt debitis fuga sed. Voluptatibus asperiores rem voluptas aut occaecati et. Laudantium cum ab quas qui magni. Saepe necessitatibus asperiores deserunt ut facilis suscipit dolorum. Vero omnis non ut quis.', 'https://terrigen-cdn-dev.marvel.com/content/prod/1x/avengers50_infinitysaga_variant.jpg', 'Chyna Rolfson'),
(3633, 969, 'nihil laboriosam error eos', 'Possimus autem molestiae quos eum ipsum amet quo. Provident earum ex officia similique voluptatum. Corrupti eum beatae sit accusantium voluptate modi molestias ratione. Atque et non et labore optio qui tempore.', 'https://shop.sergiobonelli.it/resizer/1000/-1/true/1491832832859.jpg--le_dieci_tribu___martin_mystere_350_cover.jpg?1491832835000', 'Elroy Ruecker'),
(3634, 968, 'mollitia in', 'Veritatis quis in suscipit et quam quae. Odit quos eius quod. Velit ut omnis inventore qui quod tempora beatae fuga. A aspernatur beatae eum non atque beatae et.', 'https://images.omerlocdn.com/resize?url=https%3A%2F%2Fgcm.omerlocdn.com%2Fproduction%2Fglobal%2Ffiles%2Fimage%2Fb4ddd4dd-70a1-4977-8a46-559f77b48ccc.jpg&width=1200&type=jpeg&stripmeta=true', 'Gonzalo Schneider'),
(3635, 965, 'dolore ex', 'Facere impedit nemo exercitationem. Nobis iste fugit ratione ex non qui sapiente error. Iusto vero delectus beatae voluptatum in quas at. Sit repellendus ad suscipit.', 'https://bddi.2dcom.fr/LocalImageExists.php?ean=9782811215620&isize=full&gencod=3027166420000&key=DimetGmAYGQEsjiN', 'Lilliana Larkin'),
(3636, 958, 'in deleniti est praesentium', 'Qui repellat amet velit odio non. Sed minus ipsam aperiam accusantium explicabo quisquam magnam. Ut animi voluptas qui sint consectetur. Placeat consequatur adipisci qui nesciunt fugiat ut.', 'https://cdn-products.eneba.com/resized-products/5jDEHg3wge1U7YZJVCOM2BTq98NC5lraxlc__mT3bIg_350x200_3x-0.jpeg', 'Syble Bernhard'),
(3637, 972, 'error beatae', 'Soluta eveniet voluptas ut fugiat odit quod. Et qui fugiat in distinctio totam temporibus assumenda repellat. Recusandae neque ut sed natus ut. Beatae dolor et est tenetur laborum facilis ducimus. Dicta et aut ipsa. Accusamus optio soluta necessitatibus debitis assumenda totam nisi temporibus.', 'https://c8.alamy.com/compfr/t27dd2/italie-1973-premiere-edition-de-marvel-comic-books-couvrir-de-captain-america-t27dd2.jpg', 'Ramona Rowe'),
(3638, 959, 'cumque inventore non', 'Et provident soluta excepturi voluptas non sit. Distinctio accusantium ducimus in totam. Nemo omnis maiores in qui aperiam. Labore illo at aut. Voluptatibus est illo harum. Animi et ut est. Deserunt vel impedit blanditiis quia aut eaque animi. Quos qui quaerat dicta sequi ea.', 'https://images-na.ssl-images-amazon.com/images/S/cmx-images-prod/Item/279507/279507._SX1280_QL80_TTD_.jpg', 'Jeromy Lang'),
(3639, 960, 'et quos', 'Porro eos non aut officia consectetur illum. Reiciendis enim sit nisi ipsam. Ea aut ut facilis ut vitae nihil recusandae.', 'https://c8.alamy.com/compfr/t27dd2/italie-1973-premiere-edition-de-marvel-comic-books-couvrir-de-captain-america-t27dd2.jpg', 'Madilyn Luettgen'),
(3640, 969, 'qui ut enim eius', 'Deserunt perspiciatis et exercitationem magnam. Ea sunt sequi veritatis excepturi et sit dolore voluptates. Nisi et molestiae molestiae omnis. Quod assumenda harum quo fuga a fugit. Quis et modi quas.', 'https://i0.wp.com/www.superpouvoir.com/wp-content/uploads/2021/04/Action-Comics-1033-cov-Sampere.jpg?resize=970%2C1491&ssl=1', 'Stephany Feeney'),
(3641, 962, 'nulla quos esse', 'Quo enim necessitatibus quod sit consequatur vel eligendi. Quos omnis totam hic id corporis. Cupiditate voluptatem totam ducimus voluptatibus doloremque.', 'https://c8.alamy.com/compfr/t27dd2/italie-1973-premiere-edition-de-marvel-comic-books-couvrir-de-captain-america-t27dd2.jpg', 'Deja Stanton'),
(3642, 972, 'consectetur', 'Tempore eum quae esse debitis sint dicta. Quis ex et praesentium. Sit voluptates quibusdam porro voluptas rerum. Minima dicta delectus quas nobis itaque voluptate. Laboriosam ut itaque assumenda et ut ducimus. Dignissimos ea inventore sequi et ipsum sit.', 'https://static.wikia.nocookie.net/marveldatabase/images/d/d8/Deadpool_Vol_3_1.jpg/revision/latest?cb=20191227043225', 'Ezra Metz'),
(3643, 969, 'vero aut aperiam illo', 'Veniam repellat facere pariatur odio repellendus. Veniam quia rerum ratione recusandae hic. Magni repellat cum ut voluptates laudantium voluptatem. Dolores quasi odio cumque adipisci possimus deserunt.', 'https://www.hallmark.com/dw/image/v2/AALB_PRD/on/demandware.static/-/Sites-hallmark-master/default/dw8ba9f1e5/images/finished-goods/Marvel-The-Amazing-SpiderMan-Comic-Book-Cover-Fathers-Day-Card-root-599FHE8966_PV.1.FHE8966.jpg_Source_Image.jpg?sw=1920', 'Alexane Mayer'),
(3644, 956, 'autem est', 'Laboriosam nisi voluptates perferendis et eveniet porro. Eum ullam debitis quidem itaque. Est quae minima quia et distinctio voluptatem voluptatum. Quia sint et minus aut qui repudiandae.', 'https://cdn001.tintin.com/public/tintin/img/static/the-shooting-star/the-shooting-star.jpg', 'Emory Roberts'),
(3645, 969, 'voluptatem et est accusamus', 'Magni qui nesciunt praesentium ut. Enim autem eum temporibus voluptas iste quidem iste dolorum. In nam reprehenderit id asperiores. Id dolor ut ut nobis rerum explicabo animi. Quo sit et expedita fuga voluptatem incidunt suscipit. Et quia rerum ab nulla numquam. Excepturi et ipsa iste magnam.', 'https://mlpnk72yciwc.i.optimole.com/cqhiHLc.WqA8~2eefa/w:auto/h:auto/q:75/https://bleedingcool.com/wp-content/uploads/2020/09/TWDDLX01_Adams-Cover.jpg', 'Eulalia Lynch'),
(3646, 962, 'et voluptas', 'Ut tenetur nam consequuntur quis corrupti molestias voluptatem. Minus neque ipsa explicabo natus. Labore unde unde id expedita. Explicabo unde maiores dicta.', 'https://bddi.2dcom.fr/LocalImageExists.php?ean=9782811215620&isize=full&gencod=3027166420000&key=DimetGmAYGQEsjiN', 'Lilla Frami'),
(3647, 959, 'et beatae sequi maxime', 'Molestiae accusamus sunt ad ullam placeat alias sint voluptas. Soluta rerum distinctio officia temporibus adipisci quia. Fugiat et sit excepturi molestias. Impedit tempora quia libero. Ut dolorem eaque quaerat praesentium odio consequatur dolorem nisi.', 'https://mlpnk72yciwc.i.optimole.com/cqhiHLc.WqA8~2eefa/w:auto/h:auto/q:75/https://bleedingcool.com/wp-content/uploads/2020/09/TWDDLX01_Adams-Cover.jpg', 'Sarai Medhurst'),
(3648, 961, 'suscipit consectetur repellat veritatis', 'Et aut provident est temporibus dolores. Dolores et tempora expedita magni tempora quibusdam et ut. Quam voluptas sit eaque. Odit maxime nihil consequuntur id. Praesentium illo libero quia aut. Praesentium vel rerum id ullam ipsa.', 'https://images-na.ssl-images-amazon.com/images/S/cmx-images-prod/Item/279507/279507._SX1280_QL80_TTD_.jpg', 'Nia Strosin'),
(3649, 963, 'quis et', 'Impedit doloribus quos quibusdam sunt iste dolores molestias. Placeat deleniti et natus optio sunt soluta. Aut asperiores quis qui modi hic. Adipisci ex ipsa rerum sed tenetur soluta ut. Ipsa ipsum harum atque qui. Ut fugiat odit quis est non voluptatum omnis qui. Quia aut odio ut eum rerum.', 'https://images-na.ssl-images-amazon.com/images/I/81KsPBgzmtL.jpg', 'Itzel Murazik'),
(3650, 962, 'autem quos', 'Est iste quam commodi. Dignissimos laborum repellat eveniet perferendis. Molestiae alias quia cum voluptas a fugiat. Velit similique quod qui ullam temporibus consequatur.', 'https://www.dccomics.com/sites/default/files/imce/2021/11-NOV/BM_Cv118_1in25_var_618447d1a5e754.72998228.jpg', 'Darwin Nicolas'),
(3651, 967, 'est accusantium natus', 'Nesciunt et in deleniti rerum. Animi optio alias enim non enim. In qui perspiciatis culpa. Quae labore voluptatibus sint sequi laboriosam. Dolore corrupti nostrum placeat sapiente aut magnam voluptatem. Expedita voluptatem commodi pariatur. Aut ex ipsam impedit ea eveniet ipsam eum.', 'https://cdn2.originalcomics.fr/26776/buffy-contre-les-vampires-saison-8-tome-1-vf.jpg', 'Dortha McKenzie'),
(3652, 965, 'odio similique', 'Nisi quam ad aut eligendi voluptatem distinctio et. Fuga labore id perferendis adipisci aspernatur. Delectus quidem eveniet magnam nulla atque.', 'https://c8.alamy.com/compfr/t27dd2/italie-1973-premiere-edition-de-marvel-comic-books-couvrir-de-captain-america-t27dd2.jpg', 'Aletha Torp'),
(3653, 959, 'fugit architecto veniam ipsum', 'Aut explicabo eveniet enim quia. Praesentium itaque ut perferendis et. Qui eos numquam pariatur voluptas et ut saepe. Cum sequi magnam ullam atque eum aut nihil.', 'https://cdnb.artstation.com/p/assets/images/images/012/822/497/large/alex-loken-cover.jpg?1536692282&dl=1', 'Josephine Ullrich'),
(3654, 957, 'dolor expedita earum quasi', 'Eos cumque et eligendi porro tenetur laudantium magnam. Et est ut fuga impedit. Voluptas voluptatem quibusdam magnam eum. Amet esse ut beatae iure. Et blanditiis ut aut laboriosam. Beatae sequi suscipit ipsa non. Velit nam rerum consequatur alias corporis eaque officia quis.', 'https://c8.alamy.com/compfr/t27dd2/italie-1973-premiere-edition-de-marvel-comic-books-couvrir-de-captain-america-t27dd2.jpg', 'Tamara Larson'),
(3655, 972, 'autem molestiae id', 'Nostrum recusandae sint delectus atque dolorem. Commodi nihil quidem eaque voluptatem dolores impedit commodi qui. Non deserunt quae autem ipsam accusamus libero qui. Non et odit vel.', 'https://images-na.ssl-images-amazon.com/images/I/81KsPBgzmtL.jpg', 'Tessie O\'Reilly'),
(3656, 962, 'fugiat', 'Dicta qui ipsum aut voluptas incidunt voluptatem quos. Sint quia illum qui est libero veritatis. Ut mollitia consequatur minus quia fuga inventore. Fuga suscipit explicabo sit in voluptatibus soluta.', 'https://mlpnk72yciwc.i.optimole.com/cqhiHLc.WqA8~2eefa/w:auto/h:auto/q:75/https://bleedingcool.com/wp-content/uploads/2020/09/TWDDLX01_Adams-Cover.jpg', 'Braulio Dooley'),
(3657, 966, 'omnis omnis dolor', 'Aliquam sunt laboriosam sunt culpa. Est consequatur qui consequatur aut et alias. Distinctio ut non sunt est. Recusandae vero tempore vel et placeat ratione doloribus.', 'https://www.gamespot.com/a/uploads/original/1562/15626911/3002107-5032115-04-variant.jpg', 'Dawn Marvin'),
(3658, 964, 'aspernatur vel', 'Voluptatem voluptatem cum deleniti dignissimos et magni. Perspiciatis illum eveniet magni ut dolore delectus quae. Cupiditate autem ex quisquam aperiam non aut quia.', 'https://c8.alamy.com/compfr/t27dd2/italie-1973-premiere-edition-de-marvel-comic-books-couvrir-de-captain-america-t27dd2.jpg', 'Bonita Runolfsdottir'),
(3659, 956, 'assumenda possimus ab', 'Voluptates itaque est natus. Ut consequatur omnis ea perspiciatis enim. Aut suscipit maxime ad est labore. Natus perferendis dolor atque fuga assumenda voluptatem quisquam ex.', 'https://images-na.ssl-images-amazon.com/images/I/71aGRDbG9WL.jpg', 'Stacy Fritsch'),
(3660, 960, 'architecto quos', 'Atque cum qui voluptatem aut et assumenda animi. Tempora impedit quo vel soluta. Dolore recusandae et nisi et aut deserunt et. Nobis ex id distinctio ut ad dolorem saepe laboriosam. Omnis iste ratione unde enim ut beatae magni nisi. In quia perferendis est enim exercitationem. Et sit sed et quis.', 'https://cdnb.artstation.com/p/assets/images/images/012/822/497/large/alex-loken-cover.jpg?1536692282&dl=1', 'Giles Volkman'),
(3661, 969, 'molestias omnis magnam qui', 'Dolor iste veniam rerum minus. Ea cumque vel nulla laudantium deserunt sed distinctio. Rem alias ut odit quos aspernatur. Nostrum nesciunt nesciunt qui. Corporis maxime perferendis rerum sint quis delectus. Quasi aut enim et et aut eos quo. Natus iure natus et sapiente qui.', 'https://shop.sergiobonelli.it/resizer/1000/-1/true/1491832832859.jpg--le_dieci_tribu___martin_mystere_350_cover.jpg?1491832835000', 'Cecelia Kuvalis'),
(3662, 965, 'quis', 'Iste eius sunt amet deserunt ut. Fugit nisi officia nostrum. Vel itaque eum quam quo cupiditate. Corporis et ut voluptas autem placeat occaecati. Voluptatem in doloremque et voluptatibus illum porro.', 'https://c8.alamy.com/compfr/t27dd2/italie-1973-premiere-edition-de-marvel-comic-books-couvrir-de-captain-america-t27dd2.jpg', 'Bettie Nolan'),
(3663, 962, 'vel', 'Sint voluptatem voluptatem est aut. Occaecati asperiores necessitatibus quasi maxime dolor ipsum rerum. Excepturi est voluptate quia soluta aperiam consequuntur vitae. Corporis eum ut et dolorem odit. Aut harum ipsum placeat in est sequi. Alias fugit et molestias consectetur harum corporis omnis.', 'https://bddi.2dcom.fr/LocalImageExists.php?ean=9782811215620&isize=full&gencod=3027166420000&key=DimetGmAYGQEsjiN', 'Prudence Corwin'),
(3664, 966, 'est ut corporis', 'Et et in aut quia accusantium minus est pariatur. Pariatur et iste ut veniam eius. Quam nihil voluptatem nulla optio hic aut. Ut provident corporis reiciendis ullam numquam.', 'https://cdnb.artstation.com/p/assets/images/images/012/822/497/large/alex-loken-cover.jpg?1536692282&dl=1', 'Cooper Sanford'),
(3665, 962, 'officiis', 'Aut aut consequatur consequatur nemo. Architecto rem nulla quaerat ut. Consequatur et fuga officia consequatur. Reiciendis ut veniam voluptatibus. Voluptatem doloremque aut esse. Eum sunt quam eos sunt vero deleniti laborum voluptatem. Et dicta aliquid veniam sint.', 'https://bddi.2dcom.fr/LocalImageExists.php?ean=9782811215620&isize=full&gencod=3027166420000&key=DimetGmAYGQEsjiN', 'Keira Nicolas'),
(3666, 971, 'laborum omnis', 'Asperiores similique laudantium occaecati est. Eligendi nisi tenetur non error et ut. Voluptatibus error qui adipisci quo. Temporibus magni dolor ex quisquam ut rerum quod. Est quibusdam praesentium hic veniam voluptas voluptas vel.', 'https://www.hallmark.com/dw/image/v2/AALB_PRD/on/demandware.static/-/Sites-hallmark-master/default/dw8ba9f1e5/images/finished-goods/Marvel-The-Amazing-SpiderMan-Comic-Book-Cover-Fathers-Day-Card-root-599FHE8966_PV.1.FHE8966.jpg_Source_Image.jpg?sw=1920', 'Robin Kutch'),
(3667, 956, 'enim adipisci et', 'Quis exercitationem at maxime labore aliquid velit. Ad distinctio qui voluptas quod. Recusandae autem sed aliquam earum quo repellat. Culpa vel nam animi odio saepe. Aut quia facere impedit sit quis aut et.', 'https://cdn-products.eneba.com/resized-products/5jDEHg3wge1U7YZJVCOM2BTq98NC5lraxlc__mT3bIg_350x200_3x-0.jpeg', 'Daphnee Romaguera'),
(3668, 956, 'sed neque', 'Et tempore nihil sed veniam cupiditate magnam occaecati. Officia illum repellat modi neque debitis ea nihil. Perspiciatis et odit consectetur qui. Ratione molestiae corrupti aliquam autem. Dolorem quidem dolorum ad incidunt impedit cupiditate. Beatae nihil et facere.', 'https://images-na.ssl-images-amazon.com/images/S/cmx-images-prod/Item/279507/279507._SX1280_QL80_TTD_.jpg', 'Ursula Tillman'),
(3669, 967, 'qui vel commodi perferendis', 'Minima autem non labore. Enim omnis quia sit consequuntur cum. Officiis nostrum ipsa soluta eligendi quasi dicta quaerat eligendi. Cupiditate aut ipsam dignissimos quia dolor. Consequatur aut nihil quia. Impedit facere cum assumenda fuga nihil.', 'https://static.wikia.nocookie.net/marveldatabase/images/d/d8/Deadpool_Vol_3_1.jpg/revision/latest?cb=20191227043225', 'Mazie Jast'),
(3670, 971, 'tempora', 'Vitae necessitatibus nisi quis eum consequatur porro omnis. Consequatur sed quia voluptate. Quod omnis quasi dolorem nulla et.', 'https://shop.sergiobonelli.it/resizer/1000/-1/true/1491832832859.jpg--le_dieci_tribu___martin_mystere_350_cover.jpg?1491832835000', 'Jeanette Emmerich'),
(3671, 956, 'qui voluptatem corrupti est', 'Accusamus hic modi ipsam quasi. Possimus sed et porro. Animi corporis aut quo esse voluptas consequatur eum. Sit et laborum voluptatem amet ut facilis quod.', 'https://www.hallmark.com/dw/image/v2/AALB_PRD/on/demandware.static/-/Sites-hallmark-master/default/dw8ba9f1e5/images/finished-goods/Marvel-The-Amazing-SpiderMan-Comic-Book-Cover-Fathers-Day-Card-root-599FHE8966_PV.1.FHE8966.jpg_Source_Image.jpg?sw=1920', 'Myrtle Hayes'),
(3672, 956, 'adipisci magni minus facere', 'Minima quo commodi laudantium tempore quibusdam ea. Id beatae et temporibus. Tempore et possimus sit quis eos. Sint quis aliquid atque. Consequuntur facere dolores et et nulla harum. Eius magni quos eos porro numquam temporibus.', 'https://images-na.ssl-images-amazon.com/images/I/71aGRDbG9WL.jpg', 'Wilhelmine Lubowitz'),
(3673, 959, 'et ut explicabo', 'Officia sapiente odio dolorem natus. Ducimus ea commodi et ipsam necessitatibus qui. Sed porro nesciunt quis aliquam perferendis blanditiis. Sit deleniti veniam dolores amet quibusdam et aperiam.', 'https://bddi.2dcom.fr/LocalImageExists.php?ean=9782811215620&isize=full&gencod=3027166420000&key=DimetGmAYGQEsjiN', 'Larue Ledner'),
(3674, 956, 'a est adipisci est', 'Ullam aliquid error dolorum eos. Soluta quo fugiat sunt deleniti autem maxime. Voluptatem est velit doloremque sunt. Consequatur molestiae doloremque dolores perferendis omnis quo.', 'https://cdn-products.eneba.com/resized-products/5jDEHg3wge1U7YZJVCOM2BTq98NC5lraxlc__mT3bIg_350x200_3x-0.jpeg', 'Ophelia Mann'),
(3675, 970, 'ipsa', 'Cum ut repellat et recusandae vero. Sed et earum dolorem eum architecto. Vel hic minus delectus officia consequatur. Saepe corporis sequi dolores illum iste inventore qui. Facere aut quidem ea non qui sed.', 'https://cdnb.artstation.com/p/assets/images/images/012/822/497/large/alex-loken-cover.jpg?1536692282&dl=1', 'Alberta Legros'),
(3676, 966, 'eos similique', 'Rerum repellat id incidunt dolorem. Natus eos voluptas non consequatur expedita. Eveniet ut dolor facilis reprehenderit.', 'https://cdn-products.eneba.com/resized-products/5jDEHg3wge1U7YZJVCOM2BTq98NC5lraxlc__mT3bIg_350x200_3x-0.jpeg', 'Candice Halvorson'),
(3677, 971, 'voluptatem quisquam fuga ea', 'Omnis possimus eligendi voluptatibus iure. Et vel perspiciatis debitis tempore. Facilis itaque quasi ut quos officia. Deserunt ipsa debitis tenetur et explicabo dolores. Quidem dolores omnis aut eos quo. Et occaecati inventore eum molestias ut porro.', 'https://i0.wp.com/www.superpouvoir.com/wp-content/uploads/2021/04/Action-Comics-1033-cov-Sampere.jpg?resize=970%2C1491&ssl=1', 'Jada D\'Amore'),
(3678, 957, 'eos officia iste voluptate', 'Odio tempora totam qui a a. Commodi et soluta ullam. Tempore consectetur sunt amet ab sed id quaerat.', 'https://mlpnk72yciwc.i.optimole.com/cqhiHLc.WqA8~2eefa/w:auto/h:auto/q:75/https://bleedingcool.com/wp-content/uploads/2020/09/TWDDLX01_Adams-Cover.jpg', 'Gwen Schuster'),
(3679, 965, 'ea sit quisquam id', 'Nostrum totam iusto eos accusamus ut ipsam. Expedita debitis quasi rerum quisquam delectus nam eaque id. Quas optio earum dolorem reprehenderit ipsam reprehenderit perspiciatis. Rem aperiam odio dicta blanditiis voluptas aperiam. Culpa facere alias explicabo mollitia.', 'https://cdnb.artstation.com/p/assets/images/images/012/822/497/large/alex-loken-cover.jpg?1536692282&dl=1', 'Bernice Spencer'),
(3680, 961, 'voluptas totam quis adipisci', 'Est minus dignissimos ad aspernatur iure. Accusantium eveniet ipsum nam tempora. Autem natus tempora ad voluptates molestiae rerum aspernatur minus.', 'https://shop.sergiobonelli.it/resizer/1000/-1/true/1491832832859.jpg--le_dieci_tribu___martin_mystere_350_cover.jpg?1491832835000', 'Ebony Hansen'),
(3681, 969, 'excepturi nesciunt sint', 'Nemo ad iste quo aspernatur autem. Quo soluta quaerat sequi et autem asperiores non. Nobis dolore perferendis non pariatur molestiae placeat non ut. Omnis ut mollitia molestiae dolores animi officia voluptate.', 'https://cdn001.tintin.com/public/tintin/img/static/the-shooting-star/the-shooting-star.jpg', 'Guido Runte'),
(3682, 962, 'sunt rerum molestiae ipsum', 'Deserunt ut libero mollitia voluptas nihil qui. Soluta enim corporis voluptate dolorum beatae odio. Non voluptatem quis neque et cum numquam exercitationem. Perspiciatis odio voluptas nulla blanditiis qui qui qui.', 'https://shop.sergiobonelli.it/resizer/1000/-1/true/1491832832859.jpg--le_dieci_tribu___martin_mystere_350_cover.jpg?1491832835000', 'Damion McDermott'),
(3683, 961, 'distinctio vero pariatur et', 'Qui quae consequatur voluptate. Ea dolor porro vitae voluptatem et voluptas numquam. Sit facilis ipsa non consequatur. Quod magnam mollitia sed culpa aliquid et eveniet.', 'https://images.omerlocdn.com/resize?url=https%3A%2F%2Fgcm.omerlocdn.com%2Fproduction%2Fglobal%2Ffiles%2Fimage%2Fb4ddd4dd-70a1-4977-8a46-559f77b48ccc.jpg&width=1200&type=jpeg&stripmeta=true', 'Claire O\'Keefe'),
(3684, 956, 'quo reiciendis', 'Omnis inventore voluptas exercitationem rerum fuga ullam. Iusto nostrum ex saepe odio dicta eligendi et perferendis. Sed ullam impedit soluta iusto sunt commodi tempora. Sunt ratione voluptatibus eum quidem. Omnis est praesentium quo soluta dolores et.', 'https://mlpnk72yciwc.i.optimole.com/cqhiHLc.WqA8~2eefa/w:auto/h:auto/q:75/https://bleedingcool.com/wp-content/uploads/2020/09/TWDDLX01_Adams-Cover.jpg', 'Dianna Huels'),
(3685, 963, 'neque', 'Ex autem modi dolorem perferendis ut mollitia. Aut ducimus voluptas aut odio laborum. Recusandae voluptate ipsum aut neque qui suscipit quis. Ullam voluptatibus neque porro. Corporis ipsam beatae ab non hic incidunt. Quia dolores nam dignissimos. Saepe dolor dolorum autem mollitia.', 'https://images-na.ssl-images-amazon.com/images/I/71aGRDbG9WL.jpg', 'Isac Altenwerth'),
(3686, 965, 'occaecati', 'Non iusto modi enim rerum. Aut ut consectetur illum a neque quia nesciunt. Magnam ea et rerum sit et. Possimus nobis enim ea facere voluptatum.', 'https://static.wikia.nocookie.net/marveldatabase/images/d/d8/Deadpool_Vol_3_1.jpg/revision/latest?cb=20191227043225', 'Ashlee Streich'),
(3687, 958, 'eveniet voluptatem voluptatem', 'Magni quia qui laborum voluptatem alias. Voluptas nihil dolorem doloremque qui. Provident sunt expedita sunt modi laudantium aut ipsa. Dolorum consequatur consequatur debitis molestias sed repellendus.', 'https://www.hallmark.com/dw/image/v2/AALB_PRD/on/demandware.static/-/Sites-hallmark-master/default/dw8ba9f1e5/images/finished-goods/Marvel-The-Amazing-SpiderMan-Comic-Book-Cover-Fathers-Day-Card-root-599FHE8966_PV.1.FHE8966.jpg_Source_Image.jpg?sw=1920', 'Santino Towne'),
(3688, 964, 'iste quia laboriosam', 'Libero deserunt aliquid exercitationem inventore eos. Consequatur quia saepe quis qui placeat. Aliquam enim qui et vel aut. Reprehenderit modi sed repellendus quae itaque sint sit deserunt. Voluptatem ad dicta perspiciatis ea ex sequi.', 'https://terrigen-cdn-dev.marvel.com/content/prod/1x/avengers50_infinitysaga_variant.jpg', 'Tatum Cronin'),
(3689, 969, 'perspiciatis veniam beatae', 'Ex minus inventore enim aperiam dolorem rerum. Rerum nesciunt voluptas magnam suscipit omnis. Vero delectus iure et numquam aut voluptatibus.', 'https://bddi.2dcom.fr/LocalImageExists.php?ean=9782811215620&isize=full&gencod=3027166420000&key=DimetGmAYGQEsjiN', 'Earnest Blanda'),
(3690, 962, 'minima nulla', 'Consequatur sunt pariatur dolores ut incidunt non. Aut porro sed facilis rerum sed itaque. Suscipit dolore temporibus aut voluptate a. Nisi incidunt ullam et modi maiores ut. Vel magni nesciunt libero qui. Eius enim dolorem a quasi.', 'https://cdnb.artstation.com/p/assets/images/images/012/822/497/large/alex-loken-cover.jpg?1536692282&dl=1', 'Cali Nicolas'),
(3691, 969, 'sequi', 'Laborum et autem ipsum magni. Qui voluptatem temporibus temporibus explicabo deleniti maxime placeat aut. Non aperiam repellat quisquam nostrum eaque consectetur quis. Qui repellat debitis quibusdam rerum dolore.', 'https://i0.wp.com/www.superpouvoir.com/wp-content/uploads/2021/04/Action-Comics-1033-cov-Sampere.jpg?resize=970%2C1491&ssl=1', 'Urban Barton'),
(3692, 960, 'rerum tempore', 'Id enim molestias nihil qui eum debitis. Pariatur aliquid ut voluptatem et sed. Voluptatem incidunt qui suscipit cupiditate impedit est velit molestiae. Vitae saepe quia quos esse aspernatur eos.', 'https://images-na.ssl-images-amazon.com/images/S/cmx-images-prod/Item/279507/279507._SX1280_QL80_TTD_.jpg', 'Stephania Ruecker'),
(3693, 965, 'quia', 'Aspernatur quis at iure. Quaerat accusamus repudiandae ea laudantium molestias et corporis. Quasi vitae voluptatem velit delectus. In est quos debitis saepe ex tempora. Provident veritatis sapiente labore necessitatibus delectus.', 'https://cdn2.originalcomics.fr/26776/buffy-contre-les-vampires-saison-8-tome-1-vf.jpg', 'Kirsten Fadel'),
(3694, 963, 'a similique a', 'Voluptas voluptatem magni omnis dolores vel sit velit. Molestias rerum enim sint nam harum. Voluptates dolor cum quibusdam sed. Culpa sit modi eveniet. Molestiae eligendi fuga architecto ut et delectus ut.', 'https://static.wikia.nocookie.net/marveldatabase/images/d/d8/Deadpool_Vol_3_1.jpg/revision/latest?cb=20191227043225', 'Carlotta Nolan'),
(3695, 956, 'est fugiat', 'Odit perspiciatis ducimus voluptas in eum dolor sit. Repellat explicabo et officia iusto ad. Consequuntur reprehenderit voluptatibus non sequi natus enim in. Nostrum dolor dolorem enim numquam voluptatem sunt est sit.', 'https://static.wikia.nocookie.net/marveldatabase/images/d/d8/Deadpool_Vol_3_1.jpg/revision/latest?cb=20191227043225', 'Bernadine Sipes'),
(3696, 956, 'sunt aut in', 'Quos mollitia qui atque rerum. Eum ut eum omnis eaque voluptatem libero et. Natus modi aliquam debitis a reiciendis quisquam. Occaecati dolorum commodi veniam laudantium. Magni perspiciatis animi qui. Rerum in minima nobis neque illo quo quia.', 'https://mlpnk72yciwc.i.optimole.com/cqhiHLc.WqA8~2eefa/w:auto/h:auto/q:75/https://bleedingcool.com/wp-content/uploads/2020/09/TWDDLX01_Adams-Cover.jpg', 'Lawson Kulas'),
(3697, 956, 'cupiditate qui quo accusamus', 'Officiis ratione est velit officiis. Nihil debitis inventore sequi deserunt officiis distinctio. Vel voluptatem consectetur fuga omnis et optio.', 'https://c8.alamy.com/compfr/t27dd2/italie-1973-premiere-edition-de-marvel-comic-books-couvrir-de-captain-america-t27dd2.jpg', 'Joesph Fay'),
(3698, 958, 'non doloremque soluta rerum', 'Unde non aut sunt. Quam et molestiae unde sit repellendus. Quis omnis dolor hic voluptates et. Nulla quas soluta sed veniam. Corporis autem necessitatibus ratione quo ad rerum nihil sint. Sapiente et atque possimus molestiae consectetur eum.', 'https://www.dccomics.com/sites/default/files/imce/2021/11-NOV/BM_Cv118_1in25_var_618447d1a5e754.72998228.jpg', 'Diamond Vandervort'),
(3699, 963, 'aliquid', 'Nesciunt tempora voluptatum necessitatibus quas nam. Aut nihil consectetur aperiam. Facilis soluta dolore pariatur asperiores. Veniam beatae aut sed numquam blanditiis. Et eos quibusdam explicabo et et quos. Enim rem qui ipsum animi.', 'https://www.hallmark.com/dw/image/v2/AALB_PRD/on/demandware.static/-/Sites-hallmark-master/default/dw8ba9f1e5/images/finished-goods/Marvel-The-Amazing-SpiderMan-Comic-Book-Cover-Fathers-Day-Card-root-599FHE8966_PV.1.FHE8966.jpg_Source_Image.jpg?sw=1920', 'Christa Douglas'),
(3700, 965, 'quam impedit', 'Laborum aut praesentium rem minus. Vel aut veritatis nihil maiores. Aut culpa eos consequatur voluptas corporis culpa nesciunt. Veritatis consequuntur quasi pariatur atque maiores voluptatibus vero.', 'https://cdn-products.eneba.com/resized-products/5jDEHg3wge1U7YZJVCOM2BTq98NC5lraxlc__mT3bIg_350x200_3x-0.jpeg', 'Gustave Mayert');

-- --------------------------------------------------------

--
-- Structure de la table `comic_category`
--

CREATE TABLE `comic_category` (
  `id` int(11) NOT NULL,
  `name` varchar(50) COLLATE utf8mb4_unicode_ci NOT NULL
) ENGINE=InnoDB DEFAULT CHARSET=utf8mb4 COLLATE=utf8mb4_unicode_ci;

--
-- Déchargement des données de la table `comic_category`
--

INSERT INTO `comic_category` (`id`, `name`) VALUES
(955, 'Action / Aventure'),
(956, 'Humoristique'),
(957, 'Fantastique'),
(958, 'Heroic Fantasy'),
(959, 'Policier / Enquête'),
(960, 'Historique'),
(961, 'Horreur'),
(962, 'Arts Martiaux'),
(963, 'Musical'),
(964, 'Romance'),
(965, 'Science Fiction'),
(966, 'Sports'),
(967, 'Espionnage'),
(968, 'Steampunk'),
(969, 'Superhero'),
(970, 'Ados'),
(971, 'Guerre'),
(972, 'Western');

-- --------------------------------------------------------

--
-- Structure de la table `doctrine_migration_versions`
--

CREATE TABLE `doctrine_migration_versions` (
  `version` varchar(191) COLLATE utf8_unicode_ci NOT NULL,
  `executed_at` datetime DEFAULT NULL,
  `execution_time` int(11) DEFAULT NULL
) ENGINE=InnoDB DEFAULT CHARSET=utf8 COLLATE=utf8_unicode_ci;

--
-- Déchargement des données de la table `doctrine_migration_versions`
--

INSERT INTO `doctrine_migration_versions` (`version`, `executed_at`, `execution_time`) VALUES
('DoctrineMigrations\\Version20220106115344', '2022-01-06 11:55:50', 1060);

-- --------------------------------------------------------

--
-- Structure de la table `event`
--

CREATE TABLE `event` (
  `id` int(11) NOT NULL,
  `category_id` int(11) NOT NULL,
  `place_id` int(11) DEFAULT NULL,
  `owner_id` int(11) NOT NULL,
  `name` varchar(100) COLLATE utf8mb4_unicode_ci NOT NULL,
  `description` longtext COLLATE utf8mb4_unicode_ci NOT NULL,
  `picture` varchar(255) COLLATE utf8mb4_unicode_ci NOT NULL,
  `start_at` datetime NOT NULL,
  `end_at` datetime NOT NULL,
  `capacity` int(11) DEFAULT NULL
) ENGINE=InnoDB DEFAULT CHARSET=utf8mb4 COLLATE=utf8mb4_unicode_ci;

--
-- Déchargement des données de la table `event`
--

INSERT INTO `event` (`id`, `category_id`, `place_id`, `owner_id`, `name`, `description`, `picture`, `start_at`, `end_at`, `capacity`) VALUES
(4017, 606, 8398, 40174, 'voluptas ipsam non incidunt debitis hic omnis ex voluptatibus ex', 'Vel sunt laborum illo quia consequatur ea. Aut dolores laudantium et neque tempore harum. Aliquid excepturi reiciendis dolor assumenda.', 'https://www.presse-citron.net/app/uploads/2021/05/koch-media-e3-conference.jpeg', '2022-06-22 05:31:47', '2022-06-23 21:16:34', 236),
(4018, 608, 8409, 40388, 'nulla voluptatem assumenda vel reprehenderit facere voluptas', 'Possimus est vel ipsam officiis. Necessitatibus velit maxime fuga dolorum. Nam consequatur odio consequuntur aut exercitationem. Assumenda id tempore voluptas ipsum cum qui. Voluptatem libero optio quas aut voluptatibus placeat. Corporis eum assumenda est vitae et error.', 'https://www.manga-news.com/public/images/events/geek-unchained-4.jpg', '2022-04-02 04:07:48', '2022-04-04 13:20:09', 315),
(4019, 605, 8442, 40611, 'reprehenderit placeat alias sed temporibus', 'Libero porro et nihil hic nostrum aut expedita. Voluptatem totam aut delectus sit. Ut quam rerum sed voluptas aut asperiores. Adipisci et placeat delectus dignissimos sed.', 'https://fr.web.img2.acsta.net/newsv7/20/06/30/12/28/5740456.jpg', '2022-01-13 20:02:55', '2022-01-15 23:57:51', 326),
(4020, 605, 8401, 40223, 'quod necessitatibus blanditiis est ut', 'Quia vel sit saepe sint. Excepturi ea ut dolores enim earum. Velit aliquam voluptate cum sequi. Delectus minus debitis cupiditate. Molestias perferendis et mollitia exercitationem aut est soluta delectus.', 'https://www.realite-virtuelle.com/wp-content/uploads/2020/11/pokemon-go-milliard-revenus.jpg', '2022-05-07 04:39:52', '2022-05-09 01:37:41', 122),
(4021, 604, NULL, 40632, 'officia porro reiciendis veritatis voluptates corporis explicabo sed', 'Facilis adipisci ut aut velit autem. Dolorem rerum et temporibus nesciunt. Nisi modi iusto aut. Fugiat minus magnam natus quam consequatur accusamus dolorem.', 'https://fr.web.img2.acsta.net/newsv7/20/06/30/12/28/5740456.jpg', '2022-01-26 01:18:15', '2022-01-26 15:14:19', 74),
(4022, 609, 8385, 40458, 'quasi placeat porro', 'Corrupti reiciendis aut eaque placeat. Omnis animi officia id impedit. Voluptatem delectus minus harum et et consectetur. Iure qui laborum beatae voluptatem sequi. Cum impedit nisi reprehenderit voluptatem. Eaque porro tenetur quasi quia ipsa qui. Quia quas quae nobis molestiae consequatur.', 'https://www.presse-citron.net/app/uploads/2020/04/e3-online.jpg', '2022-02-04 00:32:00', '2022-02-06 15:42:33', 144),
(4023, 607, 8367, 40264, 'rem deleniti facere voluptatum', 'Eaque ipsa nemo aliquam vero maxime labore ullam. Et fugiat repudiandae consequuntur tenetur. Eum aut repellendus non provident delectus quia et. Facere dignissimos sunt non dolor quod nisi. Omnis dignissimos consequatur odit tenetur vel reprehenderit et.', 'https://www.miraigamers.com/wp-content/uploads/2021/07/Yu-Gi-Oh-Master-Duel-arrive-sur-tous-les-supports-pret-pour-le-Duel.jpg', '2022-05-12 20:37:34', '2022-05-13 03:51:24', 488),
(4024, 605, 8376, 40304, 'nisi eligendi odio culpa dolores sapiente eum aspernatur', 'Eligendi asperiores eligendi perferendis corporis deserunt. Veniam vitae sapiente qui voluptas sed. Voluptas sequi tempore non dolor.', 'https://i0.wp.com/www.nintendo-town.fr/wp-content/uploads/2019/04/H2x1_NSwitch_MortalKombat11_image1600w.jpg?fit=1600%2C800&ssl=1', '2022-02-08 12:57:52', '2022-02-08 15:03:32', 135),
(4025, 605, 8358, 40627, 'aliquid omnis et maxime sunt non et iusto', 'Magni iure perferendis ut. Fuga sunt nostrum quia assumenda quis quibusdam. Aut laboriosam illum eveniet et.', 'https://github.com/audrey-ebrotie/wonderGeek/blob/develop/public/img/events/encheres_geek.jpeg', '2022-02-19 05:41:14', '2022-02-22 01:35:36', 5),
(4026, 605, NULL, 40169, 'aut tenetur eligendi nesciunt similique itaque sunt', 'Qui dolor distinctio consequatur et. Qui et natus molestiae tenetur id pariatur. Voluptas velit totam velit qui molestias. Similique dolores fugiat dolores voluptates eum.', 'https://data.1freewallpapers.com/download/dota-2-1280x720.jpg', '2022-04-08 22:24:22', '2022-04-10 02:52:35', 471),
(4027, 608, 8371, 40599, 'dignissimos iure inventore aut', 'Pariatur et molestiae explicabo molestiae vel vel. Autem laboriosam aut iste nemo at. Voluptas omnis et id aut et. Modi neque hic eum odit minus eligendi. Ex fuga et aut sit eligendi.', 'https://www.presse-citron.net/app/uploads/2020/04/e3-online.jpg', '2022-06-15 17:21:30', '2022-06-17 11:42:24', 353),
(4028, 609, 8398, 40441, 'voluptatum distinctio qui deserunt distinctio', 'Et eveniet tempora perferendis porro aut est. Voluptatibus reiciendis et assumenda laudantium velit ut dolorem. Sed maxime dolor vero porro. Vitae ipsum qui cumque numquam eveniet itaque odit. At similique adipisci at quaerat sunt. Omnis dolor eum qui doloremque.', 'https://www.miraigamers.com/wp-content/uploads/2021/07/Yu-Gi-Oh-Master-Duel-arrive-sur-tous-les-supports-pret-pour-le-Duel.jpg', '2022-06-11 02:04:47', '2022-06-13 12:14:33', 200),
(4029, 605, 8436, 40491, 'laborum praesentium maiores praesentium qui laudantium quasi', 'Iusto placeat enim qui distinctio. Voluptatem est et id. Quaerat qui nesciunt alias. Sint reiciendis optio nihil reiciendis nesciunt. Quod dicta quis optio ut. Et sit eaque qui laborum et quis ea. Eveniet non provident repellendus velit qui doloremque eveniet.', 'https://www.presse-citron.net/app/uploads/2021/05/koch-media-e3-conference.jpeg', '2022-05-23 07:40:27', '2022-05-24 22:03:33', 247),
(4030, 609, 8390, 40292, 'dolorem et dolore provident quo vel ut culpa ex voluptatem', 'Ipsam sit minima fuga aliquam possimus repellat. Voluptas possimus perferendis fuga deleniti et unde architecto.', 'https://github.com/audrey-ebrotie/wonderGeek/blob/develop/public/img/events/encheres_geek.jpeg', '2022-05-20 08:45:09', '2022-05-23 02:24:45', 473),
(4031, 606, NULL, 40326, 'incidunt corporis facilis in quis quo atque eos', 'Accusamus rem et labore nihil natus laborum. Dignissimos quia facere consectetur est quo officia. Quo explicabo quia doloribus ratione eos porro. Et vitae et illum placeat. Amet assumenda fugit doloribus ipsum maiores odit aperiam cupiditate. Voluptatum dignissimos eius vero et.', 'https://www.presse-citron.net/app/uploads/2021/06/netflix-geeked-week-summer-game-fest-2021.jpeg', '2022-03-21 07:15:42', '2022-03-22 02:35:56', 430),
(4032, 607, 8412, 40329, 'sapiente voluptatem voluptatem tempora asperiores sequi veritatis quis', 'Impedit facere molestiae accusamus reprehenderit. Eveniet veniam ut pariatur aliquid necessitatibus nesciunt voluptas. Sit est ad illo velit aut eius praesentium repudiandae. Ad facere ratione porro ut reiciendis. Aut impedit quia perspiciatis sit rerum expedita.', 'https://www.presse-citron.net/app/uploads/2021/05/koch-media-e3-conference.jpeg', '2022-02-18 13:00:29', '2022-02-21 12:11:27', 500),
(4033, 608, 8443, 40255, 'ullam eos odit ipsa nemo', 'Consectetur est odio impedit cupiditate assumenda. Pariatur ut consequatur dolores accusantium mollitia.', 'https://www.manga-news.com/public/images/events/geek-unchained-4.jpg', '2022-06-19 08:57:17', '2022-06-22 06:44:43', 59),
(4034, 608, 8383, 40438, 'amet rerum et itaque sit officiis itaque non eveniet optio', 'Quasi aut placeat sed quisquam libero hic commodi eligendi. Non occaecati veritatis saepe id at. Cumque veniam aspernatur sit repudiandae earum sit blanditiis. Voluptatem laboriosam qui laudantium autem qui omnis facere.', 'https://data.1freewallpapers.com/download/dota-2-1280x720.jpg', '2022-07-05 14:38:01', '2022-07-07 04:51:00', 140),
(4035, 604, 8449, 40426, 'voluptatem itaque pariatur velit et consectetur vitae vero soluta quo', 'Labore minus illo tempora perspiciatis sapiente. Quam quaerat iste minima ab sed. Doloremque molestiae deserunt quo labore. Eos suscipit incidunt qui consequuntur.', 'https://img.redbull.com/images/c_limit,w_1500,h_1000,f_auto,q_auto/redbullcom/2019/11/08/fc0f91de-3998-4be5-b50e-96d8d9e0cd45/lol-10-ans-league-of-legends', '2022-06-02 19:49:48', '2022-06-03 07:37:42', 31),
(4036, 609, NULL, 40630, 'odio sit est animi eos veniam et dolorem sed', 'Eum voluptatem consequatur nam quidem. Rem optio eos placeat tempore velit. Eius numquam consequuntur ut hic aliquam nam hic. Eligendi aspernatur sit ad fugit.', 'https://www.presse-citron.net/app/uploads/2020/04/e3-online.jpg', '2022-03-25 06:23:21', '2022-03-27 07:02:49', 18),
(4037, 609, 8363, 40385, 'repellendus ipsa cumque', 'Alias tempore ex nam omnis aut quas eius. Tempore omnis quis officiis omnis. Culpa qui qui illo. Sunt aut iure exercitationem alias. Fuga ducimus alias ipsa et voluptatem quis sint a. Aut aut et necessitatibus qui delectus. Accusamus quis est vero debitis.', 'https://data.1freewallpapers.com/download/dota-2-1280x720.jpg', '2022-02-25 19:25:55', '2022-02-26 13:41:04', 311),
(4038, 609, 8422, 40314, 'enim sed beatae molestias deserunt aperiam est', 'Dolor qui consectetur eaque rerum aliquid quaerat. Voluptatem nam reiciendis modi. Debitis nesciunt vel et dignissimos necessitatibus a et.', 'https://images.ctfassets.net/s5n2t79q9icq/114xMnrR6RiLD15UxL8LYZ/ca73ec9fe59f654a150b543e05979181/Meta-Homepage.jpg', '2022-01-23 08:07:59', '2022-01-24 15:37:40', 435),
(4039, 607, 8393, 40234, 'ad aut fugit quos dolores molestias tempore temporibus est repudiandae', 'Voluptatibus laudantium delectus est voluptas. Amet voluptas sit aliquam et. Quo nihil excepturi ipsam maiores. Nisi atque omnis quia sit. Quo amet voluptate officiis velit.', 'https://img.redbull.com/images/c_limit,w_1500,h_1000,f_auto,q_auto/redbullcom/2019/11/08/fc0f91de-3998-4be5-b50e-96d8d9e0cd45/lol-10-ans-league-of-legends', '2022-02-22 00:59:58', '2022-02-23 16:46:14', 183),
(4040, 609, 8431, 40499, 'ut alias vero porro quis', 'Ea aliquam vel illo qui temporibus placeat sequi. Veritatis reiciendis nesciunt ab iusto sit rerum dolor. Non necessitatibus enim consequatur vitae veritatis.', 'https://github.com/audrey-ebrotie/wonderGeek/blob/develop/public/img/events/encheres_geek.jpeg', '2022-04-30 05:38:10', '2022-05-02 21:55:14', 217),
(4041, 605, NULL, 40348, 'et necessitatibus omnis voluptatem eligendi', 'Dolores cupiditate deleniti et inventore odio. Consequatur modi corporis sunt incidunt minus accusantium. Nobis velit nihil inventore incidunt. Nemo maxime aut fugit tempore. Quo praesentium est officiis vero commodi. Dolorem magni aperiam maxime quas error.', 'https://www.presse-citron.net/app/uploads/2020/04/e3-online.jpg', '2022-05-17 14:57:05', '2022-05-17 23:07:42', 144),
(4042, 608, 8447, 40522, 'aut harum aliquam voluptatem explicabo', 'Sit vero vel quas laboriosam autem ratione neque. Adipisci cupiditate est est qui. Eum quo harum et. Est et aliquam id quia. Ut fuga cum repellendus est dicta esse earum et. Illum quaerat molestiae at nulla cum et. Autem neque sapiente ut maiores repudiandae nostrum error.', 'https://www.manga-news.com/public/images/events/geek-unchained-4.jpg', '2022-01-15 04:06:26', '2022-01-15 05:57:56', 353),
(4043, 604, 8382, 40431, 'tenetur dolorem non', 'Cum quae aut placeat sunt eaque. Sed culpa corrupti rem facere. Consequuntur fugiat molestiae aut earum dolorem aut et. Consequuntur tempora inventore inventore natus quam laborum est. Id libero provident nihil. Consequatur voluptate quia earum quis unde odio autem.', 'https://img.redbull.com/images/c_limit,w_1500,h_1000,f_auto,q_auto/redbullcom/2019/11/08/fc0f91de-3998-4be5-b50e-96d8d9e0cd45/lol-10-ans-league-of-legends', '2022-01-28 12:34:20', '2022-01-29 03:42:23', 148),
(4044, 608, 8443, 40580, 'ipsa qui et autem quas', 'Saepe quia ipsam magnam odit explicabo ducimus non. Aut et optio qui debitis ipsum. Est nesciunt non aspernatur voluptatem. Dolores voluptatem excepturi dolorem aut blanditiis deleniti aliquid.', 'https://github.com/audrey-ebrotie/wonderGeek/blob/develop/public/img/events/encheres_geek.jpeg', '2022-04-18 18:25:15', '2022-04-21 10:59:08', 387),
(4045, 609, 8392, 40221, 'enim libero voluptate ex ea suscipit optio enim quaerat ratione', 'Iure omnis et harum reiciendis. Voluptas provident qui voluptas hic. Perferendis dolore et vitae et dicta quas. Reprehenderit fuga repellat inventore quas. Ut id qui non magnam quia ducimus nihil ut. Molestiae est voluptatum voluptatem officia quidem corporis et.', 'https://www.presse-citron.net/app/uploads/2021/05/koch-media-e3-conference.jpeg', '2022-01-20 02:47:06', '2022-01-22 22:03:45', 332),
(4046, 604, NULL, 40213, 'molestiae id quos autem aliquid nostrum', 'Et recusandae praesentium et corporis qui. Excepturi beatae reprehenderit deleniti neque laboriosam quibusdam accusamus culpa. Quia blanditiis incidunt aut iste eos. Sit temporibus rem repellendus vel quibusdam.', 'https://www.presse-citron.net/app/uploads/2020/04/e3-online.jpg', '2022-05-01 04:18:22', '2022-05-03 19:14:56', 408),
(4047, 605, 8353, 40358, 'iste ipsam suscipit qui ut totam laborum nostrum veniam fugiat', 'Voluptatem distinctio quo voluptatem. Accusantium qui ea repellat et culpa cupiditate quo quidem. Et delectus nostrum expedita vel nobis aut. Voluptas ut rerum sint.', 'https://images.ctfassets.net/s5n2t79q9icq/114xMnrR6RiLD15UxL8LYZ/ca73ec9fe59f654a150b543e05979181/Meta-Homepage.jpg', '2022-01-07 16:23:31', '2022-01-08 12:28:53', 441),
(4048, 605, 8393, 40340, 'accusantium explicabo optio ut recusandae et voluptas dolorum quo', 'Accusamus recusandae doloremque suscipit officiis non beatae. Ut et iure et ut odio dolorem consectetur. Vero repudiandae tenetur aut culpa unde nihil. Voluptates quos laborum distinctio nemo accusamus ut laudantium.', 'https://images.ctfassets.net/s5n2t79q9icq/114xMnrR6RiLD15UxL8LYZ/ca73ec9fe59f654a150b543e05979181/Meta-Homepage.jpg', '2022-01-09 03:53:36', '2022-01-11 00:14:23', 42),
(4049, 608, 8446, 40157, 'nihil earum nulla et aut', 'Fugit a ex aspernatur cumque suscipit. Molestiae qui tempora numquam minus. Facilis est fugit expedita id quasi non. A adipisci harum doloremque et quibusdam officiis laborum ipsa. Omnis dolorum dolor a eligendi labore illo et maxime.', 'https://www.miraigamers.com/wp-content/uploads/2021/07/Yu-Gi-Oh-Master-Duel-arrive-sur-tous-les-supports-pret-pour-le-Duel.jpg', '2022-03-26 11:43:32', '2022-03-27 07:02:45', 88),
(4050, 608, 8412, 40338, 'delectus voluptas rerum modi praesentium aperiam aspernatur quis', 'Necessitatibus esse ratione aliquam at id in. Quia labore aut eveniet odio corrupti sit. Ratione ratione et voluptas eaque in quo rerum. Rerum aperiam veritatis atque sit. Praesentium inventore veniam eum. Omnis porro natus ex voluptates. Qui molestiae dolore molestiae consequatur beatae sit alias.', 'https://www.presse-citron.net/app/uploads/2021/06/netflix-geeked-week-summer-game-fest-2021.jpeg', '2022-04-03 14:16:02', '2022-04-03 14:55:31', 356),
(4051, 605, NULL, 40273, 'sunt eum voluptatem', 'Perferendis est est ad et. Eos praesentium delectus aut impedit quibusdam enim dolorem error. Omnis eos et molestiae iste deserunt ut natus. Sint error cupiditate laboriosam est fugiat laudantium quis. Quidem illum commodi ut sit.', 'https://data.1freewallpapers.com/download/dota-2-1280x720.jpg', '2022-02-28 03:43:07', '2022-03-02 18:51:45', 380),
(4052, 607, 8376, 40507, 'corrupti qui et aut impedit sequi fuga cum non similique', 'Cum ipsam quo explicabo eos porro quam dignissimos magni. Nostrum eius aliquam vel molestias sit libero eius inventore. Ratione quidem est et aliquid et vel tempore.', 'https://www.realite-virtuelle.com/wp-content/uploads/2020/11/pokemon-go-milliard-revenus.jpg', '2022-06-21 18:37:19', '2022-06-24 10:25:45', 345),
(4053, 609, 8436, 40302, 'sequi sit aut est enim magni omnis et sit dolores', 'Hic rerum veritatis dicta quibusdam eius. Incidunt nulla voluptatibus voluptatem est molestias. Tenetur libero magni similique laborum similique consequatur non. Consectetur rem porro non ut.', 'https://i0.wp.com/www.nintendo-town.fr/wp-content/uploads/2019/04/H2x1_NSwitch_MortalKombat11_image1600w.jpg?fit=1600%2C800&ssl=1', '2022-02-09 11:28:30', '2022-02-12 00:57:48', 184),
(4054, 606, 8372, 40376, 'ut est quisquam hic sit quibusdam adipisci consequatur', 'Quia placeat ut consequatur quas maxime voluptatum quasi. Ipsam sed cumque deleniti eveniet soluta provident. Nostrum quae voluptas labore asperiores id. Iste iure ullam animi officiis ad ab vitae.', 'https://images.ctfassets.net/s5n2t79q9icq/114xMnrR6RiLD15UxL8LYZ/ca73ec9fe59f654a150b543e05979181/Meta-Homepage.jpg', '2022-06-28 09:16:49', '2022-06-29 15:32:25', 466),
(4055, 609, 8410, 40633, 'sint laboriosam officia ipsam vitae qui qui corporis natus', 'Et ut aut esse ipsa aliquam vel ut. Non facere ipsam laboriosam. Consequatur a reprehenderit laudantium at enim odit laudantium ut.', 'https://fr.web.img2.acsta.net/newsv7/20/06/30/12/28/5740456.jpg', '2022-03-31 03:01:59', '2022-03-31 09:41:37', 282),
(4056, 606, NULL, 40463, 'doloribus ipsa ad error', 'Voluptas nostrum similique molestiae beatae ratione. Iste et ex aliquam deleniti. Explicabo ea non eum et dolorem consequatur. Eveniet ut quidem qui quod.', 'https://www.presse-citron.net/app/uploads/2021/06/netflix-geeked-week-summer-game-fest-2021.jpeg', '2022-02-04 22:58:44', '2022-02-06 05:54:44', 297),
(4057, 607, 8388, 40241, 'est rem magni occaecati', 'Odit sit nisi accusamus accusantium vero quae. At omnis a dicta. Distinctio et voluptate ea libero possimus repellendus error ipsa.', 'https://www.presse-citron.net/app/uploads/2020/04/e3-online.jpg', '2022-05-05 11:36:27', '2022-05-07 19:54:44', 7),
(4058, 608, 8401, 40177, 'velit molestiae et iusto quas est', 'Perferendis ad perspiciatis amet quia iste. Minus quasi quisquam sunt eveniet voluptas. Quasi eligendi nihil qui. Consequatur repellendus qui ex qui. Omnis qui amet laudantium laboriosam qui et.', 'https://www.miraigamers.com/wp-content/uploads/2021/07/Yu-Gi-Oh-Master-Duel-arrive-sur-tous-les-supports-pret-pour-le-Duel.jpg', '2022-05-26 02:14:42', '2022-05-27 22:08:54', 227),
(4059, 607, 8386, 40485, 'sit dolor quo', 'Iure molestias qui velit et eaque provident. Et labore aut alias illum. Sit temporibus harum ut qui sint id magni. Et assumenda illo et aliquid molestiae vitae.', 'https://fr.web.img2.acsta.net/newsv7/20/06/30/12/28/5740456.jpg', '2022-02-13 09:41:43', '2022-02-13 14:11:01', 247),
(4060, 606, 8392, 40161, 'fugiat qui neque architecto corrupti voluptas nihil provident cum vel', 'Ea a sapiente quisquam et autem sapiente rerum. Sed et consequuntur vel non vel dolorum. Error quae totam natus consequatur qui autem. Quia dolor nostrum veniam repudiandae repellendus non.', 'https://i0.wp.com/www.nintendo-town.fr/wp-content/uploads/2019/04/H2x1_NSwitch_MortalKombat11_image1600w.jpg?fit=1600%2C800&ssl=1', '2022-03-27 04:06:00', '2022-03-27 15:31:21', 191),
(4061, 607, NULL, 40442, 'sequi esse doloribus veritatis esse', 'Itaque saepe vitae tempore. Facilis consequuntur aut eveniet ullam in voluptate. Sed facilis quas sit. Quibusdam quae blanditiis quia. Eaque veniam deserunt aut praesentium facilis sint. Et ratione sint a voluptas magni debitis. Velit laborum est voluptates assumenda iusto error nesciunt.', 'https://www.realite-virtuelle.com/wp-content/uploads/2020/11/pokemon-go-milliard-revenus.jpg', '2022-01-30 02:56:50', '2022-01-30 20:50:26', 184),
(4062, 607, 8370, 40595, 'in optio laudantium non non velit ea perspiciatis veniam', 'Et non dignissimos optio ut aut quas inventore. Delectus velit corporis harum nam mollitia. Quod est cupiditate est enim porro quia. Ut porro sint deserunt repudiandae incidunt.', 'https://www.realite-virtuelle.com/wp-content/uploads/2020/11/pokemon-go-milliard-revenus.jpg', '2022-05-05 14:46:09', '2022-05-06 03:03:56', 32),
(4063, 609, 8393, 40314, 'doloribus mollitia sed', 'Aut dolores harum nostrum. Facere maxime incidunt sunt et enim eaque asperiores. Incidunt alias eligendi reprehenderit ut magnam atque. Exercitationem et officia officiis eveniet totam quia autem earum. Eius sed dicta voluptatem et inventore.', 'https://data.1freewallpapers.com/download/dota-2-1280x720.jpg', '2022-01-04 00:55:08', '2022-01-06 04:22:39', 70),
(4064, 607, 8377, 40527, 'nostrum nulla sed', 'Totam porro in non autem incidunt sint. Molestiae qui repellendus deserunt. Quia doloremque dicta dolores sint corporis nulla. Provident qui aut voluptas velit sequi. Natus aut et quos enim omnis voluptas deserunt illo. Et omnis numquam quos rerum nesciunt.', 'https://img.redbull.com/images/c_limit,w_1500,h_1000,f_auto,q_auto/redbullcom/2019/11/08/fc0f91de-3998-4be5-b50e-96d8d9e0cd45/lol-10-ans-league-of-legends', '2022-01-04 05:14:16', '2022-01-06 11:53:24', 257),
(4065, 606, 8354, 40619, 'aliquid laboriosam qui aspernatur numquam voluptates voluptatem', 'Tempore illum consequatur ea natus et aliquam accusamus perspiciatis. Et debitis qui quod voluptas. Vel accusamus ut in quos. Rerum consequuntur ut qui numquam. Sed rem et accusantium. Dolore voluptatem blanditiis voluptatem accusantium accusantium neque.', 'https://www.presse-citron.net/app/uploads/2021/05/koch-media-e3-conference.jpeg', '2022-03-21 01:39:09', '2022-03-22 18:39:00', 494),
(4066, 605, NULL, 40523, 'distinctio odit omnis voluptatem quia et molestias enim reprehenderit nam', 'Maxime pariatur sapiente et quidem voluptatem. Voluptate autem tempore beatae enim cupiditate atque neque quod. Beatae vel quidem alias. Optio ad laborum porro ipsa.', 'https://i0.wp.com/www.nintendo-town.fr/wp-content/uploads/2019/04/H2x1_NSwitch_MortalKombat11_image1600w.jpg?fit=1600%2C800&ssl=1', '2022-07-02 14:54:25', '2022-07-04 15:09:15', 239),
(4067, 608, 8367, 40409, 'quasi nesciunt nesciunt incidunt autem eos', 'Nobis magni voluptates veniam quod quaerat a debitis eligendi. Et voluptas culpa voluptas quia. Atque autem voluptatem et a sed quae odio. Quae perferendis est esse pariatur est omnis repudiandae.', 'https://www.miraigamers.com/wp-content/uploads/2021/07/Yu-Gi-Oh-Master-Duel-arrive-sur-tous-les-supports-pret-pour-le-Duel.jpg', '2022-07-01 03:23:34', '2022-07-02 16:26:12', 159),
(4068, 605, 8397, 40391, 'id voluptatem dolores', 'Harum nisi unde a voluptatem harum eveniet nisi provident. Fugiat aut numquam vitae molestiae eum aut dolorem. Quae consequuntur possimus excepturi aut nam ut ipsum ipsa. Ipsum aut enim tempora dolore. Enim ea sunt nostrum qui.', 'https://www.presse-citron.net/app/uploads/2021/05/koch-media-e3-conference.jpeg', '2022-03-22 10:19:42', '2022-03-23 19:07:06', 338),
(4069, 607, 8382, 40281, 'veniam animi deserunt consectetur quia atque', 'Voluptas eum libero asperiores eum consequatur repellendus. Tempore aperiam nulla recusandae error aut laboriosam. Laborum praesentium similique et sapiente ea deleniti sunt. Voluptate aut earum non officiis. Blanditiis nulla sapiente omnis non eius.', 'https://images.ctfassets.net/s5n2t79q9icq/114xMnrR6RiLD15UxL8LYZ/ca73ec9fe59f654a150b543e05979181/Meta-Homepage.jpg', '2022-03-06 20:24:19', '2022-03-07 11:03:33', 480),
(4070, 604, 8357, 40221, 'quo expedita cumque quo autem voluptas perferendis', 'Placeat vel aut numquam velit praesentium laboriosam nam ab. Sed omnis ab non eius autem molestiae et. In ullam ut itaque numquam. Explicabo aut adipisci vitae id quisquam explicabo. Aut et mollitia vitae doloremque iure quod.', 'https://www.miraigamers.com/wp-content/uploads/2021/07/Yu-Gi-Oh-Master-Duel-arrive-sur-tous-les-supports-pret-pour-le-Duel.jpg', '2022-03-17 08:08:04', '2022-03-20 07:29:05', 461),
(4071, 604, NULL, 40205, 'quis tempora doloremque perspiciatis ipsum doloribus', 'Provident ipsam quidem velit quas ullam. Tenetur totam repudiandae molestias facere cumque asperiores. Et et dolorem aut est. Ad velit dolores et soluta reprehenderit ut fugiat. Inventore aut et omnis harum sunt laborum tempora. Quidem omnis molestias eveniet alias.', 'https://www.manga-news.com/public/images/events/geek-unchained-4.jpg', '2022-06-03 05:49:58', '2022-06-06 02:42:23', 289),
(4072, 607, 8430, 40496, 'minima commodi dolores et', 'Sint voluptatem cupiditate nisi. Officiis dolorem ut iure. Illo adipisci eos necessitatibus in optio excepturi.', 'https://www.miraigamers.com/wp-content/uploads/2021/07/Yu-Gi-Oh-Master-Duel-arrive-sur-tous-les-supports-pret-pour-le-Duel.jpg', '2022-01-11 13:33:12', '2022-01-12 13:47:41', 69),
(4073, 605, 8433, 40274, 'qui eos ducimus', 'Illo ipsam ut beatae sunt velit. Aliquam perferendis harum nulla eum dolores minima amet. Nostrum eveniet sapiente eligendi distinctio rerum expedita dolorem. Et ea tempora veritatis ut.', 'https://www.presse-citron.net/app/uploads/2020/04/e3-online.jpg', '2022-05-17 08:53:23', '2022-05-17 10:35:12', 402),
(4074, 606, 8400, 40149, 'quia cumque ratione voluptas quia iste', 'Dolorem ea ut eum. Provident beatae molestias similique in repudiandae. Quam placeat modi quas dolorem explicabo delectus sed est. Qui reiciendis sit ad vitae dolorum ut in.', 'https://www.presse-citron.net/app/uploads/2020/04/e3-online.jpg', '2022-02-23 12:53:49', '2022-02-23 12:57:17', 302),
(4075, 606, 8402, 40174, 'nihil voluptas placeat', 'Dolores illo maxime laborum ducimus. Sunt et qui sunt nobis. Eos ut saepe eveniet qui. Minus voluptatem dolores sequi voluptatum occaecati cupiditate occaecati sint. Eos fuga quia velit et quidem.', 'https://www.presse-citron.net/app/uploads/2021/06/netflix-geeked-week-summer-game-fest-2021.jpeg', '2022-06-17 11:11:59', '2022-06-20 00:13:07', 231),
(4076, 607, NULL, 40209, 'repudiandae tempore sunt eum sed aut qui est', 'Est itaque quidem nostrum corrupti laudantium commodi eius. Omnis nobis enim ut quas. Ullam doloremque molestiae et harum dolores. Sunt dignissimos cumque ducimus nemo omnis assumenda ducimus.', 'https://i0.wp.com/www.nintendo-town.fr/wp-content/uploads/2019/04/H2x1_NSwitch_MortalKombat11_image1600w.jpg?fit=1600%2C800&ssl=1', '2022-05-06 10:03:47', '2022-05-09 01:07:29', 104),
(4077, 604, 8429, 40307, 'exercitationem et et', 'Quia officia autem perferendis id quidem esse praesentium repellendus. Tempore adipisci sed laudantium id ex amet minus. Asperiores aliquid quas dolores sit occaecati neque. Fuga blanditiis saepe sit aut excepturi id.', 'https://www.presse-citron.net/app/uploads/2020/04/e3-online.jpg', '2022-03-05 21:13:26', '2022-03-07 07:07:05', 56),
(4078, 604, 8385, 40588, 'id quasi quo aut consectetur eos ut voluptatibus est laborum', 'Aspernatur ut temporibus omnis labore. At quia quae illo in quisquam ad. Quam asperiores nostrum ullam consequatur nostrum. Sequi vel tempora et et velit est.', 'https://fr.web.img2.acsta.net/newsv7/20/06/30/12/28/5740456.jpg', '2022-01-17 04:23:14', '2022-01-19 02:10:51', 416),
(4079, 607, 8372, 40531, 'dolorum quaerat qui vel ipsa', 'Magni molestias dolores quisquam nostrum. Rerum voluptatem maxime adipisci harum architecto voluptatum quam. Occaecati expedita facilis asperiores ut dolorum. Ut sunt enim soluta et ad.', 'https://fr.web.img2.acsta.net/newsv7/20/06/30/12/28/5740456.jpg', '2022-04-30 01:20:43', '2022-05-02 00:34:00', 26),
(4080, 604, 8429, 40389, 'nihil nobis dolor labore doloribus voluptas doloremque in ut est', 'Voluptas voluptas et beatae animi unde voluptatem molestias. Commodi non accusantium officia ut libero eum. Omnis non est harum qui. Excepturi et corrupti eum dicta aut.', 'https://www.manga-news.com/public/images/events/geek-unchained-4.jpg', '2022-04-08 14:52:02', '2022-04-11 09:24:31', 213),
(4081, 606, NULL, 40271, 'dolor nihil est iusto molestias magnam', 'Dolor est ut mollitia et aspernatur eos. Enim ex quidem provident eum adipisci. Ipsa animi sit doloremque enim amet. Doloribus similique molestiae nihil placeat a. Unde et magni eos. Non eveniet voluptas voluptatem aut.', 'https://images.ctfassets.net/s5n2t79q9icq/114xMnrR6RiLD15UxL8LYZ/ca73ec9fe59f654a150b543e05979181/Meta-Homepage.jpg', '2022-01-09 06:20:12', '2022-01-10 21:25:15', 32),
(4082, 609, 8381, 40147, 'numquam earum dignissimos magnam assumenda veritatis maiores est', 'Autem non itaque labore ipsam qui saepe sed. Nihil voluptatem dolorum sint deserunt corporis explicabo beatae adipisci. In sint sit exercitationem cumque porro sapiente.', 'https://i0.wp.com/www.nintendo-town.fr/wp-content/uploads/2019/04/H2x1_NSwitch_MortalKombat11_image1600w.jpg?fit=1600%2C800&ssl=1', '2022-04-04 06:41:07', '2022-04-04 16:36:21', 280),
(4083, 608, 8432, 40152, 'et reprehenderit vel sunt in reprehenderit quibusdam libero facilis autem', 'Beatae quis consequatur tenetur voluptas autem et. Est et quia ut possimus vero. Et dolore aut et molestiae. Molestias eum voluptatem sit ut consequatur autem sed. Aspernatur facilis commodi error consequuntur totam et temporibus beatae.', 'https://data.1freewallpapers.com/download/dota-2-1280x720.jpg', '2022-06-11 09:17:42', '2022-06-12 02:13:52', 451),
(4084, 605, 8383, 40139, 'omnis eveniet minima sit molestiae', 'Quia labore et nemo repellendus quidem. Eligendi cumque autem quaerat. Id velit modi quo. Qui molestiae repudiandae occaecati harum dicta.', 'https://data.1freewallpapers.com/download/dota-2-1280x720.jpg', '2022-05-30 01:51:12', '2022-05-31 10:11:24', 131),
(4085, 609, 8382, 40279, 'quod laboriosam atque aut', 'Facere consequatur molestiae dolor molestias voluptas cum in. Debitis fugit ut qui sint voluptates vitae unde. Dolores officia mollitia fugiat ipsa qui.', 'https://fr.web.img2.acsta.net/newsv7/20/06/30/12/28/5740456.jpg', '2022-04-01 18:30:05', '2022-04-02 14:38:30', 338),
(4086, 608, NULL, 40374, 'atque nam temporibus laboriosam dolores possimus debitis', 'Quia ex quia dicta dignissimos labore. Quia alias ratione similique voluptatem sit in animi. Vel repellat eius necessitatibus ab sit molestiae.', 'https://www.miraigamers.com/wp-content/uploads/2021/07/Yu-Gi-Oh-Master-Duel-arrive-sur-tous-les-supports-pret-pour-le-Duel.jpg', '2022-05-28 11:54:15', '2022-05-29 02:47:23', 41),
(4087, 606, 8404, 40635, 'sunt nisi ut', 'Et qui atque quo numquam ratione accusantium. Illo et earum expedita voluptatibus.', 'https://www.presse-citron.net/app/uploads/2021/05/koch-media-e3-conference.jpeg', '2022-02-22 16:30:47', '2022-02-25 13:14:28', 397),
(4088, 609, 8432, 40362, 'veniam officiis nesciunt', 'Iusto sequi deserunt sed tempora modi aspernatur maiores exercitationem. Aut vero voluptatem itaque neque consectetur et culpa. Laudantium nesciunt rerum iure eos dignissimos. Adipisci nesciunt sed id voluptates.', 'https://www.manga-news.com/public/images/events/geek-unchained-4.jpg', '2022-01-31 05:29:06', '2022-02-02 21:17:14', 93),
(4089, 605, 8362, 40569, 'iusto ratione vel ad autem voluptas consequatur', 'Nemo magnam magnam et aut minima. Et ut velit qui suscipit magnam numquam ipsa. Temporibus sunt totam est asperiores quibusdam sunt. Sunt qui omnis quia quo. Nostrum aliquam voluptatum nam ea molestias et sequi.', 'https://www.miraigamers.com/wp-content/uploads/2021/07/Yu-Gi-Oh-Master-Duel-arrive-sur-tous-les-supports-pret-pour-le-Duel.jpg', '2022-05-14 08:54:57', '2022-05-16 13:11:41', 404),
(4090, 604, 8412, 40313, 'fugit eos non repellendus', 'Qui ut dignissimos quasi id quibusdam doloribus laudantium. Qui ut veritatis cupiditate repellat deserunt ipsam. Velit assumenda doloribus soluta eveniet quia nesciunt eius consectetur. Repudiandae commodi officia vel itaque. In voluptatem in saepe.', 'https://www.presse-citron.net/app/uploads/2021/05/koch-media-e3-conference.jpeg', '2022-04-17 19:00:42', '2022-04-18 02:28:19', 463),
(4091, 606, NULL, 40394, 'mollitia voluptas et fugit ea est harum id repellat', 'Beatae aperiam commodi molestiae distinctio nulla perspiciatis. Placeat labore qui cumque vel. Et voluptates ad eaque. Facere deleniti eveniet amet sapiente rem amet. Illo harum quisquam ut consequatur qui necessitatibus perferendis. Dolorem voluptatum non modi sed dolorem nihil dignissimos.', 'https://www.miraigamers.com/wp-content/uploads/2021/07/Yu-Gi-Oh-Master-Duel-arrive-sur-tous-les-supports-pret-pour-le-Duel.jpg', '2022-07-09 21:18:16', '2022-07-10 07:24:24', 442),
(4092, 607, 8425, 40273, 'quis enim recusandae provident sint', 'Molestias reprehenderit qui tempore voluptatibus voluptas. Et incidunt cum accusantium eos soluta molestiae. Delectus consequatur aspernatur ut beatae illo quas. Impedit odio itaque cumque reprehenderit.', 'https://images.ctfassets.net/s5n2t79q9icq/114xMnrR6RiLD15UxL8LYZ/ca73ec9fe59f654a150b543e05979181/Meta-Homepage.jpg', '2022-06-19 17:57:33', '2022-06-22 16:57:13', 436),
(4093, 604, 8420, 40312, 'repellendus similique nam magni omnis', 'Quaerat laborum dolorem ea sed iste. Quaerat id facilis voluptatibus impedit officia. Earum deserunt aliquid repellat dolorem. Architecto recusandae in voluptas iusto. Rerum et voluptas placeat voluptatum eaque. Odio molestias dolores et provident quia dignissimos.', 'https://fr.web.img2.acsta.net/newsv7/20/06/30/12/28/5740456.jpg', '2022-05-18 02:31:48', '2022-05-18 14:55:22', 256),
(4094, 608, 8390, 40467, 'et dolores temporibus sit omnis saepe cum', 'Dolores cumque provident eos necessitatibus voluptas. Sed velit reiciendis rerum molestiae. Illo qui ea adipisci dolor. Est tenetur est ipsum repellat repellat quae.', 'https://i0.wp.com/www.nintendo-town.fr/wp-content/uploads/2019/04/H2x1_NSwitch_MortalKombat11_image1600w.jpg?fit=1600%2C800&ssl=1', '2022-01-25 15:29:20', '2022-01-27 02:59:25', 278),
(4095, 606, 8387, 40606, 'consequatur qui nam', 'Temporibus earum atque necessitatibus mollitia a molestias autem enim. Cupiditate odio nihil rerum at id autem et qui. Qui consequatur sit sunt et excepturi deserunt ratione. Quia dolores est amet ea.', 'https://images.ctfassets.net/s5n2t79q9icq/114xMnrR6RiLD15UxL8LYZ/ca73ec9fe59f654a150b543e05979181/Meta-Homepage.jpg', '2022-07-08 04:30:12', '2022-07-10 14:14:58', 89),
(4096, 606, NULL, 40436, 'quia error porro voluptatem quia et iure accusamus minima', 'Exercitationem aut libero saepe qui quibusdam neque veritatis. Vitae numquam enim quasi eaque. Reiciendis sit amet rem id repellendus amet esse. Vitae qui illo unde. Praesentium magnam enim explicabo dolorem impedit sed.', 'https://www.manga-news.com/public/images/events/geek-unchained-4.jpg', '2022-06-16 17:16:08', '2022-06-17 23:49:33', 213),
(4097, 609, 8400, 40484, 'temporibus aliquid consequuntur maiores magnam dolorem', 'Hic voluptas natus corporis unde nam dignissimos. Esse deserunt nobis assumenda non alias et iure omnis. Explicabo perspiciatis aliquam et sunt omnis ut. Nobis est quis sunt officia.', 'https://www.manga-news.com/public/images/events/geek-unchained-4.jpg', '2022-06-26 20:26:05', '2022-06-28 11:27:07', 173),
(4098, 606, 8402, 40351, 'tempora laudantium magnam voluptatem recusandae temporibus sed non quidem', 'Et occaecati hic qui vero neque velit cupiditate qui. Nihil veniam quibusdam veritatis enim dolorum sint. Quia praesentium ex dolorum facere rerum. Expedita molestias repellendus et perferendis.', 'https://www.presse-citron.net/app/uploads/2021/06/netflix-geeked-week-summer-game-fest-2021.jpeg', '2022-04-20 19:23:42', '2022-04-21 11:42:50', 216),
(4099, 607, 8428, 40171, 'totam voluptatem a iste nulla sint optio aliquam aliquam iure', 'Rerum dolor voluptatibus dolore culpa non. Dolore consequatur explicabo accusamus sed vel. Consequatur omnis dolore nisi. Qui necessitatibus ut vero sunt rerum. Quia eum modi labore illo officia enim dicta. Ea non ut ut rerum suscipit rerum laborum ipsum.', 'https://www.presse-citron.net/app/uploads/2020/04/e3-online.jpg', '2022-06-03 23:46:21', '2022-06-05 18:57:26', 200),
(4100, 608, 8372, 40631, 'cum non voluptas officia quidem quia quidem est', 'Velit quam vel error est beatae in. Earum quo perspiciatis animi odio et ut. Repudiandae consequatur asperiores maiores autem ut. Consequuntur asperiores dolorum maxime veritatis. Et laboriosam eos sint deserunt est. Rerum nostrum id consequatur repellat. Aut sunt et animi sunt sunt.', 'https://www.realite-virtuelle.com/wp-content/uploads/2020/11/pokemon-go-milliard-revenus.jpg', '2022-02-26 09:19:03', '2022-02-27 05:11:44', 17),
(4101, 604, NULL, 40535, 'corrupti mollitia quo quia dolorem consequatur', 'Sunt dolorum quia nisi quo aliquam debitis odit quaerat. Doloremque ipsum alias sit nam recusandae ut. Vel magnam optio nisi velit. Repudiandae omnis excepturi iste itaque maxime natus. Voluptatem natus ea dicta itaque sunt sit nihil.', 'https://data.1freewallpapers.com/download/dota-2-1280x720.jpg', '2022-05-06 11:38:57', '2022-05-06 18:10:13', 186),
(4102, 609, 8416, 40583, 'illo quam adipisci sed ea porro pariatur', 'Ullam explicabo eius nihil dolore in atque natus iure. Alias illo est repellat consequuntur aut architecto cumque enim. Ipsam laborum autem inventore dolorum et et quibusdam sit.', 'https://fr.web.img2.acsta.net/newsv7/20/06/30/12/28/5740456.jpg', '2022-05-05 12:47:39', '2022-05-06 06:11:26', 204),
(4103, 604, 8410, 40282, 'harum sunt veritatis', 'Odio nesciunt amet voluptate officia ipsum officiis aliquid tenetur. Accusamus expedita dignissimos autem reiciendis omnis est numquam odio. Hic nisi nisi culpa inventore aut ut aut. Iure minus quae eos fugit animi odit dolores.', 'https://github.com/audrey-ebrotie/wonderGeek/blob/develop/public/img/events/encheres_geek.jpeg', '2022-02-26 21:36:00', '2022-02-28 17:23:59', 71),
(4104, 609, 8399, 40512, 'non magnam nulla voluptate ratione vel delectus odio ab', 'Quas omnis itaque et necessitatibus illo unde veniam. Incidunt sit et magnam ipsam est. Sed vero quisquam earum unde molestias quod quibusdam. Et quas sunt consequatur impedit et. Corrupti autem rerum excepturi excepturi aperiam unde vel eaque.', 'https://www.presse-citron.net/app/uploads/2021/05/koch-media-e3-conference.jpeg', '2022-05-29 10:53:01', '2022-06-01 04:57:30', 180),
(4105, 605, 8397, 40428, 'odit vel esse quis architecto et soluta et et', 'Eos ut accusantium occaecati possimus sapiente. Non ut libero sed repellat blanditiis. Molestiae corrupti voluptatum et voluptatem iure ratione. Corporis aliquid aut consequuntur.', 'https://images.ctfassets.net/s5n2t79q9icq/114xMnrR6RiLD15UxL8LYZ/ca73ec9fe59f654a150b543e05979181/Meta-Homepage.jpg', '2022-01-22 13:27:47', '2022-01-25 02:36:44', 221),
(4106, 606, NULL, 40281, 'est voluptates molestias', 'Laudantium repudiandae id laudantium aliquam totam. Nihil nobis autem vel velit consequatur id. Corrupti voluptatem in qui dolorem explicabo. Omnis totam eligendi perferendis in. Sunt possimus nemo officia sit. Ab ex soluta perspiciatis.', 'https://www.presse-citron.net/app/uploads/2020/04/e3-online.jpg', '2022-06-18 18:02:25', '2022-06-21 14:23:22', 279),
(4107, 607, 8359, 40187, 'eligendi quo ea autem itaque natus quia exercitationem velit', 'Laudantium vero sit et exercitationem voluptatem tenetur. Consequatur ab sit maxime modi. Fugiat architecto aliquid cum ea autem reiciendis sit. Non asperiores delectus eum enim ut et. Commodi magnam dolore voluptatibus animi impedit. Optio cupiditate quaerat consequatur ipsa magni et at.', 'https://www.presse-citron.net/app/uploads/2021/06/netflix-geeked-week-summer-game-fest-2021.jpeg', '2022-03-30 16:49:20', '2022-04-01 18:41:19', 62),
(4108, 606, 8353, 40561, 'harum perspiciatis quo tempore maxime assumenda', 'Sit officia illo quasi maxime tempora ea. Voluptatibus sint exercitationem et possimus accusamus nulla dignissimos maiores. Autem architecto in ipsum dignissimos qui quis sunt. Eos pariatur eum sint excepturi minus aut.', 'https://images.ctfassets.net/s5n2t79q9icq/114xMnrR6RiLD15UxL8LYZ/ca73ec9fe59f654a150b543e05979181/Meta-Homepage.jpg', '2022-04-02 21:11:36', '2022-04-04 01:22:06', 64),
(4109, 604, 8387, 40330, 'unde sed et cupiditate voluptates', 'Non eligendi odit aut id quaerat deleniti. Ratione maxime distinctio voluptate. Numquam omnis ea omnis voluptas soluta quae. Labore ullam nihil sunt dicta neque aut ab et.', 'https://www.realite-virtuelle.com/wp-content/uploads/2020/11/pokemon-go-milliard-revenus.jpg', '2022-01-15 10:17:57', '2022-01-17 23:38:58', 285),
(4110, 606, 8417, 40308, 'dolores facere incidunt', 'Aut nesciunt dolor quod optio in reiciendis eos. Magnam ea eveniet amet assumenda. Et est placeat autem aut placeat itaque nemo autem. Fuga laudantium quia vero. Labore veniam in ipsa ab qui velit. Aut sunt facilis voluptatem voluptas quas.', 'https://data.1freewallpapers.com/download/dota-2-1280x720.jpg', '2022-03-30 04:03:43', '2022-03-30 12:38:59', 396),
(4111, 606, NULL, 40359, 'vero fugiat necessitatibus aut iusto', 'Sed in beatae in nostrum cumque eum. Alias exercitationem repudiandae voluptas aut laboriosam odit blanditiis. Natus et veritatis odit eligendi praesentium eaque.', 'https://www.realite-virtuelle.com/wp-content/uploads/2020/11/pokemon-go-milliard-revenus.jpg', '2022-06-23 15:25:02', '2022-06-25 10:59:30', 418),
(4112, 604, 8373, 40198, 'qui enim veritatis non tempore fugiat', 'Voluptatem adipisci corrupti necessitatibus neque cum dolorem. Voluptas perspiciatis non beatae et. Facilis a modi rem. Voluptas quo qui voluptatem corrupti quisquam.', 'https://fr.web.img2.acsta.net/newsv7/20/06/30/12/28/5740456.jpg', '2022-05-17 23:43:31', '2022-05-20 23:22:59', 279),
(4113, 607, 8442, 40373, 'reiciendis ipsa ea recusandae eos voluptatem veritatis perspiciatis', 'Illum ut repellat et libero sed fugiat voluptas sit. Et quis cum dicta culpa voluptas aut aspernatur. Natus non sint et est perspiciatis ab. Quas mollitia expedita explicabo dolores. Et voluptas ratione at numquam fugiat quae. Tenetur eum ipsam quia cum qui sit.', 'https://www.realite-virtuelle.com/wp-content/uploads/2020/11/pokemon-go-milliard-revenus.jpg', '2022-05-09 16:56:18', '2022-05-12 03:59:52', 79),
(4114, 609, 8400, 40579, 'ipsa amet assumenda fugiat non saepe quisquam itaque quo', 'Placeat aut et sunt corporis et dolorum. Qui aut dolor at repellendus nulla numquam officia. Totam harum et earum voluptatem. Magnam voluptatem et amet.', 'https://images.ctfassets.net/s5n2t79q9icq/114xMnrR6RiLD15UxL8LYZ/ca73ec9fe59f654a150b543e05979181/Meta-Homepage.jpg', '2022-02-27 07:21:03', '2022-02-28 12:24:38', 11),
(4115, 608, 8410, 40446, 'praesentium molestiae quidem dicta voluptatibus deleniti aut', 'Omnis blanditiis possimus aspernatur. Vel in commodi expedita voluptatem qui. Sit saepe quisquam aut quam fugit reprehenderit. Eaque qui dolorem tempore libero ipsa. Nostrum voluptas et cum natus aut suscipit. Aut repudiandae ea amet fugiat doloremque qui.', 'https://images.ctfassets.net/s5n2t79q9icq/114xMnrR6RiLD15UxL8LYZ/ca73ec9fe59f654a150b543e05979181/Meta-Homepage.jpg', '2022-06-09 19:52:42', '2022-06-10 11:12:40', 127),
(4116, 607, NULL, 40605, 'ratione ullam perferendis eum enim eaque dolorum accusamus aperiam enim', 'Eveniet consequatur ab consectetur enim quae ut sequi. In dolore enim ut quia atque. Laborum sint et tenetur mollitia aut. Sed quas non nihil commodi eos aut officia. Incidunt velit similique porro. Quis doloremque et sequi aspernatur.', 'https://www.presse-citron.net/app/uploads/2020/04/e3-online.jpg', '2022-04-04 08:37:55', '2022-04-06 14:04:54', 103);

-- --------------------------------------------------------

--
-- Structure de la table `event_category`
--

CREATE TABLE `event_category` (
  `id` int(11) NOT NULL,
  `name` varchar(50) COLLATE utf8mb4_unicode_ci NOT NULL
) ENGINE=InnoDB DEFAULT CHARSET=utf8mb4 COLLATE=utf8mb4_unicode_ci;

--
-- Déchargement des données de la table `event_category`
--

INSERT INTO `event_category` (`id`, `name`) VALUES
(603, 'Convention'),
(604, 'Partie en ligne'),
(605, 'Partie en local (LAN Party)'),
(606, 'Tournoi'),
(607, 'Meeting'),
(608, 'Vente aux enchères / troc'),
(609, 'Conférence');

-- --------------------------------------------------------

--
-- Structure de la table `manga`
--

CREATE TABLE `manga` (
  `id` int(11) NOT NULL,
  `category_id` int(11) NOT NULL,
  `name` varchar(50) COLLATE utf8mb4_unicode_ci NOT NULL,
  `description` longtext COLLATE utf8mb4_unicode_ci NOT NULL,
  `picture` varchar(255) COLLATE utf8mb4_unicode_ci NOT NULL,
  `author` varchar(50) COLLATE utf8mb4_unicode_ci NOT NULL
) ENGINE=InnoDB DEFAULT CHARSET=utf8mb4 COLLATE=utf8mb4_unicode_ci;

--
-- Déchargement des données de la table `manga`
--

INSERT INTO `manga` (`id`, `category_id`, `name`, `description`, `picture`, `author`) VALUES
(3631, 269, 'aut et debitis', 'Aut reprehenderit at recusandae laudantium doloremque ab. Laboriosam explicabo dolorem id ut ratione. Accusantium tenetur ducimus quasi non. Ullam animi hic quo mollitia vel quas velit. Hic nulla est enim facilis. Autem ut expedita nihil repellendus. Corporis reiciendis molestiae atque consequatur.', 'https://images-na.ssl-images-amazon.com/images/I/91yiBtD0imL.jpg', 'Darwin Kulas'),
(3632, 270, 'eum saepe', 'Ipsum quas inventore eos ut. Accusantium laborum omnis sint corrupti quia. Illum et sed deleniti natus sint. Molestias nihil est doloremque dolorem. Quasi cupiditate aut ducimus minus ipsum ut. Est qui consequatur facilis illum eum. Omnis adipisci repudiandae fuga sunt quibusdam aliquid repellat.', 'https://images-na.ssl-images-amazon.com/images/I/81dfhgbb2qL.jpg', 'Leann Borer'),
(3633, 269, 'vero', 'Omnis eveniet rerum quia dolores fugit. Placeat ut voluptas quis voluptatem repellendus et vel. Labore odio dicta itaque est accusantium dolorem voluptate modi.', 'https://images-na.ssl-images-amazon.com/images/I/71LrevXJ4UL.jpg', 'Henderson Jaskolski'),
(3634, 271, 'soluta optio tenetur', 'Cupiditate in optio voluptatem enim reiciendis quia reprehenderit. A dicta reiciendis velit nam suscipit. Qui est qui quas consequatur esse. Blanditiis id tenetur dolorem dolore enim aut.', 'https://images-na.ssl-images-amazon.com/images/I/81VDeAyH1GL.jpg', 'Elfrieda Powlowski'),
(3635, 270, 'aliquid in officiis', 'Unde quaerat labore quibusdam. Recusandae tenetur ad et. Aliquid reprehenderit sed sit sit consectetur voluptatibus et. Commodi itaque deserunt esse libero.', 'https://images-na.ssl-images-amazon.com/images/I/91xNW4qPPfL.jpg', 'Amiya Nader'),
(3636, 270, 'nam in', 'Voluptatem dolores quam odio nihil eaque dignissimos culpa. Aperiam iste eveniet esse omnis aut. Voluptas vitae temporibus laborum id dolorem rem. Modi nesciunt qui eos modi. Quis est dolorum nemo ea quibusdam accusantium ad in. Odit odit natus doloribus dolore. Rerum ipsum vel at et est.', 'https://images-na.ssl-images-amazon.com/images/I/91OuigKWs+L.jpg', 'Elian White'),
(3637, 272, 'quas officiis', 'Qui soluta repellendus et perferendis aut consectetur ea. Ea voluptatem minima eum. Ea amet tempore accusantium eligendi beatae sit.', 'https://www.pika.fr/sites/default/files/images/livres/couv/9782811607135-T.jpg', 'Gwendolyn Lueilwitz'),
(3638, 269, 'aut ullam quam', 'Maxime magni vero voluptatem laborum sint. Necessitatibus ratione ut quis excepturi. Aut molestias at voluptatum alias. Repudiandae et vero a eveniet amet quasi. Autem laborum totam laborum et aliquam. Voluptatem nostrum voluptate magni. Ratione molestiae facere explicabo eaque sed corporis vero.', 'https://images-na.ssl-images-amazon.com/images/I/61BhDFVSCTL.jpg', 'Retha Thiel'),
(3639, 269, 'odio qui quisquam', 'Ea molestiae temporibus earum fuga quasi. Modi placeat in distinctio. Suscipit non laborum qui. Et neque eum aperiam harum.', 'https://images-na.ssl-images-amazon.com/images/I/91hcXocudXL.jpg', 'Adolph Macejkovic'),
(3640, 269, 'similique maiores', 'Est blanditiis architecto officia reprehenderit quis et animi tempore. Ad ab dicta omnis cupiditate quis. Soluta voluptates quibusdam itaque voluptatem doloremque sint.', 'https://images-na.ssl-images-amazon.com/images/I/918Ai9a893L.jpg', 'Mike Murray'),
(3641, 271, 'sunt quis ad sunt', 'Ipsum illo qui animi laboriosam quis laudantium. Voluptatem maiores a vel sed rem qui dicta. Deleniti doloremque aut voluptatem eaque nemo sequi vel officia.', 'https://images-na.ssl-images-amazon.com/images/I/913g8zhpCYL.jpg', 'Jerald Bednar'),
(3642, 271, 'maxime', 'Odit eos distinctio et eos dolores laboriosam. Voluptate voluptate ut doloribus quia harum facere. Repellendus omnis consectetur minima id sed est rerum. Optio aut ullam sint ut.', 'https://images-na.ssl-images-amazon.com/images/I/818SKXrgHaL.jpg', 'Willow Maggio'),
(3643, 271, 'impedit', 'Aliquid non est similique officiis cumque libero et. Porro quo corrupti aut voluptas. Dolorem qui soluta architecto ipsam modi. Aliquam quam adipisci et fugiat neque ipsa.', 'https://images-na.ssl-images-amazon.com/images/I/91a19RuprqL.jpg', 'Lula Homenick'),
(3644, 272, 'id', 'Nisi sit illo consequatur sint rerum. Quis quis dolorem quasi quos earum error excepturi. Sint dolor quaerat qui consequatur ut voluptates. Velit officiis officiis et unde doloremque molestiae non.', 'https://images-na.ssl-images-amazon.com/images/I/71FH4o9mO3S.jpg', 'Carey McGlynn'),
(3645, 270, 'est', 'Ex ad mollitia ab quae eveniet quod facere aspernatur. Enim ullam sed quod odio quod distinctio. Deserunt consequatur sed est quis aspernatur.', 'https://images-na.ssl-images-amazon.com/images/I/71iPhxzPaoL.jpg', 'Dawson Grady'),
(3646, 270, 'qui expedita praesentium', 'Ea voluptatem ex sint officia quia amet accusamus. Aut ratione ea voluptas. Et nam nostrum modi dicta. Consequatur cum et consequatur.', 'https://images-na.ssl-images-amazon.com/images/I/91yiBtD0imL.jpg', 'Waylon Raynor'),
(3647, 272, 'minima adipisci nihil', 'Ut sed vitae facere aut magnam. Cum recusandae vel alias tempora et qui aut. Assumenda alias ut aperiam. Voluptatem ut at nihil quasi. Eligendi officiis ab enim ad. Et magni repudiandae numquam tempora sequi. Rerum iure repellendus non rerum est.', 'https://images-na.ssl-images-amazon.com/images/I/91a19RuprqL.jpg', 'Ena Dach'),
(3648, 271, 'voluptatum accusamus', 'Deleniti odio non ducimus. Asperiores saepe et id reiciendis non. Et aspernatur asperiores quia sit. Est facere fugit fugiat recusandae ea harum et. Cupiditate debitis voluptatem blanditiis voluptas porro doloribus. Enim earum vel corrupti eaque totam aut cumque.', 'https://images-na.ssl-images-amazon.com/images/I/81Z5oMQHqaL.jpg', 'Jace Rutherford'),
(3649, 272, 'aut eveniet', 'Sed omnis aut recusandae non et officia. Ut nihil vel impedit minus deleniti. Fuga ut omnis dolorem expedita rerum voluptatum eligendi. Ea dolor quis sint aut explicabo dolor ipsum.', 'https://www.gbposters.com/media/catalog/product/cache/2/image/9df78eab33525d08d6e5fb8d27136e95/f/a/fairy-tail-quad-maxi-poster-1.133.jpg', 'Maximilian Schmidt'),
(3650, 271, 'vel', 'Iste nemo est blanditiis est. Doloremque et accusantium eos eveniet. Molestiae sint delectus tempore eum ad natus dolorem. Et aliquid porro incidunt magni quia quaerat.', 'https://images-na.ssl-images-amazon.com/images/I/71iPhxzPaoL.jpg', 'Darby Homenick'),
(3651, 272, 'fuga', 'Earum aut harum sit ducimus natus ut soluta. Et voluptates impedit eveniet culpa corrupti. Quo esse et rerum. Dolorem ut autem nihil autem. Doloremque quaerat repudiandae eveniet repellat deleniti ea enim vel. Ab adipisci ab et occaecati rerum quo.', 'https://m.media-amazon.com/images/I/81zUMXGbNGL._AC_SL1500_.jpg', 'Nona Haley'),
(3652, 271, 'eligendi', 'Dolorem totam aspernatur officia maiores dolorem sint quis. Optio nam quod ducimus culpa minus molestiae molestias quia. Et et commodi eveniet velit ea. Sunt quo perferendis optio. Ea sit qui ab ut dolorem odio. Unde distinctio rem eos.', 'https://images-na.ssl-images-amazon.com/images/I/91xNW4qPPfL.jpg', 'Dixie Kuphal'),
(3653, 270, 'sint commodi et natus', 'Enim laudantium et dolorem eveniet et consequatur amet saepe. Corporis mollitia soluta modi. Temporibus repudiandae modi perspiciatis excepturi ratione.', 'https://images-na.ssl-images-amazon.com/images/I/61BhDFVSCTL.jpg', 'Eli Cronin'),
(3654, 270, 'blanditiis architecto quos', 'Placeat sit molestias culpa nostrum voluptatem. Eveniet non libero reiciendis optio et voluptatem atque. Officiis asperiores placeat eaque quae sed. Et repudiandae at sed non error aliquam. Temporibus tempore et itaque ea. Neque facere inventore cumque.', 'https://images-na.ssl-images-amazon.com/images/I/71LrevXJ4UL.jpg', 'Arvid Stanton'),
(3655, 270, 'necessitatibus in', 'Est quo similique aut quas. Sunt fugiat voluptas possimus culpa labore consequuntur dicta. Quisquam animi et ut magnam eos minima. Non repellat non omnis aut.', 'https://images-na.ssl-images-amazon.com/images/I/81mWACgHKxL.jpg', 'Marion Jerde'),
(3656, 269, 'enim', 'Eveniet nihil voluptate eum quibusdam earum. Sed non voluptates suscipit non. Assumenda ex et eos sit. Temporibus minima dolore ratione nihil natus sed. Voluptas cupiditate ad deserunt voluptatem. Et cupiditate eius incidunt harum pariatur.', 'https://images-na.ssl-images-amazon.com/images/I/81dfhgbb2qL.jpg', 'Cierra Pouros'),
(3657, 271, 'eius temporibus excepturi iste', 'Rem voluptatem omnis repellat quis. Quasi et voluptatem velit eum deserunt nam ducimus. Libero quis inventore amet fugiat. Qui inventore debitis animi nulla. Repudiandae blanditiis iusto minus fugiat qui aliquam. Excepturi voluptatem rerum exercitationem doloremque voluptas et occaecati omnis.', 'https://images-na.ssl-images-amazon.com/images/I/91yiBtD0imL.jpg', 'Barton Schinner'),
(3658, 272, 'qui eaque', 'Culpa voluptatem non in. Pariatur magnam nesciunt voluptatem. Molestiae neque qui et dolorum. Rerum pariatur quae dolor deserunt quidem. Explicabo recusandae placeat beatae maxime aut minus ut fugiat.', 'https://images-na.ssl-images-amazon.com/images/I/81YMjfFuX6L.jpg', 'Jamarcus Carter'),
(3659, 272, 'cumque saepe', 'Ut dolores aspernatur pariatur eveniet sed veniam id fuga. Eaque ut voluptatem nisi eligendi error et. Quod optio explicabo non sit. Facere architecto et molestias fugiat.', 'https://images-na.ssl-images-amazon.com/images/I/91tYV+R03kL.jpg', 'Lynn Frami'),
(3660, 271, 'facilis', 'Non tenetur aut eum blanditiis corporis. Magni hic optio sit perspiciatis sunt reiciendis sunt. Dolor itaque asperiores dolores temporibus sunt et eligendi.', 'https://images-na.ssl-images-amazon.com/images/I/81Z5oMQHqaL.jpg', 'Shanon Bode'),
(3661, 270, 'aut optio voluptas ut', 'Et quia fugit dolore. Est quia non enim quisquam. Et animi repellat quia autem. Voluptate fugiat velit maxime nihil. Id et maiores consequuntur. Ut rerum cupiditate dicta sed dolorem repudiandae eveniet. Cumque et consequatur alias sit excepturi hic at.', 'https://m.media-amazon.com/images/I/81zUMXGbNGL._AC_SL1500_.jpg', 'Wilfrid Rempel'),
(3662, 269, 'at reiciendis', 'Quis voluptates maxime animi voluptatem laudantium dolores aperiam. Quos culpa impedit tempora. Sunt aspernatur reprehenderit dolores voluptatibus. Assumenda dolor quas unde et molestiae et. Natus dolorem doloribus alias aut dolor est labore.', 'https://www.pika.fr/sites/default/files/images/livres/couv/9782811607135-T.jpg', 'Nathaniel Breitenberg'),
(3663, 270, 'inventore harum', 'Aut in autem tempora quisquam ea magni. Dicta et odit reprehenderit necessitatibus ab fugiat suscipit. Praesentium sed consequatur non id ea est. Qui vitae est nam esse dolor voluptatem deleniti velit. Odit eligendi ut voluptas officiis quas itaque id.', 'https://images-na.ssl-images-amazon.com/images/I/81dfhgbb2qL.jpg', 'Stephany Gibson'),
(3664, 272, 'rerum est laboriosam', 'Rerum eveniet non error est voluptates quo dolor. Non doloribus laborum odit corrupti. Aperiam id est error velit. Rerum amet nobis suscipit qui quod.', 'https://www.gbposters.com/media/catalog/product/cache/2/image/9df78eab33525d08d6e5fb8d27136e95/f/a/fairy-tail-quad-maxi-poster-1.133.jpg', 'Filiberto Padberg'),
(3665, 269, 'cupiditate qui', 'Vel ad quasi incidunt animi labore natus. Qui magnam non voluptatem eos. Quis ullam explicabo inventore. Laudantium perferendis quia officiis voluptatem pariatur alias quia.', 'https://images-na.ssl-images-amazon.com/images/I/71V1kRB2fTL.jpg', 'Chelsea Jacobi'),
(3666, 269, 'similique ut quis est', 'Maxime voluptatibus ipsum quis nulla delectus. Modi et et in non. Eos et in quas earum quia sunt. Quas qui consequatur ad deleniti. Facere consequatur rerum doloremque aspernatur vel. Molestiae veritatis corporis aliquam.', 'https://m.media-amazon.com/images/I/81zUMXGbNGL._AC_SL1500_.jpg', 'Haylie Torphy'),
(3667, 271, 'quam perferendis nihil sed', 'Voluptas molestiae odit dolorem itaque et aut consectetur. Architecto molestias reiciendis debitis nihil velit. Exercitationem dolore est quaerat eum reprehenderit rerum.', 'https://images-na.ssl-images-amazon.com/images/I/71LrevXJ4UL.jpg', 'Perry Wyman'),
(3668, 270, 'voluptas reprehenderit', 'Consequatur recusandae expedita amet suscipit nobis voluptatem quae. Dolor harum sit voluptatem. Quo expedita impedit unde voluptas. Aut adipisci aut assumenda ut necessitatibus non eaque.', 'https://images-na.ssl-images-amazon.com/images/I/81H14PAKlPL.jpg', 'Agnes West'),
(3669, 271, 'officiis', 'Cupiditate non qui est nemo a libero. Quae consequatur excepturi vitae illo quod. Itaque et et iste ut vero. Et quo in porro harum est nihil. Aliquid ipsam odit vero id. Sit fuga cupiditate illum et. Ipsam error qui tempora illo voluptatibus. Ut rerum voluptatem ut deleniti. Aut ut officia vel.', 'https://images-na.ssl-images-amazon.com/images/I/71LrevXJ4UL.jpg', 'Emelie Macejkovic'),
(3670, 272, 'iusto hic', 'Quis et id possimus dolor sit quo sit nostrum. Vitae placeat nisi necessitatibus. Pariatur et inventore dignissimos totam. Repudiandae vel et asperiores culpa saepe.', 'https://images-na.ssl-images-amazon.com/images/I/71V1kRB2fTL.jpg', 'Regan Jast'),
(3671, 270, 'vel praesentium perferendis et', 'Rerum sed itaque error. Ipsa aut architecto distinctio adipisci sint veritatis aut. Repellat tenetur inventore iusto omnis soluta aut. Laborum quia possimus facilis distinctio pariatur.', 'https://images-na.ssl-images-amazon.com/images/I/918Ai9a893L.jpg', 'Vallie Farrell'),
(3672, 271, 'sunt enim deserunt', 'Soluta et eligendi quibusdam sunt et sunt. Qui incidunt natus et sunt eum. Qui dignissimos id harum vel doloremque et et. Ipsam et ipsam pariatur facere ipsum. Fugiat tempora et maxime veniam. Sit porro delectus quisquam.', 'https://images-na.ssl-images-amazon.com/images/I/81YMjfFuX6L.jpg', 'Rosamond Wilkinson'),
(3673, 271, 'voluptas architecto', 'Unde porro ex corporis eum. Laborum consequatur ab tenetur delectus quis nesciunt eveniet veritatis. Nihil quia qui iste dolorem id inventore. Et eius eos hic animi quis eius minima id.', 'https://images-na.ssl-images-amazon.com/images/I/81dfhgbb2qL.jpg', 'Shanelle Hintz'),
(3674, 270, 'quia temporibus eius', 'Esse ratione doloremque aut. Quo officiis sint modi aut enim mollitia facilis incidunt. Nam inventore debitis nisi cum.', 'https://images-na.ssl-images-amazon.com/images/I/81H14PAKlPL.jpg', 'Anibal Gleason'),
(3675, 270, 'omnis amet', 'Enim nemo et quia commodi ut reprehenderit. Quis iusto nesciunt qui facere vitae. Quis consequuntur qui tenetur aliquid. Dignissimos esse ab illum mollitia sit at consequatur. Optio qui soluta doloremque ad fugit provident. Aut nostrum quas quibusdam quae.', 'https://images-na.ssl-images-amazon.com/images/I/91OuigKWs+L.jpg', 'Sylvia Schmitt'),
(3676, 271, 'corrupti dicta', 'Assumenda qui ut dolorum impedit in enim doloremque. Earum dolor voluptas libero pariatur ratione dolorem. Autem nihil quos vel rerum exercitationem. Facilis error dolorum architecto delectus. Quia nobis nihil eius minima consequuntur quidem.', 'https://images-na.ssl-images-amazon.com/images/I/71V1kRB2fTL.jpg', 'Kaci Grimes'),
(3677, 272, 'aut iste cupiditate adipisci', 'Labore aut et amet doloribus. Eum nostrum distinctio cupiditate minima quo quia possimus. Officiis exercitationem voluptas repellat.', 'https://images-na.ssl-images-amazon.com/images/I/81dfhgbb2qL.jpg', 'Arlie Hegmann'),
(3678, 269, 'architecto nihil qui quos', 'Soluta quae aut ut repellendus ipsam sed sunt. Et culpa est eos est quos. Non eum eum fugit mollitia. Assumenda aspernatur ea laboriosam quia minus in. Veniam eaque minus omnis dolores atque. Quia quasi non eos qui repellendus. Repellat unde ullam cupiditate.', 'https://images-na.ssl-images-amazon.com/images/I/81dfhgbb2qL.jpg', 'Rory Heaney'),
(3679, 271, 'culpa quia', 'Quas distinctio quia reprehenderit. Deserunt illo sit officiis suscipit. Sunt adipisci aliquid nostrum quo culpa et. Id sit qui ea qui doloribus eveniet quas. Omnis quam consectetur sed amet. Autem quae molestiae dolor in. Soluta eum reiciendis aut.', 'https://images-na.ssl-images-amazon.com/images/I/818SKXrgHaL.jpg', 'Zachery Kirlin'),
(3680, 269, 'ratione molestiae modi', 'Et et et ea velit. Autem qui voluptatem laboriosam. Est cumque quibusdam ea et sed sed. Error sed nihil totam culpa dignissimos aliquid cum.', 'https://images-na.ssl-images-amazon.com/images/I/81mWACgHKxL.jpg', 'Ronny Kuvalis'),
(3681, 270, 'velit et harum et', 'Corporis et autem doloribus molestiae quis et odio quibusdam. Et et molestiae vel maxime. Sunt dolorem eos voluptatibus esse rerum magni atque. Unde dolor et numquam.', 'https://images-na.ssl-images-amazon.com/images/I/71iPhxzPaoL.jpg', 'Cesar Mante'),
(3682, 272, 'blanditiis ut', 'Ipsa consequuntur voluptate ipsa adipisci ea voluptatem. Aut qui maiores quos consequatur. Animi illum alias facilis tempore voluptatum. Qui vel tempora ut ut quis.', 'https://images-na.ssl-images-amazon.com/images/I/81YMjfFuX6L.jpg', 'Dedrick Berge'),
(3683, 272, 'ut quisquam', 'Necessitatibus veritatis occaecati sint nisi saepe et expedita consequuntur. Autem sint nemo facilis quia aut magnam consequatur. Soluta eveniet qui dolorum optio velit labore aspernatur. Inventore ut qui illo corrupti veritatis et.', 'https://images-na.ssl-images-amazon.com/images/I/61BhDFVSCTL.jpg', 'Alfred Swift'),
(3684, 269, 'atque accusantium ut odio', 'Natus laudantium quidem dolor praesentium et consequuntur dolores. Eaque sunt nostrum est qui non. Impedit odit nisi in est magnam quia unde. Nobis eaque molestiae deserunt doloremque laboriosam.', 'https://m.media-amazon.com/images/I/81zUMXGbNGL._AC_SL1500_.jpg', 'Kattie Bahringer'),
(3685, 270, 'quo rerum quam est', 'Fugiat magni repudiandae magnam minus distinctio sed ab et. Nobis quia dolores praesentium magnam. Voluptatum esse est aperiam culpa id omnis. Quia est alias quibusdam quibusdam sed. Consectetur dolorem vitae esse rerum vel iste provident. Temporibus asperiores esse sunt deserunt.', 'https://images-na.ssl-images-amazon.com/images/I/71V1kRB2fTL.jpg', 'Mark Howell'),
(3686, 272, 'et', 'Nisi suscipit velit est quis. Ut omnis id odio voluptatem omnis. Non ullam et non qui consequuntur. Blanditiis magni odio qui eum odit saepe et et.', 'https://www.gbposters.com/media/catalog/product/cache/2/image/9df78eab33525d08d6e5fb8d27136e95/f/a/fairy-tail-quad-maxi-poster-1.133.jpg', 'Keagan Wiza'),
(3687, 271, 'esse laudantium et qui', 'Quasi molestiae porro rerum quo facere molestiae non soluta. Expedita neque dolores expedita tempore et repellendus eos. Ut quia voluptatem unde eos libero ea. Corporis dolorem rerum odit quia mollitia.', 'https://images-na.ssl-images-amazon.com/images/I/81dfhgbb2qL.jpg', 'Agnes Cassin'),
(3688, 272, 'quod voluptates deserunt', 'Maxime totam voluptate minus exercitationem. Labore neque deleniti et eaque eum. Molestias voluptate consequatur et quis sed qui laudantium. Voluptatibus vitae et error voluptates architecto.', 'https://images-na.ssl-images-amazon.com/images/I/71LrevXJ4UL.jpg', 'Joanne Harber'),
(3689, 269, 'ut et', 'A pariatur sunt dolorem voluptatibus vel a et. Ipsam facilis ab doloribus omnis facilis est. Laboriosam tenetur rerum et est voluptatum quasi voluptatem. Enim sit reiciendis ut est. Voluptatem rerum optio qui alias provident occaecati.', 'https://www.gbposters.com/media/catalog/product/cache/2/image/9df78eab33525d08d6e5fb8d27136e95/f/a/fairy-tail-quad-maxi-poster-1.133.jpg', 'Braden Mitchell'),
(3690, 272, 'totam magnam itaque earum', 'Ipsum facere temporibus qui consequatur. Rerum molestias aut beatae. Ea ut vel quasi in perferendis sint. Accusamus iure eum et quis voluptate et qui eum. Velit consectetur iure aut possimus eos vitae hic.', 'https://www.gbposters.com/media/catalog/product/cache/2/image/9df78eab33525d08d6e5fb8d27136e95/f/a/fairy-tail-quad-maxi-poster-1.133.jpg', 'Ethel Feest'),
(3691, 270, 'occaecati maiores voluptatem explicabo', 'Optio aut illo praesentium similique. Quos officiis velit pariatur recusandae nobis quasi qui facilis. Dolorem sed ut quia aut. Eos id explicabo quo facilis. Velit molestias consequuntur saepe amet et quo. Amet et in quo reprehenderit rem et neque. Iure eius vel autem.', 'https://images-na.ssl-images-amazon.com/images/I/91tYV+R03kL.jpg', 'Greta Hickle'),
(3692, 269, 'est', 'Nam veritatis est rerum eum ut odio autem. Dolorem nisi architecto modi laboriosam dolores. Totam perferendis consequatur molestiae. Non magnam error incidunt est.', 'https://images-na.ssl-images-amazon.com/images/I/71LrevXJ4UL.jpg', 'Arvilla Lockman'),
(3693, 269, 'voluptatem', 'Optio maiores accusamus ut atque fugit similique. Porro qui fugiat sed voluptate. Eos eaque eum voluptatibus veniam quia minima cupiditate. Est quae vero praesentium et autem consequatur.', 'https://m.media-amazon.com/images/I/81zUMXGbNGL._AC_SL1500_.jpg', 'Arianna Botsford'),
(3694, 272, 'nemo voluptatem maiores iusto', 'Earum aliquid dolores consequatur veniam saepe totam. Unde neque voluptate minus est iure. Sint in esse eveniet alias et. Omnis ratione quos dolorem velit iusto doloribus. Dolor maiores adipisci ut animi labore sunt odit. Illo et quasi nam praesentium. Qui molestiae voluptas tempora quod.', 'https://images-na.ssl-images-amazon.com/images/I/71V1kRB2fTL.jpg', 'Maria Parisian'),
(3695, 271, 'reprehenderit quos tempore', 'Doloremque ut quia sapiente nobis non. Earum doloremque earum minima voluptatibus. Suscipit vitae cupiditate eius non voluptatem culpa est velit. Totam omnis maxime rem eligendi. Voluptas est est iure perspiciatis qui.', 'https://www.gbposters.com/media/catalog/product/cache/2/image/9df78eab33525d08d6e5fb8d27136e95/f/a/fairy-tail-quad-maxi-poster-1.133.jpg', 'Ethyl Rohan'),
(3696, 269, 'vero quia quia', 'Quam dolor quam asperiores labore qui laudantium. Et et blanditiis saepe ab ullam. Ut fugit culpa cumque officiis ut praesentium est omnis. Tenetur rerum quo aut ut autem. Labore debitis veniam distinctio quis iste laudantium expedita.', 'https://images-na.ssl-images-amazon.com/images/I/913g8zhpCYL.jpg', 'Yazmin Ebert'),
(3697, 270, 'autem distinctio voluptas', 'Neque eveniet iste culpa voluptas qui facilis eos. Tempore nobis iusto eveniet iusto. Quibusdam minima esse omnis ut quis. Error perferendis voluptatem totam vel. Ut sit qui sint quaerat sed. Hic et nemo et maxime. Assumenda consequatur autem voluptatem repellendus.', 'https://www.pika.fr/sites/default/files/images/livres/couv/9782811607135-T.jpg', 'Myron Brekke'),
(3698, 270, 'et', 'Et laudantium doloremque quis harum. Ipsa quia ut omnis adipisci eum. Illo nulla ex impedit porro molestias. Quisquam iste velit enim incidunt. At soluta numquam autem eos harum. Sint sit ut eveniet et.', 'https://www.gbposters.com/media/catalog/product/cache/2/image/9df78eab33525d08d6e5fb8d27136e95/f/a/fairy-tail-quad-maxi-poster-1.133.jpg', 'Lorenza Funk'),
(3699, 272, 'nihil et', 'Et quae iusto eveniet harum nobis praesentium ullam aut. Debitis iste nisi et labore velit sed aut at. Quia velit ut in nesciunt et modi enim. Et sit sunt tempore error ab.', 'https://fr.web.img5.acsta.net/pictures/21/02/16/12/45/5319199.jpg', 'Jovan Parker'),
(3700, 271, 'minima quia dolores', 'Veritatis eaque dignissimos omnis beatae id non. Vel sapiente optio fugit voluptas possimus. Iure ratione rerum consequatur maxime inventore similique eum.', 'https://images-na.ssl-images-amazon.com/images/I/71FH4o9mO3S.jpg', 'Malvina Goldner'),
(3701, 272, 'voluptatem optio nam', 'Numquam quos recusandae doloribus enim. Quos asperiores voluptatem blanditiis exercitationem inventore officiis voluptas quia. Laborum sapiente laborum quo dignissimos non perferendis nisi. Sed natus repellendus numquam.', 'https://images-na.ssl-images-amazon.com/images/I/81mWACgHKxL.jpg', 'Jeanie Jakubowski'),
(3702, 269, 'maiores enim hic excepturi', 'Cumque quo beatae exercitationem et labore. Ullam adipisci dolorem explicabo rem eos inventore reprehenderit. Libero autem quae eius ad corrupti ut. Porro alias consequatur impedit corporis velit non.', 'https://images-na.ssl-images-amazon.com/images/I/91OuigKWs+L.jpg', 'Jorge Stanton'),
(3703, 270, 'libero nemo sit', 'Eos expedita dolorem consequatur occaecati sint quod. Molestias dolores ea autem et. Quam ut perspiciatis ratione eum porro et autem. Voluptas debitis ea vel temporibus.', 'https://images-na.ssl-images-amazon.com/images/I/818SKXrgHaL.jpg', 'Naomi Murphy'),
(3704, 270, 'optio excepturi', 'Deserunt nihil fugit perferendis porro unde dolores. Deleniti adipisci eaque repellendus. Commodi esse dolores cum facere provident. Omnis iste commodi odio consequatur autem.', 'https://images-na.ssl-images-amazon.com/images/I/81VDeAyH1GL.jpg', 'Jessyca Lueilwitz'),
(3705, 272, 'suscipit ullam', 'Nostrum molestiae qui quas provident quo. Doloremque dolor saepe doloribus atque. Harum nisi ipsam impedit. Ab qui velit minus exercitationem libero. A id alias culpa quod tempore.', 'https://images-na.ssl-images-amazon.com/images/I/81YMjfFuX6L.jpg', 'Pablo Gusikowski'),
(3706, 270, 'quod', 'Illum veritatis neque voluptate veritatis. Non molestiae veniam nostrum sunt nesciunt qui fuga incidunt. Eligendi rerum quisquam perferendis.', 'https://images-na.ssl-images-amazon.com/images/I/81VDeAyH1GL.jpg', 'Miller Breitenberg'),
(3707, 269, 'et dicta possimus beatae', 'Quos cupiditate quidem asperiores porro deserunt. Assumenda cupiditate esse laudantium ut aliquid sit consectetur unde. Inventore et voluptatem voluptas. Alias dicta iusto est maxime facilis eum dolores.', 'https://images-na.ssl-images-amazon.com/images/I/91xNW4qPPfL.jpg', 'Rowland Schmitt'),
(3708, 269, 'nobis ex vel qui', 'Iure voluptate aperiam omnis iusto. Nihil eveniet natus enim sit tempora. Cum reiciendis quo eum dolor.', 'https://images-na.ssl-images-amazon.com/images/I/71LrevXJ4UL.jpg', 'Estefania Russel'),
(3709, 269, 'et eaque nihil', 'Ipsa praesentium est et officia dolor. Nam saepe aspernatur culpa tempore. Nihil cum quasi recusandae amet aspernatur et enim deleniti. Repellat tempore sint voluptatem neque accusamus inventore.', 'https://images-na.ssl-images-amazon.com/images/I/71iPhxzPaoL.jpg', 'Granville Schmeler'),
(3710, 270, 'assumenda', 'Necessitatibus optio et mollitia enim rem repellendus vitae eius. Culpa eum et id sit aut ratione. Est porro vero nihil et earum odio. Quod dolor est consectetur autem qui eius commodi. Earum debitis eum dicta vero.', 'https://images-na.ssl-images-amazon.com/images/I/91hcXocudXL.jpg', 'Karen Murazik'),
(3711, 272, 'minima', 'Quia quam occaecati itaque voluptatem. Impedit eveniet nobis ratione nam quia ut. Animi quo consequatur enim vel nisi quam dolor. Vel voluptatem architecto dolores natus et aspernatur ut.', 'https://images-na.ssl-images-amazon.com/images/I/913g8zhpCYL.jpg', 'Vivianne Gutmann'),
(3712, 272, 'dolor', 'Vitae est repellat illo qui. Numquam et dolorem sit minus dolores odit voluptatem. A a repudiandae facilis aliquam at optio porro. Dolorem et eum beatae aut. Qui modi saepe cum recusandae repellat molestiae.', 'https://images-na.ssl-images-amazon.com/images/I/81dfhgbb2qL.jpg', 'Elva Satterfield'),
(3713, 269, 'sit', 'Et consequatur et veniam atque omnis eveniet tenetur. Dicta possimus distinctio veritatis quia nihil. Quia sit ut perspiciatis totam. Ullam cumque voluptatum molestiae enim expedita quam.', 'https://images-na.ssl-images-amazon.com/images/I/81Z5oMQHqaL.jpg', 'Jacynthe Block'),
(3714, 271, 'tempora ab dolor itaque', 'Perferendis illum est praesentium ipsum. Ipsam voluptatem blanditiis provident est quia quidem. Omnis sed eaque sunt voluptates cupiditate autem facilis eos. Veniam magnam iure praesentium qui atque natus numquam.', 'https://images-na.ssl-images-amazon.com/images/I/81YMjfFuX6L.jpg', 'Omer Kiehn'),
(3715, 271, 'nesciunt est', 'Temporibus aperiam maiores dolorum incidunt. Nihil in doloremque eligendi et. In velit voluptate tempora mollitia id officia. Animi voluptatibus eligendi distinctio fuga. Quia nobis repellendus dolorum quasi dicta et rerum.', 'https://images-na.ssl-images-amazon.com/images/I/91OuigKWs+L.jpg', 'Elsa Toy'),
(3716, 272, 'doloremque perferendis excepturi eum', 'Dolor mollitia debitis soluta eligendi. Sed a non temporibus veniam impedit. Vero autem sunt id illo quidem possimus ut.', 'https://www.pika.fr/sites/default/files/images/livres/couv/9782811607135-T.jpg', 'Jermaine Kertzmann'),
(3717, 272, 'blanditiis sit est libero', 'Veritatis doloribus est quam. Id accusantium voluptates sapiente earum vel qui. Quod perferendis facilis aut. Dolores aut corporis aut. Placeat qui non ad. Pariatur illum reiciendis ipsam dolor. Voluptatem sed recusandae eum molestias fugiat unde voluptatem accusamus.', 'https://images-na.ssl-images-amazon.com/images/I/81YMjfFuX6L.jpg', 'Grace Greenfelder'),
(3718, 269, 'et', 'Autem iste dolores quod ut. Blanditiis magnam impedit debitis qui porro sit. Dolorem eum blanditiis eius et. Atque fugit eum magnam perspiciatis neque aut. Aliquid sint inventore quis et nobis id. Dolorem atque veritatis aut.', 'https://images-na.ssl-images-amazon.com/images/I/91hcXocudXL.jpg', 'Myrtie Hackett'),
(3719, 269, 'veniam voluptatem culpa et', 'Sed vero quas aut rerum et corrupti nulla. Dicta voluptatem consequuntur recusandae quia. Et rerum sed vel perspiciatis. Reprehenderit libero impedit similique alias. Ut vero consequatur aut magni nostrum ea. Aliquid omnis quaerat iste totam deserunt totam. Ab ipsa est culpa nobis omnis et.', 'https://images-na.ssl-images-amazon.com/images/I/81YMjfFuX6L.jpg', 'Alanna Barton'),
(3720, 269, 'dicta sint est', 'Veniam quisquam deserunt dolore. Voluptates laudantium aut et ut ratione. Perferendis autem nulla non aut. Rerum et placeat quae voluptates. Perspiciatis ab aliquam illum cumque quam. Dolores aspernatur modi ea velit.', 'https://images-na.ssl-images-amazon.com/images/I/913g8zhpCYL.jpg', 'Twila Carter'),
(3721, 271, 'aperiam possimus', 'Aut tempore consequatur suscipit inventore magni temporibus blanditiis. Eligendi ipsum ea asperiores fugiat. Voluptas fuga quos atque facilis nihil praesentium. Vero sint perspiciatis in sed dignissimos at minus.', 'https://images-na.ssl-images-amazon.com/images/I/71LrevXJ4UL.jpg', 'Sheldon Nienow'),
(3722, 271, 'ratione', 'Aut in tempora nihil adipisci est consequatur. Suscipit voluptates necessitatibus maxime optio voluptates molestiae. Omnis totam quos placeat unde voluptates. Magnam adipisci magni non fuga qui minima. Nobis possimus voluptatem minima molestiae. Quis eaque quam laboriosam expedita.', 'https://images-na.ssl-images-amazon.com/images/I/91a19RuprqL.jpg', 'Cora Streich'),
(3723, 271, 'enim in unde harum', 'Dicta et laborum eos et. Et quos quasi voluptatibus fugit suscipit modi ut. Eos atque nulla perferendis reprehenderit sed ducimus. Omnis rerum consequatur asperiores eveniet quia. Quia ratione dolor et corporis quos consectetur aut. Natus aliquid officia aperiam ut magni.', 'https://images-na.ssl-images-amazon.com/images/I/91tYV+R03kL.jpg', 'Ola McCullough'),
(3724, 270, 'ut', 'Temporibus saepe impedit id velit dolorem est impedit. Dolore nostrum totam illo voluptas qui. Dolor ea nulla vel eaque ut voluptatem et provident. Minus est id qui id est in omnis. Sint quisquam voluptatum sit rerum provident ipsum. Voluptatem earum veritatis molestias ratione deleniti.', 'https://images-na.ssl-images-amazon.com/images/I/913g8zhpCYL.jpg', 'Kyra Leuschke'),
(3725, 270, 'eveniet et est', 'Fugiat fugit facilis iusto natus amet quidem itaque. Possimus quis ut possimus molestias praesentium amet consequatur. Ratione est non distinctio beatae.', 'https://images-na.ssl-images-amazon.com/images/I/71V1kRB2fTL.jpg', 'Frances Rowe'),
(3726, 272, 'soluta sequi voluptates', 'Qui et tempora ullam mollitia vero. Tempora commodi sunt veniam ut tempora qui. Sit architecto ipsum qui vero ut occaecati. Architecto iusto et ab eos esse illo dolores. Quis eveniet ut corrupti. Accusantium dolor voluptatem rerum ut quod accusantium ut.', 'https://images-na.ssl-images-amazon.com/images/I/81VDeAyH1GL.jpg', 'Callie Huels'),
(3727, 272, 'laborum ratione labore aut', 'Perferendis ut nobis consectetur beatae et. Nihil nobis fugit libero tenetur nihil vel architecto. Deserunt consequatur qui quis eveniet aut corporis autem. Facere doloribus quia ut sint sunt eaque assumenda est.', 'https://images-na.ssl-images-amazon.com/images/I/71iPhxzPaoL.jpg', 'Virgie Tromp'),
(3728, 270, 'aut', 'Accusamus expedita ullam architecto reprehenderit sint. Eligendi doloribus soluta tempore qui. Cupiditate et voluptatem debitis. Possimus fuga explicabo hic doloribus voluptatum doloremque deleniti. Dolore qui eum natus quaerat cumque perferendis. Et excepturi eligendi earum dolore quia.', 'https://images-na.ssl-images-amazon.com/images/I/71iPhxzPaoL.jpg', 'Amara Ankunding'),
(3729, 270, 'nisi rerum', 'Minima sunt fuga inventore non eveniet consequatur. Esse qui impedit quidem consectetur. Reprehenderit at animi et consequatur vel consequuntur quia culpa.', 'https://images-na.ssl-images-amazon.com/images/I/81H14PAKlPL.jpg', 'Alford Towne'),
(3730, 270, 'culpa', 'Laudantium reiciendis hic sunt. Aut nihil iure qui voluptatem. Est corporis necessitatibus cum ex consequatur eligendi. Asperiores vel cumque porro aliquam autem.', 'https://images-na.ssl-images-amazon.com/images/I/81dfhgbb2qL.jpg', 'Axel Bradtke');

-- --------------------------------------------------------

--
-- Structure de la table `manga_category`
--

CREATE TABLE `manga_category` (
  `id` int(11) NOT NULL,
  `name` varchar(50) COLLATE utf8mb4_unicode_ci NOT NULL
) ENGINE=InnoDB DEFAULT CHARSET=utf8mb4 COLLATE=utf8mb4_unicode_ci;

--
-- Déchargement des données de la table `manga_category`
--

INSERT INTO `manga_category` (`id`, `name`) VALUES
(268, 'Kodomo'),
(269, 'Shonen'),
(270, 'Shojo'),
(271, 'Seinen'),
(272, 'Josei');

-- --------------------------------------------------------

--
-- Structure de la table `place`
--

CREATE TABLE `place` (
  `id` int(11) NOT NULL,
  `name` varchar(50) COLLATE utf8mb4_unicode_ci NOT NULL,
  `street` varchar(120) COLLATE utf8mb4_unicode_ci NOT NULL,
  `zipcode` varchar(12) COLLATE utf8mb4_unicode_ci NOT NULL,
  `city` varchar(60) COLLATE utf8mb4_unicode_ci NOT NULL,
  `country` varchar(50) COLLATE utf8mb4_unicode_ci NOT NULL
) ENGINE=InnoDB DEFAULT CHARSET=utf8mb4 COLLATE=utf8mb4_unicode_ci;

--
-- Déchargement des données de la table `place`
--

INSERT INTO `place` (`id`, `name`, `street`, `zipcode`, `city`, `country`) VALUES
(8351, 'Valette Michaud SAS', 'rue Gimenez', '58087', 'Rolland-sur-Mer', 'France'),
(8352, 'Guillou S.A.', '48, place Louis Colin', '35877', 'Piresboeuf', 'France'),
(8353, 'Bouvier', '7, impasse Honoré Gillet', '83503', 'Nguyen-sur-Mer', 'France'),
(8354, 'Maillot Fontaine S.A.R.L.', '9, impasse Valentine Benard', '65 488', 'Merle-les-Bains', 'France'),
(8355, 'Maillet', '49, place de Hardy', '68 405', 'Berthelot-sur-Mer', 'France'),
(8356, 'Laroche', '51, boulevard Audrey Dubois', '41 953', 'Humbert', 'France'),
(8357, 'Charpentier S.A.', '1, rue Maurice', '02941', 'Letellier-les-Bains', 'France'),
(8358, 'Germain', '82, place Godard', '33803', 'RogerBourg', 'France'),
(8359, 'Gilles Leger SAS', '40, chemin de Fischer', '28 257', 'Lamy', 'France'),
(8360, 'Lamy Blot SAS', 'rue Monique Chartier', '68768', 'Launay', 'France'),
(8361, 'Leroy Ribeiro S.A.S.', '27, avenue Nathalie Delannoy', '79 744', 'Turpin', 'France'),
(8362, 'Perrin Pruvost SARL', '1, rue de Olivier', '59786', 'Brun', 'France'),
(8363, 'Paris SA', '81, boulevard Christine Morin', '06413', 'Delaunay-sur-Chretien', 'France'),
(8364, 'Klein S.A.S.', '667, chemin de Klein', '64 477', 'JeanVille', 'France'),
(8365, 'Barthelemy Alexandre et Fils', '55, impasse Gabriel Lebon', '67545', 'Teixeira', 'France'),
(8366, 'Blot Allard SAS', 'rue de Gonzalez', '76177', 'Toussaint', 'France'),
(8367, 'Perez', '2, rue de Moreau', '08 355', 'Lainedan', 'France'),
(8368, 'Raymond Joubert S.A.S.', '51, rue Caron', '51410', 'Tanguy-sur-Barbe', 'France'),
(8369, 'Rey', 'rue Hamel', '54420', 'Dumont', 'France'),
(8370, 'Besnard', '97, place Delannoy', '19 495', 'Bertranddan', 'France'),
(8371, 'Chartier et Fils', 'place de Laine', '05641', 'Martineau', 'France'),
(8372, 'Aubry', '7, chemin de Moreno', '97509', 'Devaux', 'France'),
(8373, 'Garcia', '1, chemin de Mercier', '23 261', 'Humbert-les-Bains', 'France'),
(8374, 'Arnaud S.A.S.', '737, avenue Victoire Blanc', '69939', 'Devaux-sur-Tanguy', 'France'),
(8375, 'Dupre Evrard SARL', '172, boulevard Laroche', '44 522', 'Colin', 'France'),
(8376, 'Hamon Lamy et Fils', '25, avenue Ruiz', '14981', 'Boulayboeuf', 'France'),
(8377, 'Joubert Martel SARL', '35, place de Delannoy', '52 453', 'Faurenec', 'France'),
(8378, 'Devaux SA', '22, boulevard Pauline Mahe', '67256', 'Jourdanboeuf', 'France'),
(8379, 'Le Gall Morin S.A.', '1, rue De Sousa', '49320', 'Rollandboeuf', 'France'),
(8380, 'Remy S.A.R.L.', '744, chemin de Bonnet', '24 184', 'Mendes-sur-Evrard', 'France'),
(8381, 'Robin Guichard SAS', '4, impasse de Leroy', '89100', 'Martins-sur-Briand', 'France'),
(8382, 'Valentin', '494, rue Émile Fernandes', '73939', 'Leroux-sur-Diaz', 'France'),
(8383, 'Antoine', '91, rue Amélie Noel', '39613', 'Colas-sur-Mer', 'France'),
(8384, 'Blanc', '19, chemin Bourgeois', '71 606', 'Fischer-sur-Cordier', 'France'),
(8385, 'Garnier', 'rue Joséphine Germain', '27 650', 'Maillet', 'France'),
(8386, 'Leroy', '17, place Barre', '61305', 'Denis', 'France'),
(8387, 'Monnier', '89, avenue de Chauveau', '55 788', 'Petit', 'France'),
(8388, 'Gosselin', '157, impasse de Roy', '31 590', 'Goncalves', 'France'),
(8389, 'Clerc', '63, rue de Bodin', '02 650', 'Bigot', 'France'),
(8390, 'Delannoy SARL', '269, avenue de Arnaud', '31867', 'Klein', 'France'),
(8391, 'Roux', '4, place Charlotte Paul', '08 631', 'David', 'France'),
(8392, 'Fischer S.A.', '5, boulevard de Rossi', '11 838', 'Riviere', 'France'),
(8393, 'Marques Courtois SA', 'impasse Marin', '10632', 'Grenier-sur-Guilbert', 'France'),
(8394, 'Nguyen', 'chemin Rousseau', '59 944', 'Tessiernec', 'France'),
(8395, 'Lemonnier Roger SARL', '95, avenue de Dufour', '76 509', 'Lemaire-les-Bains', 'France'),
(8396, 'Vasseur SARL', 'chemin Neveu', '93 824', 'FernandesVille', 'France'),
(8397, 'Vincent S.A.', '3, rue Christine Jourdan', '12 590', 'RousseauBourg', 'France'),
(8398, 'Perrin', '4, boulevard Thibault Marques', '32029', 'Hoareau', 'France'),
(8399, 'Carpentier S.A.R.L.', '125, rue Hoarau', '96 119', 'Hubert-les-Bains', 'France'),
(8400, 'Chauvin', '44, rue Baudry', '03 092', 'Maurice-la-Forêt', 'France'),
(8401, 'Chartier', '34, chemin de Pires', '52171', 'Fernandeznec', 'France'),
(8402, 'Perret', '85, place de Lenoir', '58608', 'Robin', 'France'),
(8403, 'Labbe', 'place de Riou', '69813', 'Courtois', 'France'),
(8404, 'Voisin S.A.S.', '68, chemin de Roche', '38 542', 'BarbeBourg', 'France'),
(8405, 'Lejeune S.A.S.', '7, rue de Vallet', '03321', 'ChretienBourg', 'France'),
(8406, 'Descamps Gosselin SARL', '8, rue Letellier', '27 562', 'Reynaud', 'France'),
(8407, 'Gillet Barbier S.A.', '58, chemin de Charrier', '83 604', 'Lejeune', 'France'),
(8408, 'Thibault SARL', 'impasse Mace', '96544', 'Adam-sur-Letellier', 'France'),
(8409, 'Vincent SA', '60, rue Leclercq', '33707', 'Dupuis-sur-Guillot', 'France'),
(8410, 'Mallet', '97, rue Alix Descamps', '87 164', 'Verdier', 'France'),
(8411, 'Aubert', '58, impasse Julien Dubois', '32218', 'RibeiroVille', 'France'),
(8412, 'Levy', '65, impasse de Guillon', '86 881', 'Lacroix-la-Forêt', 'France'),
(8413, 'Deschamps', '13, rue de Bruneau', '59113', 'Munoz', 'France'),
(8414, 'Allain', '89, impasse Mathieu', '64 289', 'Lemoine-la-Forêt', 'France'),
(8415, 'Marty SA', '95, rue Gilbert Bonnet', '44 116', 'Pauldan', 'France'),
(8416, 'Lemonnier', '79, boulevard Corinne Brunel', '33 451', 'Bigot', 'France'),
(8417, 'Andre', '92, boulevard Timothée Laine', '20 840', 'Turpin', 'France'),
(8418, 'Da Silva Boyer S.A.R.L.', '54, chemin Perrier', '53431', 'Perrierdan', 'France'),
(8419, 'Duhamel S.A.R.L.', 'chemin Raymond', '13388', 'Gaillard', 'France'),
(8420, 'Alves S.A.S.', 'avenue Anne Le Goff', '62855', 'Neveu-la-Forêt', 'France'),
(8421, 'Cousin', '70, avenue Moreno', '11 826', 'Duhamel-les-Bains', 'France'),
(8422, 'Chevalier', '373, chemin Marcel Pons', '40 424', 'Delannoy-sur-Durand', 'France'),
(8423, 'Vidal S.A.S.', '91, impasse Sanchez', '08 917', 'Verdier-sur-Da Costa', 'France'),
(8424, 'Vincent Evrard S.A.R.L.', '9, impasse de Duval', '13 077', 'Weiss-sur-Baron', 'France'),
(8425, 'Sauvage Klein S.A.R.L.', '86, boulevard de Neveu', '39 625', 'Camusnec', 'France'),
(8426, 'Hoareau S.A.R.L.', '27, place Fernandez', '48 047', 'Riviere', 'France'),
(8427, 'Lacroix Lebreton SARL', '75, place Reynaud', '42362', 'Mace-les-Bains', 'France'),
(8428, 'Ferrand', 'chemin de Albert', '64 018', 'GuillaumeVille', 'France'),
(8429, 'Grondin S.A.', '96, rue Anaïs Martin', '40215', 'Maillotnec', 'France'),
(8430, 'Boucher Chevalier S.A.', 'avenue Schmitt', '96 658', 'Valette', 'France'),
(8431, 'Marin', 'rue Julien Barre', '57746', 'Mace', 'France'),
(8432, 'Marques S.A.S.', '303, rue de Guibert', '30112', 'Texier', 'France'),
(8433, 'Fleury', '74, chemin de Salmon', '28787', 'Lombard-les-Bains', 'France'),
(8434, 'Marchand', '45, chemin Jean Lemaire', '77 778', 'Olivier', 'France'),
(8435, 'Dupuis', '4, rue Merle', '91013', 'Pascal', 'France'),
(8436, 'Chauvin', 'rue Constance Maillot', '72 421', 'DumontBourg', 'France'),
(8437, 'Roy S.A.R.L.', '99, chemin Foucher', '94 398', 'Leduc', 'France'),
(8438, 'Berger', '26, place Clement', '09130', 'SauvageVille', 'France'),
(8439, 'Carlier', '715, impasse de Pierre', '81249', 'Perrin-sur-Paul', 'France'),
(8440, 'Bodin', '82, avenue Bourgeois', '22 954', 'Didiernec', 'France'),
(8441, 'Clement', '80, chemin de Lemoine', '71 836', 'Pires-sur-Mer', 'France'),
(8442, 'Dos Santos S.A.S.', '57, chemin Moreau', '59749', 'Maurice', 'France'),
(8443, 'Evrard', '88, rue Moulin', '14868', 'De Sousa-les-Bains', 'France'),
(8444, 'Denis et Fils', '383, avenue de Joly', '95904', 'Perrin', 'France'),
(8445, 'Dubois', '28, impasse Bourgeois', '33751', 'Gilbertdan', 'France'),
(8446, 'Chretien Tessier S.A.R.L.', '76, impasse Denis Seguin', '73 449', 'Lambert', 'France'),
(8447, 'Riviere et Fils', '43, place de Dupuy', '48 152', 'Lopez', 'France'),
(8448, 'Valentin SARL', '27, rue Gilbert Guyot', '76 601', 'Lefebvreboeuf', 'France'),
(8449, 'Chartier Roussel S.A.', '18, rue de Leconte', '54 856', 'Blanchard-sur-Mer', 'France'),
(8450, 'Mathieu SARL', '55, avenue Pierre Munoz', '66957', 'Francois', 'France');

-- --------------------------------------------------------

--
-- Structure de la table `platform`
--

CREATE TABLE `platform` (
  `id` int(11) NOT NULL,
  `name` varchar(50) COLLATE utf8mb4_unicode_ci NOT NULL
) ENGINE=InnoDB DEFAULT CHARSET=utf8mb4 COLLATE=utf8mb4_unicode_ci;

--
-- Déchargement des données de la table `platform`
--

INSERT INTO `platform` (`id`, `name`) VALUES
(433, 'Playstation 4'),
(434, 'Playstation 5'),
(435, 'Xbox One'),
(436, 'Xbox Series'),
(437, 'Nintendo Switch'),
(438, 'PC'),
(439, 'MAC'),
(440, 'Stadia'),
(441, 'Wii U');

-- --------------------------------------------------------

--
-- Structure de la table `user`
--

CREATE TABLE `user` (
  `id` int(11) NOT NULL,
  `email` varchar(180) COLLATE utf8mb4_unicode_ci NOT NULL,
  `roles` json NOT NULL,
  `password` varchar(255) COLLATE utf8mb4_unicode_ci NOT NULL,
  `username` varchar(50) COLLATE utf8mb4_unicode_ci NOT NULL,
  `birthdate` date NOT NULL
) ENGINE=InnoDB DEFAULT CHARSET=utf8mb4 COLLATE=utf8mb4_unicode_ci;

--
-- Déchargement des données de la table `user`
--

INSERT INTO `user` (`id`, `email`, `roles`, `password`, `username`, `birthdate`) VALUES
(40136, 'charlotte74@tele2.fr', '[\"ROLE_USER\"]', '$2y$10$Jw37cByTAQJaOLWj/I2GSOBP9DQfJ.woLkXst.kaSMEWaACDADYrG', 'bvasseur', '1963-08-29'),
(40137, 'sleger@leduc.com', '[\"ROLE_USER\"]', '$2y$10$RtAuX3KTPAjCE.tfWqPi5.gNNrksI63zMuYFG6R8yTUSQiQ9X1Xp2', 'michelle84', '1979-06-14'),
(40138, 'lsalmon@gmail.com', '[\"ROLE_USER\"]', '$2y$10$JBTQmYtS8qCM8/Hqd9rvVeayN4nAxitBqVP3UDZY6v4LXAxR9HOUq', 'emile49', '1970-01-27'),
(40139, 'vgonzalez@reynaud.com', '[\"ROLE_USER\"]', '$2y$10$GH.aBAwTr/5U7JQHzYwgrOBXB3BkEK53zn6hrgXWNGOqJjkK0DWlK', 'bourgeois.amelie', '2008-01-16'),
(40140, 'emarty@guibert.com', '[\"ROLE_USER\"]', '$2y$10$ZwqnXgQvBUaH8bdqVTdKTeraHmVY6olF3F9m7H91DDcuJwalzXc1K', 'tberthelot', '1996-07-09'),
(40141, 'bazin.marc@yahoo.fr', '[\"ROLE_USER\"]', '$2y$10$QuOCLvAqS7wjZrqLAnnGlOBoTApnwUHOtqwvfuVp51dzx38jWKmzG', 'antoine.bonneau', '1997-11-26'),
(40142, 'noemi.pages@dbmail.com', '[\"ROLE_USER\"]', '$2y$10$eP6dtQ5x6Xc8qTJpMjJqT.C1e.dUvKkyL1ThY.592PTBRKrr35H5e', 'elisabeth69', '1990-11-13'),
(40143, 'bernard16@desousa.org', '[\"ROLE_USER\"]', '$2y$10$Dho90m14iKckuGr15cgQDuJ2APH0DSNQ3Fnk.eXCbmrx0n3ClD5ym', 'potier.josephine', '1992-09-21'),
(40144, 'lucy65@wanadoo.fr', '[\"ROLE_USER\"]', '$2y$10$KaPDkEnLw6WDhRvSjm.n1.ciEO2sBtlJCzq5SzwT3liFENGZPz3vu', 'rene.guyot', '1980-10-15'),
(40145, 'edouard.barbier@besnard.fr', '[\"ROLE_USER\"]', '$2y$10$Q69adCu4.0nEpTjb3seHeu8NO7sq6Vr8JjDynR3apt0j3DYoFHxYa', 'jroux', '1962-06-04'),
(40146, 'alphonse91@sfr.fr', '[\"ROLE_USER\"]', '$2y$10$xwh6wFGHrX5ucGj4yPihVOH4rozEMO3gZ5waoRSFEdLHL9J4lDG5i', 'petitjean.jean', '2001-08-21'),
(40147, 'eric.delannoy@hotmail.fr', '[\"ROLE_USER\"]', '$2y$10$QHPMKBQFTrsCzXl8I5qu3eHZV2JRhnZGO7WoUzzOPtWTM5lpr5tz6', 'hamel.rene', '1994-01-09'),
(40148, 'alphonse12@hotmail.fr', '[\"ROLE_USER\"]', '$2y$10$bLdC5QWHTUz/CdEzFJ8rIe2S/wzYSPP/T.cjHiycpZM9mDST8IQNW', 'jerome.meyer', '2005-02-14'),
(40149, 'michelle84@club-internet.fr', '[\"ROLE_USER\"]', '$2y$10$pwkR2B13OSl5kijjUT4I1uQnTNpKsj4WzJ2ag/QPa02QJo2he0oEe', 'guillon.edouard', '2008-02-22'),
(40150, 'michel25@philippe.com', '[\"ROLE_USER\"]', '$2y$10$M6cyAAQdYlBOPcsLAeiYReuHTw3BZ/M2kZtdnUtq4mtKw3iFAJ5QG', 'klein.theodore', '2002-12-14'),
(40151, 'stephanie51@perrier.org', '[\"ROLE_USER\"]', '$2y$10$5f9n7TewfovtIOAecrVR2ugbSF1GICLsDBM54P1MUGjwj4LJIVrBC', 'cverdier', '1991-04-30'),
(40152, 'urousseau@noos.fr', '[\"ROLE_USER\"]', '$2y$10$iryJ1RgCpBbM8KjhnRSLKeFYkvFEKifypc9C1js9b3pOgggT3FgOO', 'zlaunay', '1966-06-22'),
(40153, 'tjean@dbmail.com', '[\"ROLE_USER\"]', '$2y$10$QLdiLl7n0qE0J2DMlixgo.vPU8W/y0JEBzfnOPG/V5BrC.MwkK2vm', 'zandre', '1999-11-29'),
(40154, 'etoussaint@marchand.com', '[\"ROLE_USER\"]', '$2y$10$8O.kO8HOL8ajvvRQ3CBVVuPfwlH8kddVuKW9LRRiPeqGPIWIFzBx6', 'ycarlier', '2002-02-10'),
(40155, 'thomas37@free.fr', '[\"ROLE_USER\"]', '$2y$10$NRmLjWhlTt2iVqE13tkoU.DcNlB.9WhEYXfyS8Vx2TQamGdqy05lK', 'matthieu.jacquot', '1976-05-21'),
(40156, 'danielle54@free.fr', '[\"ROLE_USER\"]', '$2y$10$S1QnRZ4XEjRaZG7k9pIBAOsDPIdPh5e/q3L2iauoKeZzXLUi7VZZi', 'louise50', '1992-01-23'),
(40157, 'margot60@live.com', '[\"ROLE_USER\"]', '$2y$10$dCKuF82.xZ52mO59KBO32uoNPgyhaUrh7obTqYgZKWvjL49lfWkQW', 'elodie.lambert', '1992-12-18'),
(40158, 'kchevallier@laposte.net', '[\"ROLE_USER\"]', '$2y$10$nsUe7xVy09gv1Qzawfq8f.pq7LE9LVuR6w12EREa.gvDijgdV02VS', 'mbousquet', '1988-03-07'),
(40159, 'constance64@club-internet.fr', '[\"ROLE_USER\"]', '$2y$10$ToLvlsc2hDaiU4Jj21BET.H48iqXqCgiJ9MDuWgCTY470mXa4t/7S', 'edouard13', '1973-07-06'),
(40160, 'nfrancois@sfr.fr', '[\"ROLE_USER\"]', '$2y$10$FnsceX6YpSTdXnFPl4U1HuVqP7myR0zc53P1JiDc2mmyJgG4AKRPG', 'zmallet', '1985-01-02'),
(40161, 'ines.pottier@sfr.fr', '[\"ROLE_USER\"]', '$2y$10$edMnyrAd5ia8YTjPDDmY9.ihFcZ8giLptQSUBfUUbw89Petza0UxC', 'genevieve.gimenez', '1996-02-02'),
(40162, 'couturier.jerome@orange.fr', '[\"ROLE_USER\"]', '$2y$10$gHBq5mkm.k0cpwGhpjugCu3wJBiEdYt/lkOTjnqOQh7078NHKD8k6', 'marianne.blin', '1971-06-27'),
(40163, 'yarnaud@live.com', '[\"ROLE_USER\"]', '$2y$10$Gr9tQoJ5K1jaCsGaeMYNVesxAjMswwFuSMs7Hx.l/.QKEnkVcyzaS', 'michele11', '2007-02-27'),
(40164, 'victor61@lopez.fr', '[\"ROLE_USER\"]', '$2y$10$m/d94IrWAQM9Z.oFf0KCKuwDRpS5APEF9RvojWToqLSYCNOafN3Z2', 'bernard.patricia', '1965-08-31'),
(40165, 'ibecker@yahoo.fr', '[\"ROLE_USER\"]', '$2y$10$CetFqFfS34P4YQ9yUVWAs.Tys9G9pXQ1FiqJ/3fKJIybH2oQ9fr4K', 'tristan.charpentier', '1972-07-16'),
(40166, 'sbuisson@raymond.fr', '[\"ROLE_USER\"]', '$2y$10$cUAUdFeYKBG6o70mY1d2eu.9Yt4KweVDhPak04uRpkh6bwTU2b1aW', 'vincent.blin', '1993-08-29'),
(40167, 'mrenard@marty.com', '[\"ROLE_USER\"]', '$2y$10$Pbz6a3vtUDoXRnR9Fni7iu00Cr7pfUoALxbwI0cA8jQ.7Jt3Jgiqa', 'louis.agathe', '1996-04-24'),
(40168, 'flopez@pereira.fr', '[\"ROLE_USER\"]', '$2y$10$bOcGAQLgANUQq.7EwBqzB.ZbE3451Rl9IMZJo03.lGtF88OtdtKnW', 'simone42', '1982-09-21'),
(40169, 'ocharrier@wanadoo.fr', '[\"ROLE_USER\"]', '$2y$10$pNjIl2hxKalYKTP75G9dAuxxBWPDsOghNd1HLm5qSGoRE8wYaOba2', 'leon05', '1993-03-16'),
(40170, 'xvallet@olivier.com', '[\"ROLE_USER\"]', '$2y$10$8bnzJzYc//QbpP4Rcc1gAu3BNJzxTOMfT4L8I60iz5mir9wqaH3ei', 'renee47', '1990-02-10'),
(40171, 'marc24@teixeira.fr', '[\"ROLE_USER\"]', '$2y$10$awOCubxlm9V5aINWEupPwOe0mBnQ3HFtjLuPoIjlMkGNSgxRdJeHW', 'luc95', '1979-03-18'),
(40172, 'payet.alain@dubois.org', '[\"ROLE_USER\"]', '$2y$10$qW5PJ6mJvbB1HWO8tRyO9OAouWcHdgJ8gjN3ocRRr43JGTnmHj9Mm', 'echauvet', '1966-11-17'),
(40173, 'sauvage.juliette@adam.com', '[\"ROLE_USER\"]', '$2y$10$gOEpTh3xdATGo5HFEMIVeuiyUsNctwKAImDzO09xTm7xyvwFW.jMS', 'lcharles', '1993-07-30'),
(40174, 'stephanie.pinto@leroy.fr', '[\"ROLE_USER\"]', '$2y$10$Uwf.FEK55rxBy2wdAWZHVeiVHpFaLuD9vR8S6svaT8H1xX26ZHUT.', 'mercier.gabrielle', '1969-04-02'),
(40175, 'paulette.ferreira@collin.fr', '[\"ROLE_USER\"]', '$2y$10$wzBxPwNgPhLjn1s8Qi4TC.bc34g2TQTBkKhLyeQbOZ6tjvR5gP8gO', 'thierry85', '1991-11-23'),
(40176, 'rene.paris@mendes.net', '[\"ROLE_USER\"]', '$2y$10$/sblMmE6fR0mqsM5C3pyzuTKhV3HzRdEK0XsVmy4A989VQlqAWAZ6', 'franck55', '1989-12-11'),
(40177, 'augustin.bertrand@tele2.fr', '[\"ROLE_USER\"]', '$2y$10$DvVCm4LqKbIl08fpSBftqOxzrD/Mcsn459qkX7/DtkzAdPOA0lNzS', 'margaret38', '1988-02-24'),
(40178, 'menard.lucas@benoit.fr', '[\"ROLE_USER\"]', '$2y$10$dvlWRt5tjpjAl8ZkEusRhe.412yTbAqiIiuPHWXMunV2aov2oofhm', 'ccoste', '1993-04-20'),
(40179, 'lagarde.juliette@renard.com', '[\"ROLE_USER\"]', '$2y$10$kpDKPtRZn1FEJpBsqMsot..lKC/TPzVUhAhT02OCU0gnOs2/PBDZe', 'louis52', '1976-06-10'),
(40180, 'anouk.rodriguez@parent.net', '[\"ROLE_USER\"]', '$2y$10$qgpT4R.HQQz6naQPSmK1duGOjPl5tYK8CVrq2zTjgESoHBnWqWk.u', 'stephane.renaud', '1981-01-25'),
(40181, 'jherve@free.fr', '[\"ROLE_USER\"]', '$2y$10$gawKkxeacM3DjZJDo1IU8umeo/U4TdnSHxfUFAtOnUg1GG.VFBwcq', 'edith.roux', '2002-11-04'),
(40182, 'claudine91@free.fr', '[\"ROLE_USER\"]', '$2y$10$ivzxILxz9WNhbylkTlBPvuL8r9fASZ7fJBmcLXO5TmkCzvMRo3Dc.', 'lucas.nicolas', '1965-02-16'),
(40183, 'jacquot.juliette@blanc.com', '[\"ROLE_USER\"]', '$2y$10$9fM3tET10.APrH1H7KKP0ujBLpP6ynwAS7dVv2fcQpcBsE0tg2Qqm', 'lacombe.aime', '1970-02-04'),
(40184, 'gabriel22@marques.fr', '[\"ROLE_USER\"]', '$2y$10$m7dE5KRhMfDSyLlpjFxrfON7.3B4Hhvl8g/cTiK5OSlt6wbVjsV82', 'chauvet.theodore', '1970-10-13'),
(40185, 'gregoire.margaret@dbmail.com', '[\"ROLE_USER\"]', '$2y$10$qnCwIvvBCXGPLWN6Ih9Fyuytg1KOaGtA8Cg6IY3A4W7PnnZ7jY.Dy', 'alacroix', '1981-08-24'),
(40186, 'ecordier@maillot.com', '[\"ROLE_USER\"]', '$2y$10$z3Dn7iGIONJuVzDU/bsKH.0AGDD/urL0Vtw51aDoJXFyVJylO7vHK', 'mdelmas', '1970-09-21'),
(40187, 'alevy@sfr.fr', '[\"ROLE_USER\"]', '$2y$10$/essQevi/QsflG0dorHxKu2HemoBbYHuDe3Fki8c6Hxz7QDCbbAXW', 'tcordier', '1981-09-30'),
(40188, 'fchretien@wanadoo.fr', '[\"ROLE_USER\"]', '$2y$10$LlAYK.qoJrslWTJo7qKiB.eciV9NCsaFjv8WNCcyUPRXGghHHkmoO', 'blanchard.christophe', '1995-10-18'),
(40189, 'fontaine.emile@orange.fr', '[\"ROLE_USER\"]', '$2y$10$dhMhP2quSfmN3tgnms0KF.lblSRk2Xbz1Q0eqsMxPFAZmx3SmO9a.', 'ibourgeois', '1980-11-03'),
(40190, 'ilemaitre@tele2.fr', '[\"ROLE_USER\"]', '$2y$10$P0IEtwRIT3SmAVbs384ZD.bF62JmZcMRdeSOJA6HKPq9M90HPhPEi', 'ujacquet', '1980-04-05'),
(40191, 'gilles.noel@wanadoo.fr', '[\"ROLE_USER\"]', '$2y$10$bPKxE7GVsBNa2MbbxC.pheQh7MJcvLhb4om/sZ2PUNmjP9pS0wgrm', 'louis.clement', '1974-07-11'),
(40192, 'diane51@orange.fr', '[\"ROLE_USER\"]', '$2y$10$kz5XYw3/XVg4rFLcIffOq.Vb3HdCfbXlCrzdKkMHj1zu6SaNo1YVK', 'leveque.nathalie', '1975-07-09'),
(40193, 'gabrielle68@deschamps.com', '[\"ROLE_USER\"]', '$2y$10$RzLGL7z0TwvQVZT8PcyH6Obc9mOlgYamwg0hzhYlkgkzYsMnF3NeW', 'ngeorges', '1993-09-22'),
(40194, 'joseph.valette@jacquet.net', '[\"ROLE_USER\"]', '$2y$10$SOZSFh3UgaRSqv5l55YWRutpm.JV/7CB0enN1SQaOBmT14x1FxupS', 'guerin.zacharie', '2003-12-14'),
(40195, 'alex.godard@free.fr', '[\"ROLE_USER\"]', '$2y$10$3iK0DZyehnCV8qDNv3Si2eW5LqFpMy9kgZd2Ks9Pp2qI6H.pvrIGy', 'gleduc', '1988-05-11'),
(40196, 'richard86@club-internet.fr', '[\"ROLE_USER\"]', '$2y$10$SDoHdeR/vedEPhKt8Duw6OxyUGF7o7jcthnXtoGBOoAgCLVoih/6y', 'margaud.perret', '1978-02-20'),
(40197, 'martins.sylvie@launay.com', '[\"ROLE_USER\"]', '$2y$10$gY8hDr/AmOZxxXlhZmrIIO2qPETTaDpkXfNbGuvRJZuYnMGE27dFO', 'dossantos.alphonse', '1974-10-08'),
(40198, 'agay@noos.fr', '[\"ROLE_USER\"]', '$2y$10$b6VHM/y2TwJh9mShzt788.4evh0smyeBu40Cszxx7Ly2zjt2HMNhq', 'normand.elise', '1977-06-06'),
(40199, 'roland75@hotmail.fr', '[\"ROLE_USER\"]', '$2y$10$ZvNkNqKJ2qCdAg6Oi9AzVu7AiuPZzyFwilm6VI./m/z9KSw/qDAXK', 'umorel', '1971-08-31'),
(40200, 'thibault.michaud@noos.fr', '[\"ROLE_USER\"]', '$2y$10$Pl.XJPsRWW/pFh5cW/5...sXkuHTiZaS4zs8kkysn2hcVigWX7zVC', 'bbesson', '1979-09-30'),
(40201, 'adele61@dbmail.com', '[\"ROLE_USER\"]', '$2y$10$zWBo3qERk51HOL18N/RobO1QEotsbjh/FRlT/7EWUbzldHIFnC6e6', 'ycharpentier', '2008-04-16'),
(40202, 'perrin.anastasie@dasilva.net', '[\"ROLE_USER\"]', '$2y$10$YvIPnrczHRTOivpJf27QfeZd.MwPwB1kfYWsJyo4BxR9zlz/W/OeG', 'claire14', '1986-07-30'),
(40203, 'thierry.roger@nguyen.com', '[\"ROLE_USER\"]', '$2y$10$Zjtp3YaY6Dk27kkLM76FtuhM8J97f.iNH7e.ewnVhsSeftj2a30BS', 'arthur.gaillard', '1990-02-16'),
(40204, 'duhamel.antoine@legros.fr', '[\"ROLE_USER\"]', '$2y$10$HQ/aMR3ILsbJBeUvre3R.O1z/sYM4tq0Y4sO9hRRVI7BV5PKXZyt6', 'chauveau.hugues', '1991-10-12'),
(40205, 'fcosta@tele2.fr', '[\"ROLE_USER\"]', '$2y$10$N10427t3tsLVgDgngqHPs.tcFSfyNMqKzv3xEP3HN36pN47FyXjzy', 'margaret.lefevre', '2001-10-08'),
(40206, 'vmaillot@free.fr', '[\"ROLE_USER\"]', '$2y$10$CrxZuTGXx3AwFbXR1.rSHORRbVEPR8IDJrX9wLTAV8C404yA3j2iW', 'marianne59', '1991-08-21'),
(40207, 'delorme.zacharie@fischer.org', '[\"ROLE_USER\"]', '$2y$10$7Y3jEq77yk1zV1sJvHnre.KNCKlZLa.570aUUF7UqFPnqOXJ73tCW', 'eauger', '1994-06-16'),
(40208, 'spierre@wagner.fr', '[\"ROLE_USER\"]', '$2y$10$MU7/MEj.mjepfSkzzjMfnu9GmgR.dSs36PtDDmEUBoCxDgtRjeJ.W', 'uleclerc', '1978-02-09'),
(40209, 'jerome.dupre@delahaye.fr', '[\"ROLE_USER\"]', '$2y$10$uHBpfdR5rH.MmIyXg8balOc2eq/ajyrmDv4w7n5fi4kKv2WiyciPe', 'evalentin', '2003-02-17'),
(40210, 'perez.marcel@tele2.fr', '[\"ROLE_USER\"]', '$2y$10$PR8VNG2a.bUk8Y1VJeQdNeM7NzePrc2BdJdc77dlwNAspPgDWR436', 'diane.sauvage', '1984-03-16'),
(40211, 'fmichel@club-internet.fr', '[\"ROLE_USER\"]', '$2y$10$uPudvWWoaTpEIjPPEsKWgu2EnVJ7ks1YCi9LvRdqfMBOlfgJgvTHO', 'bonnin.zacharie', '1995-09-15'),
(40212, 'bernadette.chauveau@meunier.org', '[\"ROLE_USER\"]', '$2y$10$55osAa7yzSBCKh4/GTHSwukEyTAaRpkTYAy4BcjQ4wKXRh//5Pb02', 'girard.emilie', '1977-01-31'),
(40213, 'fguerin@caron.fr', '[\"ROLE_USER\"]', '$2y$10$MDXyE1S9vMAfqadHApH48eFpxExBmuuYhNxUAy5SgWfChKy7HBYTW', 'pascal.philippine', '1996-12-16'),
(40214, 'jules55@benard.com', '[\"ROLE_USER\"]', '$2y$10$1xqfm0ecFq3AfmeCIAgk8.HiZaG7pnUdBhNMnQs8ZoulFJgCM68kO', 'udesousa', '1995-08-22'),
(40215, 'ichretien@tele2.fr', '[\"ROLE_USER\"]', '$2y$10$OUMwlT2XSRDHGZCupuocv.RN03.VrW1SCET5igSzGwBEscToR7Afe', 'charles.marques', '2003-04-04'),
(40216, 'oguichard@hotmail.fr', '[\"ROLE_USER\"]', '$2y$10$/mALH6ZcGesuY6C2xgLxW.fgFMbs4h2GLAoIOeBqLNX.6jsvpLoj2', 'luce31', '1969-08-03'),
(40217, 'roy.raymond@legrand.org', '[\"ROLE_USER\"]', '$2y$10$jDbbiA1IX8fwTLd2G11X0ugT7128Zvm/NtwYkL4x0j/ukLlLGkLVO', 'kmace', '2008-02-27'),
(40218, 'jules.cousin@laposte.net', '[\"ROLE_USER\"]', '$2y$10$h7bLZgXuIhg4pSHZoa0/i.kDIERJt4YmG4UnLe/OkDhWhcvtr0DBC', 'acamus', '1999-10-12'),
(40219, 'bonneau.isabelle@hotmail.fr', '[\"ROLE_USER\"]', '$2y$10$0A4vCmja0lPBdRmSZLnwMuJXXoCS5Kv495LEDtzcjNewejEJwBLi2', 'launay.alice', '1992-01-04'),
(40220, 'daniel08@free.fr', '[\"ROLE_USER\"]', '$2y$10$AfTsmVrUcKukCIdpvdPE4u5jbyTDZ5TlyKlmDgpxlhOZ8lOVvxa5.', 'antoine.couturier', '2005-09-28'),
(40221, 'perrier.anastasie@renard.fr', '[\"ROLE_USER\"]', '$2y$10$OVvqDs5rs2pDi54glq3Kx.BQUdZMmtDm/Xkwcam6ugctrf/QTmg7y', 'millet.monique', '1964-05-26'),
(40222, 'michel08@cousin.net', '[\"ROLE_USER\"]', '$2y$10$Kl0gEJUVSExZsepF9WZj7e1nq9pgcec3bWb.EG7GaK3BSBICXJhW6', 'pgodard', '2002-03-07'),
(40223, 'hoareau.cecile@free.fr', '[\"ROLE_USER\"]', '$2y$10$6cUC0/WY.w9xtgQ3mFyJGOrnZTtU3cYrkov3xQNVuz2HGwXTJ9an2', 'alexandre.amelie', '1991-04-27'),
(40224, 'tchauvet@free.fr', '[\"ROLE_USER\"]', '$2y$10$H21ewlzZPFV2iTboADBxT.QE6157nV5MoAa5OxcsLkA65F.fGByj.', 'veronique.berthelot', '2000-03-06'),
(40225, 'hernandez.laurence@bigot.org', '[\"ROLE_USER\"]', '$2y$10$wqSsLYyC4DHp9QTlwsad8eHA8Cgg0nf21iFQ7yFzJkHN0d3tManc2', 'dominique.baron', '2002-04-17'),
(40226, 'josephine88@dbmail.com', '[\"ROLE_USER\"]', '$2y$10$u56AF9DvU7h6J70T5dAas.hFA1xbuafp1nYHTLqlljrvO2tFznY4S', 'hugues.verdier', '1997-02-13'),
(40227, 'christelle80@yahoo.fr', '[\"ROLE_USER\"]', '$2y$10$x389BPb.t3F9rKX02Tv8VO1H1ylpc9jT1BcmMTnwZfDDUjQslOzg2', 'philippine38', '1994-12-19'),
(40228, 'mercier.josette@orange.fr', '[\"ROLE_USER\"]', '$2y$10$x0jTSecF6u1iqF6ql/oUaO.DO2sB/eaLCtEIV/hVnbjBvBg65SQti', 'berthelot.martine', '1975-04-19'),
(40229, 'alphonse89@charpentier.fr', '[\"ROLE_USER\"]', '$2y$10$TuWkRULgHp4x6PTNJMVWp.CSB.TYcLCiE7V5GN43l7OcUfpEQ7R2.', 'mathieu.raymond', '1992-03-14'),
(40230, 'clement.isabelle@sfr.fr', '[\"ROLE_USER\"]', '$2y$10$WLZzMQyGcn5Ct8zvg9fHmudW5ApQfAzK4V1CLZdfTCmJoe0.r0meG', 'vpons', '1963-06-05'),
(40231, 'amillet@live.com', '[\"ROLE_USER\"]', '$2y$10$Q9Dm/w.Wm/zdxnyPkbyNIOSEadEmIYKgu3rfmsuydtecSWkJdejwi', 'veronique.humbert', '1968-06-11'),
(40232, 'alexandrie.payet@dbmail.com', '[\"ROLE_USER\"]', '$2y$10$sGNpsXUM0cNBOrypfAhwKeDXmqYem/Vu9jt2s.CWvso1nAe59zI6K', 'renard.elisabeth', '2005-05-07'),
(40233, 'klegros@lejeune.com', '[\"ROLE_USER\"]', '$2y$10$O8/1AawIqGjJot9ebUcvGOmxVOkrJvmKr2sog.PR75Z7T7/aaPNAG', 'tgillet', '2008-08-17'),
(40234, 'lucas18@free.fr', '[\"ROLE_USER\"]', '$2y$10$nq7dZRiU1SnI0364PJBrc.s6IXkNk3wqIqwN5nqP60L3kuSpTBlEy', 'astrid04', '1965-12-06'),
(40235, 'ipinto@pages.org', '[\"ROLE_USER\"]', '$2y$10$e7YlcYaDOcRtOjjtunqkE.Gbds/ogPK9Av415al6vkujm2IWs2YdC', 'zacharie.desousa', '1988-03-23'),
(40236, 'adele51@blanc.org', '[\"ROLE_USER\"]', '$2y$10$yUNk1lAS4lEztHZ0pBu.Oumyqx8nnLVz.zHF.SV0hmhR.tM9u2pjm', 'benjamin43', '1989-12-22'),
(40237, 'clerc.manon@turpin.fr', '[\"ROLE_USER\"]', '$2y$10$8ZwyXIM.97ocafhW7VUBkO3PJ08ZvN0aDvcfGMCzOlXdkIzJG0Yxy', 'claire94', '1965-11-11'),
(40238, 'pereira.dominique@laposte.net', '[\"ROLE_USER\"]', '$2y$10$INpo6kIB8naYRKWVdqwhS.wFmoJ1aXYmJuqM4RngR4YgpQjy7odQq', 'yblondel', '1973-02-16'),
(40239, 'marguerite49@noos.fr', '[\"ROLE_USER\"]', '$2y$10$hTXSpzevvio7sK2I5euIGOAsmfbfqX42g9gREjpPD5IDNkOkXRMqu', 'pmarchal', '1988-03-20'),
(40240, 'raymond92@yahoo.fr', '[\"ROLE_USER\"]', '$2y$10$CheR.WlUKlEuKj4Ab/5I..FgW5og/TVNjeM6DWLR6M24EcNrIxdM.', 'suzanne64', '1968-02-02'),
(40241, 'traore.capucine@dbmail.com', '[\"ROLE_USER\"]', '$2y$10$lW7RsocHcb06Zknm6nThK.goUlqTf6DotGKVLcV3LlQm13OVbReBa', 'delmas.henri', '1985-06-05'),
(40242, 'nleveque@tele2.fr', '[\"ROLE_USER\"]', '$2y$10$uqD0.qcfQzyq.SarNQcyyuTU6KUTMjDheunypM5cLHePj8hcz/1AS', 'simon.michelle', '1979-04-12'),
(40243, 'gilbert.patricia@sfr.fr', '[\"ROLE_USER\"]', '$2y$10$LKT39xF7Kr7XF7W2Lb/rneuOgEQC0FBxBI.1i35yPajx.xrMrAKZS', 'catherine82', '1984-03-18'),
(40244, 'sophie.lacroix@dbmail.com', '[\"ROLE_USER\"]', '$2y$10$fEvENyNgY01UgHQhQIfsm.MqWRCayvTMSeFdqMeubkWWUuVb4fCI6', 'pbertin', '1964-07-26'),
(40245, 'levy.stephanie@noos.fr', '[\"ROLE_USER\"]', '$2y$10$a0VTRMnj2EBZu8ypvCnxuujyw3ThVSkhIdKMUr0pjY3YdL0B4Q0k6', 'louise.munoz', '1994-03-27'),
(40246, 'nathalie08@gerard.fr', '[\"ROLE_USER\"]', '$2y$10$qXGBnlhCiDobWSvkap8IteATOGf.myUQP.tLrRrraWW0KXThKG9xy', 'riviere.georges', '1985-07-31'),
(40247, 'lherve@dias.fr', '[\"ROLE_USER\"]', '$2y$10$qP3RYXAVrSdKqN0HGKrSl.WWkpNzS7VQKh7dSMoo4Wz4hY3H1pY7O', 'fbousquet', '2001-12-15'),
(40248, 'agathe.leleu@live.com', '[\"ROLE_USER\"]', '$2y$10$VlI0agLZYrS2ZoDgyzeOX.xstNsZduZTegDLa7CceVX2IOoB.4/f2', 'thibault97', '2007-05-09'),
(40249, 'arthur.leconte@club-internet.fr', '[\"ROLE_USER\"]', '$2y$10$musEY.vSgC46fA3.jB4CrukZghyBWZ3gb6IF.b8c8qdoYDBsepkc2', 'martel.hugues', '1999-05-15'),
(40250, 'lenoir.susan@parent.org', '[\"ROLE_USER\"]', '$2y$10$mLzYTf4yQDbePKuRhj4jX.vgnkad8pGcgaF.rhzzP5881hT5CuaQ2', 'samson.gregoire', '1968-08-07'),
(40251, 'roland.laurent@live.com', '[\"ROLE_USER\"]', '$2y$10$vhFCLHJAVkHaOe9cS/IUhOdhKrhwenG6EFO/4K9jOjTT0ChD.xa16', 'guy.simon', '1981-08-18'),
(40252, 'manon39@becker.com', '[\"ROLE_USER\"]', '$2y$10$YCRBx6GcAhr7Hf8hfhz0tOLZ6QeZpTRwpO2tjuTZu1aRNhSQ8umWO', 'allain.philippine', '2007-11-22'),
(40253, 'zdelaunay@lopes.net', '[\"ROLE_USER\"]', '$2y$10$aht.Ama5hGMxpcXKhlvwLeUtNm51Z4BxuGW2sW55kYoWpWhIyNgvq', 'delorme.andree', '1972-02-08'),
(40254, 'auguste.mendes@riou.org', '[\"ROLE_USER\"]', '$2y$10$Wxw9Eu2CayV82ODWvAa8ZuD4zKpAo5rrDtZKEFalzlawErQoLUAle', 'robin.emmanuel', '1962-06-22'),
(40255, 'adrien37@club-internet.fr', '[\"ROLE_USER\"]', '$2y$10$crP8XklWK0V5oExBXgh9bOUPIfg7bU4hBiigxxVwbPk.6ZgzGX3tG', 'pgarnier', '1984-11-06'),
(40256, 'adelaide32@wanadoo.fr', '[\"ROLE_USER\"]', '$2y$10$jXj58M.WR7Eo4oxkLv3FsOonxubOqHB4DS3T3J47ICW7R9hhIhuWu', 'margaud.ramos', '2001-08-19'),
(40257, 'robert30@tele2.fr', '[\"ROLE_USER\"]', '$2y$10$S/Ito4HE4pujqUxTLq0pyuy/QO9efjg4FJtftnMnN5fib0dZw3n0e', 'barbier.laurent', '1982-04-19'),
(40258, 'qlecoq@gmail.com', '[\"ROLE_USER\"]', '$2y$10$dy9Ynz.bHWTY9Z10/JpCOuAJAXX8fqqeSMjMHv15Azc9GFCU/Wgkm', 'maillot.marine', '1984-10-05'),
(40259, 'penelope52@navarro.org', '[\"ROLE_USER\"]', '$2y$10$xFayT/zgxqizZjkKOzmvtOxWs.yHg/ES9TcUHJ.szMglc8AA3IS42', 'zacharie.bouvet', '1991-05-15'),
(40260, 'caroline.berger@pasquier.fr', '[\"ROLE_USER\"]', '$2y$10$TCyErs9gdH2iUaoZsKK5o.QDFKa893TLE4wqhh/Rj6ZxHk.IyJwcG', 'fgaillard', '1970-01-10'),
(40261, 'robert.traore@marchal.fr', '[\"ROLE_USER\"]', '$2y$10$rE5Ing98dGbI5pB1TfG6wOipPreOMdcFzFiJwj6nWgsjGuHDEptHu', 'aubry.astrid', '1969-11-02'),
(40262, 'perrin.danielle@live.com', '[\"ROLE_USER\"]', '$2y$10$KqfSiuqBxmuHtpzgDCKz4O.ig8wU6gV14kTmEadRZVwwG74nesJjq', 'qlecomte', '1991-08-30'),
(40263, 'edouard.lemaitre@gilbert.net', '[\"ROLE_USER\"]', '$2y$10$HT.e9mU/5BN0TXB1Y/4TzOSVw.WyFpjNM1zTToQ1BFcANz9k5EEyu', 'vnoel', '2004-12-16'),
(40264, 'victoire.teixeira@riou.fr', '[\"ROLE_USER\"]', '$2y$10$arDhLMjrrdTE.G.hnavureIgq93yc2itojQ.SbSPyTH0utf4ZSJ4m', 'xmorel', '1982-02-15'),
(40265, 'philippe.ramos@fleury.fr', '[\"ROLE_USER\"]', '$2y$10$CrxNeEy5.Pw4GhMMC//.dO1CvH1pEIsM2fBUZ/TccYwZI3ta2Fchi', 'maryse28', '2002-11-25'),
(40266, 'dorothee11@gmail.com', '[\"ROLE_USER\"]', '$2y$10$q21fcOIb.CjBybTfVlvnRe1FdgTsfw/c0ID1utk3wTv36rVFk1MCu', 'denis.joubert', '1982-10-16'),
(40267, 'celina.ribeiro@wanadoo.fr', '[\"ROLE_USER\"]', '$2y$10$Dx4Gx6qhqZMt4ljIOCJDD.H48WvDERMpilJ4VODkRs257r37fX462', 'pinto.lucy', '1965-03-01'),
(40268, 'georges57@club-internet.fr', '[\"ROLE_USER\"]', '$2y$10$42RG6.ydSgpo0zxnD4naCuqExiXAqRM2t1uahJC2zgwgxhf1GrwCy', 'bailly.theophile', '2006-12-26'),
(40269, 'laurence48@tele2.fr', '[\"ROLE_USER\"]', '$2y$10$Sbh9rIhTXSTFBO/wdBvrYu5r6Ai9XRP.7zCtqK.zKcW0ADq..c2Ki', 'qchauveau', '1986-06-30'),
(40270, 'colette61@yahoo.fr', '[\"ROLE_USER\"]', '$2y$10$RKoi5tmnvDkersPiW5VsCOe9bopxjDpTB5v9s8/UbbPgo6lqYQPLO', 'chauvin.william', '1990-01-26'),
(40271, 'timothee23@free.fr', '[\"ROLE_USER\"]', '$2y$10$y.clEkns/PpVJrwAIkiHYudw392z1NoVryfpPYrmmmT53Y/XoAV8O', 'bousquet.louis', '1963-12-15'),
(40272, 'berger.martin@merle.com', '[\"ROLE_USER\"]', '$2y$10$f0Zorjq1vSnQ3CRNPduxcOR2IwW3OiBmDJJlRDW83sSiAFyj.riB6', 'ngoncalves', '2000-08-04'),
(40273, 'gerard.raymond@barbe.com', '[\"ROLE_USER\"]', '$2y$10$lVPsNDeMJVhZAjj.VBOoZ.ChYf.goTh8vKAf7AZU9JJ2LMBvg7WuS', 'valentine65', '1995-08-17'),
(40274, 'regnier.penelope@live.com', '[\"ROLE_USER\"]', '$2y$10$cN/EK2da1i8ibOYePiD7Z.TuU41PkdiUy4f/Uu/FpuYKHIf3/6xwy', 'louis.devaux', '1973-02-05'),
(40275, 'eric.lemaitre@collin.org', '[\"ROLE_USER\"]', '$2y$10$SCdn8eqdXFDI2FmJyA64LuzKpaMLO7SG9MwpRTp9auiKnQV./d6XO', 'pasquier.elisabeth', '1986-02-22'),
(40276, 'anastasie74@pages.fr', '[\"ROLE_USER\"]', '$2y$10$Muw4V9X2kHVMnXnsZJszle8epNfgJtOBByXe14qGEqeG33rqeFdQ6', 'colette29', '2001-12-02'),
(40277, 'ojacob@dbmail.com', '[\"ROLE_USER\"]', '$2y$10$4YNS73utOcmX4xo.ooncS.ftCZ0fb307R32vHHg6ds2QeYNioY2DC', 'rmace', '1964-09-21'),
(40278, 'ferrand.mathilde@bernier.net', '[\"ROLE_USER\"]', '$2y$10$OO5puQlUJxbIQuaH2PTFSeP71EWE2J6qHwUWcGdRnxOl6GAboofbq', 'laetitia.laine', '1984-03-02'),
(40279, 'hugues09@laposte.net', '[\"ROLE_USER\"]', '$2y$10$KD8TBIigp0V2143czd0RH.ISiHg8rNauEnU1N4ZpuqkCc4LuiSF4S', 'lleblanc', '1986-10-31'),
(40280, 'philippe.barbe@dbmail.com', '[\"ROLE_USER\"]', '$2y$10$yn82omOpvslmkmr4SeVFJO5/d.vgZoD/3yOCO2T8llj2kqXcCmf.6', 'diane.charles', '1971-05-11'),
(40281, 'hortense.imbert@laposte.net', '[\"ROLE_USER\"]', '$2y$10$cyt/vAuwHnaMCMJU.PrO8OKlVFUV431kbBaR7utdxdKPdpFH3km3G', 'imarty', '1970-08-04'),
(40282, 'mathilde.dupuy@pichon.fr', '[\"ROLE_USER\"]', '$2y$10$sRmQOWFfDaEiAVMmPNVnhuHeA2zRBiZxQ7WR4nD46IUiib15ei9nO', 'maryse.mercier', '2004-01-05'),
(40283, 'eric.bazin@wanadoo.fr', '[\"ROLE_USER\"]', '$2y$10$7fP8fcq41M7cLykkqfeM3O2Asos4JxpSNul3PY/UsRrvh14.79e2y', 'renee12', '1967-02-04'),
(40284, 'marc.bernier@lefebvre.fr', '[\"ROLE_USER\"]', '$2y$10$rSG4ScoepkXEMl/ur7YnWuS1O8VV7Gu963Kt2pcsKoho9m3iZDrcO', 'pauline11', '1982-01-09'),
(40285, 'franck.bailly@wanadoo.fr', '[\"ROLE_USER\"]', '$2y$10$bb3eCWd48HLeKwPYMJ71JuXbWBrZ6olL8CirdOObE4qxogJcnPgrm', 'irossi', '1995-12-22'),
(40286, 'guillaume.jacob@wanadoo.fr', '[\"ROLE_USER\"]', '$2y$10$SXjLUdjG7L9XWrE7ba.QsOmk08cxJj7zSS7L2pcTdBqVuNKTONfR.', 'hroche', '2006-03-26'),
(40287, 'georges73@dbmail.com', '[\"ROLE_USER\"]', '$2y$10$f6DOiIBCpTukIWilJrmyg.Ijg8mKIfGEXT5Rvq6HiDIvvuZgqbXSa', 'girard.antoinette', '1976-04-03'),
(40288, 'penelope89@laurent.com', '[\"ROLE_USER\"]', '$2y$10$zNzt4dKyvvTpgKKuttIPkua9CbHlBLJ4u6M9TRcxTsvC5zYp6rrqm', 'marcel65', '1999-05-17'),
(40289, 'hbousquet@faure.com', '[\"ROLE_USER\"]', '$2y$10$3n5UutSeuzunZ587OF9C7uuIa0owSpeLHOYjoXIVmqtTTZQd8Axyu', 'yves.petit', '1997-02-11'),
(40290, 'tdeschamps@free.fr', '[\"ROLE_USER\"]', '$2y$10$u3iRsPMySih765Smzvhgq.BbZvYpaY17xlkR3V/EKLWhpumiF1XNy', 'bgermain', '1968-02-27'),
(40291, 'ageorges@tele2.fr', '[\"ROLE_USER\"]', '$2y$10$mGgjsaF6Ylh8sae/e2jgUOivBhyfobckwlfoxDHQZAE7c97XnaWtC', 'michele52', '2005-07-03'),
(40292, 'jacques04@noos.fr', '[\"ROLE_USER\"]', '$2y$10$3xxEoXfQA868AA74BU/bG.2SbDHrGEZ23/j7drE/HAsceMvoQgiFC', 'charlotte55', '2000-04-03'),
(40293, 'qmarques@yahoo.fr', '[\"ROLE_USER\"]', '$2y$10$h5Ys31wbm9oMtokEEP5.Z.Toz9BAS1gNqXNKZa11HRrJBWWPcjYHm', 'brun.audrey', '2008-02-01'),
(40294, 'jules79@tele2.fr', '[\"ROLE_USER\"]', '$2y$10$uF5rB17hrVBjqQuRcmq7veuWtQFt.FSK38v.mXMLYX9MwMF2cNeAa', 'dominique68', '1990-08-28'),
(40295, 'marie.benard@auger.org', '[\"ROLE_USER\"]', '$2y$10$KMC860RKqJqX5GFA1YIW7uFsv5v4kgp8VxrtTqUKXUHRXF3EaXbBy', 'alain.loiseau', '1990-09-26'),
(40296, 'xavier.loiseau@dbmail.com', '[\"ROLE_USER\"]', '$2y$10$7GRmbOUqrJbuxC.YfYhUn.SjOkUshN8FrLzj.XQ7cC8A2dLABnm82', 'leroux.laure', '1991-09-02'),
(40297, 'boulay.bertrand@tele2.fr', '[\"ROLE_USER\"]', '$2y$10$Sa8CV0UDzXiVysYxL7ClY.p7tmYPBKriG/NZFyjyzufly7.4Iov/C', 'roland.teixeira', '1977-03-08'),
(40298, 'isaac90@club-internet.fr', '[\"ROLE_USER\"]', '$2y$10$LtZTQPy/hNfxPxNWHkbq9OdYla.pOdr94YjSQjX0xhfMfzSFNQaEK', 'constance52', '1970-02-26'),
(40299, 'jpoirier@club-internet.fr', '[\"ROLE_USER\"]', '$2y$10$X7bA8yJZSPV3aFn5Yd6ljuBvjZ.lzFh/3aDzFsY1aKmxhfM/rAnQ.', 'marguerite.carlier', '1962-12-02'),
(40300, 'pgay@gmail.com', '[\"ROLE_USER\"]', '$2y$10$nct0LK.FMJgRCCJqSNQZJu7FY.f6mlb6bQedngq1ty1.ZL8lVJ1Jy', 'blanc.laetitia', '1970-02-28'),
(40301, 'perrin.roland@peltier.com', '[\"ROLE_USER\"]', '$2y$10$MQjBFx0zkJMVPUuFwKpDXemgdXr9Cov7xZTHAAttszOQ06jjJv7lm', 'claire85', '1970-09-12'),
(40302, 'marianne96@noos.fr', '[\"ROLE_USER\"]', '$2y$10$JSARvmW9Z1mIW0Dx9snFC.EzQnEODvScJwR91HQ6CCzAIyBmvia1G', 'charles.moulin', '1978-08-29'),
(40303, 'nollivier@tele2.fr', '[\"ROLE_USER\"]', '$2y$10$wD4UrL75a2bQ8mK/fD33qexW0jEInRNUACAAjKzL48r0nALf54w/i', 'alain.raynaud', '1984-09-15'),
(40304, 'claire.guyot@pottier.com', '[\"ROLE_USER\"]', '$2y$10$hMDaCiJHZ3KQaRllJUo8K.sGRrQi.i/TOxdeydwS8HonjPMlGK7hy', 'ateixeira', '2001-02-27'),
(40305, 'slemoine@guyot.fr', '[\"ROLE_USER\"]', '$2y$10$zFKsbFojzqU2WKg7Anj5I.K3JvFnGKCQ12D6xw9DndLh6fSzLgxsm', 'vwagner', '1980-09-01'),
(40306, 'martins.edouard@orange.fr', '[\"ROLE_USER\"]', '$2y$10$NTfUJ6XB3R3RUFQv8mZBye5B2c.Aw39NXVkxdFw.U6ssTle3VbHAu', 'laurence.dossantos', '1981-05-31'),
(40307, 'mgomez@wanadoo.fr', '[\"ROLE_USER\"]', '$2y$10$qJpMP2erl7xJZ.Bua8mJ/eCUxkNkQVhkPLGMF46rlh1lPzi9X/2qi', 'ypelletier', '1983-03-16'),
(40308, 'laurent.lucas@bouvier.net', '[\"ROLE_USER\"]', '$2y$10$iP6ViW8eDs.ZFLUcz1TOweLjh9iEVeU.tfPVeHnAdSwGLqAwQFHLW', 'luc88', '1967-03-22'),
(40309, 'vraymond@charrier.net', '[\"ROLE_USER\"]', '$2y$10$Xx5Pt9GfGuwndbca8A4opewWemU5AyyDV5q.3E/ihOg1YCZfzJcN6', 'philippe18', '2005-12-13'),
(40310, 'ggaudin@tele2.fr', '[\"ROLE_USER\"]', '$2y$10$lqC2OBRO4tKQZ/lb44BcYOXr.Yfu3etgmqZfZ.zio9p4vE5gS8bRS', 'luc.joseph', '1982-11-16'),
(40311, 'ghuet@hamel.org', '[\"ROLE_USER\"]', '$2y$10$KEiiuc5fRUpWOKgQSBGJSOps3RPpguOEssfwDkoXGf0l/tIlAVf3K', 'hbourdon', '2000-10-22'),
(40312, 'gabriel11@chretien.fr', '[\"ROLE_USER\"]', '$2y$10$jUfOCyGQ2WmGuLBK8NffmuaKP3eLwelGNy3DtkoHs3Y.DyKL3f3L.', 'eric14', '1963-04-03'),
(40313, 'stephanie.valette@laposte.net', '[\"ROLE_USER\"]', '$2y$10$kw2q9J7fAzP.fAF1dJIM/eUZnUPX4951hSm1fu4g4TinqAB4K5kSO', 'guillaume74', '1972-02-09'),
(40314, 'delattre.arthur@dbmail.com', '[\"ROLE_USER\"]', '$2y$10$h/Pwm7BoRiIgIoWStSd73uOh2h.MfZexzolHlHCoDBdAJAiQvHNBm', 'monique70', '1962-07-20'),
(40315, 'hmeyer@free.fr', '[\"ROLE_USER\"]', '$2y$10$s5Fo4XJptGac0GKC9NQOl.b1tckh83RrzDrCgN684tsjGXIeB.pgq', 'igrenier', '1996-09-21'),
(40316, 'amarques@wanadoo.fr', '[\"ROLE_USER\"]', '$2y$10$fKPeA.yzY71ZR5Psg8QPrel7BsAEwdqAlm4OrQCJkO4D5IygzAlj6', 'adrien44', '1989-03-07'),
(40317, 'blaporte@hotmail.fr', '[\"ROLE_USER\"]', '$2y$10$PchNB3uxJpGBXaz1anzyxeq.1qVdPZLINtecsbW0pN5t3eP646WNm', 'emmanuelle.descamps', '1964-09-13'),
(40318, 'eric.clement@faure.fr', '[\"ROLE_USER\"]', '$2y$10$bcjnA31E0LyyGR4.9hMO7edr0kwpcfu1loiOcSI/LoHBJEdLQ1blC', 'leblanc.marie', '1978-04-22'),
(40319, 'michaud.stephanie@tele2.fr', '[\"ROLE_USER\"]', '$2y$10$e6GzBSoUzK4bRHlLDZCPm.OvA8Qn8KKmiYQwtnwLiZuNpCTzU5erG', 'luce.seguin', '2007-02-15'),
(40320, 'claire.boutin@renault.com', '[\"ROLE_USER\"]', '$2y$10$3MA/eElAbyYlnF7CQ3qRxu8/7c/0D/zOy2F4Qu0H3Vqrn2TAT5BZC', 'lefort.theodore', '1985-09-14'),
(40321, 'louise77@lopez.com', '[\"ROLE_USER\"]', '$2y$10$C1tZtkhMkwvNbQ.HUmtEtuT.IUWNCzNaXzI8zXErPxoSAFuUkDMI2', 'idumas', '1977-11-16'),
(40322, 'anais.poulain@dufour.fr', '[\"ROLE_USER\"]', '$2y$10$oaahnrZ5MZW.NocyJu/bee1feIywDcqWT6piCOq8i0IUmdTAlERTy', 'boutin.theophile', '1973-06-05'),
(40323, 'rmoulin@free.fr', '[\"ROLE_USER\"]', '$2y$10$/8t7hXVzNpcj6eMgy58nxeBWrdTFC8AlYxBUywS/p6ZadLQTe6ST2', 'theodore.guilbert', '2005-08-10'),
(40324, 'thibault91@marchal.org', '[\"ROLE_USER\"]', '$2y$10$Pb2TtkrWXrQ.eMYGlUrLbOyC1qg2tBK1Gui33QhLdkJ48Ooc/r2nS', 'deschamps.martine', '1975-09-09'),
(40325, 'pinto.gerard@laposte.net', '[\"ROLE_USER\"]', '$2y$10$uib8b.tz9IykNQTMRLTZ0eVigP4e7m9qS3SLJG2x4nNDnmO39U.qS', 'baron.timothee', '1995-07-12'),
(40326, 'nicolas.charles@orange.fr', '[\"ROLE_USER\"]', '$2y$10$7PyQxwTcb.IHobby8DZmVO6FzkXHnsKDxyZjmOe36SaJS/dV9n93m', 'didier.gerard', '1989-02-15'),
(40327, 'monique57@tele2.fr', '[\"ROLE_USER\"]', '$2y$10$inn0uetS1.9KYGjsX1eMV.TOgVD.SWiyWvcaCyifQTM4vql.LDT2W', 'augustin.guibert', '1974-11-21'),
(40328, 'david.hebert@leduc.fr', '[\"ROLE_USER\"]', '$2y$10$7EELEaXdtjqR0fn6z2MbpumUkXbX3o5c21eWyafiz.B/OCvMU26m2', 'margaud.prevost', '2004-02-23'),
(40329, 'avallee@robert.net', '[\"ROLE_USER\"]', '$2y$10$Wrsvfgv.ZDVKEdMUMgQImu.tUi.wiu6sP2n4NruPR5Pjk90FjCwBm', 'charlotte48', '1992-03-20'),
(40330, 'patricia91@pineau.com', '[\"ROLE_USER\"]', '$2y$10$auoj3tRdEHARASeiAGXD6.9IlSO9WmjERF4.TomV3GJMwQqs1ufIO', 'nguyen.yves', '2002-05-04'),
(40331, 'cperrier@gmail.com', '[\"ROLE_USER\"]', '$2y$10$GULMpsDWgaJWla.m8OVq8.2EfFMrthkL2zHcz.MUWBgVodqwI4vuW', 'matthieu40', '1975-09-12'),
(40332, 'mathilde33@leger.net', '[\"ROLE_USER\"]', '$2y$10$lhiuboqCM6Xu2GhQmJ4NLuWSi0jqK.Jm2fe7CeGHXdaQ22WwVmEyy', 'raynaud.sophie', '1980-03-08'),
(40333, 'dalves@gmail.com', '[\"ROLE_USER\"]', '$2y$10$PnFjaqV5KBUDc/.OrQEdNeNiCbSGPv2BBv6Dk5p9J02E0/2s2pxIO', 'mercier.anouk', '2002-06-24'),
(40334, 'danielle88@live.com', '[\"ROLE_USER\"]', '$2y$10$TYKtypLGcVVq4HBSxH/1teEYwhDv9hkPcjj/gH8pOGhIxtbZ8VtXi', 'marc.leleu', '1985-12-10'),
(40335, 'chantal.blondel@gonzalez.org', '[\"ROLE_USER\"]', '$2y$10$BsyiRrT5M0IL3.QnEuwypeUGYoBCqqsbLP8OdzCJCfwzblEnErrL.', 'georges.remy', '1999-06-02'),
(40336, 'laporte.diane@legrand.fr', '[\"ROLE_USER\"]', '$2y$10$.EFnDbPB21FxIY2VaB6JvOkJEgHqpW.JITJ6cjjlB9kussqDGaDve', 'rmorin', '1978-03-01'),
(40337, 'thierry.brunet@tele2.fr', '[\"ROLE_USER\"]', '$2y$10$u/Z8Zbo8k5BVwkgzM.J6zuufL48A8vvAeNDsuAD/EY7BkU7sSC1q6', 'dblanchard', '1987-04-02'),
(40338, 'tmarion@arnaud.fr', '[\"ROLE_USER\"]', '$2y$10$IPgXP6MbZ/QMHc44m6DkAOF1RisCl1oJ9FPEehZTLoxJ/pCETst8K', 'joseph.benard', '2005-09-14'),
(40339, 'blondel.elisabeth@gmail.com', '[\"ROLE_USER\"]', '$2y$10$xkiHxzDoGN7TFqTVDjtifOktw1yPjvMnDf4xyyU8qecn8HZJfpnAS', 'paul.daniel', '1963-03-16'),
(40340, 'susan08@free.fr', '[\"ROLE_USER\"]', '$2y$10$nX1IFKX/e5IO7ZZ7trHffejuqek5ITnCWclAGnSUxs.zxI3.2Opry', 'ypruvost', '1970-09-01'),
(40341, 'emmanuel78@charles.com', '[\"ROLE_USER\"]', '$2y$10$3xu.66yhXHDAVex/0btfWO8CBnNvF8ev864Q8YUt8nkDhROdT15FK', 'henri72', '1989-04-22'),
(40342, 'catherine77@lefort.fr', '[\"ROLE_USER\"]', '$2y$10$f1BPnAnVhH9geJyI0xtB9edRTdMchfCm0gfSh8UgmpeMMZl0.krxi', 'bailly.alexandrie', '2005-11-05'),
(40343, 'denis42@laposte.net', '[\"ROLE_USER\"]', '$2y$10$YWWuKhSRHAYSyZNsi8pE9e.UDetmd8hMEGjXif4YP6JZc9f9QD6m2', 'umarie', '1992-02-10'),
(40344, 'imbert.david@garcia.fr', '[\"ROLE_USER\"]', '$2y$10$IapjAjWq/noychKUUuM88eB2gA/Z37eHWi4.HbmM4TSOXFkReA26G', 'fontaine.jean', '1975-05-14'),
(40345, 'suzanne.rolland@barbe.com', '[\"ROLE_USER\"]', '$2y$10$bVVshemxevAzq.wBFKDQMuE7UgyxcoSj292hyF40jldxND4ms5leu', 'jacob.alexandrie', '1986-01-03'),
(40346, 'torres.emile@sfr.fr', '[\"ROLE_USER\"]', '$2y$10$140tAW3PYYLY1oIkRoEaCuxIVNKzoOzYhN27ELwHwUMz4fhFCZnsC', 'alix.dacosta', '2000-08-21'),
(40347, 'bernard.xavier@yahoo.fr', '[\"ROLE_USER\"]', '$2y$10$jpR9eMda6xPc8TaS5nU94On.ocquiLINSvTwrGh3YYYu3X40g/K9W', 'ngimenez', '2002-02-12'),
(40348, 'marthe.dumas@noos.fr', '[\"ROLE_USER\"]', '$2y$10$ln3Aog0D7NbAV2tMI6ln1eEhkuCCGnU1DGoY1xRrBSah39NezRori', 'chantal37', '1999-02-06'),
(40349, 'nath.huet@poulain.fr', '[\"ROLE_USER\"]', '$2y$10$MX8amSnsdF5SXBIaloDmf.uhipYUGXwkbT4Jgi0RfY438SImUkgrO', 'eleonore02', '1996-03-04'),
(40350, 'laure.godard@free.fr', '[\"ROLE_USER\"]', '$2y$10$EH9UefkAjvr.z4.RB/BYXuobTrhaTP3gdP7/jRWFbbRVqrGMqU3oe', 'isabelle.leroux', '1968-08-15'),
(40351, 'hortense.delorme@noos.fr', '[\"ROLE_USER\"]', '$2y$10$JYlvwvIVSg9KSerYAoAxuOCNuR2pimdAbDn8iHxh4nNXVkEP26BMm', 'urocher', '1999-12-17'),
(40352, 'lecomte.tristan@laposte.net', '[\"ROLE_USER\"]', '$2y$10$y3lFP5LFBizu55a67WQM2.fqh0Kr90QQyoyLjdyI8vEFF6A5QNH3C', 'antoinette.pinto', '1969-08-07'),
(40353, 'vaillant.olivier@orange.fr', '[\"ROLE_USER\"]', '$2y$10$LJP.Z4R4VdIDXY27QkwY3eu4j5az8bcZQViqR9gxkE04neaiMIOxO', 'remy.leveque', '1986-11-26'),
(40354, 'ilecoq@peron.com', '[\"ROLE_USER\"]', '$2y$10$84EdByYlocvpVePJMNzNEurL0KQR445HtD67C5XXAmdBODpq7S2vC', 'mlecomte', '1984-11-19'),
(40355, 'laetitia00@guibert.net', '[\"ROLE_USER\"]', '$2y$10$7LWxruHVWkfF/1l7JpeW2Oi2In6sVW3fKKvJi1jWis9GUOkysy8.y', 'arthur.rossi', '1971-12-28'),
(40356, 'dfischer@gmail.com', '[\"ROLE_USER\"]', '$2y$10$KBAciXo.yVJ4X50RRf6JNexUr5Ohkt14SedxoMSk2Ps8zIwLfnz2y', 'isaac46', '1992-05-30'),
(40357, 'mmenard@maury.fr', '[\"ROLE_USER\"]', '$2y$10$Pu8quLrmDBvrn5j.QGBLLuZ/2LejDk0N9Zz6YDTI2qM2uowX/7kjG', 'oleclercq', '1994-11-15'),
(40358, 'picard.marianne@yahoo.fr', '[\"ROLE_USER\"]', '$2y$10$EgOBslRkXEg6HIUWFw7IE.ytZHL8HcxaK7YvCPXXb1eGfS0i4.AP2', 'gregoire.elise', '1983-08-22'),
(40359, 'david81@dbmail.com', '[\"ROLE_USER\"]', '$2y$10$MjuLcMjS2wRTOBUjL93zveZuztWt23jmsNp2rBQr8UFziu/VlYcCK', 'ines50', '1966-05-06'),
(40360, 'ruiz.martin@pichon.com', '[\"ROLE_USER\"]', '$2y$10$ahpB97TO7Ua2HGbwi7SNOuB7ehhoXSFBPmt.qqaAyib2Bd3Vcjg9y', 'wagner.guillaume', '1996-04-19'),
(40361, 'kimbert@raynaud.com', '[\"ROLE_USER\"]', '$2y$10$Bm2DwkkekaVKAdghIXgR/OOG9bJAoQ4WQ4WezpagWNBmVPtdYQJ7C', 'wperrier', '1970-04-20'),
(40362, 'aime86@ribeiro.com', '[\"ROLE_USER\"]', '$2y$10$lV17m7GsBk09qnesipWKsO4cGAaed9w7EGguwlZSdEjEldDpM0Zki', 'elise.francois', '2001-05-20'),
(40363, 'renee.lebon@orange.fr', '[\"ROLE_USER\"]', '$2y$10$CyNWz8wAXvgGApBh6sMA..cHq4evDzL537BBGbXIp/yNSmWK8fywy', 'delmas.sophie', '1991-07-15'),
(40364, 'georges13@gmail.com', '[\"ROLE_USER\"]', '$2y$10$VZ0mqC2FPT/EKCut8SfcN.kt4PrjamHyHFwLqcJA9gzHU17IXexwi', 'rbourdon', '2009-01-08'),
(40365, 'lguyot@live.com', '[\"ROLE_USER\"]', '$2y$10$sShaZwBYvSguHg4LHqQblOAgts4Fv2Apeuoz2iq1tQyMnCA2CXyr2', 'delmas.jerome', '1967-10-19'),
(40366, 'collet.noel@club-internet.fr', '[\"ROLE_USER\"]', '$2y$10$MZdOPH6ltbZSxj2n9bzD1u06C36YSH8RMLBDhtFBUnUBFVRotOMT.', 'ogarnier', '1968-02-18'),
(40367, 'uberger@dbmail.com', '[\"ROLE_USER\"]', '$2y$10$gOH3jQoLfsFoTYNo4hA6kOLQCXnG8CIR842pqW9hXm2FnTrFadK46', 'egros', '2008-03-25'),
(40368, 'gmunoz@francois.com', '[\"ROLE_USER\"]', '$2y$10$PUUlx.dGIxxCNNquSlkaruU44UPISU7yq.n07h6Po/fEkHbNFcNmS', 'cgrondin', '1963-10-16'),
(40369, 'charpentier.juliette@hamel.org', '[\"ROLE_USER\"]', '$2y$10$5YlMzKIGkM8MGZrGeoutf.Ffb55hLDNF9fsh2KjYLh3PSNyFCZUIW', 'eleonore82', '1987-01-24'),
(40370, 'cdumont@mahe.fr', '[\"ROLE_USER\"]', '$2y$10$Krif1ZxjOx.KIz/ZDRxQEungNFrA0BvZEKsauI42fKD9x1PkiFp0m', 'margaud84', '2001-08-17'),
(40371, 'denis.marchand@leclerc.fr', '[\"ROLE_USER\"]', '$2y$10$ClJdzW/Xl.crFz7zPFCCG./LKgaojMgMwGSvGNV9kER.jnMsO8BZ.', 'christelle66', '1977-09-19'),
(40372, 'gilles.pascal@morvan.com', '[\"ROLE_USER\"]', '$2y$10$NS.6C6YkGoXP/e/g3Fyi8e1fXD.6ZtdDW4OmA2kIS.0UxZhfeBfwK', 'deschamps.thibault', '1973-01-13'),
(40373, 'tessier.marc@lamy.fr', '[\"ROLE_USER\"]', '$2y$10$i1yIPOC5bCWUKIK9OR.jvOhbwzR8QwlWWS.pZDbMFwnL1V6ss2BMa', 'noel.arnaude', '1962-12-13'),
(40374, 'augustin.texier@wanadoo.fr', '[\"ROLE_USER\"]', '$2y$10$wj.hO1l3wXjZEWmLvmkcKefWBQpaa8SzttcxXS0Ld5Z7s7FVwL/92', 'louise.lambert', '1975-03-04'),
(40375, 'nicolas.lebrun@mary.org', '[\"ROLE_USER\"]', '$2y$10$Ygw6WTL.IDzCQYlNjatn4uyAbuSv/EAxFN90KgL6V.SAHDSQciC12', 'rmichaud', '1983-01-27'),
(40376, 'victor.maurice@weiss.com', '[\"ROLE_USER\"]', '$2y$10$y.TNJFDJ18Ciuo.ujG1/3OSFanSaLCRSeLf3MedUWN99ajTalYCzK', 'wpereira', '1963-09-09'),
(40377, 'bmartineau@neveu.fr', '[\"ROLE_USER\"]', '$2y$10$jtM1FiVswc.9u7zLDnT5letUrBVx.ECCA3NRj7FW0fA6y65DvtuRW', 'matthieu85', '1966-10-20'),
(40378, 'jules.meunier@orange.fr', '[\"ROLE_USER\"]', '$2y$10$I6JXuJxjF4tOGEfp.CSskuvF1fYWqMsIAbAVuK2PipNgOCmlEX1tO', 'brun.maurice', '1962-12-22'),
(40379, 'evrard.sophie@hotmail.fr', '[\"ROLE_USER\"]', '$2y$10$zBjMr5Yxsk36G1bbzjCzZuMizgejAIJT4UIotDMaOjnsKdTDV76Zu', 'rodrigues.henri', '2005-09-15'),
(40380, 'adrien.auger@millet.org', '[\"ROLE_USER\"]', '$2y$10$sB4w7JuKnlpcfBeb2dCmh.kuubD5wGEnGQmqzSFMxZi3FBxkfQoEW', 'agnes.arnaud', '1976-11-02'),
(40381, 'gtorres@riou.fr', '[\"ROLE_USER\"]', '$2y$10$bVgmZcSqIxFBbKBTcvruNOX.zSUcWYr0NG26eQqaz.ws9etJ5sL/O', 'paulette.delorme', '2008-10-05'),
(40382, 'hebert.christophe@noos.fr', '[\"ROLE_USER\"]', '$2y$10$jJchHkW2BinizzQ/36lUsODHy9UoltICcNckvaPoB86PcQJCmR5by', 'martine.guerin', '1983-12-09'),
(40383, 'tristan.pons@laposte.net', '[\"ROLE_USER\"]', '$2y$10$YulVq8CAyv16HteOECH4EOs.AVFSuZ1L/tTGPxPm1nRItllp5fdV.', 'barbe.claude', '1971-10-21'),
(40384, 'gtessier@club-internet.fr', '[\"ROLE_USER\"]', '$2y$10$9NE90lcjymVSb.KtizDGouUu18q13ezlWadFEHiw8Rc8wAq5GJFve', 'delannoy.julie', '2006-05-10'),
(40385, 'elodie.etienne@noos.fr', '[\"ROLE_USER\"]', '$2y$10$BgnpBwPuR2qu9B.KbMt0Ae06MFxzL62VVTY8DNxCwyl3tD.NuXU.W', 'chauvin.margaud', '1985-07-07'),
(40386, 'xmarty@vallet.com', '[\"ROLE_USER\"]', '$2y$10$QHp0qr3gvBK2C2GmHTbXRuH/D4jBmWP/YJbkcwJvdhDvcXxTwgGKS', 'guillon.stephanie', '1994-05-09'),
(40387, 'hugues.martin@free.fr', '[\"ROLE_USER\"]', '$2y$10$SFLzA3LOVECMNUDAvfMTMeni2V/mASgFd.AdGLWmXpSUrQFajm6ea', 'ifernandez', '1980-07-04'),
(40388, 'uhenry@free.fr', '[\"ROLE_USER\"]', '$2y$10$LFAJHnhXPfJR5wS7UhcuT.mQQPPCbENesH0qgM4XLg.Kzliczkihq', 'isabelle.rousset', '1992-06-14'),
(40389, 'lejeune.nathalie@gmail.com', '[\"ROLE_USER\"]', '$2y$10$.DS90UtXUUE07RV2ktYx7OmZz4HdbTNoIFDvTqfCWVSCbxIloz4E6', 'tristan02', '1971-01-30'),
(40390, 'charlotte56@gmail.com', '[\"ROLE_USER\"]', '$2y$10$BukH2ejWFasebUwAHMXau.LBhHWT2mHmQCl/jLZ3FDoP000zULq0W', 'clemence24', '2000-11-14'),
(40391, 'claudine83@tele2.fr', '[\"ROLE_USER\"]', '$2y$10$Tb.cyNWzGTCXCVXXMzZbU.aSSMYvM3Fn6ULTDwHOg/L3rdOuRWDvq', 'raynaud.patrick', '1997-10-21'),
(40392, 'aime12@brun.com', '[\"ROLE_USER\"]', '$2y$10$GoqupCzSYfKYtkg8Sr.tGOQ3tJjlWy0hzI4e2U8x9uu3QjWmxaJr.', 'ggodard', '2006-05-31'),
(40393, 'aime25@dbmail.com', '[\"ROLE_USER\"]', '$2y$10$nsGSopLqlPibAcF1lxeOoORJS6uALUl09pVLEZaycs5uJ2tfImdeC', 'christelle.alves', '1984-10-15'),
(40394, 'dias.sabine@noos.fr', '[\"ROLE_USER\"]', '$2y$10$rVyO4CPwOwmi.bkoNxATbe4W7P.YqoKX.prvWue6DFSPP2jePTwKy', 'gilbert.david', '1974-07-26'),
(40395, 'gregoire05@dbmail.com', '[\"ROLE_USER\"]', '$2y$10$aO619xLVjHM1ptgk0uxpYOrMiuOAxYVZqeVqs5ww9k6i5/KrZe1Nu', 'jules.jacques', '1992-05-05'),
(40396, 'david17@noel.fr', '[\"ROLE_USER\"]', '$2y$10$xnmYfGx1wAq0qYAK7os2deRkKwL5fdWq2BNtx0i.BNWtuPEv.qXza', 'agrondin', '2003-02-13'),
(40397, 'isabelle02@laposte.net', '[\"ROLE_USER\"]', '$2y$10$hkno9tScxNszxG8YSmj7q.C8MR7mAYCNfil2RyjjbvajjKvlytWni', 'jeannine63', '1967-06-15'),
(40398, 'augustin56@coste.fr', '[\"ROLE_USER\"]', '$2y$10$h6by73idIsok1og0/Icopuf6jzjfrQLoSi4mlNfF5lgtArFepPejy', 'erossi', '1965-01-04'),
(40399, 'sebastien03@bourdon.com', '[\"ROLE_USER\"]', '$2y$10$P.akSJn9ivozxXH1M9E4RuEbo6vYPbsK2Qwn9nwS4/Uf.p1.33Fni', 'loiseau.simone', '1972-12-12'),
(40400, 'gabriel.fabre@hotmail.fr', '[\"ROLE_USER\"]', '$2y$10$44/wO7AkOV/QmZLH79QcKeORi2cxWLkvjHOcBK1t1uEHJnKjQ7q8.', 'gautier.maurice', '1973-05-25'),
(40401, 'jeannine.marechal@laposte.net', '[\"ROLE_USER\"]', '$2y$10$5Tm1y8aE0YW0l0s8qgwb9eSKSQa5XPDUFuN0uZYzj2Zy0kQ.m3S/.', 'zetienne', '2000-05-23'),
(40402, 'vlebon@dbmail.com', '[\"ROLE_USER\"]', '$2y$10$hS374lXUtIUtVB68uU2tx.M.NXniSQSCWma.Xp7HASMFkGLJMDPVa', 'aevrard', '1988-10-15'),
(40403, 'leduc.thibaut@free.fr', '[\"ROLE_USER\"]', '$2y$10$nc7.9NV6TwTJYWuKKz1qWeR3pGNc.DB2LbGPtXq0VND2eZjZivPtO', 'adele61', '1977-04-03'),
(40404, 'lucy61@lefebvre.com', '[\"ROLE_USER\"]', '$2y$10$F431ldwuZKv7AgXl/NyNt.LnANnluueuQJPTDHVUcrojCorOP7Fyu', 'toussaint.marcel', '1964-04-24'),
(40405, 'elise19@laposte.net', '[\"ROLE_USER\"]', '$2y$10$MFm0qiOEajwbRiU8gLjJeOWeq7M3iJr.mABj0zTpkjSn3BJ1fBCXi', 'manon.duval', '1977-10-05'),
(40406, 'constance.petit@pottier.fr', '[\"ROLE_USER\"]', '$2y$10$6m5xL5/2Lk7p/y0C9vN3ceYbDneYTkBCk3GBtVoOP0GiSH1IDXPCS', 'danielle32', '1972-02-14'),
(40407, 'emmanuelle.bernier@noos.fr', '[\"ROLE_USER\"]', '$2y$10$pHIEI.UvW6506pkBLOcVnuquLPTuUq8lXv1qC.b13jPkkK3YrwXP.', 'victor86', '1976-01-24'),
(40408, 'charles.jacob@dbmail.com', '[\"ROLE_USER\"]', '$2y$10$T9umZV.L7siQVwXKnFJWsOONBQbx2OAcrYkq96bhb2Dw0pF6HnDfC', 'olivier61', '2006-07-11'),
(40409, 'daniel.olivier@rodrigues.fr', '[\"ROLE_USER\"]', '$2y$10$kmE9CG6YBsJc2FKKQIERx.cfoAKgACvhsthLW0a8bWwWQSFjOnSLm', 'nicolas23', '1998-08-08'),
(40410, 'mmarin@club-internet.fr', '[\"ROLE_USER\"]', '$2y$10$PU6RMX4LSZCGhI9I6teXuuKqk0QRjW0nCnroSYl1/novDEapv.K3u', 'lebon.celina', '1965-04-01'),
(40411, 'llegros@rodriguez.com', '[\"ROLE_USER\"]', '$2y$10$x/zfubFQZU1xXRt9BJigfeBVCccx9Rerf2qogXstR7rEnaKoHgSqW', 'antoinette.renault', '1973-05-15'),
(40412, 'alphonse.renaud@ferrand.com', '[\"ROLE_USER\"]', '$2y$10$nLtBOO9.NR8jWMXd7OWg4eW8vBLbRynDsrkpu5k3X78yf3yoPBqTe', 'christiane76', '1978-03-24'),
(40413, 'anne31@lombard.fr', '[\"ROLE_USER\"]', '$2y$10$BI/LI4wk2A6gGPcpmNGbpu56RmjK/XdWyc0O51pHgBLryMPc5o1cm', 'dmendes', '2006-06-11'),
(40414, 'lucas07@yahoo.fr', '[\"ROLE_USER\"]', '$2y$10$MwkE64tTgXI5aD0gZzGXQeouWwlBnf6yQqCEjz7Rz1WOdyTYIJDji', 'julien40', '1995-10-11'),
(40415, 'emmanuel20@hotmail.fr', '[\"ROLE_USER\"]', '$2y$10$FEVx0I0XPqwCHK92MmTuE.1BB76g7D3618mED9ttVvT.7FI0OXh9W', 'bertrand51', '1998-12-14'),
(40416, 'edouard80@hotmail.fr', '[\"ROLE_USER\"]', '$2y$10$eQLAx4N13qBVSVYmyeZI9uHajikwpSqOi6uzG9JYMhrBlUDM/Fjsq', 'ylemaire', '2008-05-06'),
(40417, 'patricia.martin@sfr.fr', '[\"ROLE_USER\"]', '$2y$10$YWJzV/s1xbtqK3MJ9msGNeVVrmgMKjEhyo.Vmmw9vcbrftdQcyy.K', 'lucy49', '1991-09-19'),
(40418, 'chevallier.emmanuelle@free.fr', '[\"ROLE_USER\"]', '$2y$10$FsPUDM.0MeplodcEmnP4POMRpBdhuk52rUBYt.rgHtaFpEmlUvXFm', 'margot.petitjean', '1999-07-09'),
(40419, 'christine.marques@richard.org', '[\"ROLE_USER\"]', '$2y$10$neYbDBJ8ELN4bWv3l3Te8.8nxOxPCTB9D/IkLF2rprLnO/TRZ9KlW', 'nvallet', '1979-06-14'),
(40420, 'margot94@carre.com', '[\"ROLE_USER\"]', '$2y$10$epHocjQ7l3j7NEMVWAVBg.qsNarjXm87xuRKfodLUa5cHXknFD3xW', 'auguste.gay', '1970-03-17'),
(40421, 'guillaume.arthur@live.com', '[\"ROLE_USER\"]', '$2y$10$LWNCAgCx8EvOOiscIJr0jes25JOlGXLV/pUJcnk0JzySqVA4oH7o.', 'honore10', '1994-09-26'),
(40422, 'susan.michaud@wanadoo.fr', '[\"ROLE_USER\"]', '$2y$10$khBVjXapp52zRgdWZP1ItusF0NU/qR70T6OgzrC5M.SQbwjrA7CLm', 'rbigot', '1980-03-22'),
(40423, 'abourdon@wanadoo.fr', '[\"ROLE_USER\"]', '$2y$10$rCB1d79SJczL47MkBGnlEeF6v57ze1kFO9uOha/NK81n88OIbYEcm', 'afleury', '2001-02-08'),
(40424, 'perret.elise@sfr.fr', '[\"ROLE_USER\"]', '$2y$10$iq2lwfsoSzjXVoFHbQu2OeZBXr0RFmQCQJzmIBG.F5dzZxOyX8hV.', 'maurice.fernandez', '1979-08-16'),
(40425, 'aime15@club-internet.fr', '[\"ROLE_USER\"]', '$2y$10$rgCOI2kbxqO.Iho718yjtO2ULjzt5HMBCdmOBOyf6V7EA461vUUCy', 'umichel', '1991-08-21'),
(40426, 'marianne.leroux@rossi.fr', '[\"ROLE_USER\"]', '$2y$10$KEN5zkAYz8v95Ie6UIQfT.s.1nn0IuZdsmqUF7nxjArL5ur69FOXO', 'elise35', '1975-07-08'),
(40427, 'eric.techer@ledoux.com', '[\"ROLE_USER\"]', '$2y$10$N5fg0BDxDXuYkx81hCDSVO34ForAy6RmCeocpoErZeOmkiVP5fMdG', 'hjacquot', '1981-06-25'),
(40428, 'blanchard.edouard@regnier.fr', '[\"ROLE_USER\"]', '$2y$10$3OqGfCotpDcJbtB6U9bFoeeZ3Co9JHAsy2CB7ykFtEM9mqlIjNCje', 'eetienne', '2003-06-11'),
(40429, 'xgilles@noos.fr', '[\"ROLE_USER\"]', '$2y$10$ES/tzM3dGmV9Egi3FyEL7.LR0u5FCdFr/c7N2rfE1d.9uE/.PBnhq', 'aime.evrard', '2002-08-26'),
(40430, 'deoliveira.laurence@free.fr', '[\"ROLE_USER\"]', '$2y$10$8gaxOOIGIxLd2wAW8t6WNO/8AeNsxfYrKftOjNu534Rl5QzaOtD32', 'legall.nath', '1965-07-20'),
(40431, 'jourdan.agnes@giraud.net', '[\"ROLE_USER\"]', '$2y$10$O.OcGPOYtYV6jaCdvul.kOghWa6LZLiOA2Hzs.Cbwxee8f7eQUykW', 'herve.victor', '1978-06-29'),
(40432, 'agathe.bourgeois@yahoo.fr', '[\"ROLE_USER\"]', '$2y$10$r7gC3On57dThyb8.cJ4Xpe8HDpyiTrKWwEI3XykGZfyUOoFepOTNe', 'ethomas', '1989-04-23'),
(40433, 'ines03@club-internet.fr', '[\"ROLE_USER\"]', '$2y$10$E8JvhWc78YwKdfXyhWeYWuReaumfG8.uMGRbRaK3.mFMCOLKAaI9C', 'joseph.collin', '1988-04-05'),
(40434, 'emmanuelle.perrot@allard.com', '[\"ROLE_USER\"]', '$2y$10$oyurE0HiHRxLWoVG.Ju7ve3bu2gPWdX0LtMRORBV9HyDeZdlsEiYK', 'guyon.ines', '1962-05-13'),
(40435, 'dlevy@orange.fr', '[\"ROLE_USER\"]', '$2y$10$LhkP15Ej.vos0Ik2V1QFg.scqEs3YvdDYdBerKzpqFhCnHUQtrnva', 'blecoq', '1994-03-15'),
(40436, 'andree.giraud@guyot.fr', '[\"ROLE_USER\"]', '$2y$10$dq3ZibsqBIyAOONnEGI.iO98PlwDkAShYev7WUJ82O6TP.ZsH/7QK', 'dfouquet', '1992-02-15'),
(40437, 'margot53@yahoo.fr', '[\"ROLE_USER\"]', '$2y$10$Juc9u49R/bN9DCmsoqXxmOHImsYLq.GEUv6rZYiMEdQN3fyu0/J0a', 'alain92', '1989-03-02'),
(40438, 'stephanie11@rodriguez.net', '[\"ROLE_USER\"]', '$2y$10$MfSTT09pmeAn4ppCuUtTzOiDi1z4ilctbyPtZqtJixgOiBZUvjYfK', 'colette.barbe', '1995-01-26'),
(40439, 'gilbert76@noos.fr', '[\"ROLE_USER\"]', '$2y$10$8gaSc97TWtEnhpgCqbcIzukg59279ysLtQ/2lPAKw8QIUr6a8HQaW', 'elisabeth.pelletier', '2001-08-21'),
(40440, 'mguichard@gmail.com', '[\"ROLE_USER\"]', '$2y$10$Qd1yH7vKcx9RYCkrlOVXq.RVjLN51jTQZSLL2xuNrleL.fHnlj3lG', 'sabine41', '1975-04-13'),
(40441, 'benjamin72@verdier.fr', '[\"ROLE_USER\"]', '$2y$10$DCoAQecA8QI8Ub2R0VlO6.oqPjKlP49JD5c9LIj5imjCfGpCXvdDa', 'stephanie.gilles', '1992-12-10'),
(40442, 'timothee29@dupre.fr', '[\"ROLE_USER\"]', '$2y$10$QirTng2mfzKUQOsAEK11buNWVPzY2CJYVmJMu8EyR5B0H06RWqXaC', 'vincent54', '2001-07-03'),
(40443, 'legoff.jacqueline@hotmail.fr', '[\"ROLE_USER\"]', '$2y$10$DQc5S7T2fNLcGaNWZ9QvIOddVJF9taDqRGGo34v4yuzzlfa.3C3UO', 'georges.olivier', '1967-11-02'),
(40444, 'madeleine34@wanadoo.fr', '[\"ROLE_USER\"]', '$2y$10$C2IY/x5TLvK9K0exdxbA/OFKerm7F12gPIa70R0UaaTJCC3vdUe/S', 'mmaurice', '1983-11-22'),
(40445, 'kbodin@roger.com', '[\"ROLE_USER\"]', '$2y$10$fx5.5Pskr/V1YYw.q5PIm.dIdtSZyFs0cpE84e7heKG57TPKky1bC', 'suzanne11', '2006-03-03'),
(40446, 'jboulanger@club-internet.fr', '[\"ROLE_USER\"]', '$2y$10$g/gskqjHn0nuUbPdYSVrG.noRZhfcNg6bYoNQPwOkdXrLVtSwJiri', 'josette21', '1983-11-28'),
(40447, 'yguibert@wanadoo.fr', '[\"ROLE_USER\"]', '$2y$10$zegnUOKN/OA.V25qs/AM9udq5y4o5YAvMZBfybPOpofRGSsdb6VZ6', 'bbodin', '1994-10-01'),
(40448, 'paul73@lombard.fr', '[\"ROLE_USER\"]', '$2y$10$XbUbR6F3Fc39g1Y5.wpigOAP06jk.t4fQxT0MoijgMWjLAlAFv60q', 'adele.chauvin', '1980-02-29'),
(40449, 'jean.raymond@louis.fr', '[\"ROLE_USER\"]', '$2y$10$7jWPPrg3YCKq./tUPOVljuy7Hxg1TBjYwck5i2Z/DwxDAu/mrGM/u', 'charlotte71', '2004-10-27'),
(40450, 'vmartins@gmail.com', '[\"ROLE_USER\"]', '$2y$10$VC5sbvpqVR/8lF8VTvYwse2kJclxZ9a/ZqpAfHCKhZSy7.GWUCINu', 'wboulay', '1983-05-20'),
(40451, 'yves.bousquet@dbmail.com', '[\"ROLE_USER\"]', '$2y$10$COPNN75D5Bq3KzTB2hYypuJc9H.vuhdtm9AUwwqpCGY4cseD.cD3O', 'kbodin', '1975-10-15'),
(40452, 'aimee.lucas@gmail.com', '[\"ROLE_USER\"]', '$2y$10$uIu/LywLMUlxYul.hWgD.uknFfxXpq6otAEBqAHGflQuA3o7ywDgK', 'dupuis.nathalie', '2005-10-03'),
(40453, 'dorothee.aubert@vasseur.com', '[\"ROLE_USER\"]', '$2y$10$4FgnxtdJHAWc665L8DKMwe4STrNL4zozH.AmIj7X2/fZqMEwPtYpK', 'dias.francois', '1978-09-21'),
(40454, 'legendre.marc@fernandez.fr', '[\"ROLE_USER\"]', '$2y$10$jwr2yD92NjvpA0VPTvMrsuLyEDGlKQBZdc3GexD17.eKW/Hf2cFmy', 'gilbert.coulon', '1987-12-02'),
(40455, 'traore.christiane@noos.fr', '[\"ROLE_USER\"]', '$2y$10$QRtO9v6pUdc7kOIH/y190eaxHKQzvbWa2c4N3YMDAkvWBZ6s/QoH2', 'ymasse', '1973-06-03'),
(40456, 'bernier.maryse@live.com', '[\"ROLE_USER\"]', '$2y$10$R/YmPoNobWtCAnco8wngOOSOOESxgQ0Xsis98p03NUS2vSVgazUve', 'tristan.nguyen', '2007-01-07'),
(40457, 'olegros@tele2.fr', '[\"ROLE_USER\"]', '$2y$10$IlLeUEJV4Mh3DvumDdQpNefmAU4jbZfrHksG18BWHve7NvH8oAM26', 'iremy', '1985-10-23'),
(40458, 'grenier.arthur@dasilva.com', '[\"ROLE_USER\"]', '$2y$10$ZxGv4p8HOZ2ByvgyxVgpSuMFzjzrf8tfUr2BVOfn8eYIzdbNABFjq', 'launay.capucine', '2000-10-02'),
(40459, 'emile38@georges.com', '[\"ROLE_USER\"]', '$2y$10$BhpoW687fz7JniIO.uJeK.08.dWP98cS/xLnV0ZNw.klVrxGqQ/mW', 'olivie.lemaire', '1988-10-24'),
(40460, 'madeleine21@orange.fr', '[\"ROLE_USER\"]', '$2y$10$SsdKuZdfFPj8MJ4l0w5zBuMquRWO25E9vh2j0ijptAHO5hGRnJLiS', 'gerard.bailly', '1972-04-01'),
(40461, 'jgodard@tele2.fr', '[\"ROLE_USER\"]', '$2y$10$dZpWeR6hFL6tfQreByuhZ.x0J4zj8ucUAfniPWNEvaYDZKiAgmClS', 'leduc.alice', '1996-06-24'),
(40462, 'cguerin@germain.net', '[\"ROLE_USER\"]', '$2y$10$FrSBcqvj.h9X1IfVVnGEbO3fw9oXM8fSncMEySbz1ww4tOQ.tYaji', 'antoine.charles', '2001-04-08'),
(40463, 'laurence.barthelemy@royer.fr', '[\"ROLE_USER\"]', '$2y$10$/MezO4x1IwnWsyiM0rmjNObVaZsnkaPQ86lIHwAsGy4BPfVBGbcBa', 'garnier.robert', '1974-07-15'),
(40464, 'william.bruneau@dbmail.com', '[\"ROLE_USER\"]', '$2y$10$Ye3YbJxDMNuAS0k6.1K83uTuJDxPm4ScQlWyoaUidRnJ7JcYTaCPm', 'roger28', '2008-06-07'),
(40465, 'colas.luce@noos.fr', '[\"ROLE_USER\"]', '$2y$10$7RMA576Y/VPI.U1fcSshne867.KHTpaNeAEBBPzlIK.gWUAXCb.Im', 'marguerite.verdier', '1971-06-07'),
(40466, 'laetitia93@dbmail.com', '[\"ROLE_USER\"]', '$2y$10$NP3aGmA9D8kNsgufNn6kQuZG9EYRFn7VRmbCuiwxqGg2Ems8uhiSi', 'rseguin', '1998-03-05'),
(40467, 'aurelie.legoff@masson.com', '[\"ROLE_USER\"]', '$2y$10$8yY5kFjIrW8tsJQ9A0Vs2.xHHfHm0VkyA/bh7CoLRGk/TapYZFoBm', 'agathe34', '1981-02-22'),
(40468, 'marthe66@blondel.fr', '[\"ROLE_USER\"]', '$2y$10$m5y3MtO1pnKaEBU1S663QOrBeoRmPM/K0gEThdPrqRpA.cOyT12Dq', 'emile96', '2003-08-23'),
(40469, 'noel.rousset@dumas.com', '[\"ROLE_USER\"]', '$2y$10$f.UZ7TpihyweGBp0Pn2vdO31RU09XcTsfuXrqVUJsldjYPOYLZzxG', 'gabriel.alexandre', '1989-02-05'),
(40470, 'robert.begue@pages.com', '[\"ROLE_USER\"]', '$2y$10$osTN.pB7L5V9eBMtzMymdeH2rAffoKH43zCvOM2LrPSXVOOGm82Cm', 'odette.pires', '1989-01-30'),
(40471, 'christophe30@hotmail.fr', '[\"ROLE_USER\"]', '$2y$10$Pz4jtY.gq7fwcfj9ShFAceVupEOBmrl1w/inbJdZNdYo/yyno87PS', 'gperon', '1993-08-18'),
(40472, 'jacques18@ruiz.fr', '[\"ROLE_USER\"]', '$2y$10$WBE/opJxdoCPrpch3aWxQO./2cx7L7foGAfcSd9NXwipIRS2QIwDS', 'dmoreno', '1967-11-13'),
(40473, 'guyot.raymond@orange.fr', '[\"ROLE_USER\"]', '$2y$10$BVL/qW4SgHMv9S8CUf7NwuoASheqZrb1/U7aWu1BqA7XoKFltAKNG', 'franck.bertin', '1979-08-27'),
(40474, 'laurence.pages@gmail.com', '[\"ROLE_USER\"]', '$2y$10$a97OW0ovl2QAzD857UQ02OS.1MU1nSYodH5PblZHympBaDFx6yxeC', 'georges.salmon', '1973-10-11'),
(40475, 'dominique.gosselin@marques.fr', '[\"ROLE_USER\"]', '$2y$10$wu0nRstgr7F.iBLRKqisiOKKvp49WR/8FB5QjRX2FWOZVzL6ox7iC', 'agathe.hoarau', '1963-03-19'),
(40476, 'lenoir.raymond@noos.fr', '[\"ROLE_USER\"]', '$2y$10$cQzcrNUa1Wd2JoDa5h0fyuE6OojBbHzf0Dh8NmL8vu5FWIs1RthHa', 'eric63', '1966-07-13'),
(40477, 'renard.sabine@yahoo.fr', '[\"ROLE_USER\"]', '$2y$10$.Nt1D0pY/K8hv91MGuDfte0aBtphUswtCxPEWRzBHy.LwgJV.Z3Py', 'dominique42', '2000-08-31'),
(40478, 'henri40@live.com', '[\"ROLE_USER\"]', '$2y$10$54b9siWZiMUajN3/3aaSw.QXnFTOnF5.6Yrrn9oDvFMFmvkEQztAC', 'renaud.theophile', '1976-08-29'),
(40479, 'diane25@orange.fr', '[\"ROLE_USER\"]', '$2y$10$EE55VKcarbEYpyPjku24pO/uhbPdIoSEWFQyoJxz3Mq2y2sxQCeqq', 'guillon.ines', '1965-04-05'),
(40480, 'philippine.philippe@delorme.com', '[\"ROLE_USER\"]', '$2y$10$YRo2SdGEAxKa/hWeGelTlekhuyoV85.46sn3LichcodNlu25WkYxq', 'amelie.dumas', '1972-01-16');
INSERT INTO `user` (`id`, `email`, `roles`, `password`, `username`, `birthdate`) VALUES
(40481, 'fouquet.paulette@pons.com', '[\"ROLE_USER\"]', '$2y$10$BB2wRdioL/JY7G1pB2/U1eJUzTqaFTgueHdI0JL.YZd6gh1SrSYJ.', 'gerard68', '1963-04-23'),
(40482, 'robert.marty@pinto.org', '[\"ROLE_USER\"]', '$2y$10$uzGT1nHamyu4hVh4NbZFwupYJr3UIKB8LN249EaQOdzxUBPzM/vQK', 'jrousseau', '1985-04-08'),
(40483, 'xturpin@noos.fr', '[\"ROLE_USER\"]', '$2y$10$SVXt8iuYa1zqls1qZnvYlevTsy6RWkQIXXGEOWHt3e706Nm2OJxiy', 'xpoulain', '1988-04-20'),
(40484, 'anne.fouquet@gomez.com', '[\"ROLE_USER\"]', '$2y$10$fHtnszDJJ.DPr0WVvcKplO5btOSMO1Ga69NpVwAnnzvzyn3q.B5W.', 'astrid36', '1964-09-09'),
(40485, 'ssimon@yahoo.fr', '[\"ROLE_USER\"]', '$2y$10$I9ZqWf8MYsP3QB6hOfiDveYdS97ShneX8JX02CJ0.6yHxCun78Wc.', 'chantal.martinez', '1965-09-18'),
(40486, 'cpetit@sanchez.com', '[\"ROLE_USER\"]', '$2y$10$kFnS/cYXbshLBDm7QQhOgO0tLYzwcMCbBXw2ZsE4G8E/hGs9QWXza', 'simon.bernard', '1986-11-29'),
(40487, 'dominique.alexandre@dbmail.com', '[\"ROLE_USER\"]', '$2y$10$ZCh3WpqMOAiMeRR27sPc9uH9E5q2oW7tGG3mFOjBM.xcWCXBgidw2', 'jacob.gerard', '1984-08-31'),
(40488, 'mmorel@gmail.com', '[\"ROLE_USER\"]', '$2y$10$hc4QK.rNp.skLAe8sg4jvung/WXmR.X04zyA9aPKBSB0a5tbDAMMK', 'nathalie64', '2002-10-16'),
(40489, 'blanchet.andre@blanchet.org', '[\"ROLE_USER\"]', '$2y$10$SNdqUmZffAu34n/2MiCGj.ZW5fA89rSdJaZcH9FV5rqkd9zL1opoy', 'germain.pierre', '1973-09-13'),
(40490, 'louis.bigot@tele2.fr', '[\"ROLE_USER\"]', '$2y$10$zPDDEIaJfpS5Q/eUYIeZp.fEiugThhqSIBdJ7/V3XnZYBv66z3FcG', 'nath93', '1972-09-22'),
(40491, 'louis.vaillant@marin.fr', '[\"ROLE_USER\"]', '$2y$10$tCPAnL.UDRcMhjHHvl4sF.QT/42hzb6rMTTDmBknJKIDsipKJbYTu', 'margaud.pelletier', '1969-05-28'),
(40492, 'auguste48@dasilva.org', '[\"ROLE_USER\"]', '$2y$10$RacJBrCZLj6Mpx1nhkfLhO1sv0gVC6l/PlcbtBhRQ8zdf23Dl5Rri', 'noel02', '2008-07-05'),
(40493, 'zacharie04@club-internet.fr', '[\"ROLE_USER\"]', '$2y$10$s4P4JTCLImYHI0U/GlVQROWjWFsKvFjojLo2cQJGDDgMCtxmENq8a', 'lecomte.caroline', '2007-05-29'),
(40494, 'chauvet.adrienne@sfr.fr', '[\"ROLE_USER\"]', '$2y$10$Nqvz2sfUlVT..FU44aCYb.spX5uJY6KyoYy7BK.fwpiBKcKD3kiJC', 'zrousseau', '1996-02-19'),
(40495, 'zoe.carpentier@wanadoo.fr', '[\"ROLE_USER\"]', '$2y$10$CkZrAwieiFkv71IWzoeUQeR/9oFqq2EsSHJ0AMGTPYUbLi4kHRBIe', 'guillaume.blin', '2003-11-11'),
(40496, 'jacques74@dupont.com', '[\"ROLE_USER\"]', '$2y$10$1Fw2nNlx25JRFyKWAcALfepYsu1QEQ4Im8rVqUjQ8lRi3vdDkpAo6', 'jourdan.zacharie', '1965-12-19'),
(40497, 'uferreira@faivre.net', '[\"ROLE_USER\"]', '$2y$10$BAA/0OstFmPpm4HdWzmKB.ll3DE7zizeuMUZR9qsvoFI8T2oXn6p6', 'laetitia55', '1984-03-03'),
(40498, 'jacqueline80@live.com', '[\"ROLE_USER\"]', '$2y$10$be4KXEjmlFbBhLQsavcEC.ZlyLJMdy9n2kAOW2IWebSX3qoCFTnYS', 'thierry.renard', '1975-02-27'),
(40499, 'yguibert@millet.com', '[\"ROLE_USER\"]', '$2y$10$vGHBbSOVoVpTgyh0TO6Gi.7qihVl0QDrIKKrnoQLjJNXLm0Majn5a', 'marty.genevieve', '1994-10-12'),
(40500, 'drobert@sfr.fr', '[\"ROLE_USER\"]', '$2y$10$Z16.b9NfEz.7JPa9b8gcre9IkyGH1jj/iJPAifoJoJ6OW2HFAbJtG', 'carlier.ines', '2002-12-09'),
(40501, 'corinne93@pottier.fr', '[\"ROLE_USER\"]', '$2y$10$yZkiLe3gI4t/jc6lStfIiuMPBw6p/WI71TLJlOC1qZqDK0Ao17JoK', 'virginie34', '1992-01-04'),
(40502, 'lemaitre.victoire@grondin.fr', '[\"ROLE_USER\"]', '$2y$10$TpZEM9D7L1zA2L4brTDd7eftMsYDYEbAXVdEHjvXt9iBc2.j8o6qm', 'adele28', '1983-06-20'),
(40503, 'laurence.vaillant@gonzalez.com', '[\"ROLE_USER\"]', '$2y$10$8jdMXvxbeLpQlxevx1/Exu7.Klx51HV4rKuRYZXFCVsZEhfgb9RA6', 'perez.timothee', '2004-04-11'),
(40504, 'dijoux.jeannine@noos.fr', '[\"ROLE_USER\"]', '$2y$10$0K/YLcw/LZTfPlHRmWMFIetzxQaZQMa6QE053MkiiOVt3PIDByFs6', 'dufour.henriette', '1967-10-20'),
(40505, 'noel.gregoire@orange.fr', '[\"ROLE_USER\"]', '$2y$10$WDs3Y6/mpW6dJx1qzvJh0u9lKaS.yeomdMndpmnd3AB.dNvOm6S7O', 'alexandre.fontaine', '1964-01-26'),
(40506, 'christiane.gilles@laposte.net', '[\"ROLE_USER\"]', '$2y$10$qEmg0IvYaqEJCE/ai528feaUR9QWNpKUdJKKgi1fCeYSYgur6vh3K', 'xavier.thibault', '1976-04-08'),
(40507, 'hugues.andre@boulay.net', '[\"ROLE_USER\"]', '$2y$10$oj2RPKTCFgo7f0j/Emcb9.olnglMvo/YPkp/XwY3n6oMmgEv83H9.', 'pauline20', '1994-12-28'),
(40508, 'pineau.juliette@torres.com', '[\"ROLE_USER\"]', '$2y$10$3o8rYdCaBMGoZnB4H/EAxOQv/t9RTVUFxVZl0fl/n7rufYTjL8us.', 'aubry.margot', '1976-02-24'),
(40509, 'gilles.daniel@leger.com', '[\"ROLE_USER\"]', '$2y$10$9502/wxShNHim1uecM99DuSrvduuNX3VPy5IRjIQULqgEWPk9ZRJ6', 'gallet.christine', '2002-06-26'),
(40510, 'ochartier@baron.net', '[\"ROLE_USER\"]', '$2y$10$oa.5BEW1EV2WLv3yW6P4v.XD48fMH54URUy6lvwgkmrTpKDYG0Tx.', 'michele.charles', '1986-08-02'),
(40511, 'gblanc@mercier.fr', '[\"ROLE_USER\"]', '$2y$10$m0T4cKbb9d1GGPeOtp54zeb9b.mGSx6.eqWab8F90YeIbW657Tynq', 'pires.corinne', '1974-08-11'),
(40512, 'sophie75@bigot.fr', '[\"ROLE_USER\"]', '$2y$10$LXm36o6G0FPMyFAns4Kvc.eTmYv7TXbNkE46/P/NzlJZjKPSOeVg6', 'richard.barre', '1966-02-13'),
(40513, 'alain67@lefebvre.net', '[\"ROLE_USER\"]', '$2y$10$R8NMl1NlguV9sFhFRpvd9O5U4IL2V8tQFZwc49aPqtQv.9mi0t6bi', 'victor.diallo', '1995-02-11'),
(40514, 'virginie.maury@bertrand.com', '[\"ROLE_USER\"]', '$2y$10$L9q2I2QOwTb0HSv1x8dTGu2ZcL7QyIl3HKZMQ3c1SWzHYvkJJ4Rbm', 'gillet.philippe', '1965-07-19'),
(40515, 'danielle.dupuy@simon.fr', '[\"ROLE_USER\"]', '$2y$10$k.tRKeGpfaqAX8zIC31cfuQrUHQrEuy2XY2BsdJ.fdwKOTdZt18ta', 'samson.brigitte', '1962-04-04'),
(40516, 'bernard.margaud@masse.org', '[\"ROLE_USER\"]', '$2y$10$PapLKf.JUK7dAdlwGTepW.nO7EZplauUQ9oML5c9pzsBcRr8LpWLG', 'gpoulain', '2004-01-21'),
(40517, 'josette57@lefebvre.fr', '[\"ROLE_USER\"]', '$2y$10$9UrCP285rqqMEXj27YvyY.82GwEAOkrG53zwJM.4iLvvj2mpU34xG', 'pcosta', '2001-07-26'),
(40518, 'audrey67@sfr.fr', '[\"ROLE_USER\"]', '$2y$10$rIUnohlWzz25uYove1e0VOhgBVs7ZD85segpPFB33sl5gbvXUbRmO', 'jacques.berger', '2002-06-23'),
(40519, 'fhenry@dbmail.com', '[\"ROLE_USER\"]', '$2y$10$jJjCUSyRlgz9u1Duwre8SeECOiRzEApC0Ey5Ua0XB.9pCQIpZ5smG', 'vpinto', '1984-10-04'),
(40520, 'tdenis@free.fr', '[\"ROLE_USER\"]', '$2y$10$K2YJ/JhumOXNmJkH.t/0SOuxUtaIAnTXiUSm4K0dQLFRwa79JXf3e', 'xhuet', '2004-06-08'),
(40521, 'dufour.lucie@noos.fr', '[\"ROLE_USER\"]', '$2y$10$biYZIjwrP4wg4NgBj2I6RudlBBpwQxl54iWOxbt8KgxhxEGSBBXp6', 'helene.pasquier', '2005-02-09'),
(40522, 'noemi.delattre@maillard.com', '[\"ROLE_USER\"]', '$2y$10$ZHyAWq8qFwrdQr5s8yATAOmRSuDyt0O/3jV877/s6K74uOtwtsvP.', 'caroline.pons', '1994-05-01'),
(40523, 'kfaure@gmail.com', '[\"ROLE_USER\"]', '$2y$10$5Ai7mcS3bpcs9VpVOkdDwOVcR1v.9V9X9VY7UhzSL2EEx2qhsapT2', 'drolland', '1992-01-27'),
(40524, 'jdelahaye@levy.com', '[\"ROLE_USER\"]', '$2y$10$htZF6fcEc1ccUTt.BGUN4.5YXDyYpogiSqHZPUudU0ANo6xxMbGJq', 'olivie.legoff', '1979-09-14'),
(40525, 'martin.morel@georges.com', '[\"ROLE_USER\"]', '$2y$10$bwfpGi.eKOGddY.e5rL0qOoCV6duGVEdugKaMnxogAwSfuqRwiMjm', 'josephine.ramos', '1962-11-02'),
(40526, 'jmarion@live.com', '[\"ROLE_USER\"]', '$2y$10$Wx26RCP06Dn/mLC0QsJkGOf6mNbFDFJyrEfJKkoO5kLrjTFSO7kwa', 'olivier.guichard', '1973-09-13'),
(40527, 'kduhamel@gilbert.com', '[\"ROLE_USER\"]', '$2y$10$X3iAMakac3LILTRlqI6ZEen775/n896uUy9HLjDr8qwOUOfnUqGuy', 'pasquier.lucie', '1974-11-11'),
(40528, 'theodore.laroche@begue.com', '[\"ROLE_USER\"]', '$2y$10$Sen1R63s4Hn7HUkjSqR1U.sHUJLt1R/TVep6vlRhjUOwsml0iiPSm', 'thibaut40', '1972-01-03'),
(40529, 'guilbert.hugues@guerin.fr', '[\"ROLE_USER\"]', '$2y$10$P0ML/vqjBfcPH2qk5Q6DguNW5l3YL/gWcTn/xEiniRoz9a6FgjLne', 'fbouvet', '1982-05-28'),
(40530, 'susanne.dumont@simon.net', '[\"ROLE_USER\"]', '$2y$10$WbNeA6wlpes3zwkkkqz2Ru6NO.Yy4t5Z8y3nX81lXXIYddSJGRwNG', 'laure.bazin', '1978-02-04'),
(40531, 'renee.moreno@camus.com', '[\"ROLE_USER\"]', '$2y$10$aJL/papnIWf2p.wT/pkIYe3IqWcotXfopzDgyJADxXfH3i5V88TA.', 'dbertin', '1978-07-25'),
(40532, 'rjoubert@wanadoo.fr', '[\"ROLE_USER\"]', '$2y$10$UBS/OsJKftLXBbcKfwdI/OC2n15kBHO8b7hhKE3vVmPKpjZBUU8gi', 'brigitte30', '1992-05-14'),
(40533, 'margot.faivre@jacquet.com', '[\"ROLE_USER\"]', '$2y$10$QbtBHwGgfv1Id1a65cgMueIeKqpMX9Lnhp236ZuWOQVSzKG0dhNQ6', 'raymond.deschamps', '2007-05-02'),
(40534, 'ddevaux@garnier.com', '[\"ROLE_USER\"]', '$2y$10$eIS12QtoK3lFRPzc22Y7uedMm2czB9qwH0en8mEwEvldEuTm4ezrW', 'michelle.roy', '1969-03-16'),
(40535, 'gdupuis@tele2.fr', '[\"ROLE_USER\"]', '$2y$10$6QYvKMKS6DbYfrhOC4moS.jsUBSpz.FvI48u9mrmOBc3c5zDvnhTK', 'martin.ines', '1969-08-30'),
(40536, 'michelle13@berthelot.fr', '[\"ROLE_USER\"]', '$2y$10$eUf6R/QMMSBIQTN1EG0Ut.UfhYeHVOrYZXhLdOn9hu1h88tCAaqru', 'vfaivre', '1994-03-24'),
(40537, 'maryse39@durand.fr', '[\"ROLE_USER\"]', '$2y$10$BLu0MvSCuMmOpZr91MGyueCS4G3fohvs3tZdxwvIsGiCgni.P3YDO', 'masse.francois', '1995-06-04'),
(40538, 'louise61@free.fr', '[\"ROLE_USER\"]', '$2y$10$b9BzhjwITMDdiKuUokiGtOSQ1sUx9RUEgJe3eF8wGZtP0/mgY6AjK', 'gomes.jeannine', '1992-06-24'),
(40539, 'pons.andre@moreno.net', '[\"ROLE_USER\"]', '$2y$10$iJo1.E8N8jHrWZAFXtMVLeLB4MhUhW.KovvDbI1eUc19NVsv5Fe0C', 'vpichon', '1983-02-13'),
(40540, 'nicolas.lenoir@sfr.fr', '[\"ROLE_USER\"]', '$2y$10$ZhveIOMM0/Jl19Z6Yw0j3e6n1GIec6FlrT8rEGFUmES4uT6Kazua2', 'emmanuelle.rodrigues', '1982-04-24'),
(40541, 'tristan.pires@guillou.fr', '[\"ROLE_USER\"]', '$2y$10$u/78srci1G0YnLwQR4tOeOOOWh1C8nJEalCdnXWo5PH6z/4m9jm..', 'celine31', '1995-08-05'),
(40542, 'dacosta.guillaume@bertrand.org', '[\"ROLE_USER\"]', '$2y$10$NGyPJ5tuhlBu6GwfjCMkjeead53qgkJ.0teEq7H.eSMl0OTYy0S4y', 'virginie.rocher', '1987-04-20'),
(40543, 'delorme.claire@valentin.org', '[\"ROLE_USER\"]', '$2y$10$Wf9NFVp4JHGNckkQu2/7U.IsI/JW1U9tAhh7JENUZS5RZyNitJ3/6', 'atexier', '1978-03-22'),
(40544, 'roy.alix@yahoo.fr', '[\"ROLE_USER\"]', '$2y$10$q7VjoGCQcY7u4bvpPRaXsuWkqCQmvPcAa7RfmLiXnJeQR24jlqkja', 'gautier.michel', '1985-07-11'),
(40545, 'rene30@merle.net', '[\"ROLE_USER\"]', '$2y$10$PZGLBj.v9PzNN1AKZWEj3udmVJdOnrcLsLYX9C6688U8VjhQMbYHG', 'lucie.gay', '1964-03-26'),
(40546, 'constance32@martineau.fr', '[\"ROLE_USER\"]', '$2y$10$CvMhrQOGjVtPTP2apCzgTOea2Ne2mxjM1jJSSre5betx4eKkOhOVS', 'hnavarro', '1988-02-13'),
(40547, 'lebreton.diane@hernandez.net', '[\"ROLE_USER\"]', '$2y$10$eUiNA60vpnmrEVwCuwDDkuuEm0AKCQIx/.b577XeBOkMmMiF5q4KS', 'bimbert', '2000-12-16'),
(40548, 'honore.aubry@tele2.fr', '[\"ROLE_USER\"]', '$2y$10$A7Fclz2/9TnCGfWvIHdsvuhHI3yCtIsxc85Db3mAw9/zfh.07p/Km', 'brunel.thibaut', '1990-12-29'),
(40549, 'vincent.petit@turpin.org', '[\"ROLE_USER\"]', '$2y$10$QRI4mnbI3cRRu5HrEHUwweqjWVHh5X7aoG5UKd7ruKFc.mlXdOyWS', 'hortense53', '1977-04-09'),
(40550, 'plagarde@live.com', '[\"ROLE_USER\"]', '$2y$10$6Ybnc3VtFQKRirfHcGYm7eUxK7BnyFgmbbyj8dcFTp0UcxNdGZ8z2', 'vasseur.remy', '1962-06-21'),
(40551, 'odette.baron@bonnet.org', '[\"ROLE_USER\"]', '$2y$10$B4a4989D5HbYzMIjNiK41O2.zsWovVaRCnTdidPT5CHsjlG9oKlS6', 'xcoulon', '1971-10-24'),
(40552, 'eric73@thomas.com', '[\"ROLE_USER\"]', '$2y$10$tbMl3jKIJ8f5aOSCsSQkq.NK31zX/3vp3gNxp1zXpxh4hD1.RLWU2', 'susan98', '1995-06-18'),
(40553, 'elodie.lemoine@gmail.com', '[\"ROLE_USER\"]', '$2y$10$x2FxYI78/jsKTpGE92f6TOieTTB2qrmnHOcD2fFs/1hmNr30ccVQ6', 'marcelle07', '1987-03-23'),
(40554, 'mace.dorothee@dupre.org', '[\"ROLE_USER\"]', '$2y$10$c8lBLc3onMVeV0jN3m7ohedPWzV7OfQmhiQ9l6euZ/Kr.0iZNJ3uu', 'thibault.pierre', '1970-05-05'),
(40555, 'marguerite.marie@gmail.com', '[\"ROLE_USER\"]', '$2y$10$LhtMxGJEFkI9UCEwdLfmo.gZWS0CAVw9b.7/sg.WXyjL7vMJsmHLq', 'vsanchez', '2003-12-31'),
(40556, 'emile.nicolas@dbmail.com', '[\"ROLE_USER\"]', '$2y$10$.TtGaalTAocvbfLbf7MzJ.tXxgJnTuuOQPq/c.K6U1Z7mbTBK5AN.', 'diallo.francois', '1980-09-20'),
(40557, 'juliette48@millet.com', '[\"ROLE_USER\"]', '$2y$10$OpzHJb5Xl7B2x1hZqhVvJOOQpo0gU5CilHcC6nsvnNNqgQp52JnIm', 'eleonore84', '1999-05-19'),
(40558, 'flambert@gmail.com', '[\"ROLE_USER\"]', '$2y$10$T/nwnyx7RwykdgRr3Tvu7O4zUdQyuzXjPaaFYf7wo9Gk5vxFBiQt.', 'egoncalves', '2005-11-04'),
(40559, 'maryse07@huet.com', '[\"ROLE_USER\"]', '$2y$10$V73WudyoTrKRZkSchu4zse4ukY0b9QpX4WO3mfrBXQ2isLJvCO27.', 'antoinette66', '1985-01-29'),
(40560, 'agnes.dossantos@loiseau.fr', '[\"ROLE_USER\"]', '$2y$10$T0P3TlFLP8wobfkTZkJnOeeyNyBvOhObTCxSXgrUWW8s66nlTHqwW', 'mercier.lorraine', '1986-05-17'),
(40561, 'mdupre@charpentier.com', '[\"ROLE_USER\"]', '$2y$10$FFBYVUq0ry31BNvztMdzX.j9ZFY0QAay5g8JLzsCKagIg5fSI1ve2', 'francoise33', '1994-08-25'),
(40562, 'adele.meyer@foucher.com', '[\"ROLE_USER\"]', '$2y$10$S6qADJtA085MOBkefscUh.MyHt3gwo3/DFZIC3Ot9O.P/OXbJozXO', 'philippine94', '1980-03-16'),
(40563, 'yrodrigues@alexandre.fr', '[\"ROLE_USER\"]', '$2y$10$2L7H3h/fv1s9uUS3.HMyDuejhU4IUxVT8x7WmSEuQpqgCzfCkBh1y', 'capucine.grondin', '1963-04-08'),
(40564, 'roland89@nicolas.fr', '[\"ROLE_USER\"]', '$2y$10$OTmFUhFZ1r3h8zA7BRZgteqVXC0IbdZBLUIWouCOt/kK5c0UBLN2i', 'arthur.chevalier', '1982-11-30'),
(40565, 'sfernandes@neveu.fr', '[\"ROLE_USER\"]', '$2y$10$IUyRQoJ6G2t6I9FT66qoOu5uneUaEyjaw3VNsd1PFg4eNabgkCzAG', 'guerin.honore', '2001-06-03'),
(40566, 'hbesson@laine.fr', '[\"ROLE_USER\"]', '$2y$10$5j5VUJPSNLKJeOwPSLlQ0.Wb3LL9nVg4WpQVT2IuydVOlE602vT.e', 'patrick68', '1978-09-09'),
(40567, 'elise.morin@tele2.fr', '[\"ROLE_USER\"]', '$2y$10$A71ZxGvtOUiJUEWapdIdt.sWyi8jjpsvQ/Z7CYpTq02khGj/S8Wmi', 'prevost.monique', '1993-05-20'),
(40568, 'edouard40@club-internet.fr', '[\"ROLE_USER\"]', '$2y$10$mlQzUjl9JYrz9QpK7W8vouLdQEa7tOmVHtg030ozwhfvNzYd/IDQG', 'hugues.boyer', '1971-02-24'),
(40569, 'guillet.victoire@jacob.fr', '[\"ROLE_USER\"]', '$2y$10$LlMv/wmpQnl1kuQD3Czyd.kNpADThGUTf3sm4juN98cyWg8udEFou', 'grondin.guillaume', '1992-05-31'),
(40570, 'dominique.chauveau@girard.fr', '[\"ROLE_USER\"]', '$2y$10$sKGo3JtWU9.PDPvRsNAYgOqCWJq9UOgPrh0fyNdeDU.pNbwmwetGK', 'leconte.joseph', '1986-03-05'),
(40571, 'jules40@yahoo.fr', '[\"ROLE_USER\"]', '$2y$10$dDc5N7J4YF1mS/YNpRriUes0e6qwrHq1oiURr/r5jfW7iJ6yd37sG', 'joseph19', '1998-08-16'),
(40572, 'richard.herve@aubert.org', '[\"ROLE_USER\"]', '$2y$10$YCOmQ9qj30aXTWPxAvxwAuAugSuhjY/yVqCD5X0WTw8a6xwyqaZxO', 'bernard.loiseau', '1970-11-25'),
(40573, 'lebon.francoise@noos.fr', '[\"ROLE_USER\"]', '$2y$10$XMUEmJ0lZN0EaIIlipE91ecRtZBseejU92I081Dxpg.RUnikqcvZq', 'gaudin.anais', '1999-10-07'),
(40574, 'dsalmon@tessier.org', '[\"ROLE_USER\"]', '$2y$10$zBYpvX4fqnjYpaj87ocmk.ga7icEKVpYM3gU6gQ8Tm6Ku/1g5Q0hW', 'dpons', '1969-12-18'),
(40575, 'rferreira@imbert.fr', '[\"ROLE_USER\"]', '$2y$10$n.nFIcoCTFdgWvECTk1vmeoWSHpWLPP1BjPkiOk3R0ciJErahgpZC', 'maury.michelle', '1991-12-31'),
(40576, 'lcarlier@breton.fr', '[\"ROLE_USER\"]', '$2y$10$drpPYu01ld3Os4xdUatREOQ/1Q8vTeGY/1whJoRSY7w7GktAXe8oS', 'uvasseur', '2001-02-02'),
(40577, 'christophe62@renaud.com', '[\"ROLE_USER\"]', '$2y$10$/JYEsNQMWqSbn6CeWk7PuuglleERdZz/jJHvbwHyx3DPgXb68Xgsi', 'fpetitjean', '1997-11-24'),
(40578, 'bernard26@gmail.com', '[\"ROLE_USER\"]', '$2y$10$ISWtuaiaXtrUBVHsHMa0AOVEDFP4JgDHJWdWtNAdm7Mz2yc.DAdRq', 'delattre.margot', '1999-05-31'),
(40579, 'regnier.roger@gmail.com', '[\"ROLE_USER\"]', '$2y$10$NB6xXuw4LUHwBzdBDSocnuY/r4SjmnHrTs88zKdhqvdf190ThA/LS', 'arthur.bruneau', '1974-07-29'),
(40580, 'kgomez@live.com', '[\"ROLE_USER\"]', '$2y$10$3i2LzCEk6Sc7JD9HcEJ.X.Gh6LG6e3j8KqpUtQjrop5ryCF5rRi0u', 'franck.navarro', '1977-01-12'),
(40581, 'gomez.lucas@alves.net', '[\"ROLE_USER\"]', '$2y$10$mCdEf2yZcGWLyQ.Z3zZ26.5ch08rZeo1dal6ea8vWE4k44PArO3Vq', 'aimee.berger', '2005-09-21'),
(40582, 'marc00@noos.fr', '[\"ROLE_USER\"]', '$2y$10$SRvAMNZjM.FcbXbLcU37/upNxti9xHyyAVaLMgp6dj5KkME2XdM92', 'faure.thibaut', '2004-11-27'),
(40583, 'louise.charrier@yahoo.fr', '[\"ROLE_USER\"]', '$2y$10$PrVbWUTr7iYrcFR9s9683eRpI1NURppvG2EZw0SuWmLn7Hw96gYKi', 'wrobert', '1995-09-03'),
(40584, 'wvasseur@wanadoo.fr', '[\"ROLE_USER\"]', '$2y$10$kafHAZDCe9vBPO7h0SbBce/9I6h2imouujm5Vx5sWV17j5YGhVowW', 'leroux.aurelie', '1967-08-10'),
(40585, 'llaroche@baudry.com', '[\"ROLE_USER\"]', '$2y$10$jJGnTuWctz85Qp7tfFHuA.Mlzwwg1D3EkbKjUvHz.jv3ODLFRXjgm', 'zroger', '1979-05-11'),
(40586, 'petit.auguste@laposte.net', '[\"ROLE_USER\"]', '$2y$10$zmd5eHZtBrJaKcTNKYjQv.a2goKVp5QeQ9ciiYtc4SrTlxU10A2ZG', 'samson.pierre', '1976-07-25'),
(40587, 'blin.helene@delmas.com', '[\"ROLE_USER\"]', '$2y$10$BS0y4fD/K3nE5tRqpDphPeIrmDVqEY9qlKRHfdoiLXM8tw5XDdQEG', 'sophie.guyon', '1963-12-25'),
(40588, 'qturpin@sfr.fr', '[\"ROLE_USER\"]', '$2y$10$cuGdntSHd.kuJmBswajSzeqAna6PYnpDIZEW2/Kwih8LLuWmky7tC', 'adrienne.guyon', '1987-02-22'),
(40589, 'timothee17@orange.fr', '[\"ROLE_USER\"]', '$2y$10$93jQ7mOdhbvb/cvq/uBElOmOf7K/bpaeucS4b4iFwp0E1CRNTdE/u', 'louise.teixeira', '1991-11-18'),
(40590, 'ccolin@dufour.com', '[\"ROLE_USER\"]', '$2y$10$8W0k2irwI9l4xxp4xtsAoO15tMAGxw8tMFJmjkBR0TYOcwa8gYcM.', 'richard.gomez', '1989-08-27'),
(40591, 'cdasilva@orange.fr', '[\"ROLE_USER\"]', '$2y$10$ZbRxSaCjJTa90Pmm7NdY7uTEE5tF5teO4.i8/hZSpnb0McvA/NX8m', 'fleury.gerard', '2008-04-11'),
(40592, 'victor.lecoq@baron.com', '[\"ROLE_USER\"]', '$2y$10$dJhuIl.5mZeLdi8fvnD4zuqjlMQfikuTJxBqqX6U2T/OdLxMF/S6y', 'deschamps.roger', '1981-09-26'),
(40593, 'tessier.margaud@peron.org', '[\"ROLE_USER\"]', '$2y$10$RlNyG55TcehhQJGhfrbWsuPsP4prHOGlDrYx9mE.u2YeH3cDCSIiO', 'hamon.gabriel', '1963-07-19'),
(40594, 'adrienne.blondel@free.fr', '[\"ROLE_USER\"]', '$2y$10$DBbV.DfVRFdmXC/us.kdu.n723/X2AqR5EICJSTzbnj5tlfSYszTa', 'glefebvre', '1976-10-19'),
(40595, 'cecile.humbert@hamel.org', '[\"ROLE_USER\"]', '$2y$10$YjXQUVcX0sR1tnaQw5tcw.qTS2yc38XJE0LiFSclMuozbDT7BeP12', 'faure.marthe', '1984-12-31'),
(40596, 'thierry.aurore@orange.fr', '[\"ROLE_USER\"]', '$2y$10$EB76F6MfZsvonrtEQWShGe1cMwtHjCgXNEsw/3Dt7Rhth7fsny.oW', 'raymond39', '1975-11-24'),
(40597, 'fernandes.margaret@sfr.fr', '[\"ROLE_USER\"]', '$2y$10$.EftzqZOvdBdg90ubmsYWeJjq1OkafHyB4E7qLLZdfaYt.DKOILy6', 'klein.olivie', '2000-05-30'),
(40598, 'edith48@perrin.com', '[\"ROLE_USER\"]', '$2y$10$NV95xZRIIyAbLK3qiA3wNO9JcXfnx9qOXFmH/SnngkZb49HbK6iNm', 'gaillard.claudine', '2008-03-16'),
(40599, 'dpierre@hotmail.fr', '[\"ROLE_USER\"]', '$2y$10$EPm23f/XBvPruq1D1RFxP.mODuTgz/pwmAGut6/otd3DvQteRagV6', 'ochauvin', '2000-03-08'),
(40600, 'susanne.chauvin@gimenez.com', '[\"ROLE_USER\"]', '$2y$10$O5CNJNkrBtHjpfTL0RQ04eXu/ZW1jQj58w9NY/QCDfxTcn3ibXQxm', 'veronique50', '1989-07-23'),
(40601, 'susan46@sfr.fr', '[\"ROLE_USER\"]', '$2y$10$XNnhF6hN2zWXo7SwJNDKBehEg95G806JxAvm9Z2A1qHZ2c0nPBlLK', 'raymond.zoe', '1990-11-01'),
(40602, 'zfleury@aubry.fr', '[\"ROLE_USER\"]', '$2y$10$P2KxuUj2ABLFsh.3i6E7gODTiWk/xxspNehgXR/bVuBTiJrOsbkSK', 'eledoux', '1999-08-24'),
(40603, 'margaud.dupuis@ferrand.com', '[\"ROLE_USER\"]', '$2y$10$fxJ9K.1w6fGd5oXGQLIGCeCI/fOPbr8LvAgfuOOsMOTB83gMWw60S', 'bonneau.andre', '2002-02-27'),
(40604, 'bremy@lefebvre.fr', '[\"ROLE_USER\"]', '$2y$10$z8C5ub7sQCiaHfRAwBSNaermm7YaF6FxZyNhMhp1Zc6hiU72asOM6', 'colette.lecoq', '1984-11-07'),
(40605, 'dbodin@club-internet.fr', '[\"ROLE_USER\"]', '$2y$10$BcDVCzEDa0/nIebR71EppOroInxPIH48P3dRHiptJH8qp4AAl78my', 'maryse.allard', '2006-09-06'),
(40606, 'morel.denise@durand.fr', '[\"ROLE_USER\"]', '$2y$10$XMyr0ud0yCczW.ihCMTd8ecxVzwv5KugaTj44EvlGVrlbJEp.3lCu', 'tschneider', '2008-07-03'),
(40607, 'valentine88@gmail.com', '[\"ROLE_USER\"]', '$2y$10$y2e9ZCHOxqzHspP1x6DEIeC8jVD3Yf5D5.MHKKddF1WjXas.Ev1nO', 'antoine63', '1994-12-15'),
(40608, 'umartinez@club-internet.fr', '[\"ROLE_USER\"]', '$2y$10$X5MS/Fa1zcR1ceY6JM4EOekKBFQmvXGqSEfWfDUe.NHfO0.POA4fa', 'isaac.brun', '1979-04-14'),
(40609, 'lucas.roux@faivre.net', '[\"ROLE_USER\"]', '$2y$10$7d0uIb3eJjYLXX6R/hqApuZAufosNImcsXvfU9o.xGyua7DpSq/9G', 'benoit94', '2006-06-29'),
(40610, 'barthelemy.nicole@wanadoo.fr', '[\"ROLE_USER\"]', '$2y$10$TvU6NpawJcsCZbkGwnoLSeiD/B0lCLVf8cNKtlEW1Ud18E5/RFh2e', 'margaret78', '2004-05-30'),
(40611, 'marguerite.bonnin@carre.org', '[\"ROLE_USER\"]', '$2y$10$QiYAIc/CeH2tamjZtvGEI.fsSKRmM3OzTOIfbpceDi0rvn.XPehgO', 'thibault23', '1976-04-04'),
(40612, 'lucy23@sfr.fr', '[\"ROLE_USER\"]', '$2y$10$beotGSewVik/kb8DZ2VDkupC78jmRc7pN.ZKGopk9nLrm8QeBB1Ni', 'npeltier', '2001-06-13'),
(40613, 'ulegrand@baudry.com', '[\"ROLE_USER\"]', '$2y$10$M7NV1C4SIHZl8aNbh9QVde/2SokGGchqLbtWzeWEyEKaA1HZca6vy', 'eric.delannoy', '1997-10-02'),
(40614, 'gilles32@teixeira.com', '[\"ROLE_USER\"]', '$2y$10$8FjSYmHeEzp.LXjKWqFnv.TL90GqgkgkaKGLcHFLvO761pBZO59i.', 'tanguy.constance', '1977-04-27'),
(40615, 'camille.besson@lelievre.fr', '[\"ROLE_USER\"]', '$2y$10$m2sTy2P72FF9P6VVBiERWe3r/hp1NsicvV/bdws9cBK9LnK63PgmO', 'bernard.manon', '1976-11-23'),
(40616, 'levy.danielle@boucher.fr', '[\"ROLE_USER\"]', '$2y$10$ywvSLyFkotAgIFnoKl/V0uUpkwBzu5RpHevJBDfzImd/YIaZLY.zC', 'vcolin', '1983-12-30'),
(40617, 'laure.renard@charles.com', '[\"ROLE_USER\"]', '$2y$10$P6ZR9N/XUNaky5tzNvMs8uCeR0tLf4A/vtLSH3Spff.phXAbNHHN6', 'begue.alice', '1968-03-18'),
(40618, 'philippe.laroche@noos.fr', '[\"ROLE_USER\"]', '$2y$10$F9sfnKHQ9NLKAvf48FsUBuXrldH2MNZTNTudBTleWjOvE5d9Neoem', 'matthieu69', '1964-11-14'),
(40619, 'nbaudry@faure.fr', '[\"ROLE_USER\"]', '$2y$10$Fj4IXLYnNRLJG8z.K8a1t.m.v4J5oryeDHk3/ZMkYXFtz.xQWryCe', 'yves.monnier', '1972-04-16'),
(40620, 'charles68@regnier.fr', '[\"ROLE_USER\"]', '$2y$10$8qfChyGqg3iqqYCtGKrRruZRdu7ADqwaI/VkA5toH6vLygEOZk4UG', 'jbrunel', '1999-05-29'),
(40621, 'catherine71@henry.org', '[\"ROLE_USER\"]', '$2y$10$B0fvjSY1/gDsvNtgTzj7oO/yMXzwyTWp3T0Mab3n4aRUEFYSaqZ/i', 'evrard.patricia', '1994-02-06'),
(40622, 'jacqueline53@leclerc.org', '[\"ROLE_USER\"]', '$2y$10$LsEpce1Z40zDxqWA.OPieex80hhCjNd9XBWJVzEahXZWpVZdBWX9m', 'salmon.penelope', '1976-07-15'),
(40623, 'helene35@ollivier.fr', '[\"ROLE_USER\"]', '$2y$10$MY.QZrlninbmvBCzIEnNDu3YZP3TivIlhbr7nFvsTvCm7omAgXECq', 'pascal.catherine', '2005-09-03'),
(40624, 'laure.giraud@regnier.fr', '[\"ROLE_USER\"]', '$2y$10$ZF0Y.YIlAurfnVqJBmfdhu4UnIpNEbSca904N8lMl905mrqSgJcIS', 'tfleury', '1972-10-11'),
(40625, 'zlaporte@laine.com', '[\"ROLE_USER\"]', '$2y$10$tIcJnTmzPASR1y6fOWtFie0AdhaWDYZo3kKG5RlGzLG161lhgZpg6', 'dias.agathe', '1975-10-11'),
(40626, 'olivier.hortense@hernandez.fr', '[\"ROLE_USER\"]', '$2y$10$uImN5QdHTVVDOCH3BXGcK.VtbDDLVcjZj6j7T7DgmJ7cDEgfOiejC', 'faure.david', '1982-11-28'),
(40627, 'alice.peltier@dbmail.com', '[\"ROLE_USER\"]', '$2y$10$fj/3GFdELtTkALaAxi6iZukidxEdBIsuRu1umKvdR7oEZhiioOpoq', 'christophe83', '1967-07-31'),
(40628, 'evrard.capucine@hotmail.fr', '[\"ROLE_USER\"]', '$2y$10$LoTkqOMsFKoLi9uO2hkTkuBHDOJpNbRCzN9DQPBo5qJrBW28Q79Ba', 'stephane.godard', '1985-11-18'),
(40629, 'arthur96@millet.fr', '[\"ROLE_USER\"]', '$2y$10$x2fknlwPPCLUaeqT.3NZduPMlkT7eKkVxUCvtuHW6fAs7wCRveXlW', 'maggie96', '1987-07-03'),
(40630, 'jacqueline89@delorme.com', '[\"ROLE_USER\"]', '$2y$10$sVZ.GmLvTF1Uz53lDOt/luVo/m2NGj57T7FkP5vm4dw9wEbK6gz1W', 'aurore94', '2000-03-27'),
(40631, 'augustin.fischer@noos.fr', '[\"ROLE_USER\"]', '$2y$10$WvZamwUi.h03f5W.nLEPKeAvDgzG0szYbbSSy6Ue7JIeJASnZ0mFi', 'charlotte.lecomte', '1970-05-01'),
(40632, 'xpons@robin.fr', '[\"ROLE_USER\"]', '$2y$10$Ko3yiHSgJZzg1MjlXr5oQetBThpTjFmK8d.pTMcFXP4sk8OL5ydCC', 'bertrand.jacob', '1989-11-28'),
(40633, 'dominique80@orange.fr', '[\"ROLE_USER\"]', '$2y$10$VpiowGq7jEjS.FPOAUEsx.PyPWjpfs.NaL3jQLnnoRmkPmU5gVNIW', 'victor.raynaud', '1989-12-11'),
(40634, 'monique.roux@baudry.org', '[\"ROLE_USER\"]', '$2y$10$MjeYU//rXstBJ3ena9m/rORuD1wNYIR8Q4Al5a7zFPfCZoMeQcfvO', 'dasilva.augustin', '1972-09-13'),
(40635, 'adrien62@torres.fr', '[\"ROLE_USER\"]', '$2y$10$bjXHmV50R8sSyDRXdWDu3OX644ArFPQFEmMuo8clp/1rNvfwFGNje', 'ecordier', '2004-01-13');

-- --------------------------------------------------------

--
-- Structure de la table `user_board_game`
--

CREATE TABLE `user_board_game` (
  `user_id` int(11) NOT NULL,
  `board_game_id` int(11) NOT NULL
) ENGINE=InnoDB DEFAULT CHARSET=utf8mb4 COLLATE=utf8mb4_unicode_ci;

--
-- Déchargement des données de la table `user_board_game`
--

INSERT INTO `user_board_game` (`user_id`, `board_game_id`) VALUES
(40136, 3220),
(40137, 3299),
(40138, 3231),
(40139, 3266),
(40140, 3226),
(40141, 3270),
(40143, 3293),
(40144, 3207),
(40145, 3266),
(40146, 3210),
(40147, 3285),
(40148, 3255),
(40150, 3246),
(40151, 3248),
(40152, 3242),
(40153, 3227),
(40154, 3203),
(40155, 3213),
(40157, 3290),
(40158, 3219),
(40159, 3253),
(40160, 3225),
(40161, 3285),
(40162, 3235),
(40164, 3225),
(40165, 3242),
(40166, 3292),
(40167, 3264),
(40168, 3209),
(40169, 3214),
(40171, 3266),
(40172, 3210),
(40173, 3247),
(40174, 3287),
(40175, 3278),
(40176, 3255),
(40178, 3271),
(40179, 3238),
(40180, 3236),
(40181, 3293),
(40182, 3218),
(40183, 3259),
(40185, 3235),
(40186, 3218),
(40187, 3274),
(40188, 3229),
(40189, 3212),
(40190, 3208),
(40192, 3201),
(40193, 3235),
(40194, 3298),
(40195, 3286),
(40196, 3224),
(40197, 3253),
(40199, 3292),
(40200, 3299),
(40201, 3263),
(40202, 3275),
(40203, 3269),
(40204, 3262),
(40206, 3277),
(40207, 3273),
(40208, 3283),
(40209, 3213),
(40210, 3247),
(40211, 3232),
(40213, 3252),
(40214, 3283),
(40215, 3293),
(40216, 3224),
(40217, 3216),
(40218, 3266),
(40220, 3222),
(40221, 3227),
(40222, 3229),
(40223, 3235),
(40224, 3212),
(40225, 3299),
(40227, 3228),
(40228, 3240),
(40229, 3209),
(40230, 3203),
(40231, 3272),
(40232, 3265),
(40234, 3215),
(40235, 3272),
(40236, 3225),
(40237, 3248),
(40238, 3274),
(40239, 3246),
(40241, 3290),
(40242, 3287),
(40243, 3205),
(40244, 3289),
(40245, 3253),
(40246, 3267),
(40248, 3257),
(40249, 3202),
(40250, 3246),
(40251, 3284),
(40252, 3210),
(40253, 3239),
(40255, 3218),
(40256, 3275),
(40257, 3294),
(40258, 3209),
(40259, 3256),
(40260, 3259),
(40262, 3286),
(40263, 3254),
(40264, 3204),
(40265, 3230),
(40266, 3255),
(40267, 3279),
(40269, 3285),
(40270, 3248),
(40271, 3289),
(40272, 3251),
(40273, 3251),
(40274, 3230),
(40276, 3288),
(40277, 3218),
(40278, 3269),
(40279, 3224),
(40280, 3241),
(40281, 3237),
(40283, 3221),
(40284, 3236),
(40285, 3274),
(40286, 3258),
(40287, 3250),
(40288, 3274),
(40290, 3282),
(40291, 3281),
(40292, 3268),
(40293, 3264),
(40294, 3239),
(40295, 3283),
(40297, 3283),
(40298, 3274),
(40299, 3237),
(40300, 3243),
(40301, 3270),
(40302, 3265),
(40304, 3287),
(40305, 3289),
(40306, 3201),
(40307, 3277),
(40308, 3233),
(40309, 3229),
(40311, 3207),
(40312, 3244),
(40313, 3256),
(40314, 3296),
(40315, 3277),
(40316, 3296),
(40318, 3271),
(40319, 3289),
(40320, 3212),
(40321, 3218),
(40322, 3227),
(40323, 3235),
(40325, 3261),
(40326, 3281),
(40327, 3244),
(40328, 3205),
(40329, 3281),
(40330, 3245),
(40332, 3225),
(40333, 3275),
(40334, 3213),
(40335, 3287),
(40336, 3287),
(40337, 3288),
(40339, 3285),
(40340, 3273),
(40341, 3206),
(40342, 3232),
(40343, 3217),
(40344, 3273),
(40346, 3221),
(40347, 3238),
(40348, 3277),
(40349, 3210),
(40350, 3281),
(40351, 3299),
(40353, 3240),
(40354, 3281),
(40355, 3211),
(40356, 3223),
(40357, 3278),
(40358, 3290),
(40360, 3243),
(40361, 3202),
(40362, 3231),
(40363, 3249),
(40364, 3287),
(40365, 3274),
(40367, 3258),
(40368, 3282),
(40369, 3270),
(40370, 3248),
(40371, 3267),
(40372, 3213),
(40374, 3260),
(40375, 3201),
(40376, 3214),
(40377, 3246),
(40378, 3229),
(40379, 3241),
(40381, 3213),
(40382, 3224),
(40383, 3273),
(40384, 3282),
(40385, 3213),
(40386, 3290),
(40388, 3242),
(40389, 3278),
(40390, 3300),
(40391, 3219),
(40392, 3279),
(40393, 3218),
(40395, 3254),
(40396, 3264),
(40397, 3263),
(40398, 3228),
(40399, 3280),
(40400, 3285),
(40402, 3209),
(40403, 3263),
(40404, 3245),
(40405, 3274),
(40406, 3225),
(40407, 3223),
(40409, 3299),
(40410, 3239),
(40411, 3266),
(40412, 3208),
(40413, 3260),
(40414, 3271),
(40416, 3251),
(40417, 3264),
(40418, 3234),
(40419, 3267),
(40420, 3299),
(40421, 3215),
(40423, 3230),
(40424, 3243),
(40425, 3285),
(40426, 3291),
(40427, 3249),
(40428, 3212),
(40430, 3283),
(40431, 3234),
(40432, 3268),
(40433, 3246),
(40434, 3225),
(40435, 3212),
(40437, 3280),
(40438, 3214),
(40439, 3271),
(40440, 3277),
(40441, 3276),
(40442, 3257),
(40444, 3207),
(40445, 3242),
(40446, 3211),
(40447, 3271),
(40448, 3264),
(40449, 3269),
(40451, 3282),
(40452, 3262),
(40453, 3206),
(40454, 3239),
(40455, 3256),
(40456, 3272),
(40458, 3297),
(40459, 3260),
(40460, 3220),
(40461, 3213),
(40462, 3286),
(40463, 3293),
(40465, 3299),
(40466, 3252),
(40467, 3271),
(40468, 3277),
(40469, 3219),
(40470, 3298),
(40472, 3284),
(40473, 3284),
(40474, 3281),
(40475, 3255),
(40476, 3292),
(40477, 3220),
(40479, 3262),
(40480, 3205),
(40481, 3222),
(40482, 3271),
(40483, 3290),
(40484, 3273),
(40486, 3222),
(40487, 3252),
(40488, 3263),
(40489, 3268),
(40490, 3289),
(40491, 3246),
(40493, 3233),
(40494, 3245),
(40495, 3300),
(40496, 3294),
(40497, 3245),
(40498, 3300),
(40500, 3295),
(40501, 3215),
(40502, 3285),
(40503, 3299),
(40504, 3221),
(40505, 3216),
(40507, 3246),
(40508, 3238),
(40509, 3268),
(40510, 3291),
(40511, 3205),
(40512, 3266),
(40514, 3207),
(40515, 3278),
(40516, 3210),
(40517, 3244),
(40518, 3241),
(40519, 3217),
(40521, 3235),
(40522, 3248),
(40523, 3297),
(40524, 3294),
(40525, 3294),
(40526, 3223),
(40528, 3293),
(40529, 3279),
(40530, 3279),
(40531, 3230),
(40532, 3229),
(40533, 3288),
(40535, 3222),
(40536, 3224),
(40537, 3237),
(40538, 3255),
(40539, 3242),
(40540, 3300),
(40542, 3207),
(40543, 3257),
(40544, 3250),
(40545, 3294),
(40546, 3280),
(40547, 3244),
(40549, 3282),
(40550, 3281),
(40551, 3253),
(40552, 3291),
(40553, 3205),
(40554, 3233),
(40556, 3243),
(40557, 3243),
(40558, 3292),
(40559, 3256),
(40560, 3267),
(40561, 3239),
(40563, 3260),
(40564, 3266),
(40565, 3258),
(40566, 3222),
(40567, 3254),
(40568, 3284),
(40570, 3223),
(40571, 3206),
(40572, 3208),
(40573, 3265),
(40574, 3284),
(40575, 3299),
(40577, 3249),
(40578, 3285),
(40579, 3289),
(40580, 3243),
(40581, 3280),
(40582, 3290),
(40584, 3239),
(40585, 3242),
(40586, 3296),
(40587, 3276),
(40588, 3225),
(40589, 3265),
(40591, 3296),
(40592, 3226),
(40593, 3297),
(40594, 3261),
(40595, 3248),
(40596, 3210),
(40598, 3267),
(40599, 3230),
(40600, 3259),
(40601, 3300),
(40602, 3246),
(40603, 3275),
(40605, 3276),
(40606, 3277),
(40607, 3224),
(40608, 3258),
(40609, 3286),
(40610, 3239),
(40612, 3288),
(40613, 3281),
(40614, 3284),
(40615, 3221),
(40616, 3240),
(40617, 3259),
(40619, 3264),
(40620, 3284),
(40621, 3235),
(40622, 3230),
(40623, 3242),
(40624, 3290),
(40626, 3266),
(40627, 3231),
(40628, 3260),
(40629, 3278),
(40630, 3269),
(40631, 3207),
(40633, 3220),
(40634, 3229),
(40635, 3224);

-- --------------------------------------------------------

--
-- Structure de la table `user_comic`
--

CREATE TABLE `user_comic` (
  `user_id` int(11) NOT NULL,
  `comic_id` int(11) NOT NULL
) ENGINE=InnoDB DEFAULT CHARSET=utf8mb4 COLLATE=utf8mb4_unicode_ci;

--
-- Déchargement des données de la table `user_comic`
--

INSERT INTO `user_comic` (`user_id`, `comic_id`) VALUES
(40136, 3612),
(40137, 3623),
(40138, 3685),
(40140, 3698),
(40141, 3682),
(40142, 3636),
(40144, 3632),
(40145, 3636),
(40146, 3681),
(40148, 3667),
(40149, 3653),
(40150, 3646),
(40152, 3614),
(40153, 3649),
(40154, 3628),
(40156, 3617),
(40157, 3622),
(40158, 3647),
(40160, 3626),
(40161, 3635),
(40162, 3671),
(40164, 3684),
(40165, 3610),
(40166, 3673),
(40168, 3643),
(40169, 3616),
(40170, 3700),
(40172, 3661),
(40173, 3646),
(40174, 3692),
(40176, 3607),
(40177, 3633),
(40178, 3608),
(40180, 3617),
(40181, 3679),
(40182, 3614),
(40184, 3648),
(40185, 3627),
(40186, 3606),
(40188, 3624),
(40189, 3625),
(40190, 3653),
(40192, 3609),
(40193, 3676),
(40194, 3678),
(40196, 3646),
(40197, 3675),
(40198, 3687),
(40200, 3634),
(40201, 3665),
(40202, 3668),
(40204, 3619),
(40205, 3677),
(40206, 3688),
(40208, 3667),
(40209, 3624),
(40210, 3657),
(40212, 3664),
(40213, 3661),
(40214, 3675),
(40216, 3671),
(40217, 3681),
(40218, 3643),
(40220, 3649),
(40221, 3608),
(40222, 3698),
(40224, 3673),
(40225, 3690),
(40226, 3697),
(40228, 3696),
(40229, 3697),
(40230, 3637),
(40232, 3604),
(40233, 3631),
(40234, 3684),
(40236, 3665),
(40237, 3615),
(40238, 3642),
(40240, 3622),
(40241, 3642),
(40242, 3607),
(40244, 3632),
(40245, 3688),
(40246, 3609),
(40248, 3609),
(40249, 3667),
(40250, 3667),
(40252, 3616),
(40253, 3645),
(40254, 3666),
(40256, 3634),
(40257, 3688),
(40258, 3668),
(40260, 3657),
(40261, 3603),
(40262, 3612),
(40264, 3670),
(40265, 3656),
(40266, 3684),
(40268, 3685),
(40269, 3605),
(40270, 3627),
(40272, 3694),
(40273, 3648),
(40274, 3610),
(40276, 3613),
(40277, 3662),
(40278, 3685),
(40280, 3646),
(40281, 3625),
(40282, 3612),
(40284, 3630),
(40285, 3687),
(40286, 3696),
(40288, 3625),
(40289, 3625),
(40290, 3617),
(40292, 3619),
(40293, 3669),
(40294, 3658),
(40296, 3625),
(40297, 3635),
(40298, 3692),
(40300, 3686),
(40301, 3602),
(40302, 3640),
(40304, 3636),
(40305, 3661),
(40306, 3684),
(40308, 3649),
(40309, 3697),
(40310, 3605),
(40312, 3667),
(40313, 3639),
(40314, 3675),
(40316, 3659),
(40317, 3614),
(40318, 3646),
(40320, 3630),
(40321, 3635),
(40322, 3639),
(40324, 3627),
(40325, 3618),
(40326, 3653),
(40328, 3653),
(40329, 3684),
(40330, 3630),
(40332, 3642),
(40333, 3612),
(40334, 3636),
(40336, 3676),
(40337, 3673),
(40338, 3654),
(40340, 3680),
(40341, 3608),
(40342, 3621),
(40344, 3689),
(40345, 3612),
(40346, 3653),
(40348, 3654),
(40349, 3677),
(40350, 3667),
(40352, 3629),
(40353, 3640),
(40354, 3626),
(40356, 3670),
(40357, 3652),
(40358, 3666),
(40360, 3610),
(40361, 3651),
(40362, 3615),
(40364, 3653),
(40365, 3679),
(40366, 3672),
(40368, 3640),
(40369, 3623),
(40370, 3667),
(40372, 3661),
(40373, 3670),
(40374, 3676),
(40376, 3618),
(40377, 3605),
(40378, 3647),
(40380, 3694),
(40381, 3676),
(40382, 3605),
(40384, 3661),
(40385, 3668),
(40386, 3640),
(40388, 3615),
(40389, 3699),
(40390, 3614),
(40392, 3671),
(40393, 3650),
(40394, 3695),
(40396, 3672),
(40397, 3650),
(40398, 3677),
(40400, 3618),
(40401, 3685),
(40402, 3678),
(40404, 3677),
(40405, 3662),
(40406, 3679),
(40408, 3621),
(40409, 3667),
(40410, 3606),
(40412, 3637),
(40413, 3630),
(40414, 3634),
(40416, 3632),
(40417, 3697),
(40418, 3654),
(40420, 3631),
(40421, 3654),
(40422, 3601),
(40424, 3649),
(40425, 3654),
(40426, 3641),
(40428, 3649),
(40429, 3655),
(40430, 3676),
(40432, 3623),
(40433, 3664),
(40434, 3692),
(40436, 3620),
(40437, 3601),
(40438, 3695),
(40440, 3616),
(40441, 3697),
(40442, 3611),
(40444, 3639),
(40445, 3682),
(40446, 3645),
(40448, 3628),
(40449, 3601),
(40450, 3659),
(40452, 3634),
(40453, 3687),
(40454, 3688),
(40456, 3606),
(40457, 3664),
(40458, 3662),
(40460, 3671),
(40461, 3601),
(40462, 3652),
(40464, 3689),
(40465, 3692),
(40466, 3626),
(40468, 3628),
(40469, 3602),
(40470, 3627),
(40472, 3672),
(40473, 3685),
(40474, 3606),
(40476, 3626),
(40477, 3677),
(40478, 3639),
(40480, 3634),
(40481, 3644),
(40482, 3687),
(40484, 3640),
(40485, 3603),
(40486, 3692),
(40488, 3633),
(40489, 3696),
(40490, 3694),
(40492, 3645),
(40493, 3694),
(40494, 3646),
(40496, 3699),
(40497, 3617),
(40498, 3673),
(40500, 3657),
(40501, 3628),
(40502, 3622),
(40504, 3643),
(40505, 3684),
(40506, 3644),
(40508, 3669),
(40509, 3610),
(40510, 3652),
(40512, 3679),
(40513, 3615),
(40514, 3674),
(40516, 3699),
(40517, 3613),
(40518, 3646),
(40520, 3666),
(40521, 3691),
(40522, 3675),
(40524, 3647),
(40525, 3614),
(40526, 3619),
(40528, 3643),
(40529, 3669),
(40530, 3699),
(40532, 3696),
(40533, 3606),
(40534, 3628),
(40536, 3672),
(40537, 3667),
(40538, 3669),
(40540, 3661),
(40541, 3615),
(40542, 3688),
(40544, 3686),
(40545, 3669),
(40546, 3646),
(40548, 3628),
(40549, 3634),
(40550, 3696),
(40552, 3631),
(40553, 3628),
(40554, 3653),
(40556, 3614),
(40557, 3695),
(40558, 3643),
(40560, 3609),
(40561, 3661),
(40562, 3605),
(40564, 3618),
(40565, 3611),
(40566, 3617),
(40568, 3605),
(40569, 3612),
(40570, 3609),
(40572, 3640),
(40573, 3664),
(40574, 3652),
(40576, 3697),
(40577, 3639),
(40578, 3663),
(40580, 3608),
(40581, 3695),
(40582, 3611),
(40584, 3609),
(40585, 3670),
(40586, 3627),
(40588, 3671),
(40589, 3642),
(40590, 3682),
(40592, 3681),
(40593, 3652),
(40594, 3674),
(40596, 3628),
(40597, 3674),
(40598, 3615),
(40600, 3629),
(40601, 3699),
(40602, 3661),
(40604, 3624),
(40605, 3624),
(40606, 3667),
(40608, 3648),
(40609, 3608),
(40610, 3643),
(40612, 3653),
(40613, 3679),
(40614, 3680),
(40616, 3627),
(40617, 3645),
(40618, 3631),
(40620, 3615),
(40621, 3623),
(40622, 3665),
(40624, 3654),
(40625, 3664),
(40626, 3642),
(40628, 3672),
(40629, 3646),
(40630, 3636),
(40632, 3617),
(40633, 3661),
(40634, 3637);

-- --------------------------------------------------------

--
-- Structure de la table `user_manga`
--

CREATE TABLE `user_manga` (
  `user_id` int(11) NOT NULL,
  `manga_id` int(11) NOT NULL
) ENGINE=InnoDB DEFAULT CHARSET=utf8mb4 COLLATE=utf8mb4_unicode_ci;

--
-- Déchargement des données de la table `user_manga`
--

INSERT INTO `user_manga` (`user_id`, `manga_id`) VALUES
(40136, 3698),
(40137, 3637),
(40138, 3637),
(40139, 3655),
(40141, 3719),
(40142, 3671),
(40143, 3683),
(40144, 3673),
(40146, 3709),
(40147, 3646),
(40148, 3652),
(40149, 3701),
(40151, 3654),
(40152, 3652),
(40153, 3665),
(40154, 3693),
(40156, 3687),
(40157, 3728),
(40158, 3711),
(40159, 3721),
(40161, 3667),
(40162, 3693),
(40163, 3646),
(40164, 3694),
(40166, 3640),
(40167, 3656),
(40168, 3697),
(40169, 3667),
(40171, 3649),
(40172, 3721),
(40173, 3666),
(40174, 3701),
(40176, 3686),
(40177, 3694),
(40178, 3660),
(40179, 3701),
(40181, 3659),
(40182, 3653),
(40183, 3716),
(40184, 3727),
(40186, 3724),
(40187, 3724),
(40188, 3651),
(40189, 3685),
(40191, 3657),
(40192, 3708),
(40193, 3662),
(40194, 3690),
(40196, 3665),
(40197, 3676),
(40198, 3683),
(40199, 3672),
(40201, 3716),
(40202, 3721),
(40203, 3727),
(40204, 3692),
(40206, 3709),
(40207, 3712),
(40208, 3714),
(40209, 3637),
(40211, 3639),
(40212, 3641),
(40213, 3645),
(40214, 3671),
(40216, 3647),
(40217, 3701),
(40218, 3713),
(40219, 3718),
(40221, 3718),
(40222, 3673),
(40223, 3705),
(40224, 3647),
(40226, 3700),
(40227, 3713),
(40228, 3680),
(40229, 3716),
(40231, 3676),
(40232, 3705),
(40233, 3700),
(40234, 3719),
(40236, 3678),
(40237, 3661),
(40238, 3723),
(40239, 3703),
(40241, 3650),
(40242, 3653),
(40243, 3665),
(40244, 3728),
(40246, 3633),
(40247, 3699),
(40248, 3694),
(40249, 3647),
(40251, 3677),
(40252, 3713),
(40253, 3717),
(40254, 3689),
(40256, 3727),
(40257, 3642),
(40258, 3721),
(40259, 3664),
(40261, 3638),
(40262, 3713),
(40263, 3642),
(40264, 3695),
(40266, 3665),
(40267, 3699),
(40268, 3728),
(40269, 3677),
(40271, 3660),
(40272, 3679),
(40273, 3723),
(40274, 3683),
(40276, 3639),
(40277, 3656),
(40278, 3659),
(40279, 3668),
(40281, 3728),
(40282, 3691),
(40283, 3696),
(40284, 3671),
(40286, 3723),
(40287, 3675),
(40288, 3721),
(40289, 3633),
(40291, 3719),
(40292, 3698),
(40293, 3648),
(40294, 3718),
(40296, 3722),
(40297, 3714),
(40298, 3690),
(40299, 3710),
(40301, 3708),
(40302, 3713),
(40303, 3717),
(40304, 3644),
(40306, 3728),
(40307, 3654),
(40308, 3644),
(40309, 3694),
(40311, 3634),
(40312, 3720),
(40313, 3642),
(40314, 3716),
(40316, 3652),
(40317, 3643),
(40318, 3678),
(40319, 3633),
(40321, 3692),
(40322, 3658),
(40323, 3673),
(40324, 3691),
(40326, 3636),
(40327, 3667),
(40328, 3687),
(40329, 3683),
(40331, 3692),
(40332, 3649),
(40333, 3658),
(40334, 3697),
(40336, 3632),
(40337, 3691),
(40338, 3653),
(40339, 3633),
(40341, 3716),
(40342, 3677),
(40343, 3687),
(40344, 3686),
(40346, 3713),
(40347, 3691),
(40348, 3705),
(40349, 3718),
(40351, 3692),
(40352, 3720),
(40353, 3648),
(40354, 3717),
(40356, 3709),
(40357, 3674),
(40358, 3721),
(40359, 3730),
(40361, 3722),
(40362, 3704),
(40363, 3709),
(40364, 3698),
(40366, 3708),
(40367, 3673),
(40368, 3653),
(40369, 3717),
(40371, 3671),
(40372, 3730),
(40373, 3668),
(40374, 3657),
(40376, 3697),
(40377, 3643),
(40378, 3697),
(40379, 3631),
(40381, 3659),
(40382, 3649),
(40383, 3645),
(40384, 3728),
(40386, 3646),
(40387, 3699),
(40388, 3643),
(40389, 3711),
(40391, 3648),
(40392, 3700),
(40393, 3695),
(40394, 3706),
(40396, 3662),
(40397, 3730),
(40398, 3676),
(40399, 3675),
(40401, 3722),
(40402, 3640),
(40403, 3699),
(40404, 3649),
(40406, 3684),
(40407, 3679),
(40408, 3662),
(40409, 3632),
(40411, 3718),
(40412, 3664),
(40413, 3702),
(40414, 3637),
(40416, 3702),
(40417, 3664),
(40418, 3671),
(40419, 3722),
(40421, 3724),
(40422, 3700),
(40423, 3700),
(40424, 3719),
(40426, 3684),
(40427, 3724),
(40428, 3639),
(40429, 3645),
(40431, 3670),
(40432, 3662),
(40433, 3634),
(40434, 3687),
(40436, 3655),
(40437, 3710),
(40438, 3699),
(40439, 3643),
(40441, 3710),
(40442, 3724),
(40443, 3728),
(40444, 3651),
(40446, 3632),
(40447, 3712),
(40448, 3722),
(40449, 3695),
(40451, 3705),
(40452, 3640),
(40453, 3675),
(40454, 3686),
(40456, 3637),
(40457, 3715),
(40458, 3660),
(40459, 3682),
(40461, 3663),
(40462, 3684),
(40463, 3671),
(40464, 3671),
(40466, 3684),
(40467, 3708),
(40468, 3719),
(40469, 3728),
(40471, 3693),
(40472, 3649),
(40473, 3689),
(40474, 3668),
(40476, 3685),
(40477, 3639),
(40478, 3632),
(40479, 3675),
(40481, 3683),
(40482, 3647),
(40483, 3683),
(40484, 3635),
(40486, 3683),
(40487, 3641),
(40488, 3698),
(40489, 3707),
(40491, 3639),
(40492, 3729),
(40493, 3699),
(40494, 3728),
(40496, 3684),
(40497, 3638),
(40498, 3704),
(40499, 3688),
(40501, 3639),
(40502, 3693),
(40503, 3703),
(40504, 3697),
(40506, 3718),
(40507, 3708),
(40508, 3722),
(40509, 3720),
(40511, 3664),
(40512, 3695),
(40513, 3646),
(40514, 3701),
(40516, 3718),
(40517, 3652),
(40518, 3659),
(40519, 3673),
(40521, 3717),
(40522, 3664),
(40523, 3670),
(40524, 3685),
(40526, 3653),
(40527, 3678),
(40528, 3663),
(40529, 3645),
(40531, 3631),
(40532, 3727),
(40533, 3631),
(40534, 3700),
(40536, 3636),
(40537, 3652),
(40538, 3641),
(40539, 3718),
(40541, 3707),
(40542, 3668),
(40543, 3683),
(40544, 3681),
(40546, 3640),
(40547, 3671),
(40548, 3695),
(40549, 3714),
(40551, 3684),
(40552, 3648),
(40553, 3679),
(40554, 3632),
(40556, 3692),
(40557, 3701),
(40558, 3646),
(40559, 3723),
(40561, 3634),
(40562, 3715),
(40563, 3642),
(40564, 3701),
(40566, 3676),
(40567, 3685),
(40568, 3637),
(40569, 3635),
(40571, 3672),
(40572, 3710),
(40573, 3711),
(40574, 3631),
(40576, 3677),
(40577, 3680),
(40578, 3643),
(40579, 3710),
(40581, 3684),
(40582, 3677),
(40583, 3712),
(40584, 3644),
(40586, 3688),
(40587, 3711),
(40588, 3659),
(40589, 3637),
(40591, 3653),
(40592, 3728),
(40593, 3635),
(40594, 3716),
(40596, 3730),
(40597, 3730),
(40598, 3646),
(40599, 3644),
(40601, 3705),
(40602, 3660),
(40603, 3717),
(40604, 3668),
(40606, 3681),
(40607, 3720),
(40608, 3693),
(40609, 3672),
(40611, 3631),
(40612, 3727),
(40613, 3679),
(40614, 3666),
(40616, 3660),
(40617, 3638),
(40618, 3695),
(40619, 3687),
(40621, 3666),
(40622, 3718),
(40623, 3674),
(40624, 3726),
(40626, 3702),
(40627, 3678),
(40628, 3638),
(40629, 3638),
(40631, 3664),
(40632, 3654),
(40633, 3675),
(40634, 3701);

-- --------------------------------------------------------

--
-- Structure de la table `user_video_game`
--

CREATE TABLE `user_video_game` (
  `user_id` int(11) NOT NULL,
  `video_game_id` int(11) NOT NULL
) ENGINE=InnoDB DEFAULT CHARSET=utf8mb4 COLLATE=utf8mb4_unicode_ci;

--
-- Déchargement des données de la table `user_video_game`
--

INSERT INTO `user_video_game` (`user_id`, `video_game_id`) VALUES
(40136, 2394),
(40137, 2359),
(40139, 2415),
(40140, 2401),
(40142, 2397),
(40143, 2403),
(40145, 2355),
(40146, 2447),
(40148, 2357),
(40149, 2421),
(40151, 2374),
(40152, 2411),
(40154, 2394),
(40155, 2358),
(40157, 2407),
(40158, 2407),
(40160, 2378),
(40161, 2428),
(40163, 2372),
(40164, 2352),
(40166, 2393),
(40167, 2423),
(40169, 2409),
(40170, 2435),
(40172, 2353),
(40173, 2402),
(40175, 2384),
(40176, 2379),
(40178, 2398),
(40179, 2398),
(40181, 2446),
(40182, 2357),
(40184, 2368),
(40185, 2369),
(40187, 2375),
(40188, 2375),
(40190, 2429),
(40191, 2386),
(40193, 2355),
(40194, 2419),
(40196, 2438),
(40197, 2423),
(40199, 2442),
(40200, 2419),
(40202, 2381),
(40203, 2382),
(40205, 2450),
(40206, 2392),
(40208, 2384),
(40209, 2436),
(40211, 2420),
(40212, 2370),
(40214, 2390),
(40215, 2449),
(40217, 2398),
(40218, 2440),
(40220, 2409),
(40221, 2449),
(40223, 2377),
(40224, 2398),
(40226, 2377),
(40227, 2369),
(40229, 2384),
(40230, 2362),
(40232, 2426),
(40233, 2409),
(40235, 2358),
(40236, 2371),
(40238, 2380),
(40239, 2445),
(40241, 2445),
(40242, 2379),
(40244, 2449),
(40245, 2445),
(40247, 2378),
(40248, 2435),
(40250, 2438),
(40251, 2378),
(40253, 2427),
(40254, 2430),
(40256, 2409),
(40257, 2385),
(40259, 2402),
(40260, 2428),
(40262, 2366),
(40263, 2412),
(40265, 2425),
(40266, 2439),
(40268, 2368),
(40269, 2427),
(40271, 2440),
(40272, 2444),
(40274, 2419),
(40275, 2390),
(40277, 2421),
(40278, 2366),
(40280, 2386),
(40281, 2385),
(40283, 2381),
(40284, 2422),
(40286, 2373),
(40287, 2386),
(40289, 2354),
(40290, 2352),
(40292, 2401),
(40293, 2365),
(40295, 2355),
(40296, 2357),
(40298, 2381),
(40299, 2404),
(40301, 2412),
(40302, 2411),
(40304, 2376),
(40305, 2426),
(40307, 2354),
(40308, 2360),
(40310, 2398),
(40311, 2357),
(40313, 2448),
(40314, 2430),
(40316, 2385),
(40317, 2388),
(40319, 2396),
(40320, 2419),
(40322, 2381),
(40323, 2358),
(40325, 2444),
(40326, 2398),
(40328, 2356),
(40329, 2397),
(40331, 2439),
(40332, 2442),
(40334, 2435),
(40335, 2408),
(40337, 2409),
(40338, 2443),
(40340, 2433),
(40341, 2375),
(40343, 2392),
(40344, 2417),
(40346, 2446),
(40347, 2418),
(40349, 2443),
(40350, 2437),
(40352, 2444),
(40353, 2416),
(40355, 2351),
(40356, 2392),
(40358, 2409),
(40359, 2433),
(40361, 2424),
(40362, 2412),
(40364, 2412),
(40365, 2431),
(40367, 2410),
(40368, 2359),
(40370, 2418),
(40371, 2366),
(40373, 2433),
(40374, 2383),
(40376, 2443),
(40377, 2440),
(40379, 2380),
(40380, 2366),
(40382, 2392),
(40383, 2449),
(40385, 2378),
(40386, 2439),
(40388, 2434),
(40389, 2382),
(40391, 2450),
(40392, 2363),
(40394, 2367),
(40395, 2449),
(40397, 2372),
(40398, 2367),
(40400, 2415),
(40401, 2431),
(40403, 2398),
(40404, 2426),
(40406, 2393),
(40407, 2436),
(40409, 2401),
(40410, 2375),
(40412, 2365),
(40413, 2424),
(40415, 2437),
(40416, 2383),
(40418, 2387),
(40419, 2389),
(40421, 2362),
(40422, 2392),
(40424, 2383),
(40425, 2386),
(40427, 2374),
(40428, 2413),
(40430, 2420),
(40431, 2425),
(40433, 2355),
(40434, 2444),
(40436, 2426),
(40437, 2422),
(40439, 2370),
(40440, 2386),
(40442, 2434),
(40443, 2374),
(40445, 2391),
(40446, 2431),
(40448, 2352),
(40449, 2381),
(40451, 2430),
(40452, 2402),
(40454, 2369),
(40455, 2422),
(40457, 2392),
(40458, 2449),
(40460, 2392),
(40461, 2419),
(40463, 2399),
(40464, 2351),
(40466, 2367),
(40467, 2391),
(40469, 2396),
(40470, 2441),
(40472, 2353),
(40473, 2444),
(40475, 2434),
(40476, 2444),
(40478, 2420),
(40479, 2417),
(40481, 2438),
(40482, 2418),
(40484, 2383),
(40485, 2366),
(40487, 2374),
(40488, 2374),
(40490, 2435),
(40491, 2414),
(40493, 2405),
(40494, 2385),
(40496, 2377),
(40497, 2382),
(40499, 2365),
(40500, 2388),
(40502, 2359),
(40503, 2410),
(40505, 2399),
(40506, 2405),
(40508, 2364),
(40509, 2412),
(40511, 2396),
(40512, 2373),
(40514, 2376),
(40515, 2399),
(40517, 2419),
(40518, 2357),
(40520, 2362),
(40521, 2417),
(40523, 2393),
(40524, 2386),
(40526, 2373),
(40527, 2407),
(40529, 2373),
(40530, 2403),
(40532, 2375),
(40533, 2385),
(40535, 2419),
(40536, 2391),
(40538, 2402),
(40539, 2415),
(40541, 2412),
(40542, 2402),
(40544, 2413),
(40545, 2399),
(40547, 2416),
(40548, 2436),
(40550, 2440),
(40551, 2374),
(40553, 2441),
(40554, 2372),
(40556, 2374),
(40557, 2364),
(40559, 2369),
(40560, 2418),
(40562, 2429),
(40563, 2426),
(40565, 2383),
(40566, 2427),
(40568, 2430),
(40569, 2385),
(40571, 2360),
(40572, 2432),
(40574, 2447),
(40575, 2408),
(40577, 2380),
(40578, 2374),
(40580, 2375),
(40581, 2360),
(40583, 2406),
(40584, 2425),
(40586, 2411),
(40587, 2370),
(40589, 2377),
(40590, 2384),
(40592, 2398),
(40593, 2359),
(40595, 2373),
(40596, 2374),
(40598, 2421),
(40599, 2429),
(40601, 2374),
(40602, 2370),
(40604, 2437),
(40605, 2359),
(40607, 2359),
(40608, 2420),
(40610, 2418),
(40611, 2402),
(40613, 2428),
(40614, 2372),
(40616, 2440),
(40617, 2449),
(40619, 2442),
(40620, 2379),
(40622, 2371),
(40623, 2399),
(40625, 2362),
(40626, 2380),
(40628, 2402),
(40629, 2355),
(40631, 2402),
(40632, 2405),
(40634, 2416),
(40635, 2382);

-- --------------------------------------------------------

--
-- Structure de la table `video_game`
--

CREATE TABLE `video_game` (
  `id` int(11) NOT NULL,
  `category_id` int(11) NOT NULL,
  `name` varchar(50) COLLATE utf8mb4_unicode_ci NOT NULL,
  `description` longtext COLLATE utf8mb4_unicode_ci NOT NULL,
  `picture` varchar(255) COLLATE utf8mb4_unicode_ci NOT NULL
) ENGINE=InnoDB DEFAULT CHARSET=utf8mb4 COLLATE=utf8mb4_unicode_ci;

--
-- Déchargement des données de la table `video_game`
--

INSERT INTO `video_game` (`id`, `category_id`, `name`, `description`, `picture`) VALUES
(2351, 988, 'eos', 'Animi omnis quia iste. Et repellat velit minima ea rem nihil. Cumque dicta eligendi doloremque. Accusamus totam est debitis minima praesentium. Perspiciatis nostrum totam quas dolores voluptatem ut. Qui totam explicabo quia illo. Ea est id magni saepe occaecati dolores.', 'https://image.jeuxvideo.com/medias/163335/1633353168-8875-jaquette-avant.gif'),
(2352, 1001, 'ut error', 'Iste mollitia facilis vel velit. Dolor nulla et ut corrupti. Blanditiis facilis consectetur et porro. Ducimus nihil tenetur et eum voluptatem unde alias. Ut omnis architecto harum ea. Corporis impedit rem ea voluptates pariatur minima.', 'https://image.jeuxvideo.com/medias/159403/1594028554-187-jaquette-avant.jpg'),
(2353, 988, 'et vel autem eos', 'Sit eligendi et architecto fuga inventore aut. Harum aut aut voluptas eum. Aliquid et doloremque ut saepe suscipit reiciendis quia. Itaque amet et exercitationem voluptatibus perferendis.', 'https://image.jeuxvideo.com/medias/163335/1633353168-8875-jaquette-avant.gif'),
(2354, 991, 'et', 'Rerum facere omnis dolorem illum aut eos. Voluptatem distinctio quod nihil quam veniam vel. Consequatur doloribus cum sint assumenda et.', 'https://image.jeuxvideo.com/medias-sm/163396/1633959248-729-jaquette-avant.gif'),
(2355, 995, 'minus', 'Sed voluptatem iste expedita voluptatem et odit vero temporibus. Vel accusantium impedit asperiores et rerum. Illum delectus sed voluptatem sed dolores aliquam totam debitis. Porro amet vitae dolores delectus. Vel eligendi corrupti nobis quas vitae qui. Ut sint veritatis delectus qui possimus.', 'https://image.jeuxvideo.com/medias/163342/1633418743-1593-jaquette-avant.gif'),
(2356, 994, 'dolore velit', 'Saepe quia corporis in repudiandae. Nulla voluptatem aut autem sed voluptas. Ad quis veritatis libero et praesentium porro. Perferendis excepturi officiis distinctio atque. Autem illo distinctio iure. Ab quisquam non suscipit rem et esse consequatur. Libero nobis nam et ratione minus.', 'https://image.jeuxvideo.com/medias/142247/1422469608-7141-jaquette-avant.jpg'),
(2357, 1001, 'quae', 'Quibusdam perspiciatis qui vel ut et aut ducimus. Dolorem totam non quam dolorem. Est eligendi dolorem iusto aut doloribus enim. Voluptates velit voluptatum qui. Ducimus voluptates eos porro veritatis voluptatum. Odit hic fugiat officia iure.', 'https://image.jeuxvideo.com/medias/163353/1633528483-9809-jaquette-avant.jpg'),
(2358, 997, 'voluptatem nulla', 'Consequatur ex voluptate illum ut suscipit. Doloribus recusandae facilis id. Reprehenderit sint voluptates molestiae a qui.', 'https://image.jeuxvideo.com/medias/163129/1631285061-4363-jaquette-avant.jpg'),
(2359, 1000, 'vel', 'Rerum omnis pariatur a non assumenda aliquam ut. Et molestias quam eaque. Voluptate est accusantium culpa ex quo exercitationem. Quas earum architecto quae. A odit suscipit voluptatum non pariatur quia. Excepturi et labore repellendus suscipit eos sunt.', 'https://image.jeuxvideo.com/medias/163353/1633528483-9809-jaquette-avant.jpg'),
(2360, 990, 'qui ut nobis', 'Sed dolorem et ut qui iste. Quaerat praesentium ut porro corporis minima dignissimos. Libero saepe rerum vel at enim dolores. Aliquam et nesciunt est dignissimos.', 'https://image.jeuxvideo.com/medias/152899/1528990462-7760-jaquette-avant.jpg'),
(2361, 987, 'possimus qui porro', 'Unde ut ipsum ipsam. Ipsa omnis voluptatem fuga et dolorem sit. Minus rerum est quod vel ut qui aut. Maxime nisi est aliquid explicabo corporis hic. Expedita sunt repudiandae distinctio placeat natus id illum ratione. Velit eius eaque veritatis quia.', 'https://image.jeuxvideo.com/medias/163214/1632142889-7692-jaquette-avant.jpg'),
(2362, 985, 'rerum reiciendis tenetur perspiciatis', 'Aspernatur nostrum rerum magni aut eius facere. Ut officia earum iure reiciendis et voluptatem.', 'https://image.jeuxvideo.com/medias/163664/1636636223-8849-jaquette-avant.jpg'),
(2363, 998, 'expedita illo omnis consequatur', 'Reiciendis deleniti porro facere id porro perferendis sit. Enim rerum possimus iure nihil qui debitis. Accusantium praesentium accusamus consequuntur minima amet ea. Minus eos aut corrupti enim eligendi.', 'https://image.jeuxvideo.com/medias/163214/1632143636-6808-jaquette-avant.jpg'),
(2364, 997, 'amet illum', 'Dolores quae quae exercitationem sunt. Quia sunt exercitationem illo. Earum repellendus quam ut consequatur nihil consectetur voluptates sed. Voluptatibus qui non sit veniam quia reiciendis. Officiis aut ut a quis. In et odio quas.', 'https://image.jeuxvideo.com/medias/152899/1528990462-7760-jaquette-avant.jpg'),
(2365, 987, 'beatae commodi', 'Labore adipisci dolor maiores at. Nihil dignissimos molestias dolores iste voluptas esse voluptates. Asperiores tenetur eaque ut ut eos. Quasi dolore temporibus ut. Corrupti id aperiam architecto reprehenderit rerum ab qui.', 'https://image.jeuxvideo.com/medias/163162/1631620218-5546-jaquette-avant.gif'),
(2366, 1002, 'quisquam provident', 'Quia quibusdam tempora voluptates minima et atque quia ad. Rem aut placeat rerum hic molestiae rerum alias. Consequatur nihil impedit distinctio autem cupiditate quam autem.', 'https://image.jeuxvideo.com/medias/149432/1494322310-8900-jaquette-avant.jpg'),
(2367, 998, 'eaque', 'Tenetur assumenda et possimus ipsam porro et. Natus adipisci reprehenderit ex est non totam. Culpa rerum quas nihil laboriosam. Nihil nihil quas corporis et alias soluta magni.', 'https://image.jeuxvideo.com/medias/163154/1631541998-5162-jaquette-avant.jpg'),
(2368, 988, 'est non', 'Iure animi ut sunt aut enim. Mollitia sunt et quas dolorem ratione. Ratione delectus vitae et voluptatibus aut alias.', 'https://global-img.gamergen.com/red-dead-redemption-2-pc-mediamarkt_0900909672.jpg'),
(2369, 988, 'aliquid voluptatem tempore', 'Vel unde placeat adipisci et nesciunt illo voluptas. In voluptas laboriosam non. Dolorem quidem eligendi minus ut atque vel aperiam. Non enim iusto voluptas exercitationem dignissimos quam.', 'https://image.jeuxvideo.com/medias/163129/1631285061-4363-jaquette-avant.jpg'),
(2370, 1002, 'voluptatem distinctio quae libero', 'Recusandae cum repellendus adipisci ut. Accusamus consequatur odio quo odio. Eum quam eaque corporis est ut. Nobis ad inventore minus culpa quam non. Et nostrum voluptatibus ratione ab aut officia. Impedit ut facilis voluptatem earum eos tenetur.', 'https://image.jeuxvideo.com/medias/150166/1501664378-9988-jaquette-avant.jpg'),
(2371, 991, 'nesciunt vero', 'Necessitatibus optio sed blanditiis fugiat. Blanditiis quaerat saepe minus inventore ea. Recusandae veniam culpa quasi maiores ut blanditiis id voluptatem. Id amet provident ut vero sit sed et.', 'https://image.jeuxvideo.com/images/jaquettes/00048634/jaquette-les-sims-4-pc-cover-avant-g-1409904702.jpg'),
(2372, 996, 'ipsam eos', 'Fuga culpa veniam consequuntur explicabo. Reiciendis animi blanditiis qui et et tenetur quae consequatur. Alias est minus magnam facere eum natus.', 'https://image.jeuxvideo.com/medias/163664/1636636223-8849-jaquette-avant.jpg'),
(2373, 993, 'nisi vel', 'Dolorum magni molestiae enim reiciendis quis ut fugiat occaecati. Iste explicabo provident eum autem. Sint aliquam maiores fuga iste natus ut consequatur. Qui non eligendi animi pariatur molestiae sint natus.', 'https://global-img.gamergen.com/red-dead-redemption-2-pc-mediamarkt_0900909672.jpg'),
(2374, 994, 'suscipit nesciunt corporis consequuntur', 'Tempora nihil odit sunt veritatis fugit earum sunt. Molestiae dicta similique atque qui. Quo enim sunt enim aut. Sit sed autem facere optio sint harum repellat. Doloremque eius eveniet ad libero cum nesciunt veniam est. Quas repudiandae non quo.', 'https://image.jeuxvideo.com/images/jaquettes/00027602/jaquette-league-of-legends-pc-cover-avant-g.jpg'),
(2375, 989, 'nihil ut', 'Rem inventore provident ad maxime atque numquam fuga. Id maiores ipsa accusamus in. Eum magnam distinctio aliquam dolores iure minus odit. Sequi blanditiis qui nulla tenetur repellat. Voluptatum ea maxime incidunt voluptates. Rem non illum odit laborum. Qui aut cupiditate at esse.', 'https://image.jeuxvideo.com/medias/150166/1501664378-9988-jaquette-avant.jpg'),
(2376, 993, 'sit', 'Suscipit quidem provident accusantium iusto numquam et enim. Quis iusto voluptatum distinctio magnam. Nisi at vero id consequuntur sit. Ut expedita sed libero rerum et inventore maxime.', 'https://paradoxetemporel.fr/wp-content/uploads/2020/06/jaquette-the-last-of-us-part-2.jpg'),
(2377, 985, 'eos et quae ea', 'Sapiente eaque nihil ut qui. Beatae sed nobis sint dolor id quasi natus. Corporis beatae deleniti officiis aliquam mollitia omnis aspernatur optio. Quia voluptatem ut beatae velit quisquam.', 'https://image.jeuxvideo.com/medias/163154/1631535511-3744-jaquette-avant.jpg'),
(2378, 998, 'neque', 'Ullam sit nisi eveniet asperiores delectus voluptatem necessitatibus. Et eius dolores molestiae repellendus. Quis ea voluptate sed et suscipit eum aut. Eaque esse voluptatibus porro provident. Nobis eos autem et. Veniam accusamus doloremque velit aut aut.', 'https://image.jeuxvideo.com/medias/163299/1632989599-6459-jaquette-avant.gif'),
(2379, 992, 'eum doloremque rem', 'Sint voluptatum culpa iusto vel. Aliquam fuga rem recusandae dolor enim sint quia. Nemo expedita soluta in optio perspiciatis. Consequatur ut illo ratione commodi at. Veniam fuga ratione aspernatur voluptas accusantium. Qui tenetur quos est.', 'https://letempscompere.fr/wp-content/uploads/2021/08/KyBRbcz5wCqPrdr7QFfUniEg-2048x1536.webp'),
(2380, 989, 'nisi provident vero deleniti', 'Molestiae eum dolor sit corrupti veritatis. Dolorem est ad fugit soluta occaecati est. Soluta numquam voluptatem animi et. Amet sequi recusandae et omnis quas pariatur numquam. Vero aperiam recusandae omnis doloremque vel. Et eos veritatis provident quaerat voluptatibus. Earum est error non.', 'https://image.jeuxvideo.com/medias/142247/1422469608-7141-jaquette-avant.jpg'),
(2381, 986, 'voluptatem minus rem', 'Neque repudiandae nam esse omnis. Ut porro aliquid sed. Praesentium atque et vitae possimus. Explicabo dignissimos beatae numquam et alias non est hic. Quia labore voluptatem sapiente magnam qui. Qui repellendus fugit assumenda.', 'https://image.jeuxvideo.com/medias/163214/1632143636-6808-jaquette-avant.jpg'),
(2382, 990, 'reiciendis non', 'Dolores sit est molestias error nihil doloremque non sint. Alias reprehenderit dolor quas. Velit nostrum in nobis. Perspiciatis dicta labore labore placeat. Maxime totam sit molestiae laboriosam. Quidem quod itaque dolor a sit. Ea recusandae dolore inventore sunt voluptatem omnis minima optio.', 'https://image.jeuxvideo.com/medias/158826/1588264397-5261-jaquette-avant.jpg'),
(2383, 987, 'officia', 'Nemo possimus doloribus iusto et voluptas. Perspiciatis dolorem nemo magnam voluptatem impedit. Labore sapiente ut aut et sequi blanditiis ab. Vel enim a cupiditate aut. Sint a voluptatem eum quam facilis consequatur. Enim et asperiores expedita sed ut.', 'https://image.jeuxvideo.com/medias-sm/163396/1633959248-729-jaquette-avant.gif'),
(2384, 999, 'sequi voluptatum quia', 'Rerum ducimus eius accusantium consequatur tempore fugiat et. Sed quisquam suscipit eos natus sed vel est aut. Dolor et occaecati sunt est non. Ut ut maxime tempora distinctio delectus et maxime odit.', 'https://image.jeuxvideo.com/images/jaquettes/00048634/jaquette-les-sims-4-pc-cover-avant-g-1409904702.jpg'),
(2385, 988, 'voluptas', 'Consequatur aut quo voluptas ut in. Explicabo reprehenderit velit et recusandae. Nobis sit eius est ut repellat nisi. In qui nulla est in nostrum. Et magnam voluptate aspernatur voluptates velit nam. Fuga inventore saepe dolorum dolorum velit tenetur nobis porro.', 'https://image.jeuxvideo.com/medias/161277/1612766574-6606-jaquette-avant.png'),
(2386, 995, 'veritatis voluptatem', 'Consequatur commodi iste ea quo ut eum occaecati rem. Et quisquam dolorem ut nisi. Sapiente aut dolorem asperiores. Ut rerum omnis voluptates asperiores. Illum omnis aut molestias magnam et dolore corrupti. Saepe et dolore eos rem earum voluptatem. Est illo aperiam est praesentium quis quidem.', 'https://image.jeuxvideo.com/medias/163881/1638806697-8764-jaquette-avant.gif'),
(2387, 984, 'quod adipisci et consequatur', 'Esse itaque aut magnam dolorem illum deserunt voluptas. Reiciendis placeat rerum voluptate quod molestiae officia sit molestiae. Eaque asperiores veniam suscipit aut ipsa. Sit doloribus eaque quod. Ut molestiae sequi quod tempore magni ut provident enim.', 'https://image.jeuxvideo.com/medias/152899/1528990462-7760-jaquette-avant.jpg'),
(2388, 999, 'et', 'Iste doloribus unde ducimus cupiditate ex et voluptatem. Quas nostrum necessitatibus explicabo officia nisi. Eos expedita architecto et ut. Dolorem sit nihil distinctio consequatur. Ut consequatur quo ipsam eveniet sequi quia. Esse corrupti id dolores blanditiis porro.', 'https://image.jeuxvideo.com/medias/163154/1631535511-3744-jaquette-avant.jpg'),
(2389, 997, 'natus velit et', 'Quos mollitia labore omnis unde. Iste non rem dignissimos velit et laborum aut. Reiciendis omnis minima soluta et quis vel fugiat molestiae.', 'https://image.jeuxvideo.com/images/jaquettes/00048634/jaquette-les-sims-4-pc-cover-avant-g-1409904702.jpg'),
(2390, 999, 'ut natus nesciunt', 'Quae voluptatibus vitae sint similique voluptas. Mollitia velit aut autem ad. Doloremque ut dolorem eveniet impedit molestiae itaque totam.', 'https://image.jeuxvideo.com/medias/163154/1631535511-3744-jaquette-avant.jpg'),
(2391, 1002, 'voluptates nostrum', 'Eum quia sequi ipsum iusto et incidunt eos. Sunt accusamus sit magnam ut exercitationem inventore. Tempore quidem vero occaecati laborum nam facere. Et qui quod recusandae iusto corporis cum.', 'https://image.jeuxvideo.com/medias/163664/1636636223-8849-jaquette-avant.jpg'),
(2392, 997, 'voluptatum totam ullam sit', 'Nostrum eveniet sequi id nemo voluptas et. Suscipit laudantium similique quis est ex quas. Magnam in alias facere nam. Nihil porro commodi molestiae labore et quo veritatis.', 'https://image.jeuxvideo.com/medias/163154/1631541998-5162-jaquette-avant.jpg'),
(2393, 986, 'ullam enim est', 'Sed ea molestiae incidunt iure. Quia enim maxime optio voluptatibus. Necessitatibus a rem consequatur incidunt excepturi accusantium non.', 'https://image.jeuxvideo.com/medias/163664/1636636223-8849-jaquette-avant.jpg'),
(2394, 1002, 'voluptatem cupiditate quo', 'In laudantium minima animi natus ipsa id non. Eum fugit adipisci qui nostrum alias reprehenderit. Suscipit voluptas fugit illum nulla aut quo accusantium. Amet sed incidunt dolores sed asperiores error.', 'https://image.jeuxvideo.com/medias/159542/1595423317-2836-jaquette-avant.png'),
(2395, 993, 'sunt amet similique', 'Assumenda ratione odio at sint nam. Omnis ad quidem aut et. Autem sed ut magni sequi est eos et et. Eos ducimus voluptas aperiam. Veritatis quae ad beatae amet perspiciatis fuga omnis odio. Quo omnis impedit praesentium velit nam ut eligendi.', 'https://image.jeuxvideo.com/medias/163342/1633418743-1593-jaquette-avant.gif'),
(2396, 985, 'ad', 'A ad repudiandae architecto enim ipsa cumque. Enim qui quam iure. Quis placeat culpa quae ipsa non cumque et et. Aperiam quos non harum aliquid cum aliquid voluptatibus illum. Sed aut aut dolor vitae delectus.', 'https://image.jeuxvideo.com/medias/150166/1501664378-9988-jaquette-avant.jpg'),
(2397, 986, 'et ut est', 'Omnis ut quaerat ut labore. Aut quia quo consequatur beatae cum facere. Qui ratione nostrum laboriosam ipsa sed. Ducimus officia cumque harum odio corrupti necessitatibus.', 'https://image.jeuxvideo.com/medias-sm/163396/1633959248-729-jaquette-avant.gif'),
(2398, 998, 'quam facere', 'Accusamus et ut dolor saepe eius. Aut non minus cupiditate quo officiis. Eius error velit provident perferendis quaerat esse. Esse ducimus ex consequuntur sed omnis odit. Doloribus excepturi id doloribus ut magnam qui. Id et quam veritatis officiis soluta eveniet.', 'https://image.jeuxvideo.com/medias/150166/1501664378-9988-jaquette-avant.jpg'),
(2399, 990, 'dolores', 'Dolor eveniet quo vitae. Rerum aspernatur officiis dolorem cupiditate. Est id nihil vel sed ipsum ipsum nulla. Earum est distinctio porro qui atque nisi in.', 'https://image.jeuxvideo.com/medias/163342/1633418743-1593-jaquette-avant.gif'),
(2400, 997, 'et culpa impedit', 'Harum iure occaecati quae nihil itaque maxime. Labore repellendus corporis aliquam sed non nostrum. Ratione non et autem unde temporibus. Saepe ut adipisci hic ea molestiae repellat perferendis.', 'https://image.jeuxvideo.com/medias/163214/1632143636-6808-jaquette-avant.jpg'),
(2401, 985, 'similique nulla officiis', 'Quo et hic delectus dolores voluptatem. Magnam id odio debitis odio. Ad sint molestiae consequatur explicabo eum quia omnis. Voluptates libero praesentium quos dolor assumenda. Qui molestiae non quae impedit molestiae.', 'https://image.jeuxvideo.com/medias/151689/1516893501-9622-jaquette-avant.jpg'),
(2402, 990, 'aut est', 'Reprehenderit aut fugiat est tempora labore numquam. Possimus possimus quaerat voluptatem et dolores. Deleniti est rerum culpa.', 'https://image.jeuxvideo.com/medias/149432/1494322310-8900-jaquette-avant.jpg'),
(2403, 987, 'quidem', 'Ipsum et facere sunt in illo. Molestias accusamus praesentium debitis hic. Ab voluptate sit est est id ut. Eaque fuga est et ex quasi neque. Ea voluptatem quis dolor atque aliquam velit. Eaque sit asperiores neque praesentium laudantium non laudantium aliquam.', 'https://image.jeuxvideo.com/medias/149432/1494322310-8900-jaquette-avant.jpg'),
(2404, 998, 'suscipit quod eligendi', 'Ut voluptas facere est unde quibusdam nesciunt. Voluptas ut exercitationem aliquid veritatis totam ducimus atque consequatur. Aliquid est omnis aut incidunt et sed.', 'https://image.jeuxvideo.com/medias/159542/1595423317-2836-jaquette-avant.png'),
(2405, 989, 'a', 'Quam placeat repudiandae consequuntur placeat voluptatum ipsa. Quis deserunt ex omnis iste est accusantium. Incidunt est tempora aliquam. Aut recusandae autem quibusdam optio omnis. Molestiae aut quo sunt minima non consequatur.', 'https://image.jeuxvideo.com/medias/142247/1422469608-7141-jaquette-avant.jpg'),
(2406, 984, 'voluptas consectetur', 'Reprehenderit placeat molestiae iste quidem. Aperiam aliquid aut eum rerum itaque laboriosam corporis maxime. Quia fuga ipsum aut dolores consequuntur. Corrupti est impedit fuga dolores rerum maxime. Assumenda quam qui quia et facilis.', 'https://image.jeuxvideo.com/medias/163154/1631541998-5162-jaquette-avant.jpg'),
(2407, 992, 'et sapiente', 'Possimus eum reprehenderit eaque ipsam. Totam qui quas consequatur enim et laboriosam. Ex voluptatem ipsa voluptatem ut velit. Eum consequatur asperiores eos. Tempore non est id dolore et dolores tempore. Occaecati nesciunt itaque nam itaque sunt. Blanditiis quam aut laboriosam non temporibus hic.', 'https://image.jeuxvideo.com/images/jaquettes/00027602/jaquette-league-of-legends-pc-cover-avant-g.jpg'),
(2408, 1002, 'nihil doloribus', 'Quisquam nam eum ex illo eius dolores. Illo repellat aliquid consequuntur voluptas quis facere. Sit fugit a eos temporibus aliquam. Alias voluptates temporibus et quis unde.', 'https://image.jeuxvideo.com/medias/159542/1595423317-2836-jaquette-avant.png'),
(2409, 992, 'et laborum ut odit', 'Aut aut ratione temporibus suscipit ad quo. Quia dicta architecto tempora enim. Et et explicabo porro id et doloremque quia. Eveniet explicabo et sit ut voluptatum. Placeat fugit ut esse est iste assumenda. Repellat nihil soluta mollitia odit laudantium.', 'https://image.jeuxvideo.com/medias/150166/1501664378-9988-jaquette-avant.jpg'),
(2410, 986, 'quis consequuntur', 'Mollitia odit assumenda et mollitia alias quia et. Similique alias vel commodi quia velit fugit. Amet velit voluptas quisquam assumenda quis vero qui ut. Expedita exercitationem excepturi nihil natus. Autem pariatur dolor dolor modi a. Quia ipsam voluptatum in a ex quaerat.', 'https://image.jeuxvideo.com/medias/163187/1631865000-7055-jaquette-avant.jpg'),
(2411, 997, 'nobis nesciunt', 'Quod praesentium iste minima quis in aut. Accusantium illum et rerum sint ab sit molestiae. Illo sed mollitia nemo quos quos voluptates autem.', 'https://image.jeuxvideo.com/medias/163299/1632989749-6428-jaquette-avant.gif'),
(2412, 998, 'labore adipisci in iure', 'At ut unde nam corrupti. Eum minus in et sunt sint qui. Id neque ea consectetur voluptatibus expedita quia. Qui neque corporis incidunt minus animi velit. Sed enim quisquam est architecto quis animi impedit. Molestias quia consequuntur facere assumenda autem voluptas.', 'https://image.jeuxvideo.com/medias/159403/1594028554-187-jaquette-avant.jpg'),
(2413, 990, 'est impedit', 'Tenetur error maiores similique repudiandae. Numquam nisi non minima perspiciatis earum ipsa. Aut laboriosam voluptates repellat aperiam ducimus ducimus rerum. Reiciendis a in explicabo facilis.', 'https://image.jeuxvideo.com/medias/142247/1422469608-7141-jaquette-avant.jpg'),
(2414, 999, 'vel', 'Possimus debitis ducimus quia quos. Maxime animi repudiandae aspernatur dolorem. Aliquam aliquam tempora facilis porro. Dolores aut aliquam dolore vel. Dolorem vero quo aut. Consequatur nesciunt ut nostrum dolor et et. Ut autem autem est itaque et quibusdam.', 'https://image.jeuxvideo.com/medias/158826/1588264397-5261-jaquette-avant.jpg'),
(2415, 1002, 'molestiae nostrum odio', 'Eius eveniet magni iure voluptas. Id dolorum omnis dolor et magni. Libero nostrum nulla nam aspernatur eveniet dolorem recusandae. Dolores velit aperiam quae cupiditate beatae optio.', 'https://image.jeuxvideo.com/medias/159403/1594028554-187-jaquette-avant.jpg'),
(2416, 998, 'deserunt non pariatur', 'Sed vel velit ea nostrum adipisci facilis. Deleniti inventore iure quisquam quia incidunt. Inventore corporis architecto qui amet. Necessitatibus magnam fuga aspernatur aspernatur est.', 'https://image.jeuxvideo.com/medias/163187/1631865000-7055-jaquette-avant.jpg'),
(2417, 986, 'eum similique aspernatur', 'Dolores vel occaecati repudiandae quidem id cumque. Dolore qui eveniet laborum sunt sint quidem. Ipsam qui velit nisi explicabo perspiciatis esse. At blanditiis exercitationem et quia.', 'https://image.jeuxvideo.com/medias/161277/1612766574-6606-jaquette-avant.png'),
(2418, 989, 'veritatis illum autem veritatis', 'Adipisci voluptatem veniam harum totam. Quam tenetur qui eius minus rerum adipisci. Corrupti at vero dolorem labore numquam id repudiandae. Illum cupiditate excepturi laborum harum animi ratione officiis.', 'https://image.jeuxvideo.com/images/jaquettes/00048634/jaquette-les-sims-4-pc-cover-avant-g-1409904702.jpg'),
(2419, 990, 'quidem omnis et vel', 'Sed harum non quo aperiam. Labore ex consectetur voluptatibus. Sapiente et quam aut quis aut soluta. Est laborum dolorem quasi rem dolorem expedita ut.', 'https://image.jeuxvideo.com/medias/163154/1631541998-5162-jaquette-avant.jpg'),
(2420, 996, 'fugit officia quas', 'Est aperiam iste earum autem non. Magni iusto dicta fugiat odit ipsa blanditiis. Consequatur cumque nam praesentium nisi officiis fuga. Aut ut aperiam dolores repellat velit minus. Ea labore id dolor in. Eos dicta cupiditate quia expedita.', 'https://image.jeuxvideo.com/medias-sm/163396/1633959248-729-jaquette-avant.gif'),
(2421, 992, 'minus et est', 'Incidunt odit odit ullam. Quas dolores laboriosam eius ipsam est ab. Et dolores aut suscipit reiciendis optio. Sapiente deleniti reiciendis minima nam quia est animi. At deserunt nemo autem sed officiis nulla sequi. Facere possimus laboriosam corrupti ipsam. Est eveniet totam cupiditate deleniti.', 'https://image.jeuxvideo.com/images/jaquettes/00048634/jaquette-les-sims-4-pc-cover-avant-g-1409904702.jpg'),
(2422, 991, 'voluptate sit', 'Voluptas modi harum laborum vel voluptatibus iste sit. Ipsum fuga cupiditate eum quibusdam illum eveniet nesciunt ut. Est nihil molestiae labore cumque qui.', 'https://image.jeuxvideo.com/medias/163299/1632989749-6428-jaquette-avant.gif'),
(2423, 998, 'harum nostrum eaque nisi', 'Praesentium et voluptates veritatis animi et quisquam dolorum. Voluptates ad cumque ipsa aut sit non. Veritatis cupiditate magni eveniet ea dolorem accusantium iste nihil.', 'https://image.jeuxvideo.com/medias/152899/1528990462-7760-jaquette-avant.jpg'),
(2424, 988, 'facere', 'Dolorem atque dolores ut culpa occaecati. Libero perspiciatis cum tenetur neque veritatis. Voluptas officia iusto alias eos et. Minima possimus non molestiae eum est. Minus dolores odit modi eum earum quia autem. Voluptatem incidunt quia et atque cum perspiciatis veritatis recusandae.', 'https://image.jeuxvideo.com/medias/163353/1633528483-9809-jaquette-avant.jpg'),
(2425, 996, 'est ducimus eum', 'Repellat commodi minima non beatae. Rem porro omnis quia impedit. Et sed natus nulla et sint consequatur laboriosam. Nulla voluptatem earum ut laboriosam. Ea velit voluptas vero voluptas. Consequuntur aut ipsam omnis dicta adipisci debitis voluptate.', 'https://image.jeuxvideo.com/images/jaquettes/00048634/jaquette-les-sims-4-pc-cover-avant-g-1409904702.jpg'),
(2426, 985, 'sit eius quia vel', 'Qui rem accusantium enim. Rerum quis ipsum tempore magni. Sit eos cumque quis nihil tempora. Nesciunt sed dolores atque sint dolorem quia quas. Hic eius enim sed velit. Qui aut occaecati nostrum voluptatem illum adipisci autem odit.', 'https://image.jeuxvideo.com/medias/163353/1633528483-9809-jaquette-avant.jpg'),
(2427, 995, 'rerum quo est', 'Consequatur ex asperiores eos non. Dolores voluptates aspernatur quia voluptatibus. Excepturi perspiciatis minima sed accusamus voluptas et.', 'https://image.jeuxvideo.com/medias/163187/1631865000-7055-jaquette-avant.jpg'),
(2428, 993, 'non error', 'Excepturi fuga exercitationem nihil ut magnam non quaerat. Debitis qui perspiciatis sint sit quas soluta. Fugit autem rem velit quaerat enim et. Dolor at qui magni sed qui voluptas.', 'https://image.jeuxvideo.com/medias/159403/1594028554-187-jaquette-avant.jpg'),
(2429, 1002, 'sequi', 'Et rem est molestiae natus. Sed cum ad illum aut saepe ratione sunt blanditiis. Eveniet adipisci quia et. Dolorem atque aut assumenda dignissimos voluptatem pariatur laborum.', 'https://image.jeuxvideo.com/medias/149432/1494322310-8900-jaquette-avant.jpg'),
(2430, 985, 'quisquam facere', 'Repellendus sed magni est id. Cum ex ullam fugit officiis accusamus. Autem veniam laboriosam reiciendis ut commodi sapiente. Et velit voluptas numquam veritatis. Fugiat quia nesciunt velit et tempore eius. Exercitationem ea itaque sed voluptatibus.', 'https://media.senscritique.com/media/000020040912/source_big/Resident_Evil_Village.png'),
(2431, 984, 'aut maiores molestiae aut', 'Minima in voluptas ipsam omnis. Excepturi unde similique dolore libero. Recusandae sit nulla fugit aut.', 'https://image.jeuxvideo.com/medias/163353/1633528483-9809-jaquette-avant.jpg'),
(2432, 991, 'magnam laborum dolor', 'Ratione unde dolorem rerum quidem tempora. Recusandae consectetur quibusdam nobis et. Similique in doloribus accusamus optio. Recusandae et et aut nostrum consequatur sunt culpa. Exercitationem est aut deserunt pariatur. Asperiores qui modi aut rerum. Ut non esse suscipit et qui.', 'https://image.jeuxvideo.com/medias/163299/1632989599-6459-jaquette-avant.gif'),
(2433, 989, 'fugiat omnis voluptatem deserunt', 'Consequatur sit repellat repellendus blanditiis odit sint aliquam alias. Sit nihil autem voluptatem quia quia deleniti modi. Incidunt iste et dolorem voluptatibus rerum id.', 'https://image.jeuxvideo.com/medias/163161/1631607413-3853-jaquette-avant.jpg'),
(2434, 1002, 'ad ipsum', 'Quae iste perferendis nam cupiditate odit accusamus impedit. Sint itaque et id. Voluptatibus esse consectetur reiciendis quos. Enim numquam placeat ad eligendi. Dicta ullam quo deleniti. Aut nostrum unde reiciendis. Quibusdam corrupti ut totam perferendis quia doloribus qui.', 'https://image.jeuxvideo.com/medias/163154/1631541998-5162-jaquette-avant.jpg'),
(2435, 1000, 'qui in error', 'Recusandae id velit et sit error est itaque at. Quae amet aperiam ipsa non sit incidunt quasi aspernatur. Nemo et ex enim ratione aut asperiores veritatis.', 'https://image.jeuxvideo.com/medias/163335/1633353168-8875-jaquette-avant.gif'),
(2436, 993, 'unde', 'Distinctio voluptatem est ut ea. Cupiditate ipsum nulla consectetur soluta rem. Eum atque earum quam ut. Officia inventore corrupti quibusdam rerum dolorum. Repellendus facilis in quia illum ea eum et. Facere aut eius consectetur quia earum eos. Aliquam sit unde veritatis ab.', 'https://image.jeuxvideo.com/medias/158826/1588264397-5261-jaquette-avant.jpg'),
(2437, 995, 'et eos culpa', 'Dicta error tenetur tempora aperiam non. Consequuntur dolor et dicta vel soluta. Eligendi eaque sunt et qui ab in.', 'https://image.jeuxvideo.com/medias/163299/1632989749-6428-jaquette-avant.gif'),
(2438, 997, 'iure', 'Adipisci inventore qui reprehenderit maxime ut occaecati. Praesentium et aut quo perspiciatis consequatur. Nemo qui delectus sit et facilis. Consequatur sit id sint exercitationem eaque. Quisquam ea voluptas doloremque ut dolorem et. Sit ut non sed. Amet non et recusandae et ab.', 'https://image.jeuxvideo.com/medias-sm/163396/1633959248-729-jaquette-avant.gif'),
(2439, 987, 'ut quia molestiae', 'Eveniet qui possimus nam rerum dicta error autem. Voluptas eaque nemo beatae in molestiae iste dolore. Magni beatae illo beatae molestiae iusto est ipsum.', 'https://letempscompere.fr/wp-content/uploads/2021/08/KyBRbcz5wCqPrdr7QFfUniEg-2048x1536.webp'),
(2440, 989, 'minus', 'Doloremque expedita similique ea numquam qui consequatur. Numquam magni enim voluptates inventore ea sint quia. Debitis dignissimos quia vero ut. Totam alias mollitia est tempore et et fuga officia.', 'https://image.jeuxvideo.com/medias/150166/1501664378-9988-jaquette-avant.jpg'),
(2441, 988, 'repellendus', 'Velit vero ipsa et reprehenderit et. Aut eius laborum ea repellat ut alias. Ea et quia doloremque ab aliquid. Quo suscipit placeat labore quis quam ab hic repellendus. Consectetur vel incidunt reiciendis quia sit. Necessitatibus ipsam fugiat officiis est ut ea.', 'https://image.jeuxvideo.com/medias/161616/1616164719-8684-jaquette-avant.jpg'),
(2442, 993, 'consequatur voluptas', 'Dignissimos pariatur aut voluptatem tenetur. Eum eos et occaecati. Quia at consequatur officia dolore cumque. Quis corporis corrupti voluptatem mollitia sed suscipit. Est ex repellendus possimus reiciendis. Qui rerum saepe eligendi aut quia veritatis.', 'https://image.jeuxvideo.com/medias/163664/1636636223-8849-jaquette-avant.jpg'),
(2443, 984, 'in ut ut', 'Amet in maxime atque corrupti quia facilis. Repellat unde sit voluptatem repellat minus ut et et. Quia velit voluptas laborum voluptatum quia. Quo hic voluptatem doloremque saepe consequatur magnam blanditiis. Ducimus rerum provident exercitationem eius.', 'https://image.jeuxvideo.com/medias/163335/1633353168-8875-jaquette-avant.gif'),
(2444, 993, 'voluptatem velit', 'Qui hic facere molestiae aperiam officiis. Non reiciendis iste ut voluptates possimus. Consequatur quibusdam nam cupiditate quia accusamus ab ipsa quia. Autem dolores cumque asperiores ipsa ut laudantium.', 'https://image.jeuxvideo.com/medias/159542/1595423317-2836-jaquette-avant.png'),
(2445, 993, 'qui incidunt', 'Sapiente dolor odio quas temporibus hic ex sed. Sunt illum veniam et harum. Doloremque ut repellat reiciendis corporis. Labore non beatae voluptas culpa ut nulla.', 'https://image.jeuxvideo.com/medias/163187/1631865000-7055-jaquette-avant.jpg'),
(2446, 995, 'ratione aspernatur', 'Totam quibusdam id reprehenderit consequatur saepe. Aliquam corrupti qui quo et. Ut consequuntur necessitatibus quisquam aut ut quia. Et est ut mollitia ipsum.', 'https://image.jeuxvideo.com/medias/142247/1422469608-7141-jaquette-avant.jpg'),
(2447, 1001, 'nesciunt similique voluptates', 'Asperiores numquam rerum deserunt a. Deleniti commodi enim et qui placeat saepe ad.', 'https://media.senscritique.com/media/000020040912/source_big/Resident_Evil_Village.png'),
(2448, 988, 'necessitatibus numquam', 'In a ut consequatur cum qui. Quo dolores accusamus accusamus accusamus. Quia omnis est fuga ducimus eligendi in. Dolores ea qui mollitia officia modi facere repudiandae in.', 'https://image.jeuxvideo.com/medias-sm/163396/1633959248-729-jaquette-avant.gif'),
(2449, 1002, 'ab fugiat laudantium velit', 'Aut repudiandae cupiditate eaque et facere est aut. Beatae vel nulla fugiat aliquid in natus. Qui vel molestiae quas aut nesciunt. Ut error est ratione perspiciatis deleniti adipisci nulla. Molestiae tempore ea reiciendis a commodi qui quia qui. Iusto consequatur ad ratione et hic.', 'https://image.jeuxvideo.com/medias/152899/1528990462-7760-jaquette-avant.jpg'),
(2450, 999, 'vel sint id', 'Consectetur cumque sunt autem dolorem nihil voluptatem. Dolores facilis saepe possimus nisi id voluptate necessitatibus placeat. Culpa nobis esse hic quis deleniti culpa voluptatem. Qui fuga voluptas libero.', 'https://image.jeuxvideo.com/medias/163129/1631285061-4363-jaquette-avant.jpg');

-- --------------------------------------------------------

--
-- Structure de la table `video_game_category`
--

CREATE TABLE `video_game_category` (
  `id` int(11) NOT NULL,
  `name` varchar(50) COLLATE utf8mb4_unicode_ci NOT NULL
) ENGINE=InnoDB DEFAULT CHARSET=utf8mb4 COLLATE=utf8mb4_unicode_ci;

--
-- Déchargement des données de la table `video_game_category`
--

INSERT INTO `video_game_category` (`id`, `name`) VALUES
(983, 'FPS / TPS'),
(984, 'Combat'),
(985, 'RTS'),
(986, 'Simulation'),
(987, 'Plateforme'),
(988, 'RPG'),
(989, 'MMORPG'),
(990, 'Sandbox'),
(991, 'MOBA'),
(992, 'Battle Royals'),
(993, 'Action / Aventure'),
(994, 'Beat Them All'),
(995, 'Puzzlers'),
(996, 'Réflexion'),
(997, 'Survival Horror'),
(998, 'Hack’n’slash'),
(999, 'Party Games'),
(1000, 'Rythme'),
(1001, 'Course'),
(1002, 'Sports');

-- --------------------------------------------------------

--
-- Structure de la table `video_game_platform`
--

CREATE TABLE `video_game_platform` (
  `video_game_id` int(11) NOT NULL,
  `platform_id` int(11) NOT NULL
) ENGINE=InnoDB DEFAULT CHARSET=utf8mb4 COLLATE=utf8mb4_unicode_ci;

--
-- Déchargement des données de la table `video_game_platform`
--

INSERT INTO `video_game_platform` (`video_game_id`, `platform_id`) VALUES
(2351, 434),
(2351, 435),
(2351, 436),
(2351, 437),
(2351, 438),
(2352, 434),
(2352, 435),
(2352, 437),
(2352, 438),
(2353, 434),
(2353, 435),
(2353, 436),
(2353, 437),
(2353, 438),
(2353, 439),
(2353, 440),
(2353, 441),
(2354, 434),
(2354, 435),
(2354, 436),
(2354, 437),
(2354, 438),
(2354, 439),
(2355, 434),
(2355, 435),
(2355, 436),
(2355, 437),
(2355, 438),
(2355, 439),
(2356, 434),
(2356, 435),
(2356, 436),
(2356, 437),
(2356, 438),
(2356, 439),
(2357, 434),
(2357, 435),
(2357, 436),
(2357, 437),
(2357, 438),
(2357, 439),
(2357, 440),
(2357, 441),
(2358, 434),
(2358, 435),
(2358, 436),
(2358, 437),
(2358, 438),
(2358, 439),
(2358, 440),
(2358, 441),
(2359, 434),
(2359, 435),
(2359, 436),
(2359, 437),
(2359, 438),
(2360, 434),
(2360, 435),
(2360, 436),
(2360, 437),
(2360, 438),
(2361, 434),
(2361, 435),
(2361, 436),
(2361, 437),
(2361, 438),
(2361, 439),
(2361, 440),
(2361, 441),
(2362, 434),
(2362, 435),
(2362, 437),
(2362, 438),
(2363, 434),
(2363, 435),
(2363, 436),
(2363, 437),
(2363, 438),
(2363, 439),
(2363, 440),
(2363, 441),
(2364, 434),
(2365, 434),
(2365, 435),
(2365, 436),
(2365, 437),
(2365, 438),
(2365, 439),
(2366, 434),
(2366, 435),
(2366, 436),
(2366, 437),
(2366, 438),
(2367, 434),
(2367, 435),
(2367, 436),
(2367, 437),
(2367, 438),
(2368, 434),
(2369, 434),
(2369, 435),
(2369, 436),
(2369, 437),
(2369, 438),
(2369, 439),
(2370, 434),
(2370, 435),
(2370, 436),
(2370, 437),
(2370, 438),
(2370, 439),
(2371, 434),
(2371, 435),
(2371, 437),
(2371, 438),
(2372, 434),
(2372, 435),
(2372, 436),
(2372, 437),
(2372, 438),
(2372, 439),
(2373, 434),
(2373, 435),
(2373, 436),
(2373, 437),
(2373, 438),
(2373, 439),
(2373, 440),
(2373, 441),
(2374, 434),
(2374, 435),
(2374, 436),
(2374, 437),
(2374, 438),
(2375, 434),
(2375, 435),
(2375, 436),
(2375, 437),
(2375, 438),
(2376, 434),
(2377, 434),
(2378, 434),
(2379, 434),
(2379, 435),
(2379, 436),
(2379, 437),
(2379, 438),
(2379, 439),
(2379, 440),
(2379, 441),
(2380, 434),
(2380, 435),
(2380, 436),
(2380, 437),
(2380, 438),
(2381, 434),
(2381, 435),
(2381, 436),
(2381, 437),
(2381, 438),
(2382, 434),
(2382, 435),
(2382, 436),
(2382, 437),
(2382, 438),
(2382, 439),
(2382, 440),
(2382, 441),
(2383, 434),
(2383, 435),
(2383, 436),
(2383, 437),
(2383, 438),
(2384, 434),
(2384, 435),
(2384, 436),
(2384, 437),
(2384, 438),
(2384, 439),
(2384, 440),
(2384, 441),
(2385, 434),
(2385, 435),
(2385, 436),
(2385, 437),
(2385, 438),
(2385, 439),
(2385, 440),
(2385, 441),
(2386, 434),
(2386, 435),
(2386, 436),
(2386, 437),
(2386, 438),
(2386, 439),
(2386, 440),
(2386, 441),
(2387, 434),
(2387, 435),
(2387, 436),
(2387, 437),
(2387, 438),
(2387, 439),
(2387, 440),
(2387, 441),
(2388, 434),
(2389, 434),
(2389, 435),
(2389, 436),
(2389, 437),
(2389, 438),
(2389, 439),
(2389, 440),
(2389, 441),
(2390, 434),
(2390, 435),
(2390, 436),
(2390, 437),
(2390, 438),
(2391, 434),
(2392, 434),
(2392, 435),
(2392, 436),
(2392, 437),
(2392, 438),
(2393, 434),
(2394, 434),
(2394, 435),
(2394, 436),
(2394, 437),
(2394, 438),
(2395, 434),
(2395, 435),
(2395, 436),
(2395, 437),
(2395, 438),
(2396, 434),
(2396, 435),
(2396, 436),
(2396, 437),
(2396, 438),
(2396, 439),
(2396, 440),
(2396, 441),
(2397, 434),
(2397, 435),
(2397, 436),
(2397, 437),
(2397, 438),
(2397, 439),
(2397, 440),
(2397, 441),
(2398, 434),
(2398, 435),
(2398, 436),
(2398, 437),
(2398, 438),
(2398, 439),
(2398, 440),
(2398, 441),
(2399, 434),
(2399, 435),
(2399, 436),
(2399, 437),
(2399, 438),
(2400, 434),
(2400, 435),
(2400, 436),
(2400, 437),
(2400, 438),
(2401, 434),
(2402, 434),
(2402, 435),
(2402, 436),
(2402, 437),
(2402, 438),
(2402, 439),
(2402, 440),
(2402, 441),
(2403, 434),
(2403, 435),
(2403, 436),
(2403, 437),
(2403, 438),
(2403, 439),
(2403, 440),
(2403, 441),
(2404, 434),
(2404, 435),
(2404, 436),
(2404, 437),
(2404, 438),
(2405, 434),
(2405, 435),
(2405, 436),
(2405, 437),
(2405, 438),
(2405, 439),
(2405, 440),
(2405, 441),
(2406, 434),
(2406, 435),
(2406, 436),
(2406, 437),
(2406, 438),
(2406, 439),
(2406, 440),
(2406, 441),
(2407, 434),
(2407, 435),
(2407, 436),
(2407, 437),
(2407, 438),
(2407, 439),
(2408, 434),
(2408, 435),
(2408, 436),
(2408, 437),
(2408, 438),
(2408, 439),
(2408, 440),
(2408, 441),
(2409, 434),
(2409, 435),
(2409, 436),
(2409, 437),
(2409, 438),
(2409, 439),
(2409, 440),
(2409, 441),
(2410, 434),
(2410, 435),
(2410, 436),
(2410, 437),
(2410, 438),
(2410, 439),
(2410, 440),
(2410, 441),
(2411, 434),
(2411, 435),
(2411, 436),
(2411, 437),
(2411, 438),
(2412, 434),
(2412, 435),
(2412, 436),
(2412, 437),
(2412, 438),
(2413, 434),
(2413, 435),
(2413, 436),
(2413, 437),
(2413, 438),
(2414, 434),
(2414, 435),
(2414, 436),
(2414, 437),
(2414, 438),
(2414, 439),
(2414, 440),
(2414, 441),
(2415, 434),
(2415, 435),
(2415, 436),
(2415, 437),
(2415, 438),
(2416, 434),
(2416, 435),
(2416, 436),
(2416, 437),
(2416, 438),
(2417, 434),
(2417, 435),
(2417, 436),
(2417, 437),
(2417, 438),
(2417, 439),
(2417, 440),
(2417, 441),
(2418, 434),
(2418, 435),
(2418, 436),
(2418, 437),
(2418, 438),
(2419, 434),
(2419, 435),
(2419, 436),
(2419, 437),
(2419, 438),
(2419, 439),
(2419, 440),
(2419, 441),
(2420, 434),
(2420, 435),
(2420, 436),
(2420, 437),
(2420, 438),
(2421, 434),
(2421, 435),
(2421, 436),
(2421, 437),
(2421, 438),
(2421, 439),
(2421, 440),
(2421, 441),
(2422, 434),
(2422, 435),
(2422, 437),
(2422, 438),
(2423, 434),
(2424, 434),
(2424, 435),
(2424, 436),
(2424, 437),
(2424, 438),
(2424, 439),
(2424, 440),
(2424, 441),
(2425, 434),
(2425, 435),
(2425, 436),
(2425, 437),
(2425, 438),
(2426, 434),
(2426, 435),
(2426, 436),
(2426, 437),
(2426, 438),
(2426, 439),
(2426, 440),
(2426, 441),
(2427, 434),
(2427, 435),
(2427, 437),
(2427, 438),
(2428, 434),
(2428, 435),
(2428, 436),
(2428, 437),
(2428, 438),
(2428, 439),
(2428, 440),
(2428, 441),
(2429, 434),
(2429, 435),
(2429, 436),
(2429, 437),
(2429, 438),
(2430, 434),
(2430, 435),
(2430, 436),
(2430, 437),
(2430, 438),
(2430, 439),
(2430, 440),
(2430, 441),
(2431, 434),
(2431, 435),
(2431, 436),
(2431, 437),
(2431, 438),
(2431, 439),
(2432, 434),
(2433, 434),
(2434, 434),
(2434, 435),
(2434, 436),
(2434, 437),
(2434, 438),
(2434, 439),
(2434, 440),
(2434, 441),
(2435, 434),
(2435, 435),
(2435, 436),
(2435, 437),
(2435, 438),
(2435, 439),
(2435, 440),
(2435, 441),
(2436, 434),
(2436, 435),
(2436, 436),
(2436, 437),
(2436, 438),
(2436, 439),
(2436, 440),
(2436, 441),
(2437, 434),
(2437, 435),
(2437, 437),
(2437, 438),
(2438, 434),
(2438, 435),
(2438, 436),
(2438, 437),
(2438, 438),
(2439, 434),
(2439, 435),
(2439, 436),
(2439, 437),
(2439, 438),
(2439, 439),
(2439, 440),
(2439, 441),
(2440, 434),
(2440, 435),
(2440, 436),
(2440, 437),
(2440, 438),
(2441, 434),
(2441, 435),
(2441, 436),
(2441, 437),
(2441, 438),
(2441, 439),
(2441, 440),
(2441, 441),
(2442, 434),
(2442, 435),
(2442, 436),
(2442, 437),
(2442, 438),
(2443, 434),
(2443, 435),
(2443, 436),
(2443, 437),
(2443, 438),
(2443, 439),
(2444, 434),
(2444, 435),
(2444, 436),
(2444, 437),
(2444, 438),
(2445, 434),
(2445, 435),
(2445, 436),
(2445, 437),
(2445, 438),
(2445, 439),
(2445, 440),
(2445, 441),
(2446, 434),
(2446, 435),
(2446, 436),
(2446, 437),
(2446, 438),
(2446, 439),
(2446, 440),
(2446, 441),
(2447, 434),
(2447, 435),
(2447, 436),
(2447, 437),
(2447, 438),
(2448, 434),
(2448, 435),
(2448, 436),
(2448, 437),
(2448, 438),
(2449, 434),
(2449, 435),
(2449, 436),
(2449, 437),
(2449, 438),
(2449, 439),
(2449, 440),
(2449, 441),
(2450, 434),
(2450, 435),
(2450, 436),
(2450, 437),
(2450, 438),
(2450, 439);

--
-- Index pour les tables déchargées
--

--
-- Index pour la table `board_game`
--
ALTER TABLE `board_game`
  ADD PRIMARY KEY (`id`),
  ADD KEY `IDX_F9BD68AF12469DE2` (`category_id`);

--
-- Index pour la table `board_game_category`
--
ALTER TABLE `board_game_category`
  ADD PRIMARY KEY (`id`);

--
-- Index pour la table `booking`
--
ALTER TABLE `booking`
  ADD PRIMARY KEY (`id`),
  ADD KEY `IDX_E00CEDDE71F7E88B` (`event_id`),
  ADD KEY `IDX_E00CEDDEA76ED395` (`user_id`);

--
-- Index pour la table `comic`
--
ALTER TABLE `comic`
  ADD PRIMARY KEY (`id`),
  ADD KEY `IDX_5B7EA5AA12469DE2` (`category_id`);

--
-- Index pour la table `comic_category`
--
ALTER TABLE `comic_category`
  ADD PRIMARY KEY (`id`);

--
-- Index pour la table `doctrine_migration_versions`
--
ALTER TABLE `doctrine_migration_versions`
  ADD PRIMARY KEY (`version`);

--
-- Index pour la table `event`
--
ALTER TABLE `event`
  ADD PRIMARY KEY (`id`),
  ADD KEY `IDX_3BAE0AA712469DE2` (`category_id`),
  ADD KEY `IDX_3BAE0AA7DA6A219` (`place_id`),
  ADD KEY `IDX_3BAE0AA77E3C61F9` (`owner_id`);

--
-- Index pour la table `event_category`
--
ALTER TABLE `event_category`
  ADD PRIMARY KEY (`id`);

--
-- Index pour la table `manga`
--
ALTER TABLE `manga`
  ADD PRIMARY KEY (`id`),
  ADD KEY `IDX_765A9E0312469DE2` (`category_id`);

--
-- Index pour la table `manga_category`
--
ALTER TABLE `manga_category`
  ADD PRIMARY KEY (`id`);

--
-- Index pour la table `place`
--
ALTER TABLE `place`
  ADD PRIMARY KEY (`id`);

--
-- Index pour la table `platform`
--
ALTER TABLE `platform`
  ADD PRIMARY KEY (`id`);

--
-- Index pour la table `user`
--
ALTER TABLE `user`
  ADD PRIMARY KEY (`id`),
  ADD UNIQUE KEY `UNIQ_8D93D649E7927C74` (`email`);

--
-- Index pour la table `user_board_game`
--
ALTER TABLE `user_board_game`
  ADD PRIMARY KEY (`user_id`,`board_game_id`),
  ADD KEY `IDX_5EDAAE43A76ED395` (`user_id`),
  ADD KEY `IDX_5EDAAE43AC91F10A` (`board_game_id`);

--
-- Index pour la table `user_comic`
--
ALTER TABLE `user_comic`
  ADD PRIMARY KEY (`user_id`,`comic_id`),
  ADD KEY `IDX_B9BC5EF2A76ED395` (`user_id`),
  ADD KEY `IDX_B9BC5EF2D663094A` (`comic_id`);

--
-- Index pour la table `user_manga`
--
ALTER TABLE `user_manga`
  ADD PRIMARY KEY (`user_id`,`manga_id`),
  ADD KEY `IDX_9498655BA76ED395` (`user_id`),
  ADD KEY `IDX_9498655B7B6461` (`manga_id`);

--
-- Index pour la table `user_video_game`
--
ALTER TABLE `user_video_game`
  ADD PRIMARY KEY (`user_id`,`video_game_id`),
  ADD KEY `IDX_83DBAABCA76ED395` (`user_id`),
  ADD KEY `IDX_83DBAABC16230A8` (`video_game_id`);

--
-- Index pour la table `video_game`
--
ALTER TABLE `video_game`
  ADD PRIMARY KEY (`id`),
  ADD KEY `IDX_24BC6C5012469DE2` (`category_id`);

--
-- Index pour la table `video_game_category`
--
ALTER TABLE `video_game_category`
  ADD PRIMARY KEY (`id`);

--
-- Index pour la table `video_game_platform`
--
ALTER TABLE `video_game_platform`
  ADD PRIMARY KEY (`video_game_id`,`platform_id`),
  ADD KEY `IDX_996C03DD16230A8` (`video_game_id`),
  ADD KEY `IDX_996C03DDFFE6496F` (`platform_id`);

--
-- AUTO_INCREMENT pour les tables déchargées
--

--
-- AUTO_INCREMENT pour la table `board_game`
--
ALTER TABLE `board_game`
  MODIFY `id` int(11) NOT NULL AUTO_INCREMENT, AUTO_INCREMENT=3301;

--
-- AUTO_INCREMENT pour la table `board_game_category`
--
ALTER TABLE `board_game_category`
  MODIFY `id` int(11) NOT NULL AUTO_INCREMENT, AUTO_INCREMENT=970;

--
-- AUTO_INCREMENT pour la table `booking`
--
ALTER TABLE `booking`
  MODIFY `id` int(11) NOT NULL AUTO_INCREMENT, AUTO_INCREMENT=851;

--
-- AUTO_INCREMENT pour la table `comic`
--
ALTER TABLE `comic`
  MODIFY `id` int(11) NOT NULL AUTO_INCREMENT, AUTO_INCREMENT=3701;

--
-- AUTO_INCREMENT pour la table `comic_category`
--
ALTER TABLE `comic_category`
  MODIFY `id` int(11) NOT NULL AUTO_INCREMENT, AUTO_INCREMENT=973;

--
-- AUTO_INCREMENT pour la table `event`
--
ALTER TABLE `event`
  MODIFY `id` int(11) NOT NULL AUTO_INCREMENT, AUTO_INCREMENT=4117;

--
-- AUTO_INCREMENT pour la table `event_category`
--
ALTER TABLE `event_category`
  MODIFY `id` int(11) NOT NULL AUTO_INCREMENT, AUTO_INCREMENT=610;

--
-- AUTO_INCREMENT pour la table `manga`
--
ALTER TABLE `manga`
  MODIFY `id` int(11) NOT NULL AUTO_INCREMENT, AUTO_INCREMENT=3731;

--
-- AUTO_INCREMENT pour la table `manga_category`
--
ALTER TABLE `manga_category`
  MODIFY `id` int(11) NOT NULL AUTO_INCREMENT, AUTO_INCREMENT=273;

--
-- AUTO_INCREMENT pour la table `place`
--
ALTER TABLE `place`
  MODIFY `id` int(11) NOT NULL AUTO_INCREMENT, AUTO_INCREMENT=8451;

--
-- AUTO_INCREMENT pour la table `platform`
--
ALTER TABLE `platform`
  MODIFY `id` int(11) NOT NULL AUTO_INCREMENT, AUTO_INCREMENT=442;

--
-- AUTO_INCREMENT pour la table `user`
--
ALTER TABLE `user`
  MODIFY `id` int(11) NOT NULL AUTO_INCREMENT, AUTO_INCREMENT=40636;

--
-- AUTO_INCREMENT pour la table `video_game`
--
ALTER TABLE `video_game`
  MODIFY `id` int(11) NOT NULL AUTO_INCREMENT, AUTO_INCREMENT=2451;

--
-- AUTO_INCREMENT pour la table `video_game_category`
--
ALTER TABLE `video_game_category`
  MODIFY `id` int(11) NOT NULL AUTO_INCREMENT, AUTO_INCREMENT=1003;

--
-- Contraintes pour les tables déchargées
--

--
-- Contraintes pour la table `board_game`
--
ALTER TABLE `board_game`
  ADD CONSTRAINT `FK_F9BD68AF12469DE2` FOREIGN KEY (`category_id`) REFERENCES `board_game_category` (`id`);

--
-- Contraintes pour la table `booking`
--
ALTER TABLE `booking`
  ADD CONSTRAINT `FK_E00CEDDE71F7E88B` FOREIGN KEY (`event_id`) REFERENCES `event` (`id`),
  ADD CONSTRAINT `FK_E00CEDDEA76ED395` FOREIGN KEY (`user_id`) REFERENCES `user` (`id`);

--
-- Contraintes pour la table `comic`
--
ALTER TABLE `comic`
  ADD CONSTRAINT `FK_5B7EA5AA12469DE2` FOREIGN KEY (`category_id`) REFERENCES `comic_category` (`id`);

--
-- Contraintes pour la table `event`
--
ALTER TABLE `event`
  ADD CONSTRAINT `FK_3BAE0AA712469DE2` FOREIGN KEY (`category_id`) REFERENCES `event_category` (`id`),
  ADD CONSTRAINT `FK_3BAE0AA77E3C61F9` FOREIGN KEY (`owner_id`) REFERENCES `user` (`id`),
  ADD CONSTRAINT `FK_3BAE0AA7DA6A219` FOREIGN KEY (`place_id`) REFERENCES `place` (`id`);

--
-- Contraintes pour la table `manga`
--
ALTER TABLE `manga`
  ADD CONSTRAINT `FK_765A9E0312469DE2` FOREIGN KEY (`category_id`) REFERENCES `manga_category` (`id`);

--
-- Contraintes pour la table `user_board_game`
--
ALTER TABLE `user_board_game`
  ADD CONSTRAINT `FK_5EDAAE43A76ED395` FOREIGN KEY (`user_id`) REFERENCES `user` (`id`) ON DELETE CASCADE,
  ADD CONSTRAINT `FK_5EDAAE43AC91F10A` FOREIGN KEY (`board_game_id`) REFERENCES `board_game` (`id`) ON DELETE CASCADE;

--
-- Contraintes pour la table `user_comic`
--
ALTER TABLE `user_comic`
  ADD CONSTRAINT `FK_B9BC5EF2A76ED395` FOREIGN KEY (`user_id`) REFERENCES `user` (`id`) ON DELETE CASCADE,
  ADD CONSTRAINT `FK_B9BC5EF2D663094A` FOREIGN KEY (`comic_id`) REFERENCES `comic` (`id`) ON DELETE CASCADE;

--
-- Contraintes pour la table `user_manga`
--
ALTER TABLE `user_manga`
  ADD CONSTRAINT `FK_9498655B7B6461` FOREIGN KEY (`manga_id`) REFERENCES `manga` (`id`) ON DELETE CASCADE,
  ADD CONSTRAINT `FK_9498655BA76ED395` FOREIGN KEY (`user_id`) REFERENCES `user` (`id`) ON DELETE CASCADE;

--
-- Contraintes pour la table `user_video_game`
--
ALTER TABLE `user_video_game`
  ADD CONSTRAINT `FK_83DBAABC16230A8` FOREIGN KEY (`video_game_id`) REFERENCES `video_game` (`id`) ON DELETE CASCADE,
  ADD CONSTRAINT `FK_83DBAABCA76ED395` FOREIGN KEY (`user_id`) REFERENCES `user` (`id`) ON DELETE CASCADE;

--
-- Contraintes pour la table `video_game`
--
ALTER TABLE `video_game`
  ADD CONSTRAINT `FK_24BC6C5012469DE2` FOREIGN KEY (`category_id`) REFERENCES `video_game_category` (`id`);

--
-- Contraintes pour la table `video_game_platform`
--
ALTER TABLE `video_game_platform`
  ADD CONSTRAINT `FK_996C03DD16230A8` FOREIGN KEY (`video_game_id`) REFERENCES `video_game` (`id`) ON DELETE CASCADE,
  ADD CONSTRAINT `FK_996C03DDFFE6496F` FOREIGN KEY (`platform_id`) REFERENCES `platform` (`id`) ON DELETE CASCADE;
COMMIT;

/*!40101 SET CHARACTER_SET_CLIENT=@OLD_CHARACTER_SET_CLIENT */;
/*!40101 SET CHARACTER_SET_RESULTS=@OLD_CHARACTER_SET_RESULTS */;
/*!40101 SET COLLATION_CONNECTION=@OLD_COLLATION_CONNECTION */;
