-- phpMyAdmin SQL Dump
-- version 5.1.1
-- https://www.phpmyadmin.net/
--
-- Hôte : localhost:8889
-- Généré le : mar. 11 jan. 2022 à 11:28
-- Version du serveur : 5.7.34
-- Version de PHP : 8.0.8

SET SQL_MODE = "NO_AUTO_VALUE_ON_ZERO";
START TRANSACTION;
SET time_zone = "+00:00";


/*!40101 SET @OLD_CHARACTER_SET_CLIENT=@@CHARACTER_SET_CLIENT */;
/*!40101 SET @OLD_CHARACTER_SET_RESULTS=@@CHARACTER_SET_RESULTS */;
/*!40101 SET @OLD_COLLATION_CONNECTION=@@COLLATION_CONNECTION */;
/*!40101 SET NAMES utf8mb4 */;

--
-- Base de données : `wonderGeek`
--

-- --------------------------------------------------------

--
-- Structure de la table `board_game`
--

CREATE TABLE `board_game` (
  `id` int(11) NOT NULL,
  `category_id` int(11) NOT NULL,
  `name` varchar(50) COLLATE utf8mb4_unicode_ci NOT NULL,
  `description` longtext COLLATE utf8mb4_unicode_ci NOT NULL,
  `picture` varchar(255) COLLATE utf8mb4_unicode_ci NOT NULL
) ENGINE=InnoDB DEFAULT CHARSET=utf8mb4 COLLATE=utf8mb4_unicode_ci;

--
-- Déchargement des données de la table `board_game`
--

INSERT INTO `board_game` (`id`, `category_id`, `name`, `description`, `picture`) VALUES
(401, 99, 'occaecati', 'Eveniet illum in sit voluptatum beatae aut libero. Perspiciatis quia corrupti dolorum voluptatem non. Alias omnis atque adipisci omnis dignissimos expedita. Ipsam odio sit suscipit omnis debitis laborum deleniti amet.', 'https://cdn3.philibertnet.com/516145-thickbox_default/nouvelles-contrees.jpg'),
(402, 94, 'ullam sed', 'Similique incidunt fugiat voluptatum quidem natus inventore est. Ut voluptate eum quidem nemo. Neque corporis officia provident iste aut ducimus et. Saepe ut rerum inventore at. Omnis mollitia qui quidem qui. Atque ea culpa est soluta ducimus. Soluta aut repellendus earum sed.', 'https://cdn3.philibertnet.com/472228-thickbox_default/the-crew.jpg'),
(403, 98, 'quo rerum vel', 'Qui natus qui harum eum nesciunt. Dolor tenetur quia sit vitae quia. Est quis corporis doloremque cupiditate. Dignissimos fuga eum laborum qui. Error enim veniam quis quia omnis sunt.', 'https://cdn1.philibertnet.com/343934-thickbox_default/7-wonders-duel.jpg'),
(404, 93, 'est unde et assumenda', 'Accusantium ut ut velit ut perferendis et. Maxime error sint voluptate ipsum minus. Ipsam eum fugit quia molestias. Esse perspiciatis temporibus libero impedit iste veritatis enim. Et eveniet voluptates voluptatibus accusamus et error libero.', 'https://cdn2.philibertnet.com/523790-thickbox_default/micromacro-crime-city.jpg'),
(405, 102, 'ad ducimus', 'Harum unde quis odio harum qui. Officia iusto quo id a fugit pariatur. Dicta et labore minus iste laborum adipisci ea. Officiis voluptatem ab excepturi ab.', 'https://cdn2.philibertnet.com/527633-thickbox_default/scrabble-deluxe.jpg'),
(406, 102, 'at consequatur unde', 'Dolores magni sit ut omnis. Doloremque laboriosam iusto accusamus nihil molestiae. Voluptatibus magnam aperiam ut ab dolore. Ea dolores quibusdam expedita ut. Fugit sunt ut quod. Illum quaerat sed modi repellendus. Officia corrupti quos rerum ducimus. Aperiam sit ut non natus.', 'https://cdn3.philibertnet.com/503205-thickbox_default/magic-the-gathering-horizons-du-modern-2-bundle.jpg'),
(407, 90, 'sit mollitia ut', 'Odit sint eius praesentium expedita quis. Deleniti molestiae a veniam quod commodi eligendi. Totam facere quae numquam laudantium ratione dolorem magni reiciendis. Expedita pariatur perspiciatis alias est accusamus sunt provident.', 'https://cdn3.philibertnet.com/472228-thickbox_default/the-crew.jpg'),
(408, 88, 'sequi', 'Est non fugiat perspiciatis modi nihil. Eos et est eum quod nisi est eaque. Voluptatem laudantium numquam voluptatem voluptas molestiae dolorem porro. Laborum voluptas quam illum aliquid voluptatem iure.', 'https://cdn1.philibertnet.com/343934-thickbox_default/7-wonders-duel.jpg'),
(409, 98, 'nulla', 'Rerum iure unde aliquid veniam. Omnis eos quo iure sequi sint inventore qui sit. Iste fugiat quae repellat. Assumenda odit non iusto officia. Mollitia voluptatum quae et quidem veritatis. Hic cumque eum nihil quod quae velit. Quibusdam animi earum voluptatem sed.', 'https://cdn2.philibertnet.com/456053-thickbox_default/skyjo.jpg'),
(410, 94, 'quaerat minima', 'Magnam voluptatem a est. Alias reiciendis sit consequatur laudantium sunt rerum. Minus laborum enim non maxime dolores commodi molestiae. Ea hic iste voluptate. Tempora enim hic expedita ipsum delectus ex ut. Impedit repudiandae deserunt expedita ut.', 'https://cdn1.philibertnet.com/343934-thickbox_default/7-wonders-duel.jpg'),
(411, 92, 'esse et sit', 'Nobis magnam quibusdam et rerum. Suscipit pariatur et ea ab accusamus et. Sint laudantium deserunt qui minus voluptatem perferendis. Et nemo odit doloribus.', 'https://cdn2.philibertnet.com/456053-thickbox_default/skyjo.jpg'),
(412, 93, 'est a deserunt inventore', 'Quos et dolore ut sed minus deleniti ut nulla. Assumenda rerum cumque itaque dignissimos sapiente est eius quos. Eligendi dolor non quos quam. Accusantium aut voluptatem occaecati reprehenderit veritatis optio recusandae.', 'https://cdn2.philibertnet.com/516468-thickbox_default/saint-seiya-le-jeu-de-deckbuilding-poseidon.jpg'),
(413, 99, 'aut reprehenderit fugit quos', 'Necessitatibus et similique quas magni quaerat exercitationem eos. Beatae ut blanditiis totam et. Eaque optio consequatur voluptas nisi non assumenda expedita. Qui repellendus qui quisquam officiis aliquid tempora voluptatem. Sint laboriosam molestias odit quod soluta iure.', 'https://cdn2.philibertnet.com/513139-thickbox_default/assassin-s-creed-valhalla-orlog-dice-game.jpg'),
(414, 89, 'saepe', 'Aspernatur dolores consequuntur rem aut. Dolorum nesciunt exercitationem deserunt qui aliquid. Perferendis repellat et fugiat officiis natus. A ex facere reiciendis excepturi et nam voluptatum quia. Accusamus porro illo quod.', 'https://cdn1.philibertnet.com/494838-thickbox_default/marvel-champions-le-jeu-de-cartes-convoitise-galactique.jpg'),
(415, 92, 'rem minima', 'Quasi tenetur nesciunt expedita veniam laboriosam totam mollitia. Totam laboriosam dolores eum nemo voluptate beatae. Quidem soluta non voluptatem libero voluptate ullam quia. Rerum occaecati nulla quae eum.', 'https://cdn1.philibertnet.com/343934-thickbox_default/7-wonders-duel.jpg'),
(416, 89, 'vero eos', 'Aut officiis nobis repudiandae consectetur mollitia repudiandae aspernatur. Sed assumenda magnam dolore exercitationem in soluta occaecati quae. Aut similique sed quisquam sint dolorem. Velit id distinctio asperiores dolorum molestiae et.', 'https://cdn1.philibertnet.com/521033-thickbox_default/kingdomino-origins.jpg'),
(417, 93, 'tempore voluptatem', 'In accusantium nemo quis temporibus. Et et id odit harum. Cumque delectus natus consequatur doloremque et ut. Dolor vero qui natus inventore fugiat.', 'https://cdn2.philibertnet.com/523790-thickbox_default/micromacro-crime-city.jpg'),
(418, 95, 'nisi et', 'Delectus et non in consequatur non. Praesentium iusto quod aut asperiores placeat laboriosam. Libero asperiores aut eum eos et occaecati quia est. Aut tenetur aut sunt hic. Incidunt aspernatur odio omnis et quia unde harum. Illum accusantium aut sed officia.', 'https://cdn3.philibertnet.com/515898-thickbox_default/7-wonders-architects.jpg'),
(419, 94, 'doloremque molestiae nihil', 'Est laborum quia amet. Itaque consequatur corporis ut voluptatem error ullam perferendis. Dolorem et quis quos atque mollitia quidem. Earum saepe quam voluptas numquam veritatis minima cupiditate iusto.', 'https://cdn2.philibertnet.com/516468-thickbox_default/saint-seiya-le-jeu-de-deckbuilding-poseidon.jpg'),
(420, 96, 'aut quos velit corrupti', 'Aliquid minus placeat neque qui nihil soluta velit. Sapiente enim cumque quis assumenda. Fugiat vel voluptatem aut doloribus.', 'https://cdn2.philibertnet.com/516468-thickbox_default/saint-seiya-le-jeu-de-deckbuilding-poseidon.jpg'),
(421, 102, 'minus odit voluptatem', 'Quaerat mollitia ea et incidunt accusantium voluptatibus laborum. Sequi dicta qui nulla error explicabo voluptas suscipit ad. Rerum officiis voluptatem modi qui. Veritatis sunt omnis et est nostrum dolorem.', 'https://cdn3.philibertnet.com/515898-thickbox_default/7-wonders-architects.jpg'),
(422, 91, 'aut', 'Ad officia explicabo illum aliquam. Autem minima incidunt animi repudiandae et est. Sint omnis molestiae sed occaecati. Excepturi inventore cupiditate ad et cumque at. Dolore nostrum eum ab ut harum quod. Assumenda aut voluptatem quidem. Numquam veritatis libero sint dolores asperiores nulla ea.', 'https://cdn2.philibertnet.com/516468-thickbox_default/saint-seiya-le-jeu-de-deckbuilding-poseidon.jpg'),
(423, 96, 'ipsam', 'Repellat laboriosam perferendis enim laborum eos quis consequatur. Qui velit ab odit vitae iusto est. Est quo molestiae sequi facere. Est iusto nemo aut.', 'https://cdn1.philibertnet.com/521033-thickbox_default/kingdomino-origins.jpg'),
(424, 102, 'nemo molestiae est', 'Non est labore quia corrupti debitis inventore itaque. Voluptatem non minus eligendi sint commodi quasi. Ab reiciendis vero iste ea. Libero eum voluptates nulla soluta.', 'https://cdn1.philibertnet.com/343934-thickbox_default/7-wonders-duel.jpg'),
(425, 88, 'aut', 'Sed nihil laudantium quia labore. Nostrum aut commodi incidunt voluptatem assumenda. Facilis et et amet sequi assumenda ut voluptatem. Vitae corrupti quibusdam laborum numquam modi. Aperiam voluptas in qui maiores corporis vero. Excepturi maiores aspernatur molestias repudiandae animi.', 'https://cdn1.philibertnet.com/494838-thickbox_default/marvel-champions-le-jeu-de-cartes-convoitise-galactique.jpg'),
(426, 93, 'nulla consequuntur', 'Sunt ut sunt ut sed. Dolor ea voluptatem pariatur ipsa earum qui ad suscipit. Autem ex esse reprehenderit assumenda tempore explicabo provident. Dolore quidem est illum sit totam vel voluptas ad.', 'https://cdn2.philibertnet.com/305958-thickbox_default/uno.jpg'),
(427, 89, 'quasi ducimus', 'Ipsa quo eaque sed doloremque eum aut. Quo consequatur qui quo perferendis. Repellendus et et aut odit dolorum dolorem. Praesentium neque consectetur ut sit ut aut.', 'https://cdn1.philibertnet.com/494838-thickbox_default/marvel-champions-le-jeu-de-cartes-convoitise-galactique.jpg'),
(428, 90, 'debitis porro', 'Earum adipisci itaque omnis et id. Cumque laborum rem excepturi dolores enim rerum sit. Ut sed hic asperiores dolores quo possimus reprehenderit non. Commodi ut ab sint beatae delectus voluptates. Quod perspiciatis quas dicta. Aut velit consectetur sint.', 'https://cdn3.philibertnet.com/515976-thickbox_default/world-of-warcraft-wrath-of-the-lich-king-a-pandemic-system-board-game.jpg'),
(429, 90, 'quo autem quae', 'Et distinctio ratione eum autem nam vel nam. Iusto vero quis modi voluptatem corporis. Reprehenderit doloribus animi sapiente assumenda. Tenetur nam laboriosam qui aut aspernatur non. Nihil est dolor quisquam.', 'https://cdn2.philibertnet.com/523790-thickbox_default/micromacro-crime-city.jpg'),
(430, 96, 'aut cumque', 'Facere incidunt recusandae ratione aut non incidunt qui. Illo dolores tempore reiciendis dignissimos ut beatae. Cum blanditiis provident id id dolorem. Et sapiente quidem eaque. Vitae ipsum tempora sequi voluptatem. Placeat excepturi doloremque voluptas. Voluptas qui at sapiente harum aut sint.', 'https://cdn3.philibertnet.com/353015-thickbox_default/codenames-vf.jpg'),
(431, 95, 'voluptas reprehenderit', 'Fugit nihil et veritatis quae rerum nulla. Sit fuga voluptate quis hic amet. Officiis ullam ut reprehenderit eligendi ea sed voluptatibus. Similique et ut nostrum esse excepturi soluta eum.', 'https://cdn2.philibertnet.com/522703-thickbox_default/terraforming-mars.jpg'),
(432, 95, 'qui iusto ullam', 'Laudantium at blanditiis consequatur ab dicta et. Dolores praesentium quisquam optio nobis. Nobis architecto et nulla odit provident qui iusto.', 'https://cdn2.philibertnet.com/522703-thickbox_default/terraforming-mars.jpg'),
(433, 95, 'non', 'Ipsum porro aut perferendis laboriosam. Sunt iste quis tenetur sed. Et at enim voluptatum. Excepturi provident quibusdam sunt sed. Illum amet modi qui ut veritatis. Laboriosam ipsum similique ut accusamus. Aliquam quia adipisci autem neque fugit molestias consectetur.', 'https://cdn3.philibertnet.com/472228-thickbox_default/the-crew.jpg'),
(434, 89, 'et fugit consequatur', 'Quo qui quidem aperiam sit natus voluptatem. Voluptas aut nostrum aut itaque. Fugit debitis rerum est ut praesentium officia. Qui illum quia rerum sint est autem quia. Architecto voluptatibus voluptate exercitationem illum similique dolor.', 'https://cdn3.philibertnet.com/472228-thickbox_default/the-crew.jpg'),
(435, 90, 'rerum perspiciatis', 'Quibusdam officiis beatae officia aut. Repellat mollitia autem ducimus ut maxime cupiditate eos ex. Quasi provident dolores est vel praesentium a. Fugit laudantium voluptatum ducimus commodi quia voluptatem omnis illum. Aut iure ut nihil id iure.', 'https://cdn2.philibertnet.com/527633-thickbox_default/scrabble-deluxe.jpg'),
(436, 93, 'earum dolores', 'Et quia id eligendi voluptatem quis. Itaque aut optio repellendus facilis. Quod omnis sapiente rerum aut eum laudantium dolor molestiae.', 'https://cdn3.philibertnet.com/525941-thickbox_default/harry-potter-bataille-a-poudlard-extension-sortileges-et-potions.jpg'),
(437, 102, 'animi', 'Accusamus incidunt iusto nam. Aspernatur maxime fuga sed sint. Accusantium blanditiis corporis provident consequatur nostrum atque consectetur. Nisi illum aut voluptatem. Aut beatae consequatur voluptatibus delectus mollitia illo.', 'https://cdn1.philibertnet.com/521033-thickbox_default/kingdomino-origins.jpg'),
(438, 90, 'eligendi iusto', 'Aut adipisci voluptatem id iste praesentium mollitia. Consequuntur temporibus aut omnis voluptatem amet earum. Nulla nisi molestiae quia atque nesciunt dolor. Est laborum voluptas pariatur distinctio quis assumenda non.', 'https://cdn3.philibertnet.com/515898-thickbox_default/7-wonders-architects.jpg'),
(439, 95, 'optio ut cum cumque', 'Maiores enim dignissimos est hic. Ad consequatur velit deleniti reiciendis enim. Esse possimus et vero voluptatum quia voluptatem sunt. In qui nihil ducimus est adipisci aperiam ut.', 'https://cdn3.philibertnet.com/516145-thickbox_default/nouvelles-contrees.jpg'),
(440, 91, 'cupiditate consequatur omnis', 'Voluptatum vel ipsum voluptatum pariatur qui asperiores. Porro eligendi explicabo repudiandae distinctio exercitationem quidem deleniti. Rerum cupiditate illo veniam labore error consequatur possimus.', 'https://cdn3.philibertnet.com/525941-thickbox_default/harry-potter-bataille-a-poudlard-extension-sortileges-et-potions.jpg'),
(441, 94, 'accusantium', 'Quia nam accusantium et consequatur consequatur. Molestiae eos sapiente temporibus accusamus odio dolorum. Molestias soluta perferendis rem voluptatem. Sit sapiente eum aspernatur distinctio. Ut fugiat optio qui sunt similique. Aperiam a omnis voluptas est et dolores. Ut labore ut ad ad et vero.', 'https://cdn2.philibertnet.com/522703-thickbox_default/terraforming-mars.jpg'),
(442, 89, 'ut voluptatem ratione aperiam', 'Ut voluptatem sed autem magni necessitatibus. Est facilis voluptates a quod veniam in. Culpa consequuntur sit cumque ut. Laboriosam sit voluptas qui aut et temporibus aperiam.', 'https://cdn3.philibertnet.com/472228-thickbox_default/the-crew.jpg'),
(443, 98, 'dignissimos ut', 'Ex sint aperiam corporis quos cupiditate. Nulla maxime quae aut et sapiente ut. In et laudantium sed. Eos dolorum minus dolorum nisi corrupti facere doloremque culpa. Omnis libero et sed.', 'https://cdn3.philibertnet.com/472228-thickbox_default/the-crew.jpg'),
(444, 96, 'officia minima', 'Labore maiores voluptate sunt qui beatae nam. Porro aperiam optio magni aperiam veritatis. Vel odio qui hic qui itaque corrupti labore. Qui est repellat optio molestias impedit autem. Sed illum at aspernatur nihil iste at dolorem est.', 'https://cdn2.philibertnet.com/516904-thickbox_default/le-seigneur-des-anneaux-voyages-en-terre-du-milieu-guerre-ouverte.jpg'),
(445, 94, 'est ad sit', 'Dolorem esse repellendus quas libero exercitationem. Harum corporis laborum et quo nobis voluptates animi voluptatem. Molestiae quod aut sunt quas cumque est quisquam. Qui id aut harum occaecati.', 'https://cdn2.philibertnet.com/456053-thickbox_default/skyjo.jpg'),
(446, 99, 'impedit dolor', 'Ea sit corporis quibusdam at nam deserunt doloremque. Commodi dolor est fugit beatae distinctio iure similique minima. At sit aliquid pariatur et rem. Iusto iure rerum facilis magni aliquid.', 'https://cdn3.philibertnet.com/472228-thickbox_default/the-crew.jpg'),
(447, 95, 'est dolor', 'Qui consectetur minus autem labore repudiandae est. Magnam sit voluptatem voluptatibus nisi esse in. Praesentium fugit qui quaerat non ipsam. Ut occaecati qui consequatur voluptatem sed quia.', 'https://cdn3.philibertnet.com/472228-thickbox_default/the-crew.jpg'),
(448, 100, 'aut similique sunt eligendi', 'Et nobis similique laboriosam vel quia et. Iure consequatur alias quo corporis consequatur iusto corrupti. Consequatur amet reiciendis aliquid facere excepturi magni.', 'https://cdn1.philibertnet.com/494838-thickbox_default/marvel-champions-le-jeu-de-cartes-convoitise-galactique.jpg'),
(449, 100, 'consequatur minus nobis', 'Corporis culpa error facere ex. Dolores occaecati voluptate necessitatibus corporis. Et laudantium voluptas enim enim cupiditate dolores.', 'https://cdn1.philibertnet.com/494838-thickbox_default/marvel-champions-le-jeu-de-cartes-convoitise-galactique.jpg'),
(450, 88, 'quod possimus', 'Veniam fuga unde maiores accusantium. Harum perferendis illo eos officiis libero voluptatem totam. Corporis dolores et tempora eos repudiandae quam.', 'https://cdn2.philibertnet.com/305958-thickbox_default/uno.jpg'),
(451, 99, 'numquam', 'Deleniti dicta nobis quisquam inventore. Esse id voluptatem veniam optio natus et. Earum ea voluptatem quaerat corporis. Ea autem voluptatem enim itaque libero provident adipisci. Non eveniet exercitationem et a placeat. Dignissimos et ad aliquam qui nostrum itaque.', 'https://cdn3.philibertnet.com/520955-thickbox_default/unlock-game-adventures.jpg'),
(452, 89, 'et atque ipsam vel', 'Totam nulla architecto nesciunt. Et molestiae distinctio nam vero. Ipsa est est aspernatur aut maxime. Dolorem nihil est odit sint. Assumenda qui accusantium dolor. Similique rerum deserunt qui commodi.', 'https://cdn1.philibertnet.com/375938-thickbox_default/monopoly-classique.jpg'),
(453, 99, 'assumenda consequatur et itaque', 'Aspernatur consequatur commodi non ut eligendi facere aut. In quis dolorem itaque labore et. Modi vitae quo eaque modi voluptas aut voluptatibus. Expedita eos accusantium voluptatem minus atque dignissimos non. In saepe totam voluptas quia vero libero.', 'https://cdn2.philibertnet.com/516468-thickbox_default/saint-seiya-le-jeu-de-deckbuilding-poseidon.jpg'),
(454, 92, 'harum', 'Id nulla vel enim at excepturi. Illum consequatur magni laudantium et magni eum ipsa perspiciatis. Molestiae numquam officia dolore nam sunt aliquid molestiae. Porro non cum accusantium itaque.', 'https://cdn2.philibertnet.com/305958-thickbox_default/uno.jpg'),
(455, 94, 'eum', 'Neque laboriosam quos officia esse possimus optio odio. Saepe occaecati distinctio maxime voluptate. Velit earum quasi officiis fugiat totam sit ex nulla. Neque ad tempora fugit quam laboriosam. Quam ad aut officiis rerum quasi beatae. Pariatur optio dolores eum eligendi dicta ullam quis et.', 'https://cdn2.philibertnet.com/516468-thickbox_default/saint-seiya-le-jeu-de-deckbuilding-poseidon.jpg'),
(456, 90, 'dolor aliquid', 'Qui maiores id dolor rerum. Voluptatibus maiores omnis nisi vel iusto. Qui sunt numquam et inventore. Tenetur quas libero commodi cumque officiis quod velit.', 'https://cdn2.philibertnet.com/513139-thickbox_default/assassin-s-creed-valhalla-orlog-dice-game.jpg'),
(457, 96, 'ad voluptatem adipisci', 'Vitae aut sit est. Sunt delectus quasi impedit autem. Et suscipit hic autem et. Temporibus neque distinctio suscipit quaerat autem ad labore.', 'https://cdn2.philibertnet.com/522703-thickbox_default/terraforming-mars.jpg'),
(458, 90, 'nobis sint dolorem est', 'Quia ullam et dolorem. Quasi ut non soluta quidem incidunt. Nihil consequatur exercitationem quam perspiciatis aliquid nemo. Quia expedita voluptatem officiis explicabo maiores quis.', 'https://cdn3.philibertnet.com/353015-thickbox_default/codenames-vf.jpg'),
(459, 90, 'labore quos', 'Nobis ipsa unde fuga suscipit. Qui et eligendi debitis ea voluptatem dolores aspernatur doloremque. Quis nesciunt iusto quos in recusandae. Sed ab soluta nisi cupiditate voluptates fuga eaque nulla. Labore quidem non modi odio. Mollitia asperiores et quod. Repellendus aut commodi deleniti ab.', 'https://cdn1.philibertnet.com/343934-thickbox_default/7-wonders-duel.jpg'),
(460, 91, 'vitae', 'Reiciendis illo similique veniam quibusdam. Doloribus a quibusdam eligendi perferendis rem maxime. Voluptatem in quas assumenda nostrum est et. Dolor pariatur minus et.', 'https://cdn3.philibertnet.com/525941-thickbox_default/harry-potter-bataille-a-poudlard-extension-sortileges-et-potions.jpg'),
(461, 96, 'eligendi', 'Aut facere ullam velit nesciunt voluptatem natus. Fuga cum quia dolorem aut esse ut. Ab expedita officia similique incidunt. Quisquam dolor ut nesciunt quos. Repellat labore doloremque quasi earum. Incidunt quaerat eaque pariatur cumque pariatur.', 'https://cdn1.philibertnet.com/375938-thickbox_default/monopoly-classique.jpg'),
(462, 95, 'et voluptas natus', 'Labore ullam rerum quam aut rem maiores. Voluptatum qui architecto possimus quam molestiae reiciendis. Ut non sunt consequuntur ducimus quis doloremque consequatur.', 'https://cdn3.philibertnet.com/503205-thickbox_default/magic-the-gathering-horizons-du-modern-2-bundle.jpg'),
(463, 93, 'ut accusamus minima minus', 'Laborum non fugit in veniam adipisci numquam est totam. Fugit tempora sit sit quas. Voluptatem sapiente fugit id ad eligendi saepe sint. Consectetur voluptas dolorem non et eos aut. Optio minus laborum perspiciatis. Et voluptas quibusdam temporibus molestias.', 'https://cdn3.philibertnet.com/472228-thickbox_default/the-crew.jpg'),
(464, 99, 'sint nisi qui et', 'Perspiciatis cupiditate sint aperiam quia inventore. Odit ipsum minus perspiciatis itaque temporibus ex eveniet. Doloribus ex earum et eum unde nihil est odio. Alias numquam est debitis quos.', 'https://cdn3.philibertnet.com/515976-thickbox_default/world-of-warcraft-wrath-of-the-lich-king-a-pandemic-system-board-game.jpg'),
(465, 88, 'perspiciatis laudantium sit', 'Quia ipsum numquam eaque fugiat quibusdam aut commodi. Provident neque aliquam at iusto quidem. Consequatur reiciendis dolor id qui consequatur rem. Alias vitae id consequatur a quis distinctio et.', 'https://cdn2.philibertnet.com/516468-thickbox_default/saint-seiya-le-jeu-de-deckbuilding-poseidon.jpg'),
(466, 100, 'sed dignissimos delectus', 'Ut qui minima nam et facere fugit. Consequatur ipsam modi distinctio natus et praesentium quis. Doloribus eos eum velit accusantium velit ut commodi. Omnis ratione labore id.', 'https://cdn1.philibertnet.com/494838-thickbox_default/marvel-champions-le-jeu-de-cartes-convoitise-galactique.jpg'),
(467, 91, 'sequi', 'Aut nobis tempore laboriosam aut. Laborum harum possimus ullam nesciunt. Voluptatem nobis est iure ut asperiores. Et eligendi aliquid debitis ex. Tenetur explicabo consequatur voluptatem qui quos earum.', 'https://cdn1.philibertnet.com/494838-thickbox_default/marvel-champions-le-jeu-de-cartes-convoitise-galactique.jpg'),
(468, 90, 'earum voluptatem aliquid', 'Cum reprehenderit et beatae accusantium sed enim. Ex aut aut quas reprehenderit. Sed et unde dolores iste quos. Ullam et enim excepturi qui voluptatem distinctio reprehenderit. Et ut et amet quibusdam. Sed odio distinctio quo voluptatem sed.', 'https://cdn2.philibertnet.com/523790-thickbox_default/micromacro-crime-city.jpg'),
(469, 99, 'fuga aut iste beatae', 'Labore cumque in dolor magni doloremque vitae laborum. Mollitia id accusantium mollitia qui qui. Reiciendis autem quos voluptatum possimus quidem cum quibusdam. Voluptas molestiae nesciunt eveniet. Placeat in quasi quos quia consequatur voluptates.', 'https://cdn3.philibertnet.com/472228-thickbox_default/the-crew.jpg'),
(470, 87, 'qui sint', 'Quae nostrum dicta id aut iste. Saepe dicta non adipisci. Incidunt eveniet hic dicta sed illum enim et. Omnis quisquam ullam vel. Rem id a repellat voluptatem sit dolore dignissimos qui. Alias ea dolores libero cumque deleniti quis consequuntur. Id consequatur ad totam ut.', 'https://cdn2.philibertnet.com/516904-thickbox_default/le-seigneur-des-anneaux-voyages-en-terre-du-milieu-guerre-ouverte.jpg'),
(471, 89, 'maiores et magnam dolores', 'Et aspernatur sit molestiae quia rem esse doloremque quia. Odit nisi et laboriosam molestiae. Dolorum unde accusamus perspiciatis esse et quaerat. Consequatur aut sed qui repudiandae voluptas porro.', 'https://cdn3.philibertnet.com/472228-thickbox_default/the-crew.jpg'),
(472, 96, 'animi nisi eaque', 'Ratione dolorum amet quam est culpa et tenetur. Tempore maiores quisquam et. Ut sit id dolore libero. Et harum ut totam et quia. Quod rerum enim itaque eius suscipit asperiores. Eligendi iure tenetur dolorem et et.', 'https://cdn3.philibertnet.com/516145-thickbox_default/nouvelles-contrees.jpg'),
(473, 97, 'nostrum ad autem qui', 'Tenetur ut aut aut quis nesciunt tempora. Perferendis nisi est ut optio non qui iste magnam. Eveniet eius ea repellendus optio neque quasi. Repellat dolorem libero similique nulla dolores ipsa nihil.', 'https://cdn1.philibertnet.com/521033-thickbox_default/kingdomino-origins.jpg'),
(474, 101, 'sunt', 'Quam enim nisi qui. Suscipit temporibus in molestias aut dolores. Alias sunt eius quos et assumenda. Voluptas minima iure voluptatem quam qui doloribus et laborum. Laborum odio et odio totam nemo maxime. Illum veritatis eaque temporibus aliquam distinctio. Voluptatibus fugit molestiae fugiat eius.', 'https://cdn1.philibertnet.com/521033-thickbox_default/kingdomino-origins.jpg'),
(475, 90, 'odio molestiae dolorem', 'Et quia in explicabo dicta dignissimos est enim. Cumque et error eum architecto hic ipsam praesentium. Commodi at eius eius. Expedita et non soluta eligendi labore. Iste aspernatur et magnam ut nihil. Error doloribus voluptatibus qui voluptatem nulla incidunt.', 'https://cdn1.philibertnet.com/521033-thickbox_default/kingdomino-origins.jpg'),
(476, 98, 'velit ullam et quibusdam', 'Ratione sint repellat debitis laboriosam sunt quaerat. Illum nesciunt et possimus voluptatem. Non animi natus autem iste accusamus fugit. Est exercitationem aut veritatis fuga itaque quis tempore. Eius eum atque enim. Ut voluptatem accusantium non. Optio ut voluptatem sit debitis sint et et.', 'https://cdn1.philibertnet.com/521033-thickbox_default/kingdomino-origins.jpg'),
(477, 102, 'reiciendis', 'Minima ut cupiditate provident quo temporibus. Assumenda impedit ipsam et consectetur qui eveniet. Quis deleniti voluptatum esse est dolorem cum. Consequatur facilis similique modi. Ipsum ea perferendis eius. Libero et aperiam aut ipsam ea non.', 'https://cdn1.philibertnet.com/343934-thickbox_default/7-wonders-duel.jpg'),
(478, 92, 'voluptas ipsum rem ea', 'Et est vel voluptatibus vel qui. Molestiae id id neque veniam. Non amet assumenda commodi ratione earum sequi quia error. Laborum recusandae veritatis et est. Dolorum tenetur totam provident. Vero odio consequuntur repellat voluptas atque culpa voluptatum.', 'https://cdn2.philibertnet.com/513139-thickbox_default/assassin-s-creed-valhalla-orlog-dice-game.jpg'),
(479, 95, 'sequi enim', 'Dolorum est harum repellat rerum. Eum delectus dolor assumenda ut perferendis iusto et accusantium. Unde et tenetur eveniet expedita libero odio. Praesentium odit dolorum rerum est eum accusamus ipsa officia. Asperiores earum ipsum fuga et. Fugiat aliquam modi sed in iste sit quos.', 'https://cdn1.philibertnet.com/521033-thickbox_default/kingdomino-origins.jpg'),
(480, 87, 'harum quas nesciunt', 'Animi maxime eos sapiente rem doloremque inventore adipisci. Voluptatem occaecati est impedit repellat. Voluptate soluta veritatis eum consequatur sapiente ipsum eaque mollitia. Ut quo ea rerum eos quis porro.', 'https://cdn1.philibertnet.com/375938-thickbox_default/monopoly-classique.jpg'),
(481, 93, 'quam', 'Eveniet quo voluptatem et quam qui nisi ipsum molestiae. Non sint rerum beatae dolor consequatur dicta rem dolorum. Aperiam qui rerum quia possimus a laudantium numquam error.', 'https://cdn3.philibertnet.com/515976-thickbox_default/world-of-warcraft-wrath-of-the-lich-king-a-pandemic-system-board-game.jpg'),
(482, 96, 'illo et', 'Rerum rerum earum aut rerum placeat architecto non earum. Iste mollitia et earum quis. Qui porro voluptas dolores natus ratione. Nesciunt qui fugiat fugiat explicabo facere nulla. Facilis consequatur aut explicabo. Eos reprehenderit ab ea provident sed voluptatibus optio.', 'https://cdn2.philibertnet.com/522703-thickbox_default/terraforming-mars.jpg'),
(483, 98, 'nisi nesciunt voluptatibus iure', 'Quis aliquam repellat rem quia sint. Odio ut corrupti fugit perspiciatis eum. In at sit numquam in vel aspernatur nihil. Consequuntur eum rerum omnis quo. Totam voluptates sit qui maiores dolores esse amet. Blanditiis asperiores perspiciatis et qui et. Vel voluptates doloribus a quibusdam.', 'https://cdn2.philibertnet.com/456053-thickbox_default/skyjo.jpg'),
(484, 96, 'quae esse', 'Id molestias sapiente quod quaerat. Est voluptas sed aut maxime. Quam neque non fugit ab sint praesentium error voluptates. Veritatis ratione qui sit repudiandae magnam.', 'https://cdn3.philibertnet.com/525941-thickbox_default/harry-potter-bataille-a-poudlard-extension-sortileges-et-potions.jpg'),
(485, 98, 'sit consectetur est', 'Et ipsum sit quas cumque et et sed. Tempore iusto ex quis quam facilis. Aliquam accusantium cumque expedita. Qui dolorum eligendi et quis qui neque.', 'https://cdn3.philibertnet.com/516145-thickbox_default/nouvelles-contrees.jpg'),
(486, 88, 'a molestiae sit', 'Velit est alias tempora placeat in veniam aut. Nulla eos vel pariatur et ea. Iusto praesentium consequatur possimus recusandae.', 'https://cdn1.philibertnet.com/343934-thickbox_default/7-wonders-duel.jpg'),
(487, 96, 'quod fugit nisi tempora', 'Voluptas iste molestias quibusdam et. Enim quae maxime temporibus dolor impedit corrupti voluptate enim. Soluta dolores quos delectus doloremque blanditiis ipsam sint. Non optio laudantium iste qui.', 'https://cdn3.philibertnet.com/353015-thickbox_default/codenames-vf.jpg'),
(488, 88, 'quia et vero et', 'In odit similique iusto dolor culpa mollitia beatae. Velit nostrum atque esse consequuntur dolor error aliquid. Voluptates iure qui voluptatem dolor eaque. Ut laboriosam aliquam molestias quo doloribus. Ea enim animi odio laudantium officia et autem.', 'https://cdn3.philibertnet.com/503205-thickbox_default/magic-the-gathering-horizons-du-modern-2-bundle.jpg'),
(489, 94, 'quis omnis vel quas', 'Et rem unde exercitationem rem maiores. Et vitae eos non quia et rerum fuga numquam. Aperiam eum ea unde eius sed tempore at. Sed nam incidunt et.', 'https://cdn3.philibertnet.com/515898-thickbox_default/7-wonders-architects.jpg'),
(490, 94, 'neque voluptate velit', 'Adipisci dolore quidem ipsam quam beatae occaecati non aperiam. Voluptatem vero dignissimos ea est sunt. Delectus quisquam amet ipsam debitis. Facere aliquam rem officiis quas nihil dolor.', 'https://cdn3.philibertnet.com/503205-thickbox_default/magic-the-gathering-horizons-du-modern-2-bundle.jpg'),
(491, 94, 'voluptas dolore', 'Corrupti autem ab omnis blanditiis voluptas. Autem voluptatum occaecati in quis. Id optio asperiores quam rem eum omnis voluptatem.', 'https://cdn2.philibertnet.com/522703-thickbox_default/terraforming-mars.jpg'),
(492, 90, 'accusantium modi', 'Porro molestiae dignissimos maiores ipsa et enim deserunt. Qui nulla sit voluptatibus. Aut dolores quas qui similique dolor similique. Quia nostrum praesentium vitae nisi voluptas.', 'https://cdn3.philibertnet.com/503205-thickbox_default/magic-the-gathering-horizons-du-modern-2-bundle.jpg'),
(493, 96, 'rerum nisi ullam', 'Ipsum corrupti qui id distinctio nam. Earum maiores quo qui repellendus facere totam. At sapiente quibusdam porro corporis. Distinctio a perspiciatis ut est. Pariatur quas voluptas accusamus esse. Magni ex blanditiis vitae assumenda sed.', 'https://cdn3.philibertnet.com/503205-thickbox_default/magic-the-gathering-horizons-du-modern-2-bundle.jpg'),
(494, 91, 'quos', 'Voluptatibus quasi repudiandae est. Quis magni consequuntur quos vel est doloremque. Quo quia architecto soluta dolorum aperiam voluptas consectetur officiis. Vero doloribus et id occaecati sed impedit.', 'https://cdn1.philibertnet.com/375938-thickbox_default/monopoly-classique.jpg'),
(495, 87, 'at', 'Porro tempora aut enim quia rerum. Quis placeat omnis earum officiis. Impedit quod id omnis aut quisquam sit enim. Amet sit modi quia officiis pariatur. Voluptas molestiae soluta consequuntur minus. Nesciunt totam quo aperiam sit doloremque aperiam. Odit voluptas eligendi quidem libero.', 'https://cdn3.philibertnet.com/525941-thickbox_default/harry-potter-bataille-a-poudlard-extension-sortileges-et-potions.jpg'),
(496, 90, 'nam harum ut', 'Ut perferendis pariatur sint facilis facilis. Aut voluptatem nam fuga beatae soluta ea maxime voluptatem. Dolor qui non est amet quis est.', 'https://cdn3.philibertnet.com/515976-thickbox_default/world-of-warcraft-wrath-of-the-lich-king-a-pandemic-system-board-game.jpg'),
(497, 90, 'vel', 'Suscipit id quas sit et laboriosam dignissimos autem dolorem. Incidunt aliquam recusandae eum optio. Corrupti repellat et id sed ullam omnis sit. Deserunt ipsam veritatis ullam aut. Qui non voluptates culpa. Inventore quia consectetur quia qui iure sit sint.', 'https://cdn2.philibertnet.com/523790-thickbox_default/micromacro-crime-city.jpg'),
(498, 90, 'qui mollitia explicabo possimus', 'Facilis sit ex est ut eos debitis non ipsa. Dolorum magni omnis placeat ipsum. Ea non voluptatum quisquam ipsam et dolore consequatur debitis. Dolorem quam id perferendis.', 'https://cdn3.philibertnet.com/525941-thickbox_default/harry-potter-bataille-a-poudlard-extension-sortileges-et-potions.jpg'),
(499, 100, 'in', 'Nulla architecto sint quam ex et libero. Exercitationem maiores molestiae a. Exercitationem dolor veritatis facilis provident ipsum voluptatem itaque.', 'https://cdn2.philibertnet.com/527633-thickbox_default/scrabble-deluxe.jpg'),
(500, 89, 'impedit aut rerum est', 'Est accusamus fugit quisquam. Qui voluptatem dolorem eligendi animi porro. Corporis delectus ut quaerat quis. Tenetur aperiam aut consequatur ea mollitia praesentium.', 'https://cdn3.philibertnet.com/515898-thickbox_default/7-wonders-architects.jpg');

-- --------------------------------------------------------

--
-- Structure de la table `board_game_category`
--

CREATE TABLE `board_game_category` (
  `id` int(11) NOT NULL,
  `name` varchar(50) COLLATE utf8mb4_unicode_ci NOT NULL
) ENGINE=InnoDB DEFAULT CHARSET=utf8mb4 COLLATE=utf8mb4_unicode_ci;

--
-- Déchargement des données de la table `board_game_category`
--

INSERT INTO `board_game_category` (`id`, `name`) VALUES
(86, 'Jeu de dés'),
(87, 'Jeu d\'adresse'),
(88, 'Jeu d\'ambiance'),
(89, 'Jeu de cartes'),
(90, 'Jeu de plateau'),
(91, 'Jeu de mémoire'),
(92, 'Jeu de connaissance'),
(93, 'Jeu de lettres'),
(94, 'Jeu de logique'),
(95, 'Jeu de pions'),
(96, 'Jeu d\'enquête'),
(97, 'Jeu de coopération'),
(98, 'Jeu de bluff'),
(99, 'Jeu de stratégie'),
(100, 'Jeu de gestion'),
(101, 'Jeu de hasard'),
(102, 'Jeu de rôle');

-- --------------------------------------------------------

--
-- Structure de la table `booking`
--

CREATE TABLE `booking` (
  `id` int(11) NOT NULL,
  `event_id` int(11) NOT NULL,
  `user_id` int(11) NOT NULL,
  `reference` binary(16) NOT NULL COMMENT '(DC2Type:uuid)'
) ENGINE=InnoDB DEFAULT CHARSET=utf8mb4 COLLATE=utf8mb4_unicode_ci;

--
-- Déchargement des données de la table `booking`
--

INSERT INTO `booking` (`id`, `event_id`, `user_id`, `reference`) VALUES
(101, 251, 1492, 0x2f22065cb2613d528e683287679a19d3),
(102, 245, 1411, 0xea827fa52e463a208e150c3237ec67ae),
(103, 269, 1217, 0x2fd1cccdaf9737f3b13484b19d97b41b),
(104, 218, 1363, 0xa39f95d83db9394283a082b92a7f4792),
(105, 261, 1020, 0x94d51dd227393319a410a627dd2d5402),
(106, 272, 1497, 0x4cf604813faa3f83822a4b3c02d5c60f),
(107, 215, 1345, 0x5347b671f6df324bb4d83bb03e56bfe0),
(108, 248, 1223, 0xb20cc229b74031958225902f6b3b06e3),
(109, 293, 1258, 0xdb21c2e054bd3072a61dfd8462c9c154),
(110, 264, 1302, 0x57cc2bad98d73219813ecbc68628b1a9),
(111, 243, 1106, 0x4feb1e33e21235f78795c27c5780cfac),
(112, 286, 1213, 0xd30e1b38ec023656a84c912ba311a309),
(113, 246, 1282, 0x52acabe37a8e3babb98ff590559383b4),
(114, 285, 1190, 0x3e857439ced73107a1d447fe1e282324),
(115, 229, 1422, 0xfd736ef235113d36816dc8ed5e04a0ff),
(116, 262, 1050, 0x80806672bd2e32cc858bbed03e1e238f),
(117, 201, 1433, 0x41c5a3fdb5dd38f4a71be39a83ebc1c2),
(118, 204, 1474, 0xe5d80b24fd493e07948b247abb469493),
(119, 236, 1231, 0x2aae4e62885435f58edcbd23f5550424),
(120, 233, 1209, 0x736d581bc432399db7a283c8273eea68),
(121, 297, 1161, 0x3796a96232a031f3adf0a4094b8d2137),
(122, 239, 1021, 0xfa91a332c55036e9974ada2a8102abd7),
(123, 221, 1118, 0xc71d9677879f328daf75907f2e36687b),
(124, 237, 1220, 0xdc0f59b3e70f37229dcaf01e498daacb),
(125, 284, 1272, 0xf680f444afa23d7d95a426c231bd1d7a),
(126, 228, 1052, 0x850af03d034937f4af65c59f9532b97b),
(127, 267, 1269, 0xa2b105cb5ff538d4818ce75615183250),
(128, 251, 1489, 0xa7833833d4c4337b95097b8dac01ec4d),
(129, 286, 1413, 0x6128a6ef4fc93fdeaa3d87b8c906c5eb),
(130, 295, 1026, 0xdff8c038812732d48b6c03c48505b6ac),
(131, 285, 1045, 0xecf132d8dcc1362f89e6690fa2c7885d),
(132, 244, 1325, 0xf1cc79bd211534b99e59626c1c4ced92),
(133, 205, 1491, 0x94ec7a568d7f32258e8bdbf60eba7673),
(134, 278, 1247, 0x32d13d6149603665b5f42b052a848556),
(135, 231, 1293, 0xd0c2f36143ff302cb71d096977dcb140),
(136, 221, 1177, 0xc192ce6fd3053f0a91efd4c1ffffde98),
(137, 220, 1234, 0x07d499dc02c93e2388012768a4581b9e),
(138, 209, 1380, 0x77b942dc81e7370db979ebc8892c6b62),
(139, 258, 1324, 0x8e7a82fb7cc236a89e4d50a531dc0f03),
(140, 238, 1259, 0x1aadc177de8b37a4982d1984124821b1),
(141, 250, 1088, 0xc66b4a79150a38c9a6d662e27b1dcaf7),
(142, 298, 1046, 0x0383e39796ce373eb4956b5ec520f2cd),
(143, 228, 1071, 0x05cc625273c537cf931339f50808d663),
(144, 284, 1124, 0xb2e811ef38543658b3aafe77e5327240),
(145, 218, 1254, 0x7b2edd671234384e979c45c220ed5555),
(146, 221, 1417, 0x129fb3c183b73d4e85bd7415792e34c3),
(147, 203, 1388, 0x98aaf537aa073969b82a9dad390c0bcb),
(148, 202, 1480, 0x76ce68b3475e382890cd3e5478aaaffa),
(149, 217, 1307, 0x3d113f7943883e2f818a940a71fb875c),
(150, 241, 1209, 0x425632de71b43e9fab202e683e0b06b3);

-- --------------------------------------------------------

--
-- Structure de la table `comic`
--

CREATE TABLE `comic` (
  `id` int(11) NOT NULL,
  `category_id` int(11) NOT NULL,
  `name` varchar(50) COLLATE utf8mb4_unicode_ci NOT NULL,
  `description` longtext COLLATE utf8mb4_unicode_ci NOT NULL,
  `picture` varchar(255) COLLATE utf8mb4_unicode_ci NOT NULL,
  `author` varchar(50) COLLATE utf8mb4_unicode_ci NOT NULL
) ENGINE=InnoDB DEFAULT CHARSET=utf8mb4 COLLATE=utf8mb4_unicode_ci;

--
-- Déchargement des données de la table `comic`
--

INSERT INTO `comic` (`id`, `category_id`, `name`, `description`, `picture`, `author`) VALUES
(401, 99, 'sunt', 'Quidem qui quas dolore consectetur illum. Corrupti fugiat qui modi. Quis aut aut aliquid consequatur velit autem dolorem. Vitae consequatur voluptas sunt sapiente eos cum eaque.', 'https://images-na.ssl-images-amazon.com/images/S/cmx-images-prod/Item/279507/279507._SX1280_QL80_TTD_.jpg', 'Kaleb Bartoletti'),
(402, 100, 'corrupti rerum numquam consectetur', 'Ut possimus nulla et dicta aliquid occaecati. Error debitis molestiae molestias quas vero. Facere quia et corporis unde. Vitae amet magni sed quos vel et quae. Incidunt accusamus rerum debitis qui optio.', 'https://www.hallmark.com/dw/image/v2/AALB_PRD/on/demandware.static/-/Sites-hallmark-master/default/dw8ba9f1e5/images/finished-goods/Marvel-The-Amazing-SpiderMan-Comic-Book-Cover-Fathers-Day-Card-root-599FHE8966_PV.1.FHE8966.jpg_Source_Image.jpg?sw=1920', 'George Kuhn'),
(403, 105, 'nemo repellat ea ipsam', 'Sed quis quia corrupti adipisci ipsa repudiandae. Molestiae quisquam voluptatem et officiis animi fuga.', 'https://c8.alamy.com/compfr/t27dd2/italie-1973-premiere-edition-de-marvel-comic-books-couvrir-de-captain-america-t27dd2.jpg', 'Sonia Hoeger'),
(404, 102, 'soluta optio nulla repudiandae', 'Cum eum et totam ducimus vitae ut. Est et non vero at. Laudantium voluptatem error odit rem. In eaque quos alias recusandae. Rerum quaerat quos et aliquid consequuntur perspiciatis voluptas. Odit et sit dolores voluptates dignissimos harum earum.', 'https://www.dccomics.com/sites/default/files/imce/2021/11-NOV/BM_Cv118_1in25_var_618447d1a5e754.72998228.jpg', 'Jaron Lebsack'),
(405, 101, 'accusantium', 'Excepturi ut omnis molestias quo. Est placeat cum totam incidunt quia sequi. Et impedit optio veniam eveniet itaque sit voluptas optio. Fugiat praesentium esse veritatis odit.', 'https://images-na.ssl-images-amazon.com/images/S/cmx-images-prod/Item/279507/279507._SX1280_QL80_TTD_.jpg', 'Trent Veum'),
(406, 97, 'vero numquam', 'Ipsum occaecati voluptas natus occaecati quis dignissimos. Et consequatur ut sed iste. Qui laborum labore porro amet non. Consequatur consequatur et ut et ut qui reiciendis. Facilis omnis quia dicta molestias sed enim.', 'https://cdn001.tintin.com/public/tintin/img/static/the-shooting-star/the-shooting-star.jpg', 'Addie Pagac'),
(407, 97, 'rerum aliquam autem', 'Rem voluptas maiores placeat corrupti non ut eius. Sit saepe aspernatur et ratione autem. Aliquam rerum explicabo quibusdam dolore ipsa officiis. Voluptas aut facilis minus.', 'https://images-na.ssl-images-amazon.com/images/S/cmx-images-prod/Item/279507/279507._SX1280_QL80_TTD_.jpg', 'Claude Fritsch'),
(408, 99, 'rerum', 'Et recusandae sunt reiciendis qui enim corrupti. Quae vitae quidem expedita vitae ut fuga ipsum id. Numquam nesciunt enim ut quas dolore possimus. Sint officia sunt qui et consequatur. Et at assumenda facilis sequi. Eaque eum ut natus. Molestias unde rerum dolorum.', 'https://images.omerlocdn.com/resize?url=https%3A%2F%2Fgcm.omerlocdn.com%2Fproduction%2Fglobal%2Ffiles%2Fimage%2Fb4ddd4dd-70a1-4977-8a46-559f77b48ccc.jpg&width=1200&type=jpeg&stripmeta=true', 'Christina Leuschke'),
(409, 95, 'earum voluptatem libero', 'At ut asperiores quaerat et impedit consequatur. Voluptas sed est recusandae quisquam id vel aut. In qui non aut asperiores est repellendus necessitatibus. Fugit consequatur id et est.', 'https://images-na.ssl-images-amazon.com/images/I/71aGRDbG9WL.jpg', 'Rosanna Wolff'),
(410, 105, 'mollitia aliquam aut', 'Aut repellat vel occaecati eligendi voluptatem. Doloremque eligendi quibusdam molestiae at sunt. Nihil tempora eum et error non sed facere. Aut tenetur corporis voluptates vero qui. Nam qui aliquid sapiente nihil voluptas mollitia est. Omnis cum eos nesciunt unde ut iste quia.', 'https://cdn001.tintin.com/public/tintin/img/static/the-shooting-star/the-shooting-star.jpg', 'Kamron Huel'),
(411, 102, 'ex fugit omnis modi', 'Expedita aut ratione magni libero. Officiis illo omnis corporis recusandae natus aliquid. Ex eveniet rerum quasi. Sit quod quod voluptatum qui.', 'https://images.omerlocdn.com/resize?url=https%3A%2F%2Fgcm.omerlocdn.com%2Fproduction%2Fglobal%2Ffiles%2Fimage%2Fb4ddd4dd-70a1-4977-8a46-559f77b48ccc.jpg&width=1200&type=jpeg&stripmeta=true', 'Zechariah Conroy'),
(412, 94, 'et ipsa sit', 'At doloremque iste aut et qui. Quo et id quibusdam aliquid et aut enim inventore. Consequatur pariatur recusandae qui nisi. Iste voluptas rerum rem amet voluptatem. Totam iste deserunt et rerum omnis enim. Laudantium enim ad unde expedita. Quibusdam id ratione aliquam provident rerum.', 'https://images-na.ssl-images-amazon.com/images/I/71aGRDbG9WL.jpg', 'Jonatan Farrell'),
(413, 105, 'tempore qui sunt', 'Voluptatem consectetur blanditiis quod tenetur molestiae. Et beatae deserunt dolorem nemo perspiciatis omnis nulla. Ea numquam dolor perferendis facere sequi. Est eius non et praesentium saepe corporis inventore.', 'https://c8.alamy.com/compfr/t27dd2/italie-1973-premiere-edition-de-marvel-comic-books-couvrir-de-captain-america-t27dd2.jpg', 'Lauren Bogan'),
(414, 95, 'eaque labore maxime sit', 'Fugiat odit quia ea et qui nisi. Eveniet qui illum delectus est. Sit eum possimus et officia. Possimus dolores rerum autem dolor quos officia ut. Velit nulla ipsum sed animi doloremque nihil in.', 'https://www.dccomics.com/sites/default/files/imce/2021/11-NOV/BM_Cv118_1in25_var_618447d1a5e754.72998228.jpg', 'Jabari Zemlak'),
(415, 102, 'omnis eum accusamus illum', 'In officiis alias quia atque omnis architecto culpa et. In reiciendis molestias distinctio id ab dolorum ducimus. In repudiandae hic dolorem fuga ullam. Ut vel rerum doloremque qui enim voluptas facilis. Praesentium ut et inventore est est. Quaerat repudiandae magni animi libero.', 'https://terrigen-cdn-dev.marvel.com/content/prod/1x/avengers50_infinitysaga_variant.jpg', 'Zula DuBuque'),
(416, 94, 'officia et ipsam', 'Modi odit eos illum reiciendis et. Aut impedit minima voluptatem. Omnis consectetur sit fugiat perspiciatis. Nihil sed ut repellat blanditiis iure nobis est suscipit. Dolore consequatur iste et. Non aut aliquam libero sit itaque et. Quod eum tempora vel aliquam et unde magni.', 'https://terrigen-cdn-dev.marvel.com/content/prod/1x/avengers50_infinitysaga_variant.jpg', 'Bertrand Parisian'),
(417, 100, 'sunt placeat voluptatem', 'Id perspiciatis ut voluptatibus eos officia accusantium. Voluptas tempora reprehenderit cumque tenetur aut. Omnis adipisci dolorem voluptatem corrupti eos rerum. Sunt et perspiciatis nemo placeat beatae reprehenderit.', 'https://mlpnk72yciwc.i.optimole.com/cqhiHLc.WqA8~2eefa/w:auto/h:auto/q:75/https://bleedingcool.com/wp-content/uploads/2020/09/TWDDLX01_Adams-Cover.jpg', 'Domenica Rempel'),
(418, 103, 'nostrum', 'Eum autem officia nisi maxime et. Delectus odio sint ipsum quidem facilis est fuga. Vero nam vel debitis ut beatae exercitationem a.', 'https://i0.wp.com/www.superpouvoir.com/wp-content/uploads/2021/04/Action-Comics-1033-cov-Sampere.jpg?resize=970%2C1491&ssl=1', 'Shad Green'),
(419, 108, 'qui', 'Commodi excepturi ut sapiente repudiandae odio. Ad quos libero qui maiores iure autem. Amet hic ea sapiente animi ipsam et architecto. Modi consequuntur voluptatem doloribus eligendi. Voluptas animi necessitatibus ratione in dolores officia consequatur. Totam sequi sunt neque.', 'https://images.omerlocdn.com/resize?url=https%3A%2F%2Fgcm.omerlocdn.com%2Fproduction%2Fglobal%2Ffiles%2Fimage%2Fb4ddd4dd-70a1-4977-8a46-559f77b48ccc.jpg&width=1200&type=jpeg&stripmeta=true', 'Chesley Boyle'),
(420, 99, 'cupiditate ipsam dicta', 'Voluptatum occaecati laborum natus molestiae. Qui consequuntur rerum recusandae est. Dolor reiciendis voluptatum quo ad. Repellendus perferendis reiciendis aut culpa officiis sit officia.', 'https://cdnb.artstation.com/p/assets/images/images/012/822/497/large/alex-loken-cover.jpg?1536692282&dl=1', 'Samson Adams'),
(421, 102, 'voluptate corrupti', 'Culpa maiores quia veritatis qui. Tempore cum qui modi. Et natus ut quo sed consequuntur molestiae. Magnam ipsam et unde harum.', 'https://images-na.ssl-images-amazon.com/images/I/81KsPBgzmtL.jpg', 'Maymie Balistreri'),
(422, 100, 'accusantium non qui', 'Reiciendis dolorum dolores sed assumenda voluptas ut. Asperiores fuga amet dolore rem consectetur recusandae. Qui ullam cum nam et consequatur. Qui in nihil est. A vitae est accusamus distinctio.', 'https://c8.alamy.com/compfr/t27dd2/italie-1973-premiere-edition-de-marvel-comic-books-couvrir-de-captain-america-t27dd2.jpg', 'Roslyn Schoen'),
(423, 107, 'sed expedita minus eveniet', 'Aut voluptas amet temporibus similique voluptates qui. Qui sit in a totam. Sunt sunt laborum qui nemo quia. Molestias enim dolorem temporibus consequatur. Sed voluptas voluptatem facilis officia illum repellat recusandae. Modi ut consequatur ut sunt iusto molestias.', 'https://images-na.ssl-images-amazon.com/images/I/71aGRDbG9WL.jpg', 'Jovany Bradtke'),
(424, 108, 'earum nesciunt reiciendis', 'Porro nisi est tempora non magnam distinctio vel. Voluptate voluptatem aut repellat nemo. Laudantium incidunt voluptas aspernatur.', 'https://images.omerlocdn.com/resize?url=https%3A%2F%2Fgcm.omerlocdn.com%2Fproduction%2Fglobal%2Ffiles%2Fimage%2Fb4ddd4dd-70a1-4977-8a46-559f77b48ccc.jpg&width=1200&type=jpeg&stripmeta=true', 'Noe Stiedemann'),
(425, 107, 'sed quia soluta culpa', 'Ipsa molestiae incidunt sed. Vel harum voluptatum explicabo assumenda. Doloribus ad aspernatur rerum. Neque dolorem asperiores ratione quibusdam quas.', 'https://images-na.ssl-images-amazon.com/images/I/71aGRDbG9WL.jpg', 'Keegan Emmerich'),
(426, 94, 'et', 'Et tenetur veritatis et dignissimos ad assumenda qui. Aut ut distinctio eos possimus. Dolores repellat culpa et. Qui dolorem ducimus perspiciatis.', 'https://images-na.ssl-images-amazon.com/images/I/81KsPBgzmtL.jpg', 'Danyka Sipes'),
(427, 93, 'laudantium', 'Adipisci adipisci et qui voluptatum. Voluptatem earum omnis odit eum. Sit qui incidunt corrupti culpa quasi ut voluptas. Fugit molestias dolor delectus voluptas. Aut minima molestias rerum. Et unde voluptas nisi nemo.', 'https://i0.wp.com/www.superpouvoir.com/wp-content/uploads/2021/04/Action-Comics-1033-cov-Sampere.jpg?resize=970%2C1491&ssl=1', 'Orin Barrows'),
(428, 98, 'ullam atque nemo minima', 'Voluptas laborum totam exercitationem et nobis dolorem veniam. Accusantium est rerum et tempora totam. Aut veniam totam quos aliquid. Ex omnis hic dicta enim eum.', 'https://images-na.ssl-images-amazon.com/images/S/cmx-images-prod/Item/279507/279507._SX1280_QL80_TTD_.jpg', 'Denis Predovic'),
(429, 94, 'quo nesciunt', 'Voluptatem deleniti molestias nobis. Illum ullam tempora libero quia rerum est quia nisi. Eligendi doloremque repellat nulla quae eos et. Sint ratione eius alias ea reprehenderit iste magni.', 'https://cdn001.tintin.com/public/tintin/img/static/the-shooting-star/the-shooting-star.jpg', 'Aditya Williamson'),
(430, 98, 'eos', 'Mollitia tenetur et ipsa animi id id omnis nam. Odit id voluptatem dolor sit. Voluptas totam ut ullam ratione. Ut molestiae expedita minus error quisquam. Repellendus eos adipisci rerum deleniti quibusdam ab exercitationem natus.', 'https://www.hallmark.com/dw/image/v2/AALB_PRD/on/demandware.static/-/Sites-hallmark-master/default/dw8ba9f1e5/images/finished-goods/Marvel-The-Amazing-SpiderMan-Comic-Book-Cover-Fathers-Day-Card-root-599FHE8966_PV.1.FHE8966.jpg_Source_Image.jpg?sw=1920', 'Carli Volkman'),
(431, 106, 'voluptatum sapiente', 'Totam fugit nostrum ut tempore eligendi nostrum repellat. Assumenda qui aliquid consequuntur autem unde et rerum. Recusandae repudiandae alias in ducimus. Expedita sed sunt non ratione.', 'https://cdnb.artstation.com/p/assets/images/images/012/822/497/large/alex-loken-cover.jpg?1536692282&dl=1', 'Bernard Waters'),
(432, 95, 'mollitia repellendus velit doloremque', 'Eius est aut non et adipisci. Qui omnis assumenda eum qui odio velit. Optio sint consectetur tempora illo numquam fuga numquam. Possimus aspernatur dolorem est perspiciatis ut voluptas.', 'https://shop.sergiobonelli.it/resizer/1000/-1/true/1491832832859.jpg--le_dieci_tribu___martin_mystere_350_cover.jpg?1491832835000', 'Abigayle Zieme'),
(433, 100, 'nulla', 'Praesentium magni est sequi quia ut eius. Mollitia maiores sapiente molestiae vel eos ut tempora. Inventore quae error aliquam non quam. Id corporis maiores magnam vero quidem debitis.', 'https://shop.sergiobonelli.it/resizer/1000/-1/true/1491832832859.jpg--le_dieci_tribu___martin_mystere_350_cover.jpg?1491832835000', 'Gage Marks'),
(434, 99, 'culpa optio', 'Quis eaque aut eos numquam a. Veniam illum quia sit sequi. Nesciunt dolores deleniti magnam assumenda accusantium inventore laudantium. Doloremque quaerat cum voluptatibus itaque nulla. Nobis ut quaerat voluptatum aliquam vitae ex et.', 'https://i0.wp.com/www.superpouvoir.com/wp-content/uploads/2021/04/Action-Comics-1033-cov-Sampere.jpg?resize=970%2C1491&ssl=1', 'Violette Hackett'),
(435, 95, 'harum aliquid amet aperiam', 'Ex ut labore omnis. Et ipsa qui maiores. Nostrum occaecati est nobis illo est amet. Ut et doloribus dolorem animi sit modi. Laudantium aut et culpa iusto harum. Asperiores reiciendis nostrum sed qui qui maiores. Similique et perferendis qui quasi consequatur nemo.', 'https://mlpnk72yciwc.i.optimole.com/cqhiHLc.WqA8~2eefa/w:auto/h:auto/q:75/https://bleedingcool.com/wp-content/uploads/2020/09/TWDDLX01_Adams-Cover.jpg', 'Evie Jacobson'),
(436, 99, 'aut veniam', 'Commodi fugit voluptatum eum nostrum quo ut. Ipsam quidem dolor blanditiis maiores nesciunt quis. Neque molestiae facere est fugiat ab odit. Esse facere quod est labore et quam dolores. Perferendis explicabo laudantium nisi rerum quaerat quia. Dolorem impedit omnis sequi dolor vitae dolores labore.', 'https://bddi.2dcom.fr/LocalImageExists.php?ean=9782811215620&isize=full&gencod=3027166420000&key=DimetGmAYGQEsjiN', 'Asa Simonis'),
(437, 94, 'fuga temporibus architecto a', 'Nam et error omnis veritatis adipisci. Voluptatem aliquam odio rem minus velit cumque. Autem est officia sequi ut sit repellendus quod. Aut quia et aut nihil. Ut nihil eligendi explicabo placeat distinctio. Mollitia dolor ipsum cupiditate quis. Ut veniam rerum sequi iure vel aut consequuntur.', 'https://mlpnk72yciwc.i.optimole.com/cqhiHLc.WqA8~2eefa/w:auto/h:auto/q:75/https://bleedingcool.com/wp-content/uploads/2020/09/TWDDLX01_Adams-Cover.jpg', 'Anderson Grant'),
(438, 93, 'et', 'Et non nam fugit doloribus eveniet libero suscipit. Enim eaque illo impedit aut natus omnis. Harum laborum alias quod sequi fuga. Omnis qui expedita cum. Dolor voluptatum non vitae dignissimos. Aut dignissimos qui totam perferendis.', 'https://cdn-products.eneba.com/resized-products/5jDEHg3wge1U7YZJVCOM2BTq98NC5lraxlc__mT3bIg_350x200_3x-0.jpeg', 'Adelbert Tromp'),
(439, 97, 'maxime', 'Et laudantium et sint itaque sed porro a quaerat. Numquam minima esse vitae sit consequatur incidunt. Ex enim deserunt voluptas sunt nemo quod. Hic voluptatibus quas qui fugit repellendus dolores harum impedit.', 'https://cdn2.originalcomics.fr/26776/buffy-contre-les-vampires-saison-8-tome-1-vf.jpg', 'Alyson Parker'),
(440, 104, 'at vitae dicta', 'Sed quaerat vel sunt magni enim quas sunt. Hic voluptas eius voluptatibus sapiente cum animi voluptatem. Distinctio aperiam est est sequi numquam.', 'https://shop.sergiobonelli.it/resizer/1000/-1/true/1491832832859.jpg--le_dieci_tribu___martin_mystere_350_cover.jpg?1491832835000', 'Frida McClure'),
(441, 102, 'beatae repellendus enim non', 'Fugiat voluptate quos eos iste rerum ullam reprehenderit. Aut numquam ratione inventore sint ullam aperiam maiores. Sunt accusamus voluptatem a excepturi est vero consequatur.', 'https://www.hallmark.com/dw/image/v2/AALB_PRD/on/demandware.static/-/Sites-hallmark-master/default/dw8ba9f1e5/images/finished-goods/Marvel-The-Amazing-SpiderMan-Comic-Book-Cover-Fathers-Day-Card-root-599FHE8966_PV.1.FHE8966.jpg_Source_Image.jpg?sw=1920', 'Oceane Stroman'),
(442, 108, 'vel facere iusto', 'Dolorum provident et eveniet ut eum. Quia rerum facere sequi et. Accusamus voluptatem exercitationem nam neque. Numquam dolore quidem dolorem. Corrupti debitis sint et. Odit suscipit impedit ad quis dolores repellendus omnis.', 'https://terrigen-cdn-dev.marvel.com/content/prod/1x/avengers50_infinitysaga_variant.jpg', 'Verda Blick'),
(443, 104, 'est consequatur est qui', 'Autem eveniet officia eveniet nihil iusto. Consequatur blanditiis veritatis eaque placeat beatae. Qui quibusdam numquam magni eum itaque velit. Deserunt vitae quas molestiae itaque molestias. Sed quis eos sapiente alias iste. Beatae quam esse aut voluptatem.', 'https://cdnb.artstation.com/p/assets/images/images/012/822/497/large/alex-loken-cover.jpg?1536692282&dl=1', 'Eliza Quitzon'),
(444, 101, 'illo quo', 'Deserunt qui ipsa doloremque voluptatibus id hic rem perspiciatis. Dolorem aut ullam cum. Dolorem aspernatur vel enim voluptate numquam. Maiores molestiae eos ab error qui dolores voluptatum. A et porro aperiam accusamus in.', 'https://images-na.ssl-images-amazon.com/images/S/cmx-images-prod/Item/279507/279507._SX1280_QL80_TTD_.jpg', 'Payton Berge'),
(445, 95, 'omnis sit', 'Similique totam consequatur excepturi et deleniti accusamus. Alias nobis voluptatum possimus provident praesentium. Quia aliquid omnis autem error iusto id optio provident. Non cupiditate et omnis. Eum aut molestias ipsum.', 'https://terrigen-cdn-dev.marvel.com/content/prod/1x/avengers50_infinitysaga_variant.jpg', 'Aleen Dooley'),
(446, 103, 'vitae voluptas', 'Sed aut nihil eveniet molestias et ipsum. Mollitia omnis voluptatum officia eum. Non temporibus nisi velit dolor et necessitatibus. Aperiam perspiciatis aperiam aperiam magnam. Autem possimus quo tenetur quaerat. Non molestias quia laboriosam. Iure eos dolore consectetur consequuntur.', 'https://shop.sergiobonelli.it/resizer/1000/-1/true/1491832832859.jpg--le_dieci_tribu___martin_mystere_350_cover.jpg?1491832835000', 'Andre Lesch'),
(447, 102, 'commodi quasi deserunt', 'Optio dolores sit omnis. Minima quos molestiae debitis est quasi. Ipsum dolores tempore amet in magnam. Consequuntur nulla doloremque eius excepturi rerum dolores aut. Suscipit quod praesentium vitae architecto. Enim et magnam illo quibusdam optio similique. Sit quia magni libero ab.', 'https://shop.sergiobonelli.it/resizer/1000/-1/true/1491832832859.jpg--le_dieci_tribu___martin_mystere_350_cover.jpg?1491832835000', 'Briana Vandervort'),
(448, 95, 'laboriosam delectus quis', 'Sit eligendi ea rerum optio. Enim corrupti officiis veritatis fugiat voluptas et. Cum quae in tenetur eum beatae sequi. Laboriosam sint non veniam architecto voluptate. Dolore itaque sunt quis voluptatem.', 'https://shop.sergiobonelli.it/resizer/1000/-1/true/1491832832859.jpg--le_dieci_tribu___martin_mystere_350_cover.jpg?1491832835000', 'Horacio Bednar'),
(449, 92, 'molestias', 'Sequi aut commodi nostrum. Recusandae et a aut adipisci. Impedit quaerat autem iste quis voluptate quis. Et sed vel nam architecto velit. Cum cupiditate vel molestiae ab quisquam qui culpa. Aut ut tempora odio odit qui quaerat ab.', 'https://cdn-products.eneba.com/resized-products/5jDEHg3wge1U7YZJVCOM2BTq98NC5lraxlc__mT3bIg_350x200_3x-0.jpeg', 'Keaton Koelpin'),
(450, 96, 'soluta eveniet', 'Aut quidem ea in et magni consequatur et quis. Deserunt accusamus debitis temporibus maxime sed est. Ea id similique magni et ipsa voluptates nihil. Minus magnam unde quia quas.', 'https://images.omerlocdn.com/resize?url=https%3A%2F%2Fgcm.omerlocdn.com%2Fproduction%2Fglobal%2Ffiles%2Fimage%2Fb4ddd4dd-70a1-4977-8a46-559f77b48ccc.jpg&width=1200&type=jpeg&stripmeta=true', 'Tre Haag'),
(451, 107, 'placeat reiciendis', 'Et aut delectus vel quos enim corrupti ipsa. Aut soluta ad quia totam porro perferendis numquam. Placeat a debitis consequuntur. Adipisci aspernatur itaque aperiam qui est sed.', 'https://images.omerlocdn.com/resize?url=https%3A%2F%2Fgcm.omerlocdn.com%2Fproduction%2Fglobal%2Ffiles%2Fimage%2Fb4ddd4dd-70a1-4977-8a46-559f77b48ccc.jpg&width=1200&type=jpeg&stripmeta=true', 'Adolph Zieme'),
(452, 94, 'non nemo quas sunt', 'Soluta nam explicabo a beatae qui veritatis. Autem sequi officiis laudantium velit reprehenderit. Laborum sed libero debitis et consectetur. Vitae esse ea quisquam porro. Harum et aut totam consequatur accusantium nisi veritatis error. Nulla quisquam amet amet voluptas voluptates reprehenderit.', 'https://cdn2.originalcomics.fr/26776/buffy-contre-les-vampires-saison-8-tome-1-vf.jpg', 'Buster Lowe'),
(453, 95, 'totam', 'Assumenda ut ducimus a. Enim sed ex qui iusto recusandae cupiditate. Nemo sequi quaerat itaque vel qui. Earum cumque voluptas minus sit quasi est. Qui cupiditate explicabo ipsa. Neque quo voluptas natus enim ducimus voluptatem. Eligendi delectus recusandae nisi qui.', 'https://www.dccomics.com/sites/default/files/imce/2021/11-NOV/BM_Cv118_1in25_var_618447d1a5e754.72998228.jpg', 'Bria Lehner'),
(454, 108, 'ducimus aperiam aut sed', 'Exercitationem sed a mollitia est. Eos aut eos voluptas voluptatem velit. Repudiandae amet optio hic sapiente sunt atque. Nihil aut ipsa provident delectus voluptatem suscipit. Ex voluptas eos dicta voluptatum. Voluptatibus sunt veritatis voluptatem.', 'https://mlpnk72yciwc.i.optimole.com/cqhiHLc.WqA8~2eefa/w:auto/h:auto/q:75/https://bleedingcool.com/wp-content/uploads/2020/09/TWDDLX01_Adams-Cover.jpg', 'Shaniya Lehner'),
(455, 102, 'ut voluptatem', 'Quidem eius qui eaque molestiae maxime nesciunt. Qui cum qui nesciunt modi ipsum quasi aut. Consequuntur ratione qui blanditiis est. Culpa et eum voluptatibus est autem dolores asperiores.', 'https://mlpnk72yciwc.i.optimole.com/cqhiHLc.WqA8~2eefa/w:auto/h:auto/q:75/https://bleedingcool.com/wp-content/uploads/2020/09/TWDDLX01_Adams-Cover.jpg', 'Elna Witting'),
(456, 95, 'soluta autem fugit quia', 'Libero cumque illo quo tempore animi ipsam. Voluptatum molestias voluptate voluptas voluptatem provident. Est recusandae necessitatibus natus illo. Natus quisquam nisi tempore sunt voluptatem. Corporis sint voluptatem eaque sequi. Harum et magni rerum. Maxime vel vero cum.', 'https://cdn001.tintin.com/public/tintin/img/static/the-shooting-star/the-shooting-star.jpg', 'Elsa Murazik'),
(457, 103, 'qui inventore illum', 'Voluptatem quia ab a omnis possimus nisi. Dolorem fugit sint eveniet omnis nisi et. Suscipit optio laboriosam id voluptate aperiam cupiditate. Et delectus dolore ad ut odio est. Velit exercitationem accusantium ut asperiores.', 'https://shop.sergiobonelli.it/resizer/1000/-1/true/1491832832859.jpg--le_dieci_tribu___martin_mystere_350_cover.jpg?1491832835000', 'Janelle Simonis'),
(458, 105, 'quo', 'Voluptas sapiente quia aut doloremque est ipsam. Sed amet porro ut quod voluptatem. Ad itaque in velit quasi deleniti repellendus. Porro saepe ea quo sint sed hic.', 'https://cdnb.artstation.com/p/assets/images/images/012/822/497/large/alex-loken-cover.jpg?1536692282&dl=1', 'Patience Jakubowski'),
(459, 103, 'rerum suscipit', 'Quas distinctio in aperiam aperiam sed ea ut. Ut delectus cumque dignissimos accusamus voluptatem et quo. Autem dolorem deserunt ut neque. Omnis dolores dignissimos laborum quia occaecati.', 'https://www.gamespot.com/a/uploads/original/1562/15626911/3002107-5032115-04-variant.jpg', 'Clifford Little'),
(460, 101, 'omnis pariatur beatae vitae', 'Pariatur placeat rerum quo doloremque. Perferendis perspiciatis ut dignissimos dolores rerum vero. Eius doloremque necessitatibus excepturi et.', 'https://mlpnk72yciwc.i.optimole.com/cqhiHLc.WqA8~2eefa/w:auto/h:auto/q:75/https://bleedingcool.com/wp-content/uploads/2020/09/TWDDLX01_Adams-Cover.jpg', 'Garrison Murphy'),
(461, 95, 'fuga dolores voluptatem', 'Quasi et unde beatae quia ut. Corrupti asperiores repellat maxime dolor iusto labore. Iusto necessitatibus vero rerum dolorum quis cupiditate qui. Doloribus porro aut dolores quo. Necessitatibus eius ducimus non voluptas dolores. Consequatur ut quia qui. Tenetur dolor nulla laborum aliquid.', 'https://www.hallmark.com/dw/image/v2/AALB_PRD/on/demandware.static/-/Sites-hallmark-master/default/dw8ba9f1e5/images/finished-goods/Marvel-The-Amazing-SpiderMan-Comic-Book-Cover-Fathers-Day-Card-root-599FHE8966_PV.1.FHE8966.jpg_Source_Image.jpg?sw=1920', 'Claudie Walter'),
(462, 95, 'perspiciatis et alias', 'Adipisci dolorum qui fugiat est nihil quis. Eum suscipit repellat dolore corrupti rem. At ullam consequuntur laborum in cupiditate pariatur voluptas error. Numquam sit officia quasi velit et. Accusamus et eveniet sit illo eum laudantium.', 'https://c8.alamy.com/compfr/t27dd2/italie-1973-premiere-edition-de-marvel-comic-books-couvrir-de-captain-america-t27dd2.jpg', 'Mathilde Tromp'),
(463, 103, 'quia quo', 'Inventore repellendus est corporis debitis ea accusantium. Nulla voluptatem excepturi nobis voluptatem debitis consequuntur. Nihil numquam qui asperiores.', 'https://cdn2.originalcomics.fr/26776/buffy-contre-les-vampires-saison-8-tome-1-vf.jpg', 'Garland Bahringer'),
(464, 108, 'praesentium quam', 'Impedit numquam reiciendis delectus. Ut velit dolorem exercitationem ea ut alias adipisci. Optio autem vel veniam enim nostrum. Laudantium rem ea eum deleniti. In ullam maxime consequuntur animi deleniti et est. Quo animi maiores sequi in corrupti. Officia eius dolorem dolore beatae dicta facilis.', 'https://cdn-products.eneba.com/resized-products/5jDEHg3wge1U7YZJVCOM2BTq98NC5lraxlc__mT3bIg_350x200_3x-0.jpeg', 'Imani Kessler'),
(465, 103, 'aut', 'Quia est enim eaque qui aut sed consequuntur. Expedita saepe eaque ipsum. Qui facere dolores hic sapiente nam in. Omnis et veniam natus corporis quas quo. Architecto et doloremque doloremque commodi delectus. Aut vero rerum omnis perspiciatis ipsam sit aliquam.', 'https://cdn2.originalcomics.fr/26776/buffy-contre-les-vampires-saison-8-tome-1-vf.jpg', 'Vicenta Weissnat'),
(466, 108, 'ipsum voluptas quo aut', 'Doloremque id fugit quam error consequuntur. Quasi dolor assumenda laboriosam praesentium rerum nihil ut. Enim dolorem et cumque officiis delectus. Et laudantium officiis explicabo quas optio est hic.', 'https://i0.wp.com/www.superpouvoir.com/wp-content/uploads/2021/04/Action-Comics-1033-cov-Sampere.jpg?resize=970%2C1491&ssl=1', 'Ada Ritchie'),
(467, 102, 'voluptatem eum at omnis', 'Qui quod cupiditate officiis dolor voluptate facilis consequatur. Quisquam assumenda nisi et eum dicta error eveniet. Nihil non qui ea expedita. Rem reprehenderit aut at deleniti praesentium est cumque.', 'https://images-na.ssl-images-amazon.com/images/I/71aGRDbG9WL.jpg', 'Amara Homenick'),
(468, 99, 'eaque eum laborum', 'Quasi omnis accusantium necessitatibus nulla ut hic. Totam harum veniam sunt dolores et. Ex accusantium fuga et rem mollitia delectus. Veniam omnis omnis et expedita est. Alias aliquam sequi nobis praesentium odio. Dicta facere earum ut blanditiis.', 'https://cdn001.tintin.com/public/tintin/img/static/the-shooting-star/the-shooting-star.jpg', 'Lacy Swaniawski'),
(469, 102, 'earum odit', 'Porro ex mollitia qui libero quaerat est impedit dicta. Sint dolor quia saepe molestiae sed. Sit et eveniet eligendi non. Ut quaerat iste voluptas voluptatem. Maiores vero dolorem est. Aliquid quia hic culpa at nulla. Nostrum est aut quas dicta deserunt at. Ut occaecati aut dolores aliquam aut.', 'https://cdn-products.eneba.com/resized-products/5jDEHg3wge1U7YZJVCOM2BTq98NC5lraxlc__mT3bIg_350x200_3x-0.jpeg', 'Ian Wiza'),
(470, 105, 'omnis provident harum', 'Ullam et temporibus sit tempora. Qui odit rerum odit quaerat dicta. Iure fuga et modi in. Accusamus nisi et facere cumque. Nostrum voluptate animi ab est beatae laboriosam aut beatae. Enim consequatur ipsa qui ea.', 'https://bddi.2dcom.fr/LocalImageExists.php?ean=9782811215620&isize=full&gencod=3027166420000&key=DimetGmAYGQEsjiN', 'Jarrod Gusikowski'),
(471, 104, 'vitae sit est vitae', 'Beatae dolor enim doloremque. Alias corporis sit iste natus repudiandae et. Voluptatem facilis et voluptas magni in vel. Sit voluptas qui nemo quasi voluptatem eaque alias.', 'https://www.dccomics.com/sites/default/files/imce/2021/11-NOV/BM_Cv118_1in25_var_618447d1a5e754.72998228.jpg', 'Maurice DuBuque'),
(472, 106, 'temporibus ut', 'Amet voluptas quidem unde sed est dignissimos ipsam. Et in blanditiis nobis quo sed. Ducimus corporis autem voluptates dolor non.', 'https://www.hallmark.com/dw/image/v2/AALB_PRD/on/demandware.static/-/Sites-hallmark-master/default/dw8ba9f1e5/images/finished-goods/Marvel-The-Amazing-SpiderMan-Comic-Book-Cover-Fathers-Day-Card-root-599FHE8966_PV.1.FHE8966.jpg_Source_Image.jpg?sw=1920', 'Alessia Jacobi'),
(473, 103, 'placeat voluptatibus molestias doloremque', 'Consequatur ipsum nihil ducimus est. Enim in dolores tempora dolorem vel qui. Qui quo repellat tenetur temporibus et. Quibusdam eveniet sed magni natus qui quo. Laboriosam aspernatur quae id autem.', 'https://mlpnk72yciwc.i.optimole.com/cqhiHLc.WqA8~2eefa/w:auto/h:auto/q:75/https://bleedingcool.com/wp-content/uploads/2020/09/TWDDLX01_Adams-Cover.jpg', 'Carmel Gusikowski'),
(474, 108, 'vel quia soluta doloremque', 'Voluptatem est est assumenda est. Voluptatem commodi voluptates est. Delectus nam hic ratione et nisi delectus velit voluptas. Iste numquam nostrum autem reprehenderit id ad et. Ut perferendis doloribus eos perferendis a sunt commodi.', 'https://i0.wp.com/www.superpouvoir.com/wp-content/uploads/2021/04/Action-Comics-1033-cov-Sampere.jpg?resize=970%2C1491&ssl=1', 'Brandt Mueller'),
(475, 99, 'fugit', 'Unde magni nemo amet aperiam ea deserunt. Rerum repellendus eveniet necessitatibus atque earum. Odit aut consequatur odit dolorum. In eaque modi earum et inventore.', 'https://images-na.ssl-images-amazon.com/images/S/cmx-images-prod/Item/279507/279507._SX1280_QL80_TTD_.jpg', 'Ozella Schulist'),
(476, 100, 'occaecati', 'Fuga maiores omnis dolores qui vitae fugiat. Ea ut non accusantium dignissimos. Consequatur occaecati itaque et. Sint qui ipsum cum deleniti. Magnam recusandae ut atque. Explicabo et ab vitae laborum doloremque voluptatum et. Animi repudiandae et qui cum.', 'https://cdn2.originalcomics.fr/26776/buffy-contre-les-vampires-saison-8-tome-1-vf.jpg', 'Hayden Crooks'),
(477, 101, 'veniam quod', 'Rerum possimus rerum id explicabo ipsum saepe atque. Incidunt qui laboriosam dolorem veniam et. Nulla ut et est vel et. Et et ea est odit aut est. Eum laborum repellat rerum dignissimos voluptate et.', 'https://www.hallmark.com/dw/image/v2/AALB_PRD/on/demandware.static/-/Sites-hallmark-master/default/dw8ba9f1e5/images/finished-goods/Marvel-The-Amazing-SpiderMan-Comic-Book-Cover-Fathers-Day-Card-root-599FHE8966_PV.1.FHE8966.jpg_Source_Image.jpg?sw=1920', 'Tiana Pagac'),
(478, 93, 'dolorem illum', 'Est excepturi consequatur fuga et voluptatem recusandae. In sed inventore eveniet sint dolor sit laudantium. Iure porro nemo ut facilis perferendis.', 'https://terrigen-cdn-dev.marvel.com/content/prod/1x/avengers50_infinitysaga_variant.jpg', 'Scotty Bernier'),
(479, 106, 'quibusdam', 'Perspiciatis aliquid veritatis rerum. Et et ullam molestiae qui. Enim repudiandae distinctio iste ducimus non inventore dicta voluptatem. Quia laborum ipsa perferendis voluptatem suscipit. Deserunt occaecati nam totam. Neque magnam dicta odio quia qui voluptas qui.', 'https://www.gamespot.com/a/uploads/original/1562/15626911/3002107-5032115-04-variant.jpg', 'Ofelia Miller'),
(480, 104, 'cum in voluptas eius', 'Assumenda amet aut quo nihil omnis hic et. Dolorem vel non dolore optio aperiam voluptas ab. Dolorem voluptatem accusamus recusandae et optio aut fuga est. Harum nam modi et nulla voluptatem et tenetur. Repellat ut nostrum occaecati. Nulla quia occaecati qui vero ut.', 'https://images-na.ssl-images-amazon.com/images/I/81KsPBgzmtL.jpg', 'Kendrick Hettinger'),
(481, 93, 'explicabo perferendis consequatur vel', 'Sint enim commodi expedita est sed. Voluptate rerum omnis repellendus. Consequatur perferendis eaque et dolor. Nemo nostrum incidunt soluta est exercitationem rerum laboriosam est.', 'https://images-na.ssl-images-amazon.com/images/S/cmx-images-prod/Item/279507/279507._SX1280_QL80_TTD_.jpg', 'Maxie Kling'),
(482, 92, 'libero laborum tempore', 'Nihil non qui non ipsum optio. Quibusdam et dolor eos et est veniam impedit quos. Quia odit maxime esse quia. Numquam rerum sed sit minus est voluptas a autem. Perspiciatis debitis nam omnis sunt.', 'https://images.omerlocdn.com/resize?url=https%3A%2F%2Fgcm.omerlocdn.com%2Fproduction%2Fglobal%2Ffiles%2Fimage%2Fb4ddd4dd-70a1-4977-8a46-559f77b48ccc.jpg&width=1200&type=jpeg&stripmeta=true', 'Marisol Zboncak'),
(483, 100, 'quia ipsam omnis repellendus', 'Beatae velit ratione cumque aut laborum. Sapiente ut non ut vero delectus tempore sed. Voluptate cupiditate natus quos harum aliquid velit.', 'https://static.wikia.nocookie.net/marveldatabase/images/d/d8/Deadpool_Vol_3_1.jpg/revision/latest?cb=20191227043225', 'Berenice Abernathy'),
(484, 102, 'sed est', 'Maxime voluptatem voluptatem dolorem delectus deserunt. Veritatis non atque animi magnam quam mollitia dolor nihil. Eos sit tempora autem perspiciatis quaerat error nulla.', 'https://www.hallmark.com/dw/image/v2/AALB_PRD/on/demandware.static/-/Sites-hallmark-master/default/dw8ba9f1e5/images/finished-goods/Marvel-The-Amazing-SpiderMan-Comic-Book-Cover-Fathers-Day-Card-root-599FHE8966_PV.1.FHE8966.jpg_Source_Image.jpg?sw=1920', 'Alize Predovic'),
(485, 94, 'velit', 'Est temporibus et molestiae officiis rem architecto. Ut quia ea aliquam. Omnis praesentium atque esse pariatur. Iusto ratione beatae et vitae. Odit omnis natus consectetur consequatur perspiciatis sit ut.', 'https://mlpnk72yciwc.i.optimole.com/cqhiHLc.WqA8~2eefa/w:auto/h:auto/q:75/https://bleedingcool.com/wp-content/uploads/2020/09/TWDDLX01_Adams-Cover.jpg', 'Jordyn Schaden'),
(486, 101, 'excepturi', 'Deleniti sequi qui debitis ut et adipisci. Dicta minima eos vel vel. Quo quia molestiae fuga explicabo temporibus sed. Enim sint quasi doloribus possimus veritatis iste eum enim.', 'https://www.hallmark.com/dw/image/v2/AALB_PRD/on/demandware.static/-/Sites-hallmark-master/default/dw8ba9f1e5/images/finished-goods/Marvel-The-Amazing-SpiderMan-Comic-Book-Cover-Fathers-Day-Card-root-599FHE8966_PV.1.FHE8966.jpg_Source_Image.jpg?sw=1920', 'Mariana DuBuque'),
(487, 107, 'odio ducimus dignissimos', 'Ducimus adipisci adipisci ipsam maxime vitae. Repellat sed exercitationem facilis ut est cumque. Exercitationem quia at consectetur et. Dignissimos eum optio ratione.', 'https://i0.wp.com/www.superpouvoir.com/wp-content/uploads/2021/04/Action-Comics-1033-cov-Sampere.jpg?resize=970%2C1491&ssl=1', 'Joelle Halvorson'),
(488, 99, 'at', 'Perferendis fugiat distinctio qui error modi quod. Sint nobis cumque sit consequatur. Odit sint aut rerum sed. Amet optio cupiditate voluptatibus consequuntur rerum. Suscipit reprehenderit explicabo minus doloremque placeat tempore. Aut ipsum et sed quasi ut qui suscipit eos.', 'https://i0.wp.com/www.superpouvoir.com/wp-content/uploads/2021/04/Action-Comics-1033-cov-Sampere.jpg?resize=970%2C1491&ssl=1', 'Daniela Considine'),
(489, 107, 'dolore ut rerum', 'Quisquam aliquam quam velit illo. Tempora magni quibusdam consequuntur placeat est et vero. Qui quidem reiciendis aperiam non eaque sint. Ipsum eaque provident voluptas sint provident sequi quaerat.', 'https://c8.alamy.com/compfr/t27dd2/italie-1973-premiere-edition-de-marvel-comic-books-couvrir-de-captain-america-t27dd2.jpg', 'Guido Runolfsdottir'),
(490, 105, 'est ab molestias repellendus', 'Qui ut voluptatem occaecati sint. Reprehenderit qui iste accusamus beatae incidunt asperiores aspernatur. Excepturi ut distinctio cumque. Unde libero rem temporibus voluptas.', 'https://images-na.ssl-images-amazon.com/images/S/cmx-images-prod/Item/279507/279507._SX1280_QL80_TTD_.jpg', 'Judson Koelpin'),
(491, 93, 'ut voluptas quo vero', 'Tempore non totam incidunt voluptas consectetur. Consequuntur et eum consequatur sapiente molestias est qui illum. Aut commodi corrupti maxime earum rem et facilis ipsum. Modi ab esse aut ut consequatur.', 'https://terrigen-cdn-dev.marvel.com/content/prod/1x/avengers50_infinitysaga_variant.jpg', 'Claud Kreiger'),
(492, 100, 'voluptates', 'Natus et animi eius vero et molestiae consequuntur dolor. Neque beatae officia molestiae amet eius. Illo ut odit illo voluptatem et impedit. Aut ratione neque omnis.', 'https://www.gamespot.com/a/uploads/original/1562/15626911/3002107-5032115-04-variant.jpg', 'Dillon Farrell'),
(493, 107, 'ea consequatur', 'Mollitia dignissimos et ea amet omnis. Sapiente aliquam sint blanditiis dolorem. Sunt minus similique ea tempora. Quos debitis ea magnam officiis et omnis omnis. Sed vel molestiae rerum saepe doloremque. Aut deleniti unde facere voluptates dolore totam.', 'https://images-na.ssl-images-amazon.com/images/S/cmx-images-prod/Item/279507/279507._SX1280_QL80_TTD_.jpg', 'Osbaldo Cormier'),
(494, 107, 'pariatur totam', 'Omnis dolorem fugit beatae omnis et. Aliquid qui voluptatem cumque qui qui et officia mollitia. Quia ipsa aut consequatur voluptatem asperiores facere. Sapiente illum est sint consequatur nostrum illum.', 'https://cdn2.originalcomics.fr/26776/buffy-contre-les-vampires-saison-8-tome-1-vf.jpg', 'Christopher Carroll'),
(495, 98, 'aut est et', 'Sunt ea dolorem ratione voluptatem sint natus. Id temporibus qui libero aut quis ullam. Corrupti ut aspernatur culpa debitis est maiores quibusdam est.', 'https://c8.alamy.com/compfr/t27dd2/italie-1973-premiere-edition-de-marvel-comic-books-couvrir-de-captain-america-t27dd2.jpg', 'Bessie Cronin'),
(496, 105, 'cumque quis', 'Quis nihil dolorem illum velit nobis illo expedita et. Earum quam officiis ut. Asperiores nam qui ex omnis aut eum odit. Hic sint nisi et commodi.', 'https://i0.wp.com/www.superpouvoir.com/wp-content/uploads/2021/04/Action-Comics-1033-cov-Sampere.jpg?resize=970%2C1491&ssl=1', 'Electa Ullrich'),
(497, 95, 'ducimus', 'Veritatis est quis rerum occaecati voluptatem at quia quis. Consectetur facere animi adipisci provident fugiat. Ut repudiandae illo illo et et optio.', 'https://mlpnk72yciwc.i.optimole.com/cqhiHLc.WqA8~2eefa/w:auto/h:auto/q:75/https://bleedingcool.com/wp-content/uploads/2020/09/TWDDLX01_Adams-Cover.jpg', 'Isac Monahan'),
(498, 108, 'ad', 'Necessitatibus dolores amet cumque. Doloribus velit dicta maxime vero et quae et. Maxime iste quidem praesentium ut ducimus alias molestiae. Soluta ut quo et fugiat id illum dolorem.', 'https://bddi.2dcom.fr/LocalImageExists.php?ean=9782811215620&isize=full&gencod=3027166420000&key=DimetGmAYGQEsjiN', 'Skylar Thompson'),
(499, 93, 'consequatur id id perferendis', 'Sed libero voluptates vero accusamus. Sit dolore autem magni pariatur dicta qui quo quis. In dolore est qui rerum neque. Repellat non natus molestiae doloribus et et.', 'https://images.omerlocdn.com/resize?url=https%3A%2F%2Fgcm.omerlocdn.com%2Fproduction%2Fglobal%2Ffiles%2Fimage%2Fb4ddd4dd-70a1-4977-8a46-559f77b48ccc.jpg&width=1200&type=jpeg&stripmeta=true', 'Rosemary Schiller'),
(500, 100, 'molestiae dolorem quae', 'Quia ratione unde vitae tempora est ut temporibus. In voluptas dolorem architecto voluptatem possimus et. Dicta occaecati accusantium ducimus sunt saepe nihil. Fuga sit autem itaque tenetur neque. Voluptatem in non tempora cumque qui dolores voluptatum.', 'https://images-na.ssl-images-amazon.com/images/I/71aGRDbG9WL.jpg', 'Mabel Abbott');

-- --------------------------------------------------------

--
-- Structure de la table `comic_category`
--

CREATE TABLE `comic_category` (
  `id` int(11) NOT NULL,
  `name` varchar(50) COLLATE utf8mb4_unicode_ci NOT NULL
) ENGINE=InnoDB DEFAULT CHARSET=utf8mb4 COLLATE=utf8mb4_unicode_ci;

--
-- Déchargement des données de la table `comic_category`
--

INSERT INTO `comic_category` (`id`, `name`) VALUES
(91, 'Action / Aventure'),
(92, 'Humoristique'),
(93, 'Fantastique'),
(94, 'Heroic Fantasy'),
(95, 'Policier / Enquête'),
(96, 'Historique'),
(97, 'Horreur'),
(98, 'Arts Martiaux'),
(99, 'Musical'),
(100, 'Romance'),
(101, 'Science Fiction'),
(102, 'Sports'),
(103, 'Espionnage'),
(104, 'Steampunk'),
(105, 'Superhero'),
(106, 'Ados'),
(107, 'Guerre'),
(108, 'Western');

-- --------------------------------------------------------

--
-- Structure de la table `doctrine_migration_versions`
--

CREATE TABLE `doctrine_migration_versions` (
  `version` varchar(191) COLLATE utf8_unicode_ci NOT NULL,
  `executed_at` datetime DEFAULT NULL,
  `execution_time` int(11) DEFAULT NULL
) ENGINE=InnoDB DEFAULT CHARSET=utf8 COLLATE=utf8_unicode_ci;

--
-- Déchargement des données de la table `doctrine_migration_versions`
--

INSERT INTO `doctrine_migration_versions` (`version`, `executed_at`, `execution_time`) VALUES
('DoctrineMigrations\\Version20220111102052', '2022-01-11 10:21:09', 1214);

-- --------------------------------------------------------

--
-- Structure de la table `event`
--

CREATE TABLE `event` (
  `id` int(11) NOT NULL,
  `category_id` int(11) NOT NULL,
  `place_id` int(11) DEFAULT NULL,
  `owner_id` int(11) NOT NULL,
  `activity_id` int(11) NOT NULL,
  `name` varchar(100) COLLATE utf8mb4_unicode_ci NOT NULL,
  `description` longtext COLLATE utf8mb4_unicode_ci NOT NULL,
  `picture` varchar(255) COLLATE utf8mb4_unicode_ci NOT NULL,
  `start_at` datetime NOT NULL,
  `end_at` datetime NOT NULL,
  `capacity` int(11) DEFAULT NULL,
  `game_level` varchar(50) COLLATE utf8mb4_unicode_ci DEFAULT NULL
) ENGINE=InnoDB DEFAULT CHARSET=utf8mb4 COLLATE=utf8mb4_unicode_ci;

--
-- Déchargement des données de la table `event`
--

INSERT INTO `event` (`id`, `category_id`, `place_id`, `owner_id`, `activity_id`, `name`, `description`, `picture`, `start_at`, `end_at`, `capacity`, `game_level`) VALUES
(201, 32, 418, 1243, 22, 'iure ut quisquam vel ab consequatur similique', 'Et reiciendis in veniam soluta sit omnis sint. Nam voluptatem ab laudantium animi sit. Et voluptas aut in omnis reiciendis. Ipsa voluptatem illo et corrupti. Excepturi omnis cum fugiat voluptatem qui. Sit odio ut quo in et tenetur deserunt. Ab aut itaque id voluptas et. Libero accusantium labore reprehenderit itaque. Incidunt architecto consectetur numquam omnis soluta. Est magni perferendis quod ut laboriosam autem itaque cumque. Quisquam officiis velit placeat. Neque enim ut velit dolores dignissimos. Nulla nemo dolorum quos ut. Quia non expedita et nisi aut. Ea omnis ut harum sit. Excepturi aut vel eveniet quis et nisi qui. Nisi ipsum doloremque molestiae ut veritatis. At dolor culpa blanditiis. Quaerat ex voluptatem itaque aspernatur. Et quia voluptatem rem ipsum eos placeat est.', 'https://pbs.twimg.com/media/EECAyk7W4AAQP9w.jpg', '2022-06-26 02:10:17', '2022-06-28 11:44:08', 331, 'Occasionnel'),
(202, 31, 494, 1258, 22, 'quae illum quis autem nisi', 'Et cum fugiat dolores ipsam qui et. Quia qui expedita eum ut saepe. Non suscipit iste placeat. Sunt autem incidunt non dolor. Vero et itaque ut fuga. Dolore maiores aperiam ducimus reprehenderit sint corporis eos incidunt. Dolor dolorem quidem culpa voluptate eveniet. Sit qui consequatur quia explicabo nulla. Fugit molestias deleniti commodi dignissimos. Voluptas deleniti officia voluptas optio. Quia consequuntur porro suscipit autem accusantium. Nesciunt est ipsum neque qui repudiandae animi. Tenetur ea ipsa doloribus eaque. Asperiores accusantium voluptas ut quisquam nobis maiores quia. Quos nemo omnis ducimus qui excepturi sapiente. Neque maiores numquam qui sed quis vel repudiandae. Aspernatur dolorem qui id velit ab.', 'https://happydays365.org/wp-content/uploads/2020/05/Geek-Pride-Day-1080x630.jpg', '2022-04-09 19:03:02', '2022-04-11 06:49:38', 223, 'Professionnel'),
(203, 34, 475, 1453, 24, 'pariatur et voluptatem labore itaque consectetur culpa sed dolores minima', 'Voluptatem est tempora quia. Repellat rem eos voluptates iusto iure voluptatem voluptas delectus. Consectetur numquam consectetur hic odit. Blanditiis voluptates exercitationem dicta qui unde omnis. Eos aut neque consequuntur sed in. Alias at sapiente nam quia aspernatur. Et natus magnam nihil. Et fuga distinctio commodi. Amet voluptas aut odit debitis quos est quod accusamus. Animi aut dolorem laudantium. Id sint accusamus amet nesciunt. Nam delectus odio ex rerum. Fugiat sint laboriosam accusantium ad aut. Quisquam voluptatem fugit officia aliquid pariatur dolorem. Quia commodi quia autem non cum molestias eaque. Non iure itaque aperiam consectetur doloremque est ex.', 'https://www.manga-news.com/public/images/events/geek-unchained-4.jpg', '2022-02-26 06:05:24', '2022-02-27 08:00:25', 495, 'Débutant'),
(204, 30, 438, 1378, 22, 'et enim perferendis magnam sunt odio', 'Officia voluptatum cupiditate enim officiis aut. Voluptates impedit aut quis quia ut facilis eos. Ipsam aut doloribus temporibus aut vero. Doloremque et alias sed odio nulla. Unde natus maiores accusamus nulla. Incidunt pariatur aut est beatae totam mollitia vitae. Culpa dicta dolores in at consequatur odit et. Et maxime earum dolor voluptatem vel eaque. Libero autem quia cum consequatur est sunt qui. Corporis ea earum eum nihil nihil. Sed ut aspernatur doloremque voluptatem. Laboriosam perspiciatis quae commodi nihil eaque dicta voluptatibus. Aut impedit ut consequatur maxime quia cumque perspiciatis. Assumenda nostrum earum aut at eaque qui. Numquam aut reiciendis velit neque. Qui debitis voluptas dolore mollitia. Rerum quidem sed qui eos voluptatibus.', 'https://www.presse-citron.net/app/uploads/2021/06/netflix-geeked-week-summer-game-fest-2021.jpeg', '2022-04-06 13:31:35', '2022-04-07 02:44:56', 245, 'Débutant'),
(205, 31, NULL, 1339, 25, 'minima perferendis ut aperiam ut non non voluptas', 'Omnis atque quasi quo deserunt. Consequatur impedit quasi commodi distinctio sint qui est. Alias ipsum autem nihil in sunt voluptates. Saepe reiciendis voluptatem soluta et repudiandae porro reiciendis. Recusandae quis optio quia quia explicabo. Optio fugit eos doloremque qui. Cumque optio illum cumque officiis molestiae in. Voluptates magnam ratione quo eaque odit. Nam assumenda animi architecto autem rerum deserunt rerum. Voluptatibus harum suscipit ducimus voluptas illum dolorem. Ipsum atque quo et dolores esse veritatis eum aut. Sapiente ea vel deserunt adipisci suscipit ut. Totam et magni est explicabo est sint. Ratione commodi fugit officiis iure similique odit.', 'https://i0.wp.com/www.nintendo-town.fr/wp-content/uploads/2019/04/H2x1_NSwitch_MortalKombat11_image1600w.jpg?fit=1600%2C800&ssl=1', '2022-01-10 09:42:50', '2022-01-10 09:53:53', 54, 'Tous niveaux'),
(206, 33, 426, 1113, 22, 'dolorem quibusdam ratione deserunt asperiores consequatur', 'Maxime quis dignissimos id. Distinctio maxime eveniet quis. Repudiandae repellendus voluptates doloribus unde magni. Iure facilis velit aut placeat. Quia ut voluptates velit quia facere sunt. Amet aspernatur consequatur qui architecto voluptatem autem. Unde ab magnam consequuntur repudiandae ut reiciendis et. Sit odit a dolores omnis repudiandae placeat. Voluptate debitis vitae et ipsum consectetur ex. Occaecati vitae velit quia quos in temporibus. Dolorem id ut aut voluptatem. Hic sit suscipit est deserunt. Atque dolores modi incidunt dolore eius natus dolores. Totam delectus quidem consequatur unde voluptatem tenetur quae. Eos rem reiciendis fuga provident odit quisquam cumque. Non est id reprehenderit quis et. Odio vitae molestiae distinctio temporibus debitis aut.', 'https://i0.wp.com/www.nintendo-town.fr/wp-content/uploads/2019/04/H2x1_NSwitch_MortalKombat11_image1600w.jpg?fit=1600%2C800&ssl=1', '2022-06-02 08:20:18', '2022-06-03 10:05:19', 430, 'Confirmé'),
(207, 33, 463, 1284, 22, 'ex est odio odit distinctio nemo', 'Aut qui ratione illum accusamus non neque qui. Nesciunt est qui ipsam in et unde. Quia ab accusamus itaque culpa. Cupiditate rerum eligendi est tempore eum voluptate iusto. Repudiandae commodi ducimus quo. Debitis repellendus quod minus. Nostrum exercitationem nihil perferendis ut ipsum. Ex qui deserunt sunt ducimus qui non. Aut quis est et in earum. Qui quo dolore vel voluptas laudantium nobis eligendi. Voluptatum quo eos omnis illo nulla omnis. Ad fugit enim maxime velit libero neque. Animi qui et laboriosam modi eos ut nam. Possimus est vitae accusamus dolores sit et. Voluptatem in facere qui fugit. Aut assumenda assumenda eos et ut et dolorem.', 'https://pbs.twimg.com/media/EECAyk7W4AAQP9w.jpg', '2022-01-14 08:32:05', '2022-01-16 10:43:54', 441, 'Débutant'),
(208, 31, 439, 1189, 24, 'nam rerum laudantium mollitia praesentium quam quaerat magnam fugiat aliquid', 'Enim vero ratione fugiat soluta. Hic facilis maxime et ipsum. Sed voluptas minus culpa aut minima voluptas. Deserunt ut ratione odit dolorem et nemo. Necessitatibus veniam quam ullam eveniet ducimus sed est rem. Aperiam ullam dolore qui velit. Consequuntur rem eos et cupiditate tempora facilis. Ratione adipisci ut quos nemo impedit tempora. Omnis quo qui in non maiores. Qui sint et quam sequi. Fugiat minus aperiam aut blanditiis et optio quis. Incidunt quis velit voluptates voluptatem omnis. Totam nulla tempora itaque aspernatur qui eligendi. Sunt sunt hic itaque nam exercitationem eos deleniti temporibus. Veritatis vel tenetur ullam aut expedita ea et saepe. Consequatur nulla quia quam quo. Quod dicta ratione minima veniam facere.', 'https://www.realite-virtuelle.com/wp-content/uploads/2020/11/pokemon-go-milliard-revenus.jpg', '2022-02-24 07:03:39', '2022-02-25 14:32:32', 149, 'Débutant'),
(209, 32, 469, 1154, 22, 'minus ratione ut', 'Ad et consequatur nisi incidunt. Voluptatem nulla quis nihil quam doloribus voluptas. Incidunt distinctio quod maiores harum odit id. Illum maxime atque nesciunt eaque nobis. Minus qui blanditiis hic voluptatibus sit. Harum voluptas officiis et magni. Doloremque iusto deserunt sed deserunt dolor eos. Rerum eum explicabo iure numquam magni. Reiciendis dolor quos ut modi consequatur. Ut qui non ab amet. Laudantium ea impedit distinctio a qui. Aut nobis eaque voluptatem similique voluptates earum. Vel molestiae velit molestiae saepe et. Ut dicta occaecati cumque qui non molestias aut. Quia consequuntur vero corporis dolor corporis voluptates illum. Ut quidem dicta nesciunt tempore et ullam. Qui neque dolore ratione a. Quo tenetur id et. In est eos aut animi alias autem qui.', 'https://data.1freewallpapers.com/download/dota-2-1280x720.jpg', '2022-07-08 15:38:13', '2022-07-08 22:15:39', 51, 'Confirmé'),
(210, 32, NULL, 1122, 23, 'quis natus autem ea nobis dignissimos', 'Dolorem qui perspiciatis qui voluptatem cum libero maiores. Beatae voluptatem eos et ipsam quaerat. Laudantium animi voluptas et nisi voluptatibus aut. Tenetur nemo nesciunt aut. Aut repudiandae laboriosam repellendus qui fugit similique possimus sunt. Rerum reiciendis eum accusantium omnis illum quo. Doloremque vero aperiam aut hic expedita nesciunt. Enim qui dolorem ut vel doloribus. Voluptatem quo veniam autem nobis quo. Eum at perspiciatis laudantium porro et exercitationem rerum. Dicta magni odio necessitatibus et odit. Debitis laboriosam accusamus dolorem rerum adipisci omnis. Odio voluptatum vel consequuntur quod explicabo. Et sit sequi enim. Sit a repellendus ut repellendus. Quia aut dolore tenetur excepturi sed mollitia molestiae. Aut non et quisquam iure.', 'https://pbs.twimg.com/media/EECAyk7W4AAQP9w.jpg', '2022-01-16 17:20:21', '2022-01-19 02:14:47', 150, 'Intermédiaire'),
(211, 30, 498, 1118, 23, 'iusto vero quo aut ipsum autem omnis quis', 'Autem iusto ducimus quis. Deserunt corrupti nobis in vitae distinctio. Debitis sit qui distinctio adipisci sunt ut ut. Praesentium perspiciatis accusamus placeat assumenda dolor inventore. Et velit aliquam dolores similique et nostrum ea maiores. Tenetur fugit aut eius voluptas sint omnis. Officiis in occaecati non quos. Aut nemo consectetur accusantium dolorem vero. Voluptatem et ut aperiam quis quia aliquid enim. Dolor numquam alias doloremque nihil rerum delectus sed. Non dolores sapiente enim eum aut culpa. Veritatis nemo commodi libero ut ut magnam fugiat. Ut a modi et culpa voluptatum velit quia eos. Voluptatum molestiae impedit adipisci rerum repellat vel. Sunt distinctio qui voluptatem amet neque quod. Explicabo harum ipsam sint omnis nisi numquam.', 'https://www.rostercon.com/wp-content/uploads/2021/09/dcfandome-2021.jpg', '2022-02-23 17:59:36', '2022-02-24 16:42:24', 448, 'Professionnel'),
(212, 32, 403, 1148, 22, 'optio unde error assumenda illum quia libero cum nihil rerum', 'Eaque suscipit reiciendis expedita id nam molestias. Ex nostrum assumenda iste temporibus cupiditate odit. Consectetur nostrum deserunt autem. Non necessitatibus vel voluptatem fuga. Velit deleniti vel sit fugiat. Sit nostrum quibusdam magni repudiandae quos modi perspiciatis. Amet et rerum quidem temporibus quibusdam. Et rem deleniti quod nobis hic nemo. Vel consectetur quos et sed. Doloremque asperiores ut sequi ea. Voluptas praesentium dolores quibusdam autem. Autem alias molestias doloremque voluptatum earum veritatis. Ipsa facilis tempora dolores qui consequuntur soluta dolore. Saepe tenetur similique eos. Ut praesentium dignissimos quisquam et provident odit. Dolorum modi beatae autem dolores vitae pariatur aut. Sequi aut magni nisi quaerat molestiae ut porro.', 'https://www.manga-news.com/public/images/events/geek-unchained-4.jpg', '2022-04-03 23:13:21', '2022-04-04 06:04:48', 197, 'Tous niveaux'),
(213, 32, 431, 1001, 24, 'accusantium et aut', 'Quia mollitia qui facere voluptate eum. Odit vel dolorem autem quia quis exercitationem. Ipsa veritatis ut ratione sit et rerum aliquid incidunt. Iusto aspernatur aut repellendus delectus numquam. Sed consequatur molestias sapiente assumenda omnis sed sit. In non soluta vel nihil rerum iusto laborum. Fugiat nam est quia vero praesentium. Molestias est reiciendis qui aperiam nobis nulla iste. Quia nesciunt asperiores eaque enim. Rerum est blanditiis aut deleniti maiores. Sunt eos dolorem optio doloribus corporis. Qui labore enim aut aliquid illum pariatur est. Voluptate tempore libero dolore qui voluptas eos quis. Est officia nobis voluptatem ut sit dolor consequatur nulla. Non quia quasi similique.', 'https://cdn.akamai.steamstatic.com/steam/apps/851590/capsule_616x353.jpg?t=1631538454', '2022-04-06 17:29:22', '2022-04-09 16:26:48', 348, 'Intermédiaire'),
(214, 32, 430, 1107, 25, 'quidem rerum repellat eaque quia et id recusandae voluptate corrupti', 'Facilis consectetur vero hic est minus ipsa numquam. Adipisci laudantium cum ea optio quia occaecati. Voluptatem maiores omnis exercitationem. Qui quo sit dolores veritatis aut. Enim quo quod eum fugiat nemo. Ut dignissimos eius consequuntur voluptate fuga voluptas non sunt. Corporis itaque qui dolorem est voluptatem hic blanditiis. Provident nobis voluptatem nostrum tempore eos facere quia. Architecto non fugit ipsam est repellendus explicabo. Aspernatur qui corrupti libero a omnis quibusdam rerum voluptatem. Dolorem maiores voluptate vel explicabo numquam est. Voluptate iure exercitationem qui eaque suscipit eaque hic vel. Qui aut ratione aut sint ipsam corporis. Nobis velit odit dolorem impedit.', 'https://www.presse-citron.net/app/uploads/2021/05/koch-media-e3-conference.jpeg', '2022-03-09 09:48:52', '2022-03-09 18:33:26', 131, 'Intermédiaire'),
(215, 33, NULL, 1457, 22, 'voluptates est ipsam laborum', 'Modi assumenda ab minus tenetur ut dolorem dicta. Et facere dolores vitae veritatis ad. Ratione vitae quis voluptatem amet rerum. Ea eaque iure voluptate dignissimos. Voluptate tempore veritatis fuga rerum vero et. Eos dolorem enim voluptas culpa nihil. Non labore dolorem autem incidunt. At aut quia facilis eaque eum deserunt natus omnis. Et sit incidunt odit quisquam quam. Tenetur quia nihil neque dolorem dicta qui. At quos et unde et iusto. Doloremque nihil asperiores minima minus animi aut. Aut voluptas et qui. Aliquam laborum expedita qui cupiditate amet. Deleniti sed impedit quia eos consequuntur quia. Non repudiandae aut adipisci enim. Natus odit quia ut voluptas incidunt assumenda incidunt voluptas.', 'https://i.ytimg.com/vi/gjVtbJkKQbo/maxresdefault.jpg', '2022-06-13 13:22:36', '2022-06-16 11:58:44', 284, 'Tous niveaux'),
(216, 31, 424, 1310, 25, 'assumenda eum sunt est molestiae iusto vel nisi reiciendis', 'Rerum quo deserunt et deleniti delectus consectetur consequuntur. Et pariatur qui iure ut voluptas. Illo eaque atque deleniti. Eaque sed qui vel quos aut assumenda repellat corrupti. Temporibus fugiat et sint. Odit et delectus laboriosam consequatur labore possimus et. Ipsam consequatur totam unde quae perspiciatis debitis. Deserunt facere ad itaque distinctio. Velit molestias et et. Numquam porro laborum non voluptas assumenda esse officia. Incidunt doloribus aperiam id dolores et. Aut ut id laborum qui quis sapiente est. Dolor ea non magni qui. In ex nisi architecto velit. Ratione dolorum sint error quasi voluptates corporis temporibus.', 'https://www.realite-virtuelle.com/wp-content/uploads/2020/11/pokemon-go-milliard-revenus.jpg', '2022-05-12 11:24:16', '2022-05-14 20:39:37', 103, 'Occasionnel'),
(217, 34, 462, 1060, 23, 'itaque voluptate sit', 'Consequatur doloremque est asperiores molestias aut est. Ut perspiciatis necessitatibus fugit non libero iure at culpa. Ut quia molestias et ab dolorum nostrum nemo nihil. Delectus quam est dolor repudiandae laboriosam aut. Consequuntur quis quaerat et sapiente quisquam. Animi vel vero incidunt porro non non. Natus quidem illum occaecati et mollitia dolorem voluptatem. Inventore laborum maiores quo illum. Omnis perferendis qui tempora esse rerum molestiae. Quod molestias aut modi possimus. Et pariatur dolores animi ea ut sint ut. Omnis porro tenetur numquam sed. Suscipit veniam quia sequi reiciendis. Quo quia quidem et tempore sed. Consequatur nulla excepturi culpa unde. Aperiam est eum excepturi unde. Nihil laboriosam aut et rem error ipsa consequuntur.', 'https://www.presse-citron.net/app/uploads/2021/05/koch-media-e3-conference.jpeg', '2022-04-04 15:51:09', '2022-04-06 23:26:14', 183, 'Professionnel'),
(218, 32, 437, 1043, 25, 'et rem id eligendi nisi voluptas', 'Odit consequatur asperiores eveniet cumque sapiente rerum. Officia temporibus eum qui quae sed non sint natus. Commodi quia quia est mollitia. Laboriosam culpa deleniti inventore sit. Blanditiis et voluptatem consectetur. Sed itaque quasi eum. Ducimus temporibus et quia voluptatem quia quis non. Non earum praesentium modi aut. Tempore consequatur voluptatibus non rerum accusamus recusandae. Tenetur modi sunt quisquam pariatur est. Asperiores et molestiae sed nam maxime. Ab ex qui perferendis unde voluptatibus. Repellat nesciunt et dolorem laborum. Amet eveniet quidem hic aut quisquam consequatur aut veritatis. Dignissimos quos quasi aut dolores.', 'https://pbs.twimg.com/media/EECAyk7W4AAQP9w.jpg', '2022-05-03 06:05:48', '2022-05-03 19:00:48', 271, 'Occasionnel'),
(219, 32, 497, 1492, 22, 'quas rerum qui nulla libero molestias est impedit', 'Maiores ea totam vel pariatur explicabo et et. Ut sit hic nemo eaque adipisci culpa placeat. Consequuntur molestiae officiis et sed quaerat. Praesentium voluptatem quis quo fugit. Quibusdam quod sequi totam. Est enim sed laborum ad est. Sint non laudantium consequatur temporibus consequatur. Iste incidunt et id ut pariatur ex eos cumque. Hic omnis fugit alias voluptate omnis debitis. Quae eligendi voluptatum nesciunt molestias magni reprehenderit. Dicta dolorem et placeat tempora nisi rerum. Aspernatur libero aliquid debitis sint sed voluptatem. Placeat facilis aliquam eius commodi veritatis blanditiis qui. Rerum natus laborum consequuntur. Pariatur quo vel quisquam temporibus. Quaerat excepturi eos repellendus et maxime quis rem. Ipsum aperiam sed reprehenderit et.', 'https://i0.wp.com/www.nintendo-town.fr/wp-content/uploads/2019/04/H2x1_NSwitch_MortalKombat11_image1600w.jpg?fit=1600%2C800&ssl=1', '2022-07-01 18:02:27', '2022-07-02 04:49:52', 3, 'Professionnel'),
(220, 35, NULL, 1407, 25, 'id ex quod expedita explicabo tempora molestiae necessitatibus error maiores', 'Quia velit quibusdam dolores nisi eligendi. Aut exercitationem blanditiis suscipit odio et. Libero maiores voluptas molestias sequi cum quaerat laborum. Similique alias omnis non quaerat iusto illo explicabo. Molestiae eos in ut non sit recusandae. Et doloremque voluptatem excepturi sed nihil culpa dignissimos nostrum. Corporis ea porro tenetur cumque aut sapiente sequi. In quasi autem tempore sed est. Non distinctio qui voluptatem labore sed. Dolores doloremque et voluptas neque est. Beatae eaque et non nisi vel. Voluptatum qui omnis vel ut modi. Ut fuga perferendis dolorem officia voluptatum dignissimos. Aut aliquid consequuntur rerum nemo. Fugiat veritatis et labore soluta ea.', 'https://previews.123rf.com/images/microone/microone2006/microone200600047/148520518-board-game-evening-friends-meeting-happy-players-characters-isolated-teenagers-or-adults-playing-car.jpg', '2022-04-15 13:30:29', '2022-04-16 21:57:49', 46, 'Tous niveaux'),
(221, 35, 420, 1212, 25, 'molestiae placeat dolor dolor facilis soluta voluptatibus', 'Consequatur eaque nemo voluptatem aliquid consequatur voluptates quam. Provident corporis esse ut cumque. Omnis quae sint sed quaerat est. Dolores consectetur quidem modi qui voluptates est quis. Nisi debitis ut dolorem dolores et. Doloremque minus hic officia consectetur dignissimos explicabo voluptatem. Id nulla numquam dolorem eos iusto totam et. Illum autem necessitatibus voluptas rem consequatur. Consequuntur adipisci nisi et consequatur assumenda. Deserunt rerum quod quae dolore minus eum. Voluptatem quia enim et iure repudiandae sit sed. Enim doloremque sunt qui reprehenderit. Similique quae eaque est ut ea. Aut est omnis harum sapiente aut eius. Ab debitis eum modi id. Necessitatibus corporis optio molestias quos.', 'https://happydays365.org/wp-content/uploads/2020/05/Geek-Pride-Day-1080x630.jpg', '2022-05-21 02:08:45', '2022-05-21 03:52:28', 99, 'Confirmé'),
(222, 32, 424, 1153, 25, 'libero harum doloremque maxime quam maxime dignissimos', 'Veritatis enim dolorem doloremque et. Est est velit ratione. Quod quia sint quo modi. Necessitatibus eos aut ut iste eos aut. Ab ipsa ut accusantium nesciunt voluptates dolor unde sed. Quos enim fugit earum ex id omnis quaerat enim. Adipisci labore quibusdam odit nihil ipsa. Qui vero itaque dolores et. Blanditiis dolor occaecati occaecati laborum ex nesciunt rerum. Omnis harum quidem qui accusantium et. Saepe dolorem illo omnis dolorum laboriosam. Nostrum ad dolor quisquam eum minus magnam sit voluptatem. Excepturi sequi vel maxime voluptate maxime doloremque laboriosam. Atque sapiente totam quo amet. Voluptas doloribus aut et nesciunt enim. Sit totam sapiente neque nihil voluptatum qui. Omnis molestiae consequatur alias quia. Odit aut rem ut voluptatibus.', 'https://data.1freewallpapers.com/download/dota-2-1280x720.jpg', '2022-04-21 03:37:53', '2022-04-24 02:11:30', 437, 'Débutant'),
(223, 34, 412, 1223, 23, 'id voluptatem et omnis pariatur itaque necessitatibus aliquid impedit est', 'Esse facilis sed rerum quasi quaerat voluptas et. Repellendus ipsam quo aperiam voluptas qui amet ea. Aut maxime rerum et ut vero ea id. Tenetur sit in voluptatum consequatur alias veniam numquam. Animi velit reiciendis ipsa eum. Rerum magni et vero fuga molestiae debitis. Rerum neque vitae sit corporis. Amet voluptas quo minima. Distinctio minima eius aut non voluptas qui. Quia sint et vel voluptas vero. Voluptatem aut et in eius voluptates saepe. Soluta dolorem perspiciatis eum facilis totam nulla quibusdam. Velit a doloribus ipsa et ipsam iste exercitationem voluptatibus. Ex qui molestiae sed eaque dicta. Est veritatis saepe autem vitae consequuntur exercitationem suscipit enim. Ea voluptatum sed nulla commodi nam nesciunt. Consectetur in iure architecto voluptas error.', 'https://i.ytimg.com/vi/gjVtbJkKQbo/maxresdefault.jpg', '2022-06-28 17:09:23', '2022-07-01 02:10:08', 265, 'Débutant'),
(224, 33, 421, 1376, 24, 'est iusto necessitatibus', 'Aut voluptatum illum nobis impedit numquam nihil. Illum molestias perspiciatis molestiae et eos quia. Sint itaque doloremque eum. In asperiores et omnis qui cum. Qui exercitationem sunt quia non ipsam. Porro at molestiae id quis. Et nesciunt ea libero. Dolores et in error ipsum. Non dignissimos minima ratione iure repudiandae accusamus. Repellendus cumque velit molestias. Est voluptatem tempore nisi et tempora. Quis quidem corporis tempora. Id temporibus fugiat dolorem quo. Veniam minima magnam quo in. Soluta necessitatibus et quisquam quibusdam voluptas. Perferendis laborum repudiandae quia. Tempore molestiae ducimus sequi consequuntur et maiores rerum. Adipisci tempore magni reiciendis autem saepe. Enim omnis culpa minus officia eum repellat. Sunt et nulla ut ut fuga eius.', 'https://images.ctfassets.net/s5n2t79q9icq/114xMnrR6RiLD15UxL8LYZ/ca73ec9fe59f654a150b543e05979181/Meta-Homepage.jpg', '2022-06-03 13:33:25', '2022-06-05 16:24:12', 8, 'Tous niveaux'),
(225, 30, NULL, 1309, 22, 'ipsa exercitationem molestiae optio molestiae non accusamus asperiores', 'Non id odit porro et error ut. Corporis placeat fugit culpa magni sed qui blanditiis. Distinctio velit distinctio deleniti error nostrum minima inventore. Ipsa distinctio ipsum aut debitis dolorem perspiciatis maxime enim. Corporis eum voluptatem nemo ipsam cupiditate. Optio sed molestias qui deleniti. Tempore iusto voluptas consectetur ea sint exercitationem necessitatibus. Rerum natus consequatur rerum consectetur soluta eligendi. Eos aliquam est sed dicta. Asperiores commodi maxime saepe necessitatibus. Expedita dolor pariatur pariatur est inventore temporibus laboriosam. Ut doloremque a dicta consequatur rerum. Minus voluptate dolores iure reprehenderit possimus.', 'https://pbs.twimg.com/media/EECAyk7W4AAQP9w.jpg', '2022-01-28 22:49:32', '2022-01-30 00:57:29', 277, 'Débutant'),
(226, 33, 487, 1314, 24, 'eum pariatur dolorem', 'Impedit quo accusantium ex incidunt excepturi reprehenderit. Animi commodi voluptas sapiente odio. Omnis omnis natus laboriosam voluptas aut animi ea. Temporibus ut tempore sapiente vel maiores voluptas. Neque omnis qui adipisci quia. Vero rerum eius eum accusamus dolore quo omnis. Perferendis soluta ad sit occaecati illo quia. Ipsam doloribus repudiandae sed quis autem. Tempore maiores consectetur facilis quo commodi repellendus. Asperiores alias iste accusamus quo. Occaecati culpa harum quibusdam repellat quam et. Repudiandae quia deleniti molestiae delectus fugit facere. Iste perspiciatis consequatur rerum culpa aliquid. Nihil velit corporis aut.', 'https://fr.web.img2.acsta.net/newsv7/20/06/30/12/28/5740456.jpg', '2022-05-31 08:29:19', '2022-06-02 06:27:31', 211, 'Confirmé'),
(227, 35, 467, 1003, 23, 'saepe voluptatem voluptatem delectus quia adipisci illo nobis quo', 'Harum ut quibusdam quas debitis consequatur quisquam qui. Fugit iste nulla doloremque cumque. Velit saepe sed et. Quis iusto quia et et. Non illo non amet doloribus sunt. Dolor possimus placeat maxime enim sed voluptate maxime. Facere voluptatum nihil soluta esse dolores itaque. Unde sed perferendis doloribus suscipit ut amet. Et et quo non id magni. Et consequatur qui repudiandae tempora. Sit tempora quo tenetur in. Earum nihil officiis animi ea pariatur cum. Aspernatur non sunt assumenda doloremque. Quae perferendis qui temporibus eum. Nobis iste aut accusamus aliquam cupiditate. Omnis harum dicta aut dolor et culpa. Non ut fugiat similique recusandae enim mollitia. Sint distinctio ipsum dolorem voluptas. Perferendis et perferendis labore.', 'https://fr.web.img2.acsta.net/newsv7/20/06/30/12/28/5740456.jpg', '2022-01-06 19:13:08', '2022-01-08 12:36:27', 214, 'Occasionnel'),
(228, 33, 408, 1137, 24, 'velit et et', 'Ratione officia quae omnis. Dolorem voluptate sint quibusdam fugiat dolorum. Non tempora natus laboriosam et qui fugiat ut sunt. Inventore laudantium nihil ullam debitis sequi magnam. Ex sed suscipit accusamus accusamus ea. Sint repellat consequatur totam expedita architecto dolor. Porro blanditiis quas ea modi asperiores aut. Quibusdam dolorem quisquam accusantium expedita quaerat voluptas vitae. Omnis minima ducimus distinctio aspernatur perferendis. Voluptas rerum totam animi assumenda quia quisquam. Nesciunt dolor ipsa qui molestiae asperiores at vel. Adipisci quos architecto temporibus vel qui possimus. Voluptates ea provident repellat minima. Qui tenetur quasi facilis doloribus. Commodi quod ea sed labore et quae voluptates. Enim commodi minima occaecati quia iusto esse.', 'https://www.rom-game.fr/multimedia/agenda/211005_videgreniergeekpampuyre2022.jpg', '2022-07-09 11:35:36', '2022-07-12 08:54:15', 146, 'Professionnel'),
(229, 32, 430, 1260, 22, 'vero commodi facere qui voluptas voluptatum hic', 'Doloribus quo dolorem ut quia sed aut laboriosam. Saepe asperiores amet amet aut perferendis. Omnis quia dolor ut dolor sed beatae repellendus. Quam in soluta quo illum. Dolores esse sint pariatur quam et eos. Sint rem quia ea dignissimos laudantium quisquam ad doloribus. Sapiente est asperiores rerum aliquam labore. Est laudantium minima quia vero libero. Ut praesentium fugit harum ut hic. Perspiciatis id sit facere officiis rerum corporis rerum. Rerum quo in rerum quod. Iure eos maiores tenetur animi mollitia. Sed ut dolor facilis et repellendus. Voluptas neque error eos neque.', 'https://www.miraigamers.com/wp-content/uploads/2021/07/Yu-Gi-Oh-Master-Duel-arrive-sur-tous-les-supports-pret-pour-le-Duel.jpg', '2022-06-03 17:59:21', '2022-06-03 23:31:33', 90, 'Confirmé'),
(230, 30, NULL, 1053, 25, 'id quia id nulla ut in esse error omnis velit', 'Ducimus voluptates ad ut rerum aut. Dolorem dicta et commodi similique tempore quia et. Quia distinctio excepturi ut autem. Animi eum veniam vitae mollitia dolor. Ea fugit doloremque non doloremque pariatur. Reiciendis placeat cumque consequatur dolor. Assumenda enim id est unde sequi et nam. Quam repellat numquam impedit et id. Repellat aut architecto odit velit nihil id voluptatem. Animi aliquam sed deserunt nihil veniam nisi ipsam. Sapiente qui inventore ut qui doloremque quia aut. Et explicabo animi unde reprehenderit sit odio tempora provident. Enim suscipit vel vel ullam corporis rerum id. Voluptatibus laboriosam vitae eum nemo. Quis saepe at unde optio. Sunt illum sint similique. Excepturi eaque voluptate est doloribus. Odio sed corrupti iure voluptates eligendi.', 'https://happydays365.org/wp-content/uploads/2020/05/Geek-Pride-Day-1080x630.jpg', '2022-04-02 21:42:53', '2022-04-03 07:24:27', 179, 'Débutant'),
(231, 34, 477, 1039, 25, 'omnis praesentium totam voluptate architecto et dolorem velit', 'Reiciendis veniam quae minima autem deleniti et autem. Id architecto voluptatem fugit nihil explicabo aspernatur et. Enim quis sint eos. Molestiae fugiat earum eum. Ut necessitatibus quia non reiciendis autem pariatur non. Qui id qui quas delectus magnam in. Ducimus ut pariatur blanditiis et rerum. Nihil vel quaerat neque. Laboriosam in ut ea pariatur quod. Voluptates sed maxime error fugit dolores debitis qui. Nostrum quaerat odit asperiores alias accusantium odio placeat aut. Sed quo a quis adipisci neque qui libero. Ut a non fugiat atque excepturi. Et sed non modi alias. Vel qui odit iure recusandae voluptatem tempore. Fugit a voluptatem sunt. Non optio debitis porro. Incidunt laudantium cum architecto dolore rerum.', 'https://data.1freewallpapers.com/download/dota-2-1280x720.jpg', '2022-02-15 21:40:10', '2022-02-15 23:48:34', 345, 'Débutant'),
(232, 33, 436, 1111, 24, 'eius harum quis nostrum cum placeat sint enim et', 'A quae dignissimos id voluptates ut dicta facere dicta. Sit impedit eius autem porro. Itaque nisi ea rerum occaecati. Eos aliquam eligendi veritatis laudantium laborum hic suscipit. Et vitae et nemo. Voluptate ea quia et voluptatem eaque. Porro aut nesciunt molestiae temporibus harum non. Sint sint est debitis cumque possimus ratione similique. Ut sequi quisquam in culpa. Dolorem minima non quos ut quae incidunt. Occaecati ut inventore consequatur commodi ex quos. Praesentium eum est nam dolor. Et et eum aut impedit debitis asperiores. Eum a non ullam et. Hic molestiae beatae et quam saepe laboriosam. Sed quo aliquid et qui dignissimos. Accusantium ut consequatur id officiis. Qui dolorem ullam temporibus dolor eos.', 'https://www.presse-citron.net/app/uploads/2021/05/koch-media-e3-conference.jpeg', '2022-01-21 22:17:25', '2022-01-22 10:40:15', 364, 'Intermédiaire'),
(233, 31, 422, 1094, 22, 'esse voluptas voluptate ut aut et hic', 'Vero dolore eveniet neque vel quia fugiat. Nihil qui ab dicta est. Quidem quo et ducimus eveniet est vero quia reiciendis. Quis aut vitae sunt velit consequuntur voluptas. Beatae mollitia voluptatem quibusdam. Atque enim consequatur adipisci officiis perspiciatis. Inventore quaerat nemo laudantium esse. Corporis consequatur nulla incidunt doloribus. Hic ipsum voluptatem nihil ipsa est omnis ipsum. Possimus natus non eos tenetur aliquam. Alias deserunt eveniet repudiandae voluptatem aut. Sed doloremque accusamus inventore quas accusantium. Et odio hic veniam inventore nam. Qui minima mollitia ipsum nostrum. Cupiditate cum rerum voluptas eum quos. Rerum id necessitatibus excepturi nisi veniam iure aut magni. Repudiandae ex qui dolores et reprehenderit ex. Ducimus sint quis nihil doloremque.', 'https://www.rom-game.fr/multimedia/agenda/211005_videgreniergeekpampuyre2022.jpg', '2022-07-10 00:21:38', '2022-07-11 13:36:49', 216, 'Occasionnel'),
(234, 32, 424, 1211, 24, 'id asperiores ab ex perspiciatis asperiores', 'Tenetur sapiente est libero similique eligendi culpa. Non perferendis sed quasi consequatur. Voluptate provident voluptatem corrupti iste. Aliquid laborum dicta temporibus consequatur suscipit aut. Non necessitatibus fuga qui voluptatem sed. Et omnis at pariatur voluptas consequatur et laudantium alias. Enim sed molestiae quam earum. Qui eos nam magni pariatur. Odit qui quisquam enim enim labore error laboriosam. Nulla corporis harum ipsa a est. Ea asperiores maxime eum enim. Nihil et enim soluta quidem. In qui quia omnis nihil laboriosam exercitationem. Magnam ut et deleniti impedit a deleniti. Labore in sed dolorum est quia.', 'https://www.rostercon.com/wp-content/uploads/2021/09/dcfandome-2021.jpg', '2022-03-27 15:19:38', '2022-03-30 02:12:24', 370, 'Intermédiaire'),
(235, 31, NULL, 1319, 25, 'dolorum sit quod', 'Eaque ratione autem eaque impedit reiciendis. Doloribus ea nihil dignissimos ex. Corporis perspiciatis voluptas atque sint atque ad rem. Perferendis nobis perspiciatis occaecati et modi est. Id incidunt animi rerum consequatur. Sed autem accusantium delectus est et eos dolorem. Ipsam ut hic aspernatur autem. Dolor saepe adipisci eum suscipit. Incidunt dolorem rerum voluptatem et deserunt. Pariatur minima esse magnam est ut et omnis nemo. Rerum qui nihil commodi sit. Assumenda consectetur enim totam sed minima fugiat. Temporibus delectus animi rerum et. Neque qui possimus magnam aut doloremque at omnis. Voluptatem libero minus fugiat est iste.', 'https://data.1freewallpapers.com/download/dota-2-1280x720.jpg', '2022-05-24 16:52:37', '2022-05-25 22:17:39', 417, 'Débutant'),
(236, 31, 427, 1454, 25, 'odio sunt velit consequuntur possimus consequatur', 'Voluptatem in ipsum doloremque velit dolorem minus. Doloribus nemo qui exercitationem. In quae enim blanditiis eos. Accusantium autem qui assumenda eaque vero. Et quia asperiores qui itaque. A nulla et in provident molestias nostrum illum. Eius nobis facilis dolor debitis autem. Est quia accusamus quia sit. Autem maxime cumque exercitationem voluptatem. Quae similique est eum quis ducimus ipsa aut. Libero dolorem ratione soluta eos voluptatem tempore placeat eum. Enim ut voluptates modi in eos. Ad iure et sequi quia eius. Mollitia hic et recusandae laboriosam iusto. Consequatur quaerat qui expedita natus nulla quibusdam. Ut porro provident quidem natus autem veritatis. Voluptate omnis nisi soluta ullam. Maiores doloribus possimus odio. Voluptatem labore quia natus optio sed dolorum neque.', 'https://www.rostercon.com/wp-content/uploads/2021/09/dcfandome-2021.jpg', '2022-06-29 20:57:47', '2022-06-30 11:13:49', 13, 'Débutant'),
(237, 32, 425, 1355, 24, 'assumenda provident exercitationem molestiae quia quo atque laudantium', 'Ratione reprehenderit excepturi aut et ea sint. Non tempore iusto quia doloremque quis repellat. Similique architecto accusantium laudantium ea expedita earum. Illum illum iusto vero magni sequi. Culpa voluptas consequatur nemo magni rem temporibus maiores et. Rem et minus molestias vero. Velit accusamus aut odit facilis rem consequatur aperiam. Et veniam illum dignissimos pariatur quae alias. Repudiandae mollitia repudiandae asperiores ut itaque. Sed minus velit corporis voluptates cumque et aperiam. Quaerat quod qui laboriosam sed. Aliquid ipsa eos qui nemo non quia. Quaerat vero a consequatur. Amet veniam incidunt deserunt sapiente tempore nulla ipsam.', 'https://www.rom-game.fr/multimedia/agenda/211005_videgreniergeekpampuyre2022.jpg', '2022-04-03 16:02:39', '2022-04-06 09:02:41', 63, 'Professionnel'),
(238, 31, 437, 1256, 22, 'ex similique nobis consequuntur sunt dolorem', 'Autem animi ea inventore quis est exercitationem. Ut unde esse qui itaque cupiditate facere earum veniam. Voluptas consequatur incidunt at sapiente non. Aliquam et excepturi sed eos. Earum laudantium minima est beatae nesciunt esse. At sunt consequatur atque aspernatur amet tenetur. Fugit temporibus labore at id voluptates voluptatem tenetur. Aspernatur et velit quia facilis culpa. Eos omnis corporis cupiditate quam est atque. Natus qui perferendis vel laudantium non ea excepturi. Eius labore quos repellendus assumenda. Vero eum possimus sed blanditiis nam veniam. Voluptates ullam tempora rerum id. Molestiae voluptatem totam ipsa aut et consequatur atque quam. Repellendus eos ut et possimus porro ut maiores. Quia voluptas odio voluptatibus omnis.', 'https://fr.web.img2.acsta.net/newsv7/20/06/30/12/28/5740456.jpg', '2022-06-22 07:19:06', '2022-06-23 23:58:45', 211, 'Confirmé'),
(239, 33, 430, 1258, 24, 'autem deleniti possimus doloremque', 'Veniam aut aut in. Repellendus omnis quia voluptas dolor voluptatem perferendis. Molestiae rerum nisi quisquam voluptas esse earum ipsa. Voluptate incidunt occaecati qui vel. Est et et vel nihil fugit. Ut sit sint velit qui omnis delectus. Suscipit qui et ipsa asperiores enim minima. A facilis est perspiciatis vel saepe. Qui sint unde porro architecto aut qui quis vitae. Neque ex neque assumenda sit quaerat ab sit. Iure placeat eum laborum vero qui voluptas saepe cupiditate. Omnis fugiat quae qui atque consectetur ipsam quia. Nemo placeat labore tempora et est accusantium quis. Consequuntur quam voluptate eveniet facilis sed.', 'https://i0.wp.com/www.nintendo-town.fr/wp-content/uploads/2019/04/H2x1_NSwitch_MortalKombat11_image1600w.jpg?fit=1600%2C800&ssl=1', '2022-03-29 21:56:45', '2022-03-31 03:58:43', 285, 'Tous niveaux'),
(240, 31, NULL, 1271, 22, 'aut voluptate adipisci deleniti vel', 'Soluta culpa non est ducimus unde. In iure nemo ut. Minus eveniet ut occaecati repudiandae. Aut corrupti nam inventore laudantium nihil saepe debitis ex. Enim neque consectetur aut sit dolor quo. Aut pariatur necessitatibus eveniet ipsum et. Quae id deserunt sunt quia unde placeat cum praesentium. Similique rerum quo nemo ut aut unde molestias qui. Veritatis voluptatem iure dolores ullam non officia. Ipsam dolores illum fugiat illum nemo. Blanditiis tempora facilis reiciendis nostrum unde magnam dolores. Aliquam aut sequi perferendis fugiat consequatur. Non nihil rem cum dolores. Dicta dolore architecto explicabo soluta omnis distinctio distinctio. Quasi sint et sapiente dolor magnam maxime.', 'https://www.rostercon.com/wp-content/uploads/2021/09/dcfandome-2021.jpg', '2022-06-20 03:02:50', '2022-06-22 20:32:04', 479, 'Confirmé'),
(241, 34, 482, 1228, 24, 'in quia aut porro quam quis consequatur nihil', 'Sint est quaerat exercitationem ipsam quaerat debitis eos. Est hic deleniti dicta vitae ratione sed laborum perferendis. Culpa et laborum quis itaque saepe et dolores quaerat. Eveniet voluptatum magni et nulla. Perferendis enim numquam ducimus quis fugiat. Est omnis voluptas debitis aut sed nostrum. Quibusdam qui temporibus similique iure. Officia qui tenetur beatae hic animi. Tenetur quia quis aliquam accusantium dignissimos provident quod iure. Ut nulla est quod aperiam eum voluptas. Harum expedita fugit incidunt quasi. Quasi non est laboriosam. Velit et quia voluptate velit veniam qui. Aut rerum omnis dolor illo numquam quam ad repudiandae. Esse id temporibus amet et quia. Culpa asperiores aut illum et corrupti quibusdam rerum. Provident voluptatum quia nobis blanditiis quae aut.', 'https://www.poilsdemartre.fr/medias/images/japan-touch.jpg', '2022-04-06 11:11:33', '2022-04-08 01:14:45', 122, 'Occasionnel'),
(242, 35, 490, 1132, 25, 'vero nihil eaque laborum tempora placeat fuga ipsa repellendus magnam', 'Et sunt omnis quidem eum tempore et nam. Qui dolor rerum quod eligendi itaque. Eveniet fugiat similique quia. Eum ut quos laudantium. Voluptates et ut voluptas non quisquam. Voluptatibus iure accusamus nemo harum nihil eos. Quia omnis dolore sed veritatis earum tempora. Quia consequatur qui autem voluptatem. Ipsam eveniet quod magnam eos. Consectetur totam dicta placeat quia. Quasi optio tempora ipsum ea. Et libero id laborum. Dolores voluptatem aut vel omnis iure quidem voluptatum. Quis iusto atque iste non. Assumenda iure et corporis autem tempore. Dolor animi perspiciatis atque eveniet beatae est. Facilis cum similique quasi ex. Distinctio deserunt dolor rem. Magnam quo natus iusto ut. Nostrum et officia aperiam mollitia expedita. Atque voluptatibus sed quas molestiae repellat ut sint.', 'https://previews.123rf.com/images/microone/microone2006/microone200600047/148520518-board-game-evening-friends-meeting-happy-players-characters-isolated-teenagers-or-adults-playing-car.jpg', '2022-07-01 07:48:38', '2022-07-01 15:23:30', 276, 'Intermédiaire'),
(243, 34, 411, 1104, 23, 'et facere amet non', 'Labore asperiores qui corporis vel temporibus excepturi atque. Eius et et provident. In ut ex et omnis et quod. Optio officiis corrupti laboriosam at qui. Nobis omnis vel minus aut adipisci nihil. Sapiente culpa veritatis eos aut pariatur. Dolor eligendi hic ut dignissimos eveniet assumenda. Ut quo sint cum quaerat rerum. Voluptate earum impedit nisi debitis quidem labore ducimus. Est assumenda ea odio. Suscipit accusantium rem unde saepe placeat doloremque excepturi sint. Nulla laborum autem est similique vitae. Delectus vel quae dolor voluptatem fugiat cum animi. Quam quia aut perspiciatis iusto consequuntur nostrum. Quis omnis rerum placeat autem quia dolores hic qui.', 'https://www.presse-citron.net/app/uploads/2021/05/koch-media-e3-conference.jpeg', '2022-02-28 01:26:37', '2022-03-01 04:15:24', 412, 'Tous niveaux'),
(244, 35, 485, 1422, 23, 'rerum expedita aspernatur totam iusto et culpa', 'Cumque illum deleniti est illo veritatis enim quae dolorem. Omnis nostrum voluptatem culpa quos ut. Aut consequatur distinctio inventore quos saepe facilis. Aut nam hic dolorem molestias ut reprehenderit voluptates voluptatem. Velit dolorum sed maiores sunt. Ea tempore accusantium enim. Accusamus et dolorum asperiores et. Saepe at voluptates quam non error. Illum ducimus asperiores rerum ea eum. Et quas ea molestias voluptate vel tempora assumenda. Excepturi dolores dolorem velit molestias exercitationem. Possimus in nihil voluptates qui quasi. Voluptatem cumque ad quae perspiciatis. Quo sit iste mollitia voluptatem autem. Et eius cupiditate tempore ad. Hic voluptas ut explicabo esse esse.', 'https://www.presse-citron.net/app/uploads/2021/05/koch-media-e3-conference.jpeg', '2022-03-09 11:33:44', '2022-03-10 23:01:01', 344, 'Tous niveaux'),
(245, 31, NULL, 1239, 24, 'consequatur quibusdam nulla', 'Quo voluptatum ea molestias quia aut quia similique. Quibusdam inventore nihil qui. Enim enim consectetur autem dicta eos corrupti. Aut non recusandae voluptates est ut debitis deleniti et. Voluptas eveniet iure deleniti odio. Hic doloremque repellat autem qui alias id. Et aspernatur quaerat aut. Qui repellendus laborum nesciunt mollitia eum numquam. Maxime id ducimus delectus temporibus libero excepturi sint molestiae. Animi ab fuga enim sint. Illum ipsum nam eius ut aspernatur rerum hic. Enim sint aut soluta et. Modi qui maiores libero natus consequuntur dolorum. Totam eius ipsam ab quia incidunt natus. Officia provident mollitia voluptas enim quia. Occaecati totam animi veritatis perspiciatis modi magnam. Voluptatem occaecati excepturi natus est. Vel omnis repellat tenetur quia est.', 'https://www.manga-news.com/public/images/events/geek-unchained-4.jpg', '2022-03-19 09:38:59', '2022-03-20 08:08:33', 26, 'Tous niveaux'),
(246, 35, 429, 1376, 24, 'ut eaque sunt natus eum nobis voluptas rerum cum', 'Sed laborum sunt eum quibusdam. Laborum ut porro aut nam tempora. Eius nesciunt temporibus atque libero. Voluptate cupiditate in est beatae. Voluptates temporibus aut et rerum qui. Magni quam non est qui magni quasi sunt doloribus. Molestiae et ut voluptatibus rerum quia. Et qui pariatur et. Aliquam tempora assumenda ipsa cupiditate dolore incidunt. Enim odio voluptatum non voluptatem nesciunt. Deserunt et fugit ratione nesciunt sint tempora. Similique odio rem magni molestiae. Voluptatem quos iusto assumenda molestiae ducimus odit voluptas. Distinctio ut laboriosam doloremque eligendi saepe dolores. Unde quidem placeat assumenda eos unde. Qui repudiandae et sapiente illo voluptas et accusantium.', 'https://previews.123rf.com/images/microone/microone2006/microone200600047/148520518-board-game-evening-friends-meeting-happy-players-characters-isolated-teenagers-or-adults-playing-car.jpg', '2022-06-12 04:47:49', '2022-06-12 10:18:41', 225, 'Professionnel'),
(247, 35, 425, 1377, 23, 'quo veniam tempore amet delectus aspernatur aut repellat porro autem', 'Maiores et similique ipsa velit in. Doloribus aut voluptas ut quia quis qui. Aliquam aut est autem voluptatem doloremque nobis voluptatem. Eum autem est commodi itaque qui eos necessitatibus. Consequatur velit facere dolor saepe. Dolor rerum blanditiis omnis explicabo dolore sed. Ut quaerat odit aspernatur accusamus suscipit. Quaerat molestiae asperiores rem sit et. Rerum est dolores quisquam sunt quia et qui magni. Ut sit et fugiat quaerat consequatur. Dolores blanditiis porro aut nihil in magnam. Illo odio inventore aut minima. Sit dolore qui enim modi non magnam. Eaque eveniet qui repellat ipsam.', 'https://happydays365.org/wp-content/uploads/2020/05/Geek-Pride-Day-1080x630.jpg', '2022-06-08 13:41:21', '2022-06-11 08:27:48', 283, 'Confirmé'),
(248, 32, 485, 1141, 24, 'facere omnis molestiae officia sit eaque pariatur maxime ut et', 'Numquam fugit odio et neque quia quia corrupti. Aut quam asperiores quia. Et qui aut dolor laudantium ut quo rem. Exercitationem nihil qui quibusdam et blanditiis aut. Itaque ut aliquid tenetur error mollitia quasi. Necessitatibus ut asperiores unde sit corporis sed porro. Quisquam asperiores maiores doloremque ut qui ipsa. Similique magnam voluptatem molestiae et. Iste enim molestias id tenetur tempora nisi necessitatibus. Dolores fuga qui ducimus dolorem quam. Nihil perspiciatis et nobis aut cumque. Tenetur saepe et eveniet voluptates optio. Dolores magnam id ex ut. Odio numquam quod porro at sit non. Et nulla nihil officia sunt dolorem dolore facere. Aliquid vel hic nihil voluptate. Sint ea repellat cum iste sequi illo voluptas. Maxime accusamus labore ipsam molestias sequi omnis cum.', 'https://www.rom-game.fr/multimedia/agenda/211005_videgreniergeekpampuyre2022.jpg', '2022-05-02 10:15:04', '2022-05-04 09:33:17', 402, 'Confirmé'),
(249, 33, 469, 1187, 24, 'error consequatur veniam odio', 'Provident odit natus ex ducimus omnis quia pariatur. Quia minus voluptatum culpa et vitae laudantium deserunt. Assumenda dolorum totam et ut error ratione. Cupiditate minus vel distinctio consectetur delectus minima. Cum ex quisquam sunt aspernatur perspiciatis. Nisi est necessitatibus sequi magni dolorum laboriosam. Voluptatem eos quasi fuga ut accusantium eveniet qui dicta. Quas error suscipit aut voluptate aut vel aliquid veniam. Inventore animi alias explicabo autem magnam tenetur ab quia. Et quae perferendis libero amet laudantium dolore ipsum ad. Voluptatem expedita et et sunt. Maiores repellat voluptatem tempora consequuntur impedit molestiae sed. Distinctio molestiae laudantium ut et.', 'https://previews.123rf.com/images/microone/microone2006/microone200600047/148520518-board-game-evening-friends-meeting-happy-players-characters-isolated-teenagers-or-adults-playing-car.jpg', '2022-06-13 03:04:13', '2022-06-14 16:23:28', 493, 'Intermédiaire'),
(250, 33, NULL, 1338, 22, 'aut est pariatur facilis', 'Laudantium autem omnis deleniti maxime ut modi sit. Dignissimos placeat magnam autem. Labore quisquam accusantium voluptatem quia necessitatibus odio quis maxime. Dolorem molestias sit necessitatibus magni et distinctio fugit. Explicabo esse est dolores aliquam velit dolorem saepe doloribus. Odit esse aut quia corporis impedit. Optio omnis veniam soluta iusto aut hic. Alias a praesentium incidunt aspernatur. Est voluptatibus tempora ut aperiam. Incidunt qui quisquam non quibusdam aut sequi modi. Nulla et suscipit architecto est similique ut sit. Provident sed rerum animi optio. Ab tempore optio inventore fugit autem laboriosam deserunt et. Incidunt iure sed qui aut. Atque voluptatem inventore maiores qui quibusdam at. Est laudantium ad inventore delectus sed odit iure.', 'https://img.redbull.com/images/c_limit,w_1500,h_1000,f_auto,q_auto/redbullcom/2019/11/08/fc0f91de-3998-4be5-b50e-96d8d9e0cd45/lol-10-ans-league-of-legends', '2022-03-15 01:16:48', '2022-03-15 16:36:39', 123, 'Intermédiaire'),
(251, 32, 442, 1323, 25, 'ut eos et consectetur', 'Nobis ut et sit dolor omnis earum voluptate repudiandae. Vel eligendi beatae est molestiae quibusdam culpa ipsum. Mollitia quia nulla ut et. Aspernatur ea qui odit explicabo quis magni est. Exercitationem sed perspiciatis quo facere magni. Temporibus eum consequatur voluptas molestiae. Quis maxime non autem nobis aliquid. Voluptas expedita aperiam corporis voluptas tempore. Voluptas omnis beatae non neque exercitationem aut. Dolor molestiae iste a ex. Ut quidem quas quisquam enim sequi distinctio totam. Consequuntur quasi vel illo. Corrupti et placeat omnis. Ut aspernatur et commodi dolorum itaque. Ut alias quia et sint nihil minus provident. Autem autem est nisi assumenda et vel.', 'https://www.manga-news.com/public/images/events/geek-unchained-4.jpg', '2022-04-26 17:25:58', '2022-04-27 22:28:11', 388, 'Confirmé'),
(252, 30, 411, 1467, 24, 'dolorem eos vero', 'Nemo ut est sed rerum nemo cupiditate quibusdam nihil. Quas iste qui molestiae reiciendis qui iusto ex praesentium. Voluptate ipsum perspiciatis molestiae itaque similique consectetur. Odio dolorum libero id illo est qui. Sunt laboriosam possimus non accusamus fugit rerum quo. Nam quisquam sunt culpa voluptatum velit. Nisi corrupti expedita et et. Dolorum cum voluptatem voluptas hic praesentium et est. Odit dolor voluptate provident at rem laboriosam. Dolor itaque dolores architecto quaerat ut. Nemo rem assumenda est et. Recusandae non recusandae qui sed et voluptate. Nostrum temporibus nam aliquid illo rem a pariatur. Voluptatem enim aut eos non provident. Atque id id dignissimos quo vero non voluptatem.', 'https://i.ytimg.com/vi/gjVtbJkKQbo/maxresdefault.jpg', '2022-03-09 15:03:53', '2022-03-09 15:57:56', 371, 'Débutant');
INSERT INTO `event` (`id`, `category_id`, `place_id`, `owner_id`, `activity_id`, `name`, `description`, `picture`, `start_at`, `end_at`, `capacity`, `game_level`) VALUES
(253, 32, 467, 1061, 25, 'itaque expedita commodi corrupti', 'Nisi sunt maxime eius et enim aut repellendus. Est quidem et quo. Error labore suscipit exercitationem eos cum. Repudiandae officia quo voluptate porro quis. Qui rerum exercitationem facere sint omnis. Harum et quidem aut aperiam. A quas doloribus voluptas exercitationem assumenda. Eos nobis dolor vero magnam iure ut ratione. Expedita quo vitae voluptas aperiam. Quia porro veritatis minus voluptatem recusandae aut architecto. Accusamus ea illo pariatur necessitatibus blanditiis rerum. Cumque et et earum commodi unde autem quae. Blanditiis aut impedit ab eos nisi qui sit. Architecto ea amet dolor maxime eos est. Consequuntur eum aspernatur eaque quo eligendi aperiam. Nihil cumque sit ex asperiores. Impedit molestiae voluptas ut sit quidem.', 'https://www.rostercon.com/wp-content/uploads/2021/09/dcfandome-2021.jpg', '2022-03-01 02:38:23', '2022-03-01 05:27:07', 379, 'Professionnel'),
(254, 31, 435, 1124, 23, 'placeat quia aut inventore quibusdam ut autem et atque est', 'Enim ex vel dolorum ut. Est qui voluptate molestiae ad ipsa. Qui dolor error dolores nihil et dolores. Ipsa et qui qui natus. Veniam qui qui consequatur. Aut doloribus omnis nam et. Quo rerum quae enim nobis. Atque facilis minima voluptatem doloribus accusamus placeat earum. Qui cumque molestiae quia illum eligendi ut. Nam voluptatibus autem quo dignissimos est rerum. Quam occaecati ducimus est veniam totam veniam. Quo qui iure neque. Nemo ea molestiae officia facere mollitia. Veritatis consequatur odio nostrum dolore. Laudantium perferendis corporis inventore enim est sed libero eius.', 'https://data.1freewallpapers.com/download/dota-2-1280x720.jpg', '2022-04-30 03:11:18', '2022-05-02 02:23:40', 121, 'Professionnel'),
(255, 34, NULL, 1167, 23, 'eum similique asperiores veritatis', 'Rem aut architecto in unde ratione exercitationem. Explicabo similique quaerat consequuntur quasi quos vitae eos. Consequuntur id consectetur modi rem quia doloribus illum a. Accusamus rerum beatae qui et fugit omnis et iste. Vitae rerum est odit deleniti sed doloribus. Excepturi non alias blanditiis eos pariatur qui. At facilis voluptatibus non expedita. Nesciunt quisquam doloremque et excepturi culpa id dolores. Nesciunt beatae dolor et adipisci quos aut. Ea rerum eos quia. Ab sed facilis nesciunt quis maiores quibusdam ipsam. Itaque maxime nesciunt doloribus vero consequatur non dolorem. Unde aliquam totam est laborum quaerat tenetur voluptatem. Vel sequi a distinctio expedita.', 'https://www.realite-virtuelle.com/wp-content/uploads/2020/11/pokemon-go-milliard-revenus.jpg', '2022-04-18 15:02:41', '2022-04-19 05:17:40', 430, 'Tous niveaux'),
(256, 35, 470, 1389, 25, 'fuga error quia commodi adipisci non', 'Occaecati numquam rerum recusandae dolores et. Magni enim fuga fugiat explicabo accusantium perferendis. Pariatur dolor tempore et doloribus. Corporis nostrum iure quo eos consequuntur et. Magni voluptatem laborum sint. Aut est ut sit omnis. Et ab quia doloribus soluta. Eum eius perferendis qui. Qui sequi neque voluptates. Aliquid fugiat sint qui cumque deserunt. Non omnis distinctio est quis voluptatem est. Voluptatibus quis suscipit qui et. Ipsa laboriosam laudantium neque illo et consequatur impedit quia. Voluptatem atque maxime magnam possimus quas. Libero aut est quas delectus quod. Laborum rerum placeat minus sunt. Cumque quas voluptatem consequuntur doloribus. Doloribus aut assumenda dignissimos quis placeat voluptas. Dolores nisi quis natus et quidem excepturi.', 'https://www.presse-citron.net/app/uploads/2020/04/e3-online.jpg', '2022-03-27 13:26:57', '2022-03-30 11:31:11', 484, 'Tous niveaux'),
(257, 31, 453, 1341, 24, 'nam aut autem voluptatem voluptatibus in illum', 'Amet dolorem amet quam dolor sapiente quia labore. Voluptatibus temporibus beatae iste sed quam eum. Ut placeat sed qui occaecati quod aliquam. Impedit eos aliquam a voluptatem magnam. Ex ut sapiente et voluptas ipsam nobis. Ullam et ipsa aspernatur non enim. Ipsum sit similique doloremque non dolorum et occaecati. Eum occaecati sed minima voluptatum beatae sed. Voluptas illo praesentium deserunt minus aut earum. Ullam ut accusantium impedit qui hic. Quae omnis deleniti accusamus rerum deleniti sed perspiciatis. Dolore et ratione recusandae quae magni. Quo earum nisi occaecati. Non quia quaerat in vel laborum. Ducimus voluptatum optio cumque temporibus ipsum iure reprehenderit.', 'https://fr.web.img2.acsta.net/newsv7/20/06/30/12/28/5740456.jpg', '2022-05-24 05:30:15', '2022-05-24 08:25:52', 383, 'Intermédiaire'),
(258, 35, 476, 1327, 22, 'quia sint qui', 'Possimus sed commodi amet ad. Facilis similique reiciendis enim qui quam. Sit sed nostrum temporibus vero quia. Aliquid ipsam aliquid rem hic. Possimus qui magnam suscipit dolor. Quos nulla eum numquam officia commodi. Autem quae quis repellendus ea nulla dolorem perspiciatis. Doloribus sunt nulla dolores rem magni voluptatem. Et ut dolorum earum. Fugit eos voluptas id error unde est. Quidem iste qui ut ea voluptate. Et autem soluta error dolorem qui dolor quia. Quod sed perferendis omnis nihil laborum id consequatur tenetur. Iure qui consequatur enim. Cupiditate et repudiandae nam est quisquam. Ex reiciendis dicta quia et molestias tempora dolorem. Et est et corrupti aut. Id fugiat explicabo accusamus minus aspernatur rerum aut odio. Quia at sed fuga cum beatae dolore.', 'https://www.poilsdemartre.fr/medias/images/japan-touch.jpg', '2022-03-15 01:23:39', '2022-03-15 07:03:12', 376, 'Débutant'),
(259, 30, 455, 1172, 24, 'qui sit in accusamus voluptate', 'Et explicabo et incidunt voluptatem dolor veritatis. Et expedita debitis distinctio cumque. Voluptatibus eius magnam molestiae dignissimos illo voluptate dicta. Vel eos nihil est accusamus dolor officiis sint. Suscipit repellendus possimus excepturi in. Minima ad temporibus nesciunt animi sed a et. Mollitia ut quia fugit. Et earum dolores minima laboriosam. Eos recusandae soluta doloremque ullam nam. Quis est ut dolore earum et id placeat. Doloremque nostrum et est nesciunt. Dolorem porro quod consequatur minus sapiente. Voluptatibus ea praesentium sit iste. Dolore voluptate distinctio at magni ea velit. Ipsa aut ab optio et ab sed ipsa. Sit qui perferendis eos rerum voluptatem. Laboriosam quia eveniet quasi sit. Id eveniet a veritatis alias rerum incidunt. Sed vel harum soluta non.', 'https://www.manga-news.com/public/images/events/geek-unchained-4.jpg', '2022-07-04 07:49:53', '2022-07-04 11:09:48', 238, 'Professionnel'),
(260, 33, NULL, 1379, 22, 'laudantium est sapiente eos quasi minus iusto eum', 'Aspernatur voluptatem et commodi beatae ducimus labore corporis blanditiis. Eum quia omnis sit qui et voluptatem. Expedita facilis quia ut excepturi ut totam vero. Voluptatem nam odio porro voluptate ducimus odio. Assumenda at eum quibusdam quis. Enim nisi sed cumque et consequatur qui id. Et rem quibusdam unde alias nulla vel itaque. Ipsam quaerat dolor exercitationem dicta nulla dolor iste eum. Nobis minus aut ut qui minus quis consequatur eaque. Eveniet provident dolor quia minus provident. Velit in quaerat cum ut quisquam numquam ipsum. Maxime sapiente unde natus voluptas. Voluptas nam ut est aliquam atque rerum provident labore. Magni aut in eum omnis tempora. Et dicta incidunt id. Odit omnis explicabo velit voluptas soluta fugit velit.', 'https://previews.123rf.com/images/microone/microone2006/microone200600047/148520518-board-game-evening-friends-meeting-happy-players-characters-isolated-teenagers-or-adults-playing-car.jpg', '2022-03-12 21:02:35', '2022-03-15 16:28:43', 184, 'Occasionnel'),
(261, 35, 457, 1031, 23, 'enim quidem rerum similique ut in ad ad', 'Doloribus ratione commodi recusandae autem laborum. Id aliquam quis cumque illo magnam. Corrupti sed nobis ea qui quam. Iusto nobis cum dolor laudantium aut cum ullam temporibus. Nulla in est ut nemo similique quisquam. Explicabo nihil non in non. Suscipit et voluptas nulla maxime temporibus ut. Dignissimos nihil quam minima accusantium corrupti. Qui cupiditate quia ullam molestiae a. Repellat assumenda unde enim pariatur voluptas in. Aperiam nobis eum consequatur aut doloribus quibusdam officia. Qui blanditiis praesentium voluptas omnis perspiciatis. Dolorem ut sapiente est cumque. Perspiciatis totam et minus qui provident voluptate. Incidunt placeat deleniti enim iste quia. Esse ipsa error ullam voluptas.', 'https://www.presse-citron.net/app/uploads/2021/05/koch-media-e3-conference.jpeg', '2022-04-19 06:18:09', '2022-04-20 09:28:36', 249, 'Intermédiaire'),
(262, 32, 463, 1229, 24, 'optio expedita amet sunt', 'Blanditiis asperiores quas dolore dicta illum. Perferendis voluptas at dolorum expedita aut voluptate. Quia incidunt recusandae laborum ut et enim quo. Quis fugiat est dicta. Consequatur aut dolor quia ipsa magni. Perferendis aliquam in soluta velit. Asperiores esse dolor consequatur. Voluptatem sapiente nobis alias error rerum et beatae. Cum expedita saepe excepturi veniam a eveniet. Explicabo aut rerum in eos et cupiditate. Eos est debitis et qui aut iure. Consequatur quod amet qui porro. Reprehenderit est vel sapiente repellat dignissimos molestiae. Assumenda molestiae asperiores voluptates. Ab nihil ipsum officiis commodi. Optio assumenda reiciendis ratione nemo porro sint. Quia iusto architecto rerum aut libero sit. Similique sequi est odit eius quo fuga. Ut aperiam illo nam.', 'https://i.ytimg.com/vi/TFZacjKUlic/maxresdefault.jpg', '2022-07-02 22:34:41', '2022-07-02 22:54:30', 265, 'Intermédiaire'),
(263, 32, 416, 1314, 23, 'est atque exercitationem itaque voluptatem', 'Provident consequatur sunt quam omnis quia ea. Esse id dolorem tempora dignissimos quia sapiente asperiores. In voluptas dolorem est quidem mollitia. Aliquid laudantium dolor voluptatem accusantium accusamus. Atque est tempore necessitatibus mollitia eum asperiores. Perferendis minima occaecati voluptas alias voluptatem facere. Provident rerum in animi. Delectus suscipit ipsam vero sint quasi. Aliquid esse eos saepe voluptatem. Aut et quia voluptatem maiores vero velit. Sed ab laudantium omnis enim exercitationem sapiente aperiam consequatur. Et enim corrupti exercitationem voluptatem ut eius.', 'https://pbs.twimg.com/media/EECAyk7W4AAQP9w.jpg', '2022-02-04 03:29:36', '2022-02-05 08:21:51', 28, 'Intermédiaire'),
(264, 35, 425, 1211, 25, 'consequatur aut aspernatur voluptatem eaque illum voluptatem est', 'Vel qui quam pariatur occaecati quaerat. Similique autem eius explicabo ea laboriosam iste. Doloremque veritatis dolor error laboriosam eligendi minima fugiat. Veritatis aliquam fugit minima accusamus facilis. Dolor in necessitatibus magnam quod. Omnis aut dolore error non aut saepe. Provident earum excepturi doloribus deserunt. Dolor quia dolores enim est laborum. Ducimus ea eius quis est doloribus. Eum nobis fugit deserunt minima. Ratione maxime voluptas ea consequatur ipsam. Rerum optio ducimus libero voluptatum. Consectetur accusantium eos quia nihil totam ad laudantium explicabo.', 'https://i0.wp.com/www.nintendo-town.fr/wp-content/uploads/2019/04/H2x1_NSwitch_MortalKombat11_image1600w.jpg?fit=1600%2C800&ssl=1', '2022-02-27 11:55:11', '2022-03-01 22:54:39', 398, 'Débutant'),
(265, 31, NULL, 1414, 25, 'distinctio esse quaerat pariatur assumenda corporis nostrum beatae', 'Ut eos impedit qui dolores. Totam quo explicabo sint nihil et voluptatem. Et saepe et nesciunt voluptatem assumenda. Autem perferendis voluptate earum culpa. Dolorem culpa esse repellendus ut aperiam aut. Ab hic tempore quia autem. Autem nam nihil et et. At laudantium quas harum quas numquam laborum. Tempora aut commodi fugit laboriosam exercitationem consequatur. Enim doloremque rerum dolores praesentium illum delectus. Est rem cumque sit harum reprehenderit omnis laborum dicta. Impedit officia nemo accusantium et voluptate numquam soluta. Dolorum fuga voluptas alias quia est. Unde velit assumenda aperiam suscipit ducimus perspiciatis dolores. Aperiam deleniti et omnis nostrum architecto odio.', 'https://i.ytimg.com/vi/TFZacjKUlic/maxresdefault.jpg', '2022-06-12 16:32:41', '2022-06-13 16:04:12', 326, 'Confirmé'),
(266, 33, 462, 1148, 24, 'ullam libero non quo quis et', 'Omnis modi quod iusto culpa nihil. Aut dolorem maxime alias magni reprehenderit aliquid. Voluptatem voluptatem quas qui eius et. Quisquam quae dolore reiciendis voluptas. Omnis similique quos est ut explicabo et debitis commodi. Vero molestiae quia architecto. Commodi nihil velit quia qui voluptas ducimus expedita. Occaecati quidem sed quisquam voluptates eligendi dolores occaecati. Ratione consequatur vel aliquam id non sed eligendi. Molestiae dolorum occaecati eos fugit maxime necessitatibus tempore eveniet. Magni quia quaerat optio et occaecati omnis eius sit. Suscipit quos amet aut voluptas. Nostrum recusandae qui nihil consequatur non. A iusto aut nisi dolores molestiae vel.', 'https://previews.123rf.com/images/microone/microone2006/microone200600047/148520518-board-game-evening-friends-meeting-happy-players-characters-isolated-teenagers-or-adults-playing-car.jpg', '2022-01-26 21:24:10', '2022-01-28 11:43:22', 208, 'Professionnel'),
(267, 35, 448, 1081, 24, 'reiciendis illum explicabo et qui consectetur', 'Voluptatem ut voluptatem possimus soluta. Dolorem dolorem autem deleniti quia quae voluptas illo. Nostrum quasi alias neque possimus. Ut sed et et quisquam. Cumque voluptas nisi delectus quo. Facere cumque quia qui et rem. Soluta ut quia sed voluptates. Cum quam aperiam debitis quia voluptates non. Reprehenderit unde enim recusandae blanditiis. Suscipit quos illum quo commodi praesentium recusandae non enim. Est neque odio voluptas id officiis perspiciatis maxime ut. Ipsam velit culpa repellat explicabo. Possimus laboriosam quia asperiores et sed. Sit molestiae blanditiis quisquam sint eos odio sit consectetur. Aut natus aut et necessitatibus expedita.', 'https://cdn.arstechnica.net/wp-content/uploads/2021/07/legend-of-zelda-nes-gold-800x450.jpg', '2022-06-19 14:01:12', '2022-06-20 13:05:25', 52, 'Intermédiaire'),
(268, 30, 427, 1138, 22, 'placeat consequuntur ad sunt numquam voluptatibus explicabo autem corrupti commodi', 'Quam et excepturi qui minus voluptas et id numquam. Soluta earum qui adipisci enim eos. Doloribus at voluptas cumque veniam culpa. Cumque dolor facere deleniti incidunt. Voluptatibus nisi dicta quis at velit. Dicta eum officiis qui sit quos non illum. Alias sunt similique dolorem veniam atque vel. Aliquid et dolor rerum et. Impedit impedit dolorum et fugit ut. Sapiente eos voluptatem sequi nihil. Ea excepturi tempore aut nihil dolores. Est et vitae veniam cupiditate rerum. Corrupti aut fugiat mollitia totam ut aut sed. Cum ducimus praesentium nam repellat. Vitae reiciendis praesentium perferendis velit est vero ut earum. Quasi perspiciatis quibusdam in nihil deleniti.', 'https://cdn.akamai.steamstatic.com/steam/apps/851590/capsule_616x353.jpg?t=1631538454', '2022-06-02 23:46:40', '2022-06-05 21:06:20', 375, 'Confirmé'),
(269, 31, 461, 1474, 22, 'culpa quod pariatur qui vitae quia ullam possimus molestias magnam', 'Natus non temporibus nobis eius illum libero. Molestiae possimus est expedita unde quod. Quia qui in perferendis consectetur doloribus. Veniam provident sunt id et commodi beatae. Excepturi id a ullam cum ea aut a. Consequuntur voluptatem molestiae molestiae ducimus. Impedit quia corrupti adipisci dolores repudiandae dolorem. Quasi nam ad dolores rerum. Est recusandae quia totam excepturi laboriosam. Fugit enim molestiae aut quam omnis nam voluptatem. Dicta aut est sint. Exercitationem explicabo odit est nemo quia voluptate. Magni cumque inventore accusantium est. Dolorem ratione eius et architecto ut assumenda. Reiciendis consequuntur voluptatibus aperiam numquam modi et quis.', 'https://www.rostercon.com/wp-content/uploads/2021/09/dcfandome-2021.jpg', '2022-02-28 16:45:09', '2022-03-02 00:34:59', 353, 'Professionnel'),
(270, 32, NULL, 1063, 25, 'hic vel quia accusamus', 'Ullam sed quasi culpa provident. Minus enim autem omnis consequuntur soluta. Iste corrupti repellendus laboriosam non qui inventore similique. Dolores et ut modi illo sint vel excepturi. Et voluptas nulla repudiandae et. Aut delectus ut voluptatem vel voluptatem. Facilis adipisci et vero aut animi. Adipisci vitae consequuntur consequuntur in dolor. Quia nobis voluptatem ut exercitationem rerum eos. Officiis corporis magni ut omnis exercitationem et in. Blanditiis provident excepturi consequuntur incidunt repellat. Ab aut veritatis ut quam. Sequi adipisci nam est ipsa nostrum. Accusamus iure neque autem qui ab ut. Deleniti suscipit natus velit reprehenderit veritatis amet dolorum. In iusto dolores quod est soluta ut. Aut beatae aut aliquam error.', 'https://www.poilsdemartre.fr/medias/images/japan-touch.jpg', '2022-03-17 23:52:20', '2022-03-18 02:48:13', 465, 'Intermédiaire'),
(271, 35, 477, 1373, 25, 'debitis quam nihil rerum quia et atque sunt vitae', 'Architecto minima aut repudiandae quaerat debitis impedit eligendi. Dolores magnam quas deserunt labore. Et autem laborum ipsa labore. Sit ducimus iure soluta ut laboriosam. Et cumque magnam aut. Beatae perferendis non et illum. Nihil dolorum cum quia asperiores. Rerum soluta aut sint odio at dignissimos. Vel est ipsam qui laudantium minus quisquam qui. Ut quibusdam quis enim illum alias blanditiis voluptatem. Et est ut temporibus porro mollitia. Corrupti ut vel incidunt deleniti ex. Eos sunt eos ducimus magni. Cum minima praesentium est odio libero. Incidunt unde qui iste excepturi voluptatem voluptatem nobis illum. Ut blanditiis quia blanditiis quia. Veniam placeat magnam distinctio et occaecati velit. Ex et consequatur quae quia perspiciatis et impedit. Et explicabo omnis iste velit.', 'https://previews.123rf.com/images/microone/microone2006/microone200600047/148520518-board-game-evening-friends-meeting-happy-players-characters-isolated-teenagers-or-adults-playing-car.jpg', '2022-06-06 02:46:20', '2022-06-08 00:36:07', 390, 'Tous niveaux'),
(272, 33, 415, 1280, 24, 'aut magnam officiis deserunt et eos odit non', 'Cum voluptatem qui et rerum ipsa. Beatae quos aut est dolore nisi. Et non rerum quam sed id cum eligendi aperiam. Aut facere inventore nobis delectus nostrum et. Odit dolores nihil est in dicta reprehenderit earum. Voluptatum iure magni rem quia sunt fugiat. Qui inventore nihil aut in similique ut. Sint fuga facere ad labore. Sed at dolore delectus quae amet. Illo dolor et dolor eligendi. A voluptatem ut architecto officiis recusandae repellendus sequi nulla. Omnis repellendus accusantium dolores magni voluptatem minima. Alias rerum sunt id temporibus omnis quam saepe. Ut et voluptatibus eligendi est velit fuga ut. Quisquam saepe voluptatum sit. Eos quia deserunt sequi ullam quia sint eveniet.', 'https://www.realite-virtuelle.com/wp-content/uploads/2020/11/pokemon-go-milliard-revenus.jpg', '2022-07-09 11:18:42', '2022-07-11 21:47:21', 144, 'Intermédiaire'),
(273, 34, 423, 1194, 23, 'iure ut vitae est et voluptas suscipit laudantium', 'Voluptates nulla iusto fugit consequatur optio labore. Et enim eius quisquam. Iure porro omnis dolor cumque. Beatae quo quasi mollitia nam animi. Qui consequatur qui necessitatibus ea esse eos dicta odit. Minima rerum voluptatibus commodi non. Eos enim porro ratione nobis quas. Et nemo sit nobis expedita quisquam molestiae. Quis alias accusamus dolore eius magni omnis. Cum cupiditate sed aut eligendi laudantium. Ad assumenda omnis aliquid culpa. Fugiat sit eaque aut libero. Dolorem sit cum cumque voluptatem. Porro consectetur dolorum sit sint omnis quia rerum. Molestias tenetur quo eum inventore et. Quo ducimus architecto molestias vitae hic. Praesentium rerum et cum sed. Nihil fugiat iusto totam explicabo dolores et iure totam. Ad voluptatibus corporis perferendis et ut aut et.', 'https://www.rostercon.com/wp-content/uploads/2021/09/dcfandome-2021.jpg', '2022-04-26 17:40:04', '2022-04-28 18:22:49', 372, 'Intermédiaire'),
(274, 33, 479, 1149, 25, 'incidunt rerum magnam', 'Quo laudantium ut assumenda illum et laboriosam aut. Tenetur corporis voluptas earum temporibus est nostrum. Excepturi a et repudiandae atque mollitia deserunt et. Fuga sunt nihil iure omnis est. Doloremque maiores id culpa iusto ut vero ducimus. Fugiat inventore molestiae nihil nihil ut veniam. Aperiam vitae et quidem aspernatur. Doloremque et omnis praesentium minima doloribus. Veniam velit optio necessitatibus aut ad. Accusantium sed assumenda qui tempore facere quas. Et quia sit et nemo. Dignissimos nobis fugit mollitia rerum ipsam sit velit. Est non laboriosam qui possimus deserunt odit. In voluptatem tempore beatae vero aut veritatis. Tempore et et quis sed et rerum voluptas. Molestiae sit inventore deserunt in. Aut commodi in qui voluptatem porro cumque. Magnam ut labore explicabo.', 'https://happydays365.org/wp-content/uploads/2020/05/Geek-Pride-Day-1080x630.jpg', '2022-04-01 13:58:21', '2022-04-02 04:49:07', 278, 'Intermédiaire'),
(275, 33, NULL, 1450, 23, 'nemo blanditiis excepturi minima nisi dignissimos voluptas laborum recusandae', 'Aut debitis ratione et reprehenderit qui error et ut. Sapiente qui ut voluptatem sunt ipsa voluptates voluptatem rerum. Sunt dolor harum numquam et voluptatibus voluptatem natus. Animi magni rerum in quos sit sunt quam. Nihil adipisci rem nobis laborum. Molestiae laboriosam et suscipit nulla sapiente. Maxime et ad non tempora vel. Magnam excepturi voluptatem dolores nihil. Dolores enim in a cumque. Ut aliquam sunt eius est vel sit itaque et. Rerum quam sed rerum ipsam illo. Omnis officiis est sed. Neque rerum pariatur voluptatem vel optio nemo quidem et. Non explicabo facilis eum qui. Non animi est sequi ut non voluptatem non molestiae. Nulla qui et velit numquam incidunt et quod. Suscipit impedit ea repellat autem aliquid quo cupiditate. Molestiae et quia doloribus.', 'https://www.rostercon.com/wp-content/uploads/2021/09/dcfandome-2021.jpg', '2022-03-20 11:43:41', '2022-03-22 15:07:52', 302, 'Tous niveaux'),
(276, 34, 435, 1399, 22, 'sint sed perspiciatis architecto est unde', 'Officia incidunt recusandae quasi vitae et voluptatem nesciunt. Sequi harum sequi tenetur aliquid nihil. Tempora minima in consequatur odit. Ex enim et molestiae. Minima qui quo voluptas tenetur. Sit suscipit corporis et aspernatur aut perspiciatis. Quia harum pariatur velit nihil. Saepe rerum suscipit nihil illum vero maxime aut. Aut tempore voluptatum dolores mollitia autem id ut occaecati. Magni omnis voluptatem deserunt vitae dicta placeat. Qui eos repellat sint esse fugit. Quas omnis ut non ipsam a corrupti ut magnam. Dolores facere eos repellendus perferendis et. Nihil aspernatur dolor non vel. Iure nesciunt similique hic vero.', 'https://data.1freewallpapers.com/download/dota-2-1280x720.jpg', '2022-05-17 03:55:17', '2022-05-17 15:36:44', 382, 'Tous niveaux'),
(277, 35, 493, 1300, 24, 'explicabo possimus necessitatibus alias voluptatum sit sit ut asperiores harum', 'Neque accusamus labore dolor facilis. Id qui inventore qui labore possimus omnis omnis. Qui qui occaecati quia est vel non. Doloremque et ipsam ut laudantium aperiam maxime impedit. Eveniet quia quas labore et maiores debitis. Velit et iusto atque aut nihil quia. Doloribus vitae reiciendis et labore odit aliquid neque corporis. Sit qui rerum eaque corrupti et nihil. Quis quis nobis quia pariatur totam molestias. Omnis enim dolore omnis dolorem et. Quaerat dolorem magnam molestiae veniam non. Velit nulla omnis dolor quo cumque. Iure aut neque quod sed at itaque nihil. Repellat expedita quibusdam ea vel qui provident assumenda reiciendis. Dolor qui sunt in est.', 'https://images.ctfassets.net/s5n2t79q9icq/114xMnrR6RiLD15UxL8LYZ/ca73ec9fe59f654a150b543e05979181/Meta-Homepage.jpg', '2022-02-24 05:57:16', '2022-02-27 03:15:50', 341, 'Débutant'),
(278, 30, 448, 1227, 25, 'atque sunt debitis ipsum sequi consequuntur', 'Quisquam ipsa enim enim voluptas omnis. Eveniet veritatis harum quod sint dolorem qui. Ea earum molestias inventore quis eum minima sed. Sit nesciunt laboriosam excepturi veritatis est expedita dignissimos. Laudantium aut saepe odio unde mollitia quia. Et voluptatem asperiores voluptatem et. Repellat sed nam repellendus. Ut quos consequuntur non voluptatem odit veniam. Tempore rerum officia cum ea. Ipsam ullam rerum repellendus autem. Rerum sapiente omnis excepturi consectetur omnis est. Assumenda sed maiores aut blanditiis. Dolore deserunt doloribus eum harum. Optio necessitatibus occaecati quos culpa similique laudantium repudiandae. Et molestiae dicta eos eum. Eius veniam nemo est. Quo fugiat fuga pariatur nostrum quis nostrum. Necessitatibus dolorum ab eaque omnis vel mollitia.', 'https://happydays365.org/wp-content/uploads/2020/05/Geek-Pride-Day-1080x630.jpg', '2022-05-25 22:13:52', '2022-05-28 12:51:01', 335, 'Professionnel'),
(279, 33, 433, 1317, 23, 'eaque ullam molestiae eius', 'Modi consequuntur quasi et nobis nesciunt omnis adipisci. Consectetur consequatur maiores ex aut. Enim velit maiores sint praesentium nam aperiam mollitia et. Architecto doloremque aperiam est doloremque quae rem. Libero in expedita enim debitis possimus quisquam porro. Pariatur assumenda quis quis animi. Commodi perferendis odio necessitatibus ipsa hic molestias perspiciatis. Ab omnis itaque voluptatem voluptatem cupiditate non. Velit iste facere non adipisci quia. Adipisci commodi deserunt aut natus sed cumque quibusdam. Asperiores neque magni voluptate odio aperiam esse natus. Voluptas repellat architecto libero minima assumenda reiciendis. Excepturi ad asperiores debitis labore dolor autem mollitia. Eaque quia libero sed expedita maiores ab dolores.', 'https://data.1freewallpapers.com/download/dota-2-1280x720.jpg', '2022-04-28 14:49:57', '2022-05-01 13:43:21', 483, 'Intermédiaire'),
(280, 30, NULL, 1281, 22, 'dolorem quis quam non deserunt quo', 'Veritatis modi vitae delectus quia illum. Perspiciatis nihil rerum facere dolorem. Aut eaque at necessitatibus rerum minus ea aspernatur occaecati. Reprehenderit praesentium distinctio et dolorum. Explicabo sed qui omnis necessitatibus esse et adipisci. Atque at voluptas ea libero qui et et. Asperiores dolorum ipsum enim accusamus nulla et. Nisi facere dolorem similique animi doloribus. At rerum qui commodi laudantium delectus. Placeat nam neque minus. Eum cumque dolore non laudantium. Animi qui quis odio dolore iste est voluptas. Quos rem asperiores ea dolor neque sint nemo. Quasi quos voluptatem vel ut veniam deleniti quibusdam. Occaecati aut natus culpa sed voluptas voluptatem voluptatem. Soluta iure facilis non sint accusamus recusandae occaecati.', 'https://www.manga-news.com/public/images/events/geek-unchained-4.jpg', '2022-02-13 19:58:38', '2022-02-13 20:21:52', 406, 'Confirmé'),
(281, 31, 495, 1008, 25, 'laudantium autem incidunt', 'Id repudiandae dolor sapiente esse dolorum qui quia. Molestiae qui possimus sit et doloribus. Reiciendis incidunt autem enim qui exercitationem numquam. Dolor eos in quia dolore itaque deleniti. Distinctio rerum enim rerum mollitia repudiandae pariatur delectus. Cupiditate est laudantium repellendus soluta in a molestias. Repellendus eligendi ab ratione et omnis. Magni voluptatem odio non ut quae. Minus veritatis consequuntur aperiam et atque. In iste illum consequatur alias. Consequuntur aliquam vitae exercitationem facere. Ut corporis ipsam officia quo voluptatum corrupti. Voluptatibus autem aut quia aut a accusantium ratione. Cupiditate ipsa qui quod officiis. Eum vel sed nobis sint sint. Non laudantium quia veritatis maiores ut ipsam blanditiis dolor. Error eos autem beatae.', 'https://cdn.akamai.steamstatic.com/steam/apps/851590/capsule_616x353.jpg?t=1631538454', '2022-04-24 07:02:58', '2022-04-25 00:29:26', 19, 'Débutant'),
(282, 32, 445, 1248, 23, 'et aut distinctio et quisquam eum magni ipsa', 'Voluptatem provident qui eos quisquam autem doloremque. Sapiente quas aut inventore animi. Ut aut adipisci natus et rem. Voluptatem ex est perferendis voluptas est. Laborum voluptate qui autem libero quam impedit itaque voluptas. Quidem enim consequatur voluptate est. Aspernatur blanditiis voluptatibus dicta non aut eligendi. Totam animi accusantium fuga fuga iusto. Voluptas aut rem quaerat dolorem voluptatem et magnam est. Fugiat libero suscipit distinctio aut sunt ea. Quod quo incidunt amet non. Temporibus sit ipsam nesciunt ut quibusdam. Aut totam eos eum itaque est maxime accusamus. Expedita ullam eos doloribus esse ipsam magni in aliquid. Quos quidem quam ullam a molestias autem.', 'https://i.ytimg.com/vi/gjVtbJkKQbo/maxresdefault.jpg', '2022-01-17 12:50:12', '2022-01-19 02:44:23', 303, 'Occasionnel'),
(283, 34, 487, 1039, 25, 'exercitationem nisi eum aut commodi sit ea adipisci ullam', 'Rerum libero adipisci voluptas fuga. Pariatur laudantium et repellat dolorem impedit non omnis. Esse rerum at provident unde. Nihil quia non sit cupiditate ut. Laboriosam temporibus laboriosam qui. Eius possimus est et ullam quae. Adipisci quis harum iure sunt cum cum. Natus dolore mollitia nisi. Sint eos enim maxime minus delectus et. Aut quis officiis non voluptatem ducimus. Recusandae quibusdam tempore animi aliquid sint. Qui qui velit ab optio in. Aliquid ipsa cum assumenda assumenda dicta officiis. Aut optio illum natus et voluptatem voluptas sit. In nihil et sed aut ut et quis.', 'https://www.presse-citron.net/app/uploads/2021/06/netflix-geeked-week-summer-game-fest-2021.jpeg', '2022-04-08 22:23:59', '2022-04-09 10:38:16', 4, 'Occasionnel'),
(284, 32, 459, 1041, 24, 'tempore facilis quibusdam et est', 'Id officiis ut praesentium temporibus rerum qui neque. Non numquam quae eum accusantium vel labore. Modi reiciendis laborum sit aut eos veritatis. Quia est corporis illo dolorem reprehenderit. Incidunt et laborum quos nam eum eos. Iusto ducimus cum dolorem suscipit illum. Deleniti sit ducimus consequuntur quia accusantium dolores itaque. Et iusto quod quis sit non. Reiciendis dolor dolorem vero distinctio ratione voluptates. Eaque molestiae et adipisci neque. Iste reiciendis nam sit accusantium. Reprehenderit cumque distinctio quia autem. Molestias maxime eveniet expedita quaerat non qui commodi. Ut aut quae perspiciatis consequatur aut. Est tempora perspiciatis est unde sint beatae quam. Hic rerum et quaerat laudantium.', 'https://i0.wp.com/www.nintendo-town.fr/wp-content/uploads/2019/04/H2x1_NSwitch_MortalKombat11_image1600w.jpg?fit=1600%2C800&ssl=1', '2022-07-07 16:19:30', '2022-07-08 08:15:07', 124, 'Tous niveaux'),
(285, 32, NULL, 1416, 24, 'consequuntur saepe voluptas eaque tempore quos eaque', 'Quibusdam sit qui neque quo ad praesentium. Reprehenderit rerum reprehenderit et sequi vitae. Corrupti iste omnis similique et eaque. Quaerat iste et similique nostrum. Architecto illo vitae sint neque. Et dolorum qui rerum magnam tempore. Accusamus et repellat et officia iusto. Voluptatem ad ipsa iste eligendi voluptas nostrum blanditiis. Ut consequatur ullam et alias non aspernatur. Sunt voluptatum eius est reprehenderit velit consequuntur aliquam. Voluptatem sunt qui eaque eum consequatur distinctio soluta. Suscipit ut voluptas deserunt est qui dolorem quia et. Fuga ipsa placeat rerum ut beatae. Hic ea unde ab. Nulla minus sequi officia ut vitae sit enim. Tenetur non culpa accusantium incidunt excepturi a.', 'https://www.presse-citron.net/app/uploads/2020/04/e3-online.jpg', '2022-01-18 02:59:14', '2022-01-19 00:07:35', 191, 'Tous niveaux'),
(286, 31, 429, 1174, 25, 'aliquid nesciunt sint aut nihil velit quia', 'Beatae voluptatem reprehenderit est delectus doloremque. Mollitia in consequatur est mollitia hic. Similique deleniti amet ipsa temporibus. Suscipit rem qui dolor optio temporibus eos et omnis. Ad aut iste inventore. Ducimus voluptas quaerat eveniet. Consequatur laudantium voluptatem molestiae temporibus nobis in repudiandae. Nemo veniam ea asperiores. Temporibus harum tempore et fuga nulla optio incidunt. Molestiae vel veritatis a quibusdam ut. Non suscipit nesciunt esse sequi commodi non. Quod aliquid officiis optio dicta sed et officia. Sint earum necessitatibus qui expedita quis veritatis reprehenderit.', 'https://www.realite-virtuelle.com/wp-content/uploads/2020/11/pokemon-go-milliard-revenus.jpg', '2022-04-27 14:11:32', '2022-04-29 16:00:11', 64, 'Tous niveaux'),
(287, 35, 454, 1399, 24, 'ab possimus ex repudiandae sunt magnam', 'Voluptas et adipisci voluptatum nulla dolore. Molestiae dolorum quis deleniti doloribus et. Nam consectetur voluptatem rerum non recusandae explicabo minima. Dolore eius placeat molestiae. Nihil quia eum sint accusantium magnam. Rerum molestiae porro et dolores error et accusamus. Placeat aut aut sed velit. Et impedit est voluptate maiores quo. A minus neque deserunt aut. Repellat non placeat rerum et. Omnis cupiditate voluptatum sed harum. Ab aliquid qui vel ea sunt. Ea dolores tempora eum eaque molestiae fugiat nihil magnam. Ipsa est dolores voluptas consequuntur. Consequatur quia autem ut voluptatem dolor labore quae delectus. Ut ea est fugit quae aut quia voluptatum. Qui aut corporis ea iure quos quidem. Quo sapiente eligendi laborum. In dolorem quia autem amet.', 'https://data.1freewallpapers.com/download/dota-2-1280x720.jpg', '2022-04-10 18:19:15', '2022-04-13 14:45:49', 239, 'Professionnel'),
(288, 32, 480, 1463, 23, 'dolor minima impedit iste dolorem laudantium qui autem', 'Error placeat illum quia sit ipsam fugiat. Sequi neque et fuga ea soluta. Possimus beatae sed et ad. Autem voluptas quis omnis nesciunt. In est et qui enim voluptas velit veritatis. Eos sed dolor ut molestiae et. Voluptatibus ut est et corrupti corporis. Neque voluptatem hic in illum nostrum hic laborum. Iusto ducimus est quam eos. Dolorum eius et dignissimos ut quo non. Molestiae magni nostrum non aut esse voluptatem. Nihil harum ipsam voluptatem fugiat cumque nemo. Totam praesentium error nihil placeat eos quas iusto. Illo similique ad architecto dolores delectus. Nulla nihil saepe beatae occaecati eaque totam. Voluptas amet et quos voluptatem ut quia ut. Repudiandae nesciunt sunt officia nesciunt sint eos. Eos adipisci expedita ea rerum aliquam ut.', 'https://www.presse-citron.net/app/uploads/2021/05/koch-media-e3-conference.jpeg', '2022-05-01 21:53:39', '2022-05-04 02:47:37', 64, 'Professionnel'),
(289, 31, 448, 1174, 23, 'iure harum qui saepe natus culpa quas quod reprehenderit qui', 'Laudantium voluptatem nam maiores dolor earum id aliquid. Nesciunt animi exercitationem nostrum voluptas ipsa qui ut. Aut explicabo natus officia perferendis officia. Exercitationem eum consequuntur aut animi nihil totam. Consequatur architecto tempora voluptatem quo vel. Est eaque ipsam natus fugit dolores est ut. Corrupti et deserunt voluptas dolores voluptatum. Ea et quia cupiditate expedita provident eum voluptatum. Placeat voluptatem odit distinctio ut non iure dolorem in. Rerum excepturi ut ducimus quos animi. Vel molestias delectus rerum fugit quia tempore. Porro consequatur molestias autem quae ea voluptate fuga. Accusamus rerum nihil facere et sed quae accusamus. Optio corporis iure et. Sed totam ut sed aspernatur necessitatibus atque.', 'https://happydays365.org/wp-content/uploads/2020/05/Geek-Pride-Day-1080x630.jpg', '2022-04-30 03:53:04', '2022-04-30 15:04:50', 43, 'Occasionnel'),
(290, 30, NULL, 1273, 22, 'quia beatae harum qui eum necessitatibus esse ratione explicabo', 'Aut nihil soluta doloribus molestias fuga officia. Molestias et animi dolorem velit laudantium ipsum rem. Quasi nesciunt rerum dolor. Dolores officiis quibusdam ad eum vel dolorem veniam necessitatibus. Nesciunt accusamus unde odit animi nesciunt. Repudiandae natus quia doloribus ut odio dignissimos qui. Rerum quia eos odio reiciendis. Provident iure officia iste atque quis aut. Distinctio sit atque totam et ut magnam dolore quibusdam. Molestiae eos facere blanditiis aperiam. Repudiandae dignissimos incidunt illo ut earum autem ducimus magnam. Dicta dolor eum qui quo quasi libero quas qui. Culpa sint explicabo cumque rem ipsa. Doloremque eos distinctio architecto sint sit quo.', 'https://data.1freewallpapers.com/download/dota-2-1280x720.jpg', '2022-04-29 17:45:30', '2022-05-01 13:31:37', 270, 'Confirmé'),
(291, 34, 473, 1434, 22, 'magni illum eum laborum velit laudantium voluptatem', 'Quibusdam reiciendis quasi esse exercitationem at at ut. Deleniti et sint in quaerat. Et ut ipsam et perspiciatis tenetur est. Voluptate est provident rerum quis eum consequatur. Et temporibus laboriosam magni itaque soluta perferendis. Doloribus corrupti repellendus dolor molestiae. Nihil ea ipsum mollitia iure voluptas dolor. Voluptatem corporis eligendi fugit voluptatem. Laboriosam fugiat suscipit est qui eligendi. Voluptate et impedit quam perferendis quam. Vel suscipit blanditiis quia. Est quasi amet id aut quo temporibus. Optio cupiditate facere velit possimus voluptas nesciunt qui. Sequi sit ut numquam facilis qui sint. Sed qui dolorum tempora quia. Dolor dolore sed omnis sunt sunt inventore. Consectetur doloribus tempore ut culpa quo.', 'https://happydays365.org/wp-content/uploads/2020/05/Geek-Pride-Day-1080x630.jpg', '2022-03-22 09:27:29', '2022-03-23 20:18:43', 208, 'Occasionnel'),
(292, 32, 449, 1292, 22, 'ipsum odio non illo vitae ut deleniti', 'Dolorum molestias sit rerum nemo qui aliquam. Quis aut autem qui architecto. Eos nihil voluptatem illo mollitia quidem. Nisi numquam rerum nesciunt distinctio et incidunt. Labore deleniti reiciendis maxime reprehenderit nobis consequuntur sit mollitia. Qui perferendis quia modi ipsam facilis distinctio. Nihil minima eum nobis nihil minima. Asperiores deserunt enim dignissimos sit molestiae doloremque tempore. Quia et magnam omnis et occaecati et. Nihil at voluptas et qui qui id fugiat. Maxime eius eius fugit dolorem. Voluptatem non et perferendis atque cumque. Veniam fuga in voluptatum adipisci vero. Nesciunt qui vero ratione consequatur et est corporis. Quae cum enim dolorum dolore.', 'https://cdn.arstechnica.net/wp-content/uploads/2021/07/legend-of-zelda-nes-gold-800x450.jpg', '2022-06-15 10:00:21', '2022-06-15 20:19:04', 422, 'Occasionnel'),
(293, 34, 421, 1210, 25, 'quidem accusamus fuga et sunt rerum delectus inventore tempore laudantium', 'Sunt distinctio provident et id. Voluptatibus commodi dolorem laboriosam qui ut voluptatem. Aliquam voluptatibus et cumque aliquid cupiditate unde. Aliquam porro natus inventore modi repellat nobis quos blanditiis. Rem nobis ut iste impedit. Dolorum distinctio mollitia qui rerum consequatur omnis laborum. Eius est officia sit nihil. Ducimus veritatis suscipit nihil dolorem iste. Voluptatem fuga molestias architecto libero eos. Expedita in voluptatibus exercitationem et. Id voluptatem consectetur sint unde ducimus quod corrupti. Laborum id debitis autem tenetur. Odit fugit voluptatem incidunt velit. Aut esse architecto non nostrum consequatur ipsam. Consequatur libero officia pariatur ex provident sunt dolorem.', 'https://www.presse-citron.net/app/uploads/2021/05/koch-media-e3-conference.jpeg', '2022-07-01 06:07:30', '2022-07-01 11:50:00', 413, 'Professionnel'),
(294, 30, 406, 1280, 24, 'numquam omnis dolor labore esse nemo', 'Ipsam veritatis voluptas maxime quam ea debitis. Perspiciatis ipsum rerum impedit non provident. Dolore unde maiores sapiente. Quos perferendis aut maxime occaecati ab et. Accusamus et qui animi non. Ea cumque eius cum corrupti dolor neque. Sequi odio ex unde earum quisquam. Saepe itaque possimus voluptatem commodi incidunt quod. Totam facere quasi saepe qui. Quo ipsa ipsa facilis eaque ea. Odit ut iste quia delectus. Dolorum perferendis vel consequatur expedita explicabo eum. Eos nihil aut nostrum pariatur quisquam sunt aut. Enim animi perspiciatis neque sit optio velit qui. Temporibus aut dicta a. Eos quos sint adipisci voluptas delectus aliquid.', 'https://www.miraigamers.com/wp-content/uploads/2021/07/Yu-Gi-Oh-Master-Duel-arrive-sur-tous-les-supports-pret-pour-le-Duel.jpg', '2022-01-29 23:22:02', '2022-01-30 05:16:02', 251, 'Intermédiaire'),
(295, 32, NULL, 1490, 24, 'consequatur earum rerum quae et impedit ut', 'Sequi accusamus placeat incidunt explicabo magnam minus possimus. Sed at nulla tempora consequatur quo quod. Quae sunt possimus amet minus consequatur neque. Et voluptatum exercitationem dolorem voluptatibus molestiae id. Qui itaque eaque qui ut reiciendis fugiat. Ratione veniam mollitia quaerat eos voluptatem molestias. Sunt qui sunt molestias tempore. Occaecati voluptatem distinctio voluptas nam quia. Aut tempora consequatur delectus non. Culpa unde id laboriosam illo aut ut reiciendis. Libero quo dolores quidem facere excepturi eum. Fugiat id consectetur quisquam beatae magni perspiciatis. Rerum aperiam qui blanditiis fuga. Optio architecto placeat voluptatem cupiditate autem dolorem autem iure.', 'https://fr.web.img2.acsta.net/newsv7/20/06/30/12/28/5740456.jpg', '2022-02-07 18:50:29', '2022-02-10 02:57:30', 108, 'Occasionnel'),
(296, 34, 489, 1482, 23, 'eveniet similique sunt velit quia et', 'Amet nihil et autem. Natus fugit reprehenderit dolorum dicta optio. Quo inventore aliquam consequatur provident nobis id numquam aut. Atque nemo voluptatum recusandae rerum. Ut autem quaerat exercitationem nihil consequatur dicta. Est harum ratione eveniet cumque ratione. Qui delectus sapiente laborum aut dolores quas. Est impedit a aut et. Repellat dignissimos nostrum ut nisi deleniti. Aliquid tempora necessitatibus sed. Vero sed ab et laboriosam. Totam quas et facere quos odio nihil. Qui esse et dolore voluptatibus adipisci. Architecto ut quia et quia accusantium quia sunt. Et enim ea amet velit mollitia aut. Quas ipsam vero aut qui et. Sit aliquam voluptatem non ut. Qui nobis natus aut qui eius optio. Consequuntur neque veniam est. Fugiat non autem quisquam.', 'https://cdn.akamai.steamstatic.com/steam/apps/851590/capsule_616x353.jpg?t=1631538454', '2022-06-02 07:40:16', '2022-06-03 15:52:54', 244, 'Débutant'),
(297, 35, 456, 1121, 24, 'facilis asperiores qui exercitationem delectus architecto', 'Aut eos optio quia distinctio est quibusdam. Sint voluptatum quas voluptates nostrum adipisci asperiores et. Molestiae rerum delectus ut nam ea qui. Quod ut quam earum recusandae doloribus perferendis. Harum debitis sunt veniam vel aut. Id odit officiis molestiae distinctio omnis. Veritatis facere quis et. Est consequatur rerum quis ab. Error dignissimos nam nemo fugit. Inventore consequatur repellendus ut officia consequatur. Voluptate recusandae est consequatur deleniti occaecati ex. Culpa necessitatibus ut necessitatibus saepe. Quasi itaque cumque enim reprehenderit eaque totam laudantium. Aspernatur et beatae hic minima rem quis illum. Quae et unde praesentium dolore soluta. Perferendis a expedita sed est optio.', 'https://www.presse-citron.net/app/uploads/2021/05/koch-media-e3-conference.jpeg', '2022-04-30 00:28:26', '2022-05-01 11:05:06', 312, 'Intermédiaire'),
(298, 33, 454, 1126, 23, 'velit rem ratione enim soluta reprehenderit impedit', 'Ratione ut error temporibus quod reiciendis et reiciendis. Repellendus eum voluptatem sapiente earum voluptas sit autem. Rem tempora repellendus voluptatem velit aliquid. Excepturi totam esse fugiat nisi assumenda aut quia accusantium. Voluptas consequuntur deserunt neque qui officiis amet reiciendis. Repellendus aut enim beatae qui ea. Expedita animi nostrum quibusdam optio excepturi ea. Ut deleniti laboriosam optio numquam culpa. Inventore molestiae corporis doloribus sed asperiores sit est sit. Quia perferendis nobis maxime molestiae. Est exercitationem quo minima veniam. Aut sapiente est id rerum nesciunt. Dolor sit qui odio nulla. Qui quam molestiae non. Quia officia id occaecati accusamus et consequatur earum. Cumque officia sapiente necessitatibus quibusdam eaque.', 'https://fr.web.img2.acsta.net/newsv7/20/06/30/12/28/5740456.jpg', '2022-07-03 17:49:21', '2022-07-03 18:14:52', 408, 'Professionnel'),
(299, 34, 467, 1169, 24, 'nihil incidunt qui non placeat modi et nulla', 'Qui vel nesciunt cumque optio tempora ut tenetur. Neque illum ex molestiae molestiae error numquam. Eius fugiat et nulla voluptatem cumque. Quo sequi quidem iure soluta aut animi similique libero. Dolorem similique vero inventore. Facilis labore ratione sit asperiores. Nulla officiis praesentium porro eligendi omnis. Sed maiores aut voluptatem inventore quia laboriosam dolore. Velit possimus aut recusandae voluptas laudantium occaecati minus. Ipsum et ipsam consequatur sit cum quo. In et voluptatem necessitatibus natus. Dolor et aut deleniti eaque fuga minima. Est quos alias magni voluptatem quo est officia quas. Quo qui aut porro eaque maiores. Quo repellendus minus et ducimus explicabo. Ut voluptas necessitatibus cupiditate distinctio vel. Iure sequi eum molestiae excepturi.', 'https://www.presse-citron.net/app/uploads/2020/04/e3-online.jpg', '2022-01-08 07:27:06', '2022-01-09 03:11:16', 108, 'Occasionnel'),
(300, 30, NULL, 1453, 23, 'consequatur ut sunt quas', 'Quisquam voluptatem repudiandae enim sed et velit. Rerum ratione ut deleniti voluptates nisi soluta. Voluptatum vel est repudiandae. Aliquam ea suscipit dolorum nihil dolorem natus sit. Aperiam est animi distinctio aut quia. Voluptatem minus enim et perferendis id nostrum. Nihil sequi voluptatibus et porro voluptas. Accusantium vel ad et accusamus et. Nesciunt ut et aspernatur consequatur maiores ipsam et ratione. Quo omnis id assumenda ut ipsam qui praesentium eum. Facilis aut illo deleniti perspiciatis tempore. Voluptas vitae necessitatibus ut aperiam asperiores porro ipsum. Necessitatibus perspiciatis ut temporibus officiis laboriosam. Et laborum recusandae quasi magni. Quidem quas iste dolores ea facere. Dolor aut nihil rerum.', 'https://data.1freewallpapers.com/download/dota-2-1280x720.jpg', '2022-01-24 06:24:18', '2022-01-24 20:24:39', 324, 'Tous niveaux');

-- --------------------------------------------------------

--
-- Structure de la table `event_activity`
--

CREATE TABLE `event_activity` (
  `id` int(11) NOT NULL,
  `name` varchar(50) COLLATE utf8mb4_unicode_ci NOT NULL
) ENGINE=InnoDB DEFAULT CHARSET=utf8mb4 COLLATE=utf8mb4_unicode_ci;

--
-- Déchargement des données de la table `event_activity`
--

INSERT INTO `event_activity` (`id`, `name`) VALUES
(21, 'Jeux vidéos'),
(22, 'Jeux de société'),
(23, 'Mangas'),
(24, 'Comics'),
(25, 'Toutes activités');

-- --------------------------------------------------------

--
-- Structure de la table `event_category`
--

CREATE TABLE `event_category` (
  `id` int(11) NOT NULL,
  `name` varchar(50) COLLATE utf8mb4_unicode_ci NOT NULL
) ENGINE=InnoDB DEFAULT CHARSET=utf8mb4 COLLATE=utf8mb4_unicode_ci;

--
-- Déchargement des données de la table `event_category`
--

INSERT INTO `event_category` (`id`, `name`) VALUES
(29, 'Convention'),
(30, 'Partie en ligne'),
(31, 'Partie en local (LAN Party)'),
(32, 'Tournoi'),
(33, 'Meeting'),
(34, 'Vente aux enchères / troc'),
(35, 'Conférence');

-- --------------------------------------------------------

--
-- Structure de la table `manga`
--

CREATE TABLE `manga` (
  `id` int(11) NOT NULL,
  `category_id` int(11) NOT NULL,
  `name` varchar(50) COLLATE utf8mb4_unicode_ci NOT NULL,
  `description` longtext COLLATE utf8mb4_unicode_ci NOT NULL,
  `picture` varchar(255) COLLATE utf8mb4_unicode_ci NOT NULL,
  `author` varchar(50) COLLATE utf8mb4_unicode_ci NOT NULL
) ENGINE=InnoDB DEFAULT CHARSET=utf8mb4 COLLATE=utf8mb4_unicode_ci;

--
-- Déchargement des données de la table `manga`
--

INSERT INTO `manga` (`id`, `category_id`, `name`, `description`, `picture`, `author`) VALUES
(401, 27, 'officia laudantium fugiat quia', 'Quia doloremque placeat dolor omnis necessitatibus. Aperiam dolor numquam incidunt omnis. Incidunt non dignissimos sit aspernatur quos asperiores minus.', 'https://images-na.ssl-images-amazon.com/images/I/91yiBtD0imL.jpg', 'Alyson Ullrich'),
(402, 30, 'ea', 'Illum harum sit beatae occaecati. Unde esse cupiditate quis quia rem hic. Id neque consequuntur sit numquam. Maxime et porro tempore deleniti voluptas ut. Rerum voluptatem sint ex nam sequi voluptas omnis. Labore sed accusantium non nesciunt ut sit.', 'https://images-na.ssl-images-amazon.com/images/I/818SKXrgHaL.jpg', 'Alvina Murphy'),
(403, 28, 'nulla neque', 'Ea dolores similique vel at distinctio tempora. Quibusdam commodi amet provident iusto officia corporis. Magni aut voluptas maxime. Voluptatem adipisci possimus accusantium debitis vel. Magni enim laborum ut ab rerum.', 'https://m.media-amazon.com/images/I/81zUMXGbNGL._AC_SL1500_.jpg', 'Kraig Keebler'),
(404, 27, 'laborum eum esse qui', 'Totam ducimus corporis voluptatem laboriosam. Est voluptas dolores eveniet velit error est. Ex odit sed in saepe rerum quo. Dolorum amet eum beatae.', 'https://images-na.ssl-images-amazon.com/images/I/913g8zhpCYL.jpg', 'Mireille Lind'),
(405, 28, 'consequatur', 'Sed rem voluptatem et accusamus minima. Eligendi est aut minima ullam error. Aliquid non assumenda exercitationem quae fugiat dolore unde. Rerum quasi temporibus eos ex. Minus voluptatem ullam sed aut.', 'https://images-na.ssl-images-amazon.com/images/I/81Z5oMQHqaL.jpg', 'Ismael Ratke'),
(406, 27, 'sed libero accusantium perferendis', 'Impedit ullam veritatis reprehenderit error. Delectus et sapiente recusandae aliquid. Repellendus quaerat dolorem commodi sit.', 'https://fr.web.img5.acsta.net/pictures/21/02/16/12/45/5319199.jpg', 'Doyle Rath'),
(407, 27, 'nam quidem', 'Velit quam quod distinctio in magni officiis. Vel aut nulla quod porro assumenda similique. Accusantium sint dolorum dolores. Ea odio quia ipsam molestiae maiores qui voluptatem enim.', 'https://images-na.ssl-images-amazon.com/images/I/91xNW4qPPfL.jpg', 'Rey Schoen'),
(408, 27, 'magni dignissimos', 'Non fuga quod pariatur ut velit. Voluptatem fugit qui rerum autem aut. Ex dolorem velit commodi accusantium ex debitis dolorem fugiat. Dolore qui aliquam rem ad pariatur. Autem repudiandae doloribus nobis eaque officiis occaecati. Sequi deleniti voluptates vero ea occaecati esse.', 'https://images-na.ssl-images-amazon.com/images/I/81VDeAyH1GL.jpg', 'Karelle Fay'),
(409, 28, 'repellat enim est quia', 'Assumenda iste est a cum et. Consequuntur necessitatibus odio eos pariatur eum recusandae. Minima at porro praesentium perferendis dolore saepe reprehenderit facere. Fuga qui totam rem id repellat quo. Nesciunt itaque minima quasi ipsa nihil.', 'https://www.gbposters.com/media/catalog/product/cache/2/image/9df78eab33525d08d6e5fb8d27136e95/f/a/fairy-tail-quad-maxi-poster-1.133.jpg', 'Chelsey Hettinger'),
(410, 27, 'et', 'Esse nulla eligendi atque et id repudiandae. Voluptas est enim in. Architecto officiis qui nostrum itaque. Et illo eum nam ea eos dolore magnam repellendus. Molestias pariatur mollitia aspernatur eos rerum.', 'https://images-na.ssl-images-amazon.com/images/I/91hcXocudXL.jpg', 'Anthony Dietrich'),
(411, 29, 'vel sed consequuntur', 'Aut excepturi et ipsa corrupti similique. Ab vero quia et in earum facere ullam. Asperiores vel repellat non vel. Odio est explicabo aspernatur eos molestiae dicta. Voluptas ullam fugiat rerum.', 'https://images-na.ssl-images-amazon.com/images/I/71V1kRB2fTL.jpg', 'Johnnie Lynch'),
(412, 29, 'ut at', 'Et cum omnis ut vel culpa in cupiditate et. Soluta quaerat delectus et officiis recusandae voluptas impedit. Dicta reprehenderit et sit facere delectus rerum.', 'https://images-na.ssl-images-amazon.com/images/I/91tYV+R03kL.jpg', 'Elody Frami'),
(413, 30, 'facere', 'Laborum voluptatum quia ex quibusdam amet veniam quo. Occaecati delectus dignissimos quo similique voluptatem molestiae illum. Perspiciatis deleniti est nobis itaque aut quo voluptates.', 'https://images-na.ssl-images-amazon.com/images/I/91OuigKWs+L.jpg', 'Madison Abernathy'),
(414, 27, 'sed laboriosam soluta culpa', 'Vel facere quis voluptatum at magnam. Consectetur corporis voluptas qui dolores eos doloremque. Tempora velit veniam modi velit animi. Nemo quia doloribus beatae sit ipsam.', 'https://images-na.ssl-images-amazon.com/images/I/81YMjfFuX6L.jpg', 'Sandra Olson'),
(415, 30, 'libero dolor quia', 'Ullam aliquid fugiat inventore modi quidem. Iusto aut beatae assumenda. Quia placeat aspernatur molestiae asperiores. Eum ut adipisci quis autem aliquam. Repudiandae qui assumenda rerum quibusdam. Labore commodi vitae facere voluptate. Recusandae mollitia dicta qui fuga qui nihil.', 'https://www.gbposters.com/media/catalog/product/cache/2/image/9df78eab33525d08d6e5fb8d27136e95/f/a/fairy-tail-quad-maxi-poster-1.133.jpg', 'Brooke Schimmel'),
(416, 27, 'quasi deleniti', 'Est dicta fuga unde. Aut natus iusto voluptate sed voluptates in officiis vel. Amet accusamus enim est ut nihil. Nobis sapiente aut quia possimus eaque est sequi maxime. Ipsa qui omnis dolores a id.', 'https://images-na.ssl-images-amazon.com/images/I/81mWACgHKxL.jpg', 'Fern Ondricka'),
(417, 27, 'natus magni', 'Nihil sunt qui ut aut. Veritatis et suscipit nesciunt eligendi. Et non alias nemo et ea et. Est nostrum amet debitis aspernatur est nam dolorum.', 'https://m.media-amazon.com/images/I/81zUMXGbNGL._AC_SL1500_.jpg', 'Jazmyn Schmitt'),
(418, 30, 'enim similique porro odio', 'Eos ut qui quasi ipsum impedit dicta voluptatem. Voluptatem iure nisi eligendi est autem. Qui et repellendus id molestias. Error in unde adipisci voluptatem. Est dolorem inventore voluptatem. Nemo hic similique culpa in odio alias voluptatum cum. Culpa ut consequuntur et eos omnis sequi.', 'https://images-na.ssl-images-amazon.com/images/I/913g8zhpCYL.jpg', 'Jaleel Predovic'),
(419, 29, 'distinctio et delectus odio', 'Molestiae labore aliquid sit quisquam cumque. Quis pariatur deleniti sapiente qui qui recusandae voluptates. Rerum ut expedita a qui qui repellendus. Inventore quas quos sit optio repellat. Pariatur aut hic officia architecto commodi iure. Illo veritatis quia maiores est ipsa porro.', 'https://images-na.ssl-images-amazon.com/images/I/71iPhxzPaoL.jpg', 'Grant Bashirian'),
(420, 27, 'deleniti praesentium', 'Facere rerum optio saepe ratione. Placeat deserunt reprehenderit et et esse velit enim. Fugiat autem ea ratione. Saepe odio illo minus quis quibusdam temporibus. Enim quae magnam eum dolorem qui sit delectus.', 'https://images-na.ssl-images-amazon.com/images/I/71FH4o9mO3S.jpg', 'Jakob Bergstrom'),
(421, 29, 'doloremque qui tempore omnis', 'Consequatur qui est qui magnam ut ea. Qui enim neque inventore quibusdam iusto tempore ratione. Voluptatibus voluptatem dolor vitae exercitationem enim amet eaque.', 'https://images-na.ssl-images-amazon.com/images/I/818SKXrgHaL.jpg', 'Flavie Schowalter'),
(422, 27, 'maiores', 'Doloremque aliquid sed ut molestiae. Placeat veniam iusto laudantium quia. Aperiam et quia eveniet et explicabo nulla. Et nesciunt aliquid facilis ea et dicta. Cupiditate sunt sequi debitis.', 'https://images-na.ssl-images-amazon.com/images/I/61BhDFVSCTL.jpg', 'Marcos Sauer'),
(423, 28, 'quidem velit necessitatibus error', 'Veritatis et aliquid ipsa. Eius sed officia non quos molestiae ut. Nesciunt enim distinctio explicabo possimus consectetur eligendi.', 'https://www.pika.fr/sites/default/files/images/livres/couv/9782811607135-T.jpg', 'Derick Turcotte'),
(424, 28, 'cum voluptate quo quia', 'Deserunt et quo nihil et eos. Eveniet provident quod et culpa voluptas voluptate incidunt aut. Nam non voluptatem voluptatum non tempore explicabo. Tempore consectetur veniam ipsam expedita voluptate sint. Aperiam nesciunt iure animi vel consequatur praesentium.', 'https://www.pika.fr/sites/default/files/images/livres/couv/9782811607135-T.jpg', 'Israel Emard'),
(425, 29, 'dolorem sit ea adipisci', 'Quibusdam maxime similique est sed. Asperiores iure animi sed nesciunt molestiae possimus neque. Quibusdam ut ducimus in dolor omnis. Autem aliquid magnam non. Aut eum est doloremque autem ipsa saepe ipsum rem.', 'https://images-na.ssl-images-amazon.com/images/I/81H14PAKlPL.jpg', 'Aisha Hamill'),
(426, 30, 'et necessitatibus libero nisi', 'Voluptatem eligendi illum aut dolore quia voluptatum in. Ut labore pariatur numquam velit eaque qui. Vel praesentium totam quaerat commodi perspiciatis consequatur recusandae.', 'https://images-na.ssl-images-amazon.com/images/I/81YMjfFuX6L.jpg', 'Benton Kohler'),
(427, 30, 'eaque dolorem', 'Dolorum occaecati dolor laborum dolorem aliquam. Ad qui recusandae maxime commodi quo excepturi voluptatem aliquam. Odio nulla non hic magnam quo. Quos error magnam saepe culpa est iste placeat. Nihil nulla hic dolorem consequuntur. Cum eius necessitatibus quis corrupti et excepturi.', 'https://images-na.ssl-images-amazon.com/images/I/91hcXocudXL.jpg', 'Barbara Kirlin'),
(428, 28, 'sed est aut earum', 'Temporibus sit sit et beatae in debitis consequatur. Sunt in illum repellat soluta possimus. Ea quo vel numquam optio deserunt possimus aspernatur. Aperiam tempore debitis vitae molestias. Totam ratione et fugit deleniti. Ea enim enim commodi maiores harum velit. Corporis id aut unde omnis.', 'https://images-na.ssl-images-amazon.com/images/I/81YMjfFuX6L.jpg', 'Winona Bashirian'),
(429, 30, 'illum', 'Aliquid voluptatem excepturi porro ea est eius. Molestias pariatur quo incidunt. Fugiat minus ut doloremque deleniti. Quia fugit voluptatum eaque ut accusantium non.', 'https://images-na.ssl-images-amazon.com/images/I/918Ai9a893L.jpg', 'Rae Murazik'),
(430, 28, 'aut rem ut', 'Accusantium perspiciatis et culpa odio. Inventore quo quibusdam ut pariatur delectus asperiores. Autem porro placeat quas reiciendis temporibus voluptates quo sit. Molestias dolores vitae voluptatem praesentium est.', 'https://images-na.ssl-images-amazon.com/images/I/81dfhgbb2qL.jpg', 'Walton Heathcote'),
(431, 27, 'qui sint beatae', 'Odit praesentium reprehenderit et cupiditate quibusdam. Provident nihil officiis ducimus vel rerum. Delectus dolor vero amet dolores atque pariatur mollitia. Quo aut aperiam nihil assumenda sed illum a.', 'https://images-na.ssl-images-amazon.com/images/I/81mWACgHKxL.jpg', 'Luisa Barton'),
(432, 30, 'quae dolores eos', 'Nihil aliquam quod illum exercitationem enim. Quam ipsa aut minus blanditiis. Quia aut aut sed. Dolorem tempore nostrum est sed. Dicta ex enim molestiae officia. Et voluptatem blanditiis at voluptas id dicta. Et dicta sapiente pariatur occaecati ipsa. Sapiente accusamus sed qui odit hic culpa.', 'https://images-na.ssl-images-amazon.com/images/I/818SKXrgHaL.jpg', 'Ivory Weimann'),
(433, 29, 'ut quia tenetur repudiandae', 'Hic nemo consequatur dolor vitae minima sed officiis. Esse omnis optio qui voluptas. Eaque nesciunt adipisci architecto placeat molestias. Voluptate ut ipsa at odit praesentium minus accusamus neque.', 'https://images-na.ssl-images-amazon.com/images/I/913g8zhpCYL.jpg', 'Granville Nicolas'),
(434, 27, 'in porro rem quia', 'Dolor quisquam id quam quaerat officia exercitationem consequuntur. Quidem praesentium reiciendis ea reprehenderit nam sed sed dignissimos. Perspiciatis est culpa earum at alias nulla magni. Qui et consectetur numquam.', 'https://images-na.ssl-images-amazon.com/images/I/91tYV+R03kL.jpg', 'Norberto Fritsch'),
(435, 30, 'et repellat suscipit', 'Non cupiditate ut modi velit corporis. Aperiam praesentium voluptas nesciunt et beatae. Et molestiae et laborum qui laborum aspernatur quis molestias.', 'https://m.media-amazon.com/images/I/81zUMXGbNGL._AC_SL1500_.jpg', 'Sterling Lynch'),
(436, 27, 'deserunt est dolore dolores', 'Amet eius mollitia iste et repellendus necessitatibus omnis. Iste eveniet est iste quae. Ad aut sit magni asperiores odit molestiae id.', 'https://images-na.ssl-images-amazon.com/images/I/818SKXrgHaL.jpg', 'Briana Zboncak'),
(437, 27, 'consequatur iste', 'Atque aliquam minus molestiae rerum earum est ad. Ab sed in qui natus laboriosam vel sit. Qui occaecati ipsa aspernatur sunt dolor cumque at. Non natus dicta deleniti aut omnis dolorem. Qui omnis aspernatur fuga modi dolores dolorem at. Possimus ad blanditiis ducimus et.', 'https://images-na.ssl-images-amazon.com/images/I/91OuigKWs+L.jpg', 'Aiden Paucek'),
(438, 27, 'et fugiat possimus', 'Explicabo reiciendis et impedit ea. Porro fugit ut provident. Laboriosam sunt deserunt explicabo voluptatem at a. Maxime aliquid quam quia eveniet magnam necessitatibus.', 'https://fr.web.img5.acsta.net/pictures/21/02/16/12/45/5319199.jpg', 'Kayley Jerde'),
(439, 27, 'soluta quibusdam eius', 'Sed explicabo neque soluta cum distinctio. Alias mollitia aut ex repellat. Dolor esse necessitatibus saepe sed. Necessitatibus aut et officiis quo. Nisi qui natus et deleniti quis molestias quod.', 'https://images-na.ssl-images-amazon.com/images/I/71LrevXJ4UL.jpg', 'Garett Anderson'),
(440, 30, 'nobis exercitationem facilis', 'Ipsa id et nostrum consequuntur. Veniam hic eum enim error iste voluptatem iure. Ut eum perferendis aperiam quo ea.', 'https://images-na.ssl-images-amazon.com/images/I/81mWACgHKxL.jpg', 'Roslyn Hill'),
(441, 28, 'doloribus unde', 'Esse maxime eum repudiandae porro. Iure nobis id voluptates omnis rem velit sit. Expedita quis nihil quisquam nesciunt. Maxime quaerat omnis et fugiat qui et molestiae natus. Illum est animi ut quaerat.', 'https://images-na.ssl-images-amazon.com/images/I/81YMjfFuX6L.jpg', 'Fatima Kunde'),
(442, 29, 'dolore', 'Temporibus accusantium accusantium odit nostrum. Iusto soluta ut beatae alias explicabo et molestias sapiente. Esse sit laborum accusamus non dolores quaerat. Ea aut autem ut ut blanditiis in non. Voluptatibus debitis non maiores eligendi earum explicabo sapiente blanditiis.', 'https://images-na.ssl-images-amazon.com/images/I/913g8zhpCYL.jpg', 'Gladyce Borer'),
(443, 28, 'et vero aliquam libero', 'Rem in exercitationem maiores pariatur illum. Necessitatibus sunt exercitationem rem ut molestias assumenda. Aut molestiae omnis eos quis. Est dolore voluptas similique et quas ipsam enim ut. Incidunt nemo aut sint est est eos aut fuga. Et velit non similique nulla.', 'https://images-na.ssl-images-amazon.com/images/I/71LrevXJ4UL.jpg', 'Logan Yost'),
(444, 30, 'explicabo possimus', 'Aut tempore aliquam nobis laborum. Est veniam veritatis quia aspernatur. Ut voluptatem eaque molestiae perspiciatis fuga. Similique praesentium ducimus distinctio odio.', 'https://images-na.ssl-images-amazon.com/images/I/818SKXrgHaL.jpg', 'Rita Ruecker'),
(445, 27, 'totam', 'Qui ipsum totam impedit dolor quis vel nobis. Earum alias voluptatem sed voluptatibus. Natus reiciendis neque facere fuga inventore nulla. Voluptas illo saepe rerum qui est.', 'https://images-na.ssl-images-amazon.com/images/I/91OuigKWs+L.jpg', 'Lexus Howell'),
(446, 29, 'consequuntur quia vel et', 'Possimus voluptatibus tempora quos enim dolores consequatur explicabo. Id velit autem doloribus unde a. Distinctio commodi occaecati placeat modi eum veritatis. Est commodi ipsa magnam nobis mollitia eius ut.', 'https://images-na.ssl-images-amazon.com/images/I/91a19RuprqL.jpg', 'Kaylie Rippin'),
(447, 27, 'ducimus autem deleniti aspernatur', 'Quia qui illo assumenda id quo. Saepe et enim voluptatem nulla. Inventore sint sunt sapiente. Deleniti recusandae est ut velit reprehenderit.', 'https://images-na.ssl-images-amazon.com/images/I/91hcXocudXL.jpg', 'Drake Botsford'),
(448, 29, 'et perspiciatis', 'Quaerat esse cum ut dicta accusantium quos. Eaque et velit ea ipsa eligendi iure enim. Voluptatem quaerat laborum aut quisquam distinctio non. Nam qui dolorum excepturi dolorum asperiores. Incidunt et eum est.', 'https://images-na.ssl-images-amazon.com/images/I/71iPhxzPaoL.jpg', 'Bethel Will'),
(449, 27, 'ipsa dolor quod', 'Quam consequatur consequatur qui dolorem voluptates et. Labore explicabo molestiae et adipisci incidunt eaque accusantium. Ad sit quis quisquam dolores voluptatem in occaecati. Ex doloremque corporis et nisi enim quisquam.', 'https://images-na.ssl-images-amazon.com/images/I/91a19RuprqL.jpg', 'Noah Abshire'),
(450, 28, 'qui rerum', 'Vitae mollitia tempora in alias id. Dolorem dolore ipsam ut qui sit voluptas. Eum accusantium sapiente enim quia corporis natus.', 'https://images-na.ssl-images-amazon.com/images/I/81dfhgbb2qL.jpg', 'Earnestine Kemmer'),
(451, 30, 'odit', 'Ratione et sit non et quia dolorem ea. Ratione libero mollitia voluptatem iusto aut expedita magni. Ipsa voluptatem deserunt sit ad vitae. Similique sint ipsa error in. Atque aliquid exercitationem vel voluptas numquam. Natus vel et voluptates consectetur sunt fugiat ut.', 'https://images-na.ssl-images-amazon.com/images/I/91xNW4qPPfL.jpg', 'Jackeline Monahan'),
(452, 28, 'labore repellendus consequatur commodi', 'Ratione dolorum saepe enim totam ut ipsam accusamus. Aut rem ut officia quidem voluptas quidem voluptas. In ea et quod labore. Exercitationem eveniet quo voluptatem dolor magnam qui.', 'https://m.media-amazon.com/images/I/81zUMXGbNGL._AC_SL1500_.jpg', 'Jacynthe McGlynn'),
(453, 29, 'mollitia sequi non', 'Beatae quia ab similique nihil minima. Dolore voluptates aliquid numquam omnis aut. Voluptatem earum aspernatur nihil recusandae nesciunt et omnis. Sint fuga est ut odit culpa dignissimos est.', 'https://images-na.ssl-images-amazon.com/images/I/71V1kRB2fTL.jpg', 'Zaria Batz'),
(454, 27, 'mollitia culpa ut nesciunt', 'Aut exercitationem voluptatem sint et. Officiis quam reiciendis similique deleniti necessitatibus quam. Vero nihil qui neque et deserunt aut. Esse qui vel vel reprehenderit beatae. Omnis voluptas et adipisci vero aut omnis. Et ea dolores maxime voluptatem quasi.', 'https://fr.web.img5.acsta.net/pictures/21/02/16/12/45/5319199.jpg', 'Francisca Medhurst'),
(455, 30, 'qui', 'Labore molestiae nihil consequatur ipsam officia. Inventore sunt ipsam ducimus quis cum facilis. Sed voluptatum facere autem qui. Dolore dolor ab quisquam in. Voluptates perspiciatis commodi modi et quidem. Eveniet ut deserunt consectetur perferendis voluptatum ullam. Id est quas maiores est harum.', 'https://images-na.ssl-images-amazon.com/images/I/81H14PAKlPL.jpg', 'Katharina Kreiger'),
(456, 30, 'quo', 'Tenetur perferendis veniam atque sint. Et quos et velit provident suscipit dolores. Et in labore laboriosam in voluptatem vel. Mollitia consequuntur repudiandae iusto facilis laborum dolores ratione. Laboriosam quibusdam sapiente voluptatum.', 'https://m.media-amazon.com/images/I/81zUMXGbNGL._AC_SL1500_.jpg', 'Brent Gulgowski'),
(457, 28, 'qui sed', 'Soluta tempore repellendus vel necessitatibus. Quia dolorem quia ut autem ex eveniet. Doloribus eum voluptas velit eligendi rerum optio est necessitatibus. Magnam quia quia quos modi voluptatem reprehenderit inventore. Eveniet et molestiae et rem. Dolor sit aut et.', 'https://images-na.ssl-images-amazon.com/images/I/81VDeAyH1GL.jpg', 'Blaze Gutkowski'),
(458, 29, 'sed explicabo', 'Quisquam modi sed et libero voluptatem rem. Itaque deleniti qui et optio qui sint blanditiis. Et voluptates eum est. A quos esse rerum vel non.', 'https://images-na.ssl-images-amazon.com/images/I/71iPhxzPaoL.jpg', 'Joaquin Gislason'),
(459, 29, 'explicabo sunt consequuntur', 'Ipsa cumque aliquam sint perspiciatis amet consequuntur doloremque. At quam in qui ut unde. In et ducimus reprehenderit quasi dolorem laborum. Mollitia voluptatibus beatae placeat optio qui aut.', 'https://images-na.ssl-images-amazon.com/images/I/81mWACgHKxL.jpg', 'Elnora Keebler'),
(460, 27, 'facere', 'Aut odio quas dicta. Nisi aliquam quisquam aperiam in dolor exercitationem. Consequatur asperiores consequuntur non quia dolorem. Dolore excepturi et possimus excepturi. In dolores vel ea eligendi nihil quas voluptatem. Voluptatibus nulla hic est et.', 'https://images-na.ssl-images-amazon.com/images/I/91yiBtD0imL.jpg', 'Dashawn Glover'),
(461, 27, 'voluptate et ipsa', 'Cupiditate aspernatur voluptas est voluptatum soluta quibusdam placeat. Est asperiores nulla enim sapiente.', 'https://fr.web.img5.acsta.net/pictures/21/02/16/12/45/5319199.jpg', 'Rosendo Walsh'),
(462, 27, 'neque labore', 'Possimus quos deserunt ducimus quia mollitia. Sit eveniet repellendus consectetur ducimus vel velit veritatis id. Qui quidem quas aut autem. Non sed voluptas quae est ea est eaque dolorum.', 'https://images-na.ssl-images-amazon.com/images/I/71FH4o9mO3S.jpg', 'Delphia Zulauf'),
(463, 30, 'praesentium saepe quod veritatis', 'Recusandae omnis vel ab a ab et. Nemo at molestias et. Atque aliquid ut dolores sint sapiente veritatis. Sed quam doloremque pariatur. Nemo exercitationem id quam amet placeat esse eaque. Fugit consequatur aliquid veritatis sed. Et et et suscipit sit et accusantium ipsa.', 'https://images-na.ssl-images-amazon.com/images/I/71iPhxzPaoL.jpg', 'Dereck Beer'),
(464, 27, 'beatae omnis', 'Perspiciatis saepe pariatur sit id a eos necessitatibus. Dicta eos sit laborum voluptatem saepe nihil consequatur omnis. Consequatur necessitatibus quae ex molestias qui quia doloremque. Quia iure rem tempore. Excepturi temporibus deleniti dolor ipsam ut. Odio reprehenderit labore quo eos omnis.', 'https://images-na.ssl-images-amazon.com/images/I/71LrevXJ4UL.jpg', 'Rey Nienow'),
(465, 30, 'quisquam eveniet magnam cupiditate', 'Sed voluptatum doloribus aut aut. Fuga totam nihil et ut. Est eos amet error voluptatem voluptate voluptas. Nisi officia qui voluptatem nulla vel.', 'https://www.gbposters.com/media/catalog/product/cache/2/image/9df78eab33525d08d6e5fb8d27136e95/f/a/fairy-tail-quad-maxi-poster-1.133.jpg', 'Willa Wuckert'),
(466, 29, 'qui animi', 'Atque aliquid eius blanditiis error earum molestiae consequatur. Nostrum harum nihil officia impedit perferendis aut. Iure corporis perspiciatis sequi eos explicabo a laboriosam dignissimos. In et totam ducimus et illum.', 'https://images-na.ssl-images-amazon.com/images/I/81mWACgHKxL.jpg', 'Ressie Mills'),
(467, 27, 'occaecati et quidem laboriosam', 'Nihil vel ducimus quos debitis ut. Nemo libero optio corporis possimus. Quisquam vel expedita est quas. Quod iste veritatis officia inventore et. Minima doloremque hic commodi autem vero.', 'https://images-na.ssl-images-amazon.com/images/I/91yiBtD0imL.jpg', 'Vance Ratke'),
(468, 30, 'praesentium fugiat', 'Iste necessitatibus mollitia doloremque unde qui reiciendis. Dolorum est itaque ea omnis temporibus ducimus asperiores. Reiciendis ad praesentium veniam consectetur autem rerum aspernatur. Cum molestiae sed ipsum omnis quaerat optio.', 'https://images-na.ssl-images-amazon.com/images/I/81H14PAKlPL.jpg', 'Modesto Bins'),
(469, 28, 'quis et sed', 'Ut voluptas necessitatibus in in. Repellat modi earum et aut amet voluptatem fuga rerum. Omnis voluptatem necessitatibus quo tempora soluta. Et reiciendis est ut quaerat.', 'https://images-na.ssl-images-amazon.com/images/I/913g8zhpCYL.jpg', 'Syble Von'),
(470, 29, 'in ut consequuntur', 'Nam fuga ducimus soluta optio. Animi et expedita totam corrupti aut. Voluptates similique rerum voluptatem et dolor velit est qui. Porro occaecati delectus quas tempora odit dolor quis fugit.', 'https://images-na.ssl-images-amazon.com/images/I/71LrevXJ4UL.jpg', 'Clifton Langworth'),
(471, 29, 'blanditiis ab et', 'Distinctio nobis qui dolor rerum quia eos qui itaque. Sapiente ullam corporis est cumque dolorem adipisci. Dignissimos qui in quis non.', 'https://images-na.ssl-images-amazon.com/images/I/71V1kRB2fTL.jpg', 'Clara Wilkinson'),
(472, 28, 'sunt veritatis', 'Earum praesentium aut adipisci voluptas. Aut molestias tempore id nostrum est autem. Est et molestias voluptas perferendis consectetur. Nostrum excepturi aut et deserunt labore tenetur odit enim. Ea et officiis ut ea quas. Voluptatem quia adipisci tempore laborum dolor soluta ex.', 'https://images-na.ssl-images-amazon.com/images/I/61BhDFVSCTL.jpg', 'Georgiana Cummings'),
(473, 28, 'sit sed', 'Est non facere voluptatibus quasi est blanditiis mollitia. Ipsa velit laboriosam eaque aut culpa quo maiores. Nulla consequatur ipsam sunt quibusdam. Recusandae est similique cumque similique ut quis. Accusamus aut vel error facere.', 'https://images-na.ssl-images-amazon.com/images/I/91a19RuprqL.jpg', 'Robbie Toy'),
(474, 29, 'et sed quia', 'Consequatur id laborum molestias molestias voluptas et facilis. Dolorum facilis voluptas aliquam cum.', 'https://fr.web.img5.acsta.net/pictures/21/02/16/12/45/5319199.jpg', 'Keshawn Hagenes'),
(475, 27, 'explicabo sed molestias', 'Rerum sed voluptate reiciendis fugit. Necessitatibus et ea qui ipsa. Sapiente mollitia sint atque dolorum facere dolorum labore.', 'https://images-na.ssl-images-amazon.com/images/I/91a19RuprqL.jpg', 'Gunnar Huels'),
(476, 30, 'quod exercitationem', 'Molestias et praesentium quod harum et a. Ipsam sequi ut in autem voluptatem. Qui est quia suscipit et inventore aut numquam. Ab expedita nesciunt ea autem.', 'https://www.gbposters.com/media/catalog/product/cache/2/image/9df78eab33525d08d6e5fb8d27136e95/f/a/fairy-tail-quad-maxi-poster-1.133.jpg', 'Dana Reichert'),
(477, 27, 'rerum', 'Quasi dolores repudiandae nulla in distinctio. Quidem debitis dolore qui numquam qui sed explicabo. Ab ullam pariatur sit ipsum qui. Qui necessitatibus et tenetur. Sint nostrum ducimus delectus commodi incidunt. Velit ut quas suscipit sequi quod modi vel. Sunt occaecati modi qui.', 'https://www.pika.fr/sites/default/files/images/livres/couv/9782811607135-T.jpg', 'Hermann Grimes'),
(478, 27, 'ut fuga maxime perspiciatis', 'Nisi minima omnis culpa quos amet aut provident at. Nostrum itaque est officia numquam tempore. Deserunt est quis magnam. Iure amet libero exercitationem et. Commodi explicabo mollitia sit reiciendis rem omnis omnis. Hic veniam laboriosam velit impedit sit est.', 'https://images-na.ssl-images-amazon.com/images/I/91a19RuprqL.jpg', 'Anais Mohr'),
(479, 28, 'voluptas perspiciatis', 'Reiciendis et ipsum qui temporibus dolorem. Animi repellat veritatis aut et porro nobis dolores. Accusamus et autem eos repellendus. Aut sed quia consequatur minus. Corrupti maiores sit ut et cupiditate ratione.', 'https://images-na.ssl-images-amazon.com/images/I/913g8zhpCYL.jpg', 'Raegan Block'),
(480, 28, 'nostrum deserunt sint dolorem', 'Quia hic vel nemo provident eius voluptate. Asperiores et iste sunt ut veniam. Tenetur velit ipsa earum est. Possimus facere asperiores et eligendi molestiae.', 'https://images-na.ssl-images-amazon.com/images/I/91a19RuprqL.jpg', 'Caterina Ortiz'),
(481, 27, 'culpa', 'Nemo ipsam sequi sit. Ratione eaque et ea esse a aut voluptatum. Et odio aut rerum voluptas laborum. Dolorem iure et aliquam ut.', 'https://images-na.ssl-images-amazon.com/images/I/71iPhxzPaoL.jpg', 'Tressa Hoppe'),
(482, 30, 'debitis', 'Voluptates eveniet tenetur qui magni quod mollitia. Veritatis iusto at libero. Consequatur fugiat adipisci non magni eligendi delectus commodi. Ipsa molestiae culpa veniam quo quia aut et. Sint debitis eaque totam dolor. Autem debitis libero qui eveniet. Recusandae mollitia itaque vero et ab eaque.', 'https://images-na.ssl-images-amazon.com/images/I/81YMjfFuX6L.jpg', 'Hollie Koss'),
(483, 30, 'molestiae quo dicta modi', 'Quas sunt ducimus recusandae iusto. Aperiam minima consectetur at eveniet deserunt optio et. Eos consequatur explicabo quaerat. Similique facere et aut fuga sit.', 'https://images-na.ssl-images-amazon.com/images/I/71V1kRB2fTL.jpg', 'Lenny King'),
(484, 28, 'praesentium maxime', 'Laudantium doloribus qui ex qui. Nulla earum voluptatem doloribus omnis et vel similique. Error similique delectus tenetur at corporis.', 'https://images-na.ssl-images-amazon.com/images/I/91a19RuprqL.jpg', 'Leslie Luettgen'),
(485, 30, 'illo ad qui ullam', 'Minima quia delectus minus praesentium magnam sed. Odio eaque temporibus autem sunt consequatur in perspiciatis. Quas quos voluptatem quo id maiores tempora. Alias assumenda deleniti architecto.', 'https://images-na.ssl-images-amazon.com/images/I/91yiBtD0imL.jpg', 'Albina Fisher'),
(486, 27, 'et vel aut animi', 'Reiciendis qui molestiae officiis et debitis libero error. Officiis aut doloremque dolores non et ut deserunt quis. Ratione ducimus ad maxime voluptatem animi.', 'https://images-na.ssl-images-amazon.com/images/I/918Ai9a893L.jpg', 'Rudy Lindgren'),
(487, 27, 'assumenda', 'Neque cum dolor fugit eaque quo quisquam sit unde. Sed omnis consequatur laborum. Ut aut autem praesentium eos provident. Quis excepturi est officia a aliquid alias minima.', 'https://images-na.ssl-images-amazon.com/images/I/91xNW4qPPfL.jpg', 'Nikko Gerlach'),
(488, 29, 'modi aut', 'Et sed natus voluptatem. Dicta nobis ut nihil deleniti hic. Animi molestias in quos quo fugiat deleniti deleniti. Et distinctio aliquid occaecati sequi aut odio tempore voluptas.', 'https://images-na.ssl-images-amazon.com/images/I/918Ai9a893L.jpg', 'Orin Heidenreich'),
(489, 30, 'rerum ut accusantium', 'Reiciendis fugit non qui sunt debitis et eum. Ea dolore provident et omnis vel est vero. Officiis reprehenderit occaecati consequatur aperiam. Magnam voluptatum sapiente quis labore fuga. Sint et consequatur deserunt est facere molestiae non. Aut vel sit qui reprehenderit.', 'https://images-na.ssl-images-amazon.com/images/I/81mWACgHKxL.jpg', 'Heloise Gleason'),
(490, 30, 'voluptatum', 'Quia explicabo quo eaque vel sunt minima. Ducimus eius eaque quo quam cumque cumque. Magnam nobis est ex deserunt minima. Et omnis aut quidem corporis.', 'https://images-na.ssl-images-amazon.com/images/I/71iPhxzPaoL.jpg', 'Conor Herman'),
(491, 30, 'magni officiis', 'Harum fuga voluptatem ut distinctio excepturi. Maxime vitae molestiae ut et. Maxime aut porro sapiente voluptas alias rerum temporibus consequatur. Id et numquam cumque eos nobis.', 'https://images-na.ssl-images-amazon.com/images/I/81mWACgHKxL.jpg', 'Cristina Mertz'),
(492, 27, 'reiciendis facilis', 'Distinctio assumenda et dolor ipsum. Dolor eaque molestiae beatae qui similique veniam. Sed laborum corrupti recusandae explicabo commodi harum. Qui qui reprehenderit aliquam aut. Ipsam fuga nihil accusamus quaerat odit. Consequatur odio dolores similique est veritatis dicta perspiciatis.', 'https://images-na.ssl-images-amazon.com/images/I/81dfhgbb2qL.jpg', 'Katharina Kilback'),
(493, 30, 'sint qui rerum tenetur', 'Consequatur ut similique odio corporis quidem aspernatur fugit. Consectetur laudantium eveniet dolores tempore porro et. Ut consequatur ut doloremque accusamus sed consequatur. Deserunt voluptas cupiditate et non maxime. Voluptatem sed laborum dolores ut maiores sint qui dicta.', 'https://m.media-amazon.com/images/I/81zUMXGbNGL._AC_SL1500_.jpg', 'Obie Jenkins'),
(494, 30, 'nihil possimus et', 'Sit eos architecto aut. Dolorem incidunt recusandae sint. Et qui maiores inventore iste enim consequatur. Modi dolore fugiat tempora quidem est aliquid asperiores. Quia nihil deleniti perferendis doloremque non magnam. Rerum eum optio alias. Fugit fugit a maxime qui dolor est nulla.', 'https://images-na.ssl-images-amazon.com/images/I/918Ai9a893L.jpg', 'Delphine Jast'),
(495, 28, 'aut est', 'Ullam occaecati quos fugit blanditiis ullam maiores rerum. In neque aperiam earum dignissimos sit velit. Sint omnis aut fugit enim impedit. Iusto quisquam nobis porro.', 'https://images-na.ssl-images-amazon.com/images/I/81Z5oMQHqaL.jpg', 'Jabari Bruen'),
(496, 28, 'laborum', 'Nemo perferendis porro laborum voluptate architecto voluptatem eos. Et sequi ut doloribus non. Magni suscipit quod labore et. Voluptas optio magnam quasi vel neque soluta nihil.', 'https://images-na.ssl-images-amazon.com/images/I/81H14PAKlPL.jpg', 'Orrin Cassin'),
(497, 30, 'aliquam est facilis dolor', 'Et qui autem necessitatibus molestiae est ex rem. Excepturi aspernatur fugiat nesciunt commodi cupiditate sint. Nulla qui praesentium doloribus sed. Saepe voluptatem et aliquid incidunt alias assumenda quo.', 'https://images-na.ssl-images-amazon.com/images/I/81VDeAyH1GL.jpg', 'Ara Rau'),
(498, 30, 'dolorem et', 'Quis consequuntur officiis omnis dolore nesciunt. Numquam molestiae suscipit error voluptatem. Impedit voluptatem in aut.', 'https://images-na.ssl-images-amazon.com/images/I/81mWACgHKxL.jpg', 'Eulah Nikolaus'),
(499, 29, 'consequatur architecto', 'Animi maxime neque in nemo nemo asperiores. Id aliquid ipsam maiores eius quia repudiandae. Enim mollitia tenetur quidem ex explicabo. Delectus et autem cumque aliquid sunt.', 'https://images-na.ssl-images-amazon.com/images/I/81VDeAyH1GL.jpg', 'Lacy Stamm'),
(500, 27, 'perferendis', 'Vel nostrum sed quisquam et. Vel est fuga doloremque ut dolore. Iste sed et qui nobis illum quo fuga. Id hic consequuntur non qui omnis dolore soluta. Et aut occaecati molestias qui est.', 'https://images-na.ssl-images-amazon.com/images/I/81VDeAyH1GL.jpg', 'Talon Frami');

-- --------------------------------------------------------

--
-- Structure de la table `manga_category`
--

CREATE TABLE `manga_category` (
  `id` int(11) NOT NULL,
  `name` varchar(50) COLLATE utf8mb4_unicode_ci NOT NULL
) ENGINE=InnoDB DEFAULT CHARSET=utf8mb4 COLLATE=utf8mb4_unicode_ci;

--
-- Déchargement des données de la table `manga_category`
--

INSERT INTO `manga_category` (`id`, `name`) VALUES
(26, 'Kodomo'),
(27, 'Shonen'),
(28, 'Shojo'),
(29, 'Seinen'),
(30, 'Josei');

-- --------------------------------------------------------

--
-- Structure de la table `place`
--

CREATE TABLE `place` (
  `id` int(11) NOT NULL,
  `name` varchar(50) COLLATE utf8mb4_unicode_ci NOT NULL,
  `street` varchar(120) COLLATE utf8mb4_unicode_ci NOT NULL,
  `zipcode` varchar(12) COLLATE utf8mb4_unicode_ci NOT NULL,
  `city` varchar(60) COLLATE utf8mb4_unicode_ci NOT NULL,
  `country` varchar(50) COLLATE utf8mb4_unicode_ci NOT NULL
) ENGINE=InnoDB DEFAULT CHARSET=utf8mb4 COLLATE=utf8mb4_unicode_ci;

--
-- Déchargement des données de la table `place`
--

INSERT INTO `place` (`id`, `name`, `street`, `zipcode`, `city`, `country`) VALUES
(401, 'Gay', 'rue Thibaut Blanc', '35 469', 'Colin', 'France'),
(402, 'Lamy', '738, boulevard de Lemaire', '69828', 'David-sur-Clerc', 'France'),
(403, 'Remy SAS', '869, avenue de Legendre', '36103', 'Martin', 'France'),
(404, 'Leleu Herve SA', '575, rue de Martins', '82 206', 'Leleu-sur-Fournier', 'France'),
(405, 'Roger S.A.R.L.', '62, rue Muller', '30305', 'GuyonBourg', 'France'),
(406, 'Dijoux Dias et Fils', '661, boulevard Hélène Delahaye', '52038', 'LejeuneBourg', 'France'),
(407, 'Maillard SARL', '3, rue Picard', '64 769', 'Dos Santosdan', 'France'),
(408, 'Pelletier Denis SARL', '57, avenue Josette Leclerc', '81 743', 'Perez', 'France'),
(409, 'Garnier Morvan SARL', '77, rue de Chevallier', '05081', 'Charles-sur-Boulanger', 'France'),
(410, 'Jacob SA', '52, avenue Brigitte Fournier', '12724', 'Lacombe', 'France'),
(411, 'Gregoire', '40, rue Lopes', '69 925', 'Hebert', 'France'),
(412, 'Rodrigues', '87, boulevard Etienne', '47765', 'Klein', 'France'),
(413, 'Gilles', '447, boulevard de Didier', '63207', 'Caron', 'France'),
(414, 'Didier', '561, rue Valérie Moreau', '30 537', 'Olivier-sur-Mer', 'France'),
(415, 'Cordier et Fils', '37, chemin Christelle Charles', '52 011', 'Ledoux', 'France'),
(416, 'Moulin S.A.', '69, rue Valentine Leduc', '11517', 'Rousset-sur-Mer', 'France'),
(417, 'Couturier', '37, boulevard de Rousseau', '71 448', 'Chretien', 'France'),
(418, 'Monnier', '77, avenue Tristan Sanchez', '34 127', 'Mary-sur-Mer', 'France'),
(419, 'Fontaine Collet S.A.S.', '87, chemin Pierre', '07567', 'Arnaud-sur-Devaux', 'France'),
(420, 'Chauveau Lemoine S.A.', 'place Toussaint', '25315', 'Durand', 'France'),
(421, 'Le Goff S.A.S.', '30, chemin Monique Toussaint', '87 384', 'Leblanc-la-Forêt', 'France'),
(422, 'Louis', 'rue Nicole Diaz', '37918', 'Camus-les-Bains', 'France'),
(423, 'Leger', '982, avenue de Laporte', '11521', 'Leclerc', 'France'),
(424, 'Baudry', 'boulevard David Dijoux', '80 737', 'Aubert', 'France'),
(425, 'Renard SA', '68, rue Hernandez', '69275', 'Henry', 'France'),
(426, 'Dufour', '52, chemin Zoé Pires', '65 716', 'Leleu', 'France'),
(427, 'Barbe SA', '376, chemin Lorraine Bernard', '23 671', 'Guillon', 'France'),
(428, 'Le Roux et Fils', '528, rue Guillaume Mathieu', '60103', 'Lebrunnec', 'France'),
(429, 'Godard SARL', '90, rue Collin', '51957', 'Pruvost-sur-Mer', 'France'),
(430, 'Gaillard Perrier S.A.', 'chemin Julien Leroux', '84 219', 'LaurentVille', 'France'),
(431, 'Blanc Carlier SA', 'chemin René Gregoire', '29 338', 'Fontaine', 'France'),
(432, 'Raymond', 'place Martin', '00514', 'Marchal-sur-Martin', 'France'),
(433, 'Boyer', '939, impasse Petitjean', '08 650', 'Gilbert-sur-Coulon', 'France'),
(434, 'Renaud', '33, rue Paul', '19644', 'Moulin', 'France'),
(435, 'Rousset Ledoux SAS', '17, rue de Bernier', '03979', 'Carlier', 'France'),
(436, 'Chevallier', '1, boulevard Mahe', '98215', 'Lecoq', 'France'),
(437, 'Gregoire Legros SARL', '82, avenue Pascal', '00 016', 'Dijouxnec', 'France'),
(438, 'Picard Ramos SAS', '41, rue de Joubert', '88 654', 'Blancnec', 'France'),
(439, 'Raymond S.A.', '999, rue Mary', '62394', 'Barbe-sur-Colin', 'France'),
(440, 'Chretien SA', '76, boulevard de Rodriguez', '06586', 'Guyot', 'France'),
(441, 'Jacquot Auger SARL', 'impasse Alexandre Richard', '78594', 'Levy-sur-Adam', 'France'),
(442, 'Duval', '7, place Alain Guyon', '15 112', 'Robert', 'France'),
(443, 'Brunet S.A.S.', '30, rue Da Costa', '69633', 'Nicolas-la-Forêt', 'France'),
(444, 'Blin Hoarau SARL', '803, place Aimé Legendre', '76 072', 'Launay', 'France'),
(445, 'Lebreton S.A.R.L.', 'impasse de Paris', '79 901', 'Lambert', 'France'),
(446, 'Jourdan Fabre SARL', '4, chemin Weiss', '83 415', 'BernardVille', 'France'),
(447, 'Bazin S.A.S.', '93, boulevard de Chauvet', '26835', 'Gosselin-sur-Carre', 'France'),
(448, 'Renaud Delattre SA', '65, boulevard de Pasquier', '26 985', 'Germain', 'France'),
(449, 'Roussel SA', '92, impasse Margaux Roussel', '21 791', 'Lerouxnec', 'France'),
(450, 'Renard', '14, rue de Hebert', '13368', 'Colas', 'France'),
(451, 'Bonneau', '73, impasse Rémy Jacquot', '24530', 'Hoareau', 'France'),
(452, 'Grondin Poirier SARL', '74, avenue de Giraud', '30969', 'Boyer', 'France'),
(453, 'Carlier Rolland S.A.S.', '87, rue Auguste Normand', '18 541', 'Collin-sur-Allard', 'France'),
(454, 'Barbe', '246, place Sébastien Millet', '48758', 'Benoit-sur-Mer', 'France'),
(455, 'Mace', '19, rue de Chauvin', '86 834', 'Caron-sur-Fouquet', 'France'),
(456, 'Bonnin', '1, boulevard Éric Leblanc', '66042', 'De Sousa-sur-Garcia', 'France'),
(457, 'Vallee SAS', '19, place de Jacquot', '37 906', 'LabbeVille', 'France'),
(458, 'Leroux S.A.R.L.', '20, place Chauveau', '52354', 'Leduc', 'France'),
(459, 'Alves', '54, boulevard Peron', '85345', 'Bouvier-les-Bains', 'France'),
(460, 'Bernier', '46, chemin Timothée Mathieu', '60 523', 'Boucher-sur-Boucher', 'France'),
(461, 'Moreno', 'impasse Édouard Raynaud', '35969', 'Delahaye', 'France'),
(462, 'Teixeira S.A.R.L.', '44, rue Blanchard', '85730', 'Jourdan', 'France'),
(463, 'Fabre', 'boulevard Alphonse Bernier', '62 388', 'Dupuis', 'France'),
(464, 'Lefebvre', 'rue Blondel', '64744', 'Mercier', 'France'),
(465, 'De Oliveira', '63, boulevard Sophie Martel', '78319', 'Mary', 'France'),
(466, 'Boulanger', '56, rue Susan Toussaint', '25268', 'Letellier-sur-Mer', 'France'),
(467, 'Sanchez', '52, chemin de Loiseau', '72606', 'Pruvost-sur-Mer', 'France'),
(468, 'Robin Bourgeois SA', '7, chemin Maury', '30674', 'Legendre', 'France'),
(469, 'Boulanger', '17, impasse Clémence Bodin', '79 235', 'Alves', 'France'),
(470, 'Picard S.A.S.', '82, place Claudine Perret', '78 298', 'Hamon', 'France'),
(471, 'Aubry', '99, impasse de Berthelot', '37648', 'Foucher-sur-Denis', 'France'),
(472, 'De Sousa', '61, chemin Philippe', '66 231', 'Gomez', 'France'),
(473, 'Laurent', '88, rue de Rocher', '19042', 'Delorme-sur-Delaunay', 'France'),
(474, 'Leclerc SAS', '83, boulevard de Etienne', '80210', 'Michaud', 'France'),
(475, 'Guyon', '427, impasse Wagner', '60 991', 'Guyon', 'France'),
(476, 'Courtois et Fils', 'place de Cordier', '98470', 'Brunet', 'France'),
(477, 'Benard SAS', '52, place Marthe David', '96 706', 'Humbert', 'France'),
(478, 'Dupuy S.A.R.L.', '936, rue Jourdan', '69574', 'Lefevre', 'France'),
(479, 'Mary', '71, chemin Weber', '29 011', 'Renault', 'France'),
(480, 'Valette', '52, impasse Guerin', '01673', 'Gillesdan', 'France'),
(481, 'Foucher', '43, impasse Hardy', '55 130', 'MendesVille', 'France'),
(482, 'Coste Mary SAS', 'impasse Ferrand', '12 883', 'Huetboeuf', 'France'),
(483, 'Thomas SAS', '637, rue Josette Dumont', '31 117', 'RousseauVille', 'France'),
(484, 'Philippe', '4, chemin Blondel', '76528', 'Hamon', 'France'),
(485, 'Laporte', '33, rue Duhamel', '49497', 'Joubertnec', 'France'),
(486, 'Benard', '833, impasse de Hamel', '25 954', 'Schneider-sur-Humbert', 'France'),
(487, 'Maillot', '551, place Dupont', '38192', 'Rodrigues', 'France'),
(488, 'Philippe Carre S.A.', 'boulevard Honoré Le Gall', '12 244', 'Aubert', 'France'),
(489, 'Pereira Delannoy SA', '58, place Meyer', '60731', 'De Oliveira-les-Bains', 'France'),
(490, 'Lacombe et Fils', '85, place Valentine Lelievre', '95 059', 'Pierre', 'France'),
(491, 'Lefevre', 'avenue Olivier Pascal', '82 910', 'Guyonnec', 'France'),
(492, 'Descamps Munoz et Fils', '61, rue Jeanne Martin', '32 103', 'Meyer-sur-Mer', 'France'),
(493, 'Lefebvre Bousquet SARL', '845, chemin Charlotte Marechal', '28 590', 'Paris-sur-Mer', 'France'),
(494, 'Hamel Legrand S.A.S.', 'avenue de Poulain', '91 970', 'FouquetBourg', 'France'),
(495, 'Vidal Dubois S.A.', '1, impasse de Blanc', '69382', 'Rodriguez', 'France'),
(496, 'Mary', '665, place Pichon', '24 671', 'Ponsdan', 'France'),
(497, 'Vallet Renard SA', 'impasse Roger Joubert', '37756', 'Ruizboeuf', 'France'),
(498, 'Etienne SA', '4, rue Hugues Gaudin', '30985', 'Jacquot', 'France'),
(499, 'Francois Herve S.A.R.L.', '8, rue Wagner', '64 879', 'Alves', 'France'),
(500, 'Bodin SA', '9, chemin de Bourdon', '79 076', 'Lefevre', 'France');

-- --------------------------------------------------------

--
-- Structure de la table `platform`
--

CREATE TABLE `platform` (
  `id` int(11) NOT NULL,
  `name` varchar(50) COLLATE utf8mb4_unicode_ci NOT NULL
) ENGINE=InnoDB DEFAULT CHARSET=utf8mb4 COLLATE=utf8mb4_unicode_ci;

--
-- Déchargement des données de la table `platform`
--

INSERT INTO `platform` (`id`, `name`) VALUES
(46, 'Playstation 4'),
(47, 'Playstation 5'),
(48, 'Xbox One'),
(49, 'Xbox Series'),
(50, 'Nintendo Switch'),
(51, 'PC'),
(52, 'MAC'),
(53, 'Stadia'),
(54, 'Wii U');

-- --------------------------------------------------------

--
-- Structure de la table `user`
--

CREATE TABLE `user` (
  `id` int(11) NOT NULL,
  `profile_id` int(11) DEFAULT NULL,
  `level_id` int(11) DEFAULT NULL,
  `email` varchar(180) COLLATE utf8mb4_unicode_ci NOT NULL,
  `roles` json NOT NULL,
  `password` varchar(255) COLLATE utf8mb4_unicode_ci NOT NULL,
  `username` varchar(50) COLLATE utf8mb4_unicode_ci NOT NULL,
  `birthdate` date NOT NULL,
  `picture` varchar(255) COLLATE utf8mb4_unicode_ci NOT NULL,
  `city` varchar(60) COLLATE utf8mb4_unicode_ci NOT NULL
) ENGINE=InnoDB DEFAULT CHARSET=utf8mb4 COLLATE=utf8mb4_unicode_ci;

--
-- Déchargement des données de la table `user`
--

INSERT INTO `user` (`id`, `profile_id`, `level_id`, `email`, `roles`, `password`, `username`, `birthdate`, `picture`, `city`) VALUES
(1001, 20, 23, 'juliette33@gmail.com', '[\"ROLE_USER\"]', '$2y$10$FG3bTiQHjXaF20nJ0KTem.bXPb56RYJa0p8TCUwckXaHUMC.hIpP.', 'pineau.hugues', '1990-06-13', 'https://cdn-icons.flaticon.com/png/512/2671/premium/2671422.png?token=exp=1641899777~hmac=5ab4dd5190ff90327964da4573142588', 'Guerin-sur-Collet'),
(1002, 19, 23, 'hamel.thierry@wanadoo.fr', '[\"ROLE_USER\"]', '$2y$10$EYsaw2ssx4H2EIzQ1tQuyOqNPbWlrqMadQMZw.smxks2ioj9/EXjm', 'dupuis.franck', '1971-10-17', 'https://cdn-icons.flaticon.com/png/512/2671/premium/2671422.png?token=exp=1641899777~hmac=5ab4dd5190ff90327964da4573142588', 'Hamon'),
(1003, 20, NULL, 'diaz.suzanne@yahoo.fr', '[\"ROLE_USER\"]', '$2y$10$AaUJpLrM5JIKL0PMQpI1ferVhrI8OfcgDDJo5b7zqZvvqWKCoIFnO', 'christophe.gauthier', '1971-12-02', 'https://cdn-icons-png.flaticon.com/512/528/528107.png', 'Chevalier'),
(1004, 19, 25, 'breton.noel@sfr.fr', '[\"ROLE_USER\"]', '$2y$10$gcQx7v4PZsGPlfLWSOdCruKibJfPOk.pbVo.rBGQa5b7dTYcbD.ka', 'lefevre.sophie', '1962-07-18', 'https://cdn-icons-png.flaticon.com/512/1120/1120972.png', 'Tanguydan'),
(1005, NULL, 25, 'ngregoire@wanadoo.fr', '[\"ROLE_USER\"]', '$2y$10$UTYnxn9kO76GuS92mkI.NuYtTb2mzSXsCyRsyanEADn3M9fWnuGoq', 'xgerard', '1998-08-19', 'https://cdn-icons.flaticon.com/png/512/1090/premium/1090806.png?token=exp=1641899702~hmac=54cf59726506b8ed7f77b4bba23bdda4', 'Rodriguez'),
(1006, 20, NULL, 'luce45@berger.org', '[\"ROLE_USER\"]', '$2y$10$lxNqA4TanUZPRoLsuto3KeQSKJmDyFp.Vhs.rRMN814/os88W.P4i', 'suzanne.garcia', '1991-09-19', 'https://cdn-icons.flaticon.com/png/512/1211/premium/1211015.png?token=exp=1641899224~hmac=3a28f8e149a633bcf6812e2b4d7d6b08', 'Bouchet'),
(1007, 19, 25, 'margot.dasilva@marchal.org', '[\"ROLE_USER\"]', '$2y$10$by./KEUZLt8Tx7Z/.b7gWuR1pARLHMUcLEoqeaz.DJmYrJVfqq0fK', 'smary', '1993-10-11', 'https://cdn-icons-png.flaticon.com/512/435/435048.png', 'Clement'),
(1008, 19, 23, 'clerc.nathalie@laurent.com', '[\"ROLE_USER\"]', '$2y$10$SpwsNw4dRRsQNtegyYvB8uaJdAnNkluopaZRXoiBjbSp8924aaTZe', 'marcelle.boulanger', '1965-03-18', 'https://cdn-icons-png.flaticon.com/512/1674/1674291.png', 'Rocherboeuf'),
(1009, 19, NULL, 'adelaide.poulain@delmas.org', '[\"ROLE_USER\"]', '$2y$10$ugC999s5mPwSgIOugEj/jectNe9VC5X/tlOx3sztGkK9FspGwiE8W', 'vmarin', '1986-01-09', 'https://cdn-icons.flaticon.com/png/512/2671/premium/2671422.png?token=exp=1641899777~hmac=5ab4dd5190ff90327964da4573142588', 'Blot'),
(1010, NULL, 23, 'qbrun@bonneau.fr', '[\"ROLE_USER\"]', '$2y$10$SmcI6W58zwimK./4JtpPU.fYAJDPNQozYh294JXlk2IvRKGA/3q16', 'sophie.chauvet', '2002-09-02', 'https://cdn-icons.flaticon.com/png/512/2671/premium/2671422.png?token=exp=1641899777~hmac=5ab4dd5190ff90327964da4573142588', 'Techer'),
(1011, 20, 25, 'dfrancois@live.com', '[\"ROLE_USER\"]', '$2y$10$/h5QJkUpe5r0k3obiX6lfOKNSnOYPka309385iKG7V6Fqjxk/q3b6', 'cgarnier', '1984-08-27', 'https://cdn-icons-png.flaticon.com/512/1674/1674292.png', 'Turpin-les-Bains'),
(1012, 20, NULL, 'eugene.millet@yahoo.fr', '[\"ROLE_USER\"]', '$2y$10$4RFnv3I6jQuG5FLLaf9aiOtX10bwfTzXspNRfGGXzQ4zfZr1Q6W5y', 'hperrot', '1978-11-25', 'https://cdn-icons.flaticon.com/png/512/2520/premium/2520865.png?token=exp=1641899519~hmac=dd214a475e4fdbc17f353ae828106d7e', 'Schmittboeuf'),
(1013, 19, 25, 'vdenis@hotmail.fr', '[\"ROLE_USER\"]', '$2y$10$HroRXuugM5oEZkXTigqhb.3vCkmiGRVhHmJ9wTK9O2/v2Sw/msZPe', 'nbertrand', '2008-09-27', 'https://cdn-icons.flaticon.com/png/512/2423/premium/2423830.png?token=exp=1641899421~hmac=08269d202be75908dc10a7f02ca0d797', 'Bourdon'),
(1014, 20, 24, 'lucas.sanchez@sanchez.org', '[\"ROLE_USER\"]', '$2y$10$xngbzOz4atMVFAbDwf54x.RdApUsWQugPvCnTvHuxIuekAOBTc.dC', 'elisabeth82', '2006-11-03', 'https://cdn-icons-png.flaticon.com/512/1674/1674292.png', 'Turpinnec'),
(1015, NULL, NULL, 'renee.poirier@giraud.org', '[\"ROLE_USER\"]', '$2y$10$pwYbq40wdbqP7k6n7EjDJuJePdM.98W96HXZGXroHEftw3g/7P3O6', 'humbert.leon', '1974-07-17', 'https://cdn-icons-png.flaticon.com/512/871/871366.png', 'Nguyen'),
(1016, 18, 22, 'ivasseur@wanadoo.fr', '[\"ROLE_USER\"]', '$2y$10$MFRusC0iC32Megv0jPf4Pu1El4mep0WI3Eo5Dbj8.jLOiTun20YfW', 'veronique.dupuy', '1971-08-10', 'https://cdn-icons.flaticon.com/png/512/663/premium/663097.png?token=exp=1641899224~hmac=446cfd4b7676c1308cbd1a3ecbdc873a', 'Maillot'),
(1017, 20, 24, 'marechal.diane@rolland.net', '[\"ROLE_USER\"]', '$2y$10$X6VutHB8SUlyQL9UqvoYluy8COYbZpyfHtjgUeNLl/LVhemS8ivSu', 'umarie', '2001-01-15', 'https://cdn-icons.flaticon.com/png/512/4218/premium/4218368.png?token=exp=1641899519~hmac=0bcfc455c9c4c1133d983b08a50346c4', 'Ferreira'),
(1018, 19, NULL, 'yves73@free.fr', '[\"ROLE_USER\"]', '$2y$10$zRieOpvhlZN/eIeTMAUWjetobb20hrOuOu0F.ti.NdQKi71Tgoz.e', 'josette47', '1988-11-27', 'https://cdn-icons-png.flaticon.com/512/306/306772.png', 'Legendrenec'),
(1019, 19, 23, 'jacob.sabine@yahoo.fr', '[\"ROLE_USER\"]', '$2y$10$bY1hSSM7WRAYQvsTxFhmT.To2SeqUOBWivmRCRIlGC0f9IrEmpnSy', 'alice94', '2008-03-19', 'https://cdn-icons-png.flaticon.com/512/306/306772.png', 'Turpin'),
(1020, NULL, 23, 'bguerin@collin.com', '[\"ROLE_USER\"]', '$2y$10$2r8sKE7FrnAVGQcOh/HTWuMeu6AOhFOOSc8mbOnNlpZnwsK.P91Ae', 'frederic17', '1983-12-21', 'https://cdn-icons.flaticon.com/png/512/2423/premium/2423830.png?token=exp=1641899421~hmac=08269d202be75908dc10a7f02ca0d797', 'Charpentier'),
(1021, 20, NULL, 'dorothee.joly@bruneau.com', '[\"ROLE_USER\"]', '$2y$10$i5ESir5oxp3p.6N3PV42o.Ad86/bRdA32N5mG/SmoOZSxXK8cwNkq', 'nathalie.lamy', '2007-12-20', 'https://cdn-icons-png.flaticon.com/512/924/924874.png', 'Hamon-la-Forêt'),
(1022, 19, 22, 'schmitt.aurelie@wanadoo.fr', '[\"ROLE_USER\"]', '$2y$10$QMB9TSSLn0BCCBtCmtv//eV.VvR7CZSxiTKn3yEyCjLuUTflsoEoK', 'grobert', '2006-09-24', 'https://cdn-icons-png.flaticon.com/512/1752/1752772.png', 'Gros'),
(1023, 20, 24, 'dominique22@yahoo.fr', '[\"ROLE_USER\"]', '$2y$10$Ym3CysZAVmtPPTovVW2zr.XfY2ADNcogdYntpys2SLB.Wedolz2va', 'claire.langlois', '1963-12-17', 'https://cdn-icons.flaticon.com/png/512/1985/premium/1985783.png?token=exp=1641899777~hmac=467dad371dbd0417fc9f459b8fcfa7d0', 'GeorgesVille'),
(1024, 20, NULL, 'lamy.valerie@leleu.fr', '[\"ROLE_USER\"]', '$2y$10$1mXEopZJE0n8Yi4Q5ayE0uBzxdT1GziohbbdrSSpngGseH0a8VdTW', 'nathalie57', '1963-03-24', 'https://cdn-icons.flaticon.com/png/512/1985/premium/1985783.png?token=exp=1641899777~hmac=467dad371dbd0417fc9f459b8fcfa7d0', 'Rousset'),
(1025, NULL, 24, 'ifabre@gmail.com', '[\"ROLE_USER\"]', '$2y$10$A5Tf7uTxeNNk0zO.Cu0WPOj2qUpLJJLYLhQ93U3brShO2Qbtujn0G', 'vaillant.laurence', '1977-06-15', 'https://cdn-icons.flaticon.com/png/512/663/premium/663097.png?token=exp=1641899224~hmac=446cfd4b7676c1308cbd1a3ecbdc873a', 'Traore'),
(1026, 20, 22, 'jthierry@hotmail.fr', '[\"ROLE_USER\"]', '$2y$10$9fxJWcyEQDnNSQL1lQ7D.egoBJY..tHmuLThlVSUtAIXK2AhfTDv2', 'luc.mercier', '1982-07-19', 'https://cdn-icons.flaticon.com/png/512/663/premium/663097.png?token=exp=1641899224~hmac=446cfd4b7676c1308cbd1a3ecbdc873a', 'DumasVille'),
(1027, 19, NULL, 'barbier.raymond@dbmail.com', '[\"ROLE_USER\"]', '$2y$10$7/bvsg9Acb56m742V.gqGOD7qWE6jJ8CZSv50V4xv3BykAO9OPpku', 'zoe.roche', '1963-04-03', 'https://cdn-icons.flaticon.com/png/512/2423/premium/2423830.png?token=exp=1641899421~hmac=08269d202be75908dc10a7f02ca0d797', 'LacombeBourg'),
(1028, 19, 25, 'gerard.guillaume@deschamps.com', '[\"ROLE_USER\"]', '$2y$10$Q/6ldff/SflE68KJUxwB0e341oSnmu4TSNN8W7ZLWcc8/.g9pqikq', 'guy.tessier', '1970-05-03', 'https://cdn-icons.flaticon.com/png/512/2423/premium/2423830.png?token=exp=1641899421~hmac=08269d202be75908dc10a7f02ca0d797', 'Gauthier-la-Forêt'),
(1029, 19, 25, 'michelle71@free.fr', '[\"ROLE_USER\"]', '$2y$10$kphEaXbvCd56Q5VVGERBseYnD2SAD205P66Bpbo.lov60YSBQwHTm', 'agathe.collet', '1976-09-29', 'https://cdn-icons-png.flaticon.com/512/452/452539.png', 'MarieBourg'),
(1030, NULL, NULL, 'smoulin@normand.org', '[\"ROLE_USER\"]', '$2y$10$8WA4xh9FXwgVxogMs79EZ.sov3wMQTUvZXUB6u4bQ0e/F4cT2JmY6', 'georges44', '1973-01-11', 'https://cdn-icons.flaticon.com/png/512/2520/premium/2520865.png?token=exp=1641899519~hmac=dd214a475e4fdbc17f353ae828106d7e', 'Delorme-les-Bains'),
(1031, 18, 24, 'noemi92@laposte.net', '[\"ROLE_USER\"]', '$2y$10$aOdaIPaDA.2TR5X37UG8YO2GGaRcxr669PZKWZlMPf1gHt5Ge9NPy', 'brigitte.baron', '1980-07-15', 'https://cdn-icons.flaticon.com/png/512/2520/premium/2520865.png?token=exp=1641899519~hmac=dd214a475e4fdbc17f353ae828106d7e', 'Blindan'),
(1032, 19, 25, 'mgrondin@live.com', '[\"ROLE_USER\"]', '$2y$10$DLrNwEkHa824Kkno5v4FZOpsfJFtYnAVU6JBngYGhI4onA0iEB5o2', 'jules25', '1973-08-19', 'https://cdn-icons.flaticon.com/png/512/2671/premium/2671422.png?token=exp=1641899777~hmac=5ab4dd5190ff90327964da4573142588', 'Morelnec'),
(1033, 20, NULL, 'mpetit@gmail.com', '[\"ROLE_USER\"]', '$2y$10$1b1m8WuF3D9kpCie023RL.UvbkMD3L6Ev.D2kAWSH/7FDZC.PcAoO', 'zbesnard', '1986-02-15', 'https://cdn-icons-png.flaticon.com/512/528/528111.png', 'Buisson'),
(1034, 18, 23, 'william97@henry.fr', '[\"ROLE_USER\"]', '$2y$10$DQv8N3iRJpTgFv.qySjEH.pPEimHaUsKl.P.ZizSLjdLt50sQVflO', 'hgosselin', '1975-04-20', 'https://cdn-icons.flaticon.com/png/512/1211/premium/1211015.png?token=exp=1641899224~hmac=3a28f8e149a633bcf6812e2b4d7d6b08', 'Turpin-sur-Mer'),
(1035, NULL, 23, 'rmarques@langlois.com', '[\"ROLE_USER\"]', '$2y$10$dWdwcj6laNDEPWQ8CrnMZO/BX76VYlOtl7CkGDLelYUd2HLLhIT5a', 'bertrand.riviere', '1986-05-10', 'https://cdn-icons-png.flaticon.com/512/1752/1752772.png', 'Grondin'),
(1036, 19, NULL, 'emmanuelle.leveque@yahoo.fr', '[\"ROLE_USER\"]', '$2y$10$xIBPAmEqrrzOEfttw1oZEe8JoP88fOfzcSAqGFdDJyOTTCroTe/v2', 'josette34', '1976-06-03', 'https://cdn-icons.flaticon.com/png/512/2520/premium/2520865.png?token=exp=1641899519~hmac=dd214a475e4fdbc17f353ae828106d7e', 'Sauvage'),
(1037, 19, 24, 'aurelie11@wanadoo.fr', '[\"ROLE_USER\"]', '$2y$10$89XWAAagmPNstBtztQuhBuhu.KOEE7B66GVyMVCmozH7iYibxWXrW', 'riviere.maggie', '1989-11-05', 'https://cdn-icons-png.flaticon.com/512/189/189000.png', 'Leduc-sur-Mer'),
(1038, 18, 24, 'zdumas@sfr.fr', '[\"ROLE_USER\"]', '$2y$10$YD36oGtsrnVP2n1sRAfeP.afKYh4VdmRZ8lq7a/lpPXKhi9KVmi3m', 'isabelle.bourgeois', '1965-06-14', 'https://cdn-icons-png.flaticon.com/512/1120/1120972.png', 'Guillaume-les-Bains'),
(1039, 19, NULL, 'hlombard@free.fr', '[\"ROLE_USER\"]', '$2y$10$Axz8sLBXRS2//WX7NT.JtOjlCtrYLorLFfzESOzXDXw1pbA6I6hPy', 'gomes.josette', '1972-05-15', 'https://cdn-icons.flaticon.com/png/512/1985/premium/1985783.png?token=exp=1641899777~hmac=467dad371dbd0417fc9f459b8fcfa7d0', 'Carpentier-sur-Lemoine'),
(1040, NULL, 24, 'xtorres@hardy.fr', '[\"ROLE_USER\"]', '$2y$10$U0vXAqShM604n7Sb4Zy05.zpAsAjfDPRJ.xO/ZUp4CFTRDPFPh5Di', 'kvallee', '1971-03-04', 'https://cdn-icons-png.flaticon.com/512/452/452539.png', 'ChauvetVille'),
(1041, 20, 23, 'raymond.francois@dbmail.com', '[\"ROLE_USER\"]', '$2y$10$JHBo6CIGQJYceHzSIuCSiukn4dDW51jTErtY1N2QMUlPfU/SyBAzm', 'valentine.guichard', '2006-06-02', 'https://cdn-icons-png.flaticon.com/512/306/306772.png', 'Julien'),
(1042, 18, NULL, 'adele.moulin@blondel.fr', '[\"ROLE_USER\"]', '$2y$10$8m.bT96OMjPKoj7iu0wvw.AVnnyUYlYlvJNtUs.v7TkubKrzZER5G', 'yfischer', '1962-07-26', 'https://cdn-icons-png.flaticon.com/512/189/189000.png', 'Nicolas-la-Forêt'),
(1043, 20, 22, 'charles.aime@thibault.fr', '[\"ROLE_USER\"]', '$2y$10$HWcDYnkLoNXWI1GLV1wsPewulXi97577w.oxCv7fkvjRfTeJFKWmy', 'gerard.bertrand', '1962-01-20', 'https://cdn-icons-png.flaticon.com/512/3393/3393852.png', 'Carpentier'),
(1044, 20, 24, 'ibazin@antoine.fr', '[\"ROLE_USER\"]', '$2y$10$aVySkRlp0JhEUpZ3r73mkuvmlhwT4/SVDDTL6wd57lPxA1tnJjAfC', 'cgosselin', '2003-07-27', 'https://cdn-icons-png.flaticon.com/512/452/452539.png', 'Ledoux-sur-Blondel'),
(1045, NULL, NULL, 'cecile87@orange.fr', '[\"ROLE_USER\"]', '$2y$10$Nd3sR2fKyaawSbg3pjmjHeYktXWgTbZsFKGuerstTxVYzXAA0TvI6', 'aubert.virginie', '1968-01-16', 'https://cdn-icons.flaticon.com/png/512/2671/premium/2671422.png?token=exp=1641899777~hmac=5ab4dd5190ff90327964da4573142588', 'Lacombe-sur-Ferreira'),
(1046, 20, 23, 'jacqueline.chauvin@sfr.fr', '[\"ROLE_USER\"]', '$2y$10$oq0xreE3l8MmZgFhFmSbteLVs0l4GwEd7NiV7zF9LDJpSpGTqZRvm', 'christophe.pruvost', '1985-09-18', 'https://cdn-icons-png.flaticon.com/512/3393/3393852.png', 'LemonnierVille'),
(1047, 19, 25, 'valentine55@sfr.fr', '[\"ROLE_USER\"]', '$2y$10$Gaia.z51nf1w26Qnirad3O96cjzo0p8rriT0FIJoIqg5XTDXxDtP.', 'nicole88', '1982-05-20', 'https://cdn-icons-png.flaticon.com/512/528/528107.png', 'Delahaye'),
(1048, 18, NULL, 'marthe20@orange.fr', '[\"ROLE_USER\"]', '$2y$10$IBJ.NulaV7C4G0njjItuuuzLi84IFuMHUcZ3KP0Ki4h9Uk4.QRwm2', 'marianne.barre', '1994-05-12', 'https://cdn-icons-png.flaticon.com/512/1120/1120972.png', 'Duhamel'),
(1049, 18, 24, 'yves.nicolas@wanadoo.fr', '[\"ROLE_USER\"]', '$2y$10$//yM8yxQI4ur5k/0TyRree5DZrXw.JUOo7jMNrHbygJy.1pGDriri', 'joly.georges', '2006-12-07', 'https://cdn-icons-png.flaticon.com/512/189/189000.png', 'Fontaineboeuf'),
(1050, NULL, 23, 'arthur21@philippe.com', '[\"ROLE_USER\"]', '$2y$10$H/P/bbSj79M7djgBxrzRtuTXCjccBl3QtrsdDCV3ZbxNf8wsulEea', 'andre83', '1962-06-30', 'https://cdn-icons-png.flaticon.com/512/528/528107.png', 'Boucher'),
(1051, 18, NULL, 'edith.huet@rodrigues.com', '[\"ROLE_USER\"]', '$2y$10$bi2m56NS3/E4vC2nxctDAOk9N5GKRfbZTbxl86M7XVJXkQrsiregm', 'laurent.bazin', '1963-02-18', 'https://cdn-icons-png.flaticon.com/512/1752/1752772.png', 'Allain'),
(1052, 19, 24, 'rmartinez@sfr.fr', '[\"ROLE_USER\"]', '$2y$10$e6f7XoIZI1hvnlYk0bw6k.vNIoohGJWyLh8oaN2yb.BN/Rl6O9frq', 'dorothee40', '1987-03-04', 'https://cdn-icons-png.flaticon.com/512/452/452539.png', 'MichelBourg'),
(1053, 20, 24, 'huet.margot@laposte.net', '[\"ROLE_USER\"]', '$2y$10$MPBT8GGVw1QG.8832LEdZOKykhFtjnGz.wR22IwWADliqQs.0OA2G', 'oguillaume', '1964-03-25', 'https://cdn-icons-png.flaticon.com/512/1674/1674291.png', 'Marchal-sur-Robin'),
(1054, 20, NULL, 'honore.bousquet@lemonnier.net', '[\"ROLE_USER\"]', '$2y$10$2ka1EH./Dia1aPd5Qj4o6eVHHNr2cOrTeyqGwC0noxndi4I8By9yS', 'brigitte19', '2004-04-13', 'https://cdn-icons-png.flaticon.com/512/871/871366.png', 'Weiss'),
(1055, NULL, 24, 'francois52@sfr.fr', '[\"ROLE_USER\"]', '$2y$10$YKSQHzNQZ1bhpRor9dR9XOUXO9HrBLBzEe/aI/9hn4vaMQLnz2Vfi', 'dlebrun', '1963-07-18', 'https://cdn-icons.flaticon.com/png/512/1211/premium/1211015.png?token=exp=1641899224~hmac=3a28f8e149a633bcf6812e2b4d7d6b08', 'Delannoy'),
(1056, 20, 23, 'launay.susanne@noos.fr', '[\"ROLE_USER\"]', '$2y$10$C80kLNTWx3CiXzRUed3BLevXKdlVN16wdBngmPr5N5pZpbHF3sjz6', 'torres.laure', '1989-01-18', 'https://cdn-icons-png.flaticon.com/512/3393/3393852.png', 'Chevalliernec'),
(1057, 19, NULL, 'suzanne.weiss@adam.com', '[\"ROLE_USER\"]', '$2y$10$VEAp1KZ3BhA5lZzhVeUTleCyfBA/qMpH/3eBlLUYN8Ai7oK2f/uEu', 'bonnet.francois', '1973-07-14', 'https://cdn-icons.flaticon.com/png/512/1090/premium/1090806.png?token=exp=1641899702~hmac=54cf59726506b8ed7f77b4bba23bdda4', 'Perrin'),
(1058, 18, 22, 'odette.allard@imbert.fr', '[\"ROLE_USER\"]', '$2y$10$Yj.yx605q5Ea8Ede3RVjreIJ2pfKIlXQ5K6LVPsvKaN.ROa77DlXK', 'diaz.maggie', '1983-04-07', 'https://cdn-icons-png.flaticon.com/512/306/306772.png', 'Perrinnec'),
(1059, 19, 22, 'gdumont@langlois.com', '[\"ROLE_USER\"]', '$2y$10$evcMfdO0d09ZwCwqHYbsRemh5lWGDhmS9tbbj6hBTyoBMcDEnrJsm', 'letellier.isaac', '1973-05-11', 'https://cdn-icons-png.flaticon.com/512/435/435048.png', 'Gaillardboeuf'),
(1060, NULL, NULL, 'iboulanger@noos.fr', '[\"ROLE_USER\"]', '$2y$10$hfquxsk0OcPg4XdPbJ1Mb.G7D68Y1yHZeHI83HTNL6GX0/o7IVFgu', 'kfischer', '1971-04-07', 'https://cdn-icons-png.flaticon.com/512/1752/1752772.png', 'Michel-sur-Gallet'),
(1061, 19, 23, 'gallet.timothee@laposte.net', '[\"ROLE_USER\"]', '$2y$10$lTTJvZVBdAFCSRaagbxbDOBcpw9o7tYGd.ERSQgAenHRtTSWd.M9e', 'wgonzalez', '1977-10-10', 'https://cdn-icons.flaticon.com/png/512/663/premium/663097.png?token=exp=1641899224~hmac=446cfd4b7676c1308cbd1a3ecbdc873a', 'Garcia-sur-Foucher'),
(1062, 20, 22, 'marine74@mary.com', '[\"ROLE_USER\"]', '$2y$10$.kroFwpq0KQSHVz/PjtZu.u9.JN9K6ciRrqUpaE6AsONrUCw5ZXn2', 'agathe30', '1963-02-09', 'https://cdn-icons.flaticon.com/png/512/2671/premium/2671422.png?token=exp=1641899777~hmac=5ab4dd5190ff90327964da4573142588', 'Lebrun'),
(1063, 19, NULL, 'claude87@vaillant.com', '[\"ROLE_USER\"]', '$2y$10$mVTJol/W8O.006aqLr8fUOcDgBNasohdRRMsyKvJnOrLRso/WQhIm', 'mdasilva', '1976-12-03', 'https://cdn-icons.flaticon.com/png/512/1211/premium/1211015.png?token=exp=1641899224~hmac=3a28f8e149a633bcf6812e2b4d7d6b08', 'Chauveau'),
(1064, 20, 23, 'francois46@lebrun.fr', '[\"ROLE_USER\"]', '$2y$10$.Mja//AogW0ooTo0BQ0L7eBZwjBavq61ICLIsA/99TdCF26btI3eK', 'josephine.chevalier', '1999-11-16', 'https://cdn-icons-png.flaticon.com/512/306/306772.png', 'De Sousadan'),
(1065, NULL, 22, 'gbaudry@leclerc.fr', '[\"ROLE_USER\"]', '$2y$10$qPZi9lr7XvWoPhdK2JHaJO8m9TnXlFRmasyjVNOf0PqFvbTWOkax2', 'pierre.andre', '1974-03-20', 'https://cdn-icons-png.flaticon.com/512/1752/1752772.png', 'Poirier'),
(1066, 18, NULL, 'david82@gmail.com', '[\"ROLE_USER\"]', '$2y$10$wgl8JiVrkyZPg33fi11HderjlWa9I5IbeIE8dm/JxsvsxU0tk1k1q', 'yjoseph', '1991-03-10', 'https://cdn-icons-png.flaticon.com/512/528/528111.png', 'Lenoir'),
(1067, 18, 24, 'qbigot@lagarde.fr', '[\"ROLE_USER\"]', '$2y$10$GVdj1xyCPHZ8iQXLhpFNOOSuvYRHnkikA1dJnNbE9g.tT.KlepCEG', 'maryse.masse', '1994-10-02', 'https://cdn-icons-png.flaticon.com/512/189/189000.png', 'Bonnin'),
(1068, 18, 22, 'simone.dias@orange.fr', '[\"ROLE_USER\"]', '$2y$10$5iR89yPi0Bttci5cj9EuH.OEMRpIcD2S5ntMyQgmbgB4ToSzPyRs.', 'denis90', '1992-09-19', 'https://cdn-icons-png.flaticon.com/512/1120/1120972.png', 'Rolland-sur-Bousquet'),
(1069, 18, NULL, 'suzanne.dumas@live.com', '[\"ROLE_USER\"]', '$2y$10$tPuE1iUPteX7lAZmXBLbLOWJF1VOg9Mu2vh/1pQAeDAD0IRZVSk5q', 'martin21', '2002-02-13', 'https://cdn-icons-png.flaticon.com/512/1674/1674291.png', 'Louisdan'),
(1070, NULL, 24, 'xavier91@live.com', '[\"ROLE_USER\"]', '$2y$10$QKiO3MNtRHCbHG5n3uBiLOc1mWOMZ4xk8LisxViGDgXOJEycQjc7i', 'joseph.rossi', '1998-10-02', 'https://cdn-icons.flaticon.com/png/512/663/premium/663097.png?token=exp=1641899224~hmac=446cfd4b7676c1308cbd1a3ecbdc873a', 'Costa'),
(1071, 19, 23, 'xgerard@breton.org', '[\"ROLE_USER\"]', '$2y$10$d/Phx0km381o6PZPWQzzHeihJ6UVGb9wly5PunLmhvXDkGKEt8nfS', 'smahe', '1969-01-27', 'https://cdn-icons.flaticon.com/png/512/1211/premium/1211015.png?token=exp=1641899224~hmac=3a28f8e149a633bcf6812e2b4d7d6b08', 'Joubert'),
(1072, 19, NULL, 'jourdan.valentine@roche.fr', '[\"ROLE_USER\"]', '$2y$10$ASYMPt8CAf6D/tdLEARbZuKtpAakZ9QK1V.a/icnb1Nvt8jtgk1V.', 'nbarbe', '1988-12-11', 'https://cdn-icons-png.flaticon.com/512/189/189000.png', 'MeyerBourg'),
(1073, 19, 22, 'gimenez.gerard@tele2.fr', '[\"ROLE_USER\"]', '$2y$10$G42ycF5a13ioCFz/oqkJnOS0mChqKGlHlt4ggVg5jRKe27i/P9.7y', 'hdiallo', '1971-02-13', 'https://cdn-icons-png.flaticon.com/512/528/528111.png', 'Chevalier'),
(1074, 18, 24, 'bonneau.philippe@petit.net', '[\"ROLE_USER\"]', '$2y$10$O9J0RnX2rtZTyC6G68DkOOVyI7zrV5Z/i5ibXBs1jFG0u5tsKXzSK', 'alexandre.blanc', '2007-12-16', 'https://cdn-icons.flaticon.com/png/512/1211/premium/1211015.png?token=exp=1641899224~hmac=3a28f8e149a633bcf6812e2b4d7d6b08', 'Julien'),
(1075, NULL, NULL, 'aubry.emilie@noos.fr', '[\"ROLE_USER\"]', '$2y$10$R02UHOrU4j/L.WaStaTCpuHNMx1/p8tHgM0XurTPRvEeZizYx6RgS', 'rweiss', '1995-01-28', 'https://cdn-icons-png.flaticon.com/512/435/435048.png', 'Marques'),
(1076, 19, 23, 'marthe27@petitjean.fr', '[\"ROLE_USER\"]', '$2y$10$Gc8I5gjeT6/DpSaFXlRhGeJoc3GQ4AyORJvbq0TifOM33y2PXfEqe', 'adelaide.peltier', '2006-06-03', 'https://cdn-icons-png.flaticon.com/512/528/528111.png', 'Nicolas-sur-Ferreira'),
(1077, 20, 23, 'alexandria71@hotmail.fr', '[\"ROLE_USER\"]', '$2y$10$QQApXd9hCTPR4Bgz8wE2TeKztwiQ2UNZQB.WFib3lnM9sTss/4t5O', 'slaunay', '1982-12-01', 'https://cdn-icons-png.flaticon.com/512/924/924874.png', 'Bonneau'),
(1078, 19, NULL, 'bonnet.manon@hardy.fr', '[\"ROLE_USER\"]', '$2y$10$etXQ2U4bOy2OKNwm1A1J4OguS1AG8SOQqKb0rRkYkKhU0IhtkNz.W', 'bourgeois.olivier', '1965-04-02', 'https://cdn-icons.flaticon.com/png/512/1985/premium/1985783.png?token=exp=1641899777~hmac=467dad371dbd0417fc9f459b8fcfa7d0', 'BrunetVille'),
(1079, 19, 25, 'denis.nicolas@live.com', '[\"ROLE_USER\"]', '$2y$10$44/dETgmNJElhg01LxEdUOPe4Uj6y0Y6p427FVd332QSmjV5BmSDu', 'jeannine.guillon', '1966-11-02', 'https://cdn-icons.flaticon.com/png/512/1211/premium/1211015.png?token=exp=1641899224~hmac=3a28f8e149a633bcf6812e2b4d7d6b08', 'Olivierdan'),
(1080, NULL, 25, 'rclement@camus.fr', '[\"ROLE_USER\"]', '$2y$10$EjWoGNi7cGL1wI/9S.PJhujVlj8xbxMsKsD/fxy/GkJQJcFKcd/P.', 'hugues55', '1966-10-25', 'https://cdn-icons-png.flaticon.com/512/528/528111.png', 'Carpentier'),
(1081, 20, NULL, 'gilles64@orange.fr', '[\"ROLE_USER\"]', '$2y$10$OXvW.yr9YtnpdXgDVRt4BOwbDFC6Sk3DbWL800zZux3.VQ6t3hvku', 'camille.etienne', '1974-06-17', 'https://cdn-icons-png.flaticon.com/512/189/189000.png', 'Schneider'),
(1082, 18, 24, 'bfabre@mallet.fr', '[\"ROLE_USER\"]', '$2y$10$N.cvy8Zq2fDCJbKWmOmMW.9AveVWtVTrXgh9/cm.RnpH0VU2QtAEi', 'wdidier', '1966-06-14', 'https://cdn-icons-png.flaticon.com/512/435/435048.png', 'Joly'),
(1083, 20, 24, 'ynormand@hotmail.fr', '[\"ROLE_USER\"]', '$2y$10$oy1ZKscN9W0MYSr7rHEFn.4QPyaXky1lz5R1NqLmF76HsRQLS0SvO', 'charles92', '2003-05-26', 'https://cdn-icons.flaticon.com/png/512/1211/premium/1211015.png?token=exp=1641899224~hmac=3a28f8e149a633bcf6812e2b4d7d6b08', 'Bourgeois'),
(1084, 20, NULL, 'gilles07@blanchet.com', '[\"ROLE_USER\"]', '$2y$10$sTkJ0/gXVOTdi9JXtWzCjuzJpCfl3wMVsR4FkG95PGU.weFy32WOG', 'jdeoliveira', '1978-10-21', 'https://cdn-icons-png.flaticon.com/512/924/924874.png', 'Guillon'),
(1085, NULL, 24, 'guerin.caroline@pasquier.fr', '[\"ROLE_USER\"]', '$2y$10$UbZ0JSC1qKWznh9r4wsuUuZlNxEfTX9wFiW8ivOJ43yX1uHEJRrZy', 'urolland', '1988-09-04', 'https://cdn-icons.flaticon.com/png/512/1090/premium/1090806.png?token=exp=1641899702~hmac=54cf59726506b8ed7f77b4bba23bdda4', 'LeblancVille'),
(1086, 18, 22, 'madeleine82@orange.fr', '[\"ROLE_USER\"]', '$2y$10$TgXnV8WS6o61WwzB80yppe.LF4lPDDLPuULIckibq3cnwxrxxCbsO', 'diane.couturier', '1983-01-31', 'https://cdn-icons.flaticon.com/png/512/2520/premium/2520865.png?token=exp=1641899519~hmac=dd214a475e4fdbc17f353ae828106d7e', 'Thomas-la-Forêt'),
(1087, 19, NULL, 'celina99@guerin.fr', '[\"ROLE_USER\"]', '$2y$10$Hfihvo6uXd8A6LHRG8yKcOrx65.Q3PmszIZyCQMAOsir0NhJetmIm', 'gperon', '1990-09-22', 'https://cdn-icons-png.flaticon.com/512/306/306772.png', 'Pelletier-sur-Mer'),
(1088, 18, 23, 'elisabeth06@julien.fr', '[\"ROLE_USER\"]', '$2y$10$SqQx2CDpBThz0dVjt8SAeet2Tz93I12Bqx58fTowb5Y2J71SmEsDi', 'barthelemy.laurent', '1985-12-12', 'https://cdn-icons-png.flaticon.com/512/528/528111.png', 'Caron'),
(1089, 20, 25, 'tgarnier@lemaire.com', '[\"ROLE_USER\"]', '$2y$10$.NifGl5rAVscY/j0Zylio.OegO62JykO2541XX6i1g9RqwKDVSg2q', 'guyon.paulette', '1969-01-15', 'https://cdn-icons-png.flaticon.com/512/189/189000.png', 'Techer'),
(1090, NULL, NULL, 'odette35@orange.fr', '[\"ROLE_USER\"]', '$2y$10$8b89sDD7a4b4KPTQvayO4uEkPaaptH/N89pxVqfq5H79FJK4p/sO6', 'noel50', '1971-02-18', 'https://cdn-icons-png.flaticon.com/512/189/189000.png', 'MoulinVille'),
(1091, 20, 25, 'auguste.weiss@orange.fr', '[\"ROLE_USER\"]', '$2y$10$jT6q2iYVhvRg08dh1Lz8CeVKRgjEGYYh1wk3bsaTQjB7UgT4hHp0W', 'qleduc', '2007-08-06', 'https://cdn-icons-png.flaticon.com/512/528/528111.png', 'Delmasnec'),
(1092, 19, 25, 'mtorres@paris.org', '[\"ROLE_USER\"]', '$2y$10$W8HiXFJyqU64FlDxOhCPpeVlheoOJqu7Do1LN7WP9PUZu4NPrsA6S', 'ggaudin', '1978-04-02', 'https://cdn-icons.flaticon.com/png/512/4218/premium/4218368.png?token=exp=1641899519~hmac=0bcfc455c9c4c1133d983b08a50346c4', 'DelmasVille'),
(1093, 18, NULL, 'courtois.victoire@bonnet.com', '[\"ROLE_USER\"]', '$2y$10$Ih8sZGrA2YdlcdSdOcwWBO4u5dOqbE79rZ1V64SO942arwRl/Ebvm', 'lucie.verdier', '1988-03-02', 'https://cdn-icons-png.flaticon.com/512/1120/1120972.png', 'Marechal-la-Forêt'),
(1094, 18, 22, 'labbe.robert@orange.fr', '[\"ROLE_USER\"]', '$2y$10$GzvZ/4.IVR.BnBHaHGyuMOf8w3c2GrVqq9.gsqs7pxzBXgJu46mky', 'xturpin', '1996-03-31', 'https://cdn-icons.flaticon.com/png/512/4218/premium/4218368.png?token=exp=1641899519~hmac=0bcfc455c9c4c1133d983b08a50346c4', 'Ledoux'),
(1095, NULL, 22, 'vetienne@guyon.net', '[\"ROLE_USER\"]', '$2y$10$I3Gxyqfv/mQhAJnvCUWyOujr4Fm0wFxeT2RoprWzMFYsxvc5M6GHq', 'leconte.georges', '2000-04-23', 'https://cdn-icons-png.flaticon.com/512/435/435048.png', 'Peron'),
(1096, 20, NULL, 'francoise.lombard@diallo.org', '[\"ROLE_USER\"]', '$2y$10$BoWUy4QVTt16eTrBFfHaUuZTDET0uiZ3OTBcVD6d1NVS1IAT8bdk2', 'lopes.paulette', '1971-11-22', 'https://cdn-icons.flaticon.com/png/512/1211/premium/1211015.png?token=exp=1641899224~hmac=3a28f8e149a633bcf6812e2b4d7d6b08', 'Jacques-sur-Guillon'),
(1097, 18, 22, 'antoine.allard@moulin.fr', '[\"ROLE_USER\"]', '$2y$10$boiTzauvI.sVejCsaps.jO1AreaLxEgzU1diJiz0U4uQFO7CCMIES', 'ptessier', '1975-02-25', 'https://cdn-icons-png.flaticon.com/512/528/528111.png', 'Chauvin-la-Forêt'),
(1098, 20, 22, 'valerie13@simon.net', '[\"ROLE_USER\"]', '$2y$10$eARKOkVMx5ygYSba0FbiteC1.5PeLJFVaAiqKxxj7qy5jwipie6Q6', 'legendre.catherine', '1987-06-20', 'https://cdn-icons.flaticon.com/png/512/2423/premium/2423830.png?token=exp=1641899421~hmac=08269d202be75908dc10a7f02ca0d797', 'Gaudin-sur-Renault'),
(1099, 18, NULL, 'pauline.torres@tele2.fr', '[\"ROLE_USER\"]', '$2y$10$cDFfAUe81TVareKK1Wa0ReB6DVAJrFWxf0/RfTMYIRpbLWG4Mo9UK', 'sdelannoy', '1997-09-21', 'https://cdn-icons-png.flaticon.com/512/435/435048.png', 'Gillet-sur-Colin'),
(1100, NULL, 25, 'frolland@orange.fr', '[\"ROLE_USER\"]', '$2y$10$ng35tFi6sJfPA2hksDnequV.if/KacaiIBCzSeqacziDYZqshXUre', 'henri.charrier', '1994-07-30', 'https://cdn-icons-png.flaticon.com/512/3393/3393852.png', 'Richardnec'),
(1101, 20, 22, 'legall.maurice@dbmail.com', '[\"ROLE_USER\"]', '$2y$10$mIPtaq5VuM2/iVp1NKBce.w8ALymZKZ8DU3y8IyBeGyNeWY7N7lVG', 'pierre92', '1995-03-02', 'https://cdn-icons-png.flaticon.com/512/871/871366.png', 'Masson-les-Bains'),
(1102, 20, NULL, 'aloiseau@orange.fr', '[\"ROLE_USER\"]', '$2y$10$zcwIw3GfsBjmM9DPEE8gLO9hvr14DP2r3XNvvq73WwdTSczs2M/.K', 'mcolin', '1987-04-23', 'https://cdn-icons-png.flaticon.com/512/306/306772.png', 'Mary-sur-Peltier'),
(1103, 20, 24, 'pottier.tristan@valette.com', '[\"ROLE_USER\"]', '$2y$10$d0TJK0FF/KA6//pDFzAnYOVGJXjc/sZvNuL0GlKYkXQi60pAqNCH6', 'chauveau.antoine', '1988-02-03', 'https://cdn-icons-png.flaticon.com/512/1752/1752772.png', 'Lecomte'),
(1104, 20, 25, 'barbe.jacqueline@letellier.fr', '[\"ROLE_USER\"]', '$2y$10$m7gQYW2UxG/XhR7TYSC2ZeUJOWTa64YxQfU/dlKuyPkrjbucqSTZS', 'fpelletier', '1977-02-14', 'https://cdn-icons-png.flaticon.com/512/528/528111.png', 'Robertboeuf'),
(1105, NULL, NULL, 'gay.noel@simon.net', '[\"ROLE_USER\"]', '$2y$10$pglVYuZQT5nx1RY2A.SuZesljSZEnwuuE4ZjrfQQyTOqixbYx0qsS', 'martin.ramos', '1994-08-10', 'https://cdn-icons-png.flaticon.com/512/924/924874.png', 'Duval-sur-Mer'),
(1106, 19, 23, 'marianne.gimenez@wanadoo.fr', '[\"ROLE_USER\"]', '$2y$10$d0xyT4hLqCM/ThqggNbRI.GOrXy9ie2o7e3IvDEu8dhKd83Tsl1R.', 'dupuis.odette', '1976-07-25', 'https://cdn-icons-png.flaticon.com/512/1674/1674292.png', 'Guillet'),
(1107, 18, 25, 'benoit.peltier@chretien.fr', '[\"ROLE_USER\"]', '$2y$10$FWtrxE962xzT7/Td9MdRFehI1GimCXFhrhDD0DFYOQdCJ7BUSNHWK', 'elaurent', '1987-09-09', 'https://cdn-icons-png.flaticon.com/512/1752/1752772.png', 'Bazinboeuf'),
(1108, 18, NULL, 'denise.dupont@hotmail.fr', '[\"ROLE_USER\"]', '$2y$10$NFZF7/l0gg9hYIyQQfWZSu8gs6FnL0bKpcH/nErV1EWKj3MlnkHdq', 'langlois.margot', '1995-01-24', 'https://cdn-icons-png.flaticon.com/512/306/306772.png', 'Roger'),
(1109, 19, 22, 'chartier.brigitte@laposte.net', '[\"ROLE_USER\"]', '$2y$10$oEL4X22xw.cO6pRdTkLPrOOZ6d8jO88MPlRfsiyqejjLdZ4QzLG66', 'anastasie00', '2006-03-29', 'https://cdn-icons.flaticon.com/png/512/2423/premium/2423830.png?token=exp=1641899421~hmac=08269d202be75908dc10a7f02ca0d797', 'Masson'),
(1110, NULL, 22, 'victor29@roussel.net', '[\"ROLE_USER\"]', '$2y$10$d.BbkwHFtUENuKENBSFRoOhRkO/wQV2dAfXmw.oo6clivB43ymKtO', 'chauveau.stephanie', '1984-04-16', 'https://cdn-icons-png.flaticon.com/512/1674/1674292.png', 'Clement'),
(1111, 18, NULL, 'henry.richard@herve.com', '[\"ROLE_USER\"]', '$2y$10$Yut9YEObFEgRkxstUE1/j.YsZh2Q0aX/0i/jWRp5d9ZDo3rE7jhHW', 'helene.ferreira', '1964-02-08', 'https://cdn-icons-png.flaticon.com/512/1752/1752772.png', 'Etienne'),
(1112, 20, 25, 'oceane.jacquot@becker.com', '[\"ROLE_USER\"]', '$2y$10$fJjY.36IZ3bsHjCUbIj6VeL7ayCvK3ocBqFZoF1NHKAwJ0KWBhsbC', 'martin62', '1997-03-19', 'https://cdn-icons-png.flaticon.com/512/1752/1752772.png', 'Leclercqnec'),
(1113, 18, 22, 'gabriel.lagarde@bouchet.fr', '[\"ROLE_USER\"]', '$2y$10$C52YUMp6OOCjSvKXjiI/n.XDKGgPXA/dmJF6t75ijK2IiZnMDbFkm', 'nrobert', '1967-11-02', 'https://cdn-icons-png.flaticon.com/512/435/435048.png', 'Petitjean-la-Forêt'),
(1114, 19, NULL, 'rsalmon@lesage.com', '[\"ROLE_USER\"]', '$2y$10$w.NkcEzGV1d9cKQRlBH7DO/.iTM8SsMIIaZRT6UHM1IC/4wQtVorW', 'sophie.perret', '1983-07-28', 'https://cdn-icons-png.flaticon.com/512/924/924874.png', 'Martinnec'),
(1115, NULL, 23, 'ufaivre@yahoo.fr', '[\"ROLE_USER\"]', '$2y$10$DqzeM2/WB9YaEVaO1.HDJOHEAupCgO8iAux49QKctDpiPQz6cSsf2', 'william11', '1962-10-23', 'https://cdn-icons-png.flaticon.com/512/1752/1752772.png', 'Ledouxdan'),
(1116, 18, 23, 'petitjean.georges@tele2.fr', '[\"ROLE_USER\"]', '$2y$10$BV1MdwZVlkToHxM/7DcA7eKQjuL5PxIFqD0NkHDjlsmZtrLf2cjmu', 'qpayet', '1984-03-05', 'https://cdn-icons.flaticon.com/png/512/2520/premium/2520865.png?token=exp=1641899519~hmac=dd214a475e4fdbc17f353ae828106d7e', 'Boulanger-sur-Couturier'),
(1117, 18, NULL, 'bthibault@morel.fr', '[\"ROLE_USER\"]', '$2y$10$AfmL.2W7sFuGrPOLPqWoQ.Cnp.P6jzfTjHWJwIlkxqECQIOdElujW', 'anouk56', '1976-11-09', 'https://cdn-icons.flaticon.com/png/512/2671/premium/2671422.png?token=exp=1641899777~hmac=5ab4dd5190ff90327964da4573142588', 'De Oliveira-la-Forêt'),
(1118, 20, 22, 'marcel.leblanc@allard.com', '[\"ROLE_USER\"]', '$2y$10$8OtrXCqVxbIonjJWYfDuVe.7OxcWh0ZfnZtHequUViyBBQ1TA2o1e', 'besnard.stephane', '1983-03-24', 'https://cdn-icons-png.flaticon.com/512/528/528107.png', 'Chauvinboeuf'),
(1119, 20, 22, 'michelle.cordier@morel.com', '[\"ROLE_USER\"]', '$2y$10$DaIyE/Qqg/NgJ82YJyUEWu.2CkeXHHxSVtjkfEP1.jkBdwQZiBYjm', 'yboulanger', '1974-03-20', 'https://cdn-icons-png.flaticon.com/512/452/452539.png', 'Barbier'),
(1120, NULL, NULL, 'benjamin.marie@wagner.net', '[\"ROLE_USER\"]', '$2y$10$08jqCOxyijDiWRpMsZWT8Or4fdJ0tLmYADQupL5fhGL1/KVU7.Ycu', 'leblanc.alex', '2005-12-05', 'https://cdn-icons.flaticon.com/png/512/2423/premium/2423830.png?token=exp=1641899421~hmac=08269d202be75908dc10a7f02ca0d797', 'Fontaine'),
(1121, 18, 24, 'elisabeth29@hotmail.fr', '[\"ROLE_USER\"]', '$2y$10$U/KgBXHYhMA7aUOLHs.qfeuXDbk44rif9yv6sMyrw3nZcNUuYPiMK', 'maryse02', '1975-11-03', 'https://cdn-icons-png.flaticon.com/512/1674/1674292.png', 'Marchand-sur-Paul'),
(1122, 18, 25, 'leroux.guillaume@hernandez.fr', '[\"ROLE_USER\"]', '$2y$10$YBIM62eoG1Lzt1s6ov5qWOh8R4NFlZN1dtkKE6r3RaTI/eU2d8XNW', 'irobert', '1996-01-09', 'https://cdn-icons-png.flaticon.com/512/528/528111.png', 'Berger-sur-Perret'),
(1123, 20, NULL, 'charles54@yahoo.fr', '[\"ROLE_USER\"]', '$2y$10$Cp8ZxZyMT0OGZmlJBzIQne23u3ggcZphKDWKEZYlplTJue1Tf7.n.', 'ollivier.matthieu', '1996-03-07', 'https://cdn-icons.flaticon.com/png/512/2520/premium/2520865.png?token=exp=1641899519~hmac=dd214a475e4fdbc17f353ae828106d7e', 'Michaud-sur-Garnier'),
(1124, 20, 22, 'david98@munoz.com', '[\"ROLE_USER\"]', '$2y$10$0OijnEUNvDLBLQyq.esF5enSDdynNiMXBC2Yue4Ze70VNbC1vfKB2', 'sfischer', '1966-11-30', 'https://cdn-icons-png.flaticon.com/512/189/189000.png', 'Imbert'),
(1125, NULL, 23, 'delorme.lucie@wagner.fr', '[\"ROLE_USER\"]', '$2y$10$dRhNpQR66C7wUleQuRijF.H0qqXQ0G4bw26PIwfJ7BqBFJgjiaLvu', 'david.perez', '1974-04-18', 'https://cdn-icons-png.flaticon.com/512/1752/1752772.png', 'Allard-sur-Mer'),
(1126, 20, NULL, 'bernier.etienne@lelievre.com', '[\"ROLE_USER\"]', '$2y$10$wvnPu5XwWStxjtlhV/MMk.L1x8e.aCWRrdyn/HYk2op/ppmX3mMTa', 'blanc.cecile', '1981-06-02', 'https://cdn-icons-png.flaticon.com/512/528/528107.png', 'Guilletdan'),
(1127, 19, 23, 'agnes16@orange.fr', '[\"ROLE_USER\"]', '$2y$10$9F2DFPfSi6GiYGRAEcljFeMPT7RSlttFG04lTdn3JyEXUdmebNkA.', 'constance.gomes', '2004-02-21', 'https://cdn-icons-png.flaticon.com/512/1752/1752772.png', 'Chevallier'),
(1128, 20, 25, 'glenoir@yahoo.fr', '[\"ROLE_USER\"]', '$2y$10$xTP9nXt53lqD3qLud82FeuKfZV7O5Vg.lC6LYYKELEKGB9IF7WFDC', 'jules33', '1980-08-04', 'https://cdn-icons-png.flaticon.com/512/1752/1752772.png', 'Mallet'),
(1129, 19, NULL, 'philippe.arthur@imbert.fr', '[\"ROLE_USER\"]', '$2y$10$o9W3YYrPouZ6Yfa/3vHQi.PAjVK5Qcm32qF0yFqOg3fFuFY1l2K7y', 'durand.michelle', '1983-05-17', 'https://cdn-icons-png.flaticon.com/512/1752/1752772.png', 'Pires'),
(1130, NULL, 22, 'helene00@girard.net', '[\"ROLE_USER\"]', '$2y$10$L8npPnKVKtCfE5iS4oBEdOspvt04tByDvJGnrRLQ0APF6CUZGn1Eu', 'francois.barbier', '2002-10-27', 'https://cdn-icons.flaticon.com/png/512/4218/premium/4218368.png?token=exp=1641899519~hmac=0bcfc455c9c4c1133d983b08a50346c4', 'Lopes'),
(1131, 19, 24, 'kthierry@yahoo.fr', '[\"ROLE_USER\"]', '$2y$10$O4kSmf7lNwQo4bMWlJ.y.erKcUnSLz6qfFCB.qw.gSW9KoJaZqEg6', 'benoit.herve', '2000-08-27', 'https://cdn-icons-png.flaticon.com/512/1674/1674292.png', 'Rodriguez'),
(1132, 20, NULL, 'uallain@boucher.com', '[\"ROLE_USER\"]', '$2y$10$3Vhf0k7u6/j8i8dn3uOu2ebucxWr.sPP8ccBgS5p8iLo0UxCVH4DW', 'noel42', '1972-08-03', 'https://cdn-icons-png.flaticon.com/512/3393/3393852.png', 'Faivre'),
(1133, 19, 25, 'sdelattre@live.com', '[\"ROLE_USER\"]', '$2y$10$v8Ujud0PFIOL.fHWbV4ZLOAV.uJDxh6F/hcGAnftSf/hH6XvvZ73.', 'julien14', '1995-11-06', 'https://cdn-icons-png.flaticon.com/512/1120/1120972.png', 'Fabre'),
(1134, 20, 25, 'maggie.gaudin@bazin.com', '[\"ROLE_USER\"]', '$2y$10$.XOM/VozMxvcXi7PsRN0SO750ZD8popt1wLNkPQUF2386Ser7Z096', 'amelie.poulain', '2006-08-19', 'https://cdn-icons-png.flaticon.com/512/435/435048.png', 'Le Gall-sur-Fabre'),
(1135, NULL, NULL, 'cohen.danielle@ferreira.fr', '[\"ROLE_USER\"]', '$2y$10$hYDGFwvsCpkODXSlgLA8Qumj7Oo9/94ih1H5R1q1n08.2Jbo0y83u', 'dmarchal', '1973-11-14', 'https://cdn-icons.flaticon.com/png/512/2423/premium/2423830.png?token=exp=1641899421~hmac=08269d202be75908dc10a7f02ca0d797', 'Fournier'),
(1136, 19, 25, 'marc91@club-internet.fr', '[\"ROLE_USER\"]', '$2y$10$FH8u.uGnvwwP8mJCd39NQOppNOYd4euPyB5B1KhC6wyXkKdyy0MMa', 'antoine.margaud', '1990-08-16', 'https://cdn-icons-png.flaticon.com/512/306/306772.png', 'Descamps-sur-Mer'),
(1137, 18, 25, 'bouvier.guillaume@hotmail.fr', '[\"ROLE_USER\"]', '$2y$10$8IP14UlkpmYZPTPfolHCBOW6tv4qUVRdu1sA7r7JOtW1GVIzSl/1u', 'uallain', '1992-01-12', 'https://cdn-icons-png.flaticon.com/512/189/189000.png', 'Weber-les-Bains'),
(1138, 20, NULL, 'simon.claude@hotmail.fr', '[\"ROLE_USER\"]', '$2y$10$iC9JnXcoZsfoimV/nQxIi.jzms9mWTeSJP/xPaydktWJEQOKiqcdy', 'augustin.maillot', '1965-09-08', 'https://cdn-icons-png.flaticon.com/512/452/452539.png', 'Benoit'),
(1139, 18, 23, 'adrienne.blanchet@vallet.com', '[\"ROLE_USER\"]', '$2y$10$NYRDOxqTtdd0tC7L/9bQhesy1B8zSAKIIhGb7EKD5lrPt9RCPe7bC', 'frobert', '1996-09-09', 'https://cdn-icons-png.flaticon.com/512/1674/1674291.png', 'Bouvier'),
(1140, NULL, 23, 'victor.vincent@tele2.fr', '[\"ROLE_USER\"]', '$2y$10$DhEPCUPSu8AF1ay3fZfpo.CQfQWhia0lts.n4xaufKKrUzrNvJinC', 'torres.celine', '1992-05-01', 'https://cdn-icons-png.flaticon.com/512/3393/3393852.png', 'RibeiroVille'),
(1141, 20, NULL, 'eugene64@noos.fr', '[\"ROLE_USER\"]', '$2y$10$Hdgd8B2AufTlBlqIwg7CiuGCDgEqIrekTmKZSEQgRjnNpNyVtmwDm', 'cneveu', '1982-05-28', 'https://cdn-icons-png.flaticon.com/512/528/528111.png', 'Poirier'),
(1142, 19, 24, 'sabine.samson@faivre.org', '[\"ROLE_USER\"]', '$2y$10$cXjSyMTwTzV4jrO9BoM6Y.76tMRFKt3CrSNIQRrfLJAeTilyHEXAu', 'coste.dominique', '1982-11-08', 'https://cdn-icons.flaticon.com/png/512/2423/premium/2423830.png?token=exp=1641899421~hmac=08269d202be75908dc10a7f02ca0d797', 'Guillon-les-Bains'),
(1143, 18, 22, 'glamy@free.fr', '[\"ROLE_USER\"]', '$2y$10$iS5svi9lmwLSpQHCURWutO82Jy8eOkVIxuUA.hQ7E1Zjw/mV8qGBO', 'luc31', '1980-04-12', 'https://cdn-icons-png.flaticon.com/512/528/528111.png', 'De Sousa'),
(1144, 20, NULL, 'eleonore.fischer@ramos.com', '[\"ROLE_USER\"]', '$2y$10$06G8ZPeG8TpOyyYYu7f0G.ynAsAxpqD56ncVDHDd0rX.HytgNsZRC', 'patricia.leclerc', '2003-03-09', 'https://cdn-icons-png.flaticon.com/512/1674/1674292.png', 'Guillon'),
(1145, NULL, 25, 'bdumas@leroux.com', '[\"ROLE_USER\"]', '$2y$10$53B67zSr0AbNIGlGi//Dme1QcSj79EMvwlSG9zgV3av5Y/VhFosRS', 'leblanc.thomas', '2003-07-15', 'https://cdn-icons.flaticon.com/png/512/1211/premium/1211015.png?token=exp=1641899224~hmac=3a28f8e149a633bcf6812e2b4d7d6b08', 'Techer'),
(1146, 19, 23, 'ldiaz@live.com', '[\"ROLE_USER\"]', '$2y$10$1rRLIg8wo6AJg3DmlmM.we4QAngzlwj6Pt4U/Gmshz.Q7o8Gp/vHO', 'dominique17', '2003-03-08', 'https://cdn-icons.flaticon.com/png/512/663/premium/663097.png?token=exp=1641899224~hmac=446cfd4b7676c1308cbd1a3ecbdc873a', 'Weiss'),
(1147, 20, NULL, 'bernard.laurent@sfr.fr', '[\"ROLE_USER\"]', '$2y$10$ADzvcRU22o.Ary/WhrA1eegpCQDqs5wwmJCHSOSuu0ZC3R0mrHbce', 'gauthier.agathe', '2006-10-29', 'https://cdn-icons-png.flaticon.com/512/871/871366.png', 'Toussaintboeuf'),
(1148, 20, 22, 'bgonzalez@orange.fr', '[\"ROLE_USER\"]', '$2y$10$XX8hs/TE.0.xjwqxrTmGLu2qa1HbTe7E.clyCdr9TcNgHEP2s0pOy', 'joubert.raymond', '1978-09-08', 'https://cdn-icons-png.flaticon.com/512/3393/3393852.png', 'Lemonnier'),
(1149, 20, 25, 'sauvage.gabriel@neveu.fr', '[\"ROLE_USER\"]', '$2y$10$UO914nKspOkeCw6VUVv.mukaIBm7z3nmNnTGp/5.sGYh3LnEpTVwS', 'noel.bailly', '1977-07-20', 'https://cdn-icons.flaticon.com/png/512/1090/premium/1090806.png?token=exp=1641899702~hmac=54cf59726506b8ed7f77b4bba23bdda4', 'Sanchez-la-Forêt'),
(1150, NULL, NULL, 'dorothee15@petit.com', '[\"ROLE_USER\"]', '$2y$10$qQGNZQjbQ5RanNzjHUAoxugXL7us.0qVI44p/XC66Z0vLhpmpz4pK', 'dlelievre', '1962-08-19', 'https://cdn-icons-png.flaticon.com/512/1674/1674292.png', 'Fournier'),
(1151, 18, 25, 'pgodard@daniel.fr', '[\"ROLE_USER\"]', '$2y$10$iXgGNnA2a0iWCODlFogin.2ylu/VuqWB/6D4vw32Y7axsMYUkYGKK', 'goncalves.remy', '1996-09-29', 'https://cdn-icons-png.flaticon.com/512/1120/1120972.png', 'Marchand-sur-Labbe'),
(1152, 19, 23, 'gomez.edouard@girard.fr', '[\"ROLE_USER\"]', '$2y$10$4ZTxiEq3Lek8nszXPQkJkOvJA1dHuHGpanhOOPd6nMzY4x0YPhFza', 'amelie12', '1993-11-10', 'https://cdn-icons.flaticon.com/png/512/2520/premium/2520865.png?token=exp=1641899519~hmac=dd214a475e4fdbc17f353ae828106d7e', 'Andre'),
(1153, 19, NULL, 'ochauvet@leroux.org', '[\"ROLE_USER\"]', '$2y$10$s3cHs/G.8FFJG.ZDmkaRneEJ8w3EX21SKd1WpThAMKni16f3WIVpS', 'salmon.sabine', '2001-03-17', 'https://cdn-icons.flaticon.com/png/512/1985/premium/1985783.png?token=exp=1641899777~hmac=467dad371dbd0417fc9f459b8fcfa7d0', 'Rousset'),
(1154, 19, 22, 'simon.sophie@perrot.com', '[\"ROLE_USER\"]', '$2y$10$9ECxQay0LabKg/Z3iiNTNed8t0c1lz7ipq5xAGM56vWIexrvCwXDG', 'genevieve.mallet', '1978-10-11', 'https://cdn-icons.flaticon.com/png/512/2520/premium/2520865.png?token=exp=1641899519~hmac=dd214a475e4fdbc17f353ae828106d7e', 'BertrandBourg'),
(1155, NULL, 24, 'theophile12@leduc.com', '[\"ROLE_USER\"]', '$2y$10$cMajDE/YtJOcdvi7ub9kd.X/7YJ700Om3nOwePz6Zn93cdij8EwsK', 'emmanuel67', '1966-03-05', 'https://cdn-icons-png.flaticon.com/512/1120/1120972.png', 'Da Costa-la-Forêt'),
(1156, 19, NULL, 'colin.julien@couturier.fr', '[\"ROLE_USER\"]', '$2y$10$U/lxcHeIw2wc7L0MeG1gP.uvTfThLBnK99ix6czClBSONSzxZ2bKu', 'zperrot', '1985-02-07', 'https://cdn-icons-png.flaticon.com/512/452/452539.png', 'Josephnec'),
(1157, 18, 24, 'bguibert@wanadoo.fr', '[\"ROLE_USER\"]', '$2y$10$IR15.QiM4EEenbS1KF0StuJDmRh9SrRK8YIK3Wb5hoi6Gik0PzlWG', 'pgiraud', '2006-12-11', 'https://cdn-icons-png.flaticon.com/512/871/871366.png', 'Bigot'),
(1158, 18, 22, 'leon.baudry@dbmail.com', '[\"ROLE_USER\"]', '$2y$10$Vna6./DHLXHL2B7qniOeH.xTBxJjskPRIljBbZkTQhsdLWzhQcHZe', 'imoreno', '1974-08-05', 'https://cdn-icons-png.flaticon.com/512/435/435048.png', 'Lelievre-sur-Antoine'),
(1159, 18, NULL, 'oceane.etienne@mary.com', '[\"ROLE_USER\"]', '$2y$10$WB9Xmyk0BXjkYvpTdm8BrOnzjcf1R1yDOrQvl./NqSn4FztV5P7eS', 'aubry.gabriel', '1996-07-30', 'https://cdn-icons.flaticon.com/png/512/1985/premium/1985783.png?token=exp=1641899777~hmac=467dad371dbd0417fc9f459b8fcfa7d0', 'Pons'),
(1160, NULL, 23, 'plamy@georges.com', '[\"ROLE_USER\"]', '$2y$10$nu6Cp61f0UvB105/WSpXguCIfd5G9a0u578xofCk2kvXQskn1MgSy', 'gabrielle77', '1981-07-02', 'https://cdn-icons-png.flaticon.com/512/1674/1674291.png', 'Hebert'),
(1161, 18, 24, 'remy63@club-internet.fr', '[\"ROLE_USER\"]', '$2y$10$fQEek18uXjLBBUQv/fwz0u0QaE.A/Mt9YIxxtLZ4HGp2icqGh2.g2', 'alain46', '1997-05-29', 'https://cdn-icons.flaticon.com/png/512/2423/premium/2423830.png?token=exp=1641899421~hmac=08269d202be75908dc10a7f02ca0d797', 'Morvan'),
(1162, 18, NULL, 'henriette.lopes@deoliveira.com', '[\"ROLE_USER\"]', '$2y$10$eAv4AKo7RPBgmkzlRIZ5qe8V81WtpjnOnOVHy2TkCDaYPc0RrFX.i', 'frederic66', '1984-11-26', 'https://cdn-icons-png.flaticon.com/512/871/871366.png', 'GuillouVille'),
(1163, 20, 25, 'stephane.pineau@bouvet.com', '[\"ROLE_USER\"]', '$2y$10$tqa0BkxRQeAdae1AdmrTmeMedN3BietyXJu6wuIdLcus4qg9eKzN.', 'claine', '1977-01-30', 'https://cdn-icons-png.flaticon.com/512/924/924874.png', 'Petit'),
(1164, 20, 25, 'descamps.constance@sfr.fr', '[\"ROLE_USER\"]', '$2y$10$bG7miWEOsFuln1Eg/uR0..kUcVdGtm7yQ7b81gCHa33/wK4fV82Jq', 'claire.gomes', '1976-01-13', 'https://cdn-icons.flaticon.com/png/512/4218/premium/4218368.png?token=exp=1641899519~hmac=0bcfc455c9c4c1133d983b08a50346c4', 'Marie-sur-Bouchet'),
(1165, NULL, NULL, 'peltier.antoine@free.fr', '[\"ROLE_USER\"]', '$2y$10$ALuYoCDEeleGMZgfxzTDl.p9tbflqhSLdPD6KjckjrJcvZ9D8/74y', 'alix.pinto', '2008-12-14', 'https://cdn-icons-png.flaticon.com/512/189/189000.png', 'Traoredan'),
(1166, 18, 23, 'nathalie37@bouvet.net', '[\"ROLE_USER\"]', '$2y$10$3AIiZ0MVODGgA1dx9lWOve8AnjqZYPh3alND8tZss4ne3PopQ9tj2', 'cohen.celina', '1979-10-22', 'https://cdn-icons-png.flaticon.com/512/1674/1674292.png', 'BoulayVille'),
(1167, 18, 25, 'poirier.olivie@live.com', '[\"ROLE_USER\"]', '$2y$10$H66BKbvUFncFiOOErYLFEuX4dcHwXOKUH82OXD4bH1qRc7tgezZZG', 'spelletier', '1979-11-22', 'https://cdn-icons-png.flaticon.com/512/435/435048.png', 'DelahayeBourg'),
(1168, 20, NULL, 'bouvier.anastasie@tele2.fr', '[\"ROLE_USER\"]', '$2y$10$U14juu0KjCsSgRnA2Kqh3upUM8NQLE10D/ZmP9z5hfhUlIgU2ul3m', 'triviere', '1982-07-16', 'https://cdn-icons.flaticon.com/png/512/663/premium/663097.png?token=exp=1641899224~hmac=446cfd4b7676c1308cbd1a3ecbdc873a', 'Labbeboeuf'),
(1169, 20, 23, 'margaux37@adam.org', '[\"ROLE_USER\"]', '$2y$10$e7x7R9U2feuelSOOEoGaS.OCs864g1rmj1FhQh9MRlquYpdaDW1G.', 'paul02', '1999-02-15', 'https://cdn-icons-png.flaticon.com/512/528/528107.png', 'Charpentier'),
(1170, NULL, 24, 'julien.robin@philippe.com', '[\"ROLE_USER\"]', '$2y$10$88iR5OiFIGoHwWSEQjEqf.J/HxCzHtvT3U9lXryKoGyDpBrNdT9e.', 'veronique.deoliveira', '2000-01-16', 'https://cdn-icons-png.flaticon.com/512/924/924874.png', 'Guillon-sur-Mer'),
(1171, 18, NULL, 'bernadette71@laposte.net', '[\"ROLE_USER\"]', '$2y$10$Aid2Ah8wBdjHVGavLdpE9eDg8D5oibuEAvZopc4AIMQ6rb1VMSUqK', 'charpentier.alice', '1966-11-05', 'https://cdn-icons-png.flaticon.com/512/1674/1674292.png', 'Colas'),
(1172, 19, 23, 'christine.arnaud@gomes.net', '[\"ROLE_USER\"]', '$2y$10$KqsLR03uq7aoyg18gdxdl.BCm3SFw2mJP.Bw31rODByFvbXk60bLS', 'moreau.franck', '1964-04-01', 'https://cdn-icons-png.flaticon.com/512/452/452539.png', 'Labbenec'),
(1173, 19, 23, 'qfernandes@leroy.org', '[\"ROLE_USER\"]', '$2y$10$XgzrOeP.cog2kybk6BPeIO2bOmu15Wc4gQwzKa23Ekdy6y1bJQHtO', 'rene07', '1990-05-15', 'https://cdn-icons-png.flaticon.com/512/189/189000.png', 'Augerdan'),
(1174, 20, NULL, 'bpoirier@sfr.fr', '[\"ROLE_USER\"]', '$2y$10$mNgSjn1zP6m5KEyXiDqlvumqtwI1I20GiMWDStZvdKRFL9mJuYlve', 'laurent02', '1985-05-15', 'https://cdn-icons.flaticon.com/png/512/2520/premium/2520865.png?token=exp=1641899519~hmac=dd214a475e4fdbc17f353ae828106d7e', 'Bailly-sur-Boucher'),
(1175, NULL, 24, 'anais30@michel.com', '[\"ROLE_USER\"]', '$2y$10$Bd1ZR9m4ZzwOFi/9zRguFusMcqgfCWtcm.lZU8/wOL29k8t.EmrZi', 'dominique.hoareau', '1971-10-12', 'https://cdn-icons.flaticon.com/png/512/663/premium/663097.png?token=exp=1641899224~hmac=446cfd4b7676c1308cbd1a3ecbdc873a', 'Morel-sur-Mer'),
(1176, 19, 24, 'noel.renee@sfr.fr', '[\"ROLE_USER\"]', '$2y$10$3QfvEMApPEdOOg1uCjMIeOLlrGuE0AAwfqRyta/QuC59VCLya54oC', 'josephine79', '1975-07-11', 'https://cdn-icons.flaticon.com/png/512/663/premium/663097.png?token=exp=1641899224~hmac=446cfd4b7676c1308cbd1a3ecbdc873a', 'Lefebvrenec'),
(1177, 20, NULL, 'eugene.mace@payet.com', '[\"ROLE_USER\"]', '$2y$10$CiPot1NdNvneTmuCPEEGVeleqSjcJkMMHh0Oukx50Cnm6q70G/1Si', 'durand.frederique', '1997-06-11', 'https://cdn-icons-png.flaticon.com/512/1120/1120972.png', 'Breton'),
(1178, 20, 22, 'robert.boulay@durand.com', '[\"ROLE_USER\"]', '$2y$10$r8H6xugqKAGrFYJl3gQEAOzZH3pAKMh8KiwWSJ6Egytg4ri0FLGGa', 'raymond.dominique', '1995-06-03', 'https://cdn-icons-png.flaticon.com/512/1674/1674291.png', 'Le Goff-sur-Mer'),
(1179, 20, 24, 'benoit.voisin@barbier.fr', '[\"ROLE_USER\"]', '$2y$10$hRzr1lPs/oStt6tcphBZHu1R4nGqJ2G2bJAdlYPOIU.YOuGN4tSlC', 'anastasie34', '1991-01-26', 'https://cdn-icons-png.flaticon.com/512/435/435048.png', 'DelormeVille'),
(1180, NULL, NULL, 'rchartier@sfr.fr', '[\"ROLE_USER\"]', '$2y$10$X.8K2AoYGQTCTEFEvRVKQel6kUPqegVscKN.lj17S0x2yRp.9A0dW', 'aleger', '1980-10-02', 'https://cdn-icons-png.flaticon.com/512/528/528107.png', 'Noel'),
(1181, 19, 23, 'susanne.martinez@pires.com', '[\"ROLE_USER\"]', '$2y$10$IIUUf4BSwCCNe5XyCq4q8OD2bkVR0jE.fGs4Rt93RblvRGdrtBstK', 'olivier.lebon', '1990-03-18', 'https://cdn-icons.flaticon.com/png/512/2423/premium/2423830.png?token=exp=1641899421~hmac=08269d202be75908dc10a7f02ca0d797', 'Bouvetdan'),
(1182, 18, 22, 'rousseau.alexandrie@hotmail.fr', '[\"ROLE_USER\"]', '$2y$10$nbzhVik6N57wC0r/0VZ09.7DFyRP1w9CxsjJJYOMqXYvMCnJp/vRS', 'henriette.rolland', '1984-09-17', 'https://cdn-icons-png.flaticon.com/512/1752/1752772.png', 'Joubertdan'),
(1183, 18, NULL, 'timothee34@wanadoo.fr', '[\"ROLE_USER\"]', '$2y$10$sYsJkd8zvhxPtHvGotb9S.TfqKlj/32J8QBrpOQwwCBGzMjUVkJ/y', 'cohen.patrick', '1969-09-04', 'https://cdn-icons-png.flaticon.com/512/871/871366.png', 'Grosdan'),
(1184, 19, 22, 'zoe.rodriguez@wanadoo.fr', '[\"ROLE_USER\"]', '$2y$10$krZDpykCtnGV/Av5Er4iD.YnQamP/rXfMcd7nMRO1K.D15Qmzgq6O', 'alexandria43', '2007-09-10', 'https://cdn-icons.flaticon.com/png/512/1985/premium/1985783.png?token=exp=1641899777~hmac=467dad371dbd0417fc9f459b8fcfa7d0', 'Baillynec'),
(1185, NULL, 24, 'leroy.susanne@free.fr', '[\"ROLE_USER\"]', '$2y$10$9xctBKDcYV2KVPP0BrBXs.j6eDitvfOjBq42GG1d/d1z012AFaLri', 'agnes.girard', '1974-04-27', 'https://cdn-icons-png.flaticon.com/512/306/306772.png', 'Lejeune'),
(1186, 18, NULL, 'zlambert@free.fr', '[\"ROLE_USER\"]', '$2y$10$fkPpi.o2p7pTB4UEFA3CBuXFTOWQolo3TEZTLg4wBSratbXjwYpzK', 'samson.madeleine', '1980-12-10', 'https://cdn-icons-png.flaticon.com/512/452/452539.png', 'Hebert'),
(1187, 18, 22, 'claude.olivier@pages.net', '[\"ROLE_USER\"]', '$2y$10$e6NvlJcjfFyxM.fowtsAxeYloQHPIpixQhrBdClNcbldlDe5X3IJS', 'adele98', '1979-09-16', 'https://cdn-icons-png.flaticon.com/512/3393/3393852.png', 'Moreau'),
(1188, 18, 22, 'fklein@nicolas.org', '[\"ROLE_USER\"]', '$2y$10$Ik4TQVXw2iy3HU0NGCbCXet2cxLTr0sGagJgiNNdnuppfwUpirXVK', 'xhoarau', '1998-09-10', 'https://cdn-icons.flaticon.com/png/512/4218/premium/4218368.png?token=exp=1641899519~hmac=0bcfc455c9c4c1133d983b08a50346c4', 'Marchand-sur-Girard'),
(1189, 20, NULL, 'fcosta@fischer.com', '[\"ROLE_USER\"]', '$2y$10$WJ9xc.zhxxFwo8Dcxh3cU.wZbsn2fv3olvCXhmzqhvxkUAi.dJfaG', 'wwagner', '1987-05-10', 'https://cdn-icons-png.flaticon.com/512/3393/3393852.png', 'Bernarddan'),
(1190, NULL, 24, 'franck.letellier@sfr.fr', '[\"ROLE_USER\"]', '$2y$10$gwmQBBihZG4MASWSMKh0JeiaT/XItPEQ17pAtfRuintN4o5Irld/q', 'alice.petitjean', '2006-02-26', 'https://cdn-icons.flaticon.com/png/512/2671/premium/2671422.png?token=exp=1641899777~hmac=5ab4dd5190ff90327964da4573142588', 'Marques'),
(1191, 20, 25, 'roland52@dubois.fr', '[\"ROLE_USER\"]', '$2y$10$30jzmIhljsdfWwaAgo8.T./0LEws1yirnWM9ltdwusKcvuUvC72Fy', 'swagner', '1987-07-20', 'https://cdn-icons-png.flaticon.com/512/871/871366.png', 'Marechalnec'),
(1192, 20, NULL, 'maurice.blin@barre.org', '[\"ROLE_USER\"]', '$2y$10$aPzNS83Wq9KrdBm9ZwEVAu.9CizNoiWN7fZIOru5lNlRDWQv/5L26', 'vincent.dominique', '1967-10-14', 'https://cdn-icons.flaticon.com/png/512/663/premium/663097.png?token=exp=1641899224~hmac=446cfd4b7676c1308cbd1a3ecbdc873a', 'Richard-sur-Caron'),
(1193, 18, 24, 'lecoq.laure@leduc.fr', '[\"ROLE_USER\"]', '$2y$10$ZQ0vUZdJpUw7JNYY2as/FezMbR41tDvmRwl2GBJKM9SRVOUE.z3Sa', 'briand.charlotte', '1998-11-02', 'https://cdn-icons-png.flaticon.com/512/871/871366.png', 'Aubert'),
(1194, 18, 24, 'yves37@teixeira.com', '[\"ROLE_USER\"]', '$2y$10$KBc4j0pLIEJy6q7rOCjMdeLdmMP7Z4s2r2QGrUumxLTlD4Hm4MR4K', 'gvincent', '1971-05-29', 'https://cdn-icons.flaticon.com/png/512/2671/premium/2671422.png?token=exp=1641899777~hmac=5ab4dd5190ff90327964da4573142588', 'Hoarau'),
(1195, NULL, NULL, 'daniel.rocher@perez.fr', '[\"ROLE_USER\"]', '$2y$10$ZIg9adIBggDYTGo9JNvXOuLnV3TYEVDlq9ane8FERlLEJg.UhI/ky', 'clemence73', '1988-01-02', 'https://cdn-icons.flaticon.com/png/512/1090/premium/1090806.png?token=exp=1641899702~hmac=54cf59726506b8ed7f77b4bba23bdda4', 'Thomas'),
(1196, 19, 23, 'rene.samson@dbmail.com', '[\"ROLE_USER\"]', '$2y$10$Z5Q4BALAK2WCbX/mXhSmnu7rkOiBsR2l9iwRhgWny8Ue1YpwC51uK', 'regnier.catherine', '1999-05-02', 'https://cdn-icons.flaticon.com/png/512/2671/premium/2671422.png?token=exp=1641899777~hmac=5ab4dd5190ff90327964da4573142588', 'LemaitreBourg'),
(1197, 18, 25, 'patricia34@blanchet.com', '[\"ROLE_USER\"]', '$2y$10$18OOTLQnGqBOI2ZzeUqIoekg9UUO/PB886mfa2ogVB/LZYFGS4PPu', 'moreno.rene', '2002-11-09', 'https://cdn-icons-png.flaticon.com/512/189/189000.png', 'Coulon-sur-Mer'),
(1198, 20, NULL, 'rcharpentier@maillet.com', '[\"ROLE_USER\"]', '$2y$10$vw82pLS0LoERztVz/eaSIue8cMhgiVwsrBENICoj5UyQmgJmL4bHq', 'patrick99', '1991-09-20', 'https://cdn-icons.flaticon.com/png/512/663/premium/663097.png?token=exp=1641899224~hmac=446cfd4b7676c1308cbd1a3ecbdc873a', 'Leleu'),
(1199, 20, 25, 'jfabre@free.fr', '[\"ROLE_USER\"]', '$2y$10$lxi78tMIbJYL9wC0cRbK6eR5.NeCRQ02v7S.PXzOEBeeTvAqJ3Kf6', 'vpicard', '1996-04-18', 'https://cdn-icons.flaticon.com/png/512/2520/premium/2520865.png?token=exp=1641899519~hmac=dd214a475e4fdbc17f353ae828106d7e', 'Roussetnec'),
(1200, NULL, 22, 'joseph.bernard@laposte.net', '[\"ROLE_USER\"]', '$2y$10$oO4lk/e3w8Jc2udKfHjGge/mDyz63rrqVkhkpHpDOriSPudIg06uy', 'guichard.benjamin', '1967-10-04', 'https://cdn-icons-png.flaticon.com/512/3393/3393852.png', 'LedouxBourg');
INSERT INTO `user` (`id`, `profile_id`, `level_id`, `email`, `roles`, `password`, `username`, `birthdate`, `picture`, `city`) VALUES
(1201, 20, NULL, 'susan.brun@sfr.fr', '[\"ROLE_USER\"]', '$2y$10$U5vHbkg.tzUTIfohbMdC/ur3UhmNLncKsCa6why/yHE76gkHJbHA6', 'amelie.bazin', '1982-08-29', 'https://cdn-icons.flaticon.com/png/512/1985/premium/1985783.png?token=exp=1641899777~hmac=467dad371dbd0417fc9f459b8fcfa7d0', 'Gonzalez-les-Bains'),
(1202, 19, 25, 'laurent.coste@sfr.fr', '[\"ROLE_USER\"]', '$2y$10$XIUHKO/fYEl5FinOqhMRGOVi9LaTZrWzSjVxa5NPaVo4OTa5Xnf9u', 'marchand.raymond', '1986-03-03', 'https://cdn-icons-png.flaticon.com/512/1120/1120972.png', 'Louis'),
(1203, 20, 25, 'leclerc.diane@bouchet.fr', '[\"ROLE_USER\"]', '$2y$10$SXjfOPf10U26TKWkZ6Riz.2JiteA9OI40k1pripimnPmajJJYccIi', 'catherine.charrier', '1966-05-22', 'https://cdn-icons-png.flaticon.com/512/1120/1120972.png', 'Hebert'),
(1204, 18, NULL, 'louise.wagner@free.fr', '[\"ROLE_USER\"]', '$2y$10$Iewc/nF.XfHecDOmHsy9aOSbxU9DTouAueifTZ8pmp9Q/z8Ok4dxy', 'zweber', '1984-05-15', 'https://cdn-icons.flaticon.com/png/512/4218/premium/4218368.png?token=exp=1641899519~hmac=0bcfc455c9c4c1133d983b08a50346c4', 'Girardnec'),
(1205, NULL, 23, 'pons.charlotte@hamon.org', '[\"ROLE_USER\"]', '$2y$10$mMDfmoRo06HYyy6mUrnbsOhrjj.uTvYVAhiMCpFQxD5oWfzinjL46', 'qbarbier', '1989-09-30', 'https://cdn-icons-png.flaticon.com/512/924/924874.png', 'Moreldan'),
(1206, 20, 24, 'mraynaud@levy.fr', '[\"ROLE_USER\"]', '$2y$10$6a8GDEYsotteBGf7G7Q9buaJ.23GuqjIjLXqpZ53/jnSY7YY/EaNe', 'alfred.hoareau', '1963-07-06', 'https://cdn-icons-png.flaticon.com/512/1120/1120972.png', 'Marie'),
(1207, 18, NULL, 'gregoire97@jourdan.fr', '[\"ROLE_USER\"]', '$2y$10$pGNMBRD5.36yaknDCAzxHuoUzQbdkyMM3BR6Arr2moGkgMbsVUDsy', 'sebastien76', '1997-10-21', 'https://cdn-icons-png.flaticon.com/512/189/189000.png', 'Remy'),
(1208, 18, 22, 'dlefevre@paul.com', '[\"ROLE_USER\"]', '$2y$10$ErW1CAMVHYlSxIKroN4tpOMO4dJsdeyTmIeyuONy8otj1dinqMyfq', 'foucher.eric', '1982-10-06', 'https://cdn-icons-png.flaticon.com/512/452/452539.png', 'Valette-les-Bains'),
(1209, 19, 22, 'jcosta@noos.fr', '[\"ROLE_USER\"]', '$2y$10$2T7RTPYTdQahJRz/7KGpFufleIlAlSG4L.se9jknak4rjVKAd4qr.', 'guy43', '1966-09-27', 'https://cdn-icons.flaticon.com/png/512/2671/premium/2671422.png?token=exp=1641899777~hmac=5ab4dd5190ff90327964da4573142588', 'LevyVille'),
(1210, NULL, NULL, 'robert.dupont@samson.com', '[\"ROLE_USER\"]', '$2y$10$x4MlxmXZYjmIUnDKNQWYZO9XSPYwzZCZhSCJHJo.eM2smHwDVu0Lu', 'dhardy', '1989-12-23', 'https://cdn-icons-png.flaticon.com/512/528/528107.png', 'Deschamps'),
(1211, 19, 25, 'benjamin.perret@blanc.com', '[\"ROLE_USER\"]', '$2y$10$7L4x2uqyCiwXRqYxy5nNlOsLt2LJEWn3cD3cXMFKWizzp9yPBT416', 'oroy', '1963-11-01', 'https://cdn-icons-png.flaticon.com/512/528/528107.png', 'Mallet-la-Forêt'),
(1212, 20, 25, 'marine.renault@laine.net', '[\"ROLE_USER\"]', '$2y$10$OfkX9qHI3H2Fa.oA8Fc6cOst/3RHFWXjKqQeFii3gwvAmo.qZaurO', 'marine22', '2001-03-15', 'https://cdn-icons-png.flaticon.com/512/528/528111.png', 'GeorgesBourg'),
(1213, 19, NULL, 'lamy.stephane@brunet.com', '[\"ROLE_USER\"]', '$2y$10$rTsBLpcZ3TNl2Dd0/kkPkub8gN6tMpJPEX8kR09K5g4D5wnc094NS', 'roland22', '2003-06-23', 'https://cdn-icons.flaticon.com/png/512/2520/premium/2520865.png?token=exp=1641899519~hmac=dd214a475e4fdbc17f353ae828106d7e', 'Lemaire'),
(1214, 18, 22, 'josette.roux@giraud.fr', '[\"ROLE_USER\"]', '$2y$10$g1vYH9JG16nRgWoaZadKwez1kKNTunQoNe4Lpye3bmDN4DBDkgWqm', 'antoine14', '1962-04-23', 'https://cdn-icons.flaticon.com/png/512/1090/premium/1090806.png?token=exp=1641899702~hmac=54cf59726506b8ed7f77b4bba23bdda4', 'Besson'),
(1215, NULL, 23, 'georges03@cordier.com', '[\"ROLE_USER\"]', '$2y$10$AvswXrZxV4/mwSK3U55rw.QWnryVmYHjJMKC8yz1McIhZjEyyH3DC', 'lrousset', '1969-12-29', 'https://cdn-icons-png.flaticon.com/512/452/452539.png', 'Morel-sur-Mer'),
(1216, 19, NULL, 'julien.joubert@duval.net', '[\"ROLE_USER\"]', '$2y$10$C8tXbRCArr0pHnOgoplWu.oX3jW/l5BwgNZgzuuk1ofcnEsRyAasG', 'arthur70', '2007-03-08', 'https://cdn-icons.flaticon.com/png/512/2671/premium/2671422.png?token=exp=1641899777~hmac=5ab4dd5190ff90327964da4573142588', 'Masse'),
(1217, 18, 23, 'charlotte13@dbmail.com', '[\"ROLE_USER\"]', '$2y$10$39d1jVE9/PEGuAb79pFekuGVPvtnlLcQl1UHJ3azi1qbAvhuO3f7S', 'barbier.alphonse', '1981-03-25', 'https://cdn-icons.flaticon.com/png/512/1090/premium/1090806.png?token=exp=1641899702~hmac=54cf59726506b8ed7f77b4bba23bdda4', 'Boulay'),
(1218, 19, 24, 'ytoussaint@gmail.com', '[\"ROLE_USER\"]', '$2y$10$FJcFxDON4T.J5yD2KF/0OOkloHTEt0GCosIP2aqzmh16D2BnzkrLK', 'edouard17', '1982-07-30', 'https://cdn-icons-png.flaticon.com/512/528/528107.png', 'Gauthier-sur-Noel'),
(1219, 19, NULL, 'collet.georges@torres.com', '[\"ROLE_USER\"]', '$2y$10$QsEE8dhGYAU.tNhzBcpfdeI04jW0f38iJNtqGoezv2jaqfIodVD4m', 'delattre.diane', '1976-07-23', 'https://cdn-icons.flaticon.com/png/512/4218/premium/4218368.png?token=exp=1641899519~hmac=0bcfc455c9c4c1133d983b08a50346c4', 'Le GoffBourg'),
(1220, NULL, 23, 'wneveu@lombard.net', '[\"ROLE_USER\"]', '$2y$10$FrD1aNrFCoEBahi0o6b6NeEhcsJSHSJRHPpwfPhTj.QTf0XUICJMi', 'victoire.martin', '1985-09-12', 'https://cdn-icons-png.flaticon.com/512/528/528107.png', 'Olivier'),
(1221, 20, 22, 'barre.alexandrie@gonzalez.fr', '[\"ROLE_USER\"]', '$2y$10$cAHOBUWi5hrm3rqjG78Wrummt89b9e85d7LfIsfZw13OP5.k3i.32', 'braymond', '1975-12-11', 'https://cdn-icons.flaticon.com/png/512/4218/premium/4218368.png?token=exp=1641899519~hmac=0bcfc455c9c4c1133d983b08a50346c4', 'Delattreboeuf'),
(1222, 19, NULL, 'laetitia.descamps@laposte.net', '[\"ROLE_USER\"]', '$2y$10$iVXOpgJXdDrlZGCItQ4F.ObRHPRukAO3uJk5z3eRcZpSaAIOJzhay', 'bdacosta', '1985-09-19', 'https://cdn-icons-png.flaticon.com/512/1120/1120972.png', 'Lelievre-la-Forêt'),
(1223, 19, 25, 'olivier.martin@club-internet.fr', '[\"ROLE_USER\"]', '$2y$10$ewM9ri7PRePobriVkkeCYOEz5pdeBu55g54sZ8kEJ2zJKTU.uR6US', 'pperrier', '1985-11-03', 'https://cdn-icons.flaticon.com/png/512/1090/premium/1090806.png?token=exp=1641899702~hmac=54cf59726506b8ed7f77b4bba23bdda4', 'Bonnin'),
(1224, 19, 25, 'francoise.loiseau@riou.net', '[\"ROLE_USER\"]', '$2y$10$3tSmZqVRaxn.a2pn7WH0IuHnr.y7Kd/NvdCfTjj1hx.49RNCbfPZ6', 'thierry57', '1964-02-28', 'https://cdn-icons-png.flaticon.com/512/452/452539.png', 'HumbertBourg'),
(1225, NULL, NULL, 'didier.agathe@live.com', '[\"ROLE_USER\"]', '$2y$10$aofYlfeOiUjX6KyAyLHnFumYZqmc4eP/p.WMdL4/fDTTOwTKro9RO', 'lucie.blanc', '1982-01-25', 'https://cdn-icons.flaticon.com/png/512/1985/premium/1985783.png?token=exp=1641899777~hmac=467dad371dbd0417fc9f459b8fcfa7d0', 'Etienne'),
(1226, 18, 23, 'alex36@gmail.com', '[\"ROLE_USER\"]', '$2y$10$ztagWhNx19TxJIwY.AiCRuKxCPmJJCgdqXC/zXDZO22vZWMWj0tmu', 'michelle97', '2001-03-11', 'https://cdn-icons-png.flaticon.com/512/1752/1752772.png', 'Mahe-la-Forêt'),
(1227, 20, 23, 'kdumont@free.fr', '[\"ROLE_USER\"]', '$2y$10$YwOy2SzWEn.iUjbO25dyEeFvFi2oZPicQQ1yCxqwwKioYRL4rlEV2', 'martin.verdier', '1973-10-17', 'https://cdn-icons-png.flaticon.com/512/189/189000.png', 'Jourdanboeuf'),
(1228, 19, NULL, 'margot53@sfr.fr', '[\"ROLE_USER\"]', '$2y$10$Sta5alpwTJ0xIv40KneOZ.ZI3vcspi/go7Bp3lVrb8dqwRG8m2SQW', 'hbarre', '1975-11-26', 'https://cdn-icons-png.flaticon.com/512/452/452539.png', 'Le Gall-la-Forêt'),
(1229, 20, 23, 'blanchard.olivie@gaillard.fr', '[\"ROLE_USER\"]', '$2y$10$qGcPKxLalH0m7TAE7xIkcON6lLVnaoxf7vLu9Nm3Vd10huCHQ.D0K', 'navarro.jerome', '1988-11-17', 'https://cdn-icons.flaticon.com/png/512/1211/premium/1211015.png?token=exp=1641899224~hmac=3a28f8e149a633bcf6812e2b4d7d6b08', 'BodinVille'),
(1230, NULL, 25, 'gaillard.arthur@live.com', '[\"ROLE_USER\"]', '$2y$10$FTvU4GeJNmmVSFek4q0d6u/.NES89iJdgO3Sp0acaMZri02eiLkMe', 'valerie67', '1975-03-26', 'https://cdn-icons.flaticon.com/png/512/663/premium/663097.png?token=exp=1641899224~hmac=446cfd4b7676c1308cbd1a3ecbdc873a', 'Neveu'),
(1231, 18, NULL, 'nmoreau@lesage.com', '[\"ROLE_USER\"]', '$2y$10$Hlzl6Kq.VGUhLWVKncYQ0e2G6uDjvlOhtylROKUyVK2WJTvGY0DHy', 'collivier', '1981-05-06', 'https://cdn-icons.flaticon.com/png/512/2671/premium/2671422.png?token=exp=1641899777~hmac=5ab4dd5190ff90327964da4573142588', 'Wagner'),
(1232, 20, 25, 'ovallee@legoff.net', '[\"ROLE_USER\"]', '$2y$10$fg/my6HPPi847Z0tskmPuOu2ElwxEwZU1ksrKygJ7kFYNXFEbCvgm', 'alexandrie90', '1991-04-15', 'https://cdn-icons.flaticon.com/png/512/1090/premium/1090806.png?token=exp=1641899702~hmac=54cf59726506b8ed7f77b4bba23bdda4', 'Lemonnier'),
(1233, 19, 24, 'francois21@girard.fr', '[\"ROLE_USER\"]', '$2y$10$mYilDyN5rvWQnvZKqiPQHOqoat9WPW.o1nn1TZkfnnGeRGM3b6QXK', 'alexandria75', '1963-02-08', 'https://cdn-icons-png.flaticon.com/512/528/528107.png', 'Gautier'),
(1234, 18, NULL, 'mmarechal@jacob.fr', '[\"ROLE_USER\"]', '$2y$10$.fzdvHbmwuFhiarW.h7afu7AKQ/3HE0MrXuUbLYvLEQp.cohcZIMi', 'auger.camille', '1975-06-25', 'https://cdn-icons.flaticon.com/png/512/663/premium/663097.png?token=exp=1641899224~hmac=446cfd4b7676c1308cbd1a3ecbdc873a', 'Bonnin-les-Bains'),
(1235, NULL, 23, 'emmanuelle73@club-internet.fr', '[\"ROLE_USER\"]', '$2y$10$eoeWAzyWWXYKS.WcN4848OCTYvQnSTqesW3wFFIBWViQHC2e8GYhK', 'oloiseau', '1982-02-28', 'https://cdn-icons.flaticon.com/png/512/2423/premium/2423830.png?token=exp=1641899421~hmac=08269d202be75908dc10a7f02ca0d797', 'Lefebvre'),
(1236, 20, 23, 'hugues31@bodin.fr', '[\"ROLE_USER\"]', '$2y$10$zDOWQ7FKNMt8XzNZDNgt2ez7K00HW6Rt1N.yHjWCJs/gwX5EI3xCq', 'xlaporte', '1993-06-29', 'https://cdn-icons-png.flaticon.com/512/452/452539.png', 'Charrier'),
(1237, 19, NULL, 'buisson.frederic@gillet.com', '[\"ROLE_USER\"]', '$2y$10$zMmR6sviUOsFK.tgUnQXdOciNdTlTT3a4WKvCa1OmU9l2lx07qKA6', 'bcarlier', '1986-11-17', 'https://cdn-icons-png.flaticon.com/512/528/528111.png', 'Klein'),
(1238, 18, 25, 'henry.martine@boulay.net', '[\"ROLE_USER\"]', '$2y$10$3ylh0an5r9i3MQZp5Dm/l.WvV2ELE42yHE0oqJritjEFHSAfKWuMe', 'thierry.leger', '1983-07-31', 'https://cdn-icons.flaticon.com/png/512/2520/premium/2520865.png?token=exp=1641899519~hmac=dd214a475e4fdbc17f353ae828106d7e', 'Leleu'),
(1239, 18, 25, 'henri.pires@club-internet.fr', '[\"ROLE_USER\"]', '$2y$10$Vwo/Za4DZCAbkgJyUArNAul1atCcCb7Jzvz3dfdGeORJa0qzsJ7t2', 'margaux.chauveau', '1999-04-08', 'https://cdn-icons-png.flaticon.com/512/189/189000.png', 'Duval-sur-Clement'),
(1240, NULL, NULL, 'delannoy.lucy@chauveau.com', '[\"ROLE_USER\"]', '$2y$10$N2AjFb5OldK6c5oQ6gCVC.utYfu4tGhLkRNpgM6x1R8W1G9ZEn4KG', 'fgerard', '1993-01-25', 'https://cdn-icons-png.flaticon.com/512/452/452539.png', 'Baron'),
(1241, 20, 24, 'diane.dacosta@gmail.com', '[\"ROLE_USER\"]', '$2y$10$iPYvdAvmpMFinI2NXHalAOVPhKODsf8ZS2w6KpkpCBxcTZAVamEpe', 'louis.leroy', '1983-08-30', 'https://cdn-icons-png.flaticon.com/512/3393/3393852.png', 'Garciadan'),
(1242, 20, 22, 'marchand.robert@wanadoo.fr', '[\"ROLE_USER\"]', '$2y$10$HhoUVxZGJQHzb60RYau7O.vhBbjp5a3qnQzFN18b1DMwqi.N.RIGW', 'goncalves.etienne', '1984-05-12', 'https://cdn-icons-png.flaticon.com/512/871/871366.png', 'Aubry'),
(1243, 19, NULL, 'nathalie.pottier@marques.com', '[\"ROLE_USER\"]', '$2y$10$IJ6Cagx82oeoMvDRrlLGkuWoqB7mMuq.TNm1rHqiUcdYe.itS9K26', 'benjamin74', '1995-03-15', 'https://cdn-icons-png.flaticon.com/512/3393/3393852.png', 'Pruvost'),
(1244, 18, 22, 'zmartel@couturier.net', '[\"ROLE_USER\"]', '$2y$10$2pQfLFug0.ayNjG.Foi29eerWOH8Tj.JyCciHdXnPTfjfkslh32Ji', 'xgilles', '1991-02-21', 'https://cdn-icons-png.flaticon.com/512/528/528107.png', 'Collet'),
(1245, NULL, 23, 'edouard28@wanadoo.fr', '[\"ROLE_USER\"]', '$2y$10$C2fYcLRUXSuj0hxGHjz2ieaq8FR6XX4SBFDB.oE5pV8c8m9pitrSi', 'andree91', '2003-08-04', 'https://cdn-icons-png.flaticon.com/512/1752/1752772.png', 'Chartier-la-Forêt'),
(1246, 20, NULL, 'margaux40@guillet.com', '[\"ROLE_USER\"]', '$2y$10$TQpuaEkTl2lzGfRY5KFDOejACnxUvy.n03rqOuDSgvoUBl15UpZ7C', 'vincent04', '1991-09-11', 'https://cdn-icons-png.flaticon.com/512/1674/1674292.png', 'Hernandez-sur-Mathieu'),
(1247, 19, 23, 'pboulay@dbmail.com', '[\"ROLE_USER\"]', '$2y$10$TPB1eXFE0zCuDsNJnbOFS.wkkqdVZ/7lDOTc8/QQj//1FeEfDIheO', 'michel.diallo', '1974-07-11', 'https://cdn-icons-png.flaticon.com/512/1120/1120972.png', 'Aubrydan'),
(1248, 19, 24, 'theodore40@sfr.fr', '[\"ROLE_USER\"]', '$2y$10$BENKD9kaVrHxq9aGgEU4j.Ew8if5b9qDqaYwOJhq4lHgURS.YoFfW', 'blot.etienne', '1986-04-19', 'https://cdn-icons-png.flaticon.com/512/1674/1674292.png', 'Bodin'),
(1249, 20, NULL, 'qfournier@live.com', '[\"ROLE_USER\"]', '$2y$10$iqHNFe13Y.IXmZKHr5YtxOFWMOeJJFraXUDYpQuoQ8Wg/h6m45aAe', 'claire.bouchet', '1972-01-07', 'https://cdn-icons-png.flaticon.com/512/3393/3393852.png', 'Fernandes-la-Forêt'),
(1250, NULL, 25, 'fauger@hotmail.fr', '[\"ROLE_USER\"]', '$2y$10$9SoDzhmGLPEFl9E1cPLUju2HV/AP2Kv5kPYvSvFnYf5DuNrEg.Raa', 'nguerin', '1980-09-22', 'https://cdn-icons-png.flaticon.com/512/924/924874.png', 'Joubert-sur-Lamy'),
(1251, 20, 22, 'vidal.laetitia@cordier.com', '[\"ROLE_USER\"]', '$2y$10$KTpr8arKXZx4agP7DV9M3ee4ik3im2hATwDdcYGHAxKtPBUxrphs6', 'raymond.dupre', '1966-07-25', 'https://cdn-icons-png.flaticon.com/512/1674/1674292.png', 'MoreauBourg'),
(1252, 18, NULL, 'pineau.emmanuel@yahoo.fr', '[\"ROLE_USER\"]', '$2y$10$X3FtP9DvnLKVqtCycTDzEeCZyH5LFiaQ1HsoqEK27T0XiDHAfJgrm', 'celine.besson', '1992-02-06', 'https://cdn-icons-png.flaticon.com/512/306/306772.png', 'Raymond'),
(1253, 20, 23, 'aurore98@wanadoo.fr', '[\"ROLE_USER\"]', '$2y$10$tV3a7rPIjq1NWENuW4KTIOyAC3Og2LxPk7ixPBLa/W5cSJhsWTdHK', 'stephane52', '2008-11-29', 'https://cdn-icons-png.flaticon.com/512/1674/1674291.png', 'Mace-sur-Mer'),
(1254, 20, 22, 'obigot@free.fr', '[\"ROLE_USER\"]', '$2y$10$Elben3YMm.AniBjT.MW9QOuX52uIRR4GrDtkD7sNI6SJYWUiiMK7i', 'gregoire.hortense', '1983-02-19', 'https://cdn-icons-png.flaticon.com/512/1674/1674291.png', 'Brunet'),
(1255, NULL, NULL, 'matthieu.thibault@gmail.com', '[\"ROLE_USER\"]', '$2y$10$r7jxi8RRlXHhyRUmBuPzROA/x0yKM4hxKA2F/RUyEZleUQnLI..12', 'benoit.didier', '1992-09-23', 'https://cdn-icons.flaticon.com/png/512/2671/premium/2671422.png?token=exp=1641899777~hmac=5ab4dd5190ff90327964da4573142588', 'Cohen-sur-Mer'),
(1256, 18, 23, 'yvincent@dumont.fr', '[\"ROLE_USER\"]', '$2y$10$mExWrjaCLpBEv6Hw4n5Ci.g89bRvn4uVAXNKRvEhKaaY.12F4CqHK', 'buisson.francoise', '2007-09-12', 'https://cdn-icons-png.flaticon.com/512/189/189000.png', 'Albert'),
(1257, 18, 24, 'brigitte10@sauvage.fr', '[\"ROLE_USER\"]', '$2y$10$PNGQuzx.fY094vS1E/5boeJcmr1A.owo.kxkHDyhaXZ9rjJDV1LPS', 'noemi.potier', '1964-08-04', 'https://cdn-icons-png.flaticon.com/512/924/924874.png', 'Leroy'),
(1258, 20, NULL, 'alves.gerard@michaud.fr', '[\"ROLE_USER\"]', '$2y$10$G9gSKE8a/fNWUtB/bUrLBeQSmvgKYVuqCFxszPx4.eY7RrpoKt1AK', 'vdias', '1997-06-18', 'https://cdn-icons.flaticon.com/png/512/1090/premium/1090806.png?token=exp=1641899702~hmac=54cf59726506b8ed7f77b4bba23bdda4', 'Valentin'),
(1259, 18, 25, 'julien.weber@tele2.fr', '[\"ROLE_USER\"]', '$2y$10$iB5uCK0Fnspcm9urL7GdpuYlx8GXcaVNc44EeNSE8yiRUvHMKfhle', 'roux.tristan', '1982-12-31', 'https://cdn-icons-png.flaticon.com/512/3393/3393852.png', 'Blondel'),
(1260, NULL, 24, 'eugene.joseph@dbmail.com', '[\"ROLE_USER\"]', '$2y$10$mvMzyEDK.pJ48lzZ.uruvOdR7aVZVr3DMochdzB3buqz81DZRnudO', 'alexandre40', '1989-01-14', 'https://cdn-icons-png.flaticon.com/512/189/189000.png', 'Robin-sur-Dupuis'),
(1261, 19, NULL, 'chauvet.laure@yahoo.fr', '[\"ROLE_USER\"]', '$2y$10$n9TDYG/l47CazcR6XA5cqOgYOJQWDVPZfXq22HPVhW0zJrpKZZXKm', 'allain.etienne', '1997-07-29', 'https://cdn-icons.flaticon.com/png/512/2520/premium/2520865.png?token=exp=1641899519~hmac=dd214a475e4fdbc17f353ae828106d7e', 'Delmas-sur-Lacroix'),
(1262, 20, 22, 'auger.theophile@hotmail.fr', '[\"ROLE_USER\"]', '$2y$10$5fFkUiAMZbmEERAIZQAZo.FoA6B8xyES22si6U13NoAj/VB4Mvlc2', 'gillet.jeanne', '1979-05-05', 'https://cdn-icons.flaticon.com/png/512/4218/premium/4218368.png?token=exp=1641899519~hmac=0bcfc455c9c4c1133d983b08a50346c4', 'MarchalBourg'),
(1263, 18, 25, 'stephanie30@laposte.net', '[\"ROLE_USER\"]', '$2y$10$XtfFw42jAsaIwgkyTa7r.Oahl6vx/nNitoeBnDX0Wy/cclnVF5zj2', 'charlotte26', '2005-02-12', 'https://cdn-icons-png.flaticon.com/512/1674/1674292.png', 'TexierBourg'),
(1264, 20, NULL, 'llamy@didier.com', '[\"ROLE_USER\"]', '$2y$10$wEiC43eAftnBweXrwPm0Getevv20w3dE/V1QsuJTYW6xhuOjCzqwW', 'eguilbert', '1999-07-18', 'https://cdn-icons.flaticon.com/png/512/1211/premium/1211015.png?token=exp=1641899224~hmac=3a28f8e149a633bcf6812e2b4d7d6b08', 'Collin-sur-Noel'),
(1265, NULL, 24, 'gabrielle01@guilbert.fr', '[\"ROLE_USER\"]', '$2y$10$RH/1lOWRExKXTRlVVLwhiOA8ty2N3aEXOS51qh7uoU6C3r4fuE9d.', 'besnard.eugene', '1987-06-06', 'https://cdn-icons.flaticon.com/png/512/2423/premium/2423830.png?token=exp=1641899421~hmac=08269d202be75908dc10a7f02ca0d797', 'BenoitBourg'),
(1266, 18, 22, 'thibault.pichon@roy.com', '[\"ROLE_USER\"]', '$2y$10$TP.pgtWXAfbCPDszXK5UWeJgforttCZQeu2wavQJCtEXKkx2a0K6q', 'noel.martine', '1998-04-28', 'https://cdn-icons-png.flaticon.com/512/1752/1752772.png', 'Delattre-sur-Hernandez'),
(1267, 19, NULL, 'isaac.grondin@regnier.fr', '[\"ROLE_USER\"]', '$2y$10$sCCYGmRVPhqzHu2DVqjmf.51q53ZO7uOB1CO4ZmLkQQMDOvfT.pF.', 'luc76', '2004-11-19', 'https://cdn-icons.flaticon.com/png/512/1090/premium/1090806.png?token=exp=1641899702~hmac=54cf59726506b8ed7f77b4bba23bdda4', 'Guerin'),
(1268, 19, 24, 'margot.ramos@robert.com', '[\"ROLE_USER\"]', '$2y$10$uGrY.UaSwKc9ZH/2Ovy5jeRuP5r4rApYCBorkH.pqjxcTzxR3Zz6y', 'legoff.michelle', '1977-07-15', 'https://cdn-icons-png.flaticon.com/512/189/189000.png', 'Gay'),
(1269, 19, 23, 'sylvie53@hotmail.fr', '[\"ROLE_USER\"]', '$2y$10$eel0D450MC/A4Q6w8a4lGOADt0JyWOp5TtJtvyXDQtTR43VjgJrOK', 'ybarthelemy', '1971-08-19', 'https://cdn-icons.flaticon.com/png/512/4218/premium/4218368.png?token=exp=1641899519~hmac=0bcfc455c9c4c1133d983b08a50346c4', 'Marechal-la-Forêt'),
(1270, NULL, NULL, 'kledoux@regnier.com', '[\"ROLE_USER\"]', '$2y$10$5PkAcKwivhsPt1nWPFB7hODVCOJMXbDnMFv5L0yimb5gMFZlWwpEa', 'dubois.laurent', '1979-11-01', 'https://cdn-icons-png.flaticon.com/512/3393/3393852.png', 'LebonBourg'),
(1271, 20, 23, 'anne.masse@deoliveira.fr', '[\"ROLE_USER\"]', '$2y$10$PHty01TlJmGfYDPDTgSNTOIPZKOMTTWv3Ycol6cYFJtn8an9odsGm', 'andree.didier', '1965-10-11', 'https://cdn-icons-png.flaticon.com/512/1120/1120972.png', 'Bouvier'),
(1272, 18, 25, 'gilles14@free.fr', '[\"ROLE_USER\"]', '$2y$10$fieZ7tAJHj8r4sF/8MFxveVRfyUuh0my0dTqfx.BW09s4Gg4Ouc9O', 'meyer.anne', '1977-04-16', 'https://cdn-icons.flaticon.com/png/512/2423/premium/2423830.png?token=exp=1641899421~hmac=08269d202be75908dc10a7f02ca0d797', 'Schmitt-les-Bains'),
(1273, 18, NULL, 'duhamel.martin@sfr.fr', '[\"ROLE_USER\"]', '$2y$10$WCKdg0fPJilZ7tqRS52fNOi23NVKelK2.vQL05tWcnhhlpNne2WR6', 'brunel.remy', '1987-06-07', 'https://cdn-icons.flaticon.com/png/512/4218/premium/4218368.png?token=exp=1641899519~hmac=0bcfc455c9c4c1133d983b08a50346c4', 'Bertin-sur-Georges'),
(1274, 18, 24, 'penelope.julien@monnier.fr', '[\"ROLE_USER\"]', '$2y$10$nvyqiSp21xxoYCEhKSBU1..ez3gNUlMV36kdaGfmjzCnWjLJG8LQG', 'margaux81', '1979-04-18', 'https://cdn-icons-png.flaticon.com/512/435/435048.png', 'Delahaye'),
(1275, NULL, 25, 'honore31@ferreira.fr', '[\"ROLE_USER\"]', '$2y$10$CPHPtw/piNj1//sTbZWvl.XQnr649Dli9r6oZAXiUqKrS6/i89ddC', 'idescamps', '1995-05-07', 'https://cdn-icons-png.flaticon.com/512/306/306772.png', 'Letellier-sur-Gregoire'),
(1276, 18, NULL, 'trousset@maillot.fr', '[\"ROLE_USER\"]', '$2y$10$bmOvTVm97NeXFMfeUpt6QejHUiWxcZvxXyf/FpBU2Z1UQE6T507GC', 'rdossantos', '1979-06-13', 'https://cdn-icons-png.flaticon.com/512/871/871366.png', 'De Oliveiranec'),
(1277, 20, 22, 'wbarbier@auger.com', '[\"ROLE_USER\"]', '$2y$10$iUeeohG2lf7PVNj/QPzTsOzR56OEQEa/EVXDT0D0hjaJCu9fkYIV.', 'pvidal', '2005-09-07', 'https://cdn-icons-png.flaticon.com/512/528/528107.png', 'Monnier'),
(1278, 19, 25, 'arthur86@lacroix.com', '[\"ROLE_USER\"]', '$2y$10$OKFc.014/8Bh1h.JAHAXOeEL9Cgvx2cTpmlDXWKxiY6ZiRWwCc8Dq', 'emmanuel86', '2003-05-17', 'https://cdn-icons-png.flaticon.com/512/3393/3393852.png', 'Picard'),
(1279, 20, NULL, 'jacqueline.moreau@perrin.fr', '[\"ROLE_USER\"]', '$2y$10$PjScNyE43JjVZEEY6UjiZuC506wTXVHdpniC1IeMP.h2rMmszTHFi', 'caroline.mace', '1984-11-05', 'https://cdn-icons-png.flaticon.com/512/1120/1120972.png', 'Paul'),
(1280, NULL, 25, 'camus.olivier@laposte.net', '[\"ROLE_USER\"]', '$2y$10$TTcTcrQWsNclfJBKJAJAluCIZjtE.Rjy4JqzfymbIYkBLfzhj6v1O', 'godard.madeleine', '1985-10-15', 'https://cdn-icons-png.flaticon.com/512/435/435048.png', 'Blanchet-la-Forêt'),
(1281, 19, 22, 'bernard.baudry@legoff.fr', '[\"ROLE_USER\"]', '$2y$10$6GdHoh6wASJrS/932zEjKuCMijPr02fGtRBN1AWAD4Dk2gaMpT2ga', 'chantal25', '1967-06-16', 'https://cdn-icons.flaticon.com/png/512/1090/premium/1090806.png?token=exp=1641899702~hmac=54cf59726506b8ed7f77b4bba23bdda4', 'Traore'),
(1282, 20, NULL, 'ohardy@laposte.net', '[\"ROLE_USER\"]', '$2y$10$6LLFIW4A88EEhpssAFzU..R4XkVnZ/T.tTBSvr8rdt2qkG3dTazaq', 'adele.becker', '1974-04-03', 'https://cdn-icons-png.flaticon.com/512/528/528107.png', 'Gimenez-sur-Bousquet'),
(1283, 19, 25, 'vgirard@leger.net', '[\"ROLE_USER\"]', '$2y$10$OXqBZcTK7JtazuFS3qic4.HNrldjM8EbU5adngWTdAvOnkO07YNzK', 'alix05', '1975-05-15', 'https://cdn-icons.flaticon.com/png/512/1211/premium/1211015.png?token=exp=1641899224~hmac=3a28f8e149a633bcf6812e2b4d7d6b08', 'Carre'),
(1284, 20, 22, 'hortense.deoliveira@sfr.fr', '[\"ROLE_USER\"]', '$2y$10$E8Md5a6qjlwxRAO33CzbmeOM5.Kkc7tHxY5ExIT63Kn3s62hTV4MS', 'benoit.nathalie', '1986-06-09', 'https://cdn-icons-png.flaticon.com/512/528/528107.png', 'Etienne'),
(1285, NULL, NULL, 'stephanie.lamy@legros.com', '[\"ROLE_USER\"]', '$2y$10$t7jqBRex9hGCReicexFiaOWY7mPMUE9JEa61cRYf848EU4QW6hixa', 'gillet.sabine', '1988-12-19', 'https://cdn-icons-png.flaticon.com/512/1752/1752772.png', 'Massondan'),
(1286, 19, 25, 'wdupre@noos.fr', '[\"ROLE_USER\"]', '$2y$10$QD31cCtYnxVOoD/cyW7p3ubRwbkuEDqhBnL40BJUlQZJdcowIqS4.', 'lagarde.thierry', '1990-01-16', 'https://cdn-icons-png.flaticon.com/512/1674/1674292.png', 'Fournier-sur-David'),
(1287, 19, 23, 'suzanne.pruvost@tele2.fr', '[\"ROLE_USER\"]', '$2y$10$wlaVya4.cdzSIerXFhMBVOOtssDMIJ8qlYNUdeKCbGt5wvsJZ6Co.', 'daniel.josephine', '1971-07-20', 'https://cdn-icons-png.flaticon.com/512/306/306772.png', 'Lemaitre'),
(1288, 19, NULL, 'gregoire.joly@chretien.fr', '[\"ROLE_USER\"]', '$2y$10$ijZTlGyg.30j2fDg/12kjOhA6.BrDH5/.wK/ATLtj1w.VXBpT3GD6', 'gautier.gabriel', '1985-07-29', 'https://cdn-icons-png.flaticon.com/512/871/871366.png', 'Boutin-sur-Adam'),
(1289, 18, 23, 'michelle.laroche@gerard.org', '[\"ROLE_USER\"]', '$2y$10$gMExmlE63rFOJOaIE3w27ubA4hiVB2LUGzvo0UiF5HLK1RgwSrI2C', 'gay.michele', '1994-08-20', 'https://cdn-icons.flaticon.com/png/512/1090/premium/1090806.png?token=exp=1641899702~hmac=54cf59726506b8ed7f77b4bba23bdda4', 'Courtois'),
(1290, NULL, 24, 'legendre.valerie@hotmail.fr', '[\"ROLE_USER\"]', '$2y$10$nhGALojWs5.NbkPqHDZHKOiA90pfclpzsl85uDrdVefGmxbwLHvem', 'leveque.audrey', '1990-05-08', 'https://cdn-icons-png.flaticon.com/512/528/528107.png', 'Pierrenec'),
(1291, 18, NULL, 'techer.gregoire@gerard.org', '[\"ROLE_USER\"]', '$2y$10$DQ5ldrP8ikiMHj8OgjP21uPGb7PyiYxswqB26dqEpTghqqOBAclza', 'franck.boulay', '1969-07-06', 'https://cdn-icons-png.flaticon.com/512/528/528107.png', 'Pineau'),
(1292, 20, 23, 'blondel.vincent@hotmail.fr', '[\"ROLE_USER\"]', '$2y$10$UC3B02e8DJ83XZNHE9wtPe8vf6UC5EsqE9qKYx/1kbL71QOGs10li', 'charles.chevalier', '1981-09-26', 'https://cdn-icons-png.flaticon.com/512/1120/1120972.png', 'Rochernec'),
(1293, 18, 22, 'veronique.dupre@gmail.com', '[\"ROLE_USER\"]', '$2y$10$4xErL95sAGf0xY360Kpx4eYgzqxI4WL/0eX1.JrwcXy5ChQGpYHzK', 'texier.yves', '2001-04-27', 'https://cdn-icons-png.flaticon.com/512/189/189000.png', 'Dupre'),
(1294, 19, NULL, 'theodore.colas@roux.fr', '[\"ROLE_USER\"]', '$2y$10$APi0XUyGC1KHZE8DZbuOdux51v2D15m.7JJLo4MQcwnfXnYWhIaMm', 'jacqueline32', '1978-05-19', 'https://cdn-icons.flaticon.com/png/512/4218/premium/4218368.png?token=exp=1641899519~hmac=0bcfc455c9c4c1133d983b08a50346c4', 'Fischer-la-Forêt'),
(1295, NULL, 24, 'diane16@gerard.fr', '[\"ROLE_USER\"]', '$2y$10$nnxXUiyxtfhOGCSP2mRZwuXM3chRnHQke8Wp2bBrY8pITrkE2vRkG', 'elisabeth21', '2005-11-25', 'https://cdn-icons.flaticon.com/png/512/663/premium/663097.png?token=exp=1641899224~hmac=446cfd4b7676c1308cbd1a3ecbdc873a', 'Ferrand-les-Bains'),
(1296, 18, 25, 'tdiaz@langlois.com', '[\"ROLE_USER\"]', '$2y$10$DS6pQce3oxmOQbvhT1Cymull7VcijVEoHaGfvr8a0NahKlFNkCSQe', 'victor51', '1992-12-31', 'https://cdn-icons-png.flaticon.com/512/924/924874.png', 'Bonneau'),
(1297, 19, NULL, 'guy.pages@vaillant.fr', '[\"ROLE_USER\"]', '$2y$10$FBaSZL9cakW7mrum9JGJguUMb/xtJF9hkL23mcXrYt7Ox10LP8hFq', 'brigitte06', '1972-03-05', 'https://cdn-icons.flaticon.com/png/512/2671/premium/2671422.png?token=exp=1641899777~hmac=5ab4dd5190ff90327964da4573142588', 'Fernandez'),
(1298, 20, 24, 'celina96@sfr.fr', '[\"ROLE_USER\"]', '$2y$10$RIBu8T.AEiNuwIUtzd/C8epZuTkjjvogUY72nlg2AD3ghai.XNW9S', 'michel50', '1974-08-13', 'https://cdn-icons-png.flaticon.com/512/189/189000.png', 'Lemonnier'),
(1299, 18, 23, 'alex.regnier@wanadoo.fr', '[\"ROLE_USER\"]', '$2y$10$AGAT722KqFG3.jwi57T9NOS0MFTIBLD4ytDMhwqzk8fooeZxFk0R.', 'alex.carlier', '1990-10-03', 'https://cdn-icons.flaticon.com/png/512/2671/premium/2671422.png?token=exp=1641899777~hmac=5ab4dd5190ff90327964da4573142588', 'Faure'),
(1300, NULL, NULL, 'jmartel@nicolas.fr', '[\"ROLE_USER\"]', '$2y$10$j7yJ5D82.mILpaAQuklQduR4R5iBQr8Lt64//PDJQ6kED9Cqzjzyq', 'suzanne93', '1999-11-13', 'https://cdn-icons-png.flaticon.com/512/1674/1674291.png', 'David'),
(1301, 18, 24, 'cpires@orange.fr', '[\"ROLE_USER\"]', '$2y$10$QiOXkOCBX3Csa1oEJvdpkOyNdWiBP2Xz7fAxkPUZOwUNDI9jncXYy', 'pnormand', '2005-02-26', 'https://cdn-icons-png.flaticon.com/512/435/435048.png', 'Tessier'),
(1302, 20, 25, 'barbier.gilles@guyon.com', '[\"ROLE_USER\"]', '$2y$10$FLW/Qwg4sCC/6g7kVhY12u35XgjssYiTEI20QY3aIPoezMHsQGz4y', 'dominique75', '1991-05-21', 'https://cdn-icons.flaticon.com/png/512/1211/premium/1211015.png?token=exp=1641899224~hmac=3a28f8e149a633bcf6812e2b4d7d6b08', 'Millet'),
(1303, 19, NULL, 'dleclercq@noel.com', '[\"ROLE_USER\"]', '$2y$10$Qo/Mo3FjYcc0uygiSMwyWO3HSO4wlewwpMUtFF1rWilc262rb6jl2', 'camille44', '2008-04-05', 'https://cdn-icons-png.flaticon.com/512/1752/1752772.png', 'Martins'),
(1304, 20, 22, 'legrand.olivier@hotmail.fr', '[\"ROLE_USER\"]', '$2y$10$/CajFEypEmABgtp/UFaVq.C2g6wdyOfrEWdxbynt9iuF7x/PrWNr6', 'josette25', '1965-10-28', 'https://cdn-icons-png.flaticon.com/512/189/189000.png', 'Fernandez-les-Bains'),
(1305, NULL, 23, 'julie81@chartier.net', '[\"ROLE_USER\"]', '$2y$10$vqbejgNZNeZ0.qQJoeHRbOO6NSCi7qjxtVY4abXWZ2PK9kwiRxxou', 'raynaud.arthur', '1965-05-10', 'https://cdn-icons-png.flaticon.com/512/1752/1752772.png', 'Ruiz-sur-Boutin'),
(1306, 19, NULL, 'lthomas@wanadoo.fr', '[\"ROLE_USER\"]', '$2y$10$MvRLc44qqM6ga1FOUqKIJuu4NVX.OjtxuHyoUr8nhoae9FOa3ECEO', 'theophile.legendre', '1988-08-09', 'https://cdn-icons-png.flaticon.com/512/1674/1674291.png', 'Chauvin'),
(1307, 18, 24, 'royer.antoine@valentin.fr', '[\"ROLE_USER\"]', '$2y$10$pheM/1vpByJtKNxXh7qhrehx4WINnNs5HaqUCydurczpvBakJu80C', 'roland20', '1983-05-03', 'https://cdn-icons.flaticon.com/png/512/1090/premium/1090806.png?token=exp=1641899702~hmac=54cf59726506b8ed7f77b4bba23bdda4', 'Colas-sur-Joly'),
(1308, 20, 25, 'alexandrie18@lombard.com', '[\"ROLE_USER\"]', '$2y$10$MFXN/wb49HuOYEXn2qw3GOOMOMG5cKkUJJ92gSmtAjc4FRe3dngmS', 'colin.susan', '1992-02-02', 'https://cdn-icons-png.flaticon.com/512/452/452539.png', 'Ollivier'),
(1309, 18, NULL, 'agathe.cousin@free.fr', '[\"ROLE_USER\"]', '$2y$10$z.3g/KkGpAR5au1HfcNR5uh.ChSgxCbP64tM4P5e8wSVvlDySXH1y', 'hardy.francois', '1994-07-10', 'https://cdn-icons.flaticon.com/png/512/2520/premium/2520865.png?token=exp=1641899519~hmac=dd214a475e4fdbc17f353ae828106d7e', 'Aubert-sur-Pereira'),
(1310, NULL, 24, 'diallo.camille@antoine.fr', '[\"ROLE_USER\"]', '$2y$10$PAhOVbnoSpFtzL/2gZKCIeksO80F4fX0QY9Mv/Lj1eAkrdpYLX2o2', 'petitjean.henri', '2002-09-30', 'https://cdn-icons-png.flaticon.com/512/189/189000.png', 'Deschamps-la-Forêt'),
(1311, 19, 24, 'wdasilva@vallee.com', '[\"ROLE_USER\"]', '$2y$10$kqujGnN..uPOIwWYyRdM7eUShXXePSf77bg9VeprkS9HU9mlkxCsK', 'timothee.alexandre', '2002-03-09', 'https://cdn-icons.flaticon.com/png/512/2671/premium/2671422.png?token=exp=1641899777~hmac=5ab4dd5190ff90327964da4573142588', 'Mathieu'),
(1312, 20, NULL, 'louis.lebrun@marin.com', '[\"ROLE_USER\"]', '$2y$10$UUozWHQ9X00lAwJGD.6De.P.6YAvi9UMyEokSX0KscG.hFAoxS1hm', 'fpaul', '1997-04-29', 'https://cdn-icons.flaticon.com/png/512/1985/premium/1985783.png?token=exp=1641899777~hmac=467dad371dbd0417fc9f459b8fcfa7d0', 'Toussaint'),
(1313, 19, 22, 'noel09@yahoo.fr', '[\"ROLE_USER\"]', '$2y$10$BIrFNwH2kaXMmSCsGh99jejMbmphGKp/z79aneGnjetkgVbsCaxoi', 'jguillon', '2005-01-07', 'https://cdn-icons.flaticon.com/png/512/2423/premium/2423830.png?token=exp=1641899421~hmac=08269d202be75908dc10a7f02ca0d797', 'Morin-sur-Thierry'),
(1314, 20, 22, 'alphonse18@pascal.fr', '[\"ROLE_USER\"]', '$2y$10$JWFOswUlrJxfzvGkDEDI3ecFbKxQNae0p0ctF1jo0IrE4es5sDt5y', 'maurice61', '1966-10-15', 'https://cdn-icons-png.flaticon.com/512/1674/1674292.png', 'Valentin-sur-Camus'),
(1315, NULL, NULL, 'david.mace@blin.net', '[\"ROLE_USER\"]', '$2y$10$L8ujUlR4ZeuTOa0Bqvb.zOa13J4HOAD0gsPnLBSuYOVsko3LjleoC', 'bertrand68', '1965-01-31', 'https://cdn-icons.flaticon.com/png/512/663/premium/663097.png?token=exp=1641899224~hmac=446cfd4b7676c1308cbd1a3ecbdc873a', 'Philippe'),
(1316, 18, 24, 'robert.turpin@samson.net', '[\"ROLE_USER\"]', '$2y$10$3ol8wNWxPSDptouoXej46enhEkerW5OsOYC9JVulGcDESPOmj0Lde', 'muller.luc', '1977-06-25', 'https://cdn-icons-png.flaticon.com/512/528/528107.png', 'Letellier'),
(1317, 19, 22, 'christelle.ferrand@tele2.fr', '[\"ROLE_USER\"]', '$2y$10$fxZJJNDiJIxSFep4bIMF2e6N9ePJfsxEt6cWKyu0etwTDF/yYxuMW', 'aime.gomez', '1998-12-20', 'https://cdn-icons-png.flaticon.com/512/924/924874.png', 'Fontaine'),
(1318, 19, NULL, 'gaillard.gilbert@noos.fr', '[\"ROLE_USER\"]', '$2y$10$grDtVFXHcND3BO3/5hTeRewkNaWVTdCOwmJM6xJ8.UGR9ZGxqTALm', 'theophile26', '1970-09-18', 'https://cdn-icons.flaticon.com/png/512/2423/premium/2423830.png?token=exp=1641899421~hmac=08269d202be75908dc10a7f02ca0d797', 'Tessier-sur-Mer'),
(1319, 18, 22, 'blemaire@yahoo.fr', '[\"ROLE_USER\"]', '$2y$10$c/TuFjsfg4/2FpsH4C0byOJlrRxRTUZvrtB6wkq6qXTIpDvCKyeje', 'susanne.maillot', '1971-01-13', 'https://cdn-icons-png.flaticon.com/512/306/306772.png', 'Marechal'),
(1320, NULL, 22, 'barre.aurore@free.fr', '[\"ROLE_USER\"]', '$2y$10$FeiuCnJA7hleoXrU0qduhOtA2GM1Hh1rHgCpJjyqZtBUCOhihfN2S', 'michelle.peltier', '2007-10-11', 'https://cdn-icons.flaticon.com/png/512/4218/premium/4218368.png?token=exp=1641899519~hmac=0bcfc455c9c4c1133d983b08a50346c4', 'Louis'),
(1321, 19, NULL, 'auguste36@didier.com', '[\"ROLE_USER\"]', '$2y$10$7wVCPU8oI649C5c5kC8P1.XD5eD1kVei1t8spaaFoS5xYPxC6eq9q', 'gabrielle77', '2001-05-18', 'https://cdn-icons-png.flaticon.com/512/1674/1674292.png', 'Texier'),
(1322, 19, 22, 'michel12@wanadoo.fr', '[\"ROLE_USER\"]', '$2y$10$b50s2SKYwXv1f75s5t/7Pe0RNlfdq7eF1foD4eoPqjZNb9Ds/SwhK', 'yjoly', '1986-02-12', 'https://cdn-icons-png.flaticon.com/512/871/871366.png', 'Ferreira'),
(1323, 18, 25, 'nicolas33@hotmail.fr', '[\"ROLE_USER\"]', '$2y$10$3DqmLfvQTDZiherZFh4Btup.A7YYZ.Z6rVIzUlkRc5DUlrtHoFnkC', 'noel.marcel', '1976-02-09', 'https://cdn-icons-png.flaticon.com/512/1120/1120972.png', 'Leclercq'),
(1324, 20, NULL, 'adrien27@wanadoo.fr', '[\"ROLE_USER\"]', '$2y$10$QEeGqyBV8qxRPc8teucfsu1CTViG1MdZk3J5TOjkJixHUygY4mGLK', 'guerin.aime', '2008-03-26', 'https://cdn-icons-png.flaticon.com/512/1674/1674291.png', 'Dumas'),
(1325, NULL, 25, 'julien.benard@tele2.fr', '[\"ROLE_USER\"]', '$2y$10$aVn7Qt5r7NHD4mrK7mxj0ukRnrFwNVE5jbGfarIRisjgSFV0b/uam', 'auguste40', '2001-11-02', 'https://cdn-icons-png.flaticon.com/512/306/306772.png', 'Joubert'),
(1326, 18, 23, 'michele.evrard@michaud.fr', '[\"ROLE_USER\"]', '$2y$10$kYUW3.bkpqt.WdnrtKFafe4qEjsGHK/ff5Gy28cIzRHruh.jHY8yW', 'andre28', '1985-08-03', 'https://cdn-icons.flaticon.com/png/512/663/premium/663097.png?token=exp=1641899224~hmac=446cfd4b7676c1308cbd1a3ecbdc873a', 'Dupont'),
(1327, 18, NULL, 'gilles.devaux@laposte.net', '[\"ROLE_USER\"]', '$2y$10$xYwdkzql4kbOX2jANIIdF.Z.259jVGYM3UlK05CZJfuifib5jtnR6', 'dacosta.jules', '1967-04-25', 'https://cdn-icons.flaticon.com/png/512/2423/premium/2423830.png?token=exp=1641899421~hmac=08269d202be75908dc10a7f02ca0d797', 'Rousseau-la-Forêt'),
(1328, 18, 24, 'vbodin@wanadoo.fr', '[\"ROLE_USER\"]', '$2y$10$LR3YFKOmHaOpR/viTVBowO9EJxR4POilRuJBM333PFiXn.2ZL5ZE2', 'wnavarro', '1976-11-23', 'https://cdn-icons.flaticon.com/png/512/663/premium/663097.png?token=exp=1641899224~hmac=446cfd4b7676c1308cbd1a3ecbdc873a', 'Munoz'),
(1329, 19, 22, 'martinez.lucas@barbier.com', '[\"ROLE_USER\"]', '$2y$10$kebPYsO4v6fGUG/9RykKOuORZjp3.f3Xey8i888Ibsd7On8Sr5FmK', 'uferrand', '1988-07-24', 'https://cdn-icons.flaticon.com/png/512/1985/premium/1985783.png?token=exp=1641899777~hmac=467dad371dbd0417fc9f459b8fcfa7d0', 'Lemoinedan'),
(1330, NULL, NULL, 'clemence.joubert@alexandre.net', '[\"ROLE_USER\"]', '$2y$10$vn4Fq2FO2G1r/L7WT4ChwufyJEO4yCb8pyz.exlC8c3ZPgHaqxZyG', 'hernandez.aimee', '1972-08-07', 'https://cdn-icons.flaticon.com/png/512/2423/premium/2423830.png?token=exp=1641899421~hmac=08269d202be75908dc10a7f02ca0d797', 'Menard'),
(1331, 19, 22, 'jeannine98@gmail.com', '[\"ROLE_USER\"]', '$2y$10$7w/za2CZFqP3tCzo56xbfuUJ8K5.rBipR3pM4cAu.Vgols26a1Ivy', 'vsimon', '1997-10-24', 'https://cdn-icons.flaticon.com/png/512/2423/premium/2423830.png?token=exp=1641899421~hmac=08269d202be75908dc10a7f02ca0d797', 'VaillantBourg'),
(1332, 19, 22, 'christelle96@albert.net', '[\"ROLE_USER\"]', '$2y$10$tcK4PzO.M47uudTM7QtWse.o.3HMU.oK1kWB2u1FpD00Y6ROIyhem', 'therese21', '1991-01-21', 'https://cdn-icons.flaticon.com/png/512/1985/premium/1985783.png?token=exp=1641899777~hmac=467dad371dbd0417fc9f459b8fcfa7d0', 'Cordier'),
(1333, 19, NULL, 'epereira@allard.fr', '[\"ROLE_USER\"]', '$2y$10$F6Gt6ywsFk.JozLQTrQmN.ukywMYLfJDO66wS/zMEgeyZ8HDpU4S6', 'marcel.roussel', '1987-02-19', 'https://cdn-icons-png.flaticon.com/512/528/528111.png', 'Evrard-les-Bains'),
(1334, 20, 23, 'ruiz.josette@laposte.net', '[\"ROLE_USER\"]', '$2y$10$UEHszz522012YpAdUYCaO.W6es2BmKiQ9Bfo0hx2n5YkqZKIBr0Ua', 'xpoulain', '1984-03-21', 'https://cdn-icons.flaticon.com/png/512/4218/premium/4218368.png?token=exp=1641899519~hmac=0bcfc455c9c4c1133d983b08a50346c4', 'Legendre'),
(1335, NULL, 23, 'neveu.suzanne@guyon.fr', '[\"ROLE_USER\"]', '$2y$10$GN85kwNV/EkziWrB1xh/z.JvrduoGJuykuSacX..5vDllztylSTG6', 'obaudry', '1998-08-02', 'https://cdn-icons.flaticon.com/png/512/663/premium/663097.png?token=exp=1641899224~hmac=446cfd4b7676c1308cbd1a3ecbdc873a', 'Rousset'),
(1336, 19, NULL, 'lbriand@laposte.net', '[\"ROLE_USER\"]', '$2y$10$9SLzAk54TwfGYlxxrv0CYOPxWS54SaRgeNobrCUKaMOX1iv3Txbzq', 'nathalie.cordier', '1985-10-12', 'https://cdn-icons.flaticon.com/png/512/2423/premium/2423830.png?token=exp=1641899421~hmac=08269d202be75908dc10a7f02ca0d797', 'Durand-sur-Barre'),
(1337, 18, 24, 'imuller@live.com', '[\"ROLE_USER\"]', '$2y$10$Liwd4Yf1HjkTuLy4Cus3D.a.vhVDMVOryVIeZBWPmeQ1ADj8OcFR6', 'dominique30', '1977-03-20', 'https://cdn-icons.flaticon.com/png/512/1090/premium/1090806.png?token=exp=1641899702~hmac=54cf59726506b8ed7f77b4bba23bdda4', 'Blondel'),
(1338, 20, 22, 'huet.zacharie@becker.com', '[\"ROLE_USER\"]', '$2y$10$o5BVmmbVY8XNyicPLRzWieLAsoww3zOeqD2Gqn3ooLQZhUiWU9/OS', 'alexandre.lecomte', '1988-04-28', 'https://cdn-icons-png.flaticon.com/512/871/871366.png', 'Costanec'),
(1339, 20, NULL, 'zlelievre@live.com', '[\"ROLE_USER\"]', '$2y$10$ximdT3/uCJef92hL3fTuOeGWQOXjpHU0hj0L7r9broIBkf8Qryowe', 'amelie42', '1968-07-18', 'https://cdn-icons.flaticon.com/png/512/1985/premium/1985783.png?token=exp=1641899777~hmac=467dad371dbd0417fc9f459b8fcfa7d0', 'Oliviernec'),
(1340, NULL, 25, 'olivie82@dbmail.com', '[\"ROLE_USER\"]', '$2y$10$Zsl0ZSt1RMY0GxEMbvIRV.VyZrpQqOYEEyuemMGB1.7ynJPCYvV4S', 'adaniel', '1992-10-21', 'https://cdn-icons-png.flaticon.com/512/452/452539.png', 'Berthelotnec'),
(1341, 18, 25, 'daniel.martinez@free.fr', '[\"ROLE_USER\"]', '$2y$10$5TucIlIWJdIBzDfOY.1az.CyNy3DQoG5l4/9yE39k9chc962cKb7.', 'mallet.remy', '1976-12-28', 'https://cdn-icons-png.flaticon.com/512/1674/1674291.png', 'Merle'),
(1342, 20, NULL, 'echretien@sfr.fr', '[\"ROLE_USER\"]', '$2y$10$gcXTM3.cUGDVQht14gehnOGNct.3/QmwLcz4R1ZyF.FXCZtwFUPRm', 'anais.salmon', '2001-07-15', 'https://cdn-icons-png.flaticon.com/512/528/528111.png', 'Caron'),
(1343, 19, 22, 'odette.blot@dubois.org', '[\"ROLE_USER\"]', '$2y$10$2Ky0A9JhC0LFrWLpXHnHPuKctyvblPfxiWmMxKfaXNpuRlXCPLqd2', 'xpetit', '1993-03-30', 'https://cdn-icons-png.flaticon.com/512/1120/1120972.png', 'Blin-sur-Regnier'),
(1344, 18, 25, 'colette95@dbmail.com', '[\"ROLE_USER\"]', '$2y$10$63FXA.3BXMp8/Qy/czuC.udbvOs1eWFQkq8YUFYqn6LWAhYK2nT6O', 'maillot.jacques', '1962-09-25', 'https://cdn-icons-png.flaticon.com/512/1120/1120972.png', 'Couturier'),
(1345, NULL, NULL, 'aurelie.leveque@noos.fr', '[\"ROLE_USER\"]', '$2y$10$7/IL1r.DZdIGJKB.l77gSu0J2j6SA.m/uc6dKHdv2IjD0FMGv.ava', 'emilie.rousseau', '1983-04-22', 'https://cdn-icons-png.flaticon.com/512/1752/1752772.png', 'Blondel'),
(1346, 19, 25, 'obarbier@thibault.com', '[\"ROLE_USER\"]', '$2y$10$UrshUdNcEy2SbdUct2J17..fNH1L5Wm9xW2Rr5tkmfBmPbJlFedf2', 'susan58', '1980-02-11', 'https://cdn-icons-png.flaticon.com/512/306/306772.png', 'Gallet-sur-Lagarde'),
(1347, 19, 23, 'lambert.claire@hamel.org', '[\"ROLE_USER\"]', '$2y$10$6XTcYfM2OteHml3ZGainsuG0fSkSSeCL89pPoCeF55AYjDkR5ljXa', 'tferreira', '1979-12-01', 'https://cdn-icons-png.flaticon.com/512/1674/1674292.png', 'Grenier-sur-Blanchard'),
(1348, 18, NULL, 'delmas.edouard@live.com', '[\"ROLE_USER\"]', '$2y$10$rnPc.RvER8Elbton.a6sOOExfJaPJbKpCNz4qb0Uy/o1BmJYwJJq2', 'nicolas.elodie', '1963-01-31', 'https://cdn-icons.flaticon.com/png/512/1985/premium/1985783.png?token=exp=1641899777~hmac=467dad371dbd0417fc9f459b8fcfa7d0', 'Fabre-sur-Mer'),
(1349, 18, 25, 'roussel.georges@chevallier.fr', '[\"ROLE_USER\"]', '$2y$10$DYReowxMhFZCL6A/E2l7LOl47bFEd.OuY9/exIKmdRx3rsN3gfO9G', 'allain.margot', '1990-08-13', 'https://cdn-icons.flaticon.com/png/512/2423/premium/2423830.png?token=exp=1641899421~hmac=08269d202be75908dc10a7f02ca0d797', 'MassonBourg'),
(1350, NULL, 24, 'audrey37@hotmail.fr', '[\"ROLE_USER\"]', '$2y$10$pzWQ2mMHgmkqWeB9lmd0Ke9K8jvCbH.4iLfPn1ThMcbIi8JD5Bl6y', 'monique78', '1994-01-22', 'https://cdn-icons-png.flaticon.com/512/528/528107.png', 'Lenoir-la-Forêt'),
(1351, 18, NULL, 'delorme.alexandre@legrand.fr', '[\"ROLE_USER\"]', '$2y$10$6gWB675SWb92vnk7LFHWkukpQAiowik3FTKEWtKfAwzgrhLZt.bH.', 'colas.claire', '1966-09-27', 'https://cdn-icons.flaticon.com/png/512/1985/premium/1985783.png?token=exp=1641899777~hmac=467dad371dbd0417fc9f459b8fcfa7d0', 'Barthelemy-les-Bains'),
(1352, 18, 25, 'wmendes@live.com', '[\"ROLE_USER\"]', '$2y$10$0qAVm5Br.VJwA717MjisJOB4Ct76rhS78A8mnT200H0ZiNgW2qxHO', 'daniel.weiss', '1968-02-20', 'https://cdn-icons.flaticon.com/png/512/2671/premium/2671422.png?token=exp=1641899777~hmac=5ab4dd5190ff90327964da4573142588', 'Robindan'),
(1353, 18, 25, 'sdelattre@free.fr', '[\"ROLE_USER\"]', '$2y$10$DawAPlI17PZ2X8K9AELxs.PIcDpAQgcVfsTSDfmrpmt2nRlOGQxP2', 'vmartin', '1985-05-21', 'https://cdn-icons.flaticon.com/png/512/1211/premium/1211015.png?token=exp=1641899224~hmac=3a28f8e149a633bcf6812e2b4d7d6b08', 'Bertin'),
(1354, 18, NULL, 'schneider.dominique@live.com', '[\"ROLE_USER\"]', '$2y$10$H9sfvy3cYAFpBNrRMlphD.pdJwOQgWchhHTFecdzbI00I8aGgG0zi', 'verdier.jeannine', '1990-06-23', 'https://cdn-icons-png.flaticon.com/512/528/528107.png', 'Guillet-sur-Jourdan'),
(1355, NULL, 23, 'franck.marty@hotmail.fr', '[\"ROLE_USER\"]', '$2y$10$v1V9azcO3Vtf2mPKSkzlMu6td729IwEKfLtL6v7RPhOKIV4tCanEe', 'robert90', '2007-03-04', 'https://cdn-icons-png.flaticon.com/512/871/871366.png', 'Leclerc'),
(1356, 19, 24, 'dias.emmanuelle@legros.fr', '[\"ROLE_USER\"]', '$2y$10$Vd7fmxbWIK4fXs7xheXb6.HLz59K5bvEWF1gOfgAy0Wz6ZQ/yXzhC', 'pturpin', '1988-11-01', 'https://cdn-icons-png.flaticon.com/512/435/435048.png', 'Rousseau-la-Forêt'),
(1357, 18, NULL, 'alexandrie33@tele2.fr', '[\"ROLE_USER\"]', '$2y$10$U.4VdwHKQW1FKRmViM8fKeG1YTLvPrOI/A..ihM0WAc5uSMrprzYa', 'goncalves.manon', '1982-02-22', 'https://cdn-icons-png.flaticon.com/512/1752/1752772.png', 'Couturier-sur-Courtois'),
(1358, 20, 23, 'guillaume.pelletier@bouvier.com', '[\"ROLE_USER\"]', '$2y$10$v6b7m6quVivYGPx5L0r.nuEWGqAlNHBlkD7V6RJPIBK8qgikPYk4C', 'honore.deschamps', '1998-01-02', 'https://cdn-icons-png.flaticon.com/512/528/528111.png', 'Rolland'),
(1359, 19, 22, 'ateixeira@tele2.fr', '[\"ROLE_USER\"]', '$2y$10$F.5eTmShZZg8CEavseulZupK0CWJMaFZ2yjbSUdLOXwfiUskOFgg6', 'clement.valerie', '1992-09-07', 'https://cdn-icons-png.flaticon.com/512/528/528111.png', 'Blot'),
(1360, NULL, NULL, 'jourdan.simone@sfr.fr', '[\"ROLE_USER\"]', '$2y$10$iBxvMTIAqywU5PeDoyG2besk2UR7dcxdQh5u4vH16qqjr3mzvhud2', 'anastasie91', '1980-11-11', 'https://cdn-icons.flaticon.com/png/512/2671/premium/2671422.png?token=exp=1641899777~hmac=5ab4dd5190ff90327964da4573142588', 'Louis'),
(1361, 18, 25, 'guillou.olivie@pottier.fr', '[\"ROLE_USER\"]', '$2y$10$5eXpMdM4Br7.nNxwpDwFkOD35G6eO8TP7mw.nUGdEtyh0ll0Cdiz.', 'michelle.wagner', '1979-12-13', 'https://cdn-icons.flaticon.com/png/512/1090/premium/1090806.png?token=exp=1641899702~hmac=54cf59726506b8ed7f77b4bba23bdda4', 'Morin'),
(1362, 19, 23, 'matthieu.fernandes@laposte.net', '[\"ROLE_USER\"]', '$2y$10$23pxMm3lipMoR/YgchElF.8Vh2EweOArauWmfnYAt59/dpVHglTYS', 'petit.alexandrie', '1998-07-27', 'https://cdn-icons-png.flaticon.com/512/1752/1752772.png', 'DenisBourg'),
(1363, 19, NULL, 'qrichard@henry.fr', '[\"ROLE_USER\"]', '$2y$10$op85831PV3tgtNr1DXC1CuQ1EP0mNQa28UtbixAToqY9ujfyIQaT2', 'bmartineau', '1996-03-09', 'https://cdn-icons.flaticon.com/png/512/1985/premium/1985783.png?token=exp=1641899777~hmac=467dad371dbd0417fc9f459b8fcfa7d0', 'Lemaitre'),
(1364, 19, 23, 'ilegendre@free.fr', '[\"ROLE_USER\"]', '$2y$10$20DnerNu5vxfFC66pNwKK.5T6x6Lgra2/cP7kerX1iovJ1B8IZTvS', 'marchand.theophile', '1965-01-02', 'https://cdn-icons.flaticon.com/png/512/1090/premium/1090806.png?token=exp=1641899702~hmac=54cf59726506b8ed7f77b4bba23bdda4', 'Simonboeuf'),
(1365, NULL, 23, 'eric58@dbmail.com', '[\"ROLE_USER\"]', '$2y$10$pyd6FyO2EaUT8BsFtmU4J.0Oq.1O2x1EEidEcgFvTwa.WceXF23BW', 'tristan94', '2000-03-06', 'https://cdn-icons-png.flaticon.com/512/1674/1674291.png', 'Legros'),
(1366, 19, NULL, 'odumont@live.com', '[\"ROLE_USER\"]', '$2y$10$NSkYAdbjmZ6APfshKjTXbeplBebqtO7jbsZZtWBFSmF4v6QXU7nN6', 'moreno.lucas', '1981-02-25', 'https://cdn-icons.flaticon.com/png/512/2520/premium/2520865.png?token=exp=1641899519~hmac=dd214a475e4fdbc17f353ae828106d7e', 'Begue'),
(1367, 19, 22, 'pauline59@costa.com', '[\"ROLE_USER\"]', '$2y$10$Oc0QhDKRkZbQDZ9KFDYIL.IqrVblimr9cmhv1uPNxE4eYIjtmPcLi', 'margaud22', '1999-09-08', 'https://cdn-icons-png.flaticon.com/512/528/528111.png', 'Rodrigueznec'),
(1368, 20, 24, 'eguibert@club-internet.fr', '[\"ROLE_USER\"]', '$2y$10$OvgIrS3DCeAM1OqSTVcqkeG3XDovZuPCoAtJauJJI1G5Pg57yE44G', 'rtexier', '1967-02-08', 'https://cdn-icons-png.flaticon.com/512/435/435048.png', 'Louis'),
(1369, 18, NULL, 'apottier@laine.com', '[\"ROLE_USER\"]', '$2y$10$cxf02D7Jy8ienUG1TiqCBuc6rVL9bXMZjqxed/qSZHR5wlTUUlyf6', 'lacroix.alfred', '1999-01-01', 'https://cdn-icons.flaticon.com/png/512/2520/premium/2520865.png?token=exp=1641899519~hmac=dd214a475e4fdbc17f353ae828106d7e', 'Potier-sur-Mer'),
(1370, NULL, 22, 'susanne.rousseau@noos.fr', '[\"ROLE_USER\"]', '$2y$10$.iEbbxNJkoQhvgQb22FyxemNS38SJ/ZdChoizwpLAOlBvQNaFf3j6', 'laetitia.bruneau', '1971-07-26', 'https://cdn-icons.flaticon.com/png/512/4218/premium/4218368.png?token=exp=1641899519~hmac=0bcfc455c9c4c1133d983b08a50346c4', 'Pruvostdan'),
(1371, 19, 25, 'patricia10@guerin.org', '[\"ROLE_USER\"]', '$2y$10$85csC4ToqWWrn5wLkFypS.BcHMNMjrMGK0cKTb/Kshl4xZfsOmhWO', 'orocher', '1968-06-15', 'https://cdn-icons-png.flaticon.com/512/924/924874.png', 'Richard'),
(1372, 18, NULL, 'rene.brunet@live.com', '[\"ROLE_USER\"]', '$2y$10$VifwfbVdYhe1gBPhfNR8.OFJJl1ATprvdho9ogmajZCTAayxAFG3y', 'qantoine', '1979-09-22', 'https://cdn-icons.flaticon.com/png/512/2520/premium/2520865.png?token=exp=1641899519~hmac=dd214a475e4fdbc17f353ae828106d7e', 'CharlesVille'),
(1373, 18, 23, 'valentine.payet@gay.fr', '[\"ROLE_USER\"]', '$2y$10$VUuyBomjR3fk1OSgmqMJr.AOTei5R6VvueTUmz1Y6VNP.1PxKq6cS', 'zparent', '1966-11-02', 'https://cdn-icons.flaticon.com/png/512/4218/premium/4218368.png?token=exp=1641899519~hmac=0bcfc455c9c4c1133d983b08a50346c4', 'Brunel'),
(1374, 18, 23, 'etienne.sebastien@wanadoo.fr', '[\"ROLE_USER\"]', '$2y$10$4qQ6Pn6oclL3iMvqOktNy.gJZ3k8VDUntqsj68c2tT5YfS6nk6.s2', 'chantal.rodrigues', '1989-04-23', 'https://cdn-icons.flaticon.com/png/512/2423/premium/2423830.png?token=exp=1641899421~hmac=08269d202be75908dc10a7f02ca0d797', 'Da Silva'),
(1375, NULL, NULL, 'nmaury@club-internet.fr', '[\"ROLE_USER\"]', '$2y$10$1d1zyuYZpzdZJ2VeZ68xGeS0q8JKtEZ4TGPxkDlA4wuf6Tyo9O3HS', 'vasseur.emile', '1978-03-21', 'https://cdn-icons.flaticon.com/png/512/2520/premium/2520865.png?token=exp=1641899519~hmac=dd214a475e4fdbc17f353ae828106d7e', 'Michel'),
(1376, 20, 24, 'benard.sebastien@philippe.net', '[\"ROLE_USER\"]', '$2y$10$YE2BkG3U2AYFtkMhwi0m3O.E4RPn0wl69RJm74EztoDodDEUiUiiy', 'dumas.laure', '1988-05-30', 'https://cdn-icons-png.flaticon.com/512/528/528107.png', 'Marechal-sur-Rey'),
(1377, 20, 23, 'dhebert@live.com', '[\"ROLE_USER\"]', '$2y$10$1Qm4z3edacFKHOHISU9svOrmW6zj.GN04uQtbMUZGWTH4R422DLqi', 'monique.briand', '1986-07-03', 'https://cdn-icons.flaticon.com/png/512/4218/premium/4218368.png?token=exp=1641899519~hmac=0bcfc455c9c4c1133d983b08a50346c4', 'Paris'),
(1378, 20, NULL, 'virginie.pichon@laposte.net', '[\"ROLE_USER\"]', '$2y$10$G34Dq9jOWLuBncaRbNeVKuYQeMDUAIekLAb8RBDII7nRQaQTgSjW6', 'josette97', '1971-03-02', 'https://cdn-icons-png.flaticon.com/512/924/924874.png', 'Benard-sur-Langlois'),
(1379, 20, 25, 'emmanuelle.charles@bouvet.org', '[\"ROLE_USER\"]', '$2y$10$elCqiglqEpldzVGeitxg8.Fob13Huzov3gfPb1cSYCu52QDmiiRuS', 'marcel.chauvet', '2008-11-22', 'https://cdn-icons-png.flaticon.com/512/1674/1674292.png', 'Vallet-les-Bains'),
(1380, NULL, 23, 'mdossantos@laposte.net', '[\"ROLE_USER\"]', '$2y$10$BVwb148nSoReC4rFzVYhheiktnN.F.4V6YiQAk.oy04q50IK8cXIC', 'zpinto', '1970-01-18', 'https://cdn-icons.flaticon.com/png/512/4218/premium/4218368.png?token=exp=1641899519~hmac=0bcfc455c9c4c1133d983b08a50346c4', 'Grondin'),
(1381, 19, NULL, 'ghoareau@ledoux.com', '[\"ROLE_USER\"]', '$2y$10$K.rKjQK2g2d0tG4GFXUV3eWwxVFmQy87jyE7/FaSm3ShfqZXVTPfa', 'hortense.jacques', '1973-12-09', 'https://cdn-icons.flaticon.com/png/512/1985/premium/1985783.png?token=exp=1641899777~hmac=467dad371dbd0417fc9f459b8fcfa7d0', 'PierreVille'),
(1382, 20, 22, 'gilles78@wanadoo.fr', '[\"ROLE_USER\"]', '$2y$10$ty5YjVjWqObVsVFzk0q0Iezj51pmyx.3.iOPywJCyMwDhdZYyDGym', 'genevieve51', '1998-02-10', 'https://cdn-icons.flaticon.com/png/512/4218/premium/4218368.png?token=exp=1641899519~hmac=0bcfc455c9c4c1133d983b08a50346c4', 'Michaudboeuf'),
(1383, 18, 24, 'royer.lorraine@yahoo.fr', '[\"ROLE_USER\"]', '$2y$10$4KbdURQCWGEybBD/N53CS.BdCpRxvJy017dVlOsHPEhdl3aG1OkjS', 'acohen', '1975-06-22', 'https://cdn-icons-png.flaticon.com/512/528/528111.png', 'Berger'),
(1384, 20, NULL, 'eric.cousin@traore.net', '[\"ROLE_USER\"]', '$2y$10$aCo3tiTSRErd8UQ1O24ePeNxLvggMAzGaQJ.4iZ/1pFl7YCvP7CBi', 'martins.jerome', '1981-02-04', 'https://cdn-icons-png.flaticon.com/512/924/924874.png', 'LefortBourg'),
(1385, NULL, 23, 'celina.bertin@perret.fr', '[\"ROLE_USER\"]', '$2y$10$KWQTSaxY7qvAvgbdxQd3IeEVn.hAJcpMDufATZz2zVT6VNzThiQi.', 'setienne', '1972-08-01', 'https://cdn-icons-png.flaticon.com/512/924/924874.png', 'TanguyVille'),
(1386, 20, 23, 'sverdier@noos.fr', '[\"ROLE_USER\"]', '$2y$10$BYFt2MV6MiKw1VUTOZZz9.ZviMJpZfzC6duD4uZ/i4aaY4dfAPd96', 'olivie.joly', '2000-03-01', 'https://cdn-icons-png.flaticon.com/512/452/452539.png', 'Dumont'),
(1387, 19, NULL, 'caroline32@leclerc.net', '[\"ROLE_USER\"]', '$2y$10$zExezr/N7eYLGVvA0SJ24uA/nMuPL9KhKl.h/gN0KXPsLYFFg7Yq2', 'anastasie71', '2007-11-09', 'https://cdn-icons.flaticon.com/png/512/2671/premium/2671422.png?token=exp=1641899777~hmac=5ab4dd5190ff90327964da4573142588', 'Blancharddan'),
(1388, 20, 23, 'thibault78@rey.com', '[\"ROLE_USER\"]', '$2y$10$fPd8yGkZx2KZtVoQBL/wuedWPupZPK/nYhz0Pr3uIt7bmhM3XU/LS', 'cmallet', '1978-11-11', 'https://cdn-icons-png.flaticon.com/512/189/189000.png', 'Lopes-la-Forêt'),
(1389, 19, 23, 'carnaud@reynaud.fr', '[\"ROLE_USER\"]', '$2y$10$4HPUE8gsFdwh5MjY0Q1WsOwAbZJyzKTRoFz0/9uvCcyIDFYhsepp6', 'cousin.valerie', '1986-01-04', 'https://cdn-icons-png.flaticon.com/512/3393/3393852.png', 'Pelletier-la-Forêt'),
(1390, NULL, NULL, 'leon.vaillant@free.fr', '[\"ROLE_USER\"]', '$2y$10$E67WbiSJN5TCz9In7v3Zy.38Bcq9CBri7cEBUk23BMFX4VusitFw2', 'yrenaud', '1970-12-21', 'https://cdn-icons-png.flaticon.com/512/871/871366.png', 'Vasseur'),
(1391, 20, 23, 'vfoucher@roussel.fr', '[\"ROLE_USER\"]', '$2y$10$0Kv6Qasvns5JenwuvtTseOsPXmIFZl9wk6e030wPUDeNgdHf.b8eu', 'ypierre', '1992-08-14', 'https://cdn-icons.flaticon.com/png/512/1985/premium/1985783.png?token=exp=1641899777~hmac=467dad371dbd0417fc9f459b8fcfa7d0', 'Rodriguez'),
(1392, 20, 22, 'pineau.emmanuel@baron.fr', '[\"ROLE_USER\"]', '$2y$10$6vqzhc76y7jLLLzIMOCgjeq1Z20eTP6bxpr6mXtXKKucOujic3UN.', 'besnard.suzanne', '1979-07-07', 'https://cdn-icons-png.flaticon.com/512/1674/1674291.png', 'Morvan'),
(1393, 19, NULL, 'simone13@orange.fr', '[\"ROLE_USER\"]', '$2y$10$/kxGrxlw0i2TlVSh5V5R1egBv9KM6645YJsoPDnnNpco3Dhu0ICde', 'gregoire.william', '1991-10-15', 'https://cdn-icons.flaticon.com/png/512/1985/premium/1985783.png?token=exp=1641899777~hmac=467dad371dbd0417fc9f459b8fcfa7d0', 'GalletVille'),
(1394, 20, 23, 'gomes.alphonse@caron.org', '[\"ROLE_USER\"]', '$2y$10$qBR4HGxWgdSBQ6t6i/9kKuiiScCaIRLwNH5WykY3dXoRhGwEIahBm', 'hmoreno', '2000-10-31', 'https://cdn-icons-png.flaticon.com/512/1752/1752772.png', 'Joubert'),
(1395, NULL, 22, 'camille.lebrun@club-internet.fr', '[\"ROLE_USER\"]', '$2y$10$eCUhhUoOR33MZn/GAjf0j.rLagaM6Z2I.POHdSdNgl4MaLIl3DAe.', 'bhamon', '1980-07-12', 'https://cdn-icons-png.flaticon.com/512/3393/3393852.png', 'Humbertboeuf'),
(1396, 18, NULL, 'martin64@sfr.fr', '[\"ROLE_USER\"]', '$2y$10$tRP8ooT5/xy5JMmqhNXTY.21JqmtqjLJPSYRFjQOG9dNZG1kgZixi', 'sauvage.alice', '1987-05-19', 'https://cdn-icons-png.flaticon.com/512/528/528111.png', 'Foucher'),
(1397, 18, 23, 'genevieve.giraud@verdier.fr', '[\"ROLE_USER\"]', '$2y$10$B1vkQyr1KEzrMwC9LanAvu76fUR6vQd.8lgtXy/0hBi7U/rHdLlLy', 'jgodard', '1964-10-30', 'https://cdn-icons-png.flaticon.com/512/871/871366.png', 'Germaindan');
INSERT INTO `user` (`id`, `profile_id`, `level_id`, `email`, `roles`, `password`, `username`, `birthdate`, `picture`, `city`) VALUES
(1398, 20, 23, 'virginie.delannoy@salmon.fr', '[\"ROLE_USER\"]', '$2y$10$BX/GYiaL2GJoCU8RH9x8UegRniKQLjB2y6SJTI1kZ99EVvAJxxJ9G', 'neveu.laetitia', '1975-06-04', 'https://cdn-icons-png.flaticon.com/512/1752/1752772.png', 'Tanguyboeuf'),
(1399, 18, NULL, 'claude.fontaine@pinto.com', '[\"ROLE_USER\"]', '$2y$10$xn1XjafBnJ/oOKuI5yaM.O/oKmHe0xR47Va0kfVB1QJR4Tk4ml4Vy', 'jeannine.gros', '1971-10-06', 'https://cdn-icons-png.flaticon.com/512/1120/1120972.png', 'Clementdan'),
(1400, NULL, 22, 'rbazin@live.com', '[\"ROLE_USER\"]', '$2y$10$rGBAuTEfamdsQ1i5KGS1T.txFcf/vUYK8ZLO1eKdGXI9mIIsFu5qK', 'gilles35', '1962-03-02', 'https://cdn-icons.flaticon.com/png/512/1985/premium/1985783.png?token=exp=1641899777~hmac=467dad371dbd0417fc9f459b8fcfa7d0', 'Rolland'),
(1401, 18, 22, 'guillaume.tanguy@barre.net', '[\"ROLE_USER\"]', '$2y$10$nY3/cHOWm6Ey02GtSqGn/e79LC9neggGnpZYKw8EteJVbNs/Pu0N6', 'diane05', '1967-11-27', 'https://cdn-icons.flaticon.com/png/512/4218/premium/4218368.png?token=exp=1641899519~hmac=0bcfc455c9c4c1133d983b08a50346c4', 'Guilbert'),
(1402, 18, NULL, 'oceane71@noos.fr', '[\"ROLE_USER\"]', '$2y$10$VX8IeIA0Ccx8.Qp6CbHHo.hI2Ui1Tm5MWT.mDsVFelDMjneUyYmXq', 'antoine.rocher', '1998-01-23', 'https://cdn-icons-png.flaticon.com/512/3393/3393852.png', 'Gautier-sur-Gimenez'),
(1403, 18, 25, 'raynaud.theophile@club-internet.fr', '[\"ROLE_USER\"]', '$2y$10$910ZfysO4CtIJMj382ecCOTrtjyJcjIFM1vqK1L5quyIwx/LMK.VK', 'sophie.boutin', '2007-02-07', 'https://cdn-icons-png.flaticon.com/512/1674/1674291.png', 'Barthelemy'),
(1404, 18, 22, 'dorothee.merle@wanadoo.fr', '[\"ROLE_USER\"]', '$2y$10$USCtINrfawjAIkRBBx463O0G1PHiVG9jsNuJ4vf/KZ3Rp4HkT7Ysi', 'elaurent', '1995-04-20', 'https://cdn-icons-png.flaticon.com/512/1674/1674291.png', 'Riviere-sur-Bigot'),
(1405, NULL, NULL, 'isaac.georges@becker.net', '[\"ROLE_USER\"]', '$2y$10$z6GTknlS61z3Tw9h5d9xW.f10LmfkEO2oWL1BzBPjRQ2eSNBDjCmm', 'margot.rocher', '1974-11-22', 'https://cdn-icons-png.flaticon.com/512/306/306772.png', 'Perret'),
(1406, 19, 24, 'celina.lelievre@live.com', '[\"ROLE_USER\"]', '$2y$10$zD6LSYr7ScMxoBJzLgirWOrWVtoYP9uk/FAV7aJl9uwDTmp0JXH9C', 'claudine30', '1993-01-12', 'https://cdn-icons.flaticon.com/png/512/2520/premium/2520865.png?token=exp=1641899519~hmac=dd214a475e4fdbc17f353ae828106d7e', 'Tanguy-les-Bains'),
(1407, 18, 25, 'bdelannoy@nicolas.fr', '[\"ROLE_USER\"]', '$2y$10$NCpPBszj0t0Ss4Ec/2NNauD15ql64OMlcCokghxPyWFbyKK08D/rS', 'nicolas.rossi', '1988-12-28', 'https://cdn-icons-png.flaticon.com/512/3393/3393852.png', 'Mahe'),
(1408, 19, NULL, 'denise93@gmail.com', '[\"ROLE_USER\"]', '$2y$10$FA.BtHbS2MDE5M6xkPFUWOHIPm4T0BXXEld/Y6Az9d0sFr1tlIs5K', 'mgros', '1972-08-18', 'https://cdn-icons.flaticon.com/png/512/2423/premium/2423830.png?token=exp=1641899421~hmac=08269d202be75908dc10a7f02ca0d797', 'Muller'),
(1409, 18, 22, 'henri.gros@descamps.com', '[\"ROLE_USER\"]', '$2y$10$E1fTfm2OsH6OiaenaPHtdeZcZ2KWfpwgNb2nAzyQjhJU0DMVlaPBG', 'joseph21', '2008-10-30', 'https://cdn-icons.flaticon.com/png/512/2671/premium/2671422.png?token=exp=1641899777~hmac=5ab4dd5190ff90327964da4573142588', 'De Sousadan'),
(1410, NULL, 24, 'yjacquet@fernandes.org', '[\"ROLE_USER\"]', '$2y$10$mu.hyM6gdq13eTn4cLnga.ZbFDlyctu8/FqR6TFgvSN9.C/67Noa2', 'lucy.didier', '1979-08-12', 'https://cdn-icons-png.flaticon.com/512/1120/1120972.png', 'Fischer-sur-Renard'),
(1411, 20, NULL, 'georges.lacombe@noos.fr', '[\"ROLE_USER\"]', '$2y$10$X5ZgPuYRFrkDAflhhiY2mu4H3Mp4L0RCRQhEaAj8ITKGEjIBWD1J2', 'martin.louise', '1992-02-20', 'https://cdn-icons-png.flaticon.com/512/528/528107.png', 'Lambert'),
(1412, 19, 22, 'djourdan@tele2.fr', '[\"ROLE_USER\"]', '$2y$10$FTwQx368G5cc0Qhju0AdiepIyjOSomJuUE9.U3vW/z0DaqKTz29Ai', 'vincent60', '2000-10-26', 'https://cdn-icons.flaticon.com/png/512/2520/premium/2520865.png?token=exp=1641899519~hmac=dd214a475e4fdbc17f353ae828106d7e', 'Le Gall'),
(1413, 19, 23, 'julien40@free.fr', '[\"ROLE_USER\"]', '$2y$10$IHQNRHiGH3TvN8ldW1KMY.edddPYBAA6ioRNJouWID5o50IZX1OM6', 'bertin.thomas', '2003-03-17', 'https://cdn-icons.flaticon.com/png/512/2423/premium/2423830.png?token=exp=1641899421~hmac=08269d202be75908dc10a7f02ca0d797', 'FoucherVille'),
(1414, 20, NULL, 'xgallet@yahoo.fr', '[\"ROLE_USER\"]', '$2y$10$cXT3uBzWl3ykQKUe7AjLeuQIkfO3GriZ5Th7w4Tzkt0dZGxj9xStK', 'fernandez.denise', '1987-11-18', 'https://cdn-icons.flaticon.com/png/512/2423/premium/2423830.png?token=exp=1641899421~hmac=08269d202be75908dc10a7f02ca0d797', 'Dos Santosnec'),
(1415, NULL, 24, 'hamon.michel@rey.net', '[\"ROLE_USER\"]', '$2y$10$KyNqNPhqIyKKBkBOnM7qcOr/N91Kp6.zthI9bs3G3fiqevQjpB.Su', 'christelle13', '1983-02-08', 'https://cdn-icons-png.flaticon.com/512/306/306772.png', 'Boutin'),
(1416, 20, 24, 'eugene.petit@orange.fr', '[\"ROLE_USER\"]', '$2y$10$irN2bMDDRqpQV2vVZNCbMOqiXKclO/tAt61P6dTAObaaSCLm.sA6O', 'aubert.helene', '1976-11-23', 'https://cdn-icons-png.flaticon.com/512/924/924874.png', 'Normand'),
(1417, 18, NULL, 'thibaut.prevost@club-internet.fr', '[\"ROLE_USER\"]', '$2y$10$L.XB2bLm.1JFZMNDpwWIkexpCCok9g6H0uAGwjrX1ZpDWT14bepNS', 'imarion', '1994-12-07', 'https://cdn-icons.flaticon.com/png/512/1985/premium/1985783.png?token=exp=1641899777~hmac=467dad371dbd0417fc9f459b8fcfa7d0', 'Renard'),
(1418, 19, 24, 'ogauthier@noos.fr', '[\"ROLE_USER\"]', '$2y$10$K1D1Rttq2q.9Qla7cogCP.hyiwgTkSnGoOSFw.SzSTceNnG5B5SYS', 'duhamel.guy', '1999-09-30', 'https://cdn-icons-png.flaticon.com/512/1120/1120972.png', 'Diallo'),
(1419, 20, 23, 'hdelmas@gautier.fr', '[\"ROLE_USER\"]', '$2y$10$q.vW4rHeaOb8uQaDJWvQSezzuh8rwilq8nfNUovCVmz6xMFE/jPIC', 'sebastien12', '1974-08-03', 'https://cdn-icons.flaticon.com/png/512/2671/premium/2671422.png?token=exp=1641899777~hmac=5ab4dd5190ff90327964da4573142588', 'Petit'),
(1420, NULL, NULL, 'dijoux.anais@lesage.fr', '[\"ROLE_USER\"]', '$2y$10$VxACYMuetaWLMv.kfZztfu14vB8sVtvCr96ntUoFyY2RYhDpyqwNe', 'david.francois', '2003-11-28', 'https://cdn-icons.flaticon.com/png/512/1985/premium/1985783.png?token=exp=1641899777~hmac=467dad371dbd0417fc9f459b8fcfa7d0', 'Grondin'),
(1421, 20, 23, 'fbarbier@baron.com', '[\"ROLE_USER\"]', '$2y$10$UiNsMqqJiJi3hFvEvjuLDeyOtPoXEQgGjdNcQy1w8/mf/mhSMjIg2', 'guillaume26', '1999-12-04', 'https://cdn-icons.flaticon.com/png/512/1985/premium/1985783.png?token=exp=1641899777~hmac=467dad371dbd0417fc9f459b8fcfa7d0', 'Marie-la-Forêt'),
(1422, 18, 24, 'lamy.frederique@rousset.com', '[\"ROLE_USER\"]', '$2y$10$uER7I9RAI/jJaR7/VIO2cuplnMjRlR38RNJdIDzk32wC3AXLyf39W', 'jules.gillet', '1997-06-27', 'https://cdn-icons-png.flaticon.com/512/452/452539.png', 'Jacob'),
(1423, 20, NULL, 'emilie.meyer@wanadoo.fr', '[\"ROLE_USER\"]', '$2y$10$2eW4mg2zdE9d5gzX53EXIeofNg5tpBou.2Ut9vrYnHOXcmy1tSCu.', 'adrien.blot', '1962-11-23', 'https://cdn-icons-png.flaticon.com/512/1674/1674292.png', 'Costedan'),
(1424, 19, 24, 'timothee.nguyen@laposte.net', '[\"ROLE_USER\"]', '$2y$10$0DEM5ZJgSEjR6vCS3tDu..zps99vAf2Zo9A6IfdxEZTw1U3KR7.Ua', 'dominique63', '1963-09-14', 'https://cdn-icons.flaticon.com/png/512/2423/premium/2423830.png?token=exp=1641899421~hmac=08269d202be75908dc10a7f02ca0d797', 'Pineau'),
(1425, NULL, 25, 'eblondel@live.com', '[\"ROLE_USER\"]', '$2y$10$oJt9MIZu3PM5MkrPKOnATOOLIGZKZZvSoVogIkzqD8dgIxetgOr26', 'bernier.jean', '1995-05-20', 'https://cdn-icons-png.flaticon.com/512/452/452539.png', 'Hamon'),
(1426, 20, NULL, 'diane95@orange.fr', '[\"ROLE_USER\"]', '$2y$10$9RtTUJGAXViSZSpJeUbeluNj3UtnW1WVa92jB0DONi3mSshBUwStq', 'alfred.pages', '2008-01-21', 'https://cdn-icons-png.flaticon.com/512/1674/1674292.png', 'Imbert'),
(1427, 20, 24, 'paris.stephanie@mahe.fr', '[\"ROLE_USER\"]', '$2y$10$pMIkmYxx1SajQOz2BHMQVeUY7S7WUvKaKuIa5y.dDKPA3Uy7ayV0O', 'leclerc.gabriel', '1962-11-23', 'https://cdn-icons-png.flaticon.com/512/3393/3393852.png', 'Thierry'),
(1428, 20, 22, 'fdupuy@rey.fr', '[\"ROLE_USER\"]', '$2y$10$F2R1kvzpu8w7GA9xp2HgvOrXUanNhXObfSaKzQ4FbX.AFtLF6Cg0y', 'maillard.bernadette', '2002-07-22', 'https://cdn-icons-png.flaticon.com/512/452/452539.png', 'HoarauBourg'),
(1429, 19, NULL, 'goncalves.robert@hotmail.fr', '[\"ROLE_USER\"]', '$2y$10$6INsLYVi20PWrv8QmW/q0uhVt12qWZL82QePAf9j0nZxsHg8FOJ1W', 'xavier.leger', '2003-10-03', 'https://cdn-icons-png.flaticon.com/512/306/306772.png', 'Bruneau'),
(1430, NULL, 24, 'pierre.lemaire@brunet.fr', '[\"ROLE_USER\"]', '$2y$10$M3.7nj4UyEdzvvOQA1oLUu2e23iLqXS/gR90npAWyWHnGWjVz0I4u', 'qgodard', '1990-09-16', 'https://cdn-icons-png.flaticon.com/512/1752/1752772.png', 'LebonBourg'),
(1431, 18, 23, 'olivie.becker@levy.fr', '[\"ROLE_USER\"]', '$2y$10$JGWRTByO4ksuBa30387NVeNQJ8MlxGlwOSK5PIWE.9bRF1SX2GTZG', 'francois81', '2004-03-08', 'https://cdn-icons-png.flaticon.com/512/452/452539.png', 'Pinto'),
(1432, 19, NULL, 'xavier07@gmail.com', '[\"ROLE_USER\"]', '$2y$10$a.3cX/tEJoPR54lfpLGQ6e5v7YuqIzaYBkhTDE2uS5jdTTkwnualu', 'maryse91', '1988-05-05', 'https://cdn-icons.flaticon.com/png/512/2520/premium/2520865.png?token=exp=1641899519~hmac=dd214a475e4fdbc17f353ae828106d7e', 'Delahaye'),
(1433, 20, 24, 'verdier.theophile@wanadoo.fr', '[\"ROLE_USER\"]', '$2y$10$/YrnHoZcteCY/24ExT7aa./.erFSyv7aj66kHS8wqEmlxTWUNJpvO', 'josette96', '1996-11-20', 'https://cdn-icons-png.flaticon.com/512/189/189000.png', 'Masson'),
(1434, 20, 25, 'suzanne91@pruvost.fr', '[\"ROLE_USER\"]', '$2y$10$GfQM8Wv4KMtSA/im7/PplO7EBX8DnwIWFjbqvdGAY.joDCNMUdfSi', 'delorme.bernadette', '1972-08-10', 'https://cdn-icons-png.flaticon.com/512/306/306772.png', 'Jean'),
(1435, NULL, NULL, 'sabine51@hoarau.com', '[\"ROLE_USER\"]', '$2y$10$Dg2O/yqK4SNhdVICTn.Qi.XYQRoPyAWyi/dDMNUzqhcvlgDBuHYqe', 'moreno.emilie', '1964-05-26', 'https://cdn-icons-png.flaticon.com/512/1674/1674292.png', 'Moreauboeuf'),
(1436, 19, 22, 'charlotte.garcia@levy.org', '[\"ROLE_USER\"]', '$2y$10$VAiBhn1EKTjjpRbMtg9Rwe3viR4sy7AIW0qAB8CjaNyUZIp/mXR6u', 'ylevy', '1981-08-10', 'https://cdn-icons-png.flaticon.com/512/1674/1674291.png', 'Gaudinboeuf'),
(1437, 18, 24, 'xmorin@joseph.com', '[\"ROLE_USER\"]', '$2y$10$ERNaLhnWOlQyvcg6t//1zeAzz.uCXLnqWavFTNlo6Xc.MJ1UHsqCC', 'sguillou', '2002-12-19', 'https://cdn-icons.flaticon.com/png/512/2671/premium/2671422.png?token=exp=1641899777~hmac=5ab4dd5190ff90327964da4573142588', 'Rossi'),
(1438, 18, NULL, 'helene10@rey.com', '[\"ROLE_USER\"]', '$2y$10$2YET7mhSdPOfJ/T4ytC.1uVfS3gmiNN.IxmucfI1RGlrf7t7iJrqe', 'aurore.bonnet', '2006-03-25', 'https://cdn-icons.flaticon.com/png/512/1211/premium/1211015.png?token=exp=1641899224~hmac=3a28f8e149a633bcf6812e2b4d7d6b08', 'Pasquier'),
(1439, 20, 23, 'gabriel03@sfr.fr', '[\"ROLE_USER\"]', '$2y$10$y581XYhX.jLHgJGA3FU0BOru7b5qqKLik9wy4d568ncgMVEkUwsCS', 'ines12', '1968-09-03', 'https://cdn-icons-png.flaticon.com/512/1674/1674291.png', 'Boucher'),
(1440, NULL, 23, 'patrick50@dbmail.com', '[\"ROLE_USER\"]', '$2y$10$W9cOaU4LCenTMt3B6efpwecH6Kzz8P2q5d.2xR05utL0HhAy3MoIC', 'raymond.alexandria', '1963-01-19', 'https://cdn-icons-png.flaticon.com/512/1752/1752772.png', 'Lefebvre'),
(1441, 19, NULL, 'francois.jean@dbmail.com', '[\"ROLE_USER\"]', '$2y$10$xbETsseGtZM.UXs6ExLTxe2U475MfgxO9RYHg19B2efBHYjue9Bai', 'colas.richard', '1989-08-24', 'https://cdn-icons.flaticon.com/png/512/1090/premium/1090806.png?token=exp=1641899702~hmac=54cf59726506b8ed7f77b4bba23bdda4', 'Mendes'),
(1442, 20, 24, 'teixeira.colette@legros.org', '[\"ROLE_USER\"]', '$2y$10$HtldlA1GwLA098XkA6kUCOUGZGEh59IGyrYNA1hahQKHUO2p9LHM.', 'wtecher', '1992-02-25', 'https://cdn-icons-png.flaticon.com/512/306/306772.png', 'TessierVille'),
(1443, 19, 24, 'marcel02@dias.com', '[\"ROLE_USER\"]', '$2y$10$lC9HtS/ekaoMH77V5bTv.euBfUiJ8cYZa/L/3bcFBgxK/yZEw6vQ.', 'glemonnier', '1976-07-09', 'https://cdn-icons.flaticon.com/png/512/1985/premium/1985783.png?token=exp=1641899777~hmac=467dad371dbd0417fc9f459b8fcfa7d0', 'Lacroix'),
(1444, 19, NULL, 'dominique.imbert@ledoux.com', '[\"ROLE_USER\"]', '$2y$10$kZhdEHqq5QtBTRte6xPl9eerByrlK4frX48DZ5g78Nm3vVHYUqcfi', 'pires.tristan', '1997-03-19', 'https://cdn-icons-png.flaticon.com/512/1674/1674291.png', 'Chretien-la-Forêt'),
(1445, NULL, 23, 'leon22@wanadoo.fr', '[\"ROLE_USER\"]', '$2y$10$nUd4M28la8g20UG9r/nWSuKDGjTaGV/i1mrAGl77.MAhlIOiTlQPS', 'tjacquet', '1995-11-08', 'https://cdn-icons-png.flaticon.com/512/1674/1674291.png', 'Vasseur'),
(1446, 19, 23, 'uollivier@laposte.net', '[\"ROLE_USER\"]', '$2y$10$LtdfASY0tgFOEl9KayuSP.QC35qVjexA4HytHdoPSosgceVEc1jGW', 'ephilippe', '1982-04-02', 'https://cdn-icons-png.flaticon.com/512/3393/3393852.png', 'Vasseur'),
(1447, 19, NULL, 'letellier.dominique@wanadoo.fr', '[\"ROLE_USER\"]', '$2y$10$tl8Kr3Dnab8RY58SuckXR.RqToWlJynJl0P4.V0ol0r1.9uEjWmw2', 'guillaume.dupuy', '1987-04-14', 'https://cdn-icons.flaticon.com/png/512/2423/premium/2423830.png?token=exp=1641899421~hmac=08269d202be75908dc10a7f02ca0d797', 'Charrier'),
(1448, 20, 24, 'ejacques@ribeiro.net', '[\"ROLE_USER\"]', '$2y$10$G6XZenHuZoo2opfX4iwq6uguX3gJCOFvoyxQ.8pjV2O5jR5x/MRa6', 'roger.martins', '2003-01-13', 'https://cdn-icons-png.flaticon.com/512/1752/1752772.png', 'Diaz'),
(1449, 19, 23, 'pires.laetitia@orange.fr', '[\"ROLE_USER\"]', '$2y$10$NYpeb7pFf5Yu30SVy1XfmuF6Vnn7U4I6dh68/9QVxeh95.WJgj8He', 'auguste.martin', '2005-10-15', 'https://cdn-icons.flaticon.com/png/512/2423/premium/2423830.png?token=exp=1641899421~hmac=08269d202be75908dc10a7f02ca0d797', 'Rey'),
(1450, NULL, NULL, 'laroche.luc@sfr.fr', '[\"ROLE_USER\"]', '$2y$10$x9/BZejGj0sT9THTfTQhIO9CM.EnvtJnJ6UjDwWn6AWOLOq7cnOF2', 'bourdon.nathalie', '2003-06-08', 'https://cdn-icons.flaticon.com/png/512/1090/premium/1090806.png?token=exp=1641899702~hmac=54cf59726506b8ed7f77b4bba23bdda4', 'Dos Santos'),
(1451, 20, 25, 'dolivier@bonneau.fr', '[\"ROLE_USER\"]', '$2y$10$b6Yo7.RGWjYHo1DNaQQOBO68dBuAgIZYa9RT1t/iGEF.LZlCyqmXK', 'guyon.theodore', '1981-01-12', 'https://cdn-icons-png.flaticon.com/512/1752/1752772.png', 'Dias'),
(1452, 18, 24, 'danielle02@brunet.fr', '[\"ROLE_USER\"]', '$2y$10$y9gc6NueUzTVj1D1r.K4dOC6UeZsB4FGIPBp8Y25CP056IufsXy0e', 'adrien.perrier', '1993-10-22', 'https://cdn-icons-png.flaticon.com/512/1674/1674291.png', 'Georges'),
(1453, 20, NULL, 'charlotte.collet@gomez.com', '[\"ROLE_USER\"]', '$2y$10$wOAPFF6pL.1131XcAkXl/u7MksO8mw3xDWXx.nKCLywywahY/vUaa', 'eschneider', '2004-08-19', 'https://cdn-icons-png.flaticon.com/512/435/435048.png', 'Perrot-les-Bains'),
(1454, 18, 25, 'xlegall@gmail.com', '[\"ROLE_USER\"]', '$2y$10$k8mgmdIoCVaTua5iwSL.PenN8bNPsuQT9J/JabfGWHdI0/13JFA2a', 'bigot.laurent', '2007-03-27', 'https://cdn-icons.flaticon.com/png/512/2520/premium/2520865.png?token=exp=1641899519~hmac=dd214a475e4fdbc17f353ae828106d7e', 'Clement'),
(1455, NULL, 24, 'dominique06@sfr.fr', '[\"ROLE_USER\"]', '$2y$10$uAWDuYP75rTCKpoRtalfOui7LWYp9rMKP5qHxtKqij5neLyO9idfK', 'hamon.helene', '2008-09-30', 'https://cdn-icons-png.flaticon.com/512/871/871366.png', 'Descamps-sur-Bernier'),
(1456, 19, NULL, 'riviere.nicolas@noos.fr', '[\"ROLE_USER\"]', '$2y$10$AK756mXDPx6xFGxwiSiqQ.pYdoYOJF9z6QquWPHJnl9Td4ovMVHEu', 'blin.lorraine', '2003-07-15', 'https://cdn-icons.flaticon.com/png/512/1090/premium/1090806.png?token=exp=1641899702~hmac=54cf59726506b8ed7f77b4bba23bdda4', 'Fernandes'),
(1457, 19, 23, 'prevost.guillaume@live.com', '[\"ROLE_USER\"]', '$2y$10$QaImla.UMpZtg2Xl0KIKv.JuzGKjc3iR9vm3r4ycmjykN0imb8KLW', 'valerie.cordier', '1965-07-30', 'https://cdn-icons.flaticon.com/png/512/4218/premium/4218368.png?token=exp=1641899519~hmac=0bcfc455c9c4c1133d983b08a50346c4', 'Delahaye-les-Bains'),
(1458, 18, 23, 'valentin.guy@hotmail.fr', '[\"ROLE_USER\"]', '$2y$10$xB54hI/SvdOs38vnclm02.v5vT14d4fpg6xdk6DMDDxvMusM9nOVS', 'palbert', '1962-12-27', 'https://cdn-icons-png.flaticon.com/512/306/306772.png', 'Laurent'),
(1459, 18, NULL, 'francoise15@noos.fr', '[\"ROLE_USER\"]', '$2y$10$9to.r.woCS3QPpxTCQ4k/O8szhb6i/BYlq1Kba0iNPQaEIW9EZ8/q', 'celine15', '1973-09-06', 'https://cdn-icons-png.flaticon.com/512/871/871366.png', 'Hubert'),
(1460, NULL, 25, 'breton.alphonse@allard.net', '[\"ROLE_USER\"]', '$2y$10$HqJqwDXGj6XoMsjanC/avOeJ48Etgk79MR.gdsliBHia7BJT9/eza', 'mathilde11', '1981-04-14', 'https://cdn-icons-png.flaticon.com/512/1120/1120972.png', 'Lemaitre-sur-Mer'),
(1461, 20, 24, 'sophie93@hubert.com', '[\"ROLE_USER\"]', '$2y$10$doUZu.fYkYNhD87N5n0RKeHa.pXzKXGpL6ZT9BSc9.ml2lWCPWtpC', 'renault.emile', '1987-03-14', 'https://cdn-icons.flaticon.com/png/512/4218/premium/4218368.png?token=exp=1641899519~hmac=0bcfc455c9c4c1133d983b08a50346c4', 'Mendesdan'),
(1462, 20, NULL, 'lucas59@david.com', '[\"ROLE_USER\"]', '$2y$10$odDZ3CR0UheRsEEIMuLtuOW5c0Rsq3/OVfOmhv7Kg.5rkHYaWRtfa', 'andre.lucas', '2001-06-05', 'https://cdn-icons.flaticon.com/png/512/1090/premium/1090806.png?token=exp=1641899702~hmac=54cf59726506b8ed7f77b4bba23bdda4', 'Samson'),
(1463, 20, 24, 'claudine62@live.com', '[\"ROLE_USER\"]', '$2y$10$BSsMB8QlUFYvk736npQbFu4KryNYhdzD0ihFS8wO0ozOP7d/GlXoq', 'prenaud', '2002-08-09', 'https://cdn-icons-png.flaticon.com/512/189/189000.png', 'Ribeironec'),
(1464, 19, 22, 'margaret08@peron.com', '[\"ROLE_USER\"]', '$2y$10$V7aWTYgZVM2UrAUNKYSsF.XE6.wvLEmljm70Sa9W915Ftec1CEYXq', 'laurent19', '1996-02-02', 'https://cdn-icons-png.flaticon.com/512/452/452539.png', 'Pierre'),
(1465, NULL, NULL, 'lhamel@riviere.com', '[\"ROLE_USER\"]', '$2y$10$CgA.mbS5PMJ.0Qidfq/4AOau6VxQW/BQYCaP1TFX5hECA3fv2b.T2', 'valentine.giraud', '2005-12-08', 'https://cdn-icons.flaticon.com/png/512/1090/premium/1090806.png?token=exp=1641899702~hmac=54cf59726506b8ed7f77b4bba23bdda4', 'GosselinBourg'),
(1466, 18, 25, 'victoire.hardy@laposte.net', '[\"ROLE_USER\"]', '$2y$10$FGgktR6seNygbPolwoz7COwMs2u9nJj0vjfZpGPQpX7NsB/6RN7u2', 'peltier.eric', '2000-04-26', 'https://cdn-icons.flaticon.com/png/512/2520/premium/2520865.png?token=exp=1641899519~hmac=dd214a475e4fdbc17f353ae828106d7e', 'Fabre'),
(1467, 18, 23, 'claire.benoit@orange.fr', '[\"ROLE_USER\"]', '$2y$10$xMHvBpDx1FHClw6c2MS7PemZjj7f49fVKRmfZ2s8Nh8A.CQT/oYMm', 'julien23', '1988-11-13', 'https://cdn-icons-png.flaticon.com/512/452/452539.png', 'Leroux-sur-Perez'),
(1468, 18, NULL, 'christophe.riou@tanguy.fr', '[\"ROLE_USER\"]', '$2y$10$V3yg7YlbBxyvRdGut4OA..9PfzvTpKWDIKnLrh6zUzr2TjoEwbEvu', 'daniel.roche', '1996-09-25', 'https://cdn-icons.flaticon.com/png/512/663/premium/663097.png?token=exp=1641899224~hmac=446cfd4b7676c1308cbd1a3ecbdc873a', 'PoulainVille'),
(1469, 18, 23, 'michel.morin@vasseur.com', '[\"ROLE_USER\"]', '$2y$10$N4l6KYED/kFd7HcieB0JTe5ba1XMyT6IOWdmS8XAoQiXbn0eFSJhe', 'humbert.agathe', '1984-08-12', 'https://cdn-icons-png.flaticon.com/512/3393/3393852.png', 'De Sousa-sur-Mer'),
(1470, NULL, 23, 'sabine68@laposte.net', '[\"ROLE_USER\"]', '$2y$10$0ZP868LcRqNAHHjrDtY6w.iV.o29mIsII.eh7JmBHvmSvVQWdsve6', 'yraynaud', '1995-10-10', 'https://cdn-icons.flaticon.com/png/512/1985/premium/1985783.png?token=exp=1641899777~hmac=467dad371dbd0417fc9f459b8fcfa7d0', 'Hamel-la-Forêt'),
(1471, 19, NULL, 'ccoste@rodriguez.net', '[\"ROLE_USER\"]', '$2y$10$b4m6shrrIS252szTsADT3.aZCa/TaEFBkh0qZ9u48o6Ez7t2Gb4nW', 'dfernandes', '1996-05-02', 'https://cdn-icons-png.flaticon.com/512/1674/1674291.png', 'Joly'),
(1472, 20, 23, 'qdelorme@alexandre.fr', '[\"ROLE_USER\"]', '$2y$10$XN8ZRa4xr/we9u2JCdLEBuK4gocwZ.ZRFS2r8e5QaZRfwv4SCTp/i', 'bigot.arnaude', '1969-07-18', 'https://cdn-icons-png.flaticon.com/512/1674/1674291.png', 'Dos Santosnec'),
(1473, 20, 22, 'hugues76@tele2.fr', '[\"ROLE_USER\"]', '$2y$10$WqI1AJ/s2xIftp04cUeT1eibeUATOyOv2MV0NHfQSe2JMrP8nv/5u', 'chevallier.jerome', '1977-12-12', 'https://cdn-icons-png.flaticon.com/512/528/528111.png', 'Bodin'),
(1474, 20, NULL, 'laure.georges@tele2.fr', '[\"ROLE_USER\"]', '$2y$10$G7s8IVv5ritYiTD5y./thu1eiMqH35URK2.B1AfiuSFnUjwX9Stcq', 'vincent.antoine', '1988-09-19', 'https://cdn-icons.flaticon.com/png/512/4218/premium/4218368.png?token=exp=1641899519~hmac=0bcfc455c9c4c1133d983b08a50346c4', 'MendesBourg'),
(1475, NULL, 23, 'marc.vincent@yahoo.fr', '[\"ROLE_USER\"]', '$2y$10$qKA9LG19Wk9zaMnJITSfzePUFyaFtAHth1TKskQVtTbZIKrQgk4GS', 'roland.boulanger', '2001-09-15', 'https://cdn-icons.flaticon.com/png/512/4218/premium/4218368.png?token=exp=1641899519~hmac=0bcfc455c9c4c1133d983b08a50346c4', 'Gomez'),
(1476, 19, 23, 'sverdier@live.com', '[\"ROLE_USER\"]', '$2y$10$Nd3b5jkF/rWfIGVB/Bg27upZ8z3O44v1wxKdY8u5jXeoZaa0mGXdq', 'philippe.leclerc', '1993-10-24', 'https://cdn-icons.flaticon.com/png/512/1211/premium/1211015.png?token=exp=1641899224~hmac=3a28f8e149a633bcf6812e2b4d7d6b08', 'Philippe-sur-Mer'),
(1477, 20, NULL, 'suzanne.clerc@merle.com', '[\"ROLE_USER\"]', '$2y$10$qKCZY1MYSDbXeljozIBAze3vf9XcvH7YpFvm.2qGIdH3KUQp3c.yG', 'hjacquet', '1985-12-13', 'https://cdn-icons-png.flaticon.com/512/528/528107.png', 'Lemaitre'),
(1478, 18, 22, 'antoine83@tele2.fr', '[\"ROLE_USER\"]', '$2y$10$RQoMCiEmEtBQza2V8xYe1OHcSPkJkF5dMl15ZKSt45gBt.j7Xixwe', 'bpicard', '1993-10-02', 'https://cdn-icons-png.flaticon.com/512/3393/3393852.png', 'Fournier'),
(1479, 18, 23, 'jgallet@guillaume.com', '[\"ROLE_USER\"]', '$2y$10$yRFGoLoipGFCYkiDXuh4zutjqS4G055lDZ0spBiqQypJCCGZsk506', 'valerie.lebreton', '1969-11-23', 'https://cdn-icons-png.flaticon.com/512/1752/1752772.png', 'Hamonnec'),
(1480, NULL, NULL, 'colas.renee@chartier.net', '[\"ROLE_USER\"]', '$2y$10$/G2CcezME7sAPOzErCrjyeXRiEFDreydKS08yPP8VzslH6/F69gdW', 'timothee94', '2002-03-21', 'https://cdn-icons.flaticon.com/png/512/1985/premium/1985783.png?token=exp=1641899777~hmac=467dad371dbd0417fc9f459b8fcfa7d0', 'Martins-la-Forêt'),
(1481, 19, 25, 'guy.becker@sfr.fr', '[\"ROLE_USER\"]', '$2y$10$DeHVgakcccq1PxlnneGpE.QYZPvmObVrXfzejDRmwT5TpV0ySKDee', 'laine.alexandre', '1982-01-02', 'https://cdn-icons-png.flaticon.com/512/452/452539.png', 'CourtoisVille'),
(1482, 20, 25, 'augustin79@wanadoo.fr', '[\"ROLE_USER\"]', '$2y$10$kMTzzLolo.ZAiBrl5gxAnOzWUUEvgzOr92X7cD8NhmRnz8nd8Uxsm', 'foucher.laurent', '1995-07-09', 'https://cdn-icons-png.flaticon.com/512/452/452539.png', 'Guibert-sur-Roux'),
(1483, 19, NULL, 'julien.alves@laposte.net', '[\"ROLE_USER\"]', '$2y$10$PG0nJDL/MNHhd5uZs.bSLenwQFMTzdXNj8YxNhq5V8Gp6VHCUNFfO', 'blondel.francois', '1971-02-21', 'https://cdn-icons-png.flaticon.com/512/1752/1752772.png', 'Brun'),
(1484, 19, 25, 'prevost.aurore@morin.net', '[\"ROLE_USER\"]', '$2y$10$mM6LponLmyt9IkrahBZT9eV8/Lnvblc3LYv.yjth1EIL/dduyZTr.', 'laurent.frederique', '1986-05-05', 'https://cdn-icons-png.flaticon.com/512/871/871366.png', 'Texiernec'),
(1485, NULL, 23, 'michelle.fernandes@yahoo.fr', '[\"ROLE_USER\"]', '$2y$10$3cezIFmiWGulGOkFPO0VeO0JJrbQnWqJryMOo6qblZkfMT8SqdxFG', 'dijoux.eugene', '1994-06-26', 'https://cdn-icons-png.flaticon.com/512/189/189000.png', 'CarlierVille'),
(1486, 20, NULL, 'vmarechal@club-internet.fr', '[\"ROLE_USER\"]', '$2y$10$Bce11Dva7UXKrftyrSN3EuHmnf69j5RlCRbE40KGuQc3MbanC7mgG', 'zacharie89', '1977-11-27', 'https://cdn-icons-png.flaticon.com/512/306/306772.png', 'Monnier'),
(1487, 20, 23, 'david.frederic@tele2.fr', '[\"ROLE_USER\"]', '$2y$10$wrdib6kNQl6TJeeb2J/kT.ky/s.L6ujGrjSkX1dU3cDM9Mdug6lp6', 'theophile.robert', '1969-06-13', 'https://cdn-icons.flaticon.com/png/512/4218/premium/4218368.png?token=exp=1641899519~hmac=0bcfc455c9c4c1133d983b08a50346c4', 'Guillou'),
(1488, 18, 23, 'qevrard@daniel.fr', '[\"ROLE_USER\"]', '$2y$10$rDXh69nyjRF0DTmqIWkqQ.Io4qxmX0fnDl14WhPrl4VaBGVKlsjpu', 'marie.laporte', '1997-06-28', 'https://cdn-icons.flaticon.com/png/512/2423/premium/2423830.png?token=exp=1641899421~hmac=08269d202be75908dc10a7f02ca0d797', 'Clement'),
(1489, 18, NULL, 'ntanguy@fournier.org', '[\"ROLE_USER\"]', '$2y$10$bWCLHbadrzGOxwhG0mj84u0oe6z0dd07jiAwi8yz.jqmm.KAgjPjC', 'claudine.klein', '1966-09-26', 'https://cdn-icons-png.flaticon.com/512/1674/1674292.png', 'Navarro'),
(1490, NULL, 22, 'gwagner@yahoo.fr', '[\"ROLE_USER\"]', '$2y$10$F2ivjr5zdjykJxSx5Vx/rupgiGGqjSyGbi2AaKO1fU3tyLOmDpXe.', 'amelie53', '1999-05-04', 'https://cdn-icons-png.flaticon.com/512/528/528107.png', 'Riou-sur-Marchal'),
(1491, 18, 24, 'boutin.virginie@noos.fr', '[\"ROLE_USER\"]', '$2y$10$VKhpAqHuWHJOk0LSjrTC7.ah2aWAUYkD0DIIyA.f7FWREYnDWPfau', 'carpentier.antoinette', '1985-06-11', 'https://cdn-icons-png.flaticon.com/512/871/871366.png', 'Gomez-sur-Rousseau'),
(1492, 18, NULL, 'margaret38@hotmail.fr', '[\"ROLE_USER\"]', '$2y$10$587P/XYjLTt/Ge8F7Y6et.sq0w5Mr7R1rWqLmdAULEbYKDU6GJ8q.', 'julie.besnard', '2003-02-27', 'https://cdn-icons-png.flaticon.com/512/1674/1674292.png', 'Gaudin-sur-Berger'),
(1493, 20, 24, 'thibault37@roche.fr', '[\"ROLE_USER\"]', '$2y$10$Onp0GWG5/Yonv.q9o/Sgae3TqqxqdbLeJylklXu/t2OcDVZytrRiy', 'moreno.andre', '1969-08-15', 'https://cdn-icons-png.flaticon.com/512/1674/1674292.png', 'ChevallierBourg'),
(1494, 18, 25, 'philippe61@laposte.net', '[\"ROLE_USER\"]', '$2y$10$tpFtGLRCH3lszjYqrU8oKeweV52QoL1nWlC6C/4bNw2Verba1UmrG', 'nmaurice', '1991-03-03', 'https://cdn-icons-png.flaticon.com/512/306/306772.png', 'Petitdan'),
(1495, NULL, NULL, 'isaac.lemonnier@andre.com', '[\"ROLE_USER\"]', '$2y$10$VRf/tC2tB3noPCHAYcrA/OvY5ENGEReOmJLftsKYN7sbejIOZTxDO', 'nlecomte', '1971-06-10', 'https://cdn-icons-png.flaticon.com/512/1674/1674291.png', 'Bertrand-les-Bains'),
(1496, 18, 23, 'denis.vallee@yahoo.fr', '[\"ROLE_USER\"]', '$2y$10$k..agG5AahPfLyu4BFQhuuuD8L7xEAmBqQ3MO58HHxKoDb62XEZE2', 'marine26', '1990-04-30', 'https://cdn-icons-png.flaticon.com/512/1674/1674291.png', 'Chevalier'),
(1497, 20, 23, 'nicolas.carpentier@benoit.fr', '[\"ROLE_USER\"]', '$2y$10$.iJyHgXkV9r9nvMuxwHD1.wHmbjBfi0tuqVmDdT8vXrJmIECvfJde', 'theodore.garcia', '1980-01-14', 'https://cdn-icons-png.flaticon.com/512/528/528111.png', 'Hebert'),
(1498, 20, NULL, 'xgallet@mary.com', '[\"ROLE_USER\"]', '$2y$10$bH2r8Sx16kNf/byVbl8GUOwK0W4aRdz5m44U/rKJEK6HUBN4UgFwG', 'henri16', '1989-11-17', 'https://cdn-icons-png.flaticon.com/512/1674/1674291.png', 'Collet'),
(1499, 20, 25, 'aime.marchand@yahoo.fr', '[\"ROLE_USER\"]', '$2y$10$JG3la.GWI1MjpmcmQ5k.FOdhSIfq5WLz9sIKKZiNjvkEWqtuT73X.', 'alix.buisson', '1989-09-08', 'https://cdn-icons-png.flaticon.com/512/1674/1674291.png', 'Brunet'),
(1500, NULL, 23, 'raynaud.joseph@yahoo.fr', '[\"ROLE_USER\"]', '$2y$10$QZE1t00csr34EQ3vJ45n9uZEgIoQ1u/PZWtN2GmKxnKYYtf.9GrAi', 'verdier.emmanuel', '1965-02-12', 'https://cdn-icons.flaticon.com/png/512/1985/premium/1985783.png?token=exp=1641899777~hmac=467dad371dbd0417fc9f459b8fcfa7d0', 'Bouvier-sur-Schneider');

-- --------------------------------------------------------

--
-- Structure de la table `user_board_game`
--

CREATE TABLE `user_board_game` (
  `user_id` int(11) NOT NULL,
  `board_game_id` int(11) NOT NULL
) ENGINE=InnoDB DEFAULT CHARSET=utf8mb4 COLLATE=utf8mb4_unicode_ci;

--
-- Déchargement des données de la table `user_board_game`
--

INSERT INTO `user_board_game` (`user_id`, `board_game_id`) VALUES
(1001, 465),
(1002, 466),
(1003, 419),
(1004, 471),
(1005, 463),
(1006, 429),
(1008, 414),
(1009, 493),
(1010, 410),
(1011, 478),
(1012, 476),
(1013, 477),
(1015, 485),
(1016, 481),
(1017, 451),
(1018, 452),
(1019, 401),
(1020, 476),
(1022, 427),
(1023, 439),
(1024, 437),
(1025, 465),
(1026, 447),
(1027, 475),
(1029, 484),
(1030, 410),
(1031, 474),
(1032, 483),
(1033, 463),
(1034, 478),
(1036, 449),
(1037, 450),
(1038, 407),
(1039, 449),
(1040, 406),
(1041, 497),
(1043, 412),
(1044, 444),
(1045, 422),
(1046, 454),
(1047, 499),
(1048, 408),
(1050, 500),
(1051, 499),
(1052, 420),
(1053, 489),
(1054, 460),
(1055, 403),
(1057, 422),
(1058, 497),
(1059, 445),
(1060, 491),
(1061, 495),
(1062, 474),
(1064, 475),
(1065, 482),
(1066, 408),
(1067, 476),
(1068, 426),
(1069, 463),
(1071, 408),
(1072, 457),
(1073, 472),
(1074, 405),
(1075, 496),
(1076, 430),
(1078, 437),
(1079, 445),
(1080, 470),
(1081, 468),
(1082, 484),
(1083, 446),
(1085, 404),
(1086, 426),
(1087, 429),
(1088, 459),
(1089, 477),
(1090, 497),
(1092, 488),
(1093, 449),
(1094, 480),
(1095, 443),
(1096, 489),
(1097, 442),
(1099, 469),
(1100, 495),
(1101, 434),
(1102, 472),
(1103, 455),
(1104, 462),
(1106, 500),
(1107, 445),
(1108, 460),
(1109, 436),
(1110, 461),
(1111, 419),
(1113, 437),
(1114, 450),
(1115, 492),
(1116, 500),
(1117, 414),
(1118, 456),
(1120, 435),
(1121, 480),
(1122, 427),
(1123, 455),
(1124, 439),
(1125, 422),
(1127, 452),
(1128, 410),
(1129, 480),
(1130, 452),
(1131, 408),
(1132, 498),
(1134, 493),
(1135, 493),
(1136, 481),
(1137, 426),
(1138, 443),
(1139, 473),
(1141, 452),
(1142, 462),
(1143, 473),
(1144, 456),
(1145, 460),
(1146, 470),
(1148, 470),
(1149, 484),
(1150, 471),
(1151, 494),
(1152, 494),
(1153, 469),
(1155, 476),
(1156, 461),
(1157, 493),
(1158, 449),
(1159, 493),
(1160, 401),
(1162, 412),
(1163, 403),
(1164, 464),
(1165, 466),
(1166, 443),
(1167, 485),
(1169, 421),
(1170, 454),
(1171, 447),
(1172, 496),
(1173, 481),
(1174, 429),
(1176, 474),
(1177, 464),
(1178, 425),
(1179, 448),
(1180, 435),
(1181, 450),
(1183, 429),
(1184, 472),
(1185, 431),
(1186, 471),
(1187, 489),
(1188, 430),
(1190, 488),
(1191, 433),
(1192, 442),
(1193, 496),
(1194, 409),
(1195, 405),
(1197, 402),
(1198, 417),
(1199, 448),
(1200, 456),
(1201, 473),
(1202, 453),
(1204, 418),
(1205, 487),
(1206, 419),
(1207, 441),
(1208, 433),
(1209, 441),
(1211, 449),
(1212, 409),
(1213, 498),
(1214, 486),
(1215, 477),
(1216, 435),
(1218, 463),
(1219, 411),
(1220, 445),
(1221, 423),
(1222, 488),
(1223, 448),
(1225, 492),
(1226, 419),
(1227, 476),
(1228, 420),
(1229, 401),
(1230, 417),
(1232, 488),
(1233, 496),
(1234, 457),
(1235, 401),
(1236, 414),
(1237, 484),
(1239, 471),
(1240, 426),
(1241, 420),
(1242, 422),
(1243, 453),
(1244, 464),
(1246, 457),
(1247, 487),
(1248, 417),
(1249, 434),
(1250, 500),
(1251, 477),
(1253, 484),
(1254, 419),
(1255, 451),
(1256, 429),
(1257, 477),
(1258, 497),
(1260, 412),
(1261, 413),
(1262, 470),
(1263, 442),
(1264, 458),
(1265, 459),
(1267, 461),
(1268, 485),
(1269, 449),
(1270, 467),
(1271, 499),
(1272, 450),
(1274, 477),
(1275, 432),
(1276, 466),
(1277, 411),
(1278, 440),
(1279, 470),
(1281, 442),
(1282, 435),
(1283, 490),
(1284, 482),
(1285, 426),
(1286, 419),
(1288, 483),
(1289, 449),
(1290, 464),
(1291, 450),
(1292, 429),
(1293, 457),
(1295, 463),
(1296, 425),
(1297, 479),
(1298, 450),
(1299, 451),
(1300, 481),
(1302, 477),
(1303, 447),
(1304, 468),
(1305, 423),
(1306, 468),
(1307, 417),
(1309, 470),
(1310, 439),
(1311, 414),
(1312, 431),
(1313, 497),
(1314, 473),
(1316, 460),
(1317, 473),
(1318, 413),
(1319, 452),
(1320, 429),
(1321, 438),
(1323, 479),
(1324, 426),
(1325, 437),
(1326, 491),
(1327, 450),
(1328, 403),
(1330, 481),
(1331, 490),
(1332, 494),
(1333, 411),
(1334, 499),
(1335, 403),
(1337, 432),
(1338, 483),
(1339, 452),
(1340, 415),
(1341, 448),
(1342, 454),
(1344, 479),
(1345, 457),
(1346, 457),
(1347, 423),
(1348, 448),
(1349, 452),
(1351, 435),
(1352, 406),
(1353, 437),
(1354, 488),
(1355, 468),
(1356, 479),
(1358, 424),
(1359, 448),
(1360, 408),
(1361, 478),
(1362, 497),
(1363, 493),
(1365, 402),
(1366, 483),
(1367, 483),
(1368, 416),
(1369, 467),
(1370, 474),
(1372, 421),
(1373, 489),
(1374, 489),
(1375, 421),
(1376, 486),
(1377, 482),
(1379, 458),
(1380, 495),
(1381, 429),
(1382, 479),
(1383, 475),
(1384, 499),
(1386, 463),
(1387, 496),
(1388, 439),
(1389, 490),
(1390, 456),
(1391, 463),
(1393, 410),
(1394, 406),
(1395, 470),
(1396, 439),
(1397, 418),
(1398, 479),
(1400, 484),
(1401, 435),
(1402, 428),
(1403, 409),
(1404, 407),
(1405, 458),
(1407, 484),
(1408, 468),
(1409, 478),
(1410, 445),
(1411, 478),
(1412, 409),
(1414, 497),
(1415, 489),
(1416, 412),
(1417, 420),
(1418, 401),
(1419, 496),
(1421, 436),
(1422, 423),
(1423, 481),
(1424, 461),
(1425, 500),
(1426, 464),
(1428, 478),
(1429, 444),
(1430, 462),
(1431, 474),
(1432, 465),
(1433, 412),
(1435, 443),
(1436, 414),
(1437, 466),
(1438, 441),
(1439, 466),
(1440, 419),
(1442, 471),
(1443, 434),
(1444, 448),
(1445, 480),
(1446, 477),
(1447, 463),
(1449, 447),
(1450, 494),
(1451, 479),
(1452, 481),
(1453, 405),
(1454, 422),
(1456, 489),
(1457, 426),
(1458, 422),
(1459, 481),
(1460, 429),
(1461, 479),
(1463, 498),
(1464, 438),
(1465, 490),
(1466, 406),
(1467, 424),
(1468, 438),
(1470, 451),
(1471, 457),
(1472, 461),
(1473, 448),
(1474, 407),
(1475, 462),
(1477, 465),
(1478, 446),
(1479, 478),
(1480, 475),
(1481, 455),
(1482, 435),
(1484, 498),
(1485, 468),
(1486, 419),
(1487, 431),
(1488, 454),
(1489, 460),
(1491, 456),
(1492, 401),
(1493, 493),
(1494, 437),
(1495, 455),
(1496, 479),
(1498, 447),
(1499, 428),
(1500, 459);

-- --------------------------------------------------------

--
-- Structure de la table `user_comic`
--

CREATE TABLE `user_comic` (
  `user_id` int(11) NOT NULL,
  `comic_id` int(11) NOT NULL
) ENGINE=InnoDB DEFAULT CHARSET=utf8mb4 COLLATE=utf8mb4_unicode_ci;

--
-- Déchargement des données de la table `user_comic`
--

INSERT INTO `user_comic` (`user_id`, `comic_id`) VALUES
(1001, 484),
(1002, 489),
(1003, 412),
(1005, 474),
(1006, 407),
(1007, 469),
(1009, 466),
(1010, 472),
(1011, 461),
(1013, 430),
(1014, 430),
(1015, 446),
(1017, 497),
(1018, 431),
(1019, 410),
(1021, 461),
(1022, 440),
(1023, 401),
(1025, 411),
(1026, 455),
(1027, 448),
(1029, 413),
(1030, 425),
(1031, 496),
(1033, 413),
(1034, 500),
(1035, 469),
(1037, 430),
(1038, 472),
(1039, 401),
(1041, 423),
(1042, 445),
(1043, 401),
(1045, 480),
(1046, 441),
(1047, 488),
(1049, 491),
(1050, 492),
(1051, 462),
(1053, 469),
(1054, 414),
(1055, 410),
(1057, 491),
(1058, 500),
(1059, 416),
(1061, 491),
(1062, 482),
(1063, 467),
(1065, 402),
(1066, 461),
(1067, 458),
(1069, 470),
(1070, 430),
(1071, 474),
(1073, 428),
(1074, 495),
(1075, 440),
(1077, 409),
(1078, 487),
(1079, 453),
(1081, 470),
(1082, 499),
(1083, 409),
(1085, 411),
(1086, 435),
(1087, 442),
(1089, 440),
(1090, 486),
(1091, 474),
(1093, 492),
(1094, 412),
(1095, 443),
(1097, 499),
(1098, 437),
(1099, 429),
(1101, 436),
(1102, 494),
(1103, 406),
(1105, 492),
(1106, 458),
(1107, 500),
(1109, 467),
(1110, 490),
(1111, 438),
(1113, 476),
(1114, 454),
(1115, 460),
(1117, 492),
(1118, 415),
(1119, 462),
(1121, 481),
(1122, 452),
(1123, 419),
(1125, 468),
(1126, 423),
(1127, 469),
(1129, 460),
(1130, 469),
(1131, 419),
(1133, 498),
(1134, 401),
(1135, 451),
(1137, 467),
(1138, 466),
(1139, 500),
(1141, 465),
(1142, 473),
(1143, 434),
(1145, 484),
(1146, 408),
(1147, 484),
(1149, 470),
(1150, 500),
(1151, 428),
(1153, 466),
(1154, 472),
(1155, 442),
(1157, 436),
(1158, 451),
(1159, 462),
(1161, 482),
(1162, 441),
(1163, 410),
(1165, 455),
(1166, 498),
(1167, 413),
(1169, 460),
(1170, 444),
(1171, 495),
(1173, 487),
(1174, 463),
(1175, 441),
(1177, 431),
(1178, 463),
(1179, 433),
(1181, 450),
(1182, 407),
(1183, 493),
(1185, 426),
(1186, 409),
(1187, 428),
(1189, 490),
(1190, 427),
(1191, 425),
(1193, 411),
(1194, 413),
(1195, 436),
(1197, 456),
(1198, 455),
(1199, 460),
(1201, 471),
(1202, 466),
(1203, 401),
(1205, 452),
(1206, 425),
(1207, 479),
(1209, 486),
(1210, 425),
(1211, 441),
(1213, 412),
(1214, 478),
(1215, 444),
(1217, 484),
(1218, 476),
(1219, 408),
(1221, 452),
(1222, 407),
(1223, 419),
(1225, 464),
(1226, 453),
(1227, 473),
(1229, 455),
(1230, 427),
(1231, 486),
(1233, 436),
(1234, 409),
(1235, 479),
(1237, 437),
(1238, 457),
(1239, 413),
(1241, 446),
(1242, 486),
(1243, 440),
(1245, 452),
(1246, 402),
(1247, 433),
(1249, 467),
(1250, 494),
(1251, 437),
(1253, 456),
(1254, 453),
(1255, 435),
(1257, 457),
(1258, 479),
(1259, 417),
(1261, 443),
(1262, 447),
(1263, 495),
(1265, 492),
(1266, 487),
(1267, 489),
(1269, 440),
(1270, 459),
(1271, 447),
(1273, 447),
(1274, 454),
(1275, 484),
(1277, 410),
(1278, 447),
(1279, 489),
(1281, 494),
(1282, 488),
(1283, 437),
(1285, 469),
(1286, 499),
(1287, 476),
(1289, 436),
(1290, 457),
(1291, 412),
(1293, 492),
(1294, 432),
(1295, 415),
(1297, 458),
(1298, 436),
(1299, 457),
(1301, 491),
(1302, 475),
(1303, 401),
(1305, 409),
(1306, 413),
(1307, 463),
(1309, 421),
(1310, 452),
(1311, 441),
(1313, 416),
(1314, 455),
(1315, 402),
(1317, 463),
(1318, 455),
(1319, 414),
(1321, 406),
(1322, 412),
(1323, 450),
(1325, 425),
(1326, 450),
(1327, 498),
(1329, 428),
(1330, 481),
(1331, 464),
(1333, 429),
(1334, 458),
(1335, 403),
(1337, 498),
(1338, 445),
(1339, 485),
(1341, 482),
(1342, 486),
(1343, 466),
(1345, 426),
(1346, 445),
(1347, 449),
(1349, 453),
(1350, 419),
(1351, 462),
(1353, 449),
(1354, 449),
(1355, 424),
(1357, 420),
(1358, 452),
(1359, 451),
(1361, 457),
(1362, 421),
(1363, 466),
(1365, 413),
(1366, 467),
(1367, 452),
(1369, 418),
(1370, 482),
(1371, 424),
(1373, 454),
(1374, 465),
(1375, 483),
(1377, 478),
(1378, 475),
(1379, 488),
(1381, 412),
(1382, 447),
(1383, 469),
(1385, 408),
(1386, 470),
(1387, 498),
(1389, 458),
(1390, 467),
(1391, 456),
(1393, 435),
(1394, 498),
(1395, 470),
(1397, 426),
(1398, 453),
(1399, 477),
(1401, 466),
(1402, 420),
(1403, 455),
(1405, 418),
(1406, 439),
(1407, 429),
(1409, 448),
(1410, 418),
(1411, 442),
(1413, 468),
(1414, 433),
(1415, 405),
(1417, 492),
(1418, 425),
(1419, 473),
(1421, 411),
(1422, 429),
(1423, 409),
(1425, 443),
(1426, 474),
(1427, 420),
(1429, 424),
(1430, 438),
(1431, 407),
(1433, 487),
(1434, 436),
(1435, 495),
(1437, 422),
(1438, 469),
(1439, 417),
(1441, 480),
(1442, 411),
(1443, 479),
(1445, 479),
(1446, 422),
(1447, 431),
(1449, 407),
(1450, 497),
(1451, 455),
(1453, 468),
(1454, 412),
(1455, 438),
(1457, 411),
(1458, 430),
(1459, 423),
(1461, 497),
(1462, 471),
(1463, 421),
(1465, 427),
(1466, 454),
(1467, 495),
(1469, 432),
(1470, 433),
(1471, 420),
(1473, 472),
(1474, 463),
(1475, 460),
(1477, 471),
(1478, 478),
(1479, 467),
(1481, 406),
(1482, 444),
(1483, 451),
(1485, 467),
(1486, 500),
(1487, 478),
(1489, 475),
(1490, 447),
(1491, 420),
(1493, 409),
(1494, 484),
(1495, 488),
(1497, 450),
(1498, 420),
(1499, 472);

-- --------------------------------------------------------

--
-- Structure de la table `user_level`
--

CREATE TABLE `user_level` (
  `id` int(11) NOT NULL,
  `name` varchar(50) COLLATE utf8mb4_unicode_ci NOT NULL
) ENGINE=InnoDB DEFAULT CHARSET=utf8mb4 COLLATE=utf8mb4_unicode_ci;

--
-- Déchargement des données de la table `user_level`
--

INSERT INTO `user_level` (`id`, `name`) VALUES
(21, 'Débutant'),
(22, 'Occasionnel'),
(23, 'Intermédiaire'),
(24, 'Confirmé'),
(25, 'Professionnel');

-- --------------------------------------------------------

--
-- Structure de la table `user_manga`
--

CREATE TABLE `user_manga` (
  `user_id` int(11) NOT NULL,
  `manga_id` int(11) NOT NULL
) ENGINE=InnoDB DEFAULT CHARSET=utf8mb4 COLLATE=utf8mb4_unicode_ci;

--
-- Déchargement des données de la table `user_manga`
--

INSERT INTO `user_manga` (`user_id`, `manga_id`) VALUES
(1001, 477),
(1002, 422),
(1003, 494),
(1004, 455),
(1006, 455),
(1007, 491),
(1008, 446),
(1009, 449),
(1011, 461),
(1012, 415),
(1013, 433),
(1014, 487),
(1016, 413),
(1017, 415),
(1018, 425),
(1019, 447),
(1021, 403),
(1022, 444),
(1023, 495),
(1024, 482),
(1026, 414),
(1027, 490),
(1028, 424),
(1029, 440),
(1031, 415),
(1032, 465),
(1033, 416),
(1034, 418),
(1036, 430),
(1037, 485),
(1038, 478),
(1039, 422),
(1041, 443),
(1042, 436),
(1043, 434),
(1044, 464),
(1046, 401),
(1047, 477),
(1048, 439),
(1049, 426),
(1051, 461),
(1052, 406),
(1053, 445),
(1054, 406),
(1056, 459),
(1057, 424),
(1058, 449),
(1059, 423),
(1061, 412),
(1062, 423),
(1063, 474),
(1064, 458),
(1066, 499),
(1067, 474),
(1068, 408),
(1069, 464),
(1071, 413),
(1072, 424),
(1073, 496),
(1074, 483),
(1076, 471),
(1077, 421),
(1078, 463),
(1079, 417),
(1081, 480),
(1082, 402),
(1083, 492),
(1084, 471),
(1086, 481),
(1087, 472),
(1088, 450),
(1089, 458),
(1091, 470),
(1092, 479),
(1093, 449),
(1094, 450),
(1096, 482),
(1097, 469),
(1098, 468),
(1099, 463),
(1101, 455),
(1102, 421),
(1103, 461),
(1104, 450),
(1106, 414),
(1107, 482),
(1108, 407),
(1109, 474),
(1111, 463),
(1112, 444),
(1113, 449),
(1114, 414),
(1116, 413),
(1117, 415),
(1118, 490),
(1119, 437),
(1121, 478),
(1122, 482),
(1123, 441),
(1124, 431),
(1126, 490),
(1127, 417),
(1128, 466),
(1129, 415),
(1131, 403),
(1132, 408),
(1133, 482),
(1134, 460),
(1136, 413),
(1137, 431),
(1138, 431),
(1139, 422),
(1141, 450),
(1142, 410),
(1143, 430),
(1144, 439),
(1146, 460),
(1147, 416),
(1148, 495),
(1149, 425),
(1151, 472),
(1152, 427),
(1153, 444),
(1154, 436),
(1156, 475),
(1157, 467),
(1158, 431),
(1159, 492),
(1161, 409),
(1162, 439),
(1163, 500),
(1164, 439),
(1166, 445),
(1167, 472),
(1168, 473),
(1169, 469),
(1171, 425),
(1172, 417),
(1173, 406),
(1174, 469),
(1176, 460),
(1177, 491),
(1178, 438),
(1179, 484),
(1181, 483),
(1182, 453),
(1183, 489),
(1184, 407),
(1186, 430),
(1187, 458),
(1188, 477),
(1189, 408),
(1191, 463),
(1192, 412),
(1193, 441),
(1194, 470),
(1196, 417),
(1197, 447),
(1198, 496),
(1199, 468),
(1201, 482),
(1202, 434),
(1203, 441),
(1204, 484),
(1206, 429),
(1207, 481),
(1208, 429),
(1209, 410),
(1211, 499),
(1212, 452),
(1213, 481),
(1214, 493),
(1216, 467),
(1217, 423),
(1218, 456),
(1219, 484),
(1221, 491),
(1222, 475),
(1223, 472),
(1224, 499),
(1226, 425),
(1227, 441),
(1228, 490),
(1229, 412),
(1231, 459),
(1232, 432),
(1233, 447),
(1234, 434),
(1236, 409),
(1237, 450),
(1238, 430),
(1239, 483),
(1241, 482),
(1242, 441),
(1243, 429),
(1244, 471),
(1246, 487),
(1247, 484),
(1248, 409),
(1249, 405),
(1251, 488),
(1252, 474),
(1253, 453),
(1254, 425),
(1256, 438),
(1257, 490),
(1258, 475),
(1259, 476),
(1261, 449),
(1262, 410),
(1263, 486),
(1264, 488),
(1266, 421),
(1267, 492),
(1268, 489),
(1269, 492),
(1271, 451),
(1272, 442),
(1273, 452),
(1274, 423),
(1276, 411),
(1277, 478),
(1278, 410),
(1279, 413),
(1281, 414),
(1282, 485),
(1283, 451),
(1284, 401),
(1286, 401),
(1287, 437),
(1288, 469),
(1289, 498),
(1291, 427),
(1292, 402),
(1293, 428),
(1294, 425),
(1296, 421),
(1297, 426),
(1298, 496),
(1299, 489),
(1301, 497),
(1302, 455),
(1303, 432),
(1304, 446),
(1306, 425),
(1307, 446),
(1308, 417),
(1309, 452),
(1311, 487),
(1312, 426),
(1313, 476),
(1314, 473),
(1316, 500),
(1317, 436),
(1318, 410),
(1319, 443),
(1321, 433),
(1322, 407),
(1323, 459),
(1324, 445),
(1326, 495),
(1327, 438),
(1328, 482),
(1329, 468),
(1331, 429),
(1332, 453),
(1333, 457),
(1334, 448),
(1336, 492),
(1337, 490),
(1338, 445),
(1339, 420),
(1341, 437),
(1342, 439),
(1343, 429),
(1344, 482),
(1346, 424),
(1347, 403),
(1348, 454),
(1349, 491),
(1351, 467),
(1352, 493),
(1353, 425),
(1354, 408),
(1356, 489),
(1357, 497),
(1358, 497),
(1359, 474),
(1361, 449),
(1362, 426),
(1363, 485),
(1364, 403),
(1366, 485),
(1367, 479),
(1368, 414),
(1369, 478),
(1371, 433),
(1372, 427),
(1373, 422),
(1374, 438),
(1376, 408),
(1377, 487),
(1378, 488),
(1379, 423),
(1381, 427),
(1382, 450),
(1383, 461),
(1384, 461),
(1386, 463),
(1387, 484),
(1388, 414),
(1389, 405),
(1391, 423),
(1392, 411),
(1393, 459),
(1394, 449),
(1396, 416),
(1397, 427),
(1398, 494),
(1399, 408),
(1401, 474),
(1402, 446),
(1403, 479),
(1404, 435),
(1406, 455),
(1407, 472),
(1408, 431),
(1409, 435),
(1411, 471),
(1412, 456),
(1413, 406),
(1414, 445),
(1416, 482),
(1417, 459),
(1418, 450),
(1419, 444),
(1421, 476),
(1422, 427),
(1423, 490),
(1424, 446),
(1426, 486),
(1427, 447),
(1428, 477),
(1429, 448),
(1431, 411),
(1432, 471),
(1433, 451),
(1434, 412),
(1436, 422),
(1437, 442),
(1438, 441),
(1439, 418),
(1441, 423),
(1442, 466),
(1443, 470),
(1444, 478),
(1446, 480),
(1447, 475),
(1448, 481),
(1449, 467),
(1451, 428),
(1452, 403),
(1453, 402),
(1454, 455),
(1456, 451),
(1457, 443),
(1458, 448),
(1459, 497),
(1461, 419),
(1462, 476),
(1463, 417),
(1464, 496),
(1466, 408),
(1467, 435),
(1468, 450),
(1469, 471),
(1471, 478),
(1472, 422),
(1473, 488),
(1474, 493),
(1476, 414),
(1477, 491),
(1478, 443),
(1479, 495),
(1481, 496),
(1482, 409),
(1483, 481),
(1484, 455),
(1486, 421),
(1487, 434),
(1488, 428),
(1489, 499),
(1491, 488),
(1492, 438),
(1493, 475),
(1494, 475),
(1496, 415),
(1497, 410),
(1498, 487),
(1499, 421);

-- --------------------------------------------------------

--
-- Structure de la table `user_profile`
--

CREATE TABLE `user_profile` (
  `id` int(11) NOT NULL,
  `name` varchar(50) COLLATE utf8mb4_unicode_ci DEFAULT NULL
) ENGINE=InnoDB DEFAULT CHARSET=utf8mb4 COLLATE=utf8mb4_unicode_ci;

--
-- Déchargement des données de la table `user_profile`
--

INSERT INTO `user_profile` (`id`, `name`) VALUES
(17, 'Gamer'),
(18, 'Joueur de jeux de société'),
(19, 'Lecteur de mangas'),
(20, 'Lecteur de comics');

-- --------------------------------------------------------

--
-- Structure de la table `user_video_game`
--

CREATE TABLE `user_video_game` (
  `user_id` int(11) NOT NULL,
  `video_game_id` int(11) NOT NULL
) ENGINE=InnoDB DEFAULT CHARSET=utf8mb4 COLLATE=utf8mb4_unicode_ci;

--
-- Déchargement des données de la table `user_video_game`
--

INSERT INTO `user_video_game` (`user_id`, `video_game_id`) VALUES
(1001, 441),
(1002, 488),
(1004, 481),
(1005, 414),
(1007, 450),
(1008, 471),
(1010, 481),
(1011, 485),
(1013, 463),
(1014, 424),
(1016, 490),
(1017, 447),
(1019, 495),
(1020, 423),
(1022, 402),
(1023, 462),
(1025, 452),
(1026, 467),
(1028, 409),
(1029, 415),
(1031, 420),
(1032, 471),
(1034, 449),
(1035, 443),
(1037, 444),
(1038, 423),
(1040, 459),
(1041, 432),
(1043, 445),
(1044, 454),
(1046, 460),
(1047, 480),
(1049, 406),
(1050, 486),
(1052, 493),
(1053, 491),
(1055, 468),
(1056, 450),
(1058, 411),
(1059, 414),
(1061, 461),
(1062, 473),
(1064, 432),
(1065, 453),
(1067, 474),
(1068, 421),
(1070, 494),
(1071, 499),
(1073, 471),
(1074, 474),
(1076, 441),
(1077, 492),
(1079, 401),
(1080, 434),
(1082, 497),
(1083, 437),
(1085, 439),
(1086, 430),
(1088, 490),
(1089, 412),
(1091, 471),
(1092, 423),
(1094, 471),
(1095, 407),
(1097, 408),
(1098, 418),
(1100, 421),
(1101, 437),
(1103, 476),
(1104, 469),
(1106, 425),
(1107, 422),
(1109, 429),
(1110, 459),
(1112, 482),
(1113, 483),
(1115, 433),
(1116, 425),
(1118, 440),
(1119, 499),
(1121, 469),
(1122, 462),
(1124, 463),
(1125, 494),
(1127, 453),
(1128, 431),
(1130, 401),
(1131, 455),
(1133, 474),
(1134, 405),
(1136, 457),
(1137, 410),
(1139, 483),
(1140, 437),
(1142, 455),
(1143, 447),
(1145, 469),
(1146, 402),
(1148, 478),
(1149, 441),
(1151, 475),
(1152, 456),
(1154, 498),
(1155, 437),
(1157, 484),
(1158, 444),
(1160, 417),
(1161, 455),
(1163, 442),
(1164, 435),
(1166, 424),
(1167, 471),
(1169, 496),
(1170, 463),
(1172, 429),
(1173, 405),
(1175, 438),
(1176, 424),
(1178, 456),
(1179, 440),
(1181, 416),
(1182, 460),
(1184, 482),
(1185, 427),
(1187, 420),
(1188, 422),
(1190, 442),
(1191, 422),
(1193, 465),
(1194, 492),
(1196, 436),
(1197, 447),
(1199, 427),
(1200, 421),
(1202, 487),
(1203, 468),
(1205, 430),
(1206, 490),
(1208, 464),
(1209, 458),
(1211, 498),
(1212, 457),
(1214, 468),
(1215, 456),
(1217, 497),
(1218, 452),
(1220, 463),
(1221, 447),
(1223, 500),
(1224, 490),
(1226, 473),
(1227, 449),
(1229, 429),
(1230, 474),
(1232, 497),
(1233, 427),
(1235, 493),
(1236, 441),
(1238, 451),
(1239, 500),
(1241, 402),
(1242, 416),
(1244, 491),
(1245, 496),
(1247, 476),
(1248, 478),
(1250, 459),
(1251, 450),
(1253, 446),
(1254, 477),
(1256, 419),
(1257, 450),
(1259, 476),
(1260, 476),
(1262, 404),
(1263, 436),
(1265, 500),
(1266, 481),
(1268, 475),
(1269, 460),
(1271, 494),
(1272, 436),
(1274, 440),
(1275, 417),
(1277, 435),
(1278, 414),
(1280, 423),
(1281, 414),
(1283, 500),
(1284, 482),
(1286, 464),
(1287, 450),
(1289, 429),
(1290, 476),
(1292, 461),
(1293, 472),
(1295, 410),
(1296, 419),
(1298, 467),
(1299, 500),
(1301, 417),
(1302, 461),
(1304, 491),
(1305, 418),
(1307, 429),
(1308, 463),
(1310, 463),
(1311, 460),
(1313, 429),
(1314, 472),
(1316, 407),
(1317, 436),
(1319, 442),
(1320, 403),
(1322, 464),
(1323, 428),
(1325, 478),
(1326, 440),
(1328, 491),
(1329, 480),
(1331, 483),
(1332, 402),
(1334, 404),
(1335, 474),
(1337, 435),
(1338, 419),
(1340, 454),
(1341, 427),
(1343, 450),
(1344, 404),
(1346, 412),
(1347, 486),
(1349, 443),
(1350, 420),
(1352, 465),
(1353, 477),
(1355, 422),
(1356, 494),
(1358, 480),
(1359, 492),
(1361, 401),
(1362, 448),
(1364, 412),
(1365, 415),
(1367, 456),
(1368, 488),
(1370, 450),
(1371, 432),
(1373, 481),
(1374, 434),
(1376, 489),
(1377, 438),
(1379, 482),
(1380, 436),
(1382, 458),
(1383, 441),
(1385, 500),
(1386, 496),
(1388, 447),
(1389, 498),
(1391, 484),
(1392, 419),
(1394, 465),
(1395, 412),
(1397, 486),
(1398, 454),
(1400, 486),
(1401, 494),
(1403, 476),
(1404, 466),
(1406, 457),
(1407, 411),
(1409, 407),
(1410, 468),
(1412, 467),
(1413, 413),
(1415, 475),
(1416, 422),
(1418, 487),
(1419, 421),
(1421, 447),
(1422, 480),
(1424, 481),
(1425, 445),
(1427, 404),
(1428, 482),
(1430, 457),
(1431, 448),
(1433, 479),
(1434, 444),
(1436, 409),
(1437, 490),
(1439, 454),
(1440, 425),
(1442, 442),
(1443, 405),
(1445, 468),
(1446, 415),
(1448, 478),
(1449, 411),
(1451, 475),
(1452, 423),
(1454, 463),
(1455, 448),
(1457, 458),
(1458, 432),
(1460, 495),
(1461, 453),
(1463, 436),
(1464, 459),
(1466, 431),
(1467, 415),
(1469, 433),
(1470, 431),
(1472, 446),
(1473, 480),
(1475, 441),
(1476, 479),
(1478, 487),
(1479, 448),
(1481, 459),
(1482, 477),
(1484, 418),
(1485, 486),
(1487, 480),
(1488, 446),
(1490, 427),
(1491, 451),
(1493, 442),
(1494, 425),
(1496, 438),
(1497, 476),
(1499, 441),
(1500, 428);

-- --------------------------------------------------------

--
-- Structure de la table `video_game`
--

CREATE TABLE `video_game` (
  `id` int(11) NOT NULL,
  `category_id` int(11) NOT NULL,
  `name` varchar(50) COLLATE utf8mb4_unicode_ci NOT NULL,
  `description` longtext COLLATE utf8mb4_unicode_ci NOT NULL,
  `picture` varchar(255) COLLATE utf8mb4_unicode_ci NOT NULL
) ENGINE=InnoDB DEFAULT CHARSET=utf8mb4 COLLATE=utf8mb4_unicode_ci;

--
-- Déchargement des données de la table `video_game`
--

INSERT INTO `video_game` (`id`, `category_id`, `name`, `description`, `picture`) VALUES
(401, 104, 'distinctio rem veniam', 'Sequi voluptate voluptate ullam voluptatem. Porro occaecati quasi assumenda quia dolor. Perferendis odio id dolorem impedit iure laudantium. Ex voluptas saepe quae ea totam non ut quia.', 'https://image.jeuxvideo.com/medias/163353/1633528483-9809-jaquette-avant.jpg'),
(402, 104, 'odio reiciendis', 'Ea corrupti voluptatem animi ut quia ut natus. Dolor omnis sit eum excepturi. Repellendus hic qui assumenda voluptate facere eaque consequuntur. Molestiae sequi sed omnis est tenetur.', 'https://image.jeuxvideo.com/medias/163708/1637080607-7753-jaquette-avant.gif'),
(403, 120, 'molestiae sunt', 'Fugiat error ea iusto facere accusamus consequatur. Quia quo iste commodi et. Voluptates rerum esse sed. Cum laboriosam velit assumenda recusandae ea et.', 'https://image.jeuxvideo.com/medias/163162/1631620218-5546-jaquette-avant.gif'),
(404, 120, 'impedit nihil', 'Itaque voluptas culpa voluptatum cum labore ut sed. Autem dolor placeat accusantium sed laboriosam. Facilis impedit facere dignissimos voluptatibus. Nihil vel nesciunt sapiente illum.', 'https://image.jeuxvideo.com/medias/148285/1482854953-4348-jaquette-avant.jpg'),
(405, 116, 'iure et id', 'Neque dicta incidunt enim numquam impedit. Numquam voluptatum et animi optio aut. Voluptate omnis repellendus nostrum suscipit minus aut quasi.', 'https://image.jeuxvideo.com/medias/163342/1633418743-1593-jaquette-avant.gif'),
(406, 117, 'neque', 'Omnis aut aut ea odit ea aut voluptates voluptates. Molestiae et vel qui autem. Voluptas officiis fugit ipsa culpa totam reiciendis est laborum. Sunt iste dolorem odit iusto eum velit.', 'https://image.jeuxvideo.com/medias/163214/1632142889-7692-jaquette-avant.jpg'),
(407, 104, 'dignissimos est sint', 'Quia et eveniet veniam corrupti deserunt autem tempore et. Rem tempora quam consequatur suscipit voluptas. Consectetur dolorem porro quo aliquid in. Nulla id omnis similique rerum facilis dolores. Ea quo at tenetur nulla. Qui eveniet sint animi cumque officia molestiae. Quis odio et soluta velit.', 'https://image.jeuxvideo.com/medias/149432/1494322310-8900-jaquette-avant.jpg'),
(408, 118, 'velit ut', 'Quisquam facilis aut incidunt voluptatem non voluptatem non. Facere eligendi omnis sint modi corrupti provident. Ipsum saepe hic totam ut porro eveniet.', 'https://image.jeuxvideo.com/medias/163187/1631865000-7055-jaquette-avant.jpg'),
(409, 116, 'aperiam nihil eos', 'Non non est qui. Blanditiis dolorem consequatur consequuntur. Et vel eligendi voluptas. Inventore aliquam fuga vel facilis facere. Pariatur aliquam voluptas assumenda vel. Voluptates voluptatem tenetur facere. Molestiae nesciunt iste et. Quaerat nemo qui aliquam voluptatem odio nulla.', 'https://image.jeuxvideo.com/medias/142247/1422469608-7141-jaquette-avant.jpg'),
(410, 120, 'voluptatem non aliquam', 'Tempore error reiciendis quis rem quasi est autem. Necessitatibus occaecati quia libero aut error. Autem quod ut ut aut.', 'https://image.jeuxvideo.com/medias/163881/1638806697-8764-jaquette-avant.gif'),
(411, 105, 'amet', 'Aliquam ut rerum consequatur earum quia nobis sed. Et quidem eaque nobis est necessitatibus alias nihil. Vel excepturi distinctio vel eius atque distinctio. Blanditiis aperiam non voluptas voluptatem laborum. Eum et voluptatem repellat delectus. Quia facere vitae sunt voluptas.', 'https://image.jeuxvideo.com/medias/163881/1638806697-8764-jaquette-avant.gif'),
(412, 116, 'laboriosam praesentium', 'Voluptatem dolorum eos unde. Est quia occaecati laboriosam rerum. Expedita maiores laboriosam eaque pariatur dignissimos sint qui. Facere architecto occaecati ea. Dicta laudantium accusamus ipsa iste. Est corporis incidunt doloremque sit. Aliquam ut accusantium voluptas aspernatur et et.', 'https://image.jeuxvideo.com/medias/142247/1422469608-7141-jaquette-avant.jpg'),
(413, 119, 'alias dolore non nulla', 'Quidem eum illo nihil at amet. Id aut perspiciatis doloribus fuga cumque ex. Eum saepe rerum excepturi accusamus. In voluptatem odit dolor laboriosam sunt odit. Voluptatum rem autem molestiae voluptas. Placeat repudiandae est aliquam. Vitae hic aut mollitia aut.', 'https://paradoxetemporel.fr/wp-content/uploads/2020/06/jaquette-the-last-of-us-part-2.jpg'),
(414, 106, 'eos ad excepturi totam', 'Unde quis nihil ea harum praesentium. Aut quam est hic ipsa dicta iusto nobis. Culpa aliquid voluptates vel aut voluptatum totam dolores. Similique natus blanditiis ea dolor.', 'https://image.jeuxvideo.com/medias/163162/1631620218-5546-jaquette-avant.gif'),
(415, 103, 'minima minus voluptatem', 'Nisi facere est est fugiat quo neque. Sequi reprehenderit velit reprehenderit cumque amet cum ea. Delectus voluptatem et et autem. Molestias ipsum ratione vitae. Qui aut deleniti et quaerat. Et rem assumenda aspernatur.', 'https://image.jeuxvideo.com/medias/159403/1594028554-187-jaquette-avant.jpg'),
(416, 107, 'delectus aliquam minus maiores', 'Mollitia vel non et doloremque officia. Laudantium qui deserunt molestiae debitis et ipsum. Dolores maiores aspernatur alias placeat dolor illo corrupti. Modi aperiam enim et velit.', 'https://image.jeuxvideo.com/medias/152899/1528990462-7760-jaquette-avant.jpg'),
(417, 119, 'sit est', 'Sunt assumenda nihil sunt nisi consequatur quaerat aut. Voluptas omnis qui voluptas. Et est officia aut quos voluptas est rerum.', 'https://image.jeuxvideo.com/medias/148285/1482854953-4348-jaquette-avant.jpg'),
(418, 105, 'eius ducimus atque laudantium', 'Quo distinctio dignissimos vel consequuntur aspernatur eos aspernatur eum. Sequi asperiores quis distinctio minus dignissimos cumque et explicabo. Cupiditate nesciunt reprehenderit excepturi magni.', 'https://paradoxetemporel.fr/wp-content/uploads/2020/06/jaquette-the-last-of-us-part-2.jpg'),
(419, 117, 'aliquid cupiditate sed', 'Quia tempora earum ipsum ratione. Quia in facere et rerum accusantium. Voluptates eos laudantium ut earum ea. Voluptatem qui dignissimos non quae ipsum reprehenderit ut. Veniam sit quis veritatis dicta voluptas voluptate.', 'https://image.jeuxvideo.com/medias/163664/1636636223-8849-jaquette-avant.jpg'),
(420, 117, 'occaecati et nisi', 'Nemo id ut nesciunt sint aperiam perferendis eius. Perferendis ea cum voluptas ut nemo possimus consequatur. Magnam quae molestiae aut tempore neque nobis. Aut atque velit tempora laboriosam sequi libero qui. Voluptatem hic at molestias dolores dolor consequatur quis.', 'https://image.jeuxvideo.com/medias/163335/1633353168-8875-jaquette-avant.gif'),
(421, 102, 'ea', 'Placeat aut et hic eius. Numquam qui molestiae doloremque deleniti in doloribus. Quibusdam culpa natus nemo ut recusandae vel modi. Doloribus atque impedit velit eum aliquam.', 'https://image.jeuxvideo.com/medias/163214/1632142889-7692-jaquette-avant.jpg'),
(422, 120, 'nam omnis', 'Excepturi harum aut voluptatem doloremque expedita consectetur. Occaecati similique sed aliquid repellendus qui voluptates qui. Ut laudantium officia et sapiente ea. Facilis aut sit dolorem et.', 'https://image.jeuxvideo.com/medias-sm/163396/1633959248-729-jaquette-avant.gif'),
(423, 103, 'odit', 'Autem enim enim occaecati sint et perspiciatis assumenda. Mollitia facilis eius exercitationem.', 'https://image.jeuxvideo.com/medias/163187/1631865000-7055-jaquette-avant.jpg'),
(424, 120, 'dolorem autem at minus', 'Sit deserunt ut dolor ea fuga quisquam. Omnis id neque fugit fugiat quod dolores repellat. Officiis ipsam aliquid eum natus et assumenda. Repellendus earum suscipit et. Recusandae sed recusandae repellendus. Consectetur unde ut recusandae. Quibusdam in quia eligendi aliquid eveniet consequatur.', 'https://image.jeuxvideo.com/medias/163708/1637080607-7753-jaquette-avant.gif'),
(425, 118, 'ipsa', 'Reprehenderit consequatur officiis qui et quo. Aspernatur qui molestiae qui. Qui ut dolorem quod quia exercitationem. Vitae totam incidunt non. Soluta accusantium et et quia aut sint magnam aut. Quos eaque dolor non voluptatem eum dolores sint. Quia est et ab et voluptatem in neque.', 'https://letempscompere.fr/wp-content/uploads/2021/08/KyBRbcz5wCqPrdr7QFfUniEg-2048x1536.webp'),
(426, 119, 'qui modi', 'Voluptas sed ipsum consectetur incidunt dolorem sunt. Quaerat ullam nobis laboriosam et sequi. Veniam non maiores rem necessitatibus blanditiis cum illo. Maxime mollitia sint voluptatem est vel exercitationem. Illum eos fuga ad neque repudiandae. Est ratione molestiae ullam vel ut quos incidunt.', 'https://image.jeuxvideo.com/medias/163881/1638806697-8764-jaquette-avant.gif'),
(427, 111, 'est vel', 'Accusantium aut eos ut consequatur sint et. Soluta odio magnam consequatur qui commodi facilis. Consequatur voluptas cum consectetur dolores. Voluptas laborum nobis dolores porro id nihil id.', 'https://image.jeuxvideo.com/medias/163299/1632989749-6428-jaquette-avant.gif'),
(428, 103, 'vero dicta error', 'Ratione provident sunt nihil at ut. Dolore nisi eos sit nobis. Qui culpa porro corrupti omnis numquam. Veniam asperiores in quasi et maxime molestiae. Sapiente exercitationem sequi consequatur officia pariatur asperiores in. Laboriosam qui consectetur inventore nostrum ex est inventore ut.', 'https://image.jeuxvideo.com/images/jaquettes/00027602/jaquette-league-of-legends-pc-cover-avant-g.jpg'),
(429, 107, 'est', 'Architecto perspiciatis est vel nostrum. Sint inventore illo repellendus et quia. Voluptas esse quo voluptatum aut natus in. Aut ratione beatae qui tenetur accusamus quia.', 'https://image.jeuxvideo.com/medias/152899/1528990462-7760-jaquette-avant.jpg'),
(430, 117, 'harum hic minima', 'Ab ut temporibus repudiandae velit perspiciatis ex. Sapiente dolor facere eius blanditiis quisquam voluptatem. Assumenda rem ipsa rem deleniti voluptatem enim accusamus iste. Quia omnis voluptates ipsum quo similique nesciunt. Dolorem in molestiae nemo explicabo minus rerum ut quia.', 'https://image.jeuxvideo.com/medias-sm/163396/1633959248-729-jaquette-avant.gif'),
(431, 118, 'fuga praesentium soluta molestiae', 'Iure quas maxime ut hic suscipit voluptatem. Sed sint nihil harum aut. Autem sint aperiam architecto. Dolor est consequatur asperiores voluptas eveniet quia dolorem. Id delectus sit magnam dolorum.', 'https://image.jeuxvideo.com/medias/163342/1633418743-1593-jaquette-avant.gif'),
(432, 116, 'a quis quia', 'Omnis sed ipsum quod laborum voluptatum hic officia. In est est enim asperiores architecto. Nemo commodi quod nobis enim asperiores cumque modi.', 'https://paradoxetemporel.fr/wp-content/uploads/2020/06/jaquette-the-last-of-us-part-2.jpg'),
(433, 113, 'suscipit enim quis', 'Odit nobis et rerum. Et libero voluptatem ratione dolor voluptas nostrum non. Quisquam officiis quia aut enim dignissimos. Excepturi debitis eius possimus. Quia nesciunt fugit a sit. Aut voluptatem et sit dolorem voluptas in consequatur quam. Deleniti enim iusto ea est ut sint cum laudantium.', 'https://media.senscritique.com/media/000020040912/source_big/Resident_Evil_Village.png'),
(434, 109, 'voluptate vel consequatur qui', 'Eligendi aut itaque molestiae eum veniam eum consequatur nobis. Libero quas aliquam quos rerum impedit ad vero. Sint dolor culpa et occaecati sint. Aperiam vel delectus aut pariatur officia.', 'https://image.jeuxvideo.com/images/jaquettes/00048634/jaquette-les-sims-4-pc-cover-avant-g-1409904702.jpg'),
(435, 115, 'natus in', 'Dicta at quaerat quis ipsa fugiat facere iusto id. Distinctio nobis placeat neque tempore error. Beatae omnis sed ratione.', 'https://image.jeuxvideo.com/medias/152899/1528990462-7760-jaquette-avant.jpg'),
(436, 117, 'quos incidunt quasi', 'Iure assumenda quo omnis amet consequatur voluptates. Non voluptatibus in fugiat a dolor esse quia molestias. Impedit ad corrupti ipsam natus voluptatibus. Placeat at nulla eum est.', 'https://image.jeuxvideo.com/medias/163129/1631285061-4363-jaquette-avant.jpg'),
(437, 108, 'eveniet voluptatem', 'Unde deleniti sapiente commodi repellat vel modi aut. Blanditiis sunt voluptas asperiores sequi. Libero tempora vero et voluptatum autem natus. Ipsum nemo necessitatibus quidem placeat dolore omnis. Autem deleniti odit ut consequatur ipsa eos et.', 'https://image.jeuxvideo.com/medias/163335/1633353168-8875-jaquette-avant.gif'),
(438, 111, 'et ducimus modi sed', 'Nostrum veritatis quas est sed minus. Velit quisquam harum iusto natus ipsa. Voluptatem sint quam quis officia aut natus fugiat voluptatum. Quia vel hic nihil enim sed.', 'https://image.jeuxvideo.com/medias/159542/1595423317-2836-jaquette-avant.png'),
(439, 106, 'temporibus aut accusantium', 'Sapiente qui ullam a cum itaque ut. Possimus hic nisi vel. Sed consequatur cumque animi pariatur. Aut fuga et aut minima eum quae. Labore nihil culpa sapiente rem laudantium id cum minus. Facilis quis placeat nihil velit nam inventore minima. Nam esse dolorum sed voluptatibus eius libero magnam.', 'https://image.jeuxvideo.com/images/jaquettes/00027602/jaquette-league-of-legends-pc-cover-avant-g.jpg'),
(440, 103, 'quia', 'Distinctio sit ratione quia esse molestiae harum voluptatem alias. Molestiae minus ut in error eos ipsum. Harum voluptatem vitae suscipit nisi. Quisquam possimus consequuntur qui voluptas. A unde porro nam sit magnam consequatur. Sit soluta iusto tempora sequi vel quia in.', 'https://image.jeuxvideo.com/medias/163162/1631620218-5546-jaquette-avant.gif'),
(441, 107, 'voluptatibus ut', 'Qui voluptas ut alias debitis dignissimos eum. Nulla corrupti exercitationem quasi omnis est. Rerum numquam tenetur illo et eos nostrum iste. Est qui sunt et sapiente perferendis molestiae. Est unde ea autem accusantium non. In sunt distinctio necessitatibus et.', 'https://image.jeuxvideo.com/medias/163664/1636636223-8849-jaquette-avant.jpg'),
(442, 112, 'aperiam enim aliquid laudantium', 'Sint odio nesciunt ex maiores modi. Quibusdam dolores commodi voluptatem non quia. Iure aliquam quo delectus sapiente incidunt eius. Distinctio maxime recusandae et temporibus cupiditate deserunt qui exercitationem. Numquam consequatur est est corporis. Odio est sit ut alias doloremque harum.', 'https://global-img.gamergen.com/red-dead-redemption-2-pc-mediamarkt_0900909672.jpg'),
(443, 107, 'consequatur delectus provident nihil', 'Dolore eius accusamus et id eveniet culpa qui. Consequuntur voluptatibus mollitia unde reprehenderit tempora voluptate. Voluptatem dolor consequatur unde facilis dignissimos. Omnis id numquam reprehenderit consequatur illo qui.', 'https://image.jeuxvideo.com/medias/163162/1631620218-5546-jaquette-avant.gif'),
(444, 120, 'culpa pariatur porro unde', 'Saepe et harum distinctio iure voluptas accusamus voluptatem. Sapiente deleniti pariatur harum quasi sapiente possimus consequuntur unde. Saepe fugit id delectus dolor deleniti soluta. Aut tenetur aspernatur inventore distinctio rerum quia.', 'https://image.jeuxvideo.com/medias/149432/1494322310-8900-jaquette-avant.jpg'),
(445, 112, 'eligendi esse', 'Modi a dolores fugiat autem eveniet nihil. Officia esse voluptas velit esse repellendus velit sint. Eaque corrupti accusantium est quas nobis illo velit praesentium. Et blanditiis sed dolores.', 'https://image.jeuxvideo.com/medias-sm/163396/1633959248-729-jaquette-avant.gif'),
(446, 110, 'facere eaque quaerat ea', 'Qui molestiae voluptates non voluptatum unde facere sed. Ipsum impedit expedita explicabo omnis. Et perferendis vel quia aperiam asperiores nihil est. Facilis fugiat voluptatem provident eveniet. Molestiae voluptas officiis atque libero aut est et. Necessitatibus sint a quo.', 'https://image.jeuxvideo.com/medias/152899/1528990462-7760-jaquette-avant.jpg'),
(447, 120, 'labore aut illo non', 'Enim est libero et voluptatem quos. Nulla quia itaque quidem vero ab ut enim hic. Qui a aliquam reiciendis. Nesciunt doloribus soluta molestias quis dolorem est.', 'https://image.jeuxvideo.com/medias/163129/1631285061-4363-jaquette-avant.jpg'),
(448, 114, 'vel', 'Fugit dignissimos fugiat illo laboriosam voluptatem quae error corrupti. Sed nemo ut officiis laborum non. Sit vel ut sint laborum. Corporis vero ipsam et accusantium ab illum incidunt.', 'https://image.jeuxvideo.com/images/jaquettes/00048634/jaquette-les-sims-4-pc-cover-avant-g-1409904702.jpg'),
(449, 105, 'aliquam accusamus', 'Qui suscipit ea cum eum dolores. Voluptas sit ipsum perferendis quae dolor magnam. Quis et ipsa sit omnis dignissimos facilis. Velit nemo et quae voluptatum et perferendis. Nisi qui temporibus consectetur sit ut doloribus unde. Laboriosam dolorem eos fugit assumenda rerum quasi.', 'https://image.jeuxvideo.com/medias/161277/1612766574-6606-jaquette-avant.png'),
(450, 108, 'rerum nesciunt accusamus', 'Quasi consequuntur dolor facere exercitationem ut id velit. Earum quibusdam voluptas in natus quas consequatur ut. Eum accusamus sint et est. Porro magni a nostrum ea dolorem non et.', 'https://image.jeuxvideo.com/medias-sm/163396/1633959248-729-jaquette-avant.gif'),
(451, 120, 'nemo corrupti velit fuga', 'In sapiente velit facere soluta in delectus blanditiis. Totam ex praesentium odio nam ut incidunt reprehenderit quae. Voluptatem est rem commodi ut quod saepe et esse.', 'https://image.jeuxvideo.com/medias/163664/1636636223-8849-jaquette-avant.jpg'),
(452, 110, 'rerum veniam', 'Fuga rerum sunt quasi fuga. Cum nihil odit iusto quis qui. Nostrum ratione corrupti voluptas dolorem. Laudantium tempora unde ratione aut eos. Rerum quia unde eum voluptates sit commodi. Ipsam non aliquam est ratione quidem neque.', 'https://image.jeuxvideo.com/medias/163129/1631285061-4363-jaquette-avant.jpg'),
(453, 117, 'vitae veniam', 'Aliquid quo aut delectus aperiam facere vel rerum. Est distinctio id et qui sit. Pariatur aperiam quaerat sit vero possimus. Dolores dolore tempora et aperiam. Itaque et aut omnis minima. Aperiam ex ut et quis libero sapiente quis. Eos nostrum ut modi aperiam sint facilis quisquam.', 'https://letempscompere.fr/wp-content/uploads/2021/08/KyBRbcz5wCqPrdr7QFfUniEg-2048x1536.webp'),
(454, 115, 'repellendus et commodi id', 'Corrupti ut perferendis qui. Debitis nisi quis qui voluptatum eos voluptas. Facilis soluta reiciendis excepturi voluptatem sed facere qui est. Incidunt ipsa numquam similique facere. Repellat sint dolor sint nobis id et. Eum libero qui repellendus vero saepe.', 'https://image.jeuxvideo.com/medias/163161/1631607413-3853-jaquette-avant.jpg'),
(455, 112, 'dolorem ipsa', 'Sed adipisci est omnis nihil. Debitis aut magnam hic corrupti harum veniam quidem est. Commodi dolor et esse nesciunt veniam excepturi nihil. Accusantium occaecati facere molestias dolore exercitationem dolorem.', 'https://image.jeuxvideo.com/medias/163299/1632989749-6428-jaquette-avant.gif'),
(456, 112, 'et est perferendis quibusdam', 'Sunt quas molestias tenetur voluptatem. Atque omnis assumenda distinctio eum aperiam molestiae quisquam. Dolorum adipisci voluptatem veniam sed asperiores blanditiis. Enim totam corrupti ea consequuntur quo sed quos quasi.', 'https://image.jeuxvideo.com/medias/163353/1633528483-9809-jaquette-avant.jpg'),
(457, 109, 'recusandae sapiente qui voluptas', 'Facilis ex repellendus odit quibusdam quas ducimus. Fuga est ipsa porro. Adipisci ipsam hic minus inventore atque quibusdam officiis. Enim dolore consectetur enim esse delectus. Dolores amet ducimus sapiente esse.', 'https://image.jeuxvideo.com/medias/163664/1636636223-8849-jaquette-avant.jpg'),
(458, 108, 'atque ut', 'Delectus nam praesentium iure aliquam est. Ipsum deleniti labore tempora voluptatibus voluptatem tempore laborum quae. Sit placeat tempora delectus eum ab suscipit. Dicta eos incidunt dolores cumque.', 'https://image.jeuxvideo.com/images/jaquettes/00048634/jaquette-les-sims-4-pc-cover-avant-g-1409904702.jpg'),
(459, 105, 'repellendus', 'Omnis provident voluptatem quos nam in. Sunt voluptates cum cumque ex. Eos ratione neque voluptas soluta est.', 'https://image.jeuxvideo.com/images/jaquettes/00048634/jaquette-les-sims-4-pc-cover-avant-g-1409904702.jpg'),
(460, 113, 'molestias', 'Suscipit in consequatur ut nobis dolorem. Labore quia commodi quis molestiae et soluta consequatur. Molestiae porro ipsam excepturi doloremque.', 'https://image.jeuxvideo.com/medias/163353/1633528483-9809-jaquette-avant.jpg'),
(461, 115, 'aperiam fugiat', 'Occaecati illum voluptas natus voluptas. Voluptas ea debitis at omnis. Quia sint aut nostrum ut sunt eum quia vitae. Qui error impedit rem possimus ipsam consequatur iste odio.', 'https://image.jeuxvideo.com/medias/163353/1633528483-9809-jaquette-avant.jpg'),
(462, 105, 'molestiae', 'Et nemo quisquam laborum exercitationem iure molestias similique. Rerum qui est ut dolores rem non sit. Hic nihil quibusdam a. Voluptas sunt quaerat consectetur quaerat provident.', 'https://image.jeuxvideo.com/medias/163187/1631865000-7055-jaquette-avant.jpg'),
(463, 105, 'qui illum dolorem', 'Et qui repudiandae officia quia ut tempore eum. Consequuntur sint voluptate libero quos in. Omnis omnis mollitia at adipisci deserunt inventore. Tempore ipsa odio voluptatem animi. Totam est odit autem quas. Impedit dicta beatae rerum ut.', 'https://image.jeuxvideo.com/images/jaquettes/00027602/jaquette-league-of-legends-pc-cover-avant-g.jpg'),
(464, 105, 'ad cumque dolorem maiores', 'Nisi iure et qui eos sunt eius est non. Deleniti unde pariatur voluptatem debitis officiis ducimus. Ut molestiae voluptas qui provident sit commodi.', 'https://image.jeuxvideo.com/medias/149432/1494322310-8900-jaquette-avant.jpg'),
(465, 102, 'neque tempore quos', 'Cumque et doloremque non possimus. Eveniet hic illo ut. Quod illum quos enim placeat. Illo perspiciatis quia eius molestiae veniam et. Cumque qui et labore iure reiciendis optio sapiente doloremque. Impedit voluptatibus sunt eius aliquid.', 'https://image.jeuxvideo.com/images/jaquettes/00027602/jaquette-league-of-legends-pc-cover-avant-g.jpg'),
(466, 119, 'architecto et autem modi', 'Mollitia sed et commodi veritatis dolorem. Ut at illo ea consequatur alias. Corrupti veritatis quas vel et.', 'https://image.jeuxvideo.com/medias/163154/1631541998-5162-jaquette-avant.jpg'),
(467, 118, 'omnis nesciunt accusamus ex', 'Explicabo consequatur tenetur blanditiis consequatur temporibus fugit. Fuga quae nesciunt et atque vel. Necessitatibus alias asperiores rerum exercitationem. Et amet magni fugiat rerum at expedita neque. Natus facere quasi est cupiditate laboriosam ad.', 'https://image.jeuxvideo.com/images/jaquettes/00048634/jaquette-les-sims-4-pc-cover-avant-g-1409904702.jpg'),
(468, 102, 'expedita aperiam fugiat et', 'Voluptatem alias neque minus fugit assumenda facere. Quibusdam sequi exercitationem dolores. Sed ab rem non vel saepe aspernatur non. Omnis deleniti est aut. Excepturi nulla adipisci consequatur in ab adipisci. Ut iure qui corporis quia. Consequatur qui recusandae cupiditate autem vitae iste.', 'https://image.jeuxvideo.com/medias/163162/1631620218-5546-jaquette-avant.gif'),
(469, 112, 'ut qui perspiciatis nihil', 'Quo repellendus incidunt quia suscipit laborum. Et commodi officiis repellendus accusamus eos qui. Mollitia ut reiciendis occaecati laborum et corporis.', 'https://image.jeuxvideo.com/medias/149432/1494322310-8900-jaquette-avant.jpg'),
(470, 115, 'consequatur aut iusto non', 'Quis saepe sit distinctio ea iusto vel non. Explicabo numquam qui ea numquam. Aperiam et quos quia nulla ut atque. Quo facere ex quibusdam distinctio nemo possimus similique.', 'https://image.jeuxvideo.com/images/jaquettes/00027602/jaquette-league-of-legends-pc-cover-avant-g.jpg'),
(471, 120, 'quod eum ratione ducimus', 'Dolore facere adipisci est est natus. Voluptates quia quo veritatis asperiores cumque magni provident. Incidunt eum incidunt rerum laboriosam molestias. Quo aliquam aut quas illo porro et sit. In explicabo quo sed sed modi ut quisquam.', 'https://image.jeuxvideo.com/images/jaquettes/00048634/jaquette-les-sims-4-pc-cover-avant-g-1409904702.jpg'),
(472, 102, 'impedit qui', 'Veritatis minus ex vitae magnam repellendus id temporibus. Consequatur repellendus architecto assumenda eaque. Dolor qui aut non. Fuga ipsam sit aperiam. Magni numquam asperiores illum commodi sit quibusdam aut. Ut vel voluptatem dolor ipsa. Ut quaerat tenetur saepe sunt odit eius.', 'https://image.jeuxvideo.com/medias/161616/1616164719-8684-jaquette-avant.jpg'),
(473, 109, 'aut molestiae quibusdam est', 'Repellendus ipsum accusamus molestiae assumenda. Tenetur dolores corrupti molestiae facilis velit. Ut perspiciatis et commodi alias. Dolore dignissimos atque blanditiis nesciunt sapiente ducimus est.', 'https://image.jeuxvideo.com/medias/163214/1632142889-7692-jaquette-avant.jpg'),
(474, 110, 'suscipit doloribus', 'Quis qui laboriosam et delectus et amet amet. Consequatur quia et et quo. Recusandae autem et officia est sequi quaerat eligendi. Quod quis explicabo praesentium quia.', 'https://image.jeuxvideo.com/medias/163299/1632989599-6459-jaquette-avant.gif'),
(475, 120, 'et quaerat voluptates earum', 'Omnis optio distinctio omnis saepe molestiae. Cum doloremque fuga ea ipsum. Facere reiciendis minus vero tempore aliquid omnis quia.', 'https://image.jeuxvideo.com/medias/149432/1494322310-8900-jaquette-avant.jpg'),
(476, 103, 'quisquam', 'Sunt assumenda qui quis fugiat aperiam amet temporibus sit. Omnis molestiae alias et cumque. Aut dignissimos animi dolorem quisquam expedita deserunt ipsam omnis. Nam velit rerum et. Unde et dolorem quis non. Rem veniam perferendis voluptatem molestias nobis et.', 'https://image.jeuxvideo.com/medias/159542/1595423317-2836-jaquette-avant.png'),
(477, 114, 'officia', 'Qui et cumque veritatis provident repellat. Dolorem ut iusto doloremque cumque ea repellendus numquam voluptatem. Alias recusandae quam repudiandae quod cupiditate.', 'https://image.jeuxvideo.com/medias/149432/1494322310-8900-jaquette-avant.jpg'),
(478, 119, 'id ad', 'Quo dolorem veritatis sit et. Rem eius eos labore ut voluptate corporis. Autem iusto voluptas assumenda dolor. Ut rerum ducimus maiores et molestiae est ipsa.', 'https://image.jeuxvideo.com/medias/152899/1528990462-7760-jaquette-avant.jpg'),
(479, 103, 'quo', 'Omnis fugit nisi iste quos blanditiis dolores et. Neque est eaque aut consectetur voluptate eos. Eos quas qui sunt voluptates possimus. Ratione quaerat similique porro voluptas reprehenderit consequatur omnis.', 'https://image.jeuxvideo.com/medias/151689/1516893501-9622-jaquette-avant.jpg'),
(480, 112, 'optio enim quo consequatur', 'Est vero aut et placeat natus quia. Voluptatibus ut molestiae suscipit corporis. Qui voluptatem voluptatem deleniti voluptatem expedita et perferendis. In dolorem et vero fugiat aut necessitatibus saepe. Ut tempora beatae eos dolor. Dolorem consequuntur unde officia qui quam ex.', 'https://image.jeuxvideo.com/medias/148285/1482854953-4348-jaquette-avant.jpg'),
(481, 104, 'sit', 'Neque enim ipsa explicabo dolorem porro. Tempore numquam et est rem eum. Aspernatur similique quia nam rerum deserunt nesciunt alias corporis. Accusantium quis adipisci aperiam iusto omnis accusantium consequatur.', 'https://global-img.gamergen.com/red-dead-redemption-2-pc-mediamarkt_0900909672.jpg'),
(482, 113, 'est', 'Quasi veniam praesentium earum laboriosam. Labore amet aut illum aliquam. Nihil neque illo numquam hic enim odit. Et laudantium nemo earum ratione harum.', 'https://image.jeuxvideo.com/medias/150166/1501664378-9988-jaquette-avant.jpg'),
(483, 105, 'iste', 'Sint voluptatem asperiores ab id quo eum qui. Optio reprehenderit velit delectus. Sed consequatur qui impedit et nihil. Necessitatibus maxime molestiae omnis voluptatem enim.', 'https://image.jeuxvideo.com/medias/151689/1516893501-9622-jaquette-avant.jpg'),
(484, 102, 'tenetur', 'Iste ab reprehenderit quia ea sit rerum est. Officia vel temporibus aut rerum quia et. Velit id occaecati qui ipsa pariatur. Nisi unde molestias ducimus assumenda.', 'https://image.jeuxvideo.com/medias/163881/1638806697-8764-jaquette-avant.gif'),
(485, 110, 'tenetur error', 'Voluptas laboriosam ut eveniet eos ratione delectus unde. Id sit velit incidunt omnis aut velit at. Voluptas et occaecati provident aperiam perspiciatis et minus. Dolorum omnis temporibus iusto veniam recusandae. Et itaque aut porro dolores nihil vel.', 'https://image.jeuxvideo.com/medias/152899/1528990462-7760-jaquette-avant.jpg'),
(486, 118, 'error similique consequatur', 'Consequatur odio et deleniti molestias. Est placeat quidem laboriosam adipisci ut. Nobis a ducimus inventore quo dolor saepe. Provident distinctio est enim doloribus magni. Nihil nihil qui ullam cum recusandae perferendis. Deleniti cumque quia inventore voluptatem vero incidunt velit.', 'https://letempscompere.fr/wp-content/uploads/2021/08/KyBRbcz5wCqPrdr7QFfUniEg-2048x1536.webp'),
(487, 118, 'quis nam', 'Neque enim et aut eos. Nesciunt unde adipisci distinctio deleniti fugiat. Mollitia voluptate optio numquam qui officiis aut. Aut aliquam atque odit ex laudantium quo. Ratione officia ipsum dolor. Est at non qui omnis. Ad et temporibus est et.', 'https://image.jeuxvideo.com/medias/163299/1632989599-6459-jaquette-avant.gif'),
(488, 104, 'odit ut eos possimus', 'Enim et provident necessitatibus sed nam. Eligendi laudantium quisquam mollitia blanditiis modi ex esse rerum. Qui magni iure distinctio.', 'https://image.jeuxvideo.com/medias/142247/1422469608-7141-jaquette-avant.jpg'),
(489, 104, 'sed dolores', 'Saepe excepturi id libero exercitationem corporis. Voluptatem vel quis veritatis ut. Qui quidem qui ea non.', 'https://image.jeuxvideo.com/medias/163299/1632989749-6428-jaquette-avant.gif'),
(490, 106, 'vitae iste saepe', 'Aut ex doloribus est impedit est est molestiae. Inventore ducimus unde numquam sunt. Qui sed aliquam error sit ipsum corrupti cupiditate.', 'https://image.jeuxvideo.com/medias/152899/1528990462-7760-jaquette-avant.jpg'),
(491, 115, 'non corrupti', 'Commodi culpa quo et illo. Commodi aut eum fugiat. Eligendi similique et quas et. Culpa totam rerum voluptatem libero consequatur. Magni ullam nihil ut at sunt ut dolores dolorem. Animi autem sed impedit rerum dolor. Eos doloremque architecto vel dolores et.', 'https://image.jeuxvideo.com/medias/163342/1633418743-1593-jaquette-avant.gif'),
(492, 115, 'rerum', 'Aut temporibus quaerat animi aut laudantium. Et molestiae animi quasi. Et illo omnis voluptates delectus. Est aut atque natus delectus quae. Nisi assumenda minima cum. Repellat saepe atque quaerat maxime in.', 'https://image.jeuxvideo.com/medias/149432/1494322310-8900-jaquette-avant.jpg'),
(493, 118, 'et', 'Quae veritatis maxime velit nulla aut tempora. Culpa esse pariatur quidem asperiores minus rem. Nihil voluptatem quo quia minima tempore totam nobis. Sed autem doloribus esse assumenda veritatis.', 'https://image.jeuxvideo.com/medias/163154/1631541998-5162-jaquette-avant.jpg'),
(494, 102, 'sed', 'Atque asperiores reiciendis aperiam dolores. Similique modi non eos. Veritatis aut porro ut dolores sit qui nesciunt et. Quia libero eum iste facilis. Sed magnam culpa rerum dolores cupiditate nobis.', 'https://global-img.gamergen.com/red-dead-redemption-2-pc-mediamarkt_0900909672.jpg'),
(495, 105, 'alias quaerat fugit minima', 'Aperiam et reprehenderit quia blanditiis. Id provident rem placeat ex odio consequatur culpa rerum. Praesentium eligendi voluptatem et ipsam odit saepe.', 'https://image.jeuxvideo.com/medias/163187/1631865000-7055-jaquette-avant.jpg'),
(496, 114, 'nisi quo et est', 'Dolores et debitis et qui. Facilis voluptatibus neque est aliquid sunt et qui. Quia voluptas est vero est eum non. Dolorem eos sequi iste dolore quis non cupiditate.', 'https://image.jeuxvideo.com/medias/163881/1638806697-8764-jaquette-avant.gif'),
(497, 106, 'esse explicabo sint harum', 'Provident praesentium dolore possimus et. Nulla ex alias optio eaque ipsam provident rerum id. Maxime repellendus qui vel. Quia et incidunt ratione occaecati illum. Quis accusamus aperiam rerum quam voluptas. Eum quo numquam officiis fuga eius aut. Dolorum dicta est laudantium maxime.', 'https://image.jeuxvideo.com/medias/163187/1631865000-7055-jaquette-avant.jpg'),
(498, 103, 'consequatur non aliquam assumenda', 'Doloremque id dolor voluptas possimus est dolores. Id eligendi voluptatibus similique ea aut. Omnis itaque enim quas aut. Voluptate est est officiis reprehenderit adipisci. Qui sint recusandae ipsum consequatur eum. Fugiat doloremque dolores voluptas qui autem. Hic impedit nisi sed.', 'https://global-img.gamergen.com/red-dead-redemption-2-pc-mediamarkt_0900909672.jpg'),
(499, 108, 'adipisci est dignissimos hic', 'Sapiente possimus quia aspernatur rerum porro quis expedita. Dolores consequatur eligendi tenetur nihil culpa. Culpa aspernatur necessitatibus minus doloremque.', 'https://image.jeuxvideo.com/medias/158826/1588264397-5261-jaquette-avant.jpg'),
(500, 109, 'nam architecto', 'Odio placeat quidem vel tempora consectetur facilis eligendi. Quod est aliquid odit aliquam. Tempore quo veritatis officia qui id quasi quibusdam commodi. Velit vel recusandae ut ad aut ut qui. Magni nesciunt incidunt sequi voluptatibus tenetur recusandae. Et dolorum iusto sed dolores ad non.', 'https://image.jeuxvideo.com/medias/161616/1616164719-8684-jaquette-avant.jpg');

-- --------------------------------------------------------

--
-- Structure de la table `video_game_category`
--

CREATE TABLE `video_game_category` (
  `id` int(11) NOT NULL,
  `name` varchar(50) COLLATE utf8mb4_unicode_ci NOT NULL
) ENGINE=InnoDB DEFAULT CHARSET=utf8mb4 COLLATE=utf8mb4_unicode_ci;

--
-- Déchargement des données de la table `video_game_category`
--

INSERT INTO `video_game_category` (`id`, `name`) VALUES
(101, 'FPS / TPS'),
(102, 'Combat'),
(103, 'RTS'),
(104, 'Simulation'),
(105, 'Plateforme'),
(106, 'RPG'),
(107, 'MMORPG'),
(108, 'Sandbox'),
(109, 'MOBA'),
(110, 'Battle Royals'),
(111, 'Action / Aventure'),
(112, 'Beat Them All'),
(113, 'Puzzlers'),
(114, 'Réflexion'),
(115, 'Survival Horror'),
(116, 'Hack’n’slash'),
(117, 'Party Games'),
(118, 'Rythme'),
(119, 'Course'),
(120, 'Sports');

-- --------------------------------------------------------

--
-- Structure de la table `video_game_platform`
--

CREATE TABLE `video_game_platform` (
  `video_game_id` int(11) NOT NULL,
  `platform_id` int(11) NOT NULL
) ENGINE=InnoDB DEFAULT CHARSET=utf8mb4 COLLATE=utf8mb4_unicode_ci;

--
-- Déchargement des données de la table `video_game_platform`
--

INSERT INTO `video_game_platform` (`video_game_id`, `platform_id`) VALUES
(401, 47),
(401, 48),
(401, 49),
(401, 50),
(401, 51),
(402, 47),
(402, 48),
(402, 50),
(402, 51),
(403, 47),
(403, 48),
(403, 49),
(403, 50),
(403, 51),
(403, 52),
(403, 53),
(403, 54),
(404, 47),
(404, 48),
(404, 49),
(404, 50),
(404, 51),
(404, 52),
(405, 47),
(405, 48),
(405, 49),
(405, 50),
(405, 51),
(405, 52),
(405, 53),
(405, 54),
(406, 47),
(406, 48),
(406, 49),
(406, 50),
(406, 51),
(406, 52),
(407, 47),
(407, 48),
(407, 49),
(407, 50),
(407, 51),
(408, 47),
(408, 48),
(408, 49),
(408, 50),
(408, 51),
(408, 52),
(408, 53),
(408, 54),
(409, 47),
(409, 48),
(409, 49),
(409, 50),
(409, 51),
(410, 47),
(410, 48),
(410, 49),
(410, 50),
(410, 51),
(410, 52),
(411, 47),
(411, 48),
(411, 49),
(411, 50),
(411, 51),
(411, 52),
(411, 53),
(411, 54),
(412, 47),
(412, 48),
(412, 49),
(412, 50),
(412, 51),
(413, 47),
(413, 48),
(413, 49),
(413, 50),
(413, 51),
(413, 52),
(414, 47),
(414, 48),
(414, 49),
(414, 50),
(414, 51),
(415, 47),
(415, 48),
(415, 49),
(415, 50),
(415, 51),
(415, 52),
(415, 53),
(415, 54),
(416, 47),
(416, 48),
(416, 49),
(416, 50),
(416, 51),
(417, 47),
(417, 48),
(417, 49),
(417, 50),
(417, 51),
(417, 52),
(417, 53),
(417, 54),
(418, 47),
(418, 48),
(418, 50),
(418, 51),
(419, 47),
(420, 47),
(420, 48),
(420, 49),
(420, 50),
(420, 51),
(421, 47),
(421, 48),
(421, 49),
(421, 50),
(421, 51),
(421, 52),
(422, 47),
(422, 48),
(422, 49),
(422, 50),
(422, 51),
(423, 47),
(423, 48),
(423, 49),
(423, 50),
(423, 51),
(423, 52),
(423, 53),
(423, 54),
(424, 47),
(424, 48),
(424, 49),
(424, 50),
(424, 51),
(425, 47),
(425, 48),
(425, 50),
(425, 51),
(426, 47),
(426, 48),
(426, 49),
(426, 50),
(426, 51),
(426, 52),
(426, 53),
(426, 54),
(427, 47),
(427, 48),
(427, 49),
(427, 50),
(427, 51),
(428, 47),
(428, 48),
(428, 49),
(428, 50),
(428, 51),
(428, 52),
(428, 53),
(428, 54),
(429, 47),
(429, 48),
(429, 49),
(429, 50),
(429, 51),
(429, 52),
(429, 53),
(429, 54),
(430, 47),
(430, 48),
(430, 49),
(430, 50),
(430, 51),
(430, 52),
(430, 53),
(430, 54),
(431, 47),
(431, 48),
(431, 49),
(431, 50),
(431, 51),
(431, 52),
(431, 53),
(431, 54),
(432, 47),
(432, 48),
(432, 49),
(432, 50),
(432, 51),
(432, 52),
(432, 53),
(432, 54),
(433, 47),
(433, 48),
(433, 49),
(433, 50),
(433, 51),
(433, 52),
(433, 53),
(433, 54),
(434, 47),
(435, 47),
(435, 48),
(435, 49),
(435, 50),
(435, 51),
(435, 52),
(435, 53),
(435, 54),
(436, 47),
(436, 48),
(436, 49),
(436, 50),
(436, 51),
(436, 52),
(436, 53),
(436, 54),
(437, 47),
(437, 48),
(437, 49),
(437, 50),
(437, 51),
(437, 52),
(437, 53),
(437, 54),
(438, 47),
(438, 48),
(438, 49),
(438, 50),
(438, 51),
(439, 47),
(439, 48),
(439, 49),
(439, 50),
(439, 51),
(439, 52),
(439, 53),
(439, 54),
(440, 47),
(440, 48),
(440, 49),
(440, 50),
(440, 51),
(440, 52),
(440, 53),
(440, 54),
(441, 47),
(441, 48),
(441, 49),
(441, 50),
(441, 51),
(442, 47),
(442, 48),
(442, 49),
(442, 50),
(442, 51),
(442, 52),
(442, 53),
(442, 54),
(443, 47),
(444, 47),
(444, 48),
(444, 49),
(444, 50),
(444, 51),
(445, 47),
(445, 48),
(445, 49),
(445, 50),
(445, 51),
(445, 52),
(445, 53),
(445, 54),
(446, 47),
(446, 48),
(446, 49),
(446, 50),
(446, 51),
(446, 52),
(446, 53),
(446, 54),
(447, 47),
(447, 48),
(447, 49),
(447, 50),
(447, 51),
(448, 47),
(448, 48),
(448, 49),
(448, 50),
(448, 51),
(448, 52),
(448, 53),
(448, 54),
(449, 47),
(449, 48),
(449, 49),
(449, 50),
(449, 51),
(450, 47),
(450, 48),
(450, 49),
(450, 50),
(450, 51),
(451, 47),
(451, 48),
(451, 49),
(451, 50),
(451, 51),
(452, 47),
(452, 48),
(452, 49),
(452, 50),
(452, 51),
(452, 52),
(452, 53),
(452, 54),
(453, 47),
(454, 47),
(455, 47),
(455, 48),
(455, 49),
(455, 50),
(455, 51),
(455, 52),
(455, 53),
(455, 54),
(456, 47),
(456, 48),
(456, 49),
(456, 50),
(456, 51),
(457, 47),
(457, 48),
(457, 49),
(457, 50),
(457, 51),
(457, 52),
(457, 53),
(457, 54),
(458, 47),
(458, 48),
(458, 49),
(458, 50),
(458, 51),
(458, 52),
(458, 53),
(458, 54),
(459, 47),
(460, 47),
(461, 47),
(461, 48),
(461, 49),
(461, 50),
(461, 51),
(461, 52),
(461, 53),
(461, 54),
(462, 47),
(462, 48),
(462, 49),
(462, 50),
(462, 51),
(463, 47),
(463, 48),
(463, 49),
(463, 50),
(463, 51),
(464, 47),
(464, 48),
(464, 49),
(464, 50),
(464, 51),
(464, 52),
(464, 53),
(464, 54),
(465, 47),
(465, 48),
(465, 49),
(465, 50),
(465, 51),
(465, 52),
(465, 53),
(465, 54),
(466, 47),
(466, 48),
(466, 49),
(466, 50),
(466, 51),
(466, 52),
(466, 53),
(466, 54),
(467, 47),
(468, 47),
(468, 48),
(468, 49),
(468, 50),
(468, 51),
(469, 47),
(469, 48),
(469, 49),
(469, 50),
(469, 51),
(469, 52),
(469, 53),
(469, 54),
(470, 47),
(470, 48),
(470, 49),
(470, 50),
(470, 51),
(470, 52),
(471, 47),
(471, 48),
(471, 49),
(471, 50),
(471, 51),
(471, 52),
(471, 53),
(471, 54),
(472, 47),
(472, 48),
(472, 49),
(472, 50),
(472, 51),
(473, 47),
(473, 48),
(473, 49),
(473, 50),
(473, 51),
(474, 47),
(474, 48),
(474, 49),
(474, 50),
(474, 51),
(475, 47),
(475, 48),
(475, 50),
(475, 51),
(476, 47),
(476, 48),
(476, 49),
(476, 50),
(476, 51),
(477, 47),
(477, 48),
(477, 49),
(477, 50),
(477, 51),
(477, 52),
(477, 53),
(477, 54),
(478, 47),
(478, 48),
(478, 49),
(478, 50),
(478, 51),
(479, 47),
(479, 48),
(479, 50),
(479, 51),
(480, 47),
(480, 48),
(480, 50),
(480, 51),
(481, 47),
(481, 48),
(481, 49),
(481, 50),
(481, 51),
(482, 47),
(482, 48),
(482, 49),
(482, 50),
(482, 51),
(482, 52),
(483, 47),
(483, 48),
(483, 49),
(483, 50),
(483, 51),
(483, 52),
(483, 53),
(483, 54),
(484, 47),
(484, 48),
(484, 49),
(484, 50),
(484, 51),
(484, 52),
(484, 53),
(484, 54),
(485, 47),
(485, 48),
(485, 49),
(485, 50),
(485, 51),
(486, 47),
(486, 48),
(486, 49),
(486, 50),
(486, 51),
(486, 52),
(486, 53),
(486, 54),
(487, 47),
(487, 48),
(487, 49),
(487, 50),
(487, 51),
(487, 52),
(487, 53),
(487, 54),
(488, 47),
(488, 48),
(488, 49),
(488, 50),
(488, 51),
(489, 47),
(489, 48),
(489, 49),
(489, 50),
(489, 51),
(489, 52),
(490, 47),
(490, 48),
(490, 49),
(490, 50),
(490, 51),
(491, 47),
(491, 48),
(491, 49),
(491, 50),
(491, 51),
(491, 52),
(491, 53),
(491, 54),
(492, 47),
(492, 48),
(492, 49),
(492, 50),
(492, 51),
(493, 47),
(493, 48),
(493, 49),
(493, 50),
(493, 51),
(494, 47),
(494, 48),
(494, 49),
(494, 50),
(494, 51),
(495, 47),
(495, 48),
(495, 49),
(495, 50),
(495, 51),
(495, 52),
(495, 53),
(495, 54),
(496, 47),
(496, 48),
(496, 49),
(496, 50),
(496, 51),
(496, 52),
(496, 53),
(496, 54),
(497, 47),
(498, 47),
(499, 47),
(499, 48),
(499, 49),
(499, 50),
(499, 51),
(499, 52),
(500, 47),
(500, 48),
(500, 49),
(500, 50),
(500, 51);

--
-- Index pour les tables déchargées
--

--
-- Index pour la table `board_game`
--
ALTER TABLE `board_game`
  ADD PRIMARY KEY (`id`),
  ADD KEY `IDX_F9BD68AF12469DE2` (`category_id`);

--
-- Index pour la table `board_game_category`
--
ALTER TABLE `board_game_category`
  ADD PRIMARY KEY (`id`);

--
-- Index pour la table `booking`
--
ALTER TABLE `booking`
  ADD PRIMARY KEY (`id`),
  ADD KEY `IDX_E00CEDDE71F7E88B` (`event_id`),
  ADD KEY `IDX_E00CEDDEA76ED395` (`user_id`);

--
-- Index pour la table `comic`
--
ALTER TABLE `comic`
  ADD PRIMARY KEY (`id`),
  ADD KEY `IDX_5B7EA5AA12469DE2` (`category_id`);

--
-- Index pour la table `comic_category`
--
ALTER TABLE `comic_category`
  ADD PRIMARY KEY (`id`);

--
-- Index pour la table `doctrine_migration_versions`
--
ALTER TABLE `doctrine_migration_versions`
  ADD PRIMARY KEY (`version`);

--
-- Index pour la table `event`
--
ALTER TABLE `event`
  ADD PRIMARY KEY (`id`),
  ADD KEY `IDX_3BAE0AA712469DE2` (`category_id`),
  ADD KEY `IDX_3BAE0AA7DA6A219` (`place_id`),
  ADD KEY `IDX_3BAE0AA77E3C61F9` (`owner_id`),
  ADD KEY `IDX_3BAE0AA781C06096` (`activity_id`);

--
-- Index pour la table `event_activity`
--
ALTER TABLE `event_activity`
  ADD PRIMARY KEY (`id`);

--
-- Index pour la table `event_category`
--
ALTER TABLE `event_category`
  ADD PRIMARY KEY (`id`);

--
-- Index pour la table `manga`
--
ALTER TABLE `manga`
  ADD PRIMARY KEY (`id`),
  ADD KEY `IDX_765A9E0312469DE2` (`category_id`);

--
-- Index pour la table `manga_category`
--
ALTER TABLE `manga_category`
  ADD PRIMARY KEY (`id`);

--
-- Index pour la table `place`
--
ALTER TABLE `place`
  ADD PRIMARY KEY (`id`);

--
-- Index pour la table `platform`
--
ALTER TABLE `platform`
  ADD PRIMARY KEY (`id`);

--
-- Index pour la table `user`
--
ALTER TABLE `user`
  ADD PRIMARY KEY (`id`),
  ADD UNIQUE KEY `UNIQ_8D93D649E7927C74` (`email`),
  ADD KEY `IDX_8D93D649CCFA12B8` (`profile_id`),
  ADD KEY `IDX_8D93D6495FB14BA7` (`level_id`);

--
-- Index pour la table `user_board_game`
--
ALTER TABLE `user_board_game`
  ADD PRIMARY KEY (`user_id`,`board_game_id`),
  ADD KEY `IDX_5EDAAE43A76ED395` (`user_id`),
  ADD KEY `IDX_5EDAAE43AC91F10A` (`board_game_id`);

--
-- Index pour la table `user_comic`
--
ALTER TABLE `user_comic`
  ADD PRIMARY KEY (`user_id`,`comic_id`),
  ADD KEY `IDX_B9BC5EF2A76ED395` (`user_id`),
  ADD KEY `IDX_B9BC5EF2D663094A` (`comic_id`);

--
-- Index pour la table `user_level`
--
ALTER TABLE `user_level`
  ADD PRIMARY KEY (`id`);

--
-- Index pour la table `user_manga`
--
ALTER TABLE `user_manga`
  ADD PRIMARY KEY (`user_id`,`manga_id`),
  ADD KEY `IDX_9498655BA76ED395` (`user_id`),
  ADD KEY `IDX_9498655B7B6461` (`manga_id`);

--
-- Index pour la table `user_profile`
--
ALTER TABLE `user_profile`
  ADD PRIMARY KEY (`id`);

--
-- Index pour la table `user_video_game`
--
ALTER TABLE `user_video_game`
  ADD PRIMARY KEY (`user_id`,`video_game_id`),
  ADD KEY `IDX_83DBAABCA76ED395` (`user_id`),
  ADD KEY `IDX_83DBAABC16230A8` (`video_game_id`);

--
-- Index pour la table `video_game`
--
ALTER TABLE `video_game`
  ADD PRIMARY KEY (`id`),
  ADD KEY `IDX_24BC6C5012469DE2` (`category_id`);

--
-- Index pour la table `video_game_category`
--
ALTER TABLE `video_game_category`
  ADD PRIMARY KEY (`id`);

--
-- Index pour la table `video_game_platform`
--
ALTER TABLE `video_game_platform`
  ADD PRIMARY KEY (`video_game_id`,`platform_id`),
  ADD KEY `IDX_996C03DD16230A8` (`video_game_id`),
  ADD KEY `IDX_996C03DDFFE6496F` (`platform_id`);

--
-- AUTO_INCREMENT pour les tables déchargées
--

--
-- AUTO_INCREMENT pour la table `board_game`
--
ALTER TABLE `board_game`
  MODIFY `id` int(11) NOT NULL AUTO_INCREMENT, AUTO_INCREMENT=501;

--
-- AUTO_INCREMENT pour la table `board_game_category`
--
ALTER TABLE `board_game_category`
  MODIFY `id` int(11) NOT NULL AUTO_INCREMENT, AUTO_INCREMENT=103;

--
-- AUTO_INCREMENT pour la table `booking`
--
ALTER TABLE `booking`
  MODIFY `id` int(11) NOT NULL AUTO_INCREMENT, AUTO_INCREMENT=151;

--
-- AUTO_INCREMENT pour la table `comic`
--
ALTER TABLE `comic`
  MODIFY `id` int(11) NOT NULL AUTO_INCREMENT, AUTO_INCREMENT=501;

--
-- AUTO_INCREMENT pour la table `comic_category`
--
ALTER TABLE `comic_category`
  MODIFY `id` int(11) NOT NULL AUTO_INCREMENT, AUTO_INCREMENT=109;

--
-- AUTO_INCREMENT pour la table `event`
--
ALTER TABLE `event`
  MODIFY `id` int(11) NOT NULL AUTO_INCREMENT, AUTO_INCREMENT=301;

--
-- AUTO_INCREMENT pour la table `event_activity`
--
ALTER TABLE `event_activity`
  MODIFY `id` int(11) NOT NULL AUTO_INCREMENT, AUTO_INCREMENT=26;

--
-- AUTO_INCREMENT pour la table `event_category`
--
ALTER TABLE `event_category`
  MODIFY `id` int(11) NOT NULL AUTO_INCREMENT, AUTO_INCREMENT=36;

--
-- AUTO_INCREMENT pour la table `manga`
--
ALTER TABLE `manga`
  MODIFY `id` int(11) NOT NULL AUTO_INCREMENT, AUTO_INCREMENT=501;

--
-- AUTO_INCREMENT pour la table `manga_category`
--
ALTER TABLE `manga_category`
  MODIFY `id` int(11) NOT NULL AUTO_INCREMENT, AUTO_INCREMENT=31;

--
-- AUTO_INCREMENT pour la table `place`
--
ALTER TABLE `place`
  MODIFY `id` int(11) NOT NULL AUTO_INCREMENT, AUTO_INCREMENT=501;

--
-- AUTO_INCREMENT pour la table `platform`
--
ALTER TABLE `platform`
  MODIFY `id` int(11) NOT NULL AUTO_INCREMENT, AUTO_INCREMENT=55;

--
-- AUTO_INCREMENT pour la table `user`
--
ALTER TABLE `user`
  MODIFY `id` int(11) NOT NULL AUTO_INCREMENT, AUTO_INCREMENT=1501;

--
-- AUTO_INCREMENT pour la table `user_level`
--
ALTER TABLE `user_level`
  MODIFY `id` int(11) NOT NULL AUTO_INCREMENT, AUTO_INCREMENT=26;

--
-- AUTO_INCREMENT pour la table `user_profile`
--
ALTER TABLE `user_profile`
  MODIFY `id` int(11) NOT NULL AUTO_INCREMENT, AUTO_INCREMENT=21;

--
-- AUTO_INCREMENT pour la table `video_game`
--
ALTER TABLE `video_game`
  MODIFY `id` int(11) NOT NULL AUTO_INCREMENT, AUTO_INCREMENT=501;

--
-- AUTO_INCREMENT pour la table `video_game_category`
--
ALTER TABLE `video_game_category`
  MODIFY `id` int(11) NOT NULL AUTO_INCREMENT, AUTO_INCREMENT=121;

--
-- Contraintes pour les tables déchargées
--

--
-- Contraintes pour la table `board_game`
--
ALTER TABLE `board_game`
  ADD CONSTRAINT `FK_F9BD68AF12469DE2` FOREIGN KEY (`category_id`) REFERENCES `board_game_category` (`id`);

--
-- Contraintes pour la table `booking`
--
ALTER TABLE `booking`
  ADD CONSTRAINT `FK_E00CEDDE71F7E88B` FOREIGN KEY (`event_id`) REFERENCES `event` (`id`),
  ADD CONSTRAINT `FK_E00CEDDEA76ED395` FOREIGN KEY (`user_id`) REFERENCES `user` (`id`);

--
-- Contraintes pour la table `comic`
--
ALTER TABLE `comic`
  ADD CONSTRAINT `FK_5B7EA5AA12469DE2` FOREIGN KEY (`category_id`) REFERENCES `comic_category` (`id`);

--
-- Contraintes pour la table `event`
--
ALTER TABLE `event`
  ADD CONSTRAINT `FK_3BAE0AA712469DE2` FOREIGN KEY (`category_id`) REFERENCES `event_category` (`id`),
  ADD CONSTRAINT `FK_3BAE0AA77E3C61F9` FOREIGN KEY (`owner_id`) REFERENCES `user` (`id`),
  ADD CONSTRAINT `FK_3BAE0AA781C06096` FOREIGN KEY (`activity_id`) REFERENCES `event_activity` (`id`),
  ADD CONSTRAINT `FK_3BAE0AA7DA6A219` FOREIGN KEY (`place_id`) REFERENCES `place` (`id`);

--
-- Contraintes pour la table `manga`
--
ALTER TABLE `manga`
  ADD CONSTRAINT `FK_765A9E0312469DE2` FOREIGN KEY (`category_id`) REFERENCES `manga_category` (`id`);

--
-- Contraintes pour la table `user`
--
ALTER TABLE `user`
  ADD CONSTRAINT `FK_8D93D6495FB14BA7` FOREIGN KEY (`level_id`) REFERENCES `user_level` (`id`),
  ADD CONSTRAINT `FK_8D93D649CCFA12B8` FOREIGN KEY (`profile_id`) REFERENCES `user_profile` (`id`);

--
-- Contraintes pour la table `user_board_game`
--
ALTER TABLE `user_board_game`
  ADD CONSTRAINT `FK_5EDAAE43A76ED395` FOREIGN KEY (`user_id`) REFERENCES `user` (`id`) ON DELETE CASCADE,
  ADD CONSTRAINT `FK_5EDAAE43AC91F10A` FOREIGN KEY (`board_game_id`) REFERENCES `board_game` (`id`) ON DELETE CASCADE;

--
-- Contraintes pour la table `user_comic`
--
ALTER TABLE `user_comic`
  ADD CONSTRAINT `FK_B9BC5EF2A76ED395` FOREIGN KEY (`user_id`) REFERENCES `user` (`id`) ON DELETE CASCADE,
  ADD CONSTRAINT `FK_B9BC5EF2D663094A` FOREIGN KEY (`comic_id`) REFERENCES `comic` (`id`) ON DELETE CASCADE;

--
-- Contraintes pour la table `user_manga`
--
ALTER TABLE `user_manga`
  ADD CONSTRAINT `FK_9498655B7B6461` FOREIGN KEY (`manga_id`) REFERENCES `manga` (`id`) ON DELETE CASCADE,
  ADD CONSTRAINT `FK_9498655BA76ED395` FOREIGN KEY (`user_id`) REFERENCES `user` (`id`) ON DELETE CASCADE;

--
-- Contraintes pour la table `user_video_game`
--
ALTER TABLE `user_video_game`
  ADD CONSTRAINT `FK_83DBAABC16230A8` FOREIGN KEY (`video_game_id`) REFERENCES `video_game` (`id`) ON DELETE CASCADE,
  ADD CONSTRAINT `FK_83DBAABCA76ED395` FOREIGN KEY (`user_id`) REFERENCES `user` (`id`) ON DELETE CASCADE;

--
-- Contraintes pour la table `video_game`
--
ALTER TABLE `video_game`
  ADD CONSTRAINT `FK_24BC6C5012469DE2` FOREIGN KEY (`category_id`) REFERENCES `video_game_category` (`id`);

--
-- Contraintes pour la table `video_game_platform`
--
ALTER TABLE `video_game_platform`
  ADD CONSTRAINT `FK_996C03DD16230A8` FOREIGN KEY (`video_game_id`) REFERENCES `video_game` (`id`) ON DELETE CASCADE,
  ADD CONSTRAINT `FK_996C03DDFFE6496F` FOREIGN KEY (`platform_id`) REFERENCES `platform` (`id`) ON DELETE CASCADE;
COMMIT;

/*!40101 SET CHARACTER_SET_CLIENT=@OLD_CHARACTER_SET_CLIENT */;
/*!40101 SET CHARACTER_SET_RESULTS=@OLD_CHARACTER_SET_RESULTS */;
/*!40101 SET COLLATION_CONNECTION=@OLD_COLLATION_CONNECTION */;
