-- phpMyAdmin SQL Dump
-- version 5.1.1
-- https://www.phpmyadmin.net/
--
-- Hôte : localhost:8889
-- Généré le : dim. 09 jan. 2022 à 22:17
-- Version du serveur : 5.7.34
-- Version de PHP : 8.0.8

SET SQL_MODE = "NO_AUTO_VALUE_ON_ZERO";
START TRANSACTION;
SET time_zone = "+00:00";


/*!40101 SET @OLD_CHARACTER_SET_CLIENT=@@CHARACTER_SET_CLIENT */;
/*!40101 SET @OLD_CHARACTER_SET_RESULTS=@@CHARACTER_SET_RESULTS */;
/*!40101 SET @OLD_COLLATION_CONNECTION=@@COLLATION_CONNECTION */;
/*!40101 SET NAMES utf8mb4 */;

--
-- Base de données : `wonderGeek`
--

-- --------------------------------------------------------

--
-- Structure de la table `board_game`
--

CREATE TABLE `board_game` (
  `id` int(11) NOT NULL,
  `category_id` int(11) NOT NULL,
  `name` varchar(50) COLLATE utf8mb4_unicode_ci NOT NULL,
  `description` longtext COLLATE utf8mb4_unicode_ci NOT NULL,
  `picture` varchar(255) COLLATE utf8mb4_unicode_ci NOT NULL
) ENGINE=InnoDB DEFAULT CHARSET=utf8mb4 COLLATE=utf8mb4_unicode_ci;

--
-- Déchargement des données de la table `board_game`
--

INSERT INTO `board_game` (`id`, `category_id`, `name`, `description`, `picture`) VALUES
(3101, 940, 'qui explicabo', 'Ipsum beatae explicabo aut facilis ratione. Voluptatem est quia possimus eaque distinctio ut est ipsum. Eum possimus consequatur sed. Distinctio fugit exercitationem quam voluptate.', 'https://cdn3.philibertnet.com/520955-thickbox_default/unlock-game-adventures.jpg'),
(3102, 946, 'voluptatem aliquam', 'Ut et qui eos debitis assumenda magnam. Omnis in aliquid sunt est. Voluptas iure voluptatum odio sint itaque dolor dolorem. Praesentium voluptatem molestias et inventore.', 'https://cdn2.philibertnet.com/456053-thickbox_default/skyjo.jpg'),
(3103, 943, 'et assumenda ipsa id', 'Et ut voluptatem unde magni est tempora. Repellat ipsum ut cupiditate dolores. Enim est et a at culpa. Exercitationem corrupti voluptate nemo nisi deleniti consequatur.', 'https://cdn3.philibertnet.com/520955-thickbox_default/unlock-game-adventures.jpg'),
(3104, 945, 'sit voluptates quia', 'Error consectetur ipsum cumque quia hic. Suscipit similique asperiores quia voluptatem. Sed quasi totam cumque aperiam. In dolor eius praesentium excepturi non deleniti odit qui. Ut qui nostrum quisquam optio et eum ullam quia. Aut consectetur in qui ut eum voluptatibus.', 'https://cdn1.philibertnet.com/343934-thickbox_default/7-wonders-duel.jpg'),
(3105, 944, 'beatae voluptatibus quo', 'Accusamus maiores beatae aut quisquam. Voluptas et delectus ut impedit consequatur. Molestias atque consequatur fugiat autem aut sapiente rerum maxime.', 'https://cdn3.philibertnet.com/515976-thickbox_default/world-of-warcraft-wrath-of-the-lich-king-a-pandemic-system-board-game.jpg'),
(3106, 949, 'ut', 'Eos aperiam cum nam enim. Neque officiis consequatur officiis fuga beatae autem minima. Id ab ut minus doloremque. Qui id harum mollitia quam rerum earum. Neque ut fugiat et at voluptatem. Amet sunt beatae magni exercitationem necessitatibus quia.', 'https://cdn2.philibertnet.com/524668-thickbox_default/les-aventures-de-robin-des-bois.jpg'),
(3107, 943, 'amet placeat qui', 'Alias quis ut saepe iure. Esse veritatis eveniet qui tenetur quas illum. Ut non id rerum vel dolorem unde. Voluptas cum est deleniti ea omnis dignissimos quisquam similique. Voluptatem ea enim nemo sed ipsam aut. Est at ut cupiditate tempore rem et. Fuga nostrum minus veritatis voluptates alias.', 'https://cdn3.philibertnet.com/515976-thickbox_default/world-of-warcraft-wrath-of-the-lich-king-a-pandemic-system-board-game.jpg'),
(3108, 952, 'minus', 'Itaque harum nam ipsum quibusdam consequatur laudantium cupiditate. Sequi nulla adipisci voluptas rerum beatae. Voluptatibus quos alias velit qui temporibus quia.', 'https://cdn1.philibertnet.com/494838-thickbox_default/marvel-champions-le-jeu-de-cartes-convoitise-galactique.jpg'),
(3109, 938, 'ea dicta', 'Consequatur dicta tenetur et quam neque temporibus. Distinctio magni vero aut quia. Ab dolorem et assumenda consequatur autem repellat in. Magni aut sint voluptas voluptas eum accusantium aliquam in.', 'https://cdn2.philibertnet.com/523790-thickbox_default/micromacro-crime-city.jpg'),
(3110, 949, 'quibusdam laudantium', 'Doloribus eaque voluptatem rerum animi esse dolorem beatae. Et saepe temporibus ipsum tenetur deserunt est officia. Quaerat dolorem illo mollitia vel. Blanditiis eos et dignissimos qui. Voluptas vel sunt neque quo quidem. Omnis explicabo praesentium ab est.', 'https://cdn3.philibertnet.com/515898-thickbox_default/7-wonders-architects.jpg'),
(3111, 944, 'facilis repudiandae fugiat', 'Architecto non dignissimos quos non quas. Aut sapiente reprehenderit ipsam aliquam sint sequi necessitatibus. Voluptas officia consequuntur quia iste at. Vitae debitis dolores laboriosam quia ipsam.', 'https://cdn1.philibertnet.com/494838-thickbox_default/marvel-champions-le-jeu-de-cartes-convoitise-galactique.jpg'),
(3112, 942, 'nemo ea', 'Aut sed vitae optio consectetur. Dolor dolorem maxime nesciunt itaque. Ut dolorem nobis omnis ut eligendi id dolorum. Placeat et debitis tempore nulla voluptas qui cumque est.', 'https://cdn3.philibertnet.com/516145-thickbox_default/nouvelles-contrees.jpg'),
(3113, 938, 'quos quibusdam', 'Repellendus esse soluta odio minima. Iste non officia earum architecto voluptas saepe harum suscipit. Quia optio unde rerum dolore. Est tempora quia perspiciatis velit quod.', 'https://cdn3.philibertnet.com/516145-thickbox_default/nouvelles-contrees.jpg'),
(3114, 952, 'laudantium ut aut', 'Est explicabo rerum porro aliquid. Non cum vero velit et eum provident. Ducimus et necessitatibus quisquam deleniti. Amet quo odio ut ut. Animi tenetur laborum minus voluptatem sequi sint quibusdam in. Doloribus fugiat vero ut ex sunt aperiam est.', 'https://cdn2.philibertnet.com/456053-thickbox_default/skyjo.jpg'),
(3115, 947, 'nihil accusamus rerum', 'Quam repudiandae quo nisi possimus fuga veritatis sequi. Esse quo quis perferendis officiis sequi. Reiciendis accusamus eos veniam ut aspernatur. Error repellat esse quaerat. Expedita dolorem odit dolorem nam quod quia. Quia atque sequi nesciunt ab facere.', 'https://cdn2.philibertnet.com/456053-thickbox_default/skyjo.jpg'),
(3116, 937, 'consequatur', 'Quisquam dolore quae neque ex est. Aut sunt illum facilis earum rem asperiores saepe. Dolore nesciunt officiis itaque cumque voluptas quos. Quam asperiores nobis ut fuga optio. Qui quis est enim qui vel. Ipsa id possimus placeat maxime repudiandae soluta id.', 'https://cdn1.philibertnet.com/375938-thickbox_default/monopoly-classique.jpg'),
(3117, 945, 'veritatis nesciunt', 'Nisi eaque qui ab. Ducimus soluta nostrum quasi blanditiis. Sed nihil aut qui et in in. Debitis voluptatem qui sed eos dicta. Sequi ut aliquam ut ipsa voluptatem quam. Officia doloribus odio dolor qui doloribus aperiam voluptatum. Aspernatur suscipit quos est omnis.', 'https://cdn3.philibertnet.com/515976-thickbox_default/world-of-warcraft-wrath-of-the-lich-king-a-pandemic-system-board-game.jpg'),
(3118, 938, 'accusamus', 'Odio neque et voluptatem nostrum reprehenderit. Eum corporis et enim eius eligendi et. Libero minima fugiat ea quibusdam deserunt corporis sit.', 'https://cdn1.philibertnet.com/343934-thickbox_default/7-wonders-duel.jpg'),
(3119, 944, 'qui', 'Cumque minima eligendi repellat dolores et omnis quia. Explicabo aut quis expedita nisi ut est assumenda. Vitae tenetur qui non sed.', 'https://cdn3.philibertnet.com/515976-thickbox_default/world-of-warcraft-wrath-of-the-lich-king-a-pandemic-system-board-game.jpg'),
(3120, 941, 'qui et', 'Officiis hic voluptates corporis vero odio voluptate dolor. Facilis similique maiores adipisci incidunt cumque. Quia voluptate provident odio magni molestias. Porro provident ipsam minima aspernatur atque incidunt optio atque.', 'https://cdn3.philibertnet.com/515976-thickbox_default/world-of-warcraft-wrath-of-the-lich-king-a-pandemic-system-board-game.jpg'),
(3121, 943, 'maiores', 'Cumque quos neque nostrum perspiciatis qui est sint dicta. Odio non tenetur et. Et ut consequatur eligendi laudantium placeat possimus. Deserunt animi et rerum nobis cumque. Sed velit qui dignissimos inventore delectus eum. Velit commodi maxime magnam iusto non aliquid.', 'https://cdn2.philibertnet.com/516904-thickbox_default/le-seigneur-des-anneaux-voyages-en-terre-du-milieu-guerre-ouverte.jpg'),
(3122, 942, 'hic est quaerat', 'Ut fugiat ut magni ipsam. Voluptatem molestiae perspiciatis tempora ut optio et natus voluptatem. Aut ut in voluptas neque blanditiis pariatur et. Voluptatem maiores explicabo rerum recusandae id est.', 'https://cdn3.philibertnet.com/515976-thickbox_default/world-of-warcraft-wrath-of-the-lich-king-a-pandemic-system-board-game.jpg'),
(3123, 938, 'nobis', 'Quia nostrum quam voluptatem placeat. Quia tempore et quo a iste consequatur animi ad. Voluptatem saepe ratione nesciunt eius perspiciatis. Quia rem ipsum hic recusandae ut provident. Quia itaque ut animi asperiores.', 'https://cdn2.philibertnet.com/522703-thickbox_default/terraforming-mars.jpg'),
(3124, 949, 'et consequuntur et praesentium', 'Delectus inventore rerum adipisci velit voluptatem id. Occaecati velit sit et sequi. Totam nostrum ut dolor vel. Est quia qui nihil qui. Officia exercitationem ad assumenda rerum explicabo. Fuga perspiciatis non explicabo doloribus. Quo est omnis sequi est dolor voluptas nam accusantium.', 'https://cdn2.philibertnet.com/305958-thickbox_default/uno.jpg'),
(3125, 949, 'quas velit', 'Magni rem expedita quasi corrupti expedita ipsam dolor. Dolor aut suscipit qui deserunt ducimus odit eligendi et. Officia sequi occaecati dolore nisi et aut porro sapiente. Cupiditate amet eos dolore expedita. Consequatur ad officia dolores dolor. Et enim quas dolorem consequuntur dolor optio.', 'https://cdn2.philibertnet.com/456053-thickbox_default/skyjo.jpg'),
(3126, 947, 'recusandae', 'Rem aperiam magni distinctio necessitatibus. Pariatur in explicabo maxime culpa. Rerum voluptatem omnis placeat. Vel qui nihil maxime illum et esse. Aut mollitia possimus dolorem praesentium voluptatem nisi inventore.', 'https://cdn3.philibertnet.com/525941-thickbox_default/harry-potter-bataille-a-poudlard-extension-sortileges-et-potions.jpg'),
(3127, 947, 'officia vero quaerat sunt', 'Velit beatae doloremque laudantium in accusantium aliquam est. Consequatur repudiandae ullam perferendis beatae. Veritatis doloribus aspernatur provident sit aut aperiam quo. Aut sed quis et. Ipsum quo consectetur minima at. Delectus molestias est doloribus qui qui. Dolorem doloribus non est qui.', 'https://cdn2.philibertnet.com/513139-thickbox_default/assassin-s-creed-valhalla-orlog-dice-game.jpg'),
(3128, 937, 'quod neque suscipit amet', 'Distinctio eum similique quia. Fuga vero dolor est aspernatur. Dolore qui voluptatibus beatae magnam rem quae labore laborum. Debitis dicta molestiae laborum sapiente aliquid. Fuga voluptatum eos aut quia facilis tenetur accusamus. Nihil rerum hic iste iusto.', 'https://cdn2.philibertnet.com/516904-thickbox_default/le-seigneur-des-anneaux-voyages-en-terre-du-milieu-guerre-ouverte.jpg'),
(3129, 951, 'provident possimus qui', 'Magnam ea excepturi consequuntur nihil sit repudiandae. Optio autem magnam quas tempora est qui. Consequatur perferendis eos sit. Maxime rerum eum aut at saepe aspernatur earum error.', 'https://cdn2.philibertnet.com/527633-thickbox_default/scrabble-deluxe.jpg'),
(3130, 943, 'sunt non', 'Et sit voluptas eos omnis facere quas itaque. Totam ut explicabo est necessitatibus labore blanditiis. Architecto tempore eaque corporis qui illo. Similique omnis fugiat perspiciatis laudantium quos minus. Qui earum labore ut minus. In voluptatem laborum ut nisi.', 'https://cdn3.philibertnet.com/515898-thickbox_default/7-wonders-architects.jpg'),
(3131, 948, 'consequatur asperiores et', 'Qui odio rem magni dolorem. Voluptas ut voluptatem tempore explicabo rem et. Iure quia laboriosam consequatur praesentium nesciunt qui dolores rerum. Voluptatem temporibus sunt non quia expedita. Ut sed eos et beatae rerum non. Temporibus ut earum nesciunt nemo ut recusandae.', 'https://cdn3.philibertnet.com/520955-thickbox_default/unlock-game-adventures.jpg'),
(3132, 940, 'quo illum', 'Quisquam ratione dolor amet dolore qui illo et amet. Voluptas ea laboriosam alias reprehenderit nisi quia ut. Nihil quae nobis et perferendis quia. Repellendus aliquid facilis hic accusantium velit.', 'https://cdn2.philibertnet.com/513139-thickbox_default/assassin-s-creed-valhalla-orlog-dice-game.jpg'),
(3133, 937, 'consequatur vitae', 'Id sapiente enim sit enim. Est voluptatem culpa molestias non. Non consequatur dolorem velit praesentium. Eaque consequatur vero consequatur doloribus ut id aut.', 'https://cdn3.philibertnet.com/515898-thickbox_default/7-wonders-architects.jpg'),
(3134, 946, 'sed omnis omnis', 'Sit autem nostrum molestiae accusamus veritatis quod. Aspernatur nihil dicta inventore deleniti fugit voluptatem. Voluptatibus vitae dolore voluptatem doloribus esse repellat.', 'https://cdn1.philibertnet.com/343934-thickbox_default/7-wonders-duel.jpg'),
(3135, 950, 'rerum', 'Aut sit rerum veniam cum autem. Neque voluptas et ad et quisquam. Molestiae voluptatem fugiat corrupti consequuntur qui voluptas in. Laborum quaerat exercitationem porro explicabo consequuntur voluptas ullam.', 'https://cdn2.philibertnet.com/522703-thickbox_default/terraforming-mars.jpg'),
(3136, 939, 'voluptatibus est deserunt et', 'Esse vero alias reprehenderit sed quis. Quisquam adipisci laudantium suscipit est architecto. Vero quibusdam rerum est ut sequi. A commodi molestias at aut est illum. Sit nihil autem nam qui temporibus. Ut eligendi quisquam sequi molestiae ut quia eaque. Et in temporibus ullam voluptas.', 'https://cdn1.philibertnet.com/375938-thickbox_default/monopoly-classique.jpg'),
(3137, 950, 'est ipsum', 'Optio eligendi cum maxime quia ut. Aut dignissimos iure animi delectus est ullam quia. Nisi enim harum laudantium et molestiae et. Mollitia quis enim et neque quia. Enim iure ab expedita incidunt.', 'https://cdn2.philibertnet.com/305958-thickbox_default/uno.jpg'),
(3138, 939, 'fuga neque', 'Alias amet aperiam ullam sit consequatur. Ipsum velit error est impedit. Minus vel deleniti aut consequuntur vero id expedita odio. Deserunt mollitia ut recusandae consequatur eum aspernatur quia.', 'https://cdn3.philibertnet.com/525941-thickbox_default/harry-potter-bataille-a-poudlard-extension-sortileges-et-potions.jpg'),
(3139, 948, 'occaecati porro pariatur', 'Necessitatibus voluptate molestias odio quae aliquam maiores. Quidem similique reiciendis atque voluptas. Quidem eos facilis et temporibus in corporis doloremque quisquam. Et numquam vel id quibusdam et magnam.', 'https://cdn2.philibertnet.com/513139-thickbox_default/assassin-s-creed-valhalla-orlog-dice-game.jpg'),
(3140, 938, 'unde perferendis sunt', 'Nobis vel voluptas ut ea. Rem quos et quis consectetur. Aspernatur eum nemo commodi aliquid repudiandae libero quia aliquam. In impedit et commodi rerum non nobis consequatur molestias. Ex est repudiandae ipsa unde omnis rerum. Qui sit ratione quia. Assumenda et quibusdam ut accusamus autem velit.', 'https://cdn2.philibertnet.com/522703-thickbox_default/terraforming-mars.jpg'),
(3141, 937, 'rerum ratione dolores ea', 'Nesciunt iste perferendis qui aut aspernatur ea optio. Cum ad molestiae autem qui dolor aspernatur et. Similique incidunt et sequi qui quia repellat. Nisi laudantium optio quod impedit.', 'https://cdn1.philibertnet.com/343934-thickbox_default/7-wonders-duel.jpg'),
(3142, 939, 'magnam', 'Ratione nisi at beatae blanditiis sint ut. Qui praesentium non dolore quibusdam. Quis consectetur corrupti quos sit velit nihil. Et veritatis dicta consequatur et itaque velit possimus excepturi.', 'https://cdn3.philibertnet.com/515898-thickbox_default/7-wonders-architects.jpg'),
(3143, 947, 'doloribus', 'Ut nihil corporis ut aliquam omnis et quas. Tempore aut quidem reprehenderit in unde. Velit doloremque reiciendis officia. Nobis tempora rem recusandae.', 'https://cdn2.philibertnet.com/523790-thickbox_default/micromacro-crime-city.jpg'),
(3144, 948, 'ut inventore sunt ut', 'Fugiat eaque dolorum saepe officia. Nihil error quas vel et sunt nulla. Molestiae laborum repellendus veniam iure repudiandae. Aliquam delectus aliquam voluptatem distinctio. Iusto qui totam at voluptas beatae illum.', 'https://cdn1.philibertnet.com/343934-thickbox_default/7-wonders-duel.jpg'),
(3145, 944, 'dolor qui ducimus ea', 'Ducimus placeat et cupiditate debitis. Reiciendis magnam a beatae blanditiis repudiandae animi quasi. Et et nobis fuga qui nemo consequuntur voluptas.', 'https://cdn3.philibertnet.com/503205-thickbox_default/magic-the-gathering-horizons-du-modern-2-bundle.jpg'),
(3146, 939, 'quis', 'Delectus ipsum distinctio cupiditate sed et blanditiis doloremque. Nostrum voluptas consequatur nihil odio quia eum. Dolores fugiat aperiam molestiae omnis quo.', 'https://cdn1.philibertnet.com/521033-thickbox_default/kingdomino-origins.jpg'),
(3147, 939, 'dolor rerum', 'Amet ut ea omnis asperiores voluptas et perferendis ex. Provident libero sequi nihil repellendus unde sint. Facere quam necessitatibus laudantium rerum rerum sit. Magni est est culpa quis similique nostrum et sapiente.', 'https://cdn1.philibertnet.com/343934-thickbox_default/7-wonders-duel.jpg'),
(3148, 938, 'odit dolorum', 'Ipsum qui ab eos praesentium. Iste unde et beatae consequatur porro aspernatur quis repudiandae. Adipisci quaerat voluptatem quasi consequuntur sed consequatur. Natus eum dolores laudantium sapiente asperiores consectetur similique.', 'https://cdn3.philibertnet.com/520955-thickbox_default/unlock-game-adventures.jpg'),
(3149, 946, 'possimus quam odit', 'Quisquam illo non unde vel. Similique non doloribus cum aut. Sunt sit minus odit voluptatem. Voluptatem eligendi non temporibus reprehenderit ab nihil.', 'https://cdn1.philibertnet.com/375938-thickbox_default/monopoly-classique.jpg'),
(3150, 941, 'delectus est in sapiente', 'Inventore non consequatur aut sequi corporis. Consequatur asperiores quibusdam eum explicabo voluptas. Quis voluptate itaque rerum possimus est facere dignissimos. Ut voluptatum unde est reiciendis.', 'https://cdn1.philibertnet.com/521033-thickbox_default/kingdomino-origins.jpg'),
(3151, 940, 'iusto', 'Laboriosam optio ut numquam non tempore blanditiis exercitationem. Modi aut eius commodi est qui earum accusamus laborum. Molestiae sunt fugit maiores voluptatem. Aut numquam soluta veniam neque perferendis voluptas.', 'https://cdn1.philibertnet.com/375938-thickbox_default/monopoly-classique.jpg'),
(3152, 937, 'ea error', 'Laboriosam nostrum quae veritatis non ratione ipsum ea. Dignissimos quasi enim perspiciatis. Eaque natus repudiandae sunt numquam omnis enim eos.', 'https://cdn3.philibertnet.com/503205-thickbox_default/magic-the-gathering-horizons-du-modern-2-bundle.jpg'),
(3153, 937, 'culpa', 'Ipsam aut nulla assumenda in perferendis accusantium consequatur similique. Eos laudantium laudantium consequatur fugiat provident laboriosam. Repellat quis omnis ut. Optio voluptas iure suscipit.', 'https://cdn3.philibertnet.com/520955-thickbox_default/unlock-game-adventures.jpg'),
(3154, 948, 'cum sed sit', 'Aut vitae dolorum quo illo magni. Quas earum sunt quia consequatur. Autem harum ut et ea. Consectetur doloribus quisquam hic a repudiandae rerum minus ut.', 'https://cdn3.philibertnet.com/353015-thickbox_default/codenames-vf.jpg'),
(3155, 947, 'et modi voluptas facere', 'Assumenda rerum sit perferendis quasi delectus. Debitis aut numquam aut eos consequatur. Rerum numquam cupiditate dolores debitis.', 'https://cdn1.philibertnet.com/521033-thickbox_default/kingdomino-origins.jpg'),
(3156, 944, 'soluta omnis soluta', 'Ut aut delectus aut quo aut. Voluptatibus sed a similique veritatis unde illo voluptatem. Voluptates voluptas a iure delectus quidem ipsa.', 'https://cdn3.philibertnet.com/515976-thickbox_default/world-of-warcraft-wrath-of-the-lich-king-a-pandemic-system-board-game.jpg'),
(3157, 941, 'architecto eos hic', 'Veritatis blanditiis qui atque alias mollitia asperiores. Et dolor saepe et at illum. Dicta voluptatibus sit deleniti eaque dignissimos. Nulla similique repellendus quo. Voluptatem quis velit ab debitis rerum aperiam totam consequatur. Molestiae corrupti quidem molestiae voluptates eaque.', 'https://cdn2.philibertnet.com/524668-thickbox_default/les-aventures-de-robin-des-bois.jpg'),
(3158, 950, 'suscipit quis', 'Magnam velit qui illum nam molestiae sint id. Voluptas velit ad et facere. Ut possimus repellendus eaque facilis fugit odio.', 'https://cdn3.philibertnet.com/520955-thickbox_default/unlock-game-adventures.jpg'),
(3159, 949, 'dolorem fugit at architecto', 'Aut odio impedit eos dolor. Quo nobis accusantium ea pariatur ex rerum a. Deserunt fuga nulla voluptatum. Vel ut accusantium nisi provident dolor ducimus.', 'https://cdn2.philibertnet.com/513139-thickbox_default/assassin-s-creed-valhalla-orlog-dice-game.jpg'),
(3160, 948, 'et et aliquam magnam', 'Sit occaecati enim cupiditate distinctio facilis sunt. Veniam et non voluptates laborum optio minima fuga deserunt. Quo eaque non voluptatem earum odit. Asperiores porro ullam eum adipisci.', 'https://cdn3.philibertnet.com/353015-thickbox_default/codenames-vf.jpg'),
(3161, 947, 'aut aut omnis omnis', 'Non et fuga velit quis omnis. Labore qui quo eum non aut eos. Ratione recusandae repellat est eos. Quia repellat eos aut est sit voluptatem.', 'https://cdn3.philibertnet.com/515898-thickbox_default/7-wonders-architects.jpg'),
(3162, 939, 'doloribus', 'Minima facilis excepturi sit quaerat ut quia ea. Molestias corrupti omnis nisi dolor rerum. Quasi rerum veritatis odit velit. Cum exercitationem et quo quisquam. Nemo voluptatibus dolor id odio molestiae. Accusantium quasi expedita atque quia reiciendis autem.', 'https://cdn3.philibertnet.com/516145-thickbox_default/nouvelles-contrees.jpg'),
(3163, 952, 'dolor', 'Aut et voluptatibus assumenda vel doloribus ullam iste eos. Fuga amet ea odio enim. Cupiditate voluptas delectus est non voluptatum deleniti repudiandae. Aut sapiente architecto autem perferendis quos. Voluptatum quaerat qui et rerum qui quia aliquid.', 'https://cdn3.philibertnet.com/472228-thickbox_default/the-crew.jpg'),
(3164, 952, 'eligendi natus', 'Eveniet voluptatem quaerat in magni adipisci maiores voluptatem odio. Sed ut beatae ipsa fuga dolorum facere beatae. Labore dolorem officia eum eaque amet.', 'https://cdn3.philibertnet.com/520955-thickbox_default/unlock-game-adventures.jpg'),
(3165, 943, 'autem distinctio iusto', 'Adipisci cupiditate totam omnis consequatur. Aut nihil inventore quaerat rerum voluptas ullam doloribus. Asperiores repellendus fuga quia est illo ab non. Sed magni et voluptas eveniet explicabo earum a.', 'https://cdn2.philibertnet.com/513139-thickbox_default/assassin-s-creed-valhalla-orlog-dice-game.jpg'),
(3166, 942, 'doloribus exercitationem', 'Ipsam non rem necessitatibus ea non. Vitae delectus non repellat sed corrupti accusamus. Vero non expedita odio dolorem molestiae nemo quia laudantium. Mollitia unde iure ipsa consequatur saepe non.', 'https://cdn1.philibertnet.com/494838-thickbox_default/marvel-champions-le-jeu-de-cartes-convoitise-galactique.jpg'),
(3167, 946, 'atque numquam ea quae', 'Rerum commodi aliquam rem enim unde quisquam voluptatem. Et ipsum natus soluta reiciendis velit quia sapiente. At beatae iusto non quisquam.', 'https://cdn2.philibertnet.com/522703-thickbox_default/terraforming-mars.jpg'),
(3168, 941, 'omnis ipsum non', 'Consequatur dolorem consequuntur provident eum. Quo sapiente qui aut aut. Debitis officiis provident ab dolores. Vel ab consequatur eum incidunt quia. Pariatur sapiente accusamus nihil ea enim. Sed non doloribus similique quae ut iste sed. Molestias suscipit aut excepturi ad omnis.', 'https://cdn2.philibertnet.com/456053-thickbox_default/skyjo.jpg'),
(3169, 948, 'corporis', 'Explicabo eveniet laboriosam sunt et consequatur voluptas earum. Et odit minima rem rerum nemo quisquam. Quod consequatur neque temporibus id saepe sed.', 'https://cdn2.philibertnet.com/523790-thickbox_default/micromacro-crime-city.jpg'),
(3170, 938, 'dolores et illo nulla', 'Cumque aut fugit mollitia reprehenderit magnam id qui nesciunt. Cupiditate maiores ea eveniet aut qui recusandae rerum. Officiis repellat quis qui velit non praesentium. Quo quia voluptates doloribus illum sint molestias sit nobis.', 'https://cdn1.philibertnet.com/494838-thickbox_default/marvel-champions-le-jeu-de-cartes-convoitise-galactique.jpg'),
(3171, 940, 'inventore et eum', 'Voluptas eos alias doloribus optio. Modi hic sint sed adipisci. Praesentium ullam quisquam repellendus est facere repellendus molestias. Non non ea molestiae laborum repudiandae aut ut. Aut quaerat eveniet ducimus quos similique quas. Est quisquam rerum alias vel quaerat aliquid.', 'https://cdn2.philibertnet.com/513139-thickbox_default/assassin-s-creed-valhalla-orlog-dice-game.jpg'),
(3172, 938, 'pariatur velit autem voluptate', 'Ut exercitationem dicta impedit et ut explicabo. Amet sit id sint minus. Saepe qui et harum aut magnam. Recusandae deserunt ullam voluptatibus. Vel numquam accusantium qui atque. Id et repudiandae qui aliquam beatae et exercitationem.', 'https://cdn3.philibertnet.com/515976-thickbox_default/world-of-warcraft-wrath-of-the-lich-king-a-pandemic-system-board-game.jpg'),
(3173, 945, 'sint ipsam', 'Et totam laboriosam in qui aut omnis. Reprehenderit ut quia esse. Quos dolore sapiente dolorem non vitae voluptatem. Quo quia ipsam et incidunt voluptatibus et facere. A minima aut vel quis odio dolor. Dolor rem quisquam at enim et aut totam. Repudiandae vitae voluptas nihil ut non voluptatum.', 'https://cdn1.philibertnet.com/521033-thickbox_default/kingdomino-origins.jpg'),
(3174, 949, 'quod', 'Non eum quo deserunt ea cum voluptatem. Nihil corporis natus quibusdam cum inventore voluptatibus minus. Recusandae autem qui voluptatem molestiae sequi.', 'https://cdn2.philibertnet.com/516468-thickbox_default/saint-seiya-le-jeu-de-deckbuilding-poseidon.jpg'),
(3175, 946, 'atque dolores voluptas cumque', 'Quia sunt magnam ut et autem voluptate. Eum quam voluptatum non est qui voluptatem sed. Dolorum in magni quidem exercitationem eius. Quod labore aliquid nobis eveniet occaecati deleniti quae. Et qui minus natus veritatis. Minima et dolor rem modi ut dolorem. Numquam sed voluptate nam.', 'https://cdn1.philibertnet.com/521033-thickbox_default/kingdomino-origins.jpg'),
(3176, 944, 'porro cumque quia ut', 'Repellat debitis alias voluptatem ut voluptatum eaque modi. Dolorum ducimus aut ratione et et doloribus. Commodi magni est dolorum sapiente totam et ducimus. Eum illo sed veritatis illo est alias modi.', 'https://cdn1.philibertnet.com/494838-thickbox_default/marvel-champions-le-jeu-de-cartes-convoitise-galactique.jpg'),
(3177, 944, 'dicta aliquid autem quis', 'Animi dolor voluptate sed voluptate. Enim et distinctio laudantium. Ut et provident optio temporibus.', 'https://cdn1.philibertnet.com/494838-thickbox_default/marvel-champions-le-jeu-de-cartes-convoitise-galactique.jpg'),
(3178, 943, 'adipisci', 'Rem eius vitae sed aut exercitationem totam quia. Voluptatem eum ipsum dolores dolore fugiat aut. Quae totam qui quos. Laudantium et rerum quae quidem in. In quia architecto eum dolor sequi. Consequatur cupiditate occaecati porro fugiat hic id.', 'https://cdn2.philibertnet.com/456053-thickbox_default/skyjo.jpg'),
(3179, 941, 'aperiam', 'Quia facere perspiciatis eos. Fuga accusamus provident sint alias fugiat. Est qui soluta doloribus ut aut iste quia quia. Sed consequuntur et molestiae perferendis eos. Est error delectus sed laborum. Esse modi ea molestias corrupti.', 'https://cdn2.philibertnet.com/305958-thickbox_default/uno.jpg'),
(3180, 938, 'eum', 'Provident ab aut dolorem doloribus et. Non rem aliquam et delectus error. Doloremque sunt officiis harum sed veritatis possimus. Aspernatur veritatis nesciunt laudantium.', 'https://cdn3.philibertnet.com/525941-thickbox_default/harry-potter-bataille-a-poudlard-extension-sortileges-et-potions.jpg'),
(3181, 942, 'explicabo magni corrupti hic', 'Sed quod et tempore incidunt aut autem ut. Tempore debitis nihil facilis deserunt modi est. Reiciendis ea ad architecto rerum ducimus sint voluptas. Nihil nostrum saepe et libero. Autem sint eos et rem quam nisi.', 'https://cdn3.philibertnet.com/515976-thickbox_default/world-of-warcraft-wrath-of-the-lich-king-a-pandemic-system-board-game.jpg'),
(3182, 944, 'est et', 'Deserunt sit omnis voluptas. Dolores vero vitae unde saepe. Vitae iusto optio occaecati a eum temporibus. Qui ipsum voluptatum nulla. Totam omnis dignissimos et tempora quo. Et reprehenderit quia ut et. Sit debitis quae soluta laudantium pariatur non. Quaerat temporibus omnis sunt rerum cum.', 'https://cdn2.philibertnet.com/516904-thickbox_default/le-seigneur-des-anneaux-voyages-en-terre-du-milieu-guerre-ouverte.jpg'),
(3183, 945, 'consequatur modi quod', 'Totam veniam corporis dolor autem neque cupiditate suscipit. Quae et qui sint consequatur. Blanditiis a dolores fugit velit est qui. Maxime exercitationem sed ut. Ut est molestiae repellendus tempore sit facilis.', 'https://cdn3.philibertnet.com/515976-thickbox_default/world-of-warcraft-wrath-of-the-lich-king-a-pandemic-system-board-game.jpg'),
(3184, 946, 'est facilis iure', 'Hic id eos nam commodi aspernatur nesciunt minima doloremque. Voluptatem corrupti et iure rerum dolorem. Rerum necessitatibus similique in cum.', 'https://cdn3.philibertnet.com/472228-thickbox_default/the-crew.jpg'),
(3185, 952, 'voluptatem aperiam similique repellat', 'Molestiae autem quas quis. Laboriosam quaerat ut possimus vitae ut. Minus ut nostrum ea a ex. Sequi sunt impedit ut aliquam dignissimos omnis omnis. Et eveniet cumque cum et sunt omnis vitae. Eius et excepturi non voluptas beatae eum quae.', 'https://cdn2.philibertnet.com/516904-thickbox_default/le-seigneur-des-anneaux-voyages-en-terre-du-milieu-guerre-ouverte.jpg'),
(3186, 937, 'sint sed ullam', 'Animi et accusamus nihil. Quo laudantium doloremque voluptatum velit eum. Est sed itaque velit. Nesciunt ea quia et expedita. Modi quia velit sit quia nostrum delectus et et. Facere ab eos iste sit. Iusto architecto veritatis nobis temporibus quos repellendus.', 'https://cdn3.philibertnet.com/503205-thickbox_default/magic-the-gathering-horizons-du-modern-2-bundle.jpg'),
(3187, 937, 'velit', 'Voluptatem sint voluptatem quas cum. Quasi aspernatur dolores fuga modi non magni consectetur. Maiores est et sit et ducimus quae. Dicta id atque corporis accusamus ea.', 'https://cdn2.philibertnet.com/456053-thickbox_default/skyjo.jpg'),
(3188, 950, 'quia est', 'Enim consequatur voluptatem repellendus soluta quae quidem ab. Dolor vitae enim velit magnam totam consequatur ea. Id ut perspiciatis est ea nihil. Alias rerum sint sed eligendi omnis.', 'https://cdn2.philibertnet.com/516468-thickbox_default/saint-seiya-le-jeu-de-deckbuilding-poseidon.jpg'),
(3189, 951, 'commodi sunt odit nihil', 'Dolore repellat possimus illo pariatur adipisci. Fugiat qui temporibus sint. Illum voluptas molestiae totam deserunt. Temporibus nostrum placeat ex enim.', 'https://cdn3.philibertnet.com/472228-thickbox_default/the-crew.jpg'),
(3190, 939, 'soluta quos', 'Maxime tempore molestiae quo amet. Totam recusandae officiis molestiae non explicabo. Totam ratione delectus et amet in ut. Nostrum doloremque molestiae cumque illum ipsum repudiandae. Qui aut in dolor asperiores perferendis dolores aliquam laudantium. Ut fugit voluptatem culpa dicta facere.', 'https://cdn2.philibertnet.com/516904-thickbox_default/le-seigneur-des-anneaux-voyages-en-terre-du-milieu-guerre-ouverte.jpg'),
(3191, 952, 'aliquam', 'Eum nulla rem optio quo. Velit mollitia unde nisi aut qui. Eos et accusantium nulla corporis labore tempora consequatur. Illo ipsam enim quidem. Accusantium aspernatur et quis. Ipsa quasi quia ut sunt.', 'https://cdn2.philibertnet.com/523790-thickbox_default/micromacro-crime-city.jpg'),
(3192, 940, 'similique est', 'Quidem magni aut atque et laudantium incidunt sit. Odio ab consequatur amet nostrum veniam. Voluptatem tempora facilis eos et dolorum.', 'https://cdn3.philibertnet.com/472228-thickbox_default/the-crew.jpg'),
(3193, 945, 'sint debitis ex', 'Iste et cupiditate molestiae nisi sequi molestias. Occaecati adipisci at voluptatem repellendus. Eius et exercitationem tempora. Totam cumque autem officiis sapiente magni.', 'https://cdn3.philibertnet.com/520955-thickbox_default/unlock-game-adventures.jpg'),
(3194, 951, 'omnis corrupti rerum', 'Nam natus magnam unde sed est eum dolor. Sed quo et cupiditate et. Voluptatem in doloremque dolor quam quis cupiditate.', 'https://cdn1.philibertnet.com/521033-thickbox_default/kingdomino-origins.jpg'),
(3195, 949, 'accusamus qui', 'Voluptatem totam cupiditate quidem consectetur ipsa ea voluptas officiis. Ducimus dolore vel doloribus aut maxime tempora rerum. Ducimus tempora numquam eligendi consequatur alias officiis saepe.', 'https://cdn3.philibertnet.com/525941-thickbox_default/harry-potter-bataille-a-poudlard-extension-sortileges-et-potions.jpg'),
(3196, 950, 'iste', 'Officiis dolores omnis reiciendis eum aut labore. Laboriosam officiis voluptatum quod dolorum quos aut nisi quae. Omnis saepe laudantium est distinctio et dolores rerum.', 'https://cdn2.philibertnet.com/456053-thickbox_default/skyjo.jpg'),
(3197, 941, 'voluptas alias', 'Nesciunt reiciendis quae recusandae qui fugit deleniti mollitia. Debitis alias deserunt molestiae officiis et voluptas. Amet quidem est in dignissimos enim quis ut soluta.', 'https://cdn2.philibertnet.com/524668-thickbox_default/les-aventures-de-robin-des-bois.jpg'),
(3198, 944, 'rerum eos dolorem adipisci', 'Ad eaque voluptatem maxime quia adipisci. Tempore autem est blanditiis distinctio explicabo sed. Assumenda voluptatem nihil aut et quis omnis dolor. Ipsa voluptatibus molestiae esse eius. Corrupti blanditiis illum harum optio commodi quasi. Eligendi velit reiciendis quae animi aut.', 'https://cdn2.philibertnet.com/523790-thickbox_default/micromacro-crime-city.jpg'),
(3199, 937, 'ut sint delectus voluptates', 'Nulla recusandae nihil omnis assumenda itaque quasi. Aut sed unde quia. Vel nisi sed veritatis esse corrupti nesciunt quam. At temporibus dolores quod unde. Dolorem id itaque omnis deleniti amet et suscipit sunt.', 'https://cdn2.philibertnet.com/513139-thickbox_default/assassin-s-creed-valhalla-orlog-dice-game.jpg'),
(3200, 946, 'aperiam mollitia repellendus', 'Modi nam consequatur consequatur aut. Illum et quo voluptatem distinctio. Totam delectus autem exercitationem nihil autem repellat quidem. Nulla veniam quo officia omnis reprehenderit incidunt qui. Ut aspernatur modi quia cumque alias.', 'https://cdn2.philibertnet.com/516468-thickbox_default/saint-seiya-le-jeu-de-deckbuilding-poseidon.jpg');

-- --------------------------------------------------------

--
-- Structure de la table `board_game_category`
--

CREATE TABLE `board_game_category` (
  `id` int(11) NOT NULL,
  `name` varchar(50) COLLATE utf8mb4_unicode_ci NOT NULL
) ENGINE=InnoDB DEFAULT CHARSET=utf8mb4 COLLATE=utf8mb4_unicode_ci;

--
-- Déchargement des données de la table `board_game_category`
--

INSERT INTO `board_game_category` (`id`, `name`) VALUES
(936, 'Jeu de dés'),
(937, 'Jeu d\'adresse'),
(938, 'Jeu d\'ambiance'),
(939, 'Jeu de cartes'),
(940, 'Jeu de plateau'),
(941, 'Jeu de mémoire'),
(942, 'Jeu de connaissance'),
(943, 'Jeu de lettres'),
(944, 'Jeu de logique'),
(945, 'Jeu de pions'),
(946, 'Jeu d\'enquête'),
(947, 'Jeu de coopération'),
(948, 'Jeu de bluff'),
(949, 'Jeu de stratégie'),
(950, 'Jeu de gestion'),
(951, 'Jeu de hasard'),
(952, 'Jeu de rôle');

-- --------------------------------------------------------

--
-- Structure de la table `booking`
--

CREATE TABLE `booking` (
  `id` int(11) NOT NULL,
  `event_id` int(11) NOT NULL,
  `user_id` int(11) NOT NULL,
  `reference` binary(16) NOT NULL COMMENT '(DC2Type:uuid)'
) ENGINE=InnoDB DEFAULT CHARSET=utf8mb4 COLLATE=utf8mb4_unicode_ci;

--
-- Déchargement des données de la table `booking`
--

INSERT INTO `booking` (`id`, `event_id`, `user_id`, `reference`) VALUES
(751, 4012, 39727, 0xe19887b5d9e1301bb7ac503cea23d86c),
(752, 3928, 40059, 0xc6cc1c708b9b33ce93ab01df9c0192f9),
(753, 4015, 40055, 0x871695a8367738ae8aece183e9a393cc),
(754, 4004, 40087, 0xe2a4d8cc636b3983928e333757aba9b0),
(755, 3974, 40094, 0x41d855a53bac380591c222c097bd06cd),
(756, 3945, 39666, 0xd37d3e011e1f3d408832d54e921e1b56),
(757, 3941, 39950, 0xf8c08ed6f73f3ba68fb962fc10515595),
(758, 3946, 39817, 0xc26252d6aa7f3f4e99a56a0289253ccf),
(759, 3929, 40114, 0x1a07fb8b60363798af42027834bded99),
(760, 3960, 39815, 0xec34b857672e33528133b9a54f9ac7e8),
(761, 3931, 39662, 0x7dfc9068e4e432f688f2296b5563b523),
(762, 3962, 39935, 0x7c56833117f93e7586947e35d3928926),
(763, 4010, 40073, 0x11deabb14e2e3bcf9f963216d3939053),
(764, 3941, 39927, 0x9b70317948cd37039b1da56560fc49ab),
(765, 4007, 40036, 0xf39f0e2162333365b6c9a7c9788208e3),
(766, 3923, 40058, 0xffd6fb537d9635a58b93b98664d62507),
(767, 3971, 40035, 0x36bff1f02d0c3bebbb027dd0cf912333),
(768, 3989, 39641, 0xb091d862f1bb3667a8a160bbbd51a308),
(769, 4016, 39927, 0xa8479335e3a230e09b13ccc6fb7232f0),
(770, 3964, 40031, 0x3f33823e923c3197b00a3f215a1c393c),
(771, 3984, 39790, 0x9c7bc15c3c453334834e5ee28e254816),
(772, 3938, 39701, 0x92abdab071a33ca0b03e0ba72c6a0129),
(773, 3975, 39946, 0x2c5daaaeed093c109896973a195a36fa),
(774, 3929, 39658, 0xc24e049a7a443db69739c2dc9fdcec5c),
(775, 3921, 39945, 0xb6cd894d48f6322d9a6cc8a927864e96),
(776, 4011, 39901, 0x119a44bed46230b19a4a12108d0ce225),
(777, 3929, 40021, 0x1788cb1d19d43023be3f5366ee434540),
(778, 3946, 39669, 0xbf8747a26b0135508cd6b14d9109c57e),
(779, 3985, 40027, 0xef214aceeaaa38dea2302ab3ed0130ea),
(780, 3951, 40124, 0xb36acd96147634ff91a31ead3aa7e542),
(781, 3919, 39790, 0x9401d01960fc3f309ac2f0876ba94bf9),
(782, 4011, 39915, 0x68a4fa5b6a623f69ae29cbb4dbdbd87f),
(783, 4014, 39777, 0x44c461cabeca3f2eb55e72e0b8eb8396),
(784, 3950, 39938, 0x862a77d9ad9638dca728ba7bd8433f6f),
(785, 3976, 39931, 0x4c051d62c80e39f1b37b0b05bb857f97),
(786, 3956, 40039, 0x225aa7dc6f103fba8a427cd1878335f3),
(787, 3967, 39639, 0xfb41b618d2d3393281012e67c97f0472),
(788, 3950, 40112, 0x3bb3272d70d93732b6aea1a95f766fff),
(789, 3969, 39827, 0x1ba5fbb26142388186830f95454d1b47),
(790, 3953, 39713, 0xf6951bd34e6435fca76880b46dc41546),
(791, 4004, 40031, 0xb1b6dbc479483a868463f7743aa4907b),
(792, 3993, 40068, 0x251311515f4437ee9cefee24b7b5e669),
(793, 4008, 39743, 0xfe0dda38ef26331189252017db25a7c0),
(794, 4006, 39878, 0xc528bb389d9c33618a6e58d89c073d95),
(795, 4006, 39708, 0xad294615a83534659b3cf205657e7d0d),
(796, 3947, 39758, 0x2c5a43866f1d3450af279d556d1134d0),
(797, 3941, 39880, 0xd2d12b0d27423a999e10fc6223086252),
(798, 3973, 40044, 0x7ec9373905c139fa8f4b1874e13f7fed),
(799, 3987, 39754, 0x2d615a0c982331eea5885ff137b53218),
(800, 3989, 39723, 0xb241e7121c183b6e8398c139cffa913f);

-- --------------------------------------------------------

--
-- Structure de la table `comic`
--

CREATE TABLE `comic` (
  `id` int(11) NOT NULL,
  `category_id` int(11) NOT NULL,
  `name` varchar(50) COLLATE utf8mb4_unicode_ci NOT NULL,
  `description` longtext COLLATE utf8mb4_unicode_ci NOT NULL,
  `picture` varchar(255) COLLATE utf8mb4_unicode_ci NOT NULL,
  `author` varchar(50) COLLATE utf8mb4_unicode_ci NOT NULL
) ENGINE=InnoDB DEFAULT CHARSET=utf8mb4 COLLATE=utf8mb4_unicode_ci;

--
-- Déchargement des données de la table `comic`
--

INSERT INTO `comic` (`id`, `category_id`, `name`, `description`, `picture`, `author`) VALUES
(3501, 944, 'at repellendus id', 'Cum rerum minus omnis asperiores fuga numquam voluptatem. In et eaque doloremque ad officiis cupiditate ea. Praesentium recusandae atque tempore distinctio.', 'https://images-na.ssl-images-amazon.com/images/I/81KsPBgzmtL.jpg', 'Zoey Schimmel'),
(3502, 951, 'temporibus minus occaecati', 'Voluptatibus temporibus nobis enim nemo velit et. Voluptas voluptas in dolorum a quaerat voluptatum sapiente. Tempore in odit quaerat aut asperiores exercitationem. Quia eum et omnis.', 'https://www.dccomics.com/sites/default/files/imce/2021/11-NOV/BM_Cv118_1in25_var_618447d1a5e754.72998228.jpg', 'Elyssa Mosciski'),
(3503, 938, 'et quod', 'Non fuga eaque dolore doloribus voluptatem sint qui. Quibusdam officiis dolore voluptatem est. Sed et dignissimos beatae quo. Quia repudiandae omnis accusantium officia.', 'https://images.omerlocdn.com/resize?url=https%3A%2F%2Fgcm.omerlocdn.com%2Fproduction%2Fglobal%2Ffiles%2Fimage%2Fb4ddd4dd-70a1-4977-8a46-559f77b48ccc.jpg&width=1200&type=jpeg&stripmeta=true', 'Maverick Hammes'),
(3504, 950, 'in sed id', 'Occaecati id rerum voluptas sed non quo veritatis. Magni iusto maxime ut possimus eveniet. Possimus officiis non blanditiis distinctio nemo.', 'https://images-na.ssl-images-amazon.com/images/I/81KsPBgzmtL.jpg', 'Hailee Klocko'),
(3505, 951, 'consequatur aut et', 'Tenetur voluptas tempora similique nulla dolores. Saepe autem itaque sit aspernatur porro praesentium aut. Esse natus voluptatem sit nulla. Perspiciatis quibusdam aspernatur minima error. Quia aut voluptates temporibus sequi suscipit quo dolor soluta.', 'https://mlpnk72yciwc.i.optimole.com/cqhiHLc.WqA8~2eefa/w:auto/h:auto/q:75/https://bleedingcool.com/wp-content/uploads/2020/09/TWDDLX01_Adams-Cover.jpg', 'Carson Pfannerstill'),
(3506, 938, 'labore ipsam deleniti', 'Veritatis beatae quis accusamus. Id ea quia aut consectetur rerum reiciendis est. Impedit perspiciatis non aspernatur alias et. Facilis est necessitatibus culpa cumque aut eos rerum. Rerum quis illum labore perspiciatis a. Sequi aliquam cumque quis. Sit facere asperiores deleniti nisi.', 'https://bddi.2dcom.fr/LocalImageExists.php?ean=9782811215620&isize=full&gencod=3027166420000&key=DimetGmAYGQEsjiN', 'Jay Connelly'),
(3507, 951, 'reprehenderit', 'Aut qui dolorem vero earum dolores sunt suscipit esse. Nobis quis cumque sit architecto. Itaque cum possimus ducimus enim voluptas.', 'https://terrigen-cdn-dev.marvel.com/content/prod/1x/avengers50_infinitysaga_variant.jpg', 'Audra Cronin'),
(3508, 950, 'ut soluta aut', 'Sed optio reiciendis distinctio porro aut quia vel. Iste quis rerum quisquam maxime quis aliquam. Accusamus sint ut voluptatem tempore. In atque itaque sit impedit. Quidem voluptates nihil rerum et et ea saepe. Eligendi dolorem libero ipsa enim velit nisi ex.', 'https://www.hallmark.com/dw/image/v2/AALB_PRD/on/demandware.static/-/Sites-hallmark-master/default/dw8ba9f1e5/images/finished-goods/Marvel-The-Amazing-SpiderMan-Comic-Book-Cover-Fathers-Day-Card-root-599FHE8966_PV.1.FHE8966.jpg_Source_Image.jpg?sw=1920', 'Adriana West'),
(3509, 946, 'qui quia beatae', 'Et ea inventore nihil aspernatur. Totam esse quasi asperiores sed in. Corporis id necessitatibus consequuntur ut. Dolorum voluptates ad et animi. Voluptas ducimus recusandae possimus et quis in. Quidem nostrum quo et suscipit. Dolores consequatur commodi non.', 'https://mlpnk72yciwc.i.optimole.com/cqhiHLc.WqA8~2eefa/w:auto/h:auto/q:75/https://bleedingcool.com/wp-content/uploads/2020/09/TWDDLX01_Adams-Cover.jpg', 'Christina Jerde'),
(3510, 944, 'numquam enim ipsum', 'Aliquid rerum quia qui sit unde et maxime illum. Et a praesentium quibusdam sit. Vel architecto repudiandae nihil dolorem porro autem. Laudantium voluptatibus temporibus ab et. Voluptatum nam velit repellat possimus distinctio.', 'https://www.dccomics.com/sites/default/files/imce/2021/11-NOV/BM_Cv118_1in25_var_618447d1a5e754.72998228.jpg', 'Easter Turner'),
(3511, 938, 'odit sapiente sed', 'Quo dolorem amet quia facilis illo. Corporis occaecati dignissimos provident vel quidem voluptatem. Enim esse sit maxime assumenda tempora. Sed sint deleniti et autem beatae at. Suscipit doloribus beatae rerum eos quas iusto. Et vel modi sint vel reiciendis.', 'https://bddi.2dcom.fr/LocalImageExists.php?ean=9782811215620&isize=full&gencod=3027166420000&key=DimetGmAYGQEsjiN', 'Afton Jacobi'),
(3512, 952, 'harum natus ea', 'Totam qui dolorum vel id praesentium. Quidem voluptatibus et voluptatem quis nihil optio. Eligendi ad repellendus distinctio non ut. Ullam labore veritatis dicta voluptas et. Doloremque occaecati omnis sit eum ipsam doloribus.', 'https://www.dccomics.com/sites/default/files/imce/2021/11-NOV/BM_Cv118_1in25_var_618447d1a5e754.72998228.jpg', 'Bernita Stoltenberg'),
(3513, 941, 'dicta et veritatis consectetur', 'Et quis ut praesentium neque delectus est. Omnis enim aliquid neque facilis neque autem placeat. Rerum debitis voluptatem sapiente tenetur. Omnis odit et est ut.', 'https://images-na.ssl-images-amazon.com/images/S/cmx-images-prod/Item/279507/279507._SX1280_QL80_TTD_.jpg', 'Dovie Parker'),
(3514, 953, 'excepturi itaque explicabo consequuntur', 'In eum iure dicta non ut qui molestiae soluta. Dolores alias doloribus facilis. Autem adipisci qui alias omnis nemo quis consectetur. Id ipsum molestiae minus sunt.', 'https://cdn001.tintin.com/public/tintin/img/static/the-shooting-star/the-shooting-star.jpg', 'Garnet Bartell'),
(3515, 943, 'laborum magnam', 'Rem tempore animi expedita qui omnis architecto. Corrupti rerum illo molestiae tempora voluptatibus. Aspernatur magnam et quia ut voluptas.', 'https://mlpnk72yciwc.i.optimole.com/cqhiHLc.WqA8~2eefa/w:auto/h:auto/q:75/https://bleedingcool.com/wp-content/uploads/2020/09/TWDDLX01_Adams-Cover.jpg', 'Nathan Hilpert'),
(3516, 939, 'alias et', 'Mollitia tempore est fugiat doloribus. Quam et quam nobis et id et quia id. Natus vero itaque explicabo. Natus nihil omnis temporibus esse. Molestias magni ea aliquid voluptas molestiae vitae quaerat. A blanditiis et laborum consequatur amet assumenda labore. Id et doloremque omnis quaerat tenetur.', 'https://i0.wp.com/www.superpouvoir.com/wp-content/uploads/2021/04/Action-Comics-1033-cov-Sampere.jpg?resize=970%2C1491&ssl=1', 'Reanna Lemke'),
(3517, 940, 'fugit et', 'Rerum non voluptatem reiciendis nihil natus. Autem eaque et qui ut optio libero. Eius dolores quam omnis aut eveniet.', 'https://cdn001.tintin.com/public/tintin/img/static/the-shooting-star/the-shooting-star.jpg', 'Jayce Hane'),
(3518, 947, 'facilis praesentium', 'Sed occaecati aperiam a est. Omnis fuga qui est. Sit autem qui et dolorem nostrum sint dolorem. Mollitia commodi explicabo distinctio incidunt itaque.', 'https://images-na.ssl-images-amazon.com/images/I/71aGRDbG9WL.jpg', 'Murl Rosenbaum'),
(3519, 952, 'aliquam totam aliquid', 'Inventore inventore id occaecati minima maiores. Omnis vitae animi illum non nihil aut repellat dolor. Sit deleniti dolorem tempore vel. Magni minus quasi quos eos quos maiores dolor.', 'https://images.omerlocdn.com/resize?url=https%3A%2F%2Fgcm.omerlocdn.com%2Fproduction%2Fglobal%2Ffiles%2Fimage%2Fb4ddd4dd-70a1-4977-8a46-559f77b48ccc.jpg&width=1200&type=jpeg&stripmeta=true', 'Nolan Bogan'),
(3520, 950, 'ut accusantium voluptas', 'Pariatur soluta earum architecto quis. Sed praesentium aut ipsa eius nobis. Officiis optio rerum velit ut quia. Ut et qui nobis dicta eum totam.', 'https://images-na.ssl-images-amazon.com/images/I/71aGRDbG9WL.jpg', 'Katlyn Reichel'),
(3521, 941, 'ipsa magnam', 'Ad velit aspernatur ullam. Voluptas tempore ut quas corrupti est. Officia eius sit quia qui sed.', 'https://shop.sergiobonelli.it/resizer/1000/-1/true/1491832832859.jpg--le_dieci_tribu___martin_mystere_350_cover.jpg?1491832835000', 'Loma Stroman'),
(3522, 946, 'pariatur', 'Libero rem consectetur culpa at dicta optio. Autem vel nulla est nihil. Consectetur et pariatur earum accusamus modi voluptatum beatae. Corporis laborum repellat similique dignissimos ea deserunt. Quidem id aut omnis. Et ipsum ipsam rerum quibusdam. At nulla aut repellendus.', 'https://cdn001.tintin.com/public/tintin/img/static/the-shooting-star/the-shooting-star.jpg', 'Horace Cormier'),
(3523, 951, 'accusamus', 'Repellendus et omnis pariatur consectetur culpa aut quidem. Doloribus occaecati est qui repellat quibusdam placeat sit est. Consectetur iure repellat animi molestiae natus a.', 'https://www.hallmark.com/dw/image/v2/AALB_PRD/on/demandware.static/-/Sites-hallmark-master/default/dw8ba9f1e5/images/finished-goods/Marvel-The-Amazing-SpiderMan-Comic-Book-Cover-Fathers-Day-Card-root-599FHE8966_PV.1.FHE8966.jpg_Source_Image.jpg?sw=1920', 'Shana Torphy'),
(3524, 946, 'at sapiente', 'Eaque doloribus in ipsam odio. Eveniet praesentium sint fuga qui sit at vitae. Voluptatibus corrupti ipsum illo libero. Aut iure ut ipsam expedita illum. Asperiores natus illo voluptas consequatur dolore maxime quis.', 'https://bddi.2dcom.fr/LocalImageExists.php?ean=9782811215620&isize=full&gencod=3027166420000&key=DimetGmAYGQEsjiN', 'Logan Prohaska'),
(3525, 939, 'voluptatum', 'Odit voluptatum et accusantium rerum. Unde est assumenda tempora quidem libero qui porro dicta. Excepturi voluptas nisi omnis exercitationem est. A iusto error quam repellendus ipsum possimus nulla.', 'https://cdn2.originalcomics.fr/26776/buffy-contre-les-vampires-saison-8-tome-1-vf.jpg', 'Ursula Spencer'),
(3526, 943, 'sunt incidunt voluptas', 'Dolorem rerum ut eos amet. Corporis qui rem qui deleniti totam. Distinctio et sed rem cum ipsam eum. Minus eum et perspiciatis enim. Qui a aut voluptas repellat eaque rerum fugiat.', 'https://images-na.ssl-images-amazon.com/images/S/cmx-images-prod/Item/279507/279507._SX1280_QL80_TTD_.jpg', 'Sherwood Dibbert'),
(3527, 942, 'sint maiores aut nam', 'Quo sit harum earum quia voluptatibus pariatur. Maiores nemo qui sapiente dolor. Repellendus culpa iusto nulla fuga ut. Magnam consectetur quis quod ad voluptas animi autem.', 'https://images.omerlocdn.com/resize?url=https%3A%2F%2Fgcm.omerlocdn.com%2Fproduction%2Fglobal%2Ffiles%2Fimage%2Fb4ddd4dd-70a1-4977-8a46-559f77b48ccc.jpg&width=1200&type=jpeg&stripmeta=true', 'Carley Gutmann'),
(3528, 944, 'minus ad adipisci', 'Ducimus qui quod et suscipit vero voluptates quas in. Voluptatem blanditiis ratione eos quisquam est id. Illum rerum quo praesentium aut consequuntur impedit voluptatibus.', 'https://static.wikia.nocookie.net/marveldatabase/images/d/d8/Deadpool_Vol_3_1.jpg/revision/latest?cb=20191227043225', 'Leola Collier'),
(3529, 947, 'ducimus aspernatur', 'Deleniti dolores soluta sed eligendi laborum. Rerum inventore maxime provident provident voluptatibus tempora ut. Eius esse qui est expedita pariatur itaque.', 'https://cdn-products.eneba.com/resized-products/5jDEHg3wge1U7YZJVCOM2BTq98NC5lraxlc__mT3bIg_350x200_3x-0.jpeg', 'Lela Effertz'),
(3530, 938, 'provident qui dicta', 'Doloribus omnis magnam dolores suscipit nemo consectetur commodi harum. A et perspiciatis omnis quos architecto corrupti. Eum sed sit officiis unde quos eos. Necessitatibus repellat omnis vero beatae in sint. Est sunt architecto repellat labore laborum fuga at.', 'https://cdn001.tintin.com/public/tintin/img/static/the-shooting-star/the-shooting-star.jpg', 'Roxane Daniel'),
(3531, 950, 'velit', 'Earum inventore sunt autem. Aut optio est repellendus natus velit excepturi quia. Nihil ratione dicta asperiores itaque est velit culpa.', 'https://shop.sergiobonelli.it/resizer/1000/-1/true/1491832832859.jpg--le_dieci_tribu___martin_mystere_350_cover.jpg?1491832835000', 'Patience Feest'),
(3532, 944, 'ullam libero', 'Veniam tenetur dicta amet repellat. Eum est molestiae eveniet magnam aspernatur. Quia cumque ut ipsam amet qui itaque quisquam voluptatibus. Deleniti aut ab pariatur ea recusandae.', 'https://cdn001.tintin.com/public/tintin/img/static/the-shooting-star/the-shooting-star.jpg', 'Jimmy Cole'),
(3533, 953, 'ea', 'Dolorem voluptas perferendis aut fugiat. Porro officia magnam sit debitis. Debitis vero dolorum voluptates. Vero reiciendis quia omnis nam est repellat.', 'https://shop.sergiobonelli.it/resizer/1000/-1/true/1491832832859.jpg--le_dieci_tribu___martin_mystere_350_cover.jpg?1491832835000', 'Nikolas Kassulke'),
(3534, 944, 'id et', 'Odit expedita architecto nobis itaque rerum consequuntur voluptas. Porro quis officia repellat molestias fuga recusandae velit. Quia necessitatibus minima et quisquam pariatur corrupti velit in. Necessitatibus non qui nihil eveniet aspernatur recusandae.', 'https://images-na.ssl-images-amazon.com/images/S/cmx-images-prod/Item/279507/279507._SX1280_QL80_TTD_.jpg', 'Jaron Satterfield'),
(3535, 947, 'facere est aut', 'Eaque ea quia dolorem voluptatem non voluptas. Omnis vel natus nisi eius. Omnis quis magni in velit accusamus impedit. Ex ipsa incidunt modi corrupti rerum reprehenderit. Rerum consequuntur adipisci minus sit qui voluptatibus est velit.', 'https://www.gamespot.com/a/uploads/original/1562/15626911/3002107-5032115-04-variant.jpg', 'Maybelle Gleichner'),
(3536, 938, 'quas repellat', 'Aliquam natus velit error consequatur ea et aperiam sed. Explicabo odio consequatur laudantium. Distinctio dolor rerum omnis soluta hic facere.', 'https://cdnb.artstation.com/p/assets/images/images/012/822/497/large/alex-loken-cover.jpg?1536692282&dl=1', 'Jazmin Adams'),
(3537, 945, 'pariatur omnis quia reprehenderit', 'Ut voluptas esse eos dolor culpa nisi. Fuga est autem est magni ipsum tempore. Eos ullam ipsa soluta et. Fugit dicta minima labore nemo. Labore magnam numquam sint doloribus aut placeat molestias. Rerum velit laboriosam distinctio asperiores doloremque sint.', 'https://images-na.ssl-images-amazon.com/images/I/81KsPBgzmtL.jpg', 'Everett Halvorson'),
(3538, 944, 'iure corporis', 'Hic omnis eveniet suscipit assumenda corrupti vero. Fuga nesciunt suscipit reprehenderit quis in facilis. Porro illum eveniet praesentium repudiandae molestiae.', 'https://i0.wp.com/www.superpouvoir.com/wp-content/uploads/2021/04/Action-Comics-1033-cov-Sampere.jpg?resize=970%2C1491&ssl=1', 'Jermaine Schneider'),
(3539, 941, 'veritatis', 'Sit voluptatibus numquam sit recusandae. Quo qui nihil libero voluptates. Maiores ipsa et quos iure. Nostrum eos laboriosam possimus animi est. Voluptas sit ut et praesentium quis beatae sed.', 'https://shop.sergiobonelli.it/resizer/1000/-1/true/1491832832859.jpg--le_dieci_tribu___martin_mystere_350_cover.jpg?1491832835000', 'Lambert McKenzie'),
(3540, 954, 'nobis', 'Reiciendis corporis in ipsam. Consequatur voluptate voluptas dignissimos non nihil. Aut quia asperiores ex saepe. Accusamus et tenetur in molestiae et quidem. Itaque voluptatibus eum harum repellat. Eum labore harum porro dolorum est.', 'https://www.hallmark.com/dw/image/v2/AALB_PRD/on/demandware.static/-/Sites-hallmark-master/default/dw8ba9f1e5/images/finished-goods/Marvel-The-Amazing-SpiderMan-Comic-Book-Cover-Fathers-Day-Card-root-599FHE8966_PV.1.FHE8966.jpg_Source_Image.jpg?sw=1920', 'Jesus Wuckert'),
(3541, 947, 'consequuntur enim voluptatum', 'Ipsa aut quia alias et est dicta rerum. Qui facere quo quidem temporibus. Et tempore libero labore voluptatum modi rerum fugiat. Quia sapiente architecto provident doloribus et praesentium nobis non.', 'https://mlpnk72yciwc.i.optimole.com/cqhiHLc.WqA8~2eefa/w:auto/h:auto/q:75/https://bleedingcool.com/wp-content/uploads/2020/09/TWDDLX01_Adams-Cover.jpg', 'Kendall Kerluke'),
(3542, 946, 'cumque', 'Debitis corrupti blanditiis aut debitis sit id accusantium. A est et voluptas ipsum cum consectetur non. Rerum iste qui veritatis eaque reiciendis. Ullam fugit repellendus quaerat odit et quia.', 'https://i0.wp.com/www.superpouvoir.com/wp-content/uploads/2021/04/Action-Comics-1033-cov-Sampere.jpg?resize=970%2C1491&ssl=1', 'Lavinia Douglas'),
(3543, 951, 'maiores', 'Et est alias voluptas eos sint consequatur. Magnam magni quis ea voluptatem rerum. Suscipit iste quos rerum ratione fugit repellendus ab. Cum quia quo ad et doloremque impedit aliquam. Alias assumenda maxime voluptas laboriosam aliquam sit.', 'https://c8.alamy.com/compfr/t27dd2/italie-1973-premiere-edition-de-marvel-comic-books-couvrir-de-captain-america-t27dd2.jpg', 'Hailie Blanda'),
(3544, 946, 'nostrum modi', 'Veniam excepturi dolores et est et doloremque. Est id sed possimus maxime. Quo illum natus qui non. Fugit corporis ex et iure illo.', 'https://images-na.ssl-images-amazon.com/images/S/cmx-images-prod/Item/279507/279507._SX1280_QL80_TTD_.jpg', 'Hellen Goyette'),
(3545, 948, 'omnis saepe', 'Unde unde saepe necessitatibus. Illum praesentium maxime quos voluptas voluptas debitis eligendi. Qui dolorem cum nobis provident. Aut et minus ipsum ipsum. Sed temporibus qui non recusandae ipsum.', 'https://cdn-products.eneba.com/resized-products/5jDEHg3wge1U7YZJVCOM2BTq98NC5lraxlc__mT3bIg_350x200_3x-0.jpeg', 'Chadrick Jerde'),
(3546, 943, 'quia', 'Maxime repudiandae consequatur enim commodi vero. Odio natus quis voluptas adipisci eius. Labore aliquid provident quas et quia. Est et recusandae totam.', 'https://c8.alamy.com/compfr/t27dd2/italie-1973-premiere-edition-de-marvel-comic-books-couvrir-de-captain-america-t27dd2.jpg', 'Halie Hettinger'),
(3547, 952, 'non', 'Explicabo cupiditate maiores atque dolorem id. Eum distinctio nisi quod iste. Tenetur ratione cumque incidunt quam. Voluptas tempora id optio vel est asperiores neque. Est sunt aut consectetur eius quod. Quia et et possimus ex soluta. Quo sit provident optio laudantium cumque.', 'https://images.omerlocdn.com/resize?url=https%3A%2F%2Fgcm.omerlocdn.com%2Fproduction%2Fglobal%2Ffiles%2Fimage%2Fb4ddd4dd-70a1-4977-8a46-559f77b48ccc.jpg&width=1200&type=jpeg&stripmeta=true', 'Cecilia Towne'),
(3548, 938, 'illo enim minus', 'Vitae et sequi voluptatum qui. Quo omnis voluptatum minima. A neque sed ex hic. Et beatae labore et eveniet. Et eos sint et. Veritatis quas nobis quibusdam rerum odit et. Quo rerum blanditiis ut ab corrupti nam animi repellendus. Laudantium excepturi cupiditate voluptas omnis ipsum.', 'https://cdn001.tintin.com/public/tintin/img/static/the-shooting-star/the-shooting-star.jpg', 'Leon Yundt'),
(3549, 942, 'enim sapiente harum', 'Sapiente non possimus commodi cumque. Nulla voluptatem laboriosam expedita dolores. Eaque laborum sit voluptatum est autem cum dolore.', 'https://i0.wp.com/www.superpouvoir.com/wp-content/uploads/2021/04/Action-Comics-1033-cov-Sampere.jpg?resize=970%2C1491&ssl=1', 'Carmen Hilpert'),
(3550, 941, 'animi in sint explicabo', 'Sunt ab tempore nostrum expedita et. Aspernatur sunt rem maiores. Autem totam aliquid quia voluptatibus.', 'https://shop.sergiobonelli.it/resizer/1000/-1/true/1491832832859.jpg--le_dieci_tribu___martin_mystere_350_cover.jpg?1491832835000', 'Lane Cruickshank'),
(3551, 944, 'nisi nihil', 'Consequatur neque hic quia molestiae itaque placeat saepe. Numquam sit aut in accusantium est corporis. Saepe omnis est earum corrupti. Nostrum pariatur alias eius ut ullam iure vel voluptates. Omnis mollitia id perferendis quasi.', 'https://www.dccomics.com/sites/default/files/imce/2021/11-NOV/BM_Cv118_1in25_var_618447d1a5e754.72998228.jpg', 'Jeramy Mills'),
(3552, 940, 'sapiente ratione culpa odit', 'Incidunt quae iure voluptatem ea rerum eos sed eum. Explicabo aut minima eligendi. Aliquid ad neque optio rem dicta magnam omnis distinctio.', 'https://images-na.ssl-images-amazon.com/images/I/81KsPBgzmtL.jpg', 'Allen Marvin'),
(3553, 939, 'explicabo et facilis', 'Distinctio molestias alias quibusdam quos eius. Corrupti neque adipisci explicabo voluptatem minima qui veritatis quae. Eveniet consequuntur dolor dolorum ut vero pariatur. Qui eligendi adipisci quasi sapiente.', 'https://mlpnk72yciwc.i.optimole.com/cqhiHLc.WqA8~2eefa/w:auto/h:auto/q:75/https://bleedingcool.com/wp-content/uploads/2020/09/TWDDLX01_Adams-Cover.jpg', 'Kayla Hickle'),
(3554, 952, 'placeat omnis hic ratione', 'Dicta accusamus placeat soluta incidunt pariatur dignissimos. Ad possimus facilis id molestiae. Pariatur et quo consequatur eos aut ipsam.', 'https://mlpnk72yciwc.i.optimole.com/cqhiHLc.WqA8~2eefa/w:auto/h:auto/q:75/https://bleedingcool.com/wp-content/uploads/2020/09/TWDDLX01_Adams-Cover.jpg', 'Hildegard Lindgren'),
(3555, 953, 'deserunt', 'Ad quia perspiciatis in in qui. Est eaque qui optio est omnis porro natus. Est veniam incidunt eum. Consequatur provident eius sequi velit quaerat. Aliquam enim quis aut aut quidem aut nulla. Ipsum dolorum et a possimus qui ipsam. Earum et nam ut id quia ut.', 'https://images.omerlocdn.com/resize?url=https%3A%2F%2Fgcm.omerlocdn.com%2Fproduction%2Fglobal%2Ffiles%2Fimage%2Fb4ddd4dd-70a1-4977-8a46-559f77b48ccc.jpg&width=1200&type=jpeg&stripmeta=true', 'Raymundo Gutmann'),
(3556, 942, 'aut accusamus', 'Sunt nostrum at placeat aut. Modi ea et sapiente fuga eveniet architecto. Officia voluptatem modi eos aut autem nostrum quis. Rerum et provident et. Aut recusandae qui eligendi qui dolorum sit.', 'https://mlpnk72yciwc.i.optimole.com/cqhiHLc.WqA8~2eefa/w:auto/h:auto/q:75/https://bleedingcool.com/wp-content/uploads/2020/09/TWDDLX01_Adams-Cover.jpg', 'Chelsea Beer'),
(3557, 949, 'eum dolor facere omnis', 'Voluptatem provident impedit doloremque. Et hic illum qui vel ad in quia. Explicabo inventore alias et officiis placeat corporis a. Eos cumque totam modi voluptatem eveniet deleniti quos.', 'https://images-na.ssl-images-amazon.com/images/S/cmx-images-prod/Item/279507/279507._SX1280_QL80_TTD_.jpg', 'Guy Mraz'),
(3558, 943, 'et maxime non voluptatem', 'Possimus quia suscipit qui aut aut rerum. Sunt sed at et voluptates est ullam. Et aut ea animi ipsum error dolores fugit. Et sequi aliquid aut. Sit nulla quas dicta ea. Est dicta id ea sunt sed quis. Minus corrupti incidunt aut quas est nemo aut.', 'https://cdn2.originalcomics.fr/26776/buffy-contre-les-vampires-saison-8-tome-1-vf.jpg', 'Lonie Sporer'),
(3559, 947, 'natus omnis sed doloremque', 'Odio asperiores sed esse commodi nihil dolores dolor quam. Atque nihil facere iusto. Ipsum voluptate minima ut magnam omnis labore ut magnam. Sapiente voluptatum veritatis sit deleniti iste officiis molestiae non. Itaque sint impedit molestiae quibusdam magnam culpa.', 'https://images.omerlocdn.com/resize?url=https%3A%2F%2Fgcm.omerlocdn.com%2Fproduction%2Fglobal%2Ffiles%2Fimage%2Fb4ddd4dd-70a1-4977-8a46-559f77b48ccc.jpg&width=1200&type=jpeg&stripmeta=true', 'Cassidy Kreiger'),
(3560, 952, 'culpa', 'Possimus cumque aut consectetur dolorem. Voluptatem id harum quis similique doloribus quia. Aut qui tenetur dicta eum. Et assumenda et est perferendis nihil est.', 'https://i0.wp.com/www.superpouvoir.com/wp-content/uploads/2021/04/Action-Comics-1033-cov-Sampere.jpg?resize=970%2C1491&ssl=1', 'Austyn VonRueden'),
(3561, 947, 'eligendi veniam', 'Sequi molestiae cum dolor qui eos. Officia quia qui ratione sequi. Veniam a dicta nesciunt. Voluptatem vitae vel distinctio eligendi est consequatur id. Sed qui eum vitae aliquid qui. Qui ut blanditiis cum.', 'https://mlpnk72yciwc.i.optimole.com/cqhiHLc.WqA8~2eefa/w:auto/h:auto/q:75/https://bleedingcool.com/wp-content/uploads/2020/09/TWDDLX01_Adams-Cover.jpg', 'Edmond Wolff'),
(3562, 938, 'et placeat', 'Quod unde beatae vel similique optio velit aliquam. Iste aut aspernatur unde quia quia. Libero sint corporis magni nulla blanditiis ipsum. Autem a quia officia.', 'https://bddi.2dcom.fr/LocalImageExists.php?ean=9782811215620&isize=full&gencod=3027166420000&key=DimetGmAYGQEsjiN', 'Eileen Fay'),
(3563, 954, 'eaque', 'Sunt aliquam nemo expedita accusantium rerum vel illo. Porro cumque est sequi quia earum aut blanditiis. Non officiis blanditiis reprehenderit quam omnis. Voluptatem maiores aliquam voluptatem sint id.', 'https://terrigen-cdn-dev.marvel.com/content/prod/1x/avengers50_infinitysaga_variant.jpg', 'Daphney Stark'),
(3564, 947, 'quo', 'Laboriosam minus possimus possimus sed nemo ipsa voluptas quia. Impedit expedita quibusdam accusantium. Nobis soluta mollitia voluptatibus et quae libero. Dolores libero qui quibusdam et est alias. Ut dignissimos veniam labore quia doloribus magni.', 'https://shop.sergiobonelli.it/resizer/1000/-1/true/1491832832859.jpg--le_dieci_tribu___martin_mystere_350_cover.jpg?1491832835000', 'Delaney Glover'),
(3565, 942, 'incidunt', 'Expedita praesentium possimus possimus sunt ut suscipit facilis. Inventore facere omnis ut ab est repudiandae optio. Aut impedit non vero ex deserunt. Autem necessitatibus officiis iure dolore. Vero et sint incidunt eum aut quia aliquid. Est quidem aut dolorum aut quibusdam.', 'https://images.omerlocdn.com/resize?url=https%3A%2F%2Fgcm.omerlocdn.com%2Fproduction%2Fglobal%2Ffiles%2Fimage%2Fb4ddd4dd-70a1-4977-8a46-559f77b48ccc.jpg&width=1200&type=jpeg&stripmeta=true', 'Gregg Morar'),
(3566, 945, 'eos doloremque', 'Sint similique error asperiores magni quos voluptate. Aliquid et quod aut dicta enim repellat. Magnam dolores nesciunt cupiditate porro qui facilis est. Veniam sunt eos itaque aut.', 'https://images-na.ssl-images-amazon.com/images/S/cmx-images-prod/Item/279507/279507._SX1280_QL80_TTD_.jpg', 'Leonor Balistreri'),
(3567, 942, 'quas', 'Sunt mollitia dolorem laboriosam. Amet et harum accusantium officiis non ullam. Quia non deserunt aut libero. Corporis facilis occaecati repellendus quaerat molestiae. Minima vitae quia quis iste omnis. Ullam exercitationem esse officiis et.', 'https://www.gamespot.com/a/uploads/original/1562/15626911/3002107-5032115-04-variant.jpg', 'Oscar Jaskolski'),
(3568, 943, 'optio fuga suscipit', 'Mollitia reprehenderit repellat quasi officiis. Excepturi repellat repellendus neque in. Dolorem ratione autem optio est. Neque quasi adipisci deleniti. Quasi reprehenderit magnam autem omnis enim.', 'https://static.wikia.nocookie.net/marveldatabase/images/d/d8/Deadpool_Vol_3_1.jpg/revision/latest?cb=20191227043225', 'Wendell Strosin'),
(3569, 945, 'commodi est voluptatibus', 'Nam aut maxime ratione voluptas dicta. Eveniet unde quia repellat quaerat velit reprehenderit eos quos. Rerum labore corrupti et et non repellendus. Odio blanditiis quae suscipit et rerum rerum voluptatem autem.', 'https://i0.wp.com/www.superpouvoir.com/wp-content/uploads/2021/04/Action-Comics-1033-cov-Sampere.jpg?resize=970%2C1491&ssl=1', 'Shane Botsford'),
(3570, 946, 'voluptatem', 'Voluptatum a cum voluptas iure. Magni tenetur minima fugit vel aut illum voluptatum. Quam ipsam iste eveniet recusandae deleniti. Velit non sunt neque quia culpa consequuntur temporibus voluptatem.', 'https://terrigen-cdn-dev.marvel.com/content/prod/1x/avengers50_infinitysaga_variant.jpg', 'Maida Trantow'),
(3571, 941, 'blanditiis voluptatem ad voluptate', 'Dolores ratione et id sit. Perferendis nulla possimus et repellat nesciunt ab.', 'https://mlpnk72yciwc.i.optimole.com/cqhiHLc.WqA8~2eefa/w:auto/h:auto/q:75/https://bleedingcool.com/wp-content/uploads/2020/09/TWDDLX01_Adams-Cover.jpg', 'Keira Bartoletti'),
(3572, 941, 'deleniti', 'Quaerat et in voluptas nam ut inventore quia eligendi. Nobis eligendi rerum explicabo illum ex quo soluta. Minus et sapiente doloribus accusamus est fugiat. Facilis labore dolores aliquid. Quo delectus labore praesentium facere et delectus nisi. Est dolores accusamus velit ut.', 'https://cdn2.originalcomics.fr/26776/buffy-contre-les-vampires-saison-8-tome-1-vf.jpg', 'Deshawn Lind'),
(3573, 940, 'et', 'Veniam aut commodi vel. Qui soluta necessitatibus illo et. Quod quae atque officia enim aut accusantium. Alias impedit non quia nam quia doloribus. Sit tempora mollitia velit non in. Omnis repellendus reiciendis explicabo quas aut et. Occaecati itaque ipsam repellat fugit qui.', 'https://i0.wp.com/www.superpouvoir.com/wp-content/uploads/2021/04/Action-Comics-1033-cov-Sampere.jpg?resize=970%2C1491&ssl=1', 'Fern Gerhold'),
(3574, 942, 'vero a corrupti earum', 'Ipsa omnis voluptatibus unde quia. Eos hic magni et quo quibusdam dolorum. Sed consequuntur excepturi quas laborum doloribus. Doloremque aut quisquam soluta non nesciunt rerum.', 'https://www.hallmark.com/dw/image/v2/AALB_PRD/on/demandware.static/-/Sites-hallmark-master/default/dw8ba9f1e5/images/finished-goods/Marvel-The-Amazing-SpiderMan-Comic-Book-Cover-Fathers-Day-Card-root-599FHE8966_PV.1.FHE8966.jpg_Source_Image.jpg?sw=1920', 'Godfrey Jacobs'),
(3575, 948, 'sit distinctio eum ea', 'Dolor perspiciatis ipsam sint blanditiis hic illo. Sed itaque fugiat id dolores. Amet fugit ducimus fuga quo. Impedit magni odit sit ducimus. Fugit nihil dolorum iure eum repellendus. Porro quo ab facilis ab dignissimos.', 'https://static.wikia.nocookie.net/marveldatabase/images/d/d8/Deadpool_Vol_3_1.jpg/revision/latest?cb=20191227043225', 'Gunnar Marks'),
(3576, 948, 'assumenda suscipit cum', 'Voluptatem non commodi esse fugit. Molestiae voluptatum delectus sunt quia ipsum. Maiores sunt eius et est temporibus ut illo. Maiores dolor adipisci pariatur placeat quo voluptatum.', 'https://images-na.ssl-images-amazon.com/images/I/81KsPBgzmtL.jpg', 'Clarissa Prosacco'),
(3577, 954, 'temporibus ut aut', 'Repellendus et aliquam facere quos illo qui accusantium excepturi. Qui beatae vero quia soluta nemo maxime repellat vitae. Officia laudantium blanditiis iste sunt inventore sapiente laudantium cupiditate.', 'https://mlpnk72yciwc.i.optimole.com/cqhiHLc.WqA8~2eefa/w:auto/h:auto/q:75/https://bleedingcool.com/wp-content/uploads/2020/09/TWDDLX01_Adams-Cover.jpg', 'Jonathan Von'),
(3578, 948, 'adipisci quo aliquam', 'Necessitatibus voluptas veniam est. Repellendus aut assumenda autem dolore possimus eum. Consequuntur mollitia aspernatur unde velit veritatis autem.', 'https://cdn-products.eneba.com/resized-products/5jDEHg3wge1U7YZJVCOM2BTq98NC5lraxlc__mT3bIg_350x200_3x-0.jpeg', 'Zechariah Jacobs'),
(3579, 941, 'voluptatem deleniti', 'Repudiandae ut quia ullam ut porro non sequi accusantium. Numquam non nobis nulla repudiandae magnam porro et nobis. Eum nihil qui eaque est dolor. Sint voluptatem velit sit eum pariatur. Optio rerum sint ab hic. Necessitatibus ut ipsa mollitia cumque.', 'https://images-na.ssl-images-amazon.com/images/I/71aGRDbG9WL.jpg', 'Vicky Nicolas'),
(3580, 946, 'veniam totam vel', 'Eum et pariatur aliquid natus doloribus. Exercitationem totam voluptatem est alias neque adipisci. Velit necessitatibus nobis repellat ab. Saepe autem animi aut saepe non. Deserunt perferendis sit voluptas inventore incidunt animi mollitia. Dicta eum sit at.', 'https://cdn001.tintin.com/public/tintin/img/static/the-shooting-star/the-shooting-star.jpg', 'Shannon Grimes'),
(3581, 952, 'libero reprehenderit vero', 'Reiciendis eveniet ex quaerat voluptate mollitia voluptatibus. Occaecati ut ut modi est et. Quia tempore voluptate pariatur iure minus doloribus. Excepturi repellendus qui quae voluptas. Dicta nostrum cumque dolor vitae et nobis. Voluptatum in dolorum consequuntur eum magni quis sit.', 'https://www.hallmark.com/dw/image/v2/AALB_PRD/on/demandware.static/-/Sites-hallmark-master/default/dw8ba9f1e5/images/finished-goods/Marvel-The-Amazing-SpiderMan-Comic-Book-Cover-Fathers-Day-Card-root-599FHE8966_PV.1.FHE8966.jpg_Source_Image.jpg?sw=1920', 'Johnny Harris'),
(3582, 940, 'rem quia eius ullam', 'Totam ut qui qui consequuntur cupiditate quo. Ab quaerat laborum ducimus voluptatibus repellendus. Sunt tempore et tempore tempora harum.', 'https://cdn2.originalcomics.fr/26776/buffy-contre-les-vampires-saison-8-tome-1-vf.jpg', 'Michel Carroll'),
(3583, 944, 'esse odit sint', 'Fugit facere officia optio facilis. Tempore aut officia quis magnam. Officia rerum porro ducimus id qui. Dolor ut quas sed enim. Dolorum reprehenderit consequuntur nulla enim et fugit et. Molestias voluptatum assumenda et.', 'https://bddi.2dcom.fr/LocalImageExists.php?ean=9782811215620&isize=full&gencod=3027166420000&key=DimetGmAYGQEsjiN', 'Esmeralda Block'),
(3584, 943, 'delectus necessitatibus nam minima', 'Ipsam in exercitationem aut delectus quo minima. Iure eum sit inventore nostrum suscipit ut non. Voluptatem exercitationem nam ut et illo rem quia. Sint debitis amet doloribus laudantium sunt omnis. Ducimus et vero inventore sed dolores incidunt.', 'https://cdn-products.eneba.com/resized-products/5jDEHg3wge1U7YZJVCOM2BTq98NC5lraxlc__mT3bIg_350x200_3x-0.jpeg', 'Jacinthe Torp'),
(3585, 951, 'tenetur', 'Labore cumque velit occaecati consequatur maxime illo. Eum voluptates nostrum vero accusantium. Quod quaerat aperiam iste aut. Eos aut nihil odio. Repudiandae eaque qui minus nam adipisci sit quia.', 'https://c8.alamy.com/compfr/t27dd2/italie-1973-premiere-edition-de-marvel-comic-books-couvrir-de-captain-america-t27dd2.jpg', 'Oceane Keebler'),
(3586, 952, 'veritatis corrupti', 'Voluptate eos libero necessitatibus quis. Voluptatem quidem occaecati qui quisquam velit totam. Quo velit enim doloremque vero et consequatur modi. Beatae hic quia animi molestiae iusto quia.', 'https://i0.wp.com/www.superpouvoir.com/wp-content/uploads/2021/04/Action-Comics-1033-cov-Sampere.jpg?resize=970%2C1491&ssl=1', 'Edgardo Macejkovic'),
(3587, 944, 'odit voluptatibus possimus voluptas', 'Vitae consequatur velit debitis corporis expedita necessitatibus. Doloribus quod earum unde architecto. Blanditiis et voluptatem possimus. Aliquid qui rerum qui nisi corporis aut.', 'https://cdn-products.eneba.com/resized-products/5jDEHg3wge1U7YZJVCOM2BTq98NC5lraxlc__mT3bIg_350x200_3x-0.jpeg', 'Jazmyne Lindgren'),
(3588, 953, 'et', 'Sit totam est aliquid sit sint. Eum cum consequuntur necessitatibus est atque. Ab ea enim doloremque molestiae sit corrupti ullam. Voluptas quia quam qui voluptatem minima modi distinctio.', 'https://images-na.ssl-images-amazon.com/images/S/cmx-images-prod/Item/279507/279507._SX1280_QL80_TTD_.jpg', 'Jaquelin Daugherty'),
(3589, 951, 'quia', 'Impedit veniam accusantium aut delectus nisi omnis minima quia. Rerum eos voluptatem numquam et. Error optio voluptatem et quia cumque excepturi. Saepe quia quam odio dolores consequatur ipsum magni. Rem quia nisi iste omnis aut nostrum rem. Dicta ad sint quia saepe.', 'https://images-na.ssl-images-amazon.com/images/I/81KsPBgzmtL.jpg', 'Liliana Johnston'),
(3590, 939, 'ex qui', 'Ut eveniet excepturi natus delectus assumenda. Sit beatae aspernatur ducimus aut ex recusandae voluptatibus. Occaecati possimus soluta laboriosam vero. Dolorum odit voluptas doloremque numquam neque quibusdam assumenda accusamus. Quibusdam porro nobis maxime ut. Ea consequatur atque quia autem.', 'https://c8.alamy.com/compfr/t27dd2/italie-1973-premiere-edition-de-marvel-comic-books-couvrir-de-captain-america-t27dd2.jpg', 'Newell Sawayn'),
(3591, 954, 'magni expedita dolorem ut', 'A ducimus provident dolorem. Eligendi enim aut dolore eius ad deserunt. Qui beatae sit et odio sed ullam adipisci. Necessitatibus et sunt aliquid est. Odit quos modi omnis eaque cum. Ipsum animi tempore et dicta modi.', 'https://images-na.ssl-images-amazon.com/images/I/81KsPBgzmtL.jpg', 'Ambrose Bode'),
(3592, 945, 'earum ex explicabo dolore', 'Corrupti quam iusto dicta rerum voluptatem. Dolore architecto est neque soluta et tenetur. Nulla neque eligendi est sit quis autem. Et labore perspiciatis dolores magni.', 'https://i0.wp.com/www.superpouvoir.com/wp-content/uploads/2021/04/Action-Comics-1033-cov-Sampere.jpg?resize=970%2C1491&ssl=1', 'Meagan Cummerata'),
(3593, 948, 'sint explicabo voluptate reiciendis', 'Dolor illum est eligendi quo. A velit necessitatibus quos ut ipsam quae sed. Quo illum voluptates nulla. Est eum aut delectus inventore deleniti. Voluptates rerum vero facere voluptates. Nihil nihil et eaque molestias.', 'https://images.omerlocdn.com/resize?url=https%3A%2F%2Fgcm.omerlocdn.com%2Fproduction%2Fglobal%2Ffiles%2Fimage%2Fb4ddd4dd-70a1-4977-8a46-559f77b48ccc.jpg&width=1200&type=jpeg&stripmeta=true', 'Brian Kreiger'),
(3594, 940, 'incidunt asperiores sed', 'Asperiores asperiores fugit quia est. Libero maiores laborum nemo nihil consequuntur. Quasi et nostrum quod totam iste. Et numquam eos recusandae architecto perspiciatis.', 'https://images-na.ssl-images-amazon.com/images/I/71aGRDbG9WL.jpg', 'Rigoberto Mills'),
(3595, 942, 'necessitatibus quae consequatur', 'Sunt vel nam pariatur aspernatur. Quidem nulla eum saepe iusto porro. A non ea ea. Quis quia vero rem quam voluptatibus soluta. Doloribus magnam reprehenderit velit perspiciatis deleniti id. Esse sed asperiores rerum enim necessitatibus ut. Omnis voluptas ipsa corporis maxime.', 'https://cdn001.tintin.com/public/tintin/img/static/the-shooting-star/the-shooting-star.jpg', 'Alta Dooley'),
(3596, 942, 'dolore deserunt', 'Illum alias et ut optio. Nam quibusdam maxime perspiciatis nemo voluptas illum. Ab quos asperiores fugit sunt. Et in repellendus possimus ut. Recusandae animi qui ad voluptatibus. Ipsam nemo placeat laborum magni esse.', 'https://cdn-products.eneba.com/resized-products/5jDEHg3wge1U7YZJVCOM2BTq98NC5lraxlc__mT3bIg_350x200_3x-0.jpeg', 'Cecile Schmitt'),
(3597, 949, 'dolore enim expedita', 'In assumenda impedit ea omnis eius sint unde reiciendis. Quia dolorum earum dicta sunt mollitia. Expedita deleniti vero quod officia voluptatem voluptate. Vel repellat tenetur accusamus animi dolorem exercitationem quos.', 'https://images-na.ssl-images-amazon.com/images/I/81KsPBgzmtL.jpg', 'Trystan Leuschke'),
(3598, 938, 'quasi eos', 'Corporis at eveniet dolorem similique sequi. Inventore facilis nisi consequatur aut quas a. Quis fuga error sequi distinctio a quae. Sunt quas ut deleniti dolorem consequatur.', 'https://i0.wp.com/www.superpouvoir.com/wp-content/uploads/2021/04/Action-Comics-1033-cov-Sampere.jpg?resize=970%2C1491&ssl=1', 'Manley Farrell'),
(3599, 939, 'assumenda ut distinctio', 'Voluptas natus qui accusamus minima. Voluptatem tempore minus fuga recusandae autem odit dolorem. Temporibus sint minus quia velit sed vel. Tenetur maxime deleniti quo rerum. Sed eligendi at quia. Error eaque quis sunt aut molestiae assumenda at. Rerum occaecati inventore et.', 'https://terrigen-cdn-dev.marvel.com/content/prod/1x/avengers50_infinitysaga_variant.jpg', 'Ronaldo Greenholt'),
(3600, 952, 'quia corporis', 'Qui molestiae vero earum beatae incidunt cum. A beatae iure mollitia occaecati inventore esse. Pariatur ut laboriosam quia. Voluptate totam et omnis et ut tempore. Eum optio enim vero ex. Et dolores ut quia hic modi.', 'https://shop.sergiobonelli.it/resizer/1000/-1/true/1491832832859.jpg--le_dieci_tribu___martin_mystere_350_cover.jpg?1491832835000', 'Morgan Beer');

-- --------------------------------------------------------

--
-- Structure de la table `comic_category`
--

CREATE TABLE `comic_category` (
  `id` int(11) NOT NULL,
  `name` varchar(50) COLLATE utf8mb4_unicode_ci NOT NULL
) ENGINE=InnoDB DEFAULT CHARSET=utf8mb4 COLLATE=utf8mb4_unicode_ci;

--
-- Déchargement des données de la table `comic_category`
--

INSERT INTO `comic_category` (`id`, `name`) VALUES
(937, 'Action / Aventure'),
(938, 'Humoristique'),
(939, 'Fantastique'),
(940, 'Heroic Fantasy'),
(941, 'Policier / Enquête'),
(942, 'Historique'),
(943, 'Horreur'),
(944, 'Arts Martiaux'),
(945, 'Musical'),
(946, 'Romance'),
(947, 'Science Fiction'),
(948, 'Sports'),
(949, 'Espionnage'),
(950, 'Steampunk'),
(951, 'Superhero'),
(952, 'Ados'),
(953, 'Guerre'),
(954, 'Western');

-- --------------------------------------------------------

--
-- Structure de la table `doctrine_migration_versions`
--

CREATE TABLE `doctrine_migration_versions` (
  `version` varchar(191) COLLATE utf8_unicode_ci NOT NULL,
  `executed_at` datetime DEFAULT NULL,
  `execution_time` int(11) DEFAULT NULL
) ENGINE=InnoDB DEFAULT CHARSET=utf8 COLLATE=utf8_unicode_ci;

--
-- Déchargement des données de la table `doctrine_migration_versions`
--

INSERT INTO `doctrine_migration_versions` (`version`, `executed_at`, `execution_time`) VALUES
('DoctrineMigrations\\Version20220106115344', '2022-01-06 11:55:50', 1060);

-- --------------------------------------------------------

--
-- Structure de la table `event`
--

CREATE TABLE `event` (
  `id` int(11) NOT NULL,
  `category_id` int(11) NOT NULL,
  `place_id` int(11) DEFAULT NULL,
  `owner_id` int(11) NOT NULL,
  `name` varchar(100) COLLATE utf8mb4_unicode_ci NOT NULL,
  `description` longtext COLLATE utf8mb4_unicode_ci NOT NULL,
  `picture` varchar(255) COLLATE utf8mb4_unicode_ci NOT NULL,
  `start_at` datetime NOT NULL,
  `end_at` datetime NOT NULL,
  `capacity` int(11) DEFAULT NULL
) ENGINE=InnoDB DEFAULT CHARSET=utf8mb4 COLLATE=utf8mb4_unicode_ci;

--
-- Déchargement des données de la table `event`
--

INSERT INTO `event` (`id`, `category_id`, `place_id`, `owner_id`, `name`, `description`, `picture`, `start_at`, `end_at`, `capacity`) VALUES
(3917, 597, 8273, 39950, 'dolor vel sapiente laboriosam dolore aliquam atque est quibusdam voluptatem', 'Quia eveniet aliquam pariatur autem asperiores itaque. Eius ipsum id odit a aliquam. Doloremque aliquam sed labore sit ea error dolor. Esse est pariatur deleniti est ipsa magnam. Omnis et quia impedit. Molestiae ratione molestiae unde quas. Et aut aliquam dolor enim accusamus fugiat.', 'https://www.presse-citron.net/app/uploads/2021/06/netflix-geeked-week-summer-game-fest-2021.jpeg', '2022-01-10 09:07:46', '2022-01-13 08:52:54', 93),
(3918, 600, 8292, 39861, 'voluptatibus quod autem aut alias at et velit', 'Dolores molestias sed quam tempora ipsam maiores eum similique. Est vero placeat amet. Quibusdam tempore exercitationem repellendus quia aut debitis. Aspernatur tempora enim nemo ex. Natus et sunt officiis omnis.', 'https://fr.web.img2.acsta.net/newsv7/20/06/30/12/28/5740456.jpg', '2022-06-23 15:33:46', '2022-06-25 08:14:21', 64),
(3919, 600, 8310, 39840, 'aut est non laborum veniam similique sit', 'Quis optio est ut laborum vitae enim est quae. Error porro sit adipisci assumenda et voluptas cumque. Quia atque doloribus deserunt recusandae. Quas iure consequatur tempora. Pariatur aut perspiciatis sed.', 'https://www.presse-citron.net/app/uploads/2021/05/koch-media-e3-conference.jpeg', '2022-05-11 12:39:31', '2022-05-13 05:40:37', 490),
(3920, 597, 8312, 40017, 'dolor voluptas similique commodi facere sit sed maiores temporibus quia', 'Dolor sint nihil magnam impedit et odit. Unde quasi aut aut similique non minima dolorem quaerat. Et omnis modi at et explicabo quis. Placeat dolores corrupti nemo. Eum consequuntur eum doloribus enim voluptatem voluptatibus sequi. Vitae minima ipsa atque quia distinctio voluptatem quaerat.', 'https://www.realite-virtuelle.com/wp-content/uploads/2020/11/pokemon-go-milliard-revenus.jpg', '2022-05-06 13:21:03', '2022-05-08 18:59:20', 7),
(3921, 602, NULL, 39756, 'eum quae est maiores', 'Quia quas eos eos maiores. Qui non accusamus placeat et nostrum provident. Nemo nesciunt alias recusandae alias eos sapiente error necessitatibus. Eos vel dolore omnis recusandae est.', 'https://images.ctfassets.net/s5n2t79q9icq/114xMnrR6RiLD15UxL8LYZ/ca73ec9fe59f654a150b543e05979181/Meta-Homepage.jpg', '2022-04-27 07:55:04', '2022-04-28 06:41:13', 382),
(3922, 597, 8307, 39804, 'sunt quis quasi eum', 'Est perspiciatis in ut ut et et assumenda. Magni voluptatibus dolor molestiae reiciendis modi. Omnis consequatur voluptatum eum occaecati atque aliquid deleniti quos.', 'https://www.presse-citron.net/app/uploads/2020/04/e3-online.jpg', '2022-03-22 13:49:18', '2022-03-24 20:58:43', 100),
(3923, 598, 8338, 39647, 'amet unde accusantium', 'Voluptatem officia autem possimus odio adipisci facere. Dolore qui occaecati earum non ut modi. Aut voluptate animi qui hic aut. Autem aut ipsa dolores praesentium tempore. Aliquam ea non alias unde omnis unde at aut. Asperiores reiciendis fugiat voluptates quibusdam soluta.', 'https://www.manga-news.com/public/images/events/geek-unchained-4.jpg', '2022-01-24 22:34:47', '2022-01-27 03:12:39', 83),
(3924, 597, 8336, 40096, 'modi harum doloribus doloremque quis', 'Explicabo beatae tempora eligendi maxime. Autem est delectus pariatur sit nulla similique. Velit voluptates aperiam dolore sint architecto. Sunt possimus iusto eaque rem deserunt. Rem dignissimos cupiditate sit ipsam aut totam et omnis.', 'https://www.presse-citron.net/app/uploads/2021/06/netflix-geeked-week-summer-game-fest-2021.jpeg', '2022-01-14 11:55:10', '2022-01-14 21:57:34', 378),
(3925, 602, 8289, 39810, 'rerum voluptates labore ex ipsam ipsa temporibus est cum sunt', 'Porro sint id sit quia nulla aut. Vel quia alias aut dolorem illum. Qui et dolor qui pariatur in ea corrupti.', 'https://i0.wp.com/www.nintendo-town.fr/wp-content/uploads/2019/04/H2x1_NSwitch_MortalKombat11_image1600w.jpg?fit=1600%2C800&ssl=1', '2022-07-01 01:23:40', '2022-07-03 13:18:22', 165),
(3926, 598, NULL, 39790, 'officiis veniam non quis', 'Voluptatum et aut voluptates in animi nulla. Animi eaque asperiores corrupti expedita earum iusto. Labore nisi qui nobis numquam fugit aspernatur occaecati occaecati. Sint omnis quam voluptatem. Quae incidunt inventore molestiae ipsum. Nesciunt dolore ratione dolor consectetur hic.', 'https://www.presse-citron.net/app/uploads/2020/04/e3-online.jpg', '2022-07-09 03:39:19', '2022-07-11 10:55:11', 188),
(3927, 601, 8321, 39941, 'distinctio est dolorem fugiat nostrum iste', 'Odit et nulla animi repudiandae veniam. Sunt consequatur hic eaque praesentium. Sint temporibus ipsa impedit. Consequatur aut maxime enim qui cupiditate dolor.', 'https://www.manga-news.com/public/images/events/geek-unchained-4.jpg', '2022-06-08 19:51:24', '2022-06-09 15:45:53', 318),
(3928, 597, 8277, 39958, 'ea earum rerum perferendis provident', 'Dolorem omnis nobis alias voluptas. Molestiae perspiciatis praesentium nostrum consequuntur vero. Quia iure eligendi eligendi aspernatur ut maxime.', 'https://images.ctfassets.net/s5n2t79q9icq/114xMnrR6RiLD15UxL8LYZ/ca73ec9fe59f654a150b543e05979181/Meta-Homepage.jpg', '2022-04-04 06:32:30', '2022-04-07 02:38:59', 203),
(3929, 601, 8329, 40022, 'eaque quo tempore et', 'Ut possimus odit quae rerum totam quia ducimus in. Unde pariatur consequatur error aut dicta sed corporis eos. Et et aut voluptas commodi. Perferendis dolor aspernatur delectus soluta modi in. Odio ut ut sit saepe cum fugiat qui. Libero vel quod neque. Unde rerum ut quia corporis dolore.', 'https://fr.web.img2.acsta.net/newsv7/20/06/30/12/28/5740456.jpg', '2022-02-04 16:58:41', '2022-02-05 08:28:36', 421),
(3930, 598, 8294, 39852, 'architecto sit neque fuga eos consectetur suscipit', 'Quia sed culpa amet atque. Numquam itaque rerum natus illum ut. Enim quos eius nihil molestiae dicta.', 'https://images.ctfassets.net/s5n2t79q9icq/114xMnrR6RiLD15UxL8LYZ/ca73ec9fe59f654a150b543e05979181/Meta-Homepage.jpg', '2022-04-24 08:34:14', '2022-04-26 12:29:29', 53),
(3931, 598, NULL, 39639, 'et odio aliquid repudiandae et vero ea provident sit', 'Odit numquam animi quidem reiciendis voluptates sit vel et. Doloribus aut dolores et est quasi debitis alias. Assumenda quo fuga distinctio impedit. Nesciunt illo illum ut ut odio. Quia quas ea sit quo ut repellat. Aut sequi ipsa reiciendis quo quae dolorum eum.', 'https://i0.wp.com/www.nintendo-town.fr/wp-content/uploads/2019/04/H2x1_NSwitch_MortalKombat11_image1600w.jpg?fit=1600%2C800&ssl=1', '2022-01-28 13:16:48', '2022-01-30 16:14:18', 217),
(3932, 601, 8270, 40025, 'voluptatem qui quidem et fugit ab ut sunt', 'Quo earum magnam aspernatur nostrum est. Quasi sunt sit eligendi qui consequuntur sed dolorem. Non voluptatem consequatur velit voluptatem occaecati. Accusantium sequi ut et ut voluptas.', 'https://www.presse-citron.net/app/uploads/2021/06/netflix-geeked-week-summer-game-fest-2021.jpeg', '2022-01-25 09:54:03', '2022-01-26 07:55:29', 362),
(3933, 597, 8301, 39746, 'perspiciatis voluptas odio', 'Quis quis deserunt officiis ipsa consequatur. Qui qui in maxime aperiam velit vero. Occaecati unde libero ut id quia sed optio. Est recusandae aperiam omnis incidunt commodi voluptas ad. Porro ipsam quo ex eius.', 'https://www.presse-citron.net/app/uploads/2020/04/e3-online.jpg', '2022-01-31 23:31:56', '2022-02-01 10:59:18', 334),
(3934, 598, 8328, 39725, 'nobis dicta perspiciatis culpa quia sed', 'Vel doloribus modi alias dolorem sunt. Repellat blanditiis ad perspiciatis id. Odit eos earum et. Natus sunt quia rerum et quia et. Suscipit nisi qui non rerum nobis. Nesciunt quae rem magni impedit cupiditate reiciendis.', 'https://i0.wp.com/www.nintendo-town.fr/wp-content/uploads/2019/04/H2x1_NSwitch_MortalKombat11_image1600w.jpg?fit=1600%2C800&ssl=1', '2022-06-01 21:07:55', '2022-06-04 03:01:38', 406),
(3935, 597, 8287, 39918, 'nulla et eaque repellat rerum deserunt voluptatem dolorem distinctio minus', 'Ut laboriosam nobis occaecati aliquid sed. Sapiente fugiat sit nihil occaecati. Impedit repellendus nisi ut natus. Aut voluptas voluptas dolor iure. Unde aspernatur praesentium harum voluptatum rerum sit magnam sed. Qui eaque et excepturi enim.', 'https://www.presse-citron.net/app/uploads/2021/06/netflix-geeked-week-summer-game-fest-2021.jpeg', '2022-05-11 08:41:38', '2022-05-13 13:35:06', 381),
(3936, 600, NULL, 39985, 'incidunt rerum doloremque et ipsa quia', 'Dolorem aut quo ratione nostrum. In minima maiores asperiores. Aliquid saepe ipsam veritatis exercitationem maxime.', 'https://www.realite-virtuelle.com/wp-content/uploads/2020/11/pokemon-go-milliard-revenus.jpg', '2022-03-15 14:32:42', '2022-03-17 17:17:04', 4),
(3937, 601, 8291, 39980, 'nihil et aut dignissimos non praesentium dolorum et enim quam', 'Ea est ratione unde perferendis est recusandae sed. Velit maxime aliquam natus ab necessitatibus doloribus labore. Fuga aliquam provident velit. Odio sunt sit molestiae. Enim eveniet aut numquam unde labore est ut. Voluptas alias quidem sit ipsum. Et velit fugiat quos voluptatum quisquam dolor.', 'https://www.miraigamers.com/wp-content/uploads/2021/07/Yu-Gi-Oh-Master-Duel-arrive-sur-tous-les-supports-pret-pour-le-Duel.jpg', '2022-07-06 17:22:21', '2022-07-08 13:01:05', 228),
(3938, 600, 8285, 39678, 'id qui atque exercitationem ipsa', 'Minima vitae dolorem vitae dolores delectus excepturi. Quia odit aut praesentium dolore consequatur. Sed molestiae beatae reprehenderit occaecati eum dolorem libero. Repellat nulla quibusdam et aspernatur illum eaque qui.', 'https://www.presse-citron.net/app/uploads/2020/04/e3-online.jpg', '2022-02-09 00:16:57', '2022-02-09 19:01:18', 51),
(3939, 597, 8321, 39719, 'suscipit consequatur esse sit minus veritatis dolorem a quis', 'Consectetur libero iure expedita fugit. Fugiat quod provident qui quo. Et incidunt sint quisquam voluptate aspernatur sit et.', 'https://data.1freewallpapers.com/download/dota-2-1280x720.jpg', '2022-04-23 02:00:28', '2022-04-23 15:13:17', 29),
(3940, 598, 8313, 39822, 'autem rerum explicabo', 'Mollitia maiores deleniti impedit quia quasi accusamus omnis. Dicta quibusdam quaerat labore minima laudantium autem. Assumenda ut est aut. Et sit quos eum similique impedit.', 'https://data.1freewallpapers.com/download/dota-2-1280x720.jpg', '2022-04-23 15:04:36', '2022-04-25 02:02:44', 269),
(3941, 601, NULL, 39998, 'quia aut ullam qui molestiae aut sit autem labore', 'Officia non molestias suscipit et enim atque modi. Et porro aliquid distinctio reiciendis iusto quibusdam. Odio nisi odit facilis tempore similique ducimus. Quam iste quia sed molestiae consequuntur. Distinctio aut inventore et et eveniet cumque ut qui. Quis eum sunt doloribus.', 'https://images.ctfassets.net/s5n2t79q9icq/114xMnrR6RiLD15UxL8LYZ/ca73ec9fe59f654a150b543e05979181/Meta-Homepage.jpg', '2022-04-23 18:45:26', '2022-04-26 17:25:49', 100),
(3942, 598, 8340, 40096, 'nesciunt aut eos omnis recusandae soluta est voluptate debitis hic', 'Autem neque et dolor recusandae. Et enim labore vitae nemo id et laborum. Velit earum numquam blanditiis quis. Aut et excepturi qui non.', 'https://i0.wp.com/www.nintendo-town.fr/wp-content/uploads/2019/04/H2x1_NSwitch_MortalKombat11_image1600w.jpg?fit=1600%2C800&ssl=1', '2022-01-31 07:24:10', '2022-02-03 04:14:20', 212),
(3943, 601, 8285, 39985, 'in adipisci accusamus et odio sit est nobis ut', 'Iste iste asperiores omnis deserunt excepturi. Quo laboriosam voluptatem amet. Nostrum ducimus qui vel et eius. Nulla explicabo voluptas ea. Placeat consequatur quo veniam assumenda et neque error voluptatem. Aut voluptas quia velit dolorem eum nam. Cupiditate sed quo quasi et sunt at sint et.', 'https://www.presse-citron.net/app/uploads/2021/06/netflix-geeked-week-summer-game-fest-2021.jpeg', '2022-03-29 03:39:07', '2022-03-30 06:44:38', 110),
(3944, 602, 8297, 39893, 'iste consectetur atque', 'Rerum consectetur beatae blanditiis vitae voluptate et. Ea sit magni consequatur. Sint explicabo ipsa et libero voluptatibus. Quia vitae nihil nemo corrupti veniam. Assumenda beatae et est. Aut iusto harum dolor totam dolorem.', 'https://www.miraigamers.com/wp-content/uploads/2021/07/Yu-Gi-Oh-Master-Duel-arrive-sur-tous-les-supports-pret-pour-le-Duel.jpg', '2022-05-16 15:17:46', '2022-05-18 11:48:14', 87),
(3945, 600, 8341, 39815, 'quis soluta cupiditate nihil quidem qui similique', 'Praesentium omnis voluptas in quis magni. Assumenda minus enim molestiae. Et inventore qui reprehenderit facilis ut dolorum. Iusto laborum pariatur veniam blanditiis id. Id exercitationem ut porro. Quaerat voluptatem et pariatur. Maxime et quidem occaecati exercitationem odit.', 'https://fr.web.img2.acsta.net/newsv7/20/06/30/12/28/5740456.jpg', '2022-06-14 14:51:32', '2022-06-17 03:25:59', 329),
(3946, 597, NULL, 40063, 'et cumque eos voluptates repudiandae minima veniam quia sapiente', 'Ut qui quibusdam aut aspernatur. Officia unde iste quia nesciunt. Totam rerum quia beatae quo esse possimus molestiae. Quae ut enim ipsam consectetur rerum fuga quidem. Repudiandae eos voluptatem dolores qui corrupti magnam et officia.', 'https://i0.wp.com/www.nintendo-town.fr/wp-content/uploads/2019/04/H2x1_NSwitch_MortalKombat11_image1600w.jpg?fit=1600%2C800&ssl=1', '2022-05-06 16:36:47', '2022-05-08 21:22:12', 406),
(3947, 601, 8307, 39871, 'earum consectetur aut minus qui esse placeat dicta', 'Ut iste est qui nemo. Quia et eos expedita qui nam. Voluptas officiis earum porro vel ut quis atque necessitatibus. Sint animi harum id aut laborum tempore. Quo rerum aut enim molestiae. Blanditiis in sed rerum. Id rerum sapiente nisi iure.', 'https://www.presse-citron.net/app/uploads/2020/04/e3-online.jpg', '2022-02-04 04:15:34', '2022-02-05 17:11:55', 430),
(3948, 601, 8254, 39850, 'in numquam voluptas voluptates asperiores rerum', 'Dignissimos sunt ex repellat veniam sed reiciendis. Quasi rerum voluptate id rerum perferendis. Sed natus qui iusto sunt repudiandae quidem. Ut sed voluptatem reiciendis debitis praesentium. Voluptatem vel veniam deleniti sint porro facere. Occaecati aut vel molestiae porro.', 'https://www.presse-citron.net/app/uploads/2021/06/netflix-geeked-week-summer-game-fest-2021.jpeg', '2022-06-26 20:48:36', '2022-06-29 16:24:03', 359),
(3949, 599, 8265, 39876, 'qui fugit quasi commodi unde voluptas', 'Qui incidunt fugiat saepe. Ut tenetur error similique architecto. Aperiam nostrum quos incidunt qui eveniet. Rerum illum natus occaecati et id. Officiis et quo iure iusto voluptatem modi quis. Hic animi accusamus veniam error. Doloribus et debitis inventore impedit.', 'https://i0.wp.com/www.nintendo-town.fr/wp-content/uploads/2019/04/H2x1_NSwitch_MortalKombat11_image1600w.jpg?fit=1600%2C800&ssl=1', '2022-01-14 12:18:27', '2022-01-16 17:45:16', 380),
(3950, 599, 8349, 40070, 'hic dicta iste', 'Non quis et et aperiam quam officia porro sint. Rem corrupti occaecati praesentium et doloremque velit. Molestiae autem cum soluta eos. Eum consequatur eos excepturi dolore ex nulla.', 'https://data.1freewallpapers.com/download/dota-2-1280x720.jpg', '2022-04-30 04:12:00', '2022-04-30 04:19:14', 438),
(3951, 601, NULL, 40064, 'vel asperiores voluptatem saepe excepturi', 'Explicabo architecto dolorem dicta quod dolores. Velit dignissimos eligendi qui. Et illum qui veniam in. Ab quia soluta quia quis. Voluptas veniam commodi quia sequi. Ut optio rerum totam ea error vitae. Rerum velit vitae tenetur in.', 'https://data.1freewallpapers.com/download/dota-2-1280x720.jpg', '2022-04-19 22:11:11', '2022-04-22 05:11:02', 158),
(3952, 597, 8343, 39842, 'occaecati doloribus id suscipit accusamus et ducimus cupiditate', 'Aut perspiciatis quis unde iusto eos. Placeat exercitationem incidunt fuga dolores ad vel optio. Qui labore debitis corrupti atque illo ducimus qui recusandae. Facere et omnis qui eos praesentium vel aut. Nulla maiores cumque tenetur ea rerum nisi non quasi. Corrupti rerum omnis non autem est ea.', 'https://github.com/audrey-ebrotie/wonderGeek/blob/develop/public/img/events/encheres_geek.jpeg', '2022-02-22 17:12:49', '2022-02-22 18:49:21', 403),
(3953, 599, 8257, 39776, 'veritatis iste eveniet ea impedit nesciunt nisi', 'Enim molestiae ea minima id neque nisi vel. Odit voluptates accusamus minus molestiae consectetur. Nihil quo voluptatem vel a dolor. Sit doloribus quam et voluptatem. Assumenda voluptas ut atque quas voluptatum quaerat. Laborum accusamus assumenda id qui aut quam. Veritatis et qui rem.', 'https://www.presse-citron.net/app/uploads/2021/06/netflix-geeked-week-summer-game-fest-2021.jpeg', '2022-02-07 19:42:36', '2022-02-10 19:10:11', 382),
(3954, 601, 8300, 39754, 'et adipisci et tempora illo rerum consequatur odio hic explicabo', 'Facilis aut omnis explicabo vitae rerum eveniet. Nam ut reprehenderit recusandae laudantium. In dignissimos natus mollitia non optio tempore. Officia vel et minima mollitia.', 'https://www.presse-citron.net/app/uploads/2021/06/netflix-geeked-week-summer-game-fest-2021.jpeg', '2022-01-26 06:41:11', '2022-01-28 22:55:05', 161),
(3955, 602, 8336, 40040, 'non a corporis odio', 'In explicabo aut fuga odit. Nesciunt porro ex officia laboriosam. Temporibus quod placeat et perspiciatis facilis consequuntur dolorem. Quae voluptatem dolorum omnis ipsum velit ea. Perspiciatis exercitationem totam labore et. Ea libero nulla dolor hic ex. Est voluptatem non aperiam.', 'https://data.1freewallpapers.com/download/dota-2-1280x720.jpg', '2022-04-07 13:31:52', '2022-04-10 07:47:37', 318),
(3956, 601, NULL, 40011, 'ea molestiae qui accusamus corporis ab architecto quia est', 'Saepe quia distinctio sed illo. Quasi cum sapiente ut facere adipisci. Fugit culpa magnam deleniti dolor quia exercitationem sed. Voluptatem sit ea voluptatem repellat suscipit.', 'https://www.miraigamers.com/wp-content/uploads/2021/07/Yu-Gi-Oh-Master-Duel-arrive-sur-tous-les-supports-pret-pour-le-Duel.jpg', '2022-06-15 03:41:07', '2022-06-16 04:57:54', 142),
(3957, 602, 8325, 39847, 'itaque qui reiciendis aspernatur consequatur qui porro', 'Libero totam sit ea similique magni alias aut. Voluptatibus consequatur explicabo quibusdam alias consequatur. Autem molestiae necessitatibus odio omnis. Minus et amet dolor dolorem.', 'https://fr.web.img2.acsta.net/newsv7/20/06/30/12/28/5740456.jpg', '2022-03-12 02:15:40', '2022-03-13 18:54:37', 232),
(3958, 599, 8307, 39914, 'quia nesciunt exercitationem voluptatem consequuntur fuga ab cum reprehenderit', 'Dolore accusamus distinctio similique animi ut quia. Quaerat aut dolor ea excepturi optio repellendus qui corporis. Reiciendis voluptatum voluptas atque assumenda ipsam. Nesciunt pariatur ut laudantium velit eum inventore aut.', 'https://www.manga-news.com/public/images/events/geek-unchained-4.jpg', '2022-02-26 15:17:36', '2022-03-01 13:11:46', 393),
(3959, 601, 8256, 40034, 'repellendus omnis ad animi omnis omnis sunt aspernatur', 'Est qui quaerat non esse sit non iure. Maiores voluptatum omnis placeat sint deserunt excepturi adipisci. Nostrum nesciunt deserunt perferendis ratione. Voluptatem et qui placeat sapiente eum ad expedita.', 'https://www.presse-citron.net/app/uploads/2020/04/e3-online.jpg', '2022-04-13 00:36:55', '2022-04-13 22:52:22', 468),
(3960, 600, 8267, 39958, 'deleniti rerum repellat et ea reiciendis deserunt', 'Veritatis facilis laudantium dolor quas voluptas consequatur laborum. Facere ea ea enim consequatur aperiam est dolor. Consequuntur quam consectetur perspiciatis. Fugiat voluptatem dolorem expedita et quasi.', 'https://fr.web.img2.acsta.net/newsv7/20/06/30/12/28/5740456.jpg', '2022-04-30 03:29:56', '2022-05-01 23:06:52', 105),
(3961, 598, NULL, 39904, 'incidunt quas provident sint eum', 'Rerum aliquam cumque dolore sit eos atque culpa iure. Ducimus amet voluptatibus et quis sint qui ea est. Mollitia a eligendi quia dicta voluptas sed sed. Enim dignissimos nobis nostrum accusantium. Id maiores tenetur quia eum dolorem modi odit.', 'https://www.presse-citron.net/app/uploads/2021/06/netflix-geeked-week-summer-game-fest-2021.jpeg', '2022-05-07 15:34:49', '2022-05-09 02:57:14', 21),
(3962, 598, 8309, 40053, 'ea sunt iure consequuntur', 'Voluptas illum accusamus voluptas id earum porro libero. Incidunt fuga occaecati reiciendis aut eum magnam molestiae. Cum earum incidunt quia quia.', 'https://www.presse-citron.net/app/uploads/2021/05/koch-media-e3-conference.jpeg', '2022-04-15 05:53:24', '2022-04-15 17:49:33', 301),
(3963, 601, 8302, 39995, 'et sit vitae veritatis dolorem', 'Voluptates magni est quo magnam est. A sit nihil in placeat ea. Veniam expedita placeat ex aut deleniti adipisci. Aperiam quia magni aut autem. Soluta porro ut similique dolore veritatis animi facilis. Voluptas ducimus repellat eaque veniam.', 'https://data.1freewallpapers.com/download/dota-2-1280x720.jpg', '2022-03-27 07:35:17', '2022-03-30 06:07:42', 242),
(3964, 598, 8326, 40089, 'sit quam blanditiis quis maxime eligendi', 'Suscipit ut ut nihil reiciendis reprehenderit qui. Libero adipisci aut in non laboriosam quia magni. Eaque inventore dolorum sed fugit nostrum cum aperiam.', 'https://i0.wp.com/www.nintendo-town.fr/wp-content/uploads/2019/04/H2x1_NSwitch_MortalKombat11_image1600w.jpg?fit=1600%2C800&ssl=1', '2022-01-30 14:22:19', '2022-02-01 20:06:32', 395),
(3965, 597, 8260, 40099, 'labore occaecati autem voluptatum aut quis beatae aut qui dignissimos', 'Corrupti qui et rerum ratione est est cupiditate. Qui quam sit rerum non voluptas. Quo accusamus eum molestiae quaerat quia. Provident eos magni vitae dolores et natus adipisci. Error laborum quia et est. Architecto quisquam sunt hic vel. Voluptatem enim tenetur at deleniti rerum cum ut quia.', 'https://i0.wp.com/www.nintendo-town.fr/wp-content/uploads/2019/04/H2x1_NSwitch_MortalKombat11_image1600w.jpg?fit=1600%2C800&ssl=1', '2022-04-28 22:20:43', '2022-04-29 00:34:50', 91),
(3966, 601, NULL, 40065, 'quae numquam ipsam eos pariatur odio quis non animi', 'Dolor enim in accusamus nam assumenda pariatur. Iusto voluptatem nam labore. Expedita necessitatibus iste non optio. Recusandae ut sapiente facilis voluptatem omnis neque debitis.', 'https://img.redbull.com/images/c_limit,w_1500,h_1000,f_auto,q_auto/redbullcom/2019/11/08/fc0f91de-3998-4be5-b50e-96d8d9e0cd45/lol-10-ans-league-of-legends', '2022-03-14 03:31:38', '2022-03-14 20:54:05', 149),
(3967, 601, 8345, 39693, 'non suscipit dolor', 'Eos maiores sit voluptatem necessitatibus cum asperiores aut. Laborum nihil maxime quia qui quia molestiae dolor. Fugiat nesciunt vel in et quaerat. Quas eum dicta architecto fugiat. Vero deserunt provident totam nobis enim iure quo.', 'https://data.1freewallpapers.com/download/dota-2-1280x720.jpg', '2022-03-14 19:02:33', '2022-03-16 12:52:27', 484),
(3968, 599, 8289, 39867, 'vero nesciunt ipsam vel libero', 'Officiis est voluptate quae. Consequatur velit numquam et. Ratione et sint maiores. Dicta perspiciatis nihil perspiciatis quam temporibus veritatis reprehenderit. Nihil animi laborum qui temporibus minus aut. Et quam corporis reiciendis ullam.', 'https://www.presse-citron.net/app/uploads/2020/04/e3-online.jpg', '2022-05-12 19:21:45', '2022-05-13 04:01:40', 59),
(3969, 601, 8283, 39749, 'omnis aut exercitationem', 'Sit eum mollitia molestiae minus perspiciatis. Beatae dolorum praesentium perspiciatis possimus. In non et qui distinctio ad incidunt. Aliquam ut vero distinctio hic libero. Est voluptatum nesciunt temporibus temporibus quia. Iste nesciunt nisi aliquid provident sed.', 'https://data.1freewallpapers.com/download/dota-2-1280x720.jpg', '2022-02-08 18:40:27', '2022-02-11 03:45:03', 396),
(3970, 600, 8295, 39786, 'et saepe eum sed dolores non non voluptates adipisci natus', 'Alias aut natus sit repudiandae alias nam. Officiis quidem rem modi eligendi veniam. Perspiciatis incidunt quos dolorum provident exercitationem. Doloremque saepe aspernatur quia autem eum. Consequatur aliquam cum quam consequatur sapiente.', 'https://www.presse-citron.net/app/uploads/2021/06/netflix-geeked-week-summer-game-fest-2021.jpeg', '2022-03-29 09:38:29', '2022-04-01 02:58:24', 75),
(3971, 599, NULL, 39993, 'neque sed voluptatibus', 'Delectus corrupti amet incidunt provident porro ea quisquam nostrum. Labore ex recusandae nisi distinctio neque et. Laudantium ut ipsam repellendus omnis natus explicabo deleniti iure. Itaque sequi molestiae earum soluta consequuntur ipsa. Magni provident error veritatis rem.', 'https://www.presse-citron.net/app/uploads/2021/05/koch-media-e3-conference.jpeg', '2022-06-14 07:34:23', '2022-06-16 14:31:20', 72),
(3972, 601, 8284, 39868, 'corrupti beatae aut praesentium maiores saepe molestias', 'Iste et alias numquam et consequatur officia rem. Quos commodi voluptas maxime. Illo ducimus exercitationem dolorum esse iure. Et et aut nam non possimus eligendi. Voluptas voluptate aut sunt. Tempora ad ut amet sint laudantium voluptate maiores est.', 'https://fr.web.img2.acsta.net/newsv7/20/06/30/12/28/5740456.jpg', '2022-01-19 09:04:50', '2022-01-20 00:39:25', 445),
(3973, 602, 8313, 39912, 'optio sit et quas ad dicta omnis et accusamus', 'Et quibusdam qui vel. Omnis eos possimus iste aliquam quo. Ut dolorum voluptates earum quia. Aspernatur incidunt corrupti a officia eos ut.', 'https://www.miraigamers.com/wp-content/uploads/2021/07/Yu-Gi-Oh-Master-Duel-arrive-sur-tous-les-supports-pret-pour-le-Duel.jpg', '2022-02-13 16:58:55', '2022-02-15 09:25:20', 17),
(3974, 600, 8259, 39720, 'quibusdam nihil ex odit laudantium non voluptates est recusandae', 'Ex esse consequuntur accusamus rem id et vel. Quibusdam at nisi officiis unde sed aut consectetur. Tenetur et laborum quae sint dignissimos vel. Vero officiis qui ex sit harum mollitia eos.', 'https://www.realite-virtuelle.com/wp-content/uploads/2020/11/pokemon-go-milliard-revenus.jpg', '2022-06-18 00:08:42', '2022-06-18 05:08:38', 116),
(3975, 601, 8290, 40059, 'quo qui aspernatur assumenda nihil', 'Expedita expedita et vitae corrupti natus mollitia. Veritatis architecto voluptatem velit impedit repellendus quis. Maxime commodi expedita eius ipsa odit consectetur in. Commodi ipsam nostrum ad vero cumque.', 'https://www.miraigamers.com/wp-content/uploads/2021/07/Yu-Gi-Oh-Master-Duel-arrive-sur-tous-les-supports-pret-pour-le-Duel.jpg', '2022-05-02 14:02:27', '2022-05-05 12:00:32', 432),
(3976, 598, NULL, 39708, 'dolores sed molestiae laboriosam rerum explicabo enim neque', 'Consequatur enim dolorem quas est consequuntur suscipit voluptatem molestias. Sit temporibus sunt odio veritatis atque repellendus placeat. Ex iusto vero quos nemo nobis.', 'https://img.redbull.com/images/c_limit,w_1500,h_1000,f_auto,q_auto/redbullcom/2019/11/08/fc0f91de-3998-4be5-b50e-96d8d9e0cd45/lol-10-ans-league-of-legends', '2022-01-13 13:31:32', '2022-01-13 15:15:23', 332),
(3977, 602, 8300, 39981, 'minus aliquid incidunt maiores', 'Ullam voluptatem consequatur commodi inventore qui sint neque quia. Inventore qui quibusdam voluptatem. Dolorum ipsum ipsum ab sed qui ea ut. Eum et id illo est reiciendis.', 'https://www.miraigamers.com/wp-content/uploads/2021/07/Yu-Gi-Oh-Master-Duel-arrive-sur-tous-les-supports-pret-pour-le-Duel.jpg', '2022-01-05 11:16:57', '2022-01-07 21:16:30', 39),
(3978, 600, 8319, 39754, 'dolores velit nisi repudiandae fugit a nihil nesciunt', 'Consequatur id at et aut aperiam. Eaque autem eius harum ut et ipsa eum. Quia ut facilis provident rerum incidunt et. Cupiditate error placeat dolor autem ad et.', 'https://www.realite-virtuelle.com/wp-content/uploads/2020/11/pokemon-go-milliard-revenus.jpg', '2022-03-04 10:01:05', '2022-03-07 04:49:53', 332),
(3979, 601, 8285, 39840, 'sint non a aut enim velit nobis ea ipsa', 'Accusamus et enim nulla explicabo voluptas. Qui eius delectus laboriosam repellendus doloremque. Quo nihil architecto doloremque numquam.', 'https://fr.web.img2.acsta.net/newsv7/20/06/30/12/28/5740456.jpg', '2022-02-05 17:59:52', '2022-02-08 01:21:03', 42),
(3980, 600, 8319, 39720, 'ut libero vel harum', 'Enim non incidunt omnis. Debitis perspiciatis error quos ratione magni. Cupiditate non facere totam magni accusantium architecto. Tempora illo possimus ut repellat iusto et. Debitis quidem fugiat quos est omnis.', 'https://i0.wp.com/www.nintendo-town.fr/wp-content/uploads/2019/04/H2x1_NSwitch_MortalKombat11_image1600w.jpg?fit=1600%2C800&ssl=1', '2022-01-15 13:28:01', '2022-01-17 09:40:35', 9),
(3981, 601, NULL, 39863, 'occaecati consequatur distinctio sunt recusandae suscipit', 'Officiis accusamus nulla laboriosam sed soluta error quo. Corrupti doloremque animi consectetur. Labore accusamus esse autem libero. Harum dolor officiis excepturi dolore beatae pariatur. Qui et et est cum et.', 'https://data.1freewallpapers.com/download/dota-2-1280x720.jpg', '2022-01-25 01:22:33', '2022-01-25 14:24:51', 254),
(3982, 600, 8311, 40074, 'magnam suscipit et voluptates a vero est', 'Omnis sapiente sit iure vel. Voluptatem fugit distinctio ut cupiditate. Qui placeat ipsum eum voluptas animi cupiditate nostrum. Voluptatem enim qui aliquam omnis. Enim aut rerum ad corporis et. Cum eum ea culpa laborum ab. Nisi occaecati qui voluptatem.', 'https://i0.wp.com/www.nintendo-town.fr/wp-content/uploads/2019/04/H2x1_NSwitch_MortalKombat11_image1600w.jpg?fit=1600%2C800&ssl=1', '2022-03-19 00:56:58', '2022-03-21 11:06:56', 91),
(3983, 600, 8314, 39781, 'aperiam est vel ab', 'Nihil incidunt voluptatum nam aut voluptatum. Quo voluptatibus velit minima dolorem delectus eaque. Cumque similique laboriosam inventore et dolore repudiandae occaecati. Sed omnis dolore sapiente aliquam rerum.', 'https://data.1freewallpapers.com/download/dota-2-1280x720.jpg', '2022-05-28 12:45:34', '2022-05-30 06:54:24', 213),
(3984, 598, 8267, 39790, 'quis sed labore', 'Fugiat eligendi aliquid omnis. Commodi reprehenderit autem reprehenderit aut. Dicta aperiam voluptatum quia aperiam excepturi. Et voluptate libero non quisquam. Aspernatur quos quod laudantium laudantium sunt incidunt corporis. Dolorum corporis ex suscipit soluta qui.', 'https://www.presse-citron.net/app/uploads/2020/04/e3-online.jpg', '2022-04-07 03:27:27', '2022-04-08 18:44:32', 328),
(3985, 601, 8340, 39723, 'sint saepe molestiae in vel exercitationem commodi', 'Quod et repudiandae et aliquid aliquid exercitationem. Et aut non asperiores veritatis illo. Nostrum reiciendis esse exercitationem aperiam suscipit architecto.', 'https://data.1freewallpapers.com/download/dota-2-1280x720.jpg', '2022-01-03 14:38:51', '2022-01-05 13:47:21', 211),
(3986, 597, NULL, 39724, 'aliquid impedit placeat', 'Nihil impedit dolor rerum architecto odio autem cum ut. Cupiditate soluta modi debitis sapiente quo natus. Molestiae est praesentium iusto consequatur doloremque. Sit fugit earum qui veritatis.', 'https://i0.wp.com/www.nintendo-town.fr/wp-content/uploads/2019/04/H2x1_NSwitch_MortalKombat11_image1600w.jpg?fit=1600%2C800&ssl=1', '2022-05-09 15:52:12', '2022-05-10 07:41:48', 38),
(3987, 597, 8272, 40089, 'et eveniet a dolores et quia', 'Exercitationem ad doloremque quia quas facere voluptatem. Beatae odio rerum accusantium esse provident porro. Veniam quibusdam aliquam qui aut error aut deserunt.', 'https://www.realite-virtuelle.com/wp-content/uploads/2020/11/pokemon-go-milliard-revenus.jpg', '2022-05-08 13:19:27', '2022-05-09 04:01:41', 266),
(3988, 597, 8304, 40059, 'optio iusto qui', 'Magnam earum est laborum qui velit. Ab repellat omnis at quia inventore quidem sunt. In qui at officia cupiditate. Consectetur neque laudantium hic rerum ipsa.', 'https://www.presse-citron.net/app/uploads/2021/05/koch-media-e3-conference.jpeg', '2022-01-17 20:03:15', '2022-01-20 11:16:27', 177),
(3989, 600, 8262, 39967, 'et possimus expedita deserunt', 'Atque quas et vel aut incidunt beatae quia. Repellendus quis id ullam explicabo. Et doloribus corporis qui ratione est. Voluptatum id eos veritatis nostrum est atque. Voluptate soluta voluptates enim molestiae dignissimos ut.', 'https://data.1freewallpapers.com/download/dota-2-1280x720.jpg', '2022-03-18 17:29:04', '2022-03-20 12:04:36', 97),
(3990, 599, 8349, 39717, 'provident sint iusto temporibus velit asperiores sunt nemo omnis nostrum', 'Consequatur non quam qui dolorum doloribus cupiditate expedita. Aliquid aut repudiandae cumque et. Error qui culpa et necessitatibus eum error. Consequatur sed at aut consequatur.', 'https://fr.web.img2.acsta.net/newsv7/20/06/30/12/28/5740456.jpg', '2022-02-04 17:09:43', '2022-02-04 19:17:15', 377),
(3991, 601, NULL, 39776, 'incidunt iste ut non beatae dolorem aut porro', 'Quia optio voluptatum incidunt dolores quia rerum voluptatibus est. Culpa dolores nisi quia cum odit itaque omnis. Dolorem facilis soluta praesentium eos aperiam sint et.', 'https://www.presse-citron.net/app/uploads/2020/04/e3-online.jpg', '2022-01-30 05:19:52', '2022-01-30 23:03:48', 372),
(3992, 599, 8336, 39818, 'qui voluptatum sed nihil modi quae', 'Tempore aperiam ipsa saepe ea reprehenderit. Nulla magnam sint architecto ratione. Nostrum error et architecto vero amet eligendi. Hic tenetur impedit corporis beatae minus. Ea voluptatem ipsam veniam odio illo ea tempora.', 'https://www.realite-virtuelle.com/wp-content/uploads/2020/11/pokemon-go-milliard-revenus.jpg', '2022-05-16 16:19:38', '2022-05-17 14:27:38', 228),
(3993, 597, 8289, 39686, 'ab voluptatibus vel et adipisci fugiat modi corporis repellat', 'Et laborum cumque et sequi reprehenderit. Similique veritatis qui tempora dolor. Dolores sint quasi cum rem quod voluptatem. Et est nemo nisi repellendus. Distinctio cum quod incidunt ut et enim aut quis. Recusandae ea aut aut fuga qui qui qui aperiam.', 'https://www.presse-citron.net/app/uploads/2021/05/koch-media-e3-conference.jpeg', '2022-01-05 00:00:07', '2022-01-05 08:26:12', 461),
(3994, 601, 8309, 39654, 'voluptatum voluptas itaque pariatur nam', 'Voluptatum est nihil numquam. Debitis est reiciendis et assumenda est. Vel ut nesciunt dolores omnis. Consequuntur magni voluptatum quia explicabo quia veritatis aspernatur.', 'https://www.presse-citron.net/app/uploads/2021/06/netflix-geeked-week-summer-game-fest-2021.jpeg', '2022-03-20 09:06:57', '2022-03-21 21:17:36', 235),
(3995, 600, 8287, 39897, 'qui deleniti quasi consectetur', 'Voluptatem nulla doloremque inventore corrupti temporibus dolores. Suscipit voluptas dignissimos quia voluptate. Sit nobis voluptates voluptatem ut eos quo. Tempore consequatur et sapiente laudantium sint ut.', 'https://www.realite-virtuelle.com/wp-content/uploads/2020/11/pokemon-go-milliard-revenus.jpg', '2022-04-05 12:42:32', '2022-04-07 16:10:42', 342),
(3996, 597, NULL, 40046, 'aspernatur expedita non voluptate', 'Placeat doloremque velit fugit quisquam dolorum voluptatem cumque. Rerum repellendus similique velit error aliquam consequatur accusantium. Ratione et adipisci esse laboriosam veniam.', 'https://www.presse-citron.net/app/uploads/2020/04/e3-online.jpg', '2022-02-05 08:28:40', '2022-02-07 13:25:27', 482),
(3997, 600, 8323, 39941, 'dolores nisi consequatur iusto', 'Pariatur beatae omnis dolorem. Laborum labore et et unde optio laudantium est. Iusto qui ipsum quis tempore aperiam. Illum enim aspernatur quis sit.', 'https://www.presse-citron.net/app/uploads/2021/06/netflix-geeked-week-summer-game-fest-2021.jpeg', '2022-02-15 06:59:16', '2022-02-17 12:12:53', 233),
(3998, 602, 8282, 39636, 'aut quos voluptatem odit facilis quia', 'Accusamus dignissimos eos qui illum. Quis eum est ut reprehenderit ad. Nemo expedita voluptatem eum nam voluptas deleniti alias. Et modi iusto nihil enim et quod. Qui dolor hic eum. Corporis aut iste saepe voluptas. Facilis incidunt quo temporibus deserunt.', 'https://www.presse-citron.net/app/uploads/2021/06/netflix-geeked-week-summer-game-fest-2021.jpeg', '2022-03-08 17:12:46', '2022-03-09 02:52:52', 224),
(3999, 601, 8297, 39910, 'voluptatem aut minima et quo', 'Eum temporibus tenetur aut quis dolorum. Ea eum rerum vel amet dolorem reprehenderit in. Vitae inventore soluta eveniet commodi expedita. Voluptatem aut sint ea nemo.', 'https://fr.web.img2.acsta.net/newsv7/20/06/30/12/28/5740456.jpg', '2022-07-06 19:11:55', '2022-07-07 14:00:06', 39),
(4000, 602, 8290, 40030, 'est sit similique et debitis nesciunt neque laudantium', 'Qui quos itaque deleniti ab voluptate. Alias eligendi qui nemo doloribus consequatur. Quia optio modi impedit vel corrupti ex. Aut asperiores tempora veniam voluptate sit non. Impedit explicabo facere exercitationem molestiae. Officia quia iure pariatur ullam velit ipsa et expedita.', 'https://www.presse-citron.net/app/uploads/2021/05/koch-media-e3-conference.jpeg', '2022-01-18 03:58:47', '2022-01-18 07:51:47', 67),
(4001, 598, NULL, 39687, 'harum velit nihil', 'Ducimus sunt quidem officia quae nemo qui ab vero. Expedita exercitationem eligendi ea. Optio nihil voluptatem ut. Sapiente autem enim a velit non iusto.', 'https://data.1freewallpapers.com/download/dota-2-1280x720.jpg', '2022-01-09 00:02:56', '2022-01-09 23:35:24', 336),
(4002, 602, 8291, 40105, 'modi ipsum fuga omnis delectus perspiciatis', 'Animi adipisci temporibus velit architecto et eos quia. Nihil delectus veniam ea quo ut est dolorem. Possimus dolorem quam iure autem aut. Aliquid et omnis ut nisi ab quo magnam.', 'https://images.ctfassets.net/s5n2t79q9icq/114xMnrR6RiLD15UxL8LYZ/ca73ec9fe59f654a150b543e05979181/Meta-Homepage.jpg', '2022-05-23 23:21:27', '2022-05-25 10:17:36', 450),
(4003, 602, 8312, 39828, 'iusto neque voluptatem qui enim accusantium est', 'Facilis qui inventore harum fuga. Asperiores tempore id repellat fuga sapiente. Distinctio dolor ducimus ab similique. Mollitia debitis ut quia a occaecati. Saepe voluptatem dolores aut sint voluptatum voluptas. Et provident earum aut. Omnis cum excepturi cupiditate unde.', 'https://img.redbull.com/images/c_limit,w_1500,h_1000,f_auto,q_auto/redbullcom/2019/11/08/fc0f91de-3998-4be5-b50e-96d8d9e0cd45/lol-10-ans-league-of-legends', '2022-06-04 17:24:05', '2022-06-06 07:38:53', 379),
(4004, 600, 8336, 39768, 'dolorem atque ut repellendus', 'Nemo vitae beatae doloremque similique voluptatum deleniti consequatur. Fugit quia voluptates nemo animi illum commodi architecto. Minima assumenda tempore et voluptas sit laborum. Deleniti in et eum quas unde numquam.', 'https://github.com/audrey-ebrotie/wonderGeek/blob/develop/public/img/events/encheres_geek.jpeg', '2022-05-19 02:10:13', '2022-05-20 12:11:53', 410),
(4005, 600, 8313, 40032, 'reprehenderit deleniti nam alias nesciunt sunt laboriosam quo consectetur', 'Delectus ut voluptas est autem. Repellat et nihil eos in odio ut atque. Esse nisi placeat voluptates perferendis saepe est. Quaerat quibusdam sint sed est ut. Nulla sed occaecati deserunt officiis. Id porro explicabo accusamus est consequuntur qui quibusdam ut.', 'https://data.1freewallpapers.com/download/dota-2-1280x720.jpg', '2022-04-14 04:58:36', '2022-04-16 21:24:27', 3),
(4006, 598, NULL, 40092, 'doloribus deleniti quibusdam odit qui explicabo quia sapiente quam enim', 'Tempora aut voluptatem soluta id ducimus placeat sed odit. Praesentium porro in adipisci quod laudantium ex voluptatum sed. Incidunt cumque iusto in sed omnis. Eum alias rerum autem nobis asperiores delectus. Tenetur est tempora dolorum. Aspernatur quam et pariatur.', 'https://i0.wp.com/www.nintendo-town.fr/wp-content/uploads/2019/04/H2x1_NSwitch_MortalKombat11_image1600w.jpg?fit=1600%2C800&ssl=1', '2022-05-28 03:21:55', '2022-05-29 00:42:27', 103),
(4007, 599, 8264, 39740, 'assumenda libero id nisi harum saepe natus error eos', 'Maxime qui numquam fugiat perspiciatis asperiores. Voluptatem et itaque veniam dolorem quos. Qui ut quidem porro ullam occaecati earum repudiandae consequuntur.', 'https://github.com/audrey-ebrotie/wonderGeek/blob/develop/public/img/events/encheres_geek.jpeg', '2022-04-11 22:39:17', '2022-04-12 13:06:59', 175),
(4008, 598, 8317, 40089, 'illo quibusdam corrupti praesentium', 'Cupiditate eaque dolor enim dicta. Eos laudantium voluptatem libero ipsam. Blanditiis repudiandae occaecati voluptatum totam cupiditate aut ut. Eligendi vel earum est consequatur. Distinctio aspernatur ipsum autem aliquid.', 'https://www.presse-citron.net/app/uploads/2020/04/e3-online.jpg', '2022-01-22 14:14:38', '2022-01-22 16:17:00', 74),
(4009, 599, 8270, 39676, 'voluptatum dicta vel aut vero quo veritatis voluptatem est quia', 'In autem dicta et ea omnis voluptatum. Necessitatibus repellat vitae et exercitationem ducimus libero. Sint doloribus sequi hic enim nam voluptatem consequatur quae. Explicabo amet qui et occaecati. Eum repellendus consequatur iste laudantium accusantium dignissimos blanditiis ea.', 'https://www.presse-citron.net/app/uploads/2021/06/netflix-geeked-week-summer-game-fest-2021.jpeg', '2022-03-11 22:04:24', '2022-03-13 11:02:55', 28),
(4010, 598, 8295, 39636, 'repellat ex sint hic et', 'Consequatur nostrum esse illum a deserunt quis. Et odio esse reprehenderit commodi nostrum dignissimos. Libero cupiditate minus non est. Et placeat et nobis. Vel totam error non non et voluptas. Aut quo consequatur sequi voluptas autem.', 'https://fr.web.img2.acsta.net/newsv7/20/06/30/12/28/5740456.jpg', '2022-03-07 00:37:16', '2022-03-08 18:13:05', 59),
(4011, 599, NULL, 39792, 'laboriosam aliquam a sequi suscipit odio maxime veritatis', 'Consequatur doloribus tempora id et laboriosam eaque explicabo voluptatem. Eaque quibusdam libero cupiditate culpa eius vitae dolores at. Tenetur fugit inventore nobis perferendis recusandae est. Non nam ipsa voluptas. Ea qui minima cumque et.', 'https://www.manga-news.com/public/images/events/geek-unchained-4.jpg', '2022-03-09 04:04:24', '2022-03-10 05:33:06', 436),
(4012, 599, 8314, 39982, 'ducimus natus officia soluta qui iusto voluptas', 'Ratione animi ipsam ea quis voluptatem quidem. Enim deleniti quo cum dolor qui iste. Iure ut pariatur doloremque soluta natus velit. Accusamus sapiente neque ipsam provident tenetur autem est vel. Hic ipsam rem eveniet voluptatibus dolorem dolores.', 'https://i0.wp.com/www.nintendo-town.fr/wp-content/uploads/2019/04/H2x1_NSwitch_MortalKombat11_image1600w.jpg?fit=1600%2C800&ssl=1', '2022-05-29 11:26:50', '2022-05-30 19:56:01', 395),
(4013, 598, 8308, 39719, 'molestiae perspiciatis cupiditate voluptatibus rerum doloribus quas voluptatem architecto maiores', 'Sed autem earum nobis voluptates qui. Aut ut excepturi sapiente. Exercitationem perferendis blanditiis eaque nostrum suscipit nam neque.', 'https://images.ctfassets.net/s5n2t79q9icq/114xMnrR6RiLD15UxL8LYZ/ca73ec9fe59f654a150b543e05979181/Meta-Homepage.jpg', '2022-02-28 11:59:32', '2022-03-01 10:40:38', 268),
(4014, 599, 8287, 39908, 'quia doloribus nihil deleniti aut', 'Vel et quisquam sapiente amet non laudantium. A sit eum ut et corrupti eum. Occaecati ut quae blanditiis officiis corrupti consequatur. Sed consequuntur autem non assumenda dolorem.', 'https://www.realite-virtuelle.com/wp-content/uploads/2020/11/pokemon-go-milliard-revenus.jpg', '2022-02-12 11:37:49', '2022-02-14 04:09:06', 389),
(4015, 598, 8308, 39804, 'eum consequatur rerum tempora', 'Explicabo nihil velit possimus optio. Sequi aliquam molestiae itaque autem dignissimos architecto aliquam. Rerum omnis eligendi qui voluptatum consequatur quo.', 'https://www.presse-citron.net/app/uploads/2021/06/netflix-geeked-week-summer-game-fest-2021.jpeg', '2022-05-23 12:45:02', '2022-05-24 18:06:55', 259),
(4016, 600, NULL, 40004, 'enim accusamus modi', 'Ut corporis maiores cumque alias repudiandae qui molestiae. Reprehenderit qui nulla ipsa vitae ab tempora. Reiciendis laborum et ut quo distinctio.', 'https://i0.wp.com/www.nintendo-town.fr/wp-content/uploads/2019/04/H2x1_NSwitch_MortalKombat11_image1600w.jpg?fit=1600%2C800&ssl=1', '2022-03-18 21:08:44', '2022-03-21 05:58:41', 26);

-- --------------------------------------------------------

--
-- Structure de la table `event_category`
--

CREATE TABLE `event_category` (
  `id` int(11) NOT NULL,
  `name` varchar(50) COLLATE utf8mb4_unicode_ci NOT NULL
) ENGINE=InnoDB DEFAULT CHARSET=utf8mb4 COLLATE=utf8mb4_unicode_ci;

--
-- Déchargement des données de la table `event_category`
--

INSERT INTO `event_category` (`id`, `name`) VALUES
(596, 'Convention'),
(597, 'Partie en ligne'),
(598, 'Partie en local (LAN Party)'),
(599, 'Tournoi'),
(600, 'Meeting'),
(601, 'Vente aux enchères / troc'),
(602, 'Conférence');

-- --------------------------------------------------------

--
-- Structure de la table `manga`
--

CREATE TABLE `manga` (
  `id` int(11) NOT NULL,
  `category_id` int(11) NOT NULL,
  `name` varchar(50) COLLATE utf8mb4_unicode_ci NOT NULL,
  `description` longtext COLLATE utf8mb4_unicode_ci NOT NULL,
  `picture` varchar(255) COLLATE utf8mb4_unicode_ci NOT NULL,
  `author` varchar(50) COLLATE utf8mb4_unicode_ci NOT NULL
) ENGINE=InnoDB DEFAULT CHARSET=utf8mb4 COLLATE=utf8mb4_unicode_ci;

--
-- Déchargement des données de la table `manga`
--

INSERT INTO `manga` (`id`, `category_id`, `name`, `description`, `picture`, `author`) VALUES
(3531, 266, 'rem sequi id', 'Voluptatum a non est. Non dolor consequatur neque qui. Velit assumenda quas modi quasi. Ut culpa ipsa placeat est molestiae.', 'https://images-na.ssl-images-amazon.com/images/I/81dfhgbb2qL.jpg', 'Juston Howe'),
(3532, 264, 'dolor', 'Tempora quam repudiandae voluptatem ut nihil consequatur veniam. Pariatur voluptatem magnam explicabo aliquam dignissimos ea voluptatum. Sed eius et omnis ea. Aperiam est iusto aut.', 'https://images-na.ssl-images-amazon.com/images/I/91hcXocudXL.jpg', 'Chandler Bode'),
(3533, 267, 'qui', 'Dolores qui beatae quaerat similique rerum. Enim debitis nostrum fuga harum praesentium voluptatum. Sint magnam asperiores quidem iusto ipsa. Quos et voluptate molestias dolor quidem. Sed sint vero dignissimos quo facilis. Et ducimus atque ut occaecati molestias. Ex officia dignissimos ut in.', 'https://images-na.ssl-images-amazon.com/images/I/91OuigKWs+L.jpg', 'Iva Kerluke'),
(3534, 266, 'quas eligendi facilis ut', 'Nihil quasi laborum numquam. Recusandae quibusdam quo omnis eum. Explicabo ut aut autem pariatur aut perferendis enim. Consequatur magnam omnis impedit aliquid similique. Recusandae fugiat esse vel id numquam. Est vel aut natus temporibus qui. Aut dolorum et dolore qui.', 'https://images-na.ssl-images-amazon.com/images/I/81mWACgHKxL.jpg', 'Frederic Greenholt'),
(3535, 266, 'rerum est est', 'Alias distinctio fugit eum earum dicta. Ipsum debitis natus aut molestiae nihil fugiat et. Aut aut ab consequatur veritatis. Inventore eum aspernatur architecto distinctio. Modi assumenda quae dolores. Eius nobis sunt nihil sed. Dolore est dolores non ut similique qui.', 'https://www.gbposters.com/media/catalog/product/cache/2/image/9df78eab33525d08d6e5fb8d27136e95/f/a/fairy-tail-quad-maxi-poster-1.133.jpg', 'Eleonore Hartmann'),
(3536, 265, 'est quod aliquid', 'Atque magni illo velit incidunt omnis. Nemo quia iure consequuntur quidem non minus. Ut aut cupiditate minus earum tempora ea. Cupiditate optio pariatur nihil omnis vero. Quia quisquam ullam molestiae id excepturi vero. Illo dolor alias ut soluta eum. Dolorem maxime laudantium est.', 'https://www.gbposters.com/media/catalog/product/cache/2/image/9df78eab33525d08d6e5fb8d27136e95/f/a/fairy-tail-quad-maxi-poster-1.133.jpg', 'Presley Prohaska'),
(3537, 265, 'distinctio hic voluptas deleniti', 'Numquam et id possimus minima odit quibusdam dolorum. Officiis adipisci aspernatur laboriosam dolorem facilis illum et. Molestiae tempore ut quis aut dolor omnis. Sed consectetur molestiae eum.', 'https://images-na.ssl-images-amazon.com/images/I/71V1kRB2fTL.jpg', 'Marty DuBuque'),
(3538, 266, 'aperiam', 'Maiores velit eos expedita sequi. Magni explicabo dolor assumenda aut totam fugiat. Modi dolores officiis laboriosam ullam eos quo necessitatibus. Eius commodi dolores veritatis animi.', 'https://images-na.ssl-images-amazon.com/images/I/91hcXocudXL.jpg', 'Sophia Goyette'),
(3539, 266, 'sit nemo et', 'Qui sit quaerat sed maxime rerum. Omnis beatae iure aut facere. Odio eius illum repudiandae voluptate voluptatem quia quasi enim. Qui similique omnis inventore sit nihil optio aut. Qui ullam sint et eos voluptatem. Aut suscipit aspernatur autem. A et sunt a et.', 'https://images-na.ssl-images-amazon.com/images/I/91hcXocudXL.jpg', 'Chaya Robel'),
(3540, 264, 'incidunt', 'Omnis quis eos ab reprehenderit eos unde. A ducimus incidunt temporibus qui illo fugit impedit. Blanditiis voluptatem aliquam corrupti et qui dicta. Occaecati officiis aliquam quas iure quaerat eos.', 'https://images-na.ssl-images-amazon.com/images/I/71FH4o9mO3S.jpg', 'Jermaine Kuhn'),
(3541, 265, 'quod ipsam pariatur', 'Minus asperiores eos laudantium aut. Itaque quia expedita earum voluptatum harum. Doloribus totam vitae consequuntur tempora doloremque. Quod accusantium et dicta tempore.', 'https://m.media-amazon.com/images/I/81zUMXGbNGL._AC_SL1500_.jpg', 'Emmalee Lakin'),
(3542, 266, 'sit repudiandae et est', 'Rerum tempore vero quia explicabo. Quibusdam sit non nisi sit perspiciatis occaecati velit in. Sit veniam totam repellendus aspernatur. Officia molestias rerum quo nihil veritatis aut rerum. Pariatur amet dolorem temporibus esse commodi. Quia minus eaque quia totam aut.', 'https://images-na.ssl-images-amazon.com/images/I/81dfhgbb2qL.jpg', 'Shaina Shields'),
(3543, 264, 'est maiores omnis', 'Iste deserunt doloremque et cupiditate eaque. Saepe aut nam nobis vel. Ipsam id cupiditate iusto veritatis. Fugiat enim quia ea asperiores est velit alias. Iste quod distinctio accusamus ducimus alias ducimus. Aperiam consectetur sapiente ut. Fugit nihil omnis minus et libero ut excepturi magni.', 'https://images-na.ssl-images-amazon.com/images/I/81dfhgbb2qL.jpg', 'Kennith Funk'),
(3544, 267, 'officiis omnis ipsam doloribus', 'Rerum voluptas ipsa ad ratione quam. Quam dolorem veritatis nisi numquam vitae. Quia beatae aut voluptatem explicabo omnis perspiciatis ipsa. Magni vel saepe vel quidem ratione ut.', 'https://images-na.ssl-images-amazon.com/images/I/81YMjfFuX6L.jpg', 'Rocky Beahan'),
(3545, 267, 'possimus voluptatum quam necessitatibus', 'Officiis molestiae et qui laudantium ad facilis. Modi saepe impedit quis possimus sit minus explicabo. Aspernatur sint eaque cupiditate qui. Quas eos architecto odit fugit id expedita. Assumenda suscipit dolores officia commodi harum sed id aut. Est maxime consequatur sit esse non est.', 'https://images-na.ssl-images-amazon.com/images/I/81Z5oMQHqaL.jpg', 'Madisyn Jerde'),
(3546, 264, 'fugit expedita', 'Saepe nulla eum quae libero cumque nemo. Nisi possimus deleniti maiores et voluptas nisi sint. Rerum impedit nihil quis rerum. Totam itaque sint et esse nihil accusamus iure dolorem. Exercitationem tenetur praesentium dolor.', 'https://images-na.ssl-images-amazon.com/images/I/91OuigKWs+L.jpg', 'Brennon Romaguera'),
(3547, 266, 'omnis sunt', 'Magni veniam sequi architecto et nam. Fugiat ipsam est est eveniet unde non veniam asperiores. Dolorum eligendi voluptatem vero non ipsa ab maiores. Ab quasi voluptatem numquam maiores. Ea voluptas perferendis dolor dolore est. Cupiditate soluta ex ducimus.', 'https://images-na.ssl-images-amazon.com/images/I/81Z5oMQHqaL.jpg', 'Jessyca Legros'),
(3548, 266, 'pariatur ut nihil omnis', 'Rem ratione architecto ad voluptatem autem assumenda. Totam sunt error ipsam. Est dolor quia rerum doloremque eligendi saepe. Eos ex saepe aut temporibus quo. Voluptas explicabo cum suscipit illum repudiandae voluptatem et quo. Ducimus quo saepe molestiae cumque consequatur et earum.', 'https://images-na.ssl-images-amazon.com/images/I/81Z5oMQHqaL.jpg', 'Kennith Mayer'),
(3549, 267, 'earum', 'Hic officia quis voluptatum vel consequatur accusantium eum ut. Reiciendis adipisci et explicabo reprehenderit sed consequatur. Dignissimos voluptatibus recusandae ex autem.', 'https://www.gbposters.com/media/catalog/product/cache/2/image/9df78eab33525d08d6e5fb8d27136e95/f/a/fairy-tail-quad-maxi-poster-1.133.jpg', 'Jensen Cole'),
(3550, 264, 'maiores ut sed', 'Magni ut ducimus ut fugit. Sed velit hic aliquam quidem animi sapiente voluptatem quae. Velit recusandae cum quo vel suscipit est quidem.', 'https://images-na.ssl-images-amazon.com/images/I/71V1kRB2fTL.jpg', 'Waylon Keeling'),
(3551, 267, 'id cupiditate in eos', 'Debitis labore voluptatem ut ea debitis asperiores. Quae ipsam sapiente voluptas sunt sed repellat. Libero labore sunt ducimus eveniet itaque.', 'https://images-na.ssl-images-amazon.com/images/I/81mWACgHKxL.jpg', 'Garrison Zieme'),
(3552, 264, 'qui', 'Voluptatem sed saepe sunt debitis non. Ut sunt veritatis labore hic fugiat illum. Eius perspiciatis expedita quia accusamus veritatis. Temporibus et officiis fugit ut. Aut perferendis quibusdam laboriosam qui totam dolor quas. Repellendus sit cumque beatae fugiat. Quisquam vel iusto et qui.', 'https://images-na.ssl-images-amazon.com/images/I/91hcXocudXL.jpg', 'Scot Jast'),
(3553, 265, 'qui occaecati repellat distinctio', 'Itaque voluptatem labore id ex unde velit. Nisi iure eum non id vel. Aut doloremque molestiae voluptas rem quos. Iure sed fuga vel nam veniam. Qui facilis velit est dolorum cumque deserunt. Aspernatur sit facere illo dolorem. Perferendis quo quo deserunt odio modi corporis quam in.', 'https://images-na.ssl-images-amazon.com/images/I/71iPhxzPaoL.jpg', 'Nikita Stanton'),
(3554, 267, 'quod occaecati dolor', 'Et sint iure quas veritatis culpa ut. Iusto veritatis quia nobis beatae quia alias. Sed accusamus et et placeat iste eveniet possimus. At vel laudantium aut enim. Laboriosam fugiat aspernatur similique. Qui delectus fuga quo et et eos non.', 'https://images-na.ssl-images-amazon.com/images/I/81YMjfFuX6L.jpg', 'Jennings Schinner'),
(3555, 267, 'quidem voluptatem', 'Sit ea libero qui a et laboriosam qui. Rem nihil iusto quis quas qui eos. Perferendis consequatur iste dolorem ea quam sed. Quo minus enim minus dolore eos. Et officia ipsam accusantium quia ea incidunt. Minus ex omnis nemo id ut aliquam nam.', 'https://images-na.ssl-images-amazon.com/images/I/81H14PAKlPL.jpg', 'Charlie Jones'),
(3556, 264, 'atque sed officia voluptas', 'Culpa et amet aut hic voluptatibus doloremque. Nihil et tenetur consequatur sapiente voluptas laboriosam. Nobis placeat error sunt amet ea quis nemo non.', 'https://images-na.ssl-images-amazon.com/images/I/81mWACgHKxL.jpg', 'Gail Crooks'),
(3557, 267, 'odio autem saepe', 'Cumque laudantium hic corporis a dolor ad. Et autem aut mollitia fuga mollitia unde consequatur. Explicabo ea labore nesciunt nam.', 'https://images-na.ssl-images-amazon.com/images/I/81YMjfFuX6L.jpg', 'Ashlee Gislason'),
(3558, 265, 'itaque et', 'Minus ex nihil earum reprehenderit. Omnis occaecati pariatur fuga. Dicta id reprehenderit et. Est consequatur rerum molestias architecto. Officiis quis quis cupiditate perferendis ut blanditiis dolor. Vero ad dolorem accusamus et voluptatem est dolore. Repellat aspernatur modi ea.', 'https://images-na.ssl-images-amazon.com/images/I/71LrevXJ4UL.jpg', 'Kasandra Smith'),
(3559, 264, 'rerum', 'Mollitia qui repellendus libero aut maxime nam fuga cumque. Atque eos eveniet iste consequatur optio. Repellat velit quis ut et aut in reprehenderit. Dolor ipsa voluptas nam recusandae ea aut dolore.', 'https://images-na.ssl-images-amazon.com/images/I/81mWACgHKxL.jpg', 'Idell Torphy'),
(3560, 267, 'ut quia est', 'Distinctio consequatur sit aperiam sed nostrum. Reiciendis quos est iure eaque omnis. Consectetur voluptatem aut optio eos autem impedit quis. Libero doloribus nam vitae quia exercitationem. Porro perspiciatis aut beatae veniam deserunt.', 'https://images-na.ssl-images-amazon.com/images/I/91a19RuprqL.jpg', 'Lonie Rau'),
(3561, 264, 'excepturi', 'Dolorum reiciendis nulla harum recusandae laudantium tenetur. Adipisci molestiae minima quia quo. Qui eligendi qui accusantium perferendis non sequi. Quis consequatur provident enim deleniti doloribus deserunt consequatur voluptatem. Neque ipsam dolorem numquam nemo beatae.', 'https://images-na.ssl-images-amazon.com/images/I/91hcXocudXL.jpg', 'Jorge Lowe'),
(3562, 264, 'distinctio', 'Assumenda et a rerum aperiam ullam. Eum doloribus molestias aut nihil voluptatem aut magnam. Nihil alias sequi rerum nostrum quisquam qui. Error quo amet nobis earum similique mollitia.', 'https://images-na.ssl-images-amazon.com/images/I/91OuigKWs+L.jpg', 'Rene Cremin'),
(3563, 266, 'labore ut', 'Reprehenderit magni voluptas sed sit quidem ipsam. Quam numquam eligendi ut excepturi. Numquam est mollitia voluptas iure ipsum esse. Voluptas et quia et et ut. Et beatae non cupiditate harum cum. Commodi ducimus numquam nulla perspiciatis placeat et qui eius. Molestias itaque enim quibusdam.', 'https://m.media-amazon.com/images/I/81zUMXGbNGL._AC_SL1500_.jpg', 'Keshaun Von'),
(3564, 266, 'maiores tenetur unde', 'Quasi ad reprehenderit ut et. Qui error quo qui dignissimos. Omnis quae eum tenetur veniam cumque. Assumenda tempore aut culpa dolores excepturi. Nam libero numquam mollitia est exercitationem velit. Aut voluptatem omnis recusandae culpa ut et officiis explicabo. Et adipisci sed odit ratione.', 'https://images-na.ssl-images-amazon.com/images/I/91xNW4qPPfL.jpg', 'Franco Frami'),
(3565, 265, 'qui voluptatem', 'Sit possimus molestiae vel harum esse recusandae sit. Est officia eius fugiat est quo aut a. Et quis quidem ab praesentium asperiores minus in quia.', 'https://images-na.ssl-images-amazon.com/images/I/71LrevXJ4UL.jpg', 'Vena Leffler'),
(3566, 264, 'sint reiciendis', 'Dolore id veritatis quis consequatur assumenda. Tempora fugit corporis vel illo. Inventore asperiores facere eligendi eos. Facere ullam earum qui assumenda.', 'https://images-na.ssl-images-amazon.com/images/I/81Z5oMQHqaL.jpg', 'Shanon Schumm'),
(3567, 267, 'placeat', 'Et ut sint odio laborum qui et dignissimos. Autem nesciunt soluta sed in quae mollitia voluptatem. Esse et enim eum quasi est sint sit. Quisquam quo consectetur earum et magnam.', 'https://images-na.ssl-images-amazon.com/images/I/81mWACgHKxL.jpg', 'Isabell Keeling'),
(3568, 267, 'at voluptas', 'In est sit aut consequatur. Quod dignissimos eveniet mollitia quaerat nihil. Quidem sit amet ut cum corporis odit dolorem. Reprehenderit et fugit aut et similique eum dolores. Id quos voluptatibus sed illo est fuga quaerat accusamus. Amet ipsam vel reprehenderit velit.', 'https://images-na.ssl-images-amazon.com/images/I/918Ai9a893L.jpg', 'Kirstin Rau'),
(3569, 266, 'nihil placeat', 'Voluptates dolorem commodi sit officia facilis explicabo cupiditate. Quasi nam assumenda dolorem et.', 'https://images-na.ssl-images-amazon.com/images/I/918Ai9a893L.jpg', 'Jedediah Schneider'),
(3570, 267, 'accusantium', 'Optio consequuntur laborum non fuga aut. Est laborum quasi ullam. Rerum distinctio quidem ut dolor. Voluptatem fugit et minima nihil praesentium. Aut quia veniam aut. Eos voluptatem perspiciatis itaque fuga sit sit laboriosam eos. Commodi dolorem occaecati adipisci iste blanditiis sed aspernatur.', 'https://images-na.ssl-images-amazon.com/images/I/818SKXrgHaL.jpg', 'Mariane Schulist'),
(3571, 267, 'et', 'Consequatur modi ex itaque cumque saepe. Rerum ut numquam dolor velit aliquid mollitia doloribus. Et nisi repellendus repellat soluta possimus cupiditate omnis. Voluptate excepturi voluptate atque sunt.', 'https://images-na.ssl-images-amazon.com/images/I/91xNW4qPPfL.jpg', 'Khalid Cronin'),
(3572, 264, 'hic nisi totam', 'Veritatis veniam accusantium velit tempore dolores aut. Nemo sunt atque suscipit praesentium eius quaerat eligendi explicabo. Reprehenderit est distinctio explicabo cum. Voluptatem molestias qui omnis iusto asperiores velit.', 'https://images-na.ssl-images-amazon.com/images/I/61BhDFVSCTL.jpg', 'Keshaun Hane'),
(3573, 265, 'voluptas omnis', 'Voluptatem qui voluptas maxime qui. Dicta laboriosam itaque eum incidunt ex et. Voluptas quibusdam et repudiandae dolores. Vitae distinctio sunt itaque. Est rerum sit sint eligendi ut. Voluptatem commodi a consectetur est. Et sequi et nam possimus commodi.', 'https://www.pika.fr/sites/default/files/images/livres/couv/9782811607135-T.jpg', 'Fleta Rempel'),
(3574, 265, 'ut numquam', 'Sint laborum cum et quas odio. Eaque ratione unde ut modi voluptas non delectus. Repellat et sed pariatur aut quo vel. Esse et odio occaecati rerum. Aspernatur consequatur iure nostrum aliquam quam. Inventore mollitia occaecati et. Rerum iusto dolorum ratione earum quia mollitia.', 'https://images-na.ssl-images-amazon.com/images/I/81YMjfFuX6L.jpg', 'Erna Cartwright'),
(3575, 264, 'deleniti molestiae omnis eveniet', 'Molestiae deleniti impedit nihil aut. Quia mollitia consequatur ipsam est sunt nam distinctio omnis. Consequatur ut et nihil corporis. Pariatur quae in ut reiciendis optio eos dicta.', 'https://images-na.ssl-images-amazon.com/images/I/71FH4o9mO3S.jpg', 'Antonia Ankunding'),
(3576, 264, 'non id', 'Omnis eum saepe et. Ullam eligendi aut laborum sit dicta voluptas ad. Velit nam sed eum repudiandae pariatur. Nisi et corrupti magnam et omnis.', 'https://fr.web.img5.acsta.net/pictures/21/02/16/12/45/5319199.jpg', 'Tyrell Hodkiewicz'),
(3577, 265, 'est eius quo', 'Illum sint qui quis qui fugiat atque illo veritatis. Non ab autem omnis rerum vel voluptatibus. Suscipit libero sint est. Rerum dolorum eum eum at repellendus sunt et. Modi expedita repellendus accusantium deleniti. Est optio nemo quos reprehenderit voluptatum aut aspernatur.', 'https://images-na.ssl-images-amazon.com/images/I/918Ai9a893L.jpg', 'Paula Cruickshank'),
(3578, 266, 'aut dolores tenetur', 'Explicabo dolor iste amet impedit laboriosam cum voluptate. Facere molestias possimus possimus dignissimos esse facilis. Doloremque placeat dolor reiciendis maxime aliquam. Accusamus illum dolores voluptatum pariatur consequatur quas.', 'https://images-na.ssl-images-amazon.com/images/I/71iPhxzPaoL.jpg', 'Gwen Dach'),
(3579, 266, 'quia', 'Eum enim a dolor eos facilis quibusdam rerum inventore. Libero ut et animi quam. Quia commodi laborum fugiat alias quia.', 'https://www.pika.fr/sites/default/files/images/livres/couv/9782811607135-T.jpg', 'Wilton Oberbrunner'),
(3580, 266, 'aut ad eaque fugiat', 'Error expedita corrupti exercitationem voluptatum maxime sed eos. Iusto aut consectetur et aut. Veniam natus dolor a vel. Voluptatem quasi nostrum animi eveniet. Numquam totam perspiciatis inventore sit.', 'https://images-na.ssl-images-amazon.com/images/I/91hcXocudXL.jpg', 'Arnaldo Farrell'),
(3581, 267, 'voluptatem ipsam fugiat', 'Magnam voluptate in doloremque beatae ratione. Autem doloremque et dicta ea facere nostrum quia quo. Vel ea perspiciatis et porro repellat autem.', 'https://images-na.ssl-images-amazon.com/images/I/81dfhgbb2qL.jpg', 'Grace Russel'),
(3582, 267, 'consequatur', 'Et et quod facilis aliquid. Blanditiis atque et aut quo et. Quas eligendi velit quia est quod placeat. Similique quaerat eos odit qui corrupti. Modi sit aut veniam doloribus quod quia. Numquam labore velit nobis eaque.', 'https://images-na.ssl-images-amazon.com/images/I/91xNW4qPPfL.jpg', 'Zula Considine'),
(3583, 265, 'neque a quia', 'Ex magni rerum ut voluptas numquam. Cupiditate dolorem et itaque quam totam rem alias sint. Voluptates dolorem sed cum quibusdam omnis voluptatum et. Praesentium ipsa ea cupiditate impedit tenetur omnis.', 'https://images-na.ssl-images-amazon.com/images/I/61BhDFVSCTL.jpg', 'Ulises Hane'),
(3584, 264, 'perspiciatis voluptatum quidem', 'Quas cupiditate qui ipsum ullam esse voluptatem facilis. Nemo et ut assumenda voluptatibus qui. Ut optio dolorum ratione aut id vel. Voluptatibus ratione autem porro laboriosam reprehenderit error sequi minus. Quo quam quibusdam voluptatem.', 'https://images-na.ssl-images-amazon.com/images/I/918Ai9a893L.jpg', 'Kenny Trantow'),
(3585, 264, 'eveniet enim fugiat', 'Explicabo aut aut assumenda aut recusandae aut sunt. Labore consequuntur excepturi laudantium ratione excepturi qui consequatur. Autem ut eius aut et inventore veniam rerum. Dolorem ad id doloremque enim numquam vel.', 'https://images-na.ssl-images-amazon.com/images/I/91yiBtD0imL.jpg', 'Selina Witting'),
(3586, 267, 'dolores eligendi', 'Ipsa dolores ducimus voluptas molestiae. Nisi beatae et recusandae omnis doloremque. Tempora quia cumque sed aut sint. Quis aut totam placeat repellendus est. Autem molestiae aut in fugiat sit.', 'https://images-na.ssl-images-amazon.com/images/I/818SKXrgHaL.jpg', 'Skylar Schmitt'),
(3587, 264, 'sit', 'Deserunt nihil eaque nisi porro saepe natus sunt. Dicta et at officia veritatis iste porro ut. Voluptatem et vel quod. Dicta ratione maiores aut nisi deleniti dignissimos repudiandae debitis. Quis inventore aliquam necessitatibus rerum. Occaecati nemo ut voluptas aliquid soluta voluptatem.', 'https://images-na.ssl-images-amazon.com/images/I/91tYV+R03kL.jpg', 'Maribel Abshire'),
(3588, 264, 'velit enim eligendi deserunt', 'Et aut et alias asperiores optio. Nobis libero error atque magnam dolor. Iste quis ea sunt voluptatum sit illum. Culpa beatae non ipsa ad. Laudantium sint delectus ut unde et et. Eum tempore et facilis assumenda sed cumque vel quaerat.', 'https://images-na.ssl-images-amazon.com/images/I/91a19RuprqL.jpg', 'Brannon Will'),
(3589, 264, 'incidunt tempora recusandae ipsa', 'Perferendis aut qui tempora eum. Quia quas architecto dolorum aspernatur. Minima et aut rerum minima id saepe. Quia sed totam nihil omnis esse. Voluptatem laborum corrupti est est veniam rem. Autem et eius eveniet molestiae in nihil aut. Id eum sit odit ullam laudantium quia necessitatibus.', 'https://images-na.ssl-images-amazon.com/images/I/71iPhxzPaoL.jpg', 'Citlalli Marquardt'),
(3590, 266, 'possimus', 'Eos incidunt dolorem aut enim fugit et quia. Laboriosam enim eum amet tenetur tempora. Est velit et iste voluptatum provident dicta dolores. Dolor repellat odio ut est sapiente doloremque. Illo occaecati fugiat dolorem repellat.', 'https://images-na.ssl-images-amazon.com/images/I/91yiBtD0imL.jpg', 'Godfrey Runolfsdottir'),
(3591, 265, 'facilis voluptas suscipit', 'Sapiente fugiat magni eius vel aliquid animi. Accusantium sit odit eos sit enim eos ea. Velit quaerat ut ex est voluptas voluptatem modi.', 'https://m.media-amazon.com/images/I/81zUMXGbNGL._AC_SL1500_.jpg', 'Alexandre Cronin'),
(3592, 264, 'nobis repudiandae sed', 'Esse dolores voluptatem est quisquam aut eaque. Ea beatae et et qui voluptatem aut voluptatem qui. Autem tempore earum tempora similique unde quis.', 'https://images-na.ssl-images-amazon.com/images/I/91xNW4qPPfL.jpg', 'Mabel Ruecker'),
(3593, 267, 'veritatis soluta', 'Aut nisi tempore id aut repudiandae illum. Aut dolorem voluptatibus repudiandae omnis dolor. Non rerum quia placeat. Eos iste et quam. Incidunt ipsa unde enim dolore odio occaecati rerum. Sed maiores qui minima minus.', 'https://images-na.ssl-images-amazon.com/images/I/91OuigKWs+L.jpg', 'Kailee Oberbrunner'),
(3594, 267, 'eum et repellat', 'Et laboriosam consequatur voluptatem sunt animi enim modi. Reprehenderit et dolores possimus ratione deleniti doloremque. Dolores numquam iste ipsam harum eos. Quaerat mollitia ducimus harum sed quo.', 'https://fr.web.img5.acsta.net/pictures/21/02/16/12/45/5319199.jpg', 'Darrion McKenzie'),
(3595, 265, 'quisquam odit cupiditate', 'Fugiat amet vel quod quis minus deleniti quasi debitis. Consequatur quia et rerum impedit quisquam aspernatur. Quibusdam et sed qui velit voluptas aliquid.', 'https://m.media-amazon.com/images/I/81zUMXGbNGL._AC_SL1500_.jpg', 'Evalyn Johns'),
(3596, 267, 'velit', 'Aut dolor consectetur hic reiciendis enim ut cumque numquam. Sed veniam rerum excepturi quas culpa deserunt. Et aut sequi at voluptatem quam beatae. Eligendi consequatur adipisci illum aliquid.', 'https://www.gbposters.com/media/catalog/product/cache/2/image/9df78eab33525d08d6e5fb8d27136e95/f/a/fairy-tail-quad-maxi-poster-1.133.jpg', 'Ola Weber'),
(3597, 264, 'ab et possimus deserunt', 'Magni eveniet consequuntur voluptatem. Voluptatem voluptas nemo maiores est fugiat quia qui. Nisi enim ratione impedit architecto veritatis.', 'https://images-na.ssl-images-amazon.com/images/I/91OuigKWs+L.jpg', 'Jeramie Stokes'),
(3598, 267, 'explicabo minus esse rem', 'Fugit ipsa veritatis dolores. Iure labore omnis atque ea fuga sapiente veniam consectetur. Quo ut sit accusantium assumenda nisi maxime reprehenderit.', 'https://images-na.ssl-images-amazon.com/images/I/71FH4o9mO3S.jpg', 'Esther Prosacco'),
(3599, 266, 'provident eos voluptatibus consequatur', 'Consequatur qui tempora sed enim quod ut. Minima in ipsum perspiciatis sit in non. Debitis fugit quos atque velit asperiores earum nam.', 'https://images-na.ssl-images-amazon.com/images/I/91hcXocudXL.jpg', 'Emily Ortiz'),
(3600, 265, 'sit et', 'Eveniet minus nihil sed eos iusto quas odit. Incidunt quos cum recusandae quis ab. Quo assumenda necessitatibus incidunt unde sed magni vel.', 'https://www.pika.fr/sites/default/files/images/livres/couv/9782811607135-T.jpg', 'Mariane Schinner'),
(3601, 264, 'sunt sit eveniet', 'Cupiditate voluptas eos iste sed. Libero et expedita unde nihil id asperiores ad eius. Voluptates voluptatibus suscipit itaque qui voluptatibus veniam. Magni excepturi perspiciatis exercitationem similique aperiam dolorum.', 'https://images-na.ssl-images-amazon.com/images/I/81H14PAKlPL.jpg', 'Dion Bailey'),
(3602, 264, 'ipsum nostrum quis corporis', 'Dolore dolores repellendus dolor sed delectus est. Cum occaecati aut molestiae sunt expedita quasi. Est quos blanditiis quidem earum quia ab provident. Ipsa vel iure hic sit non.', 'https://images-na.ssl-images-amazon.com/images/I/71V1kRB2fTL.jpg', 'Everett Farrell'),
(3603, 264, 'et rerum et', 'Omnis est earum qui veniam dolores alias. Veritatis dolor quod natus praesentium deserunt velit dolores aperiam. Et quo et quia quis veritatis quos ut at.', 'https://images-na.ssl-images-amazon.com/images/I/61BhDFVSCTL.jpg', 'Gunner Streich'),
(3604, 264, 'eius cumque id fuga', 'Cumque facere velit et omnis et maxime tempora. Totam aut est expedita velit laudantium. Reiciendis dignissimos omnis consectetur unde repellat aliquid. Ducimus voluptatem adipisci dolorem ut voluptatem.', 'https://images-na.ssl-images-amazon.com/images/I/81VDeAyH1GL.jpg', 'Eda Runolfsson'),
(3605, 267, 'tenetur aut totam accusamus', 'Quae laborum exercitationem qui sequi in illum. Deserunt aut consectetur sapiente vel. Est quo sapiente unde iste inventore. Earum illum quia corrupti dicta. Accusantium voluptatem ut omnis iusto.', 'https://images-na.ssl-images-amazon.com/images/I/71FH4o9mO3S.jpg', 'Leda Wisozk'),
(3606, 267, 'amet eum ullam', 'Provident dolore provident voluptate reprehenderit nemo blanditiis dolorum unde. Ducimus sed perspiciatis occaecati tempora. Reprehenderit et soluta molestias modi qui non. Sed non consequatur omnis ipsum eos. Asperiores omnis quos quis veniam aut. Ut sit excepturi sed sunt voluptatem.', 'https://images-na.ssl-images-amazon.com/images/I/81YMjfFuX6L.jpg', 'Emile Hermiston'),
(3607, 267, 'sint', 'Et quas eos sit cum sed sunt. Doloribus ab porro sapiente ex cupiditate et aliquid possimus. Ipsa rem ratione aut non. Id magni maxime recusandae tenetur omnis. Commodi enim aut doloribus eos suscipit. Est excepturi sequi et. Ut officia eos distinctio repellendus illum vero voluptatem.', 'https://images-na.ssl-images-amazon.com/images/I/91tYV+R03kL.jpg', 'Solon Ward'),
(3608, 267, 'necessitatibus', 'Molestiae natus tenetur qui. Ut tenetur consequatur nesciunt praesentium quod quo natus. Deleniti nam temporibus nisi aspernatur quasi. Aut quo ut aut.', 'https://images-na.ssl-images-amazon.com/images/I/61BhDFVSCTL.jpg', 'Rebeca Hackett'),
(3609, 267, 'voluptatem praesentium', 'Ipsam illum neque esse eum. Aspernatur dolorem maiores dolorem enim assumenda et. Quia et nisi maxime sint beatae modi. Sunt libero quibusdam ducimus. Nihil officiis tenetur aut dolores aut voluptatem consequatur nobis.', 'https://www.pika.fr/sites/default/files/images/livres/couv/9782811607135-T.jpg', 'Schuyler Funk'),
(3610, 266, 'hic', 'Est rerum sunt voluptates ut. Dolor aut perferendis deserunt impedit molestiae similique similique. Aut et veniam impedit praesentium quia aut ducimus. Laboriosam nesciunt libero neque dolorum ab qui. Voluptatum consequatur iste porro impedit ipsum. Exercitationem vel adipisci at deleniti animi.', 'https://images-na.ssl-images-amazon.com/images/I/81H14PAKlPL.jpg', 'Henry Zemlak'),
(3611, 264, 'omnis doloribus', 'Et fuga repellendus doloremque nam debitis qui ut. Et quis voluptate rerum quis dolore. Placeat facilis voluptatum ipsam eos. Deleniti maxime ad rem rerum minima dicta.', 'https://images-na.ssl-images-amazon.com/images/I/91yiBtD0imL.jpg', 'Arthur Langosh'),
(3612, 265, 'sunt et et', 'Excepturi explicabo aspernatur qui consequatur nobis. Nam iste itaque eum qui distinctio temporibus. Voluptas necessitatibus amet et consectetur.', 'https://images-na.ssl-images-amazon.com/images/I/81H14PAKlPL.jpg', 'Naomi Fritsch'),
(3613, 265, 'dolorem', 'Exercitationem sit est commodi ipsum error numquam. Nihil libero sint corporis pariatur maiores. Cum ut magni adipisci tenetur.', 'https://fr.web.img5.acsta.net/pictures/21/02/16/12/45/5319199.jpg', 'Jalon Hahn'),
(3614, 265, 'nam accusantium fuga dignissimos', 'Hic omnis ratione repellat ullam aut minus omnis hic. Autem iste et cupiditate voluptatibus laudantium. Itaque ipsam voluptas pariatur odit. Sed aspernatur dolorem reiciendis eius. Quia et eveniet est impedit qui et.', 'https://www.gbposters.com/media/catalog/product/cache/2/image/9df78eab33525d08d6e5fb8d27136e95/f/a/fairy-tail-quad-maxi-poster-1.133.jpg', 'Schuyler Gottlieb'),
(3615, 265, 'aut cum et suscipit', 'Repellendus aliquid sed voluptates sunt. Iusto dolor in delectus autem excepturi et. Quae accusamus exercitationem dolor omnis. Nihil sed magni sit quo. Minima blanditiis voluptatum nam et id incidunt ex. Sint nobis assumenda velit nobis.', 'https://images-na.ssl-images-amazon.com/images/I/91xNW4qPPfL.jpg', 'Hayden Hessel'),
(3616, 264, 'consectetur sed voluptates beatae', 'Enim placeat vitae exercitationem reprehenderit aliquam ut. Ab pariatur eveniet ut cumque non officia officiis. Nobis eos delectus quia. Nisi aut saepe dolore quas. Sint est itaque ut qui. Quia laboriosam quia illo quisquam vel tempore.', 'https://images-na.ssl-images-amazon.com/images/I/81H14PAKlPL.jpg', 'Abigale Borer'),
(3617, 264, 'perspiciatis', 'Delectus qui rerum quos eveniet qui. Tempore suscipit suscipit deserunt. Nulla harum ut harum velit dolor voluptatem recusandae incidunt.', 'https://fr.web.img5.acsta.net/pictures/21/02/16/12/45/5319199.jpg', 'Leopold Pouros'),
(3618, 264, 'et eos cumque', 'In pariatur quia animi veniam et temporibus. Dolor pariatur atque saepe ut voluptas. Optio tempore accusamus omnis laborum ut.', 'https://images-na.ssl-images-amazon.com/images/I/913g8zhpCYL.jpg', 'Tyshawn Hoeger'),
(3619, 265, 'est molestiae esse', 'Est eaque porro doloribus eos ut est autem doloribus. Reiciendis et eos distinctio dolores inventore consequatur laboriosam.', 'https://images-na.ssl-images-amazon.com/images/I/918Ai9a893L.jpg', 'Chasity Lehner'),
(3620, 267, 'voluptas', 'Esse minus recusandae perspiciatis dolorem fugit et sed. Ut illum quibusdam eos sequi nulla et aut consectetur. Sequi ut asperiores soluta ipsa maxime fugiat accusamus. Et ea sit ut quia perferendis.', 'https://images-na.ssl-images-amazon.com/images/I/81dfhgbb2qL.jpg', 'Marilou Howell'),
(3621, 264, 'veniam et fugit voluptas', 'Fuga et quisquam minima consequatur. Velit id recusandae quia in voluptatem ipsum sed dolor. Deserunt et aspernatur dignissimos fuga. Velit ut qui eos. Cupiditate possimus neque totam quis. Eos eaque et ea iure deserunt. Neque id doloribus dolorem minima nulla praesentium rerum.', 'https://images-na.ssl-images-amazon.com/images/I/913g8zhpCYL.jpg', 'Eladio Greenfelder'),
(3622, 267, 'ut voluptatem', 'Vel aut amet eaque molestiae dolorum at suscipit. Officiis autem voluptatem dolores facilis. Mollitia sunt repudiandae sed asperiores necessitatibus. Ipsum rerum necessitatibus enim aliquid est.', 'https://www.pika.fr/sites/default/files/images/livres/couv/9782811607135-T.jpg', 'George Schultz'),
(3623, 267, 'rerum', 'Odit eos eligendi voluptatibus itaque. Occaecati hic ducimus consequuntur temporibus. Vel aut adipisci ut maxime aut mollitia facilis. Officiis libero est deserunt qui.', 'https://images-na.ssl-images-amazon.com/images/I/81VDeAyH1GL.jpg', 'Sammy Bednar'),
(3624, 265, 'facere', 'Voluptates facere aliquam excepturi et quibusdam ut atque nobis. Nesciunt cum animi deserunt nemo voluptatem dolorem. Reiciendis excepturi libero dicta ipsam aliquid. Enim qui adipisci nihil voluptatem rerum minima. Voluptate aut non quo incidunt quasi exercitationem distinctio.', 'https://images-na.ssl-images-amazon.com/images/I/71LrevXJ4UL.jpg', 'Roselyn Ruecker'),
(3625, 267, 'veniam', 'Doloremque ipsa quod qui dolores ut consequatur. Saepe neque reiciendis temporibus. Facilis excepturi deserunt ut velit laudantium. Dicta dolorem magnam iusto voluptatem impedit eius autem non.', 'https://images-na.ssl-images-amazon.com/images/I/71V1kRB2fTL.jpg', 'Paolo Thompson'),
(3626, 266, 'perferendis itaque nam modi', 'Et ad dolorem earum quos ut sit. Ipsum rem dolor quo maiores molestiae accusamus voluptatem optio. Facilis temporibus dolores ex rerum.', 'https://images-na.ssl-images-amazon.com/images/I/91tYV+R03kL.jpg', 'Darian Gibson'),
(3627, 264, 'molestias dolorem laborum culpa', 'Accusamus dolorem voluptas dolores doloribus est assumenda id. Adipisci repellendus pariatur eos hic. Maiores sequi aut porro dignissimos. Quidem rem voluptatum veniam. Assumenda odio facere ullam ea. Inventore eum inventore ipsum error quia aut recusandae. A exercitationem illum ut et totam et.', 'https://images-na.ssl-images-amazon.com/images/I/71V1kRB2fTL.jpg', 'Savanah Thompson'),
(3628, 264, 'iste ut laborum nobis', 'Et quos consequuntur ut earum quas quo aut. Velit voluptas deleniti fugit reiciendis est. Ullam praesentium quia ab consequatur pariatur. Provident repellat totam possimus aut.', 'https://images-na.ssl-images-amazon.com/images/I/61BhDFVSCTL.jpg', 'Stefan Mosciski'),
(3629, 264, 'voluptatem natus provident', 'Est sequi qui nihil natus magni consequatur recusandae. Voluptas optio ipsa repellat et atque culpa. Est aliquam est rerum sequi. Voluptatem molestiae voluptatem et dolores laborum et nemo. Quis ad dolor aut et ut.', 'https://images-na.ssl-images-amazon.com/images/I/81Z5oMQHqaL.jpg', 'Katelyn Heaney'),
(3630, 265, 'minus aut hic et', 'Sit ipsam harum sunt ratione et numquam deserunt. Labore pariatur harum velit veritatis est quidem. Facere quis sed at aut. Nihil qui inventore numquam vel et veritatis voluptatum.', 'https://images-na.ssl-images-amazon.com/images/I/81VDeAyH1GL.jpg', 'Marilou Kuphal');

-- --------------------------------------------------------

--
-- Structure de la table `manga_category`
--

CREATE TABLE `manga_category` (
  `id` int(11) NOT NULL,
  `name` varchar(50) COLLATE utf8mb4_unicode_ci NOT NULL
) ENGINE=InnoDB DEFAULT CHARSET=utf8mb4 COLLATE=utf8mb4_unicode_ci;

--
-- Déchargement des données de la table `manga_category`
--

INSERT INTO `manga_category` (`id`, `name`) VALUES
(263, 'Kodomo'),
(264, 'Shonen'),
(265, 'Shojo'),
(266, 'Seinen'),
(267, 'Josei');

-- --------------------------------------------------------

--
-- Structure de la table `place`
--

CREATE TABLE `place` (
  `id` int(11) NOT NULL,
  `name` varchar(50) COLLATE utf8mb4_unicode_ci NOT NULL,
  `street` varchar(120) COLLATE utf8mb4_unicode_ci NOT NULL,
  `zipcode` varchar(12) COLLATE utf8mb4_unicode_ci NOT NULL,
  `city` varchar(60) COLLATE utf8mb4_unicode_ci NOT NULL,
  `country` varchar(50) COLLATE utf8mb4_unicode_ci NOT NULL
) ENGINE=InnoDB DEFAULT CHARSET=utf8mb4 COLLATE=utf8mb4_unicode_ci;

--
-- Déchargement des données de la table `place`
--

INSERT INTO `place` (`id`, `name`, `street`, `zipcode`, `city`, `country`) VALUES
(8251, 'Verdier', '51, boulevard Hugues Rousseau', '01 653', 'Ruiz', 'France'),
(8252, 'Lecomte S.A.', '63, boulevard Couturier', '00 261', 'Brun', 'France'),
(8253, 'Lemaire SA', 'impasse Richard Jacob', '29 605', 'Masse-sur-Mallet', 'France'),
(8254, 'Pottier', '78, rue Anne Descamps', '83185', 'Cohendan', 'France'),
(8255, 'Chauvin', '15, rue Clement', '23355', 'Letelliernec', 'France'),
(8256, 'Petitjean Lemaire SAS', '29, impasse Chartier', '72420', 'Foucher-sur-Gilles', 'France'),
(8257, 'Clerc Besnard SA', '6, rue Danielle Da Silva', '79 472', 'Pelletier', 'France'),
(8258, 'Pascal', '2, chemin Emmanuel Muller', '28 217', 'NicolasBourg', 'France'),
(8259, 'Delaunay', 'place Auguste Blanchard', '55 346', 'Masson', 'France'),
(8260, 'Toussaint SARL', 'avenue Agathe Louis', '35813', 'Morel', 'France'),
(8261, 'Martineau Carre S.A.S.', '53, rue Jean Labbe', '26 263', 'Prevost', 'France'),
(8262, 'Dijoux', '592, impasse Lucie Gilbert', '82012', 'Pierre', 'France'),
(8263, 'Evrard', '862, place Raymond Rodrigues', '11 420', 'Guillou', 'France'),
(8264, 'Bonnet SARL', '6, place Bouvier', '15963', 'Dupuynec', 'France'),
(8265, 'Martel Marin S.A.', '90, avenue de Ferrand', '60 659', 'De Sousa-sur-Mer', 'France'),
(8266, 'Roche', '186, place Zacharie Barbier', '36648', 'MichelVille', 'France'),
(8267, 'Dias', '66, place de Guichard', '29554', 'Carpentier', 'France'),
(8268, 'Wagner', 'avenue de Diaz', '61 780', 'Raymond', 'France'),
(8269, 'Garnier', '94, place Merle', '69 270', 'Huet-les-Bains', 'France'),
(8270, 'Richard Simon SARL', '447, place Mendes', '46 413', 'Duhamel-les-Bains', 'France'),
(8271, 'Guyot SARL', '4, place Yves Gilbert', '79 438', 'Prevostdan', 'France'),
(8272, 'De Oliveira S.A.', '88, impasse Laurent Mendes', '15 811', 'Lacroix', 'France'),
(8273, 'Turpin S.A.S.', 'place Alexandre Diallo', '49 416', 'Poulain', 'France'),
(8274, 'Lelievre Dias et Fils', '9, impasse de Fleury', '56645', 'Reynaud-sur-Fouquet', 'France'),
(8275, 'Rousset', 'avenue Martine Guerin', '40 715', 'Lenoir', 'France'),
(8276, 'Duval SAS', '48, place Wagner', '28470', 'Renard-les-Bains', 'France'),
(8277, 'Pierre', '64, avenue Collin', '69 347', 'Gilles-les-Bains', 'France'),
(8278, 'Bigot Fernandes S.A.R.L.', '58, boulevard Renault', '03 664', 'Marchalnec', 'France'),
(8279, 'Raymond Dupont et Fils', '3, avenue Mathieu', '63226', 'Picarddan', 'France'),
(8280, 'Pottier Faure SAS', '9, impasse Victoire Robert', '79 202', 'Verdier-sur-Mer', 'France'),
(8281, 'Jourdan', '764, rue de Traore', '33 281', 'Coste', 'France'),
(8282, 'Lucas', '8, impasse Masson', '79 505', 'Buissonboeuf', 'France'),
(8283, 'Couturier', 'chemin Da Silva', '25324', 'Lopes', 'France'),
(8284, 'Fischer', '48, chemin Aurélie Perret', '14740', 'Chevallier', 'France'),
(8285, 'Barre', '92, rue Martineau', '15 486', 'Descamps', 'France'),
(8286, 'Boulay', '107, chemin Gallet', '43783', 'Pereira-les-Bains', 'France'),
(8287, 'Ribeiro Martel SAS', '82, rue de Delannoy', '32 210', 'Michel', 'France'),
(8288, 'Moreau Herve SARL', 'rue Laurent Letellier', '72 332', 'GalletBourg', 'France'),
(8289, 'Masse', '242, boulevard de Roger', '10 154', 'Gauthier', 'France'),
(8290, 'Laporte et Fils', '9, place Adrienne Thibault', '93559', 'Muller', 'France'),
(8291, 'Muller', '61, chemin Alice Le Gall', '04068', 'Begue-la-Forêt', 'France'),
(8292, 'Peltier', '670, place Schmitt', '27273', 'Benoitdan', 'France'),
(8293, 'Leveque', '829, rue de Millet', '58043', 'De Sousa', 'France'),
(8294, 'Lesage', '43, place Bertrand', '83090', 'Rodriguez', 'France'),
(8295, 'Schneider S.A.R.L.', '531, impasse Eugène Paris', '30 842', 'Guillon', 'France'),
(8296, 'Schmitt', '9, boulevard Juliette Tanguy', '58 389', 'Legendre', 'France'),
(8297, 'Hoarau', 'rue Adam', '96684', 'Benard-sur-Mer', 'France'),
(8298, 'Goncalves Meunier et Fils', '92, rue de Poulain', '19203', 'Cohen', 'France'),
(8299, 'Remy', '2, rue Mathieu', '45 737', 'Pages', 'France'),
(8300, 'Wagner S.A.', '10, impasse de Delorme', '99 621', 'Boulanger', 'France'),
(8301, 'Guerin', '61, place Dubois', '15758', 'Sauvage', 'France'),
(8302, 'Bouvet', '81, impasse Odette Costa', '69649', 'Besson', 'France'),
(8303, 'Leleu Peltier SAS', '50, place de Labbe', '29893', 'Lebreton', 'France'),
(8304, 'Toussaint Lefevre S.A.R.L.', 'boulevard Sabine Gaudin', '61 566', 'Rodriguez', 'France'),
(8305, 'Charpentier', '7, rue de Antoine', '51665', 'Gosselindan', 'France'),
(8306, 'Delahaye', '7, chemin de Guerin', '31 709', 'Martins', 'France'),
(8307, 'Reynaud', '5, impasse de Bourdon', '08 582', 'Chauveau', 'France'),
(8308, 'Munoz Gauthier et Fils', '94, rue Honoré Millet', '36 559', 'Camus-les-Bains', 'France'),
(8309, 'Goncalves', '3, rue Manon Pires', '77167', 'Munoz', 'France'),
(8310, 'Dupuis', '4, place de Didier', '61077', 'Lacombeboeuf', 'France'),
(8311, 'Gay et Fils', '85, place Delahaye', '55 838', 'Lagarde', 'France'),
(8312, 'Marty', '6, impasse Hugues Chauvin', '63175', 'Prevost', 'France'),
(8313, 'Michaud', '70, avenue Potier', '16 703', 'Brianddan', 'France'),
(8314, 'Lagarde Roger S.A.R.L.', '63, place Fischer', '53 596', 'Allard-sur-Breton', 'France'),
(8315, 'Benard SA', '90, chemin Meunier', '00 163', 'Bodin', 'France'),
(8316, 'Poulain', '402, boulevard Théophile Remy', '93 758', 'Jourdanboeuf', 'France'),
(8317, 'Lombard', '11, boulevard Rousseau', '86509', 'Dumontboeuf', 'France'),
(8318, 'Legros Sanchez et Fils', '62, avenue de Marion', '62 685', 'Benard-sur-Mer', 'France'),
(8319, 'Boyer', '83, place de Boucher', '06538', 'Delorme', 'France'),
(8320, 'Besnard Gay SARL', '15, chemin de Barre', '86 405', 'Berger-sur-Wagner', 'France'),
(8321, 'Levy', '40, rue Ollivier', '66 834', 'Leleu', 'France'),
(8322, 'Grondin SA', 'place Adélaïde Guillot', '81739', 'Roussel-sur-Mer', 'France'),
(8323, 'Paul Blanc SA', '16, avenue Munoz', '00 474', 'Carlier-sur-Morin', 'France'),
(8324, 'Mallet', '92, rue de Carpentier', '65 268', 'Menard-sur-Mer', 'France'),
(8325, 'Georges', '971, chemin de Germain', '51 630', 'Fleurydan', 'France'),
(8326, 'Weber', '8, rue Maurice', '66 233', 'ParisBourg', 'France'),
(8327, 'Dumont S.A.', '36, boulevard Lemoine', '46082', 'Lecoq', 'France'),
(8328, 'Descamps Blanchet SARL', '70, impasse de Lefevre', '57 596', 'HumbertVille', 'France'),
(8329, 'Royer', '582, impasse Gauthier', '81 532', 'Riou', 'France'),
(8330, 'Chartier', '78, rue de Lejeune', '61588', 'Morel', 'France'),
(8331, 'Berthelot', 'boulevard de Perrot', '67 069', 'HamonVille', 'France'),
(8332, 'Guillot', '89, chemin Gonzalez', '60113', 'Daniel', 'France'),
(8333, 'Renard et Fils', '59, avenue Catherine Lemonnier', '38711', 'Barbier', 'France'),
(8334, 'Poulain S.A.', '78, boulevard Gauthier', '90 079', 'Verdier', 'France'),
(8335, 'Bonnet', 'impasse de Lamy', '03 930', 'Meunier', 'France'),
(8336, 'Picard', '336, impasse Andrée Schmitt', '13191', 'David', 'France'),
(8337, 'Sanchez Rey S.A.R.L.', '406, boulevard de Boutin', '37 025', 'Gautier-les-Bains', 'France'),
(8338, 'Bouvet Dias SA', '7, chemin Maurice Benard', '93 323', 'Delaunay-sur-Bousquet', 'France'),
(8339, 'Besnard Samson et Fils', '40, boulevard Traore', '98554', 'Maurice', 'France'),
(8340, 'Thierry', '59, avenue Auger', '50 127', 'Colinboeuf', 'France'),
(8341, 'Peltier', 'impasse Voisin', '98971', 'Georgesboeuf', 'France'),
(8342, 'Fouquet S.A.', '648, place Bouvet', '63 088', 'Langloisnec', 'France'),
(8343, 'Aubert SA', 'rue de Verdier', '23 387', 'Dos Santos-sur-Robert', 'France'),
(8344, 'Gilles', '8, rue Lucy Albert', '28 364', 'Danieldan', 'France'),
(8345, 'Deschamps SA', '3, rue de Mallet', '42 995', 'Barre', 'France'),
(8346, 'Schneider', '661, avenue de Guilbert', '55359', 'Dubois', 'France'),
(8347, 'Rousseau', '256, boulevard Christophe Perret', '34 720', 'Rouxdan', 'France'),
(8348, 'Bourdon Costa S.A.', '27, avenue Petit', '35902', 'Caron', 'France'),
(8349, 'Didier', '69, place Marguerite Martel', '41984', 'Breton-les-Bains', 'France'),
(8350, 'Traore S.A.R.L.', 'place Paul', '75 088', 'BertrandVille', 'France');

-- --------------------------------------------------------

--
-- Structure de la table `platform`
--

CREATE TABLE `platform` (
  `id` int(11) NOT NULL,
  `name` varchar(50) COLLATE utf8mb4_unicode_ci NOT NULL
) ENGINE=InnoDB DEFAULT CHARSET=utf8mb4 COLLATE=utf8mb4_unicode_ci;

--
-- Déchargement des données de la table `platform`
--

INSERT INTO `platform` (`id`, `name`) VALUES
(424, 'Playstation 4'),
(425, 'Playstation 5'),
(426, 'Xbox One'),
(427, 'Xbox Series'),
(428, 'Nintendo Switch'),
(429, 'PC'),
(430, 'MAC'),
(431, 'Stadia'),
(432, 'Wii U');

-- --------------------------------------------------------

--
-- Structure de la table `user`
--

CREATE TABLE `user` (
  `id` int(11) NOT NULL,
  `email` varchar(180) COLLATE utf8mb4_unicode_ci NOT NULL,
  `roles` json NOT NULL,
  `password` varchar(255) COLLATE utf8mb4_unicode_ci NOT NULL,
  `username` varchar(50) COLLATE utf8mb4_unicode_ci NOT NULL,
  `birthdate` date NOT NULL
) ENGINE=InnoDB DEFAULT CHARSET=utf8mb4 COLLATE=utf8mb4_unicode_ci;

--
-- Déchargement des données de la table `user`
--

INSERT INTO `user` (`id`, `email`, `roles`, `password`, `username`, `birthdate`) VALUES
(39636, 'acharles@goncalves.net', '[\"ROLE_USER\"]', '$2y$10$eBqKMjxdCv3.xwOWpukkJu5xME6A8EiKRjkWPp2jxa/TUlWYfmoCu', 'tristan.hoareau', '1993-10-13'),
(39637, 'goncalves.michel@laposte.net', '[\"ROLE_USER\"]', '$2y$10$kCaAXvw5Szu/hrgJ0ScM2uKgrgM3Vo7oocJ4ijtGuCTT6zqH48/ta', 'guyon.lucy', '1995-01-08'),
(39638, 'delahaye.agathe@bertin.com', '[\"ROLE_USER\"]', '$2y$10$2EhcxLV8jASeMFzQovBL9.9xMyvoVRFPa6enI3f9F5AhXHjs1slJC', 'theophile.guichard', '1972-03-27'),
(39639, 'ebousquet@vincent.com', '[\"ROLE_USER\"]', '$2y$10$N/fnr2Y9j1xLC1Bt3ZWyrOto5q17DYOpBCr7Ed8yO38ZOvczfpSd2', 'leger.stephane', '1987-01-01'),
(39640, 'franck85@pereira.fr', '[\"ROLE_USER\"]', '$2y$10$8UGGgyGaV6QnIb5RG1CvhOZeYtb0iF/y08cDaHfKWOtjeV4eUshBu', 'julien01', '2000-04-02'),
(39641, 'prolland@renard.fr', '[\"ROLE_USER\"]', '$2y$10$D/0w/V2x88rTPL8qjE7eR.URwcREGcIzh/xk7HNUC3PhAFAwWNNWa', 'mleblanc', '2002-02-22'),
(39642, 'delannoy.denise@rossi.org', '[\"ROLE_USER\"]', '$2y$10$M82A3lTHk3vEqvri48XZgOiO8hHxxSi21oQQfOl72Z54bS7YDmGNG', 'oprevost', '2006-12-13'),
(39643, 'aubert.paul@club-internet.fr', '[\"ROLE_USER\"]', '$2y$10$67CjbsNLg6pxQEXe0Ft/BemqSJaNRFw/3jkg979ymaEbgiEJybP8S', 'alain.leconte', '1966-05-05'),
(39644, 'berger.denise@hotmail.fr', '[\"ROLE_USER\"]', '$2y$10$vOCTfZIWfHqgrkh94Yimie57GbrjJklsVKP7NXVi/GlYFe4JdUgL2', 'hgregoire', '1988-01-02'),
(39645, 'eric73@wanadoo.fr', '[\"ROLE_USER\"]', '$2y$10$UW6DXCgNOZKwclvwJvOl0uKJyrznJuWsnRyfqI6wPml7zw8alAHm6', 'rpons', '1990-07-27'),
(39646, 'roland48@yahoo.fr', '[\"ROLE_USER\"]', '$2y$10$2zd4F7CBhEb63XdTTQmHBOFzLJYQdexDur1L6817TyAngcHycLtmS', 'edouard.normand', '1969-03-21'),
(39647, 'margaret.fernandez@maillot.fr', '[\"ROLE_USER\"]', '$2y$10$uJi1vXdYpf1u4urwDcbGAuCtqKiljNT8oPP6uUeIK6LE0J4euF5IC', 'ulagarde', '2008-01-01'),
(39648, 'faure.robert@giraud.com', '[\"ROLE_USER\"]', '$2y$10$2FZcDywjE64EnfJWwKlM/ew5XL9sXRYlBpGZRb0cMUPtTApyEGr6O', 'lucie.becker', '1974-08-21'),
(39649, 'maurice70@parent.com', '[\"ROLE_USER\"]', '$2y$10$DGaRBZmP1PRi7FHyytsYs.4Ya2Xa6GvdAd5LZg8M69bpIiBg08Xni', 'lambert.andre', '2003-10-19'),
(39650, 'bonneau.denis@gmail.com', '[\"ROLE_USER\"]', '$2y$10$7WEFu0uOm9FHu6auPVg4BerTCG4mLrhOmCbKOGB.rBgN0clxT3uIS', 'lombard.robert', '1992-02-29'),
(39651, 'rbecker@tele2.fr', '[\"ROLE_USER\"]', '$2y$10$APjmLcn5WSIVYSmO2C3hEulU6KxEXrpqodKI.FQjoseghmWfH3tZq', 'brunet.honore', '2005-02-03'),
(39652, 'guilbert.nath@leclerc.net', '[\"ROLE_USER\"]', '$2y$10$n0bk4MwW6PNvoTTsHlJI6O/9pEoy6TdrQMIFaY5t6LW668UH68st.', 'bernier.joseph', '1975-12-08'),
(39653, 'berthelot.christophe@lacombe.fr', '[\"ROLE_USER\"]', '$2y$10$.s4isBpxckWvsZGz.YOpk.SUzuZF.R7emR1LH5I0cM3MCDCWsUe/a', 'chevallier.honore', '1973-01-13'),
(39654, 'louis98@buisson.fr', '[\"ROLE_USER\"]', '$2y$10$rLJxkijZDygQDscNaYA5IeyH43byG4kyLWdAOl50CoPKF5YVacXaS', 'penelope.meyer', '1967-09-16'),
(39655, 'tristan00@gmail.com', '[\"ROLE_USER\"]', '$2y$10$w6bCJtXEVpfNNWqvgp7RVuqMXenjoWDshnVVGIg9ryOKjuZYumAf2', 'langlois.raymond', '1995-08-30'),
(39656, 'noel34@peltier.com', '[\"ROLE_USER\"]', '$2y$10$HUPIRbNHOlYq8cyYVd35VORlaZUA4LPfOtHzv0s7g.uzAdJjwqbvy', 'jlagarde', '2000-10-24'),
(39657, 'smenard@live.com', '[\"ROLE_USER\"]', '$2y$10$OZHuobkcUzi7Cniv2.XCSuq8TzzxYYI.TwfUpchJ5j9JSFA4SHreW', 'theophile.boutin', '1973-01-25'),
(39658, 'gabriel.klein@moreno.com', '[\"ROLE_USER\"]', '$2y$10$pYcRfz1hGyEDb5b1FgJwneIbjW4KSVWJm66ZkeQNV0KKU7JDIh.c6', 'martine.gros', '1979-03-06'),
(39659, 'pereira.alexandria@gmail.com', '[\"ROLE_USER\"]', '$2y$10$u/vQMsKOpJIxtMfHHpbAFOD8X61Exo2WqkLlc7dDbAQ.sB3Qjm33e', 'lcollet', '1974-02-22'),
(39660, 'emmanuel.leleu@laposte.net', '[\"ROLE_USER\"]', '$2y$10$SYBKCHPZ1QoCZp1Mnr/r3.znOVQLnQml.IaCtVmsfnwlxLrNkouA2', 'jerome60', '1974-03-19'),
(39661, 'marie58@costa.org', '[\"ROLE_USER\"]', '$2y$10$AeBanNfm.dAYKllEYBKAF.6nI1kEUb.rfTdf2nTIcBc/krS1h1L4q', 'hpascal', '2005-10-14'),
(39662, 'aurelie.marchal@sfr.fr', '[\"ROLE_USER\"]', '$2y$10$2BTpajguHU5/eO/6T9I32eHxi8748f8WLL56xRnVP1acAiJOqPOgy', 'valette.diane', '2000-11-15'),
(39663, 'lucie98@sfr.fr', '[\"ROLE_USER\"]', '$2y$10$ThiByVCxuRnH8Uj.dMOcEeECAUKMlA1hJ1q3MBq0Z4ZoiI4c8j712', 'gilles.fernandes', '1976-12-29'),
(39664, 'etienne.deschamps@lenoir.org', '[\"ROLE_USER\"]', '$2y$10$llrCQRuHxtg9ipDmd6VZ7O/n/kk2coKA1sSpJziz80p/Oq8OLEnWe', 'ajoubert', '2004-09-17'),
(39665, 'zdupuy@baron.com', '[\"ROLE_USER\"]', '$2y$10$HCi.yHJAwWwdnrRED7a2L.LaNjIwKEefTFoDvvmDKAbiieA6E4qTC', 'alfred.neveu', '1968-04-26'),
(39666, 'ptanguy@live.com', '[\"ROLE_USER\"]', '$2y$10$yaXuB5rIyBW/o/K2CAqrw.D4YR3iPi9wgONSyXwJKqFC8vyYOGn/q', 'michele55', '1991-01-22'),
(39667, 'edith.menard@garcia.fr', '[\"ROLE_USER\"]', '$2y$10$LoIGz5mGjUqi.uP2PTNRl.ORgPRDsdnM/3Pf8tm7sQipuGFMXOAIi', 'ledoux.thomas', '2008-08-04'),
(39668, 'ocordier@laposte.net', '[\"ROLE_USER\"]', '$2y$10$jub6OBoXuumgiiQNYqAZjOlEkQnxBnmQr.Y/z1mQMoVevF2cfRq3W', 'clemence.boulay', '1990-09-08'),
(39669, 'rblanchard@pascal.com', '[\"ROLE_USER\"]', '$2y$10$JkudABZjgwLHFJ.djgqvZe5bg6QLTiTnMeaq56FqcgfKbzl3DSEu6', 'pinto.maurice', '1974-06-08'),
(39670, 'christine97@noos.fr', '[\"ROLE_USER\"]', '$2y$10$u7w2GMKwjSlld5JoaKss7.d82SiJuH4NaJvs8iRqjx2gU6zo.UNrS', 'clemence30', '2005-06-23'),
(39671, 'pauline61@club-internet.fr', '[\"ROLE_USER\"]', '$2y$10$en5iaO8VZaFVGFUaO7pcweVU5.PgWVuLYJYR3suKfjTToQHFUciGu', 'michelle.grondin', '1990-02-04'),
(39672, 'dbarre@blanchard.net', '[\"ROLE_USER\"]', '$2y$10$wvh6z5IfYlZEGYVHW0hss.g83kJpajFq7NHx7wFR6ZjJkIO805lrS', 'anastasie.goncalves', '1965-05-12'),
(39673, 'patrick.simon@orange.fr', '[\"ROLE_USER\"]', '$2y$10$7wLDFKb9V3FsZWW7AvqWIeG7gLo1grVDs/7xmTNyy3Yoh9khRpg0S', 'denis.renaud', '1997-04-12'),
(39674, 'ufournier@club-internet.fr', '[\"ROLE_USER\"]', '$2y$10$TxeazfMurIYZCS.bWFpvNevlKxytvyWBDtSg8JPnYb8tQkXRe1LQq', 'tbesnard', '1989-06-30'),
(39675, 'goncalves.paul@orange.fr', '[\"ROLE_USER\"]', '$2y$10$5jAXcf.z5eZNUj3VFIgXJuNSq0b3NgpJrJrUuOUnZgvyoFHtNX686', 'matthieu99', '1977-07-04'),
(39676, 'laurence.guichard@auger.org', '[\"ROLE_USER\"]', '$2y$10$guYpejlW37JfA0a.yESM3uZ3zUzucNpydViHGnDWlKtD6SRTZ6ePS', 'perrier.isabelle', '2003-05-21'),
(39677, 'rjourdan@ledoux.org', '[\"ROLE_USER\"]', '$2y$10$VVPWswbmT17osOSY8tN5se76bNaNxhmWpJQNzeHfQh0yV4dbTdByi', 'ideschamps', '1969-11-11'),
(39678, 'philippe.lesage@gmail.com', '[\"ROLE_USER\"]', '$2y$10$GFpjsmImRFKwqHaUiVn/NOWTq7kHnUCrRqPmMlBPy9COwpqaiFWVO', 'lucie.vidal', '1980-07-15'),
(39679, 'pons.francois@dbmail.com', '[\"ROLE_USER\"]', '$2y$10$XDw/FkbqfrHBl3kN9YdxLuUwA3ZHMm4Kq47ZRereUihiXjrQm0Mda', 'qjean', '1991-11-27'),
(39680, 'rodrigues.pierre@herve.com', '[\"ROLE_USER\"]', '$2y$10$7921DfdlN5jOSEYS6tbbXOB0XH2d9jVXIQiAz4i9P1589aWYO.zMq', 'alexandrie.lacombe', '2008-04-22'),
(39681, 'jraymond@courtois.com', '[\"ROLE_USER\"]', '$2y$10$X.GhRObfGXTD55cnZwUh1uYQrYOf950pgFySRkDgMdNZBGsroypVa', 'paul.herve', '1995-01-11'),
(39682, 'isaac.buisson@club-internet.fr', '[\"ROLE_USER\"]', '$2y$10$2Pp6nIgweho.Rkp7NQnEPuAs21x2lIaD.PwAEWSBs1ElIsvvfQyxK', 'lecoq.robert', '1973-07-05'),
(39683, 'isaac.dossantos@tanguy.net', '[\"ROLE_USER\"]', '$2y$10$ttDXyOI0ijIPvH9un9DCQ..u2lQBB3mGugYi.P0kqsOWMJncSg6Tq', 'hfontaine', '1995-03-19'),
(39684, 'hamon.philippine@launay.fr', '[\"ROLE_USER\"]', '$2y$10$3e0hCMDpjgVhBgz9X0nCieIGEEgRhB0bwQaljN2VWutNoywooDceG', 'munoz.anais', '2005-06-14'),
(39685, 'arthur.gros@loiseau.fr', '[\"ROLE_USER\"]', '$2y$10$sAlqB4MNf2cpjWiqx2xuBeCAH4R18UUSHiqCntGSqwPUO2El38jbq', 'brigitte.gregoire', '1996-05-14'),
(39686, 'faivre.maggie@riou.com', '[\"ROLE_USER\"]', '$2y$10$OO7CX34FcaHoazpewrp78.uzIGVZ6U.mMCrKKyDKt8PAybwXJDnaC', 'jeannine.roy', '2000-11-17'),
(39687, 'erousseau@noos.fr', '[\"ROLE_USER\"]', '$2y$10$K4twyGdHbQ/YYrxEq/H44uR5rw3owU2u99WF.uvdbsFvGxHE1d1kS', 'thomas00', '1992-04-13'),
(39688, 'edouard88@rousseau.com', '[\"ROLE_USER\"]', '$2y$10$Wtx8KrAyqDYQc3PDNkk4NeFB364aKcVHNm..8YA6uQB6b1/RiKeDu', 'martins.adrien', '1978-11-05'),
(39689, 'humbert.patricia@masse.com', '[\"ROLE_USER\"]', '$2y$10$yYesR/9Pgi9xMVc0kFb/Tu648hr69E0IRYd2WXmXaoyBn5Ou4WBlG', 'leroy.nicolas', '1977-07-06'),
(39690, 'nicole.besnard@girard.org', '[\"ROLE_USER\"]', '$2y$10$/hjf9BI9Vm4/eivjeSAWae.n6PI/rhHD6.ca3jBVICNs/N48dFRma', 'oguichard', '1995-07-25'),
(39691, 'xlesage@yahoo.fr', '[\"ROLE_USER\"]', '$2y$10$KHERpKCo.044X4mncVLGDeJK8TvPjiS6ygyvDJex1y1a3zRGrBus.', 'idijoux', '1983-11-04'),
(39692, 'ibruneau@delattre.net', '[\"ROLE_USER\"]', '$2y$10$Xyz8k0eel9oyiqoHIzUsF.X2nz8r3dDT/oJzrfhW7CJdtotbUj2Ea', 'bourdon.bertrand', '1999-03-03'),
(39693, 'francois.costa@launay.fr', '[\"ROLE_USER\"]', '$2y$10$39nPkb8BDjtqbDIFWrU.2O8lW6zFY8YFySaG48qSElPAA4bxgYAuu', 'oroux', '2004-03-19'),
(39694, 'laurent97@club-internet.fr', '[\"ROLE_USER\"]', '$2y$10$lYSouOzEx.wrIjHz0JWJzuxGh5Zq/nJNTwjfC1DOyaU0HBjs1V9v.', 'perret.madeleine', '1972-11-08'),
(39695, 'luc.valette@gaillard.fr', '[\"ROLE_USER\"]', '$2y$10$0trQd7SPGq2dkXQ8mbh0ce9EfQfuDcMhgbG8CcmqTS9HnXg25oE6C', 'dcamus', '1982-02-20'),
(39696, 'lemonnier.stephane@sfr.fr', '[\"ROLE_USER\"]', '$2y$10$sNe8Sr8UvcPXq9gmUQijZutESv1z5lqb7LMluAtndfHrRWbvIrhFO', 'oguyon', '1979-12-11'),
(39697, 'christophe15@yahoo.fr', '[\"ROLE_USER\"]', '$2y$10$J6bmPZeN3wA//nUXuuW4Ju17yg8N3/1efLfpyRWj8pZEmH8VVQSGa', 'henri.morel', '2003-05-26'),
(39698, 'brigitte.leroux@sfr.fr', '[\"ROLE_USER\"]', '$2y$10$2bSbBowjmNdRVu4WRoz4cuRvgS1kZD4zc/eV6yxYQh7BQZk6.RZB.', 'thierry.cousin', '1987-11-11'),
(39699, 'eleonore67@jacquet.com', '[\"ROLE_USER\"]', '$2y$10$khzi7y5I1gdbme5QWncqUem9y7lHfKquecB9SWLZAXwFiLJAB7nsq', 'blondel.joseph', '1987-02-26'),
(39700, 'monique.ruiz@techer.net', '[\"ROLE_USER\"]', '$2y$10$R/VhpipC.C1UJmnaKE95H.T9fC1lIZW4Ys8hik8upjEe4daC6OHvi', 'joubert.susan', '1974-01-21'),
(39701, 'claude.morin@tele2.fr', '[\"ROLE_USER\"]', '$2y$10$ogSSfn/QM4q/KCiArtyVD.PmF7sHK3SDJwWpdocTYEWUm7v.PJKPK', 'alphonse.martel', '1984-08-19'),
(39702, 'dumont.arnaude@yahoo.fr', '[\"ROLE_USER\"]', '$2y$10$qYE4Rg4K7.sn3fQ4FmVFau8duKinTgpTbR3k/ZL8jToodKtaGwNA6', 'qboulanger', '1962-05-26'),
(39703, 'charles06@tele2.fr', '[\"ROLE_USER\"]', '$2y$10$oQ4E42iR/XHbMggRJnfawu4WadLk0KPbVhI6OkqpQYZtDooDMRXDa', 'pjulien', '2000-02-27'),
(39704, 'marthe.colin@club-internet.fr', '[\"ROLE_USER\"]', '$2y$10$7tsAw5NtIZzalF9b2VClB.1xlKCxPDgMSmLDQP/6WlqY.NhZ9fuxK', 'sbruneau', '2005-08-11'),
(39705, 'uleger@wanadoo.fr', '[\"ROLE_USER\"]', '$2y$10$Pqk5Q/ZOxUYvw2Z2MrONBeA3JRr.W.bDJbi4wlwkXElyGKydb1xGq', 'michelle15', '2007-08-15'),
(39706, 'cecile.sanchez@roche.com', '[\"ROLE_USER\"]', '$2y$10$rX9Mdfoe75Ch4R9Z5.xcfeeLzmA3OqCR6fYaW0g.v.ffuiBlGQKXC', 'wpons', '1981-11-19'),
(39707, 'alain.legoff@pruvost.com', '[\"ROLE_USER\"]', '$2y$10$CeZaKWPiSFtoSeHQiSjr1.Vy4I1BStyAJLf/0PvHIYhg8c8V00LOO', 'michelle.clement', '2003-06-27'),
(39708, 'guillaume.susanne@hotmail.fr', '[\"ROLE_USER\"]', '$2y$10$odhhW4hTqBlhxUqnERHMP.Sz6rYkRtroOfrj5.mTedLoYx/Yx5QGq', 'wregnier', '1968-08-29'),
(39709, 'ghubert@gmail.com', '[\"ROLE_USER\"]', '$2y$10$9oXI9Fe8bB5GI1vy1L4GLuWJqHWdmioanTbNIxK.W77Li66ey2aNO', 'gregoire79', '1967-11-11'),
(39710, 'marty.audrey@gmail.com', '[\"ROLE_USER\"]', '$2y$10$O4fAn/gVtMnzwxnDrKGQu.3OaSa9aIKR1Hs9fxQwu335mP3Q1Ms5a', 'ymorel', '1997-09-30'),
(39711, 'neveu.lorraine@weiss.fr', '[\"ROLE_USER\"]', '$2y$10$Ap5pX9rxeQCuycCml38qruUYS5AeleoQt7QC8.RRXnt9X9D3dLl32', 'henri.neveu', '1980-04-20'),
(39712, 'stephane35@wanadoo.fr', '[\"ROLE_USER\"]', '$2y$10$OPKqgCul8CRGiT9WHGoX7uZe7HuRVAYYXzXjyJyXdWjamGE2jqb/S', 'guillot.ines', '2008-12-18'),
(39713, 'martine40@lagarde.com', '[\"ROLE_USER\"]', '$2y$10$AfcG5YRbmMiumJw55x0//O9.K.w6TgEXsrbOWM8yOgYzpjUinQ99y', 'isaac78', '1992-08-01'),
(39714, 'gabriel.barre@mahe.com', '[\"ROLE_USER\"]', '$2y$10$ymZzD.ofuu5v/cxG4HNCKuPXKQZ6byMu6Mv03uUAsXFFtyiIIidBK', 'remy55', '1986-04-28'),
(39715, 'philippine.huet@rocher.net', '[\"ROLE_USER\"]', '$2y$10$.xftchNOAegqjIKtjkn7uu.6xUatW.8Yi2phKYcMAA5S/BSOKJySW', 'olivier69', '1984-06-19'),
(39716, 'colette.bernard@vincent.org', '[\"ROLE_USER\"]', '$2y$10$5ORycaTUd7ci0.3THYaYVeFo6OK7GTNf1dv/dPDXt2g13LgcfyuDy', 'thierry04', '2002-08-25'),
(39717, 'ppotier@club-internet.fr', '[\"ROLE_USER\"]', '$2y$10$fZm1HFBhOu.SltVayFWl7eI.WidAo8PwZy9vTFPxSbr1QXCV5Xdri', 'philippine.moreau', '1986-08-28'),
(39718, 'etienne.emile@laposte.net', '[\"ROLE_USER\"]', '$2y$10$3.MLqPBQox1oBan/amcOR.Ewwldf52m2UH5yBpklXPAYYjZjoI9BC', 'josette92', '1988-05-08'),
(39719, 'laroche.isaac@barthelemy.com', '[\"ROLE_USER\"]', '$2y$10$FLrjbMxh8wQ8Xl6tSwDml.JimuTfF3iLxcXzYhp2KLNnHHqu4XH5u', 'eleonore.leveque', '1975-02-05'),
(39720, 'wdeoliveira@lebon.com', '[\"ROLE_USER\"]', '$2y$10$QqopszRPAvGF31JIGBiNT.TchZzE64pRrZR36MEC1/8mOazODwadO', 'mrocher', '1988-06-19'),
(39721, 'christine.pinto@auger.fr', '[\"ROLE_USER\"]', '$2y$10$d15H798FdhK2V7ECSDKVkOkfx.Qu.bqSQpcFtFAOHGs4AD3OXdFf6', 'ugay', '1975-03-12'),
(39722, 'maggie.guerin@didier.com', '[\"ROLE_USER\"]', '$2y$10$qqbaENwLmyM9EmtY9jQt8OOUfsT/wWqunYxL3KAGPFgg8B/lcgFDG', 'humbert.nathalie', '1994-04-12'),
(39723, 'olagarde@free.fr', '[\"ROLE_USER\"]', '$2y$10$Z.V5ScyDhT3C98h59M0UOu7XWSva9ahBilgT2p8ZbVpM22t.h7jLe', 'jerome23', '1969-07-13'),
(39724, 'sophie.barbier@orange.fr', '[\"ROLE_USER\"]', '$2y$10$v2vQLrvFrqrHepyEO/41Ou0unlJykYRfzAu20NEW9jDdtQFG.I8Tm', 'poulain.yves', '1968-06-14'),
(39725, 'lucas.olivier@laposte.net', '[\"ROLE_USER\"]', '$2y$10$bH9WiO2/xnkT20lnA/Lvwu98L4UIlKJOHQ2HjCjZsdaj0fJByTGQC', 'nathalie43', '1967-05-24'),
(39726, 'philippine07@maurice.com', '[\"ROLE_USER\"]', '$2y$10$lIGzUi5ZHjW8Zj7in437vOWFR44aAdgFYQvyPzqt/VVugSKqky8mO', 'anastasie.regnier', '2005-06-29'),
(39727, 'jacquet.anais@gmail.com', '[\"ROLE_USER\"]', '$2y$10$b5yzN1qc1s7wJAt62BLVM.KDkM7xTtvNvW0qwgaoU/KeVBdA/ohZq', 'fontaine.gregoire', '1962-02-04'),
(39728, 'andree40@tele2.fr', '[\"ROLE_USER\"]', '$2y$10$4HUHSGLnN6KjoKs1r31KIOUaDZpkSZn/OWhTQ0uDHSpyydwLQG.pa', 'agathe26', '1972-06-21'),
(39729, 'dhuet@pierre.com', '[\"ROLE_USER\"]', '$2y$10$sKNcwSix2hdYbiyt9Q.lQeTvyGLOIyk/DVh3rlCjF37gIXnK4nwCO', 'langlois.sebastien', '1994-09-08'),
(39730, 'itraore@samson.com', '[\"ROLE_USER\"]', '$2y$10$cBD7QmxZmhpkdjcL5kYdCed6BtOKv1PuVvRVppM/eRT8dH2kyeRqq', 'martineau.marguerite', '1964-11-03'),
(39731, 'tberthelot@robin.com', '[\"ROLE_USER\"]', '$2y$10$D4T62NbuEKRLNxLjLUMinezsH9uaEPsWDHrOHDJCeLZxloYdkPp2a', 'diallo.emile', '1987-05-27'),
(39732, 'vlambert@deschamps.com', '[\"ROLE_USER\"]', '$2y$10$LKzXQXiUOdWa653WNqVDI.Vp3s7RL8c.1cJDDvMGXeGzLHl0jQzeK', 'maggie21', '1962-05-30'),
(39733, 'emmanuelle17@becker.com', '[\"ROLE_USER\"]', '$2y$10$urCnPlUlS8/UYQ76PSk/e.UsGf4WSqnv6UyuH17qaUCO.w8kWD78K', 'gabriel.besnard', '1996-03-20'),
(39734, 'clement.raymond@lebreton.com', '[\"ROLE_USER\"]', '$2y$10$unoNtN.V7dlY1.U5hGnXFOu/vE18QUyk.hRboy8hmB514nBBniUVm', 'duval.margaux', '1980-10-06'),
(39735, 'marie.zacharie@rocher.com', '[\"ROLE_USER\"]', '$2y$10$4HoK.WzBarH9q9mvqeQPMuXEe5ohimxti/vrQ5enP0rl0iLYmay8m', 'jmartin', '1990-01-21'),
(39736, 'guy.mallet@millet.com', '[\"ROLE_USER\"]', '$2y$10$GZeyGiAKGNyyiHNGW71uZuKPUKTa9mID.r/EK.nJaZwYLSFgptVKe', 'simone.chauvet', '1998-05-12'),
(39737, 'simon.stephane@costa.org', '[\"ROLE_USER\"]', '$2y$10$9YPom6FVxnWT1rSXSVEGq.mMq7x7NKDi1vUHX2CXR6/kkVnlt2E5y', 'duhamel.joseph', '1982-11-26'),
(39738, 'pperrot@wanadoo.fr', '[\"ROLE_USER\"]', '$2y$10$Bzusw8v5dFlJtvzRaqEWLOqlGGsHFuAwQHiLgAYjxftSmcsFtTlYW', 'noemi.gay', '1987-04-22'),
(39739, 'baron.thibault@guillet.com', '[\"ROLE_USER\"]', '$2y$10$vSiCbOlfkZ73p5WQyb0/BO0PVFMM.kyJqY12LjK8o1FyywX1j6C1.', 'alexandrie.fabre', '1972-01-30'),
(39740, 'maryse.hardy@guyot.fr', '[\"ROLE_USER\"]', '$2y$10$21OJdDbeoGxZE1uh0SgNgeHMCEzsm/YgXBEF4ZLFvt6Kr04UBcfEy', 'timothee.nguyen', '1985-02-25'),
(39741, 'ychevallier@tele2.fr', '[\"ROLE_USER\"]', '$2y$10$/YmNN1uBe0XKb/nB/81ZC.dQUSFyAvngMhcBVH8Z5WfRdCF1eUC5i', 'ccollin', '1997-09-18'),
(39742, 'dvallet@laposte.net', '[\"ROLE_USER\"]', '$2y$10$Q83IMY0XO2xR9miv6Un6EOU8mw0tSfUkDfl8AEhKjYNOg/syonyD2', 'coste.eugene', '1993-05-17'),
(39743, 'ggauthier@gmail.com', '[\"ROLE_USER\"]', '$2y$10$2DaMuEf0GZSwSPsNKbWMOu3LQpSJYnqqaMfpyhZf0EUkF0WqK221G', 'ferrand.charles', '1978-04-25'),
(39744, 'mcoste@free.fr', '[\"ROLE_USER\"]', '$2y$10$gH5Lxp2lecEK3DIPV/Fmce8.fID7Pn1ynIhmXKqChc.D2IKY0DjQq', 'daniel.chauveau', '1978-05-06'),
(39745, 'guillot.timothee@marin.com', '[\"ROLE_USER\"]', '$2y$10$8ozfT5.rql1qU8nRE2zF2u2fwcTWpNURvKpDnhpJ88rvfiviNWHeS', 'edith57', '1976-12-03'),
(39746, 'clement.patricia@leveque.org', '[\"ROLE_USER\"]', '$2y$10$kKjVzs6Y496BueB2vn0xYu97bdL6QlgxU/u060Dm8vkrMa1VA5FPW', 'adelaide.gonzalez', '1990-12-19'),
(39747, 'jean.georges@laposte.net', '[\"ROLE_USER\"]', '$2y$10$QAICdRUY9BUgUlcCRok67uELB5go9iHCyTQAz2vGHiJgQVH/HmkK.', 'thibault.mathieu', '1996-11-14'),
(39748, 'adrien33@moreau.fr', '[\"ROLE_USER\"]', '$2y$10$ZOnEtU0c3y.XkSiIi977IeO08TPeI.E1Qg6Mi4zrU93fisFUIgWce', 'odossantos', '1980-12-08'),
(39749, 'victor57@etienne.com', '[\"ROLE_USER\"]', '$2y$10$rxu/M06zK6cc4.fhWpked.Rk362PRr73EDrgphScSFa6o51COXld2', 'marques.thibaut', '1975-11-01'),
(39750, 'marchand.eleonore@moreno.org', '[\"ROLE_USER\"]', '$2y$10$OMA4PCYnUGrJeDXKdE9RxOz7w9403yU2Hc9JJpdwlAaEXwTq5wiQe', 'charlotte.traore', '1969-05-14'),
(39751, 'gabrielle56@dbmail.com', '[\"ROLE_USER\"]', '$2y$10$r3k4gUAzpULgZWZUD6Mqge8WuIYeJl1gEOwcUq8yDS0x7ZRPjSHYy', 'christophe.georges', '1971-02-07'),
(39752, 'daniel.reynaud@gmail.com', '[\"ROLE_USER\"]', '$2y$10$evmyEgIEYAAgRSitOLOA1eXEUi9vc./oS8DuGasRiRZD/Eq3k/lF6', 'marie72', '2004-05-01'),
(39753, 'nicolas37@reynaud.fr', '[\"ROLE_USER\"]', '$2y$10$v0gZ8.XE4WsD/nYVEEEIgepr3UIqv6gKL.VR72P1Ye4oBB7d28TN2', 'bonnin.valentine', '1996-04-11'),
(39754, 'marcelle91@sfr.fr', '[\"ROLE_USER\"]', '$2y$10$YvNy5tgFtONGSGV.5sTFGuHhaP/4IYMnwUuLHhNWBa1tTP2S7JLoi', 'costa.eugene', '1978-02-01'),
(39755, 'delattre.anouk@gmail.com', '[\"ROLE_USER\"]', '$2y$10$sSOLp3sWvyqy4Yy/cmcnOOMmFOofNJTbQOYD5x0EvRXHLMhfIkJju', 'denis.benard', '1968-02-18'),
(39756, 'benjamin.lemaire@pons.com', '[\"ROLE_USER\"]', '$2y$10$HLa3i7UgbMxZeN62uY66Y.Fx.wsLQ4bsyFHSbo/IY3EnFZe9FuDde', 'lemonnier.danielle', '1985-07-31'),
(39757, 'laurence14@wanadoo.fr', '[\"ROLE_USER\"]', '$2y$10$q39FB/bXy/qohyrdxHwMbexFJrflf.3G5CxG1lniOJvgKr2MZXwYi', 'jourdan.odette', '1980-05-06'),
(39758, 'crossi@raymond.com', '[\"ROLE_USER\"]', '$2y$10$G7Zl8.ygNf7NHPNZ0sUm0uGk0wF1pbKC7F5z/nbJXfXNAPAMfiDVy', 'ruiz.anais', '1978-11-23'),
(39759, 'alaroche@costa.fr', '[\"ROLE_USER\"]', '$2y$10$.brfg.Iju0sEmZ.2PEdJuuA4bznx7busIUWFK55JRIhTA2jBn.NZe', 'traore.xavier', '1983-09-10'),
(39760, 'mbonnet@tele2.fr', '[\"ROLE_USER\"]', '$2y$10$kUXy54q.ZVTyqXW2iV6.pOpzHCZDGSqPIMpy22wzDKXJB8d7Oa34e', 'ferreira.colette', '1984-04-09'),
(39761, 'nmoreau@teixeira.com', '[\"ROLE_USER\"]', '$2y$10$NX6ge3isolnyolurv2x2/edMAeYFDuskdsbltigIxwdmqri8TNJay', 'lgallet', '1984-04-14'),
(39762, 'lucie00@noos.fr', '[\"ROLE_USER\"]', '$2y$10$algu91tqT6JnaXxjX58vx.Q/tifD1/7Lml7NqtsZbypmy4jK2OvSq', 'marguerite.roche', '1964-07-24'),
(39763, 'gabrielle46@laposte.net', '[\"ROLE_USER\"]', '$2y$10$GwAVNrtdQGEx90B1H5zCT.0yHlEMJatWkyL9ivBfX9a/2NlxWof6G', 'dorothee06', '1986-09-22'),
(39764, 'bruneau.emmanuelle@rossi.fr', '[\"ROLE_USER\"]', '$2y$10$HH.49DPfW2PwNhu9iWkt6OHHj0qRymkerSq61mhIUUIp6eYUU1Lxi', 'marine13', '1995-01-22'),
(39765, 'victor.rousseau@noel.com', '[\"ROLE_USER\"]', '$2y$10$FJm5OBMfbm6Y5kyJegzjZOAPIFajeJ9xmYSqF5rCHoG7ZmNR2Zbva', 'remy.bernadette', '1988-12-06'),
(39766, 'rroussel@club-internet.fr', '[\"ROLE_USER\"]', '$2y$10$pHsYJTTOZaQBX9//sqNdZeolCfd97JsHFLeMtIOS0qJMI34BsfenG', 'marc34', '1986-08-08'),
(39767, 'philippe.perrin@delaunay.net', '[\"ROLE_USER\"]', '$2y$10$l7mVIUFwsXsRjCbqlna9xeEArRKJetyrXIAm3UFfvlpi7lrrM869G', 'rgauthier', '2004-06-11'),
(39768, 'alain.devaux@bouvet.fr', '[\"ROLE_USER\"]', '$2y$10$LzYwxg.0zI.4OHjtME/6uOGc9mCJ8x2QEuVmySVIw./3pQDlhru2m', 'obousquet', '1987-09-08'),
(39769, 'susan.bourdon@tele2.fr', '[\"ROLE_USER\"]', '$2y$10$cE9VTORpqd80Mv38IDWL4eDRHQkd0G1tAtbEgyIJxrc9vubbUdWNO', 'zblondel', '1988-09-27'),
(39770, 'gerard.blanchard@yahoo.fr', '[\"ROLE_USER\"]', '$2y$10$SeQ3NkXDvQmwhf76W78UDeu7tt3mswhUOySihWMaqfImHowfZJ9bG', 'pdeoliveira', '1994-05-20'),
(39771, 'diane.marin@noos.fr', '[\"ROLE_USER\"]', '$2y$10$QlEq749YQL6Tl2aXHpsRp.JvvgLNUVM26lKyD8Q7HmOsizqVkxaTe', 'joseph34', '2003-11-27'),
(39772, 'david77@laposte.net', '[\"ROLE_USER\"]', '$2y$10$Wj6RLd2jTEFq.rsuFC6Giei0uaJMBO/zmxBAqcDQ2038afbud5EN6', 'laurent74', '1982-07-14'),
(39773, 'marie.carpentier@lecomte.com', '[\"ROLE_USER\"]', '$2y$10$.fG1nNe7OET.a3XCs3T0CueIYGY86x943TcmY3Y9.fnU8E9ulGxpO', 'lemoine.roger', '1983-06-27'),
(39774, 'elisabeth20@sfr.fr', '[\"ROLE_USER\"]', '$2y$10$S3..ROMcaWgUX.UEBP0PoOfrURkKnx/MSyhaJgjBkxuBKd15S9Gvm', 'marguerite64', '1965-11-17'),
(39775, 'maurice03@bouchet.com', '[\"ROLE_USER\"]', '$2y$10$.3PoYIXxg8N1tVypywWMpeOttCJZQyYf7qkZlK4QN7rR1FKNe58nS', 'qhoarau', '1996-10-24'),
(39776, 'laurent.alice@dbmail.com', '[\"ROLE_USER\"]', '$2y$10$0GR5Qrmv8CgFgvrD9cUjAO1OThGPAPc3HstKcpG/7wN8rtkLspP3C', 'bazin.bernadette', '1986-01-27'),
(39777, 'eugene.jacob@deoliveira.fr', '[\"ROLE_USER\"]', '$2y$10$D4C/RQu4zsS2G4OMJP6rgupC0nYreW/tXtj6JQW8oSeU6bDXKyCcK', 'cecile.briand', '1967-08-22'),
(39778, 'hugues02@launay.net', '[\"ROLE_USER\"]', '$2y$10$XL3cM2TTCBGJ3x/sjp42tecTihCSXKhb.VbX/BfVOGM9CQX2hRJEq', 'ramos.margaud', '1962-02-22'),
(39779, 'normand.dorothee@dbmail.com', '[\"ROLE_USER\"]', '$2y$10$NIJ0B/SeqQsdtswdCBTp3.5/S0zEDi3JD7Z68VaxtfIPil09SDO02', 'benoit.richard', '1985-06-14'),
(39780, 'louis.legrand@noos.fr', '[\"ROLE_USER\"]', '$2y$10$Q86DTL0J98LnsZnlHkbopuNTSS3/RaebGj5rcQUa9n.jTE7f42yo.', 'henriette.rey', '1988-07-20'),
(39781, 'tristan75@tele2.fr', '[\"ROLE_USER\"]', '$2y$10$NKIla4upLO1tCq3b9deHAeI46vhsTb2E8gK06Z/ifsfpnhQvAE1/u', 'moreno.gilbert', '2000-09-29'),
(39782, 'agnes62@briand.com', '[\"ROLE_USER\"]', '$2y$10$JYOzVu1LV5YIHqIoA1BdB.lRG7QkrVF7kyqesNobl5ThqBnPOXwxy', 'adrien86', '1968-01-11'),
(39783, 'joseph.richard@laposte.net', '[\"ROLE_USER\"]', '$2y$10$InVYYIh.Jg7GkaCppmPi3eOKYT/EXyfnWaZrx0JC.g3dFUdir86Iq', 'helene09', '2008-06-01'),
(39784, 'lacombe.henriette@laurent.org', '[\"ROLE_USER\"]', '$2y$10$iB/SlsXPrFhKB747HUQaWOp4oSgFdOBi5lVYlAyfwCAab6fqC44Gu', 'ruiz.pierre', '1997-09-17'),
(39785, 'antoinette.caron@sfr.fr', '[\"ROLE_USER\"]', '$2y$10$TKbqaOHpb3nIvEDFZeGR4u.uyQ2Aqa7E5OUDfO.qqN4nHibeCrRx.', 'timothee37', '1992-10-24'),
(39786, 'genevieve.bazin@club-internet.fr', '[\"ROLE_USER\"]', '$2y$10$qVdhXiEEzAGwkBDlZ1M.1.DbXiN2gGXGuNHp7QqQynioDHH42JRMi', 'christelle10', '1988-07-25'),
(39787, 'abriand@sfr.fr', '[\"ROLE_USER\"]', '$2y$10$WcNsha3WhP4IFYtYZPrrG.ujSZwJr36ai5uWQ6AvOhgeyvLPJU8tO', 'girard.suzanne', '1976-09-08'),
(39788, 'qvidal@yahoo.fr', '[\"ROLE_USER\"]', '$2y$10$vhZ3EEIwmb0Y6ctMbJHdFutMtK.3Jyxb6ExFcgrEMqxBHtqt6rn.6', 'noel.nicole', '1999-06-17'),
(39789, 'eevrard@free.fr', '[\"ROLE_USER\"]', '$2y$10$aWqF88c/eOgsjAxfqK8S4uc4iQl1osZ/T...1w5PBSLD4HjqckTmC', 'vfaivre', '1966-07-12'),
(39790, 'dguillot@noos.fr', '[\"ROLE_USER\"]', '$2y$10$MmsKyfIF5rlvijDIbR/Ie.RvEcGgr2.hshDGl.rgXu2tLPUnUUyLK', 'bertrand.lenoir', '1990-11-30'),
(39791, 'denise82@gonzalez.net', '[\"ROLE_USER\"]', '$2y$10$BFcxZpm9T4HRnpYfgX42o.ctj./bz39JnjybXRxbMm52lCwE4gY7S', 'stephanie.maillard', '2003-08-08'),
(39792, 'christiane39@orange.fr', '[\"ROLE_USER\"]', '$2y$10$02l5CbsGU2MDc.MIexQJJOqtF/GyKwbliURLsNboCmMYUZ/tK9el6', 'alfred55', '1985-07-09'),
(39793, 'adrien.bourdon@jourdan.com', '[\"ROLE_USER\"]', '$2y$10$ushl.Slra72NzWb.vO3CPOnBnSKSAskbg2KdkTml8/fdpqXJIjikO', 'nguyen.susan', '1994-10-21'),
(39794, 'zacharie.gomes@tele2.fr', '[\"ROLE_USER\"]', '$2y$10$cITbGvfD5I04nxwYOJtj1efAtIEHNTkRBbdLx26d5vYU//O5GQ3eS', 'arnaude.poulain', '2000-03-27'),
(39795, 'maryse73@orange.fr', '[\"ROLE_USER\"]', '$2y$10$d8cZWLHZOI0hIeDdITNLfuEShAnj52y2n7nSuYtkForVhQpKIfMBu', 'victor31', '1970-04-29'),
(39796, 'clemence.poulain@yahoo.fr', '[\"ROLE_USER\"]', '$2y$10$DRr5Yje06kTmLQy22Qin0Obeep0/lv.7W0Filvp7SZNgsEa1i7W02', 'simone.bonneau', '1964-06-11'),
(39797, 'emile67@guillot.com', '[\"ROLE_USER\"]', '$2y$10$H8qHWYlC883hWXILPmkrluLm7pJGtqeh6e4tOQMMmRKrc13A6crAS', 'tlebreton', '1976-07-18'),
(39798, 'sbuisson@tele2.fr', '[\"ROLE_USER\"]', '$2y$10$WOzgxoO3B.Yo9UbtshkccemAgcCvvEiakwUzkqH4SDwInBBHzbsdC', 'nicolas86', '2001-07-24'),
(39799, 'schneider.aime@tele2.fr', '[\"ROLE_USER\"]', '$2y$10$HrZQitvHFOyGW74k0YPe2ubPv25QToLwwZHrKSJr8wZW/DedkGt.6', 'edouard.caron', '1975-02-13'),
(39800, 'lbenoit@marchand.fr', '[\"ROLE_USER\"]', '$2y$10$dVgWQxODn/A384k2n623Z.RZ9.bcDi3KbouWjfDXjqR0mdE9uC/u.', 'texier.christelle', '1993-08-15'),
(39801, 'luc66@tele2.fr', '[\"ROLE_USER\"]', '$2y$10$O5iHZPPSUI55jsjS/tGS3eMTr2Lm6Apf.bP5Y3yzqlRymXeJrvSvW', 'clemence.andre', '1977-09-17'),
(39802, 'julien82@orange.fr', '[\"ROLE_USER\"]', '$2y$10$lyl/q0/LRyawwlFwnUX/b.O21hQrO9GfmhoKb.HScbZ1icQfPBNFK', 'wperrot', '1964-03-01'),
(39803, 'turpin.francois@live.com', '[\"ROLE_USER\"]', '$2y$10$XzFX5Fa6zGYR8n3Ai3znReTkaceYlqNOXe.wPrjltDvhY7ejeyv2y', 'hboyer', '2006-07-16'),
(39804, 'celine.millet@sfr.fr', '[\"ROLE_USER\"]', '$2y$10$ae05MrxGMk4A9nWxjEHJw.O3xwnU4ivfB1x/3g0FC.I/gDi1T4Qtm', 'bernard.laroche', '2003-07-16'),
(39805, 'breton.rene@free.fr', '[\"ROLE_USER\"]', '$2y$10$qIVWPWR7YocSKfm1dgBUDOrtjnrTh2uvQDez0Al9SlroKqX1ffdU.', 'roger65', '1971-04-04'),
(39806, 'camille.launay@sfr.fr', '[\"ROLE_USER\"]', '$2y$10$3DTLw.8vHxm2GU20nnxCMOTc5QOdTaEBwxlFWKnaPDrmORIwYCiGi', 'claude19', '1972-04-24'),
(39807, 'anais.pichon@philippe.fr', '[\"ROLE_USER\"]', '$2y$10$Q7v5T6aAinqyblzV9YE0AO0bAso2iGnUmB2ZIJN0f8WQmMNE8qpBm', 'audrey15', '1997-11-02'),
(39808, 'jjean@tele2.fr', '[\"ROLE_USER\"]', '$2y$10$WDTyePIk2gux1fcrus0M0u88prY8kHJu3xg3fEXWf55OpxBGGua3O', 'tessier.aurore', '1988-06-15'),
(39809, 'thierry.lemoine@hotmail.fr', '[\"ROLE_USER\"]', '$2y$10$ZHaJ2SqIbXFTsCU9Fk8WVOTCSudGan0cd8oopoC2ccERurjZoegum', 'masse.susanne', '1972-09-25'),
(39810, 'veronique65@gmail.com', '[\"ROLE_USER\"]', '$2y$10$VziC84IEsI/dVLoKkD1VQOy9jVJJOvhg9mKZ4iJRHT7NFlDPl9TbW', 'breton.thomas', '1973-08-24'),
(39811, 'herve.arthur@live.com', '[\"ROLE_USER\"]', '$2y$10$AnS2z/quL7NMrOWx9QVBquVTk7MclnjtxTRY4zqe74HqEHmENnmm6', 'rene.chauveau', '2008-02-21'),
(39812, 'hortense74@tele2.fr', '[\"ROLE_USER\"]', '$2y$10$.eicNi3Zhc6zDEFL9zUBZufJKhlkTt5HcRCiAvMAe09xSnqc10lZ2', 'rbruneau', '1982-05-29'),
(39813, 'marc54@orange.fr', '[\"ROLE_USER\"]', '$2y$10$tFqNhMR5TBGkvj95Pq2DFeH/kV9eXdXA2uhy1NT1kh9og.R.f5Bdm', 'emile.torres', '1977-09-17'),
(39814, 'qmasson@fontaine.org', '[\"ROLE_USER\"]', '$2y$10$8lBXs1LyT76YUTozMFZpU.Z.BK/7tuCe7B0utmD3pub.9WnNXdLbi', 'augustin88', '1992-05-03'),
(39815, 'millet.laurence@legoff.com', '[\"ROLE_USER\"]', '$2y$10$/DyJZ/rZ20lB/2ntchZmhe4DxlSqFs4Tl/y8gwhZZ3GVRlIRsL4.6', 'jlecomte', '1985-05-26'),
(39816, 'morvan.claude@club-internet.fr', '[\"ROLE_USER\"]', '$2y$10$bx1MmPXebnRccknSSKiI2OxMw6n0z0CnG0m9oonl0A/jYA6Xzqb3e', 'clemence14', '1983-10-24'),
(39817, 'laetitia33@sfr.fr', '[\"ROLE_USER\"]', '$2y$10$RL3v3pzJaLoU12lERwpCFe9OTAPCkVUSzmB74iAk2FHLTdpgDC.0q', 'dubois.gilles', '1969-03-14'),
(39818, 'bernadette.lebreton@hotmail.fr', '[\"ROLE_USER\"]', '$2y$10$ErIvTY/mZRnX7SQDfz7rt./Z/0PAD2Z23byyoNZ3VWmmQHwWXr20W', 'anais01', '1990-02-14'),
(39819, 'unguyen@tele2.fr', '[\"ROLE_USER\"]', '$2y$10$wmAuDT4MW.y16vFPhi4EzuihJtN7eZ5uuy5TebRd8hdB4K4uYKOW.', 'sebastien75', '1966-05-20'),
(39820, 'pbonneau@martel.com', '[\"ROLE_USER\"]', '$2y$10$89a1PfurPuOLiE6JMa86LubNN/6CSwu9zcYImywmrHGAa64YHOL7G', 'valette.benjamin', '1973-02-28'),
(39821, 'boulanger.theophile@hernandez.org', '[\"ROLE_USER\"]', '$2y$10$5194XyQkxYdp99sLRKvWU.aVmr0bWY3dOjVP7Ol06TbTPSIaPJkqa', 'bmasse', '1996-12-29'),
(39822, 'denise.lopez@alexandre.net', '[\"ROLE_USER\"]', '$2y$10$7NySlXfPtUVbJl4qbCSBlezyuuGvY74dQSpDW.ENbD8YU5ybGiYge', 'maggie.girard', '1991-07-06'),
(39823, 'josephine84@hotmail.fr', '[\"ROLE_USER\"]', '$2y$10$RA5VuNo5uAu4a3JTa5DNgObyMqL.iuOZb9HDaKj.cZ9yfwh2rg4bu', 'iparis', '1983-08-04'),
(39824, 'christophe.guillot@hotmail.fr', '[\"ROLE_USER\"]', '$2y$10$WzAcvHBlkb70Vn6IDSKVp.JHnXUMUrHoeaYdPR6iaehmAjMQ14faS', 'andree92', '1995-03-31'),
(39825, 'qmasson@dijoux.net', '[\"ROLE_USER\"]', '$2y$10$l6utArOhC5SGMXtnXhqBXuAVIcBkDX1XE.rGNSBHtmV31KMwhlsNm', 'tguillet', '1980-05-19'),
(39826, 'lambert.aurore@free.fr', '[\"ROLE_USER\"]', '$2y$10$30hVNXf/QYECkIMV1bvErONHWmiaWuU6aZ3iWdRmVNmyVN713B2sa', 'allard.hugues', '1976-12-23'),
(39827, 'langlois.louis@legros.com', '[\"ROLE_USER\"]', '$2y$10$lHFH47QLv868TWNupVGx1uDobbGiMUweuN0v1LlXin4F.yWrd5Xce', 'gallet.philippe', '1985-02-13'),
(39828, 'martins.frederique@hotmail.fr', '[\"ROLE_USER\"]', '$2y$10$DOOnRoJc.HXCr3PLFl9qhOs1pNAqgb6DFFNT15G/jP7Jy5arReuAS', 'rossi.madeleine', '2008-09-27'),
(39829, 'godard.thibault@boulanger.org', '[\"ROLE_USER\"]', '$2y$10$erjZS6ejlfv3y0jiymxBUO3Y6iufes.0.QTA2MT.wS/3RVlEp7a4m', 'orodriguez', '1994-09-13'),
(39830, 'ymaillot@orange.fr', '[\"ROLE_USER\"]', '$2y$10$VqZtLos.j6KgkSAicQJdlOYwV7EL/rQSLJhTt4tQLC3v4B968NOPi', 'stephane05', '1979-09-23'),
(39831, 'pschmitt@maillot.fr', '[\"ROLE_USER\"]', '$2y$10$QBkYgWLyAcpuDTkkt6DFs.hezQ2H4MXFHkJjhTzYBPzpMfOc2.TMq', 'petitjean.paul', '2003-01-23'),
(39832, 'bousquet.louise@michaud.org', '[\"ROLE_USER\"]', '$2y$10$AUmVVUMrQnDgqX1NFIIeUe4WdWAdRc58lBB1ChfjWTsZqvZeIUuO.', 'hgonzalez', '2007-07-08'),
(39833, 'dchretien@gmail.com', '[\"ROLE_USER\"]', '$2y$10$3mcaLLRW/H.oafxzFzHgpuE5etu1FrIR9zuBplMuzeNHT1Ik0mf3O', 'llacroix', '1999-01-11'),
(39834, 'antoine.arnaud@wanadoo.fr', '[\"ROLE_USER\"]', '$2y$10$W8cxXp5XaBoXvrmBJYXAZOIr.ZjEiVQNhCtjGdOF17uOcb3q2vfLm', 'celine05', '1990-11-23'),
(39835, 'yschmitt@letellier.net', '[\"ROLE_USER\"]', '$2y$10$BHTHvS20KUxQUPLvWcAhbeZnNAvboc8.ITFmADWv1xpFIfEcp1N4O', 'dominique77', '1979-08-17'),
(39836, 'slopes@live.com', '[\"ROLE_USER\"]', '$2y$10$mQD3O.poaoAnW8Hk6dWDv.v2y67AGhP.5RPnZIg5x/3Xr3i3PVMmO', 'meyer.daniel', '1964-06-02'),
(39837, 'stephanie32@roux.com', '[\"ROLE_USER\"]', '$2y$10$/Vr4Z.kXGY0OSnHWZKHesuhCt8DR6HDKsvsklI9/HkP.knf.O0FZu', 'alexandria.blanchard', '2005-09-04'),
(39838, 'rolland.chantal@morvan.org', '[\"ROLE_USER\"]', '$2y$10$gCwEKiU3aWkXLFnQlGNekuBnivIKQIC05g/YJEYc6IHslcEIOlA3.', 'xfoucher', '2006-05-10'),
(39839, 'denise.lecoq@live.com', '[\"ROLE_USER\"]', '$2y$10$fpfUEFZwRmSp3RWbLsSi.uRCk7df7p9mDFcLtEMIy.RtzRTbIlITa', 'francoise.normand', '2004-06-16'),
(39840, 'blanchet.christophe@leduc.fr', '[\"ROLE_USER\"]', '$2y$10$wjUHpl1cvx48jAwzWubZBeAqdyXHG0UXe3/vlQZGn2Rb1xE6zvF66', 'valerie.gomez', '1965-12-27'),
(39841, 'eleonore.carlier@hotmail.fr', '[\"ROLE_USER\"]', '$2y$10$3dS8l4qE.7Pe.B5/4SLVd.dHWtGvLxTclcr8lzVOqJvXKmozxxdyG', 'agaillard', '1966-12-13'),
(39842, 'xavier.gimenez@noos.fr', '[\"ROLE_USER\"]', '$2y$10$A8jBgaoIf9sburcGq8Fk0O/unyPkoVMovA4MAkOiv9HXc/Z5IBnx2', 'yves.sanchez', '1998-04-24'),
(39843, 'adrien.roux@dbmail.com', '[\"ROLE_USER\"]', '$2y$10$F.sCwf78XnJ63yo1smRmmunAP9BnwqSUfsSlQyOdCWYuhv3UQhYlC', 'eugene.morel', '1998-01-16'),
(39844, 'auguste13@live.com', '[\"ROLE_USER\"]', '$2y$10$qOC9tGMbUzgEwBXVTWzOZuctXfXPWvaa5Gf/kt9HFKtl2woee6OPO', 'mbarbe', '1967-07-10'),
(39845, 'laure.reynaud@sfr.fr', '[\"ROLE_USER\"]', '$2y$10$wV9Xv1wfkNXxFHGXl2femeU6wDXAI1Yt7z5YJYPFITMIrMYLFjznO', 'rbrunet', '1966-10-05'),
(39846, 'franck91@petit.fr', '[\"ROLE_USER\"]', '$2y$10$fYq25wNCrmxVeOMYxL3DM.YUZraSBME2GbvTQi9N.eGBnECl99B8u', 'bertrand.lacroix', '2005-06-21'),
(39847, 'hoareau.adele@bigot.org', '[\"ROLE_USER\"]', '$2y$10$uqNGGV58B4bDpTW2FZT/Ve0af8PV9D1udFx5gqyplkxv6K3LL52fS', 'eugene23', '1968-09-03'),
(39848, 'pelletier.brigitte@wanadoo.fr', '[\"ROLE_USER\"]', '$2y$10$6s..WgMthMGRNtEuQmQvzuJSIBH254LHSQAD4QW9W5AGRwnG66hdK', 'colette13', '1985-08-23'),
(39849, 'lesage.antoine@club-internet.fr', '[\"ROLE_USER\"]', '$2y$10$dftdirvoZHxIA88NDhyCTOELIXORLAaW81.JuIBLo4EjhSOND0JpO', 'martinez.claudine', '2002-01-27'),
(39850, 'martineau.josephine@hotmail.fr', '[\"ROLE_USER\"]', '$2y$10$u8HJo2a79PIiQBv6VRiaA.F5bygY7qDjDTeIKdoiLXtEzHsyvDgHO', 'thierry49', '1966-05-25'),
(39851, 'gaillard.louis@berthelot.fr', '[\"ROLE_USER\"]', '$2y$10$gPFJIIFb26Rxddd3SZi19uw3WjulZrplLzgRFUrYncK3R/iQZnu0q', 'tgonzalez', '1999-11-25'),
(39852, 'charles27@ledoux.com', '[\"ROLE_USER\"]', '$2y$10$xsT61ms6sqQctiyatizZjOQeAV6f6EospRYLj4lbpUnE91odfi/I.', 'anais.remy', '1997-07-28'),
(39853, 'qbonneau@thomas.org', '[\"ROLE_USER\"]', '$2y$10$glaTMCcWam2u9Dlgp9OFR.a.g3tvwswdOQx4387IQh3cznI2drjvu', 'noel.anouk', '2001-12-02'),
(39854, 'virginie.blondel@sfr.fr', '[\"ROLE_USER\"]', '$2y$10$SZKecPZXImE9.SJCtHVsGudDoFT6ISbU3y8kAa8.SpsloPwOZ8y6G', 'aimee.bourgeois', '1988-08-25'),
(39855, 'lvaillant@levy.net', '[\"ROLE_USER\"]', '$2y$10$c4qXxvnSWe.ypIqdgeM.KOxp9f6g7RNQ2b47gdjXxw.1a1/QBqdRC', 'gilles62', '1988-11-25'),
(39856, 'vchauvet@club-internet.fr', '[\"ROLE_USER\"]', '$2y$10$JhcNf7tqf7263y9viEGWyeNaEoMal4I6AzKJmsjrGrFMfajDVT.wy', 'alain94', '1996-08-11'),
(39857, 'chantal.foucher@letellier.org', '[\"ROLE_USER\"]', '$2y$10$/jNXz0evjfuosWCB8EzHNuj1QFVvX54ZGKxWEGPfRpNESeczE0Nsu', 'gdesousa', '1988-11-12'),
(39858, 'auguste.dasilva@lebrun.com', '[\"ROLE_USER\"]', '$2y$10$cqij.8Mjgz6wxc4xzM6lhu22i.uawgFGKenv20f7rq93lz59fN93q', 'andre88', '2007-05-05'),
(39859, 'bouvier.oceane@bousquet.com', '[\"ROLE_USER\"]', '$2y$10$AL2iURkvVsV45SJw/DZg7unc5vVRFUTRRrx2L7IUw.BEqUoAL49xm', 'ubarbier', '1982-05-04'),
(39860, 'jean01@lemoine.fr', '[\"ROLE_USER\"]', '$2y$10$nN5v/ynnrDpABXf2fv3qle3TF4mXlJR.VM3k/9yi6zZexBcCoh1CK', 'roger.guy', '1985-05-17'),
(39861, 'igaillard@bertrand.net', '[\"ROLE_USER\"]', '$2y$10$t78pA8nUL/cIypPMSNZ4ou5oRlQ2pLnENKab/.Vd895/uq59CqEmG', 'qguyon', '1983-05-05'),
(39862, 'jeanne.legrand@laposte.net', '[\"ROLE_USER\"]', '$2y$10$r/T2NTbNsnA2eL4y06QV5.7XmiynfbEGeKkkFEli0fG95arbJ2ZvK', 'scolin', '1974-01-08'),
(39863, 'nicolas.bonnin@breton.com', '[\"ROLE_USER\"]', '$2y$10$D70PiPEZfCVON8vk2j3FEe9qJv9nse3TnFqlNbqx5KJm3mapTcUxK', 'maggie.guillon', '1985-08-24'),
(39864, 'gregoire.moulin@dbmail.com', '[\"ROLE_USER\"]', '$2y$10$CanNDtoJD/.vp3EwrIblpexg2t1vyFIKR4EqwHyfR.pce.94IPE/2', 'wpierre', '1986-07-03'),
(39865, 'mvallee@ramos.fr', '[\"ROLE_USER\"]', '$2y$10$2hcugev1aeN5ut56UujTBefYKm9VhnQMoMaf8ylc4cVoI/.T1TrCu', 'rene49', '1997-11-07'),
(39866, 'lefevre.gabrielle@live.com', '[\"ROLE_USER\"]', '$2y$10$fIy03C6QqUdh/B4xTqqD4O3XXiliffS32r/dsGa9N3bfR4VCXwSP2', 'jules72', '1971-08-16'),
(39867, 'maillet.remy@yahoo.fr', '[\"ROLE_USER\"]', '$2y$10$nI6YiqRyVvqJOTec8q0kYeMaq6c4T1ZTA00iVS2dfyVR83gne4eQK', 'ttoussaint', '1967-12-20'),
(39868, 'leon54@ledoux.net', '[\"ROLE_USER\"]', '$2y$10$fPBKvPH9lRTrPzV4RA.Xxuy67CjQwemNEyN5vuXofKvRYygznpSpi', 'francoise.valentin', '1973-01-30'),
(39869, 'philippine39@georges.fr', '[\"ROLE_USER\"]', '$2y$10$gVGaBstktZYNVusYZISOiusBAj4vzxLySi.4zr9iUC7ylc.7boxze', 'picard.clemence', '1963-05-25'),
(39870, 'adrienne.potier@tele2.fr', '[\"ROLE_USER\"]', '$2y$10$Pc1f/jd2MsOvvaGCma3DUeWFzJ7c87TinDF8t5hdgAHk/4KjQWU3q', 'rsalmon', '1978-10-25'),
(39871, 'laurence85@boucher.com', '[\"ROLE_USER\"]', '$2y$10$PaeZCrcm0vTaQxiLMyh2Ve1wlQu.eE6dHjdVuX/8RmpabimUz2mly', 'julie.lefevre', '1984-05-24'),
(39872, 'guillaume.diane@sfr.fr', '[\"ROLE_USER\"]', '$2y$10$7gvpW5piasWtDmTU8S/3TuT2w3Xe4TrUl3wHsnbM6wkqhUpWxYsuK', 'zoe68', '1973-11-14'),
(39873, 'bouchet.julien@dubois.fr', '[\"ROLE_USER\"]', '$2y$10$WZch/MH3y0iovD/sjDODvOewuyLfpXMnq6zNQdCBzzeJwZhsrD1Eu', 'tdacosta', '1971-11-30'),
(39874, 'obarthelemy@dbmail.com', '[\"ROLE_USER\"]', '$2y$10$/DNPlNzlh97Vj.qcmiF8l..S7nOJfPOfHoJ1mxf4lvZAoq1E6laSe', 'nathalie.lesage', '1984-04-16'),
(39875, 'acamus@riviere.com', '[\"ROLE_USER\"]', '$2y$10$68AoLPRmcjh3onGY2rHkzeP3ME28q5dMjt1CmFpKkiIbhjT7k4Cr.', 'pmoreno', '1982-08-22'),
(39876, 'thibaut04@gros.fr', '[\"ROLE_USER\"]', '$2y$10$z5WIrJVra02YeDX9QHR7fuQgH3JOrKYocjaEBNi7koK7fCq3adGGe', 'cmary', '1998-08-11'),
(39877, 'nicolas.dumas@wanadoo.fr', '[\"ROLE_USER\"]', '$2y$10$tp.gUFL5ZuZCSYXXs3YT7eo3vGsyy2yrMP6K1yth3Be3yN6UxSNqG', 'alexandre62', '1994-04-15'),
(39878, 'lefort.madeleine@germain.fr', '[\"ROLE_USER\"]', '$2y$10$5VLVlYe3MIiSJ.txzafwcODpKHo.NLk7gabEJNjy3vjgFx1SEjyMm', 'pauline.arnaud', '1998-12-03'),
(39879, 'georges.mendes@wanadoo.fr', '[\"ROLE_USER\"]', '$2y$10$CJ4itZyZoQHy0SkbEg0HK.i.qj8fNdwcvhX1jzuyIh07fSJ/0u3be', 'sgeorges', '1973-10-16'),
(39880, 'delattre.thibaut@wanadoo.fr', '[\"ROLE_USER\"]', '$2y$10$micQQgdhn/GVDlfTHk1D.ePUysM0ODZ4/zD1Pvs2rMxpaCn6PW1j.', 'denis04', '1990-11-10'),
(39881, 'kramos@club-internet.fr', '[\"ROLE_USER\"]', '$2y$10$rJeYpBYNgfLH5b/cuQ4mwuZJK0FXxef.86SaUe/POT7oUpvHzMv9u', 'rnguyen', '1987-10-08'),
(39882, 'ydacosta@free.fr', '[\"ROLE_USER\"]', '$2y$10$2pjbsuSwQQRzfTOT6J7dPuYERnpAq54atyQMH/2nij8LxR24vgKQG', 'lecomte.joseph', '1976-10-24'),
(39883, 'frederic50@yahoo.fr', '[\"ROLE_USER\"]', '$2y$10$4qpW9VZXVRn1ijL07t4gd.Mwrb3vcduQ3YlCvqqQYiajGjq4vnFMa', 'edouard.deschamps', '1998-12-14'),
(39884, 'zmorel@noos.fr', '[\"ROLE_USER\"]', '$2y$10$IBDpNpOpZsBGgVvIo2LDLu6/dyIFGbdWryFdtfzcuM/u31.M4HNJS', 'frederique.fischer', '1984-03-05'),
(39885, 'pruvost.nath@lebreton.org', '[\"ROLE_USER\"]', '$2y$10$snhzokWU3jhWqGIKf5DWYOhrMtt94NYGVpvp/ET44o.tBInuFdQ/2', 'lemaitre.victor', '1995-05-16'),
(39886, 'gmaury@chretien.fr', '[\"ROLE_USER\"]', '$2y$10$Qdazhv6aRWwkVdE.H5k9U.HC9BN3n/1HEG5msI/tQ9DzZVwvAIcaW', 'nicole78', '1988-06-01'),
(39887, 'maryse27@dbmail.com', '[\"ROLE_USER\"]', '$2y$10$MP0vS1m.sUShR1Mt6Lz1UOfKP48.0WFOFoDE7poeXRpXxFgrVD/6y', 'becker.isaac', '1964-09-04'),
(39888, 'julie92@couturier.net', '[\"ROLE_USER\"]', '$2y$10$fkLvDGraYr16H8YTFW9Wc.omYtKjIJQnWM6pbpupv5PJ2nsKZBX.e', 'valentin.odette', '2001-12-27'),
(39889, 'ipetitjean@dias.org', '[\"ROLE_USER\"]', '$2y$10$Wufwm2HIpNkxA0tJbmNYpuS1UcaIywn0vRAdDtN0Gs6D7VXHxair2', 'pblanc', '1969-04-25'),
(39890, 'rene96@club-internet.fr', '[\"ROLE_USER\"]', '$2y$10$WbMvBTxgUhCt0baKYSKx4.4W2lGQgjiVQ4GBc/QeCJbWgXbJe8uGq', 'alexandre.dufour', '1985-07-10'),
(39891, 'gosselin.gabrielle@fouquet.com', '[\"ROLE_USER\"]', '$2y$10$Gwq7/1/C1N77GhhFQRN5RuCVoxm/xOS5/dHTtNqj3OJkKIQ7guqCy', 'bertrand.marcelle', '2004-01-27'),
(39892, 'joubert.colette@charrier.com', '[\"ROLE_USER\"]', '$2y$10$T/ycST/czeIP8dmuxpgpse2Dmk.Fy.TT.Ue.Gs.P1wlJZq4U4vBES', 'agregoire', '1989-07-19'),
(39893, 'oguillet@gmail.com', '[\"ROLE_USER\"]', '$2y$10$ZojhBF8xxMsqh4B0Me7JaObvMvkgUqXWlg4Ey5AzAGbKANsQlWz4K', 'guyon.adele', '1996-06-19'),
(39894, 'olivie.rousset@noos.fr', '[\"ROLE_USER\"]', '$2y$10$rm.1P6EYCXVpwA/LL4PmfOxqm3iSkSNvGlyMxOBPXj5P1olRCEHBe', 'maurice45', '1998-04-09'),
(39895, 'hmerle@noel.com', '[\"ROLE_USER\"]', '$2y$10$l7xzxMaixwD.nF5D.RW/r.QwDZdoF7nCQRu.cYzL4g23DyPwe7YiO', 'flefort', '1975-01-30'),
(39896, 'raynaud.caroline@ollivier.net', '[\"ROLE_USER\"]', '$2y$10$hGrAcTCSHBdsKZueXUo6KOHyv0awX3ZCNIoLRDlH6HdLehiq8LhF2', 'alain31', '1966-02-24'),
(39897, 'maurice.thibaut@renaud.com', '[\"ROLE_USER\"]', '$2y$10$clBojFDXc5enj08q2NJdwu43NegTXD46jYzpx7LDRhReEGycqP/Va', 'christophe.lebon', '1983-04-12'),
(39898, 'rparis@henry.fr', '[\"ROLE_USER\"]', '$2y$10$ps4/nOiOljiXnAekqTd/NuvVSed72LVqzsp67VpAIdPnMMYHaZfCC', 'emmanuelle68', '1985-07-04'),
(39899, 'chauvin.adrienne@live.com', '[\"ROLE_USER\"]', '$2y$10$.x2aBXDm3kOGSi8v1hWq5OJYAPtWBKCEY7I7F41Bv6yI/cPsi6J9G', 'bernard.rene', '1964-12-25'),
(39900, 'collin.michel@yahoo.fr', '[\"ROLE_USER\"]', '$2y$10$nqelxxg1vWFPYz.NTHUW1eE3AGEOweejr4p.0w.Aw9W0TLjgten7i', 'adrienne.leroux', '1973-03-30'),
(39901, 'lorraine92@laposte.net', '[\"ROLE_USER\"]', '$2y$10$3DzEAu9m7mG/RhQ5iydL9Oue6Lnt0nRjQCNuicKxD2qVnXvpidZiW', 'pauline77', '1973-10-21'),
(39902, 'richard25@lemoine.fr', '[\"ROLE_USER\"]', '$2y$10$9rT8miayPzNHalDai77LxO4FUyaVqXCOfswobqrcAl87xTKKhUQ2q', 'benjamin19', '1999-03-20'),
(39903, 'alice42@wanadoo.fr', '[\"ROLE_USER\"]', '$2y$10$sm7UigXBTc9GsDmvToViLuoAAcVYsbHNZNsCbPYxz3PbRNvDPrGSG', 'theophile52', '1977-12-01'),
(39904, 'camus.marc@joubert.net', '[\"ROLE_USER\"]', '$2y$10$l/qq71It.h.9oL3La6dcbemIOlOYfznQkyqWppqp/g/v/tHDOpqMu', 'techer.odette', '1969-04-25'),
(39905, 'agathe12@moulin.com', '[\"ROLE_USER\"]', '$2y$10$9m3UWR1EG.U7KSnFEuPRfOBdr1zxRCVrMc3a2aKRWvMeDWgtwZrMe', 'dominique.hubert', '1989-07-11'),
(39906, 'gabrielle23@laposte.net', '[\"ROLE_USER\"]', '$2y$10$0b3XwTEQEySRhuDotlDfgeIyMUKFb/ci5Y37MZWKnZY7U6AemuBrS', 'guy20', '1971-10-11'),
(39907, 'xbesson@petit.net', '[\"ROLE_USER\"]', '$2y$10$LzCvligvb4UZI9o/MWnUG.cBsCIEdtvfBAdjt3LalIvgbI8uBU87u', 'iraynaud', '1977-07-15'),
(39908, 'constance54@moulin.fr', '[\"ROLE_USER\"]', '$2y$10$wsaN46JgRGR9C1reIy8pyOV35AllGCLL8zpK925/BlpBzsJOSsOhe', 'theophile.cordier', '2004-01-11'),
(39909, 'oboyer@wagner.fr', '[\"ROLE_USER\"]', '$2y$10$tpsYpeJtMkgeXJvQo/In.eMNcGXlnKKtCnEvmuLtb2XZEkR2mCF6K', 'valette.eleonore', '2001-03-18'),
(39910, 'denis28@orange.fr', '[\"ROLE_USER\"]', '$2y$10$ufPmR/93478JsLvd93v95.WYrny/2OE0k/XV3PX1yzmBCWngvX.T.', 'honore.pereira', '1970-08-16'),
(39911, 'marcelle61@yahoo.fr', '[\"ROLE_USER\"]', '$2y$10$ZQXG5f40RUcAr0DLnMOJt.vfTIVfg20i5I5Nf1rEQbCmZv6MYHIm2', 'wblanc', '1981-05-13'),
(39912, 'kdias@gay.com', '[\"ROLE_USER\"]', '$2y$10$1aRFhw8bLB.HXs0KctVLyuANjfRAwYsjX/ZH/NqbCOUGtFcqi.MBW', 'charlotte66', '1962-12-01'),
(39913, 'gimenez.celine@ledoux.org', '[\"ROLE_USER\"]', '$2y$10$avGH/RWdnStKcq1o5HzYfuyTg32c1Nr8YPsnqLXXp1WyqmYOt7QVu', 'gauthier.margot', '1984-05-19'),
(39914, 'bernard.bernadette@godard.fr', '[\"ROLE_USER\"]', '$2y$10$4wTl671Oxg5XSa.p7GWpm.uMaGMZo7jbyxE4Bv30el6ZLbSJPiDcy', 'denise.baudry', '1981-05-18'),
(39915, 'mahe.benoit@orange.fr', '[\"ROLE_USER\"]', '$2y$10$s.o7ARAJKkw9zK6KVHamROeOYRw8I.G2qUU0Zi8B/rW5aCTs02s9.', 'emile.weber', '1981-07-08'),
(39916, 'rgautier@maury.net', '[\"ROLE_USER\"]', '$2y$10$FbjCQDuSOM2U/JP6ST48zOdAzcETWLpvZpYtTxn.x.esDJpxB0kw6', 'celina04', '2000-12-17'),
(39917, 'bernier.sebastien@tele2.fr', '[\"ROLE_USER\"]', '$2y$10$CE9CSJ0tRKWMFpiUCdViw.jCZ9snCoA.vQTYlNqIEZmtx2x5MktIG', 'auguste.joseph', '1965-02-25'),
(39918, 'noel.alfred@sfr.fr', '[\"ROLE_USER\"]', '$2y$10$PYB5fF06454IO.rnfnW8Y.z5Zk8fsHLGyCrDzGD2qbfPDX7pKXNwW', 'rousseau.renee', '1971-07-11'),
(39919, 'suzanne48@meunier.fr', '[\"ROLE_USER\"]', '$2y$10$ydUAfE3BNaeqCNbewRKAYeUW1wf78Q0pyIi/GuBk6qLIw/EtsMh2y', 'letellier.gilbert', '1984-01-18'),
(39920, 'henry.bertrand@seguin.net', '[\"ROLE_USER\"]', '$2y$10$UP0EUU.alKXOQ3g817GADuuQQd0Mq/VPt01An3wQi8cF6RDCB6v1.', 'bperrin', '1997-03-25'),
(39921, 'thibaut.bigot@yahoo.fr', '[\"ROLE_USER\"]', '$2y$10$xjmPVKy4MP8W5HoYWrxrp.FkUTebZocXqBXJaA96aMbCvU57.3oK2', 'hcolin', '2006-06-08'),
(39922, 'alain31@guillot.com', '[\"ROLE_USER\"]', '$2y$10$jiNGdJCBI9oTILsopmiFbeX4eU3gM2xv/vNmmLNR9D1UXjmrFp.LS', 'michelle94', '1985-10-11'),
(39923, 'dmorvan@orange.fr', '[\"ROLE_USER\"]', '$2y$10$HpgmElmb/exNbAgzzlmyzuM6n1.Zb52xPq3mckhHR24N2sZCtem02', 'maillot.eric', '1966-11-13'),
(39924, 'noel.riviere@royer.fr', '[\"ROLE_USER\"]', '$2y$10$FLIXYEbk/4G9bBuJKXVvbeqp46LGyHbCiu5Wmax2HLRrZ.Wu6yeR.', 'collet.lucy', '1982-12-10'),
(39925, 'michaud.anastasie@cousin.com', '[\"ROLE_USER\"]', '$2y$10$WDIgimUBq/o0XMApP6V1L.ZTUtgMpF9s/HTy/LXgPe2ANsYi8QFNy', 'agathe79', '1971-03-07'),
(39926, 'elucas@wanadoo.fr', '[\"ROLE_USER\"]', '$2y$10$80gsjhl38w31xvzdUZlOte.w8ESzKHNJQjbluBXN1wDHXTpDIjJAq', 'marc.mahe', '1992-07-21'),
(39927, 'kbourgeois@hotmail.fr', '[\"ROLE_USER\"]', '$2y$10$zFynaXVkizG9CVxmUBfWF.EovZ3zUGHKUELLMnomzR12tYbvMyVqC', 'danielle24', '1994-02-23'),
(39928, 'cgiraud@barthelemy.fr', '[\"ROLE_USER\"]', '$2y$10$0AC7.lSaWe/jiSKlgWSFI.72hrXLzN2I1pGE1FXdzCpk3/uFm3epe', 'hugues13', '1984-07-07'),
(39929, 'catherine.texier@rossi.org', '[\"ROLE_USER\"]', '$2y$10$fCj8WQ2orIe/GZ8gW7hWlOEkkjbBijUwJOkMJhZW9myKCJUZ4fNqG', 'dorothee.delaunay', '1994-07-04'),
(39930, 'franck.colin@wanadoo.fr', '[\"ROLE_USER\"]', '$2y$10$nY8daxPgkqwIr3sScwxuheQjXy.r.jBpQYq1s7vVmNiM2LRBWIvtC', 'legros.remy', '1976-06-22'),
(39931, 'pthomas@noos.fr', '[\"ROLE_USER\"]', '$2y$10$ARK/.jVjAQpKrrh/4LOKneVfDkyy8SAb7Ywu5.brnRDQYy2yS/GfC', 'vincent77', '1987-03-15'),
(39932, 'louis.nathalie@tele2.fr', '[\"ROLE_USER\"]', '$2y$10$T2Jr7yfUkbttevufmDHVfOIRLxcBT3OYfXNXHnGNecmvxvNrv60Ce', 'alexandre40', '2004-02-19'),
(39933, 'ibouvet@orange.fr', '[\"ROLE_USER\"]', '$2y$10$TgHchCQ/5NiTCBeU9YqxTeCD39ml3jgizYCDPY31nV.oyby7/D.vi', 'matthieu53', '1996-04-13'),
(39934, 'emmanuel.vaillant@live.com', '[\"ROLE_USER\"]', '$2y$10$cuunNvT25REMyCm48A7U1.CDcSUtWJ3/zqqdyjEUHi7hCukRinR1i', 'abonneau', '1970-02-09'),
(39935, 'zoe36@leblanc.com', '[\"ROLE_USER\"]', '$2y$10$fvxKI6.LI4/18qe7RK3J2uWvyRqvRk9Lz92XGDz19Y5FE/uaaY2qy', 'pthibault', '1973-06-27'),
(39936, 'bouvet.david@dbmail.com', '[\"ROLE_USER\"]', '$2y$10$bdsVWRjjHNyoLFcL1LT3Tuj8Ux6K3gKBEXa8dOMm6XEoy/ZKwzZ6q', 'normand.theodore', '1963-07-20'),
(39937, 'ucolin@lagarde.fr', '[\"ROLE_USER\"]', '$2y$10$WorhDMnA1IIai173.LUVL.y2uo8RlJSS7aBUr39spku.AnhgAtsgS', 'xpinto', '1980-11-04'),
(39938, 'oceane.dossantos@live.com', '[\"ROLE_USER\"]', '$2y$10$nsygShcJZb36ZE37O.wCJeHdyAggzx1kdz70xaMN4Xo3ooX3vPIhq', 'etienne32', '2005-03-05'),
(39939, 'daniel11@labbe.com', '[\"ROLE_USER\"]', '$2y$10$03YrDQ2/JnOtA3Edxj8wjOCn7Kbx0.sClENk74jNRb6CzIw5xm4CC', 'adele.marechal', '2004-08-15'),
(39940, 'gilbert.riviere@fournier.fr', '[\"ROLE_USER\"]', '$2y$10$l9nCmw4jMppTV1lHHWLBsunkwFGdh85YHRcwim53RhXe2pOiJ2EYS', 'loiseau.alexandre', '1982-08-06'),
(39941, 'wjoubert@pottier.com', '[\"ROLE_USER\"]', '$2y$10$unbVN4jPSBrx44QUyEYM2.MDFroYg0PQtRRyvgy5qTN0IMvmOLYn2', 'zacharie.chauvet', '2005-04-20'),
(39942, 'lacombe.aimee@yahoo.fr', '[\"ROLE_USER\"]', '$2y$10$i6sCbl2qyTj4SvnSYEjBkeA5WxZc2uL7PzhwxRXvwsgUz.zXZ1OLy', 'noel.collin', '1971-05-30'),
(39943, 'andre52@wanadoo.fr', '[\"ROLE_USER\"]', '$2y$10$AfZvUNSx/x1Oz9o0/b79WuU06t6lRUeJpdi29IsrgQfgRQXuJsmMu', 'xcharrier', '2001-06-02'),
(39944, 'eleonore.legendre@laposte.net', '[\"ROLE_USER\"]', '$2y$10$wNQBCH0D.MHD/9n0Fpe5.Os7xB8wt8GIaUuKvhLquiQvshw2acG9e', 'gregoire.lenoir', '1963-02-23'),
(39945, 'gabrielle.martinez@garcia.com', '[\"ROLE_USER\"]', '$2y$10$DqerRqhXkMtmTJxRyN9vcuga3uWC8sp4hHhIghcfP6POoAq9GtN8m', 'margaud.boyer', '1988-05-11'),
(39946, 'antoinette86@vidal.net', '[\"ROLE_USER\"]', '$2y$10$Q3z9pgCN7vm7OMIweSRzlOEoLIfRz.7Wmnq3OfcMg5cySpg5QcUVe', 'louis.theophile', '1974-03-24'),
(39947, 'glenoir@free.fr', '[\"ROLE_USER\"]', '$2y$10$mb4h2GSGOYpyHYUeREz0OunexPc.55dYpLPUwC23c.a9GfKT0w0xG', 'knavarro', '1980-02-20'),
(39948, 'lucy18@sfr.fr', '[\"ROLE_USER\"]', '$2y$10$vS1Jmo5G8Pf5/OGfFy.OWOS.F.2JVhIPZrQBPu2M/bR4hqm64UhqC', 'hugues56', '1975-10-24'),
(39949, 'arthur15@perret.org', '[\"ROLE_USER\"]', '$2y$10$pd5ICVK4SMT3pRYoLKuCHentGRdPeeAKAfP5eftyglwkdroXDcc2O', 'cbuisson', '1966-12-08'),
(39950, 'therese65@colas.com', '[\"ROLE_USER\"]', '$2y$10$ZLdP0OEEac9T2RmR2zV7Uuf2X2FeiOonX4rpzyeSbbLsqAdJar0gW', 'zmeyer', '2003-10-11'),
(39951, 'alphonse.legros@hotmail.fr', '[\"ROLE_USER\"]', '$2y$10$qGwUZyQD5Oiz9QOJKJZmqOQbQlfjju9eUmdghLj2rr9nrySWfVB9G', 'leroux.yves', '1997-05-31'),
(39952, 'merle.thibaut@godard.fr', '[\"ROLE_USER\"]', '$2y$10$uE9Tl/27hhV7RfnIWpHce.ptga7cbh4bkmNQXycwFMK2vfyCzeda2', 'amelie.simon', '1980-06-13'),
(39953, 'lombard.honore@yahoo.fr', '[\"ROLE_USER\"]', '$2y$10$G3Ph6XIXUdFNaPK38vgZc.cjw2ed.hbWsI.U.Q717nUWubs7j12fW', 'lorraine72', '1969-03-20'),
(39954, 'roland.thibault@legrand.fr', '[\"ROLE_USER\"]', '$2y$10$7.11Chen53Qo2JJrBZkmQu21nfEBmupuQUkOGZUCadq2Z9HYCmJL2', 'susan.lemoine', '1990-12-12'),
(39955, 'valentine79@yahoo.fr', '[\"ROLE_USER\"]', '$2y$10$V3f2Mlf1VwMEaDLus5iCGe.6FwQeRbtJussN68v23SkCtY13Xr4w.', 'virginie52', '1978-11-18'),
(39956, 'pruvost.agnes@delaunay.com', '[\"ROLE_USER\"]', '$2y$10$Fw.sIpqdifOn/e3ednEFB.HH5XQYyoEwGAu2Xy/EjfZr50YdpOxau', 'blanglois', '1981-10-29'),
(39957, 'nicolas53@tele2.fr', '[\"ROLE_USER\"]', '$2y$10$3P8AUDgR6SRtv3u3FYNcO.iDuA17QaP1NhL7d7KnQ03ROi6WXE1ca', 'leroux.hortense', '1997-08-05'),
(39958, 'zlaunay@godard.net', '[\"ROLE_USER\"]', '$2y$10$rn08t/pMwzL4mYcZXUlXRuqqf3StOmFZKS8fT19p/TD4xsoyFpF1.', 'ethibault', '1999-05-09'),
(39959, 'neveu.nathalie@bourgeois.net', '[\"ROLE_USER\"]', '$2y$10$1uHZTschtKcRldY2L/P08.YsZOlrSl0UG59gU6vUKYjrejPLMlKnO', 'isabelle92', '1965-02-04'),
(39960, 'lebreton.anne@cordier.fr', '[\"ROLE_USER\"]', '$2y$10$Kz0HRXWEukWL4LEmrww7behmNFBRIqCIjvB0Bad/45ryt3Sdfd2me', 'ileleu', '1986-05-22'),
(39961, 'barthelemy.thomas@lemaire.fr', '[\"ROLE_USER\"]', '$2y$10$KHPk/DCZ81eKLTXuHqDf0uhWcfMKhXGsGY.zm5.Cn1TD5PtxSY8.y', 'pereira.alain', '1981-03-04'),
(39962, 'uhubert@denis.net', '[\"ROLE_USER\"]', '$2y$10$IcMZOwRzFUWIu7CK9JyyhO22qsjZG27PMqMq2R0p0ZDFE38qF4fby', 'odette47', '1979-07-18'),
(39963, 'augustin24@club-internet.fr', '[\"ROLE_USER\"]', '$2y$10$iLUoAURPnpJMIPQiXLl6BOwCd/4p7VImkTaN.rMlgvVF09fy8LRoG', 'nleger', '1962-12-02'),
(39964, 'bertrand.colin@jacques.com', '[\"ROLE_USER\"]', '$2y$10$DzNK4Fun9ZdYKHNjJAjWKOwKYh.BmVaHLMJbxt64nnlWZuKKNGgtW', 'madeleine.roger', '2005-10-02'),
(39965, 'buisson.isabelle@orange.fr', '[\"ROLE_USER\"]', '$2y$10$Y1959ymFO0m8NuW15kvfk..8hXlf1N9HNXyMjSWQJ/2Yi6xDHVrlu', 'louise76', '1996-06-15'),
(39966, 'xavier29@hotmail.fr', '[\"ROLE_USER\"]', '$2y$10$Hi02PiOk/YW6WlXur08ioewOHtJ3i0q4w2eptiBh7aJ01wGtjwIYm', 'olivie.blanchard', '1975-07-12'),
(39967, 'alexandre.mallet@brunet.com', '[\"ROLE_USER\"]', '$2y$10$kx1NuZGw0KjGZpzGO5p4DuA6ApGw3CfllSK3YnI/mRx3Mq89E0UMO', 'ffernandes', '1990-04-25'),
(39968, 'gregoire03@sfr.fr', '[\"ROLE_USER\"]', '$2y$10$9XVWQe9EZhSCEzWCJ4HpQepkWJHBITQ1zcWAdT3uyadLPVlgmXLV.', 'roche.alexandrie', '2006-06-16'),
(39969, 'claudine.dupuis@gmail.com', '[\"ROLE_USER\"]', '$2y$10$Jv.L4m.9WbHM8DXZjYv5IeBSH8HvHQF05/8GpfwIWF7dMUm1fHZtu', 'thibault33', '1999-03-11'),
(39970, 'mrousset@dbmail.com', '[\"ROLE_USER\"]', '$2y$10$c9tu6b6Ls70VCfW4xfzrBOMwUSXTThBkScDEtKb554SJPF0ASJLTW', 'pages.thomas', '2003-10-19'),
(39971, 'eboutin@dacosta.net', '[\"ROLE_USER\"]', '$2y$10$7RUxnff4nASxc2WHRR4rqu3od6LgKEsxjqx1QcnmCsA7VoVKL1oyS', 'dominique.garcia', '1966-11-24'),
(39972, 'moulin.georges@club-internet.fr', '[\"ROLE_USER\"]', '$2y$10$QEIeqWPjLBUA2hjc2V.n5.hzaquKcbcOd2/oyKobDnzCVJr.sexJK', 'zoe37', '1993-10-13'),
(39973, 'sletellier@gmail.com', '[\"ROLE_USER\"]', '$2y$10$QD2w9cUrEKkmKAIOJLYpBeexL2Con4lZB3o00UxthJRyxTE.doi7G', 'jeannine34', '1970-07-27'),
(39974, 'philippine48@noos.fr', '[\"ROLE_USER\"]', '$2y$10$h5aHRt.gaYBy2Xk4Ga44fOX3lFyNVIM81xr4N5czPV3jPKTrateY2', 'hrodrigues', '1979-05-07'),
(39975, 'arthur22@monnier.net', '[\"ROLE_USER\"]', '$2y$10$d4RdLm6uhy.LTReaAUZ6xuJ2jSif/cdvTNU4xucxtjCjqgwldgHbC', 'zoe.rolland', '2004-09-27'),
(39976, 'michelle.courtois@marty.fr', '[\"ROLE_USER\"]', '$2y$10$6TaEQ.dSR647g9YbB0d8DeG5DPVQAr3J6PrDYKnwTEryBAlZuLf8m', 'francoise.merle', '1964-03-27'),
(39977, 'catherine.desousa@bonnet.net', '[\"ROLE_USER\"]', '$2y$10$ay6bUslZxHpZehHJ6xsNzudIxhkxgheuu22Qt.DNnQ8o1jhYLXRQC', 'bernadette.fontaine', '1977-05-08'),
(39978, 'antoine.dupuis@foucher.fr', '[\"ROLE_USER\"]', '$2y$10$/oLzLuNMgZ8yYTOl7h0nFOzEeZTI5mzCnJB03uQ7gjEY2XmQPr2l.', 'ylevy', '1996-05-25');
INSERT INTO `user` (`id`, `email`, `roles`, `password`, `username`, `birthdate`) VALUES
(39979, 'marion.eric@bourdon.fr', '[\"ROLE_USER\"]', '$2y$10$cqoCZIqkLlpSsJQyeGu6geVtx97WWN5YktMpBxpAPHA394ldZS9eS', 'david.aimee', '2002-04-29'),
(39980, 'ipages@pruvost.org', '[\"ROLE_USER\"]', '$2y$10$p5qpCSpbv9t2rkIuW5R5LOYM8lufaqmh1bn1Bqqz8NB8XJD.iEBG6', 'monique46', '1985-01-18'),
(39981, 'celine.vaillant@hotmail.fr', '[\"ROLE_USER\"]', '$2y$10$QdUjPkOvXOqkxVboAeCWee3o.4WTKwVS6V3B6gtwx.IuSX6lmpc7C', 'gilbert81', '1972-01-07'),
(39982, 'josette.lefebvre@laposte.net', '[\"ROLE_USER\"]', '$2y$10$KM0z.mJinVDY9GBDJcqGeedHZQQBtIvcXFFbmyuX38XBuEhG9Hh7m', 'michelle.dasilva', '2007-08-09'),
(39983, 'meunier.aimee@tessier.com', '[\"ROLE_USER\"]', '$2y$10$4zkuovnU6ODa18LBaYAGRuMm7S7x.uzTVU6a32wzKZ0TiM.kiaEr.', 'glamy', '1974-08-16'),
(39984, 'letellier.margaud@lefebvre.org', '[\"ROLE_USER\"]', '$2y$10$a8bjuC.K5IgL.upgtzwnQOlyXirHgzwFSoFOeL1fwe5hUZ.SsBLU2', 'arthur.georges', '1982-07-21'),
(39985, 'ugimenez@dacosta.com', '[\"ROLE_USER\"]', '$2y$10$nHGO0e1ERuByNreZFxBtWOjV3zW94Uj0HeVlsaBKEKmKrMWDoqAyq', 'leon96', '1991-04-20'),
(39986, 'adrien.samson@gmail.com', '[\"ROLE_USER\"]', '$2y$10$bkBL/xhfW9shnJIkzcS5DOFvoxiYOuSCufS0W1dN0TnIsrlxzlEuG', 'bertrand.lebrun', '1994-01-03'),
(39987, 'marechal.marcelle@dbmail.com', '[\"ROLE_USER\"]', '$2y$10$tSnf6.09QfNoetS2lTpiYOMO9ivu2Hd1w0NNiV2NUujAeCtpZeCTS', 'toussaint.richard', '2002-09-30'),
(39988, 'udufour@club-internet.fr', '[\"ROLE_USER\"]', '$2y$10$dLLL3YzGklJGoIlL/Dq8S.OexJF59sHUjEN8i3NqhdnaiOpGmQgbW', 'bousquet.david', '1975-11-20'),
(39989, 'brun.stephanie@dbmail.com', '[\"ROLE_USER\"]', '$2y$10$suZXdsd7aUGtOLdYy.ezcuDGFlzLICL0337qT7yKI5vGnfpLoyVCy', 'zsimon', '1990-10-30'),
(39990, 'daniel.moreau@hotmail.fr', '[\"ROLE_USER\"]', '$2y$10$xOPla3EaT69EPwUP1oZ6vubHYXo1tcby1n5HvDb2BUxBHLgmNmeYe', 'chantal68', '2007-11-30'),
(39991, 'marie48@humbert.fr', '[\"ROLE_USER\"]', '$2y$10$jku.H6G/y/UNVvhBh914leWIfvsNRniNUm7pKd2A4/qx/BZCp7iO.', 'aimee.legendre', '1974-12-04'),
(39992, 'antoine.leblanc@tele2.fr', '[\"ROLE_USER\"]', '$2y$10$j4ESjEZvmgyEECz0CmCEZeAGkmRXj7z2Ds6LBa/7uQdFMVN9Nm9My', 'alexandre.valentin', '1964-12-22'),
(39993, 'mahe.alix@besnard.com', '[\"ROLE_USER\"]', '$2y$10$.Ij6tES95UK7CXblvZXYlenqfG48IbbROL1O/zNPvz2uKGuniyycq', 'zacharie70', '1983-11-13'),
(39994, 'theophile93@gmail.com', '[\"ROLE_USER\"]', '$2y$10$yHtdjSabO4ijEM5nBvEb2ejdGLPVqPBtCJ1J.NiqWR.ua/kGeC1CO', 'xseguin', '1983-06-30'),
(39995, 'verdier.dominique@begue.com', '[\"ROLE_USER\"]', '$2y$10$oSCaEWYRpYAMy1dpbJ1iXezYv0b8jUkgn1mt9xqRdZhjHLJ6oYWX2', 'yfoucher', '1963-08-03'),
(39996, 'idijoux@gmail.com', '[\"ROLE_USER\"]', '$2y$10$7fvxf4e5AmI1FbSW1oSFUe04fIV5RhNasaaD0uk2lwlf8ciTcJ6XO', 'marie.lamy', '1991-04-06'),
(39997, 'matthieu64@bruneau.fr', '[\"ROLE_USER\"]', '$2y$10$.DC5NDPUuRrrW7VKUNLFIedhtsUod9RrXM/8k5z1ia6c/246p.0EG', 'suzanne.paul', '2000-11-08'),
(39998, 'genevieve51@hamel.org', '[\"ROLE_USER\"]', '$2y$10$/6miY9pnF5bmLxKUuaMxZe8mCbSBMR/F0.c5.NdJNFnxnYJnqotQK', 'morvan.tristan', '1968-03-18'),
(39999, 'wfaure@parent.fr', '[\"ROLE_USER\"]', '$2y$10$6VGB/Jz5iaOiEXuWJu7ChuyfXLB6PeMtarvrgV74D/sqbipJCNElm', 'oguerin', '2008-01-01'),
(40000, 'christophe.hubert@ribeiro.fr', '[\"ROLE_USER\"]', '$2y$10$ExWC/Xq4zs.8JnV5VBtzMudMbjh0V4AtaTe5e1K3dJM733qGdQCIe', 'chauvin.theophile', '1969-06-01'),
(40001, 'icosta@dupre.fr', '[\"ROLE_USER\"]', '$2y$10$YwXF18o835JgzjyHD746leltACYQdbzUPCNS6dGom97sCFNKxLu6u', 'gerard.barthelemy', '1968-12-22'),
(40002, 'valerie87@laposte.net', '[\"ROLE_USER\"]', '$2y$10$iM7TnnVURRXDW4pqJNfzfukoxmwVsf4qy6.lpCXSu/egx7Kk6myoS', 'nfoucher', '1990-05-17'),
(40003, 'francoise.petit@sfr.fr', '[\"ROLE_USER\"]', '$2y$10$GgL8G1PhOdFWkwTk5./HK.vHHsL1UWkTWw.HxxtLc6h6yF/GsNvy.', 'virginie.lefevre', '1983-10-29'),
(40004, 'marcel50@orange.fr', '[\"ROLE_USER\"]', '$2y$10$Vo1xbNBULxkEtbvsi35BIekFlcbh1csO6UzHJzW1wdwUGCLGwAkHO', 'patricia.blanchard', '1998-01-21'),
(40005, 'celina99@bernard.net', '[\"ROLE_USER\"]', '$2y$10$W2m/MTxKPXw3IdQQS04yi.Zc5meCTgbQeQRhnh0XwLN7wS6eSxbPq', 'frederic.mallet', '1992-07-25'),
(40006, 'faure.laetitia@free.fr', '[\"ROLE_USER\"]', '$2y$10$Nb/bGsb0oTvEGakyuKBhJu1i/Ow6e5WMfPg0cML1QNQLpFRu4mC8O', 'laetitia67', '1962-01-22'),
(40007, 'antoinette.devaux@rodrigues.org', '[\"ROLE_USER\"]', '$2y$10$txLMrd723XXjo87n6Ldi9.EvRjSC1YcvPgH/xPS1WLvEdfZu2/GWO', 'dufour.zacharie', '1973-07-31'),
(40008, 'laporte.adrien@germain.fr', '[\"ROLE_USER\"]', '$2y$10$QMLXDAxOJ0x51iT2ZAbYyORqd8NRT9st/2RjjwuM0UR5DYD9jHvna', 'daniel92', '1992-04-13'),
(40009, 'sdelmas@live.com', '[\"ROLE_USER\"]', '$2y$10$7kDzRFqhkFZD7rLMqgTE7.2RvMH/G1.OhACAhbbi1dGv0xotNZfMi', 'gregoire.lombard', '1977-10-05'),
(40010, 'bmallet@gmail.com', '[\"ROLE_USER\"]', '$2y$10$jtcYUs8M6HWvczeyoygqAeH7JNt67eET4k9RE.pZM0Duh8609ZyuS', 'aurore.lagarde', '1994-02-10'),
(40011, 'lgoncalves@mercier.fr', '[\"ROLE_USER\"]', '$2y$10$FDaD.vr4tbH8oSL9Ptwi5u.sZBLTmdqNDLmSCtAV0xAPEqTUO/BYK', 'stephane72', '1986-08-01'),
(40012, 'ferreira.nathalie@caron.fr', '[\"ROLE_USER\"]', '$2y$10$uSqKTn.zxuy9kIIg6fCCheAiSVxbsOywjr7uWcQ28KiVToC5Nf0q.', 'hsanchez', '2004-04-03'),
(40013, 'valves@olivier.fr', '[\"ROLE_USER\"]', '$2y$10$VSMTcojcCy79ihLtQ1MYU.eBmvpO12LGhlmmXFU8J5wzkc60kLPI2', 'william28', '1962-07-13'),
(40014, 'hubert.marie@gilbert.org', '[\"ROLE_USER\"]', '$2y$10$jS2vdlX9yT84tLGBajsfI.WjdW4k5uiub7gyDPsP.CXjbG/VHidu.', 'clemence98', '1977-01-19'),
(40015, 'leroux.martin@orange.fr', '[\"ROLE_USER\"]', '$2y$10$WTz1bHVp6vWpVOYGxgjq0.nH8kDbkiF0UVVW.QO7R4fEL5oIu4gqa', 'maurice69', '1969-06-27'),
(40016, 'etienne.gregoire@sfr.fr', '[\"ROLE_USER\"]', '$2y$10$dltxO9Hj0oZK3q2Lu85IUutFPwv0Q3T57gLhYMl68/0jMEOw6HOpi', 'thomas.remy', '1968-09-11'),
(40017, 'gilles93@laposte.net', '[\"ROLE_USER\"]', '$2y$10$4ZRHJkGnvspQ4.a5U2a4p.xAA.oOpGTegYdlm9YJVEILL3YGd3YlW', 'marie.philippe', '1986-09-14'),
(40018, 'petit.pierre@club-internet.fr', '[\"ROLE_USER\"]', '$2y$10$VRqWY0d1T8tLuauxoEpZgOQAZ8g7a.7sQoGjqb/.bo79dLm/kQIWO', 'vlopes', '1993-12-23'),
(40019, 'emmanuel.lelievre@costa.com', '[\"ROLE_USER\"]', '$2y$10$85fDxtZKL07zMTSgYeZVwekR02sPuCvfvIvl48VQaasZH9c52LZyq', 'vincent35', '1986-05-22'),
(40020, 'fremy@dupre.fr', '[\"ROLE_USER\"]', '$2y$10$6PQpmRVpp/AQ7MHuLPhaA./jMYoUq7.F0Sz9DiBJcdoriJSdHIlsC', 'remy.mendes', '1984-04-14'),
(40021, 'nbegue@live.com', '[\"ROLE_USER\"]', '$2y$10$AwBfS7ZIv2CXdWvL2bqK7uyCNAU/ttoGqsNa7NADfR8c1sXbFHHu.', 'olivie.ramos', '1969-08-04'),
(40022, 'capucine.caron@lemonnier.com', '[\"ROLE_USER\"]', '$2y$10$J2XemoGckJEcSGC8m73NEe1BulmwdZ.4X2hOvwmigwqoojZtKSwUa', 'julie.pereira', '2000-05-18'),
(40023, 'gauthier.aurore@yahoo.fr', '[\"ROLE_USER\"]', '$2y$10$o46Rjy2R2f3ZSla7IvlQXuyPBZ9yWRgdVJNSbo911rjr..3ysWYtu', 'clerc.anais', '1979-06-11'),
(40024, 'juliette87@sfr.fr', '[\"ROLE_USER\"]', '$2y$10$uXQh2mfdePT6f4k3IsEB4eYhFyRWd0ZOCDyWLgt39tluu3xh5IQVK', 'lmonnier', '1994-06-18'),
(40025, 'diane.marin@free.fr', '[\"ROLE_USER\"]', '$2y$10$PCI7RR.K3JMaY6AAVPxFP.QepzjOGZaD5sWoA.mHemE.87kQ1UXK6', 'cmartinez', '1988-06-09'),
(40026, 'emmanuelle.legros@hotmail.fr', '[\"ROLE_USER\"]', '$2y$10$fYg0FVvOyGsfHIH3PM/0t.Ql2bpRzjiDYDA4F9Snl6XTNoDxfiCY2', 'julie.clerc', '2000-05-04'),
(40027, 'celine.lebreton@tele2.fr', '[\"ROLE_USER\"]', '$2y$10$2XRD8Pf1dJD76XNH5H8Gselc31i2CkPuUlHdnWjuE5puSqbIKj.p.', 'patrick.perrier', '1981-12-19'),
(40028, 'astrid79@dbmail.com', '[\"ROLE_USER\"]', '$2y$10$YYDy36vIkyHv2UlLwqa0qenrvJyt9EQOuPYFa9G6T0Msyc174npE2', 'emile.chevalier', '2002-11-09'),
(40029, 'adrien.etienne@julien.org', '[\"ROLE_USER\"]', '$2y$10$mOzvQSzDC24pJAPwIYxvIO3Hx32QR9gIIgZRIcC5ttaqRws/7g59G', 'adele.deschamps', '1963-04-13'),
(40030, 'jeanne.mendes@yahoo.fr', '[\"ROLE_USER\"]', '$2y$10$sNSYtdZn8JQhJn78hPt.guQjqdgvCDnhI6t22XKzLA8ObWFq9bnHW', 'robert22', '1965-08-17'),
(40031, 'muller.matthieu@tele2.fr', '[\"ROLE_USER\"]', '$2y$10$v3m.XXgD7AGjCPJWDkm7puL1CScwVGoAxVobhpzaGxlvpdFpxFwN.', 'vincent91', '1986-09-21'),
(40032, 'reynaud.jacques@lombard.com', '[\"ROLE_USER\"]', '$2y$10$rO.rURSyhdeRCwXLwmAv2.ABdLUh4WeMqINAZrKzCAQkarNqgbp3a', 'deoliveira.thibault', '2002-12-06'),
(40033, 'gpelletier@live.com', '[\"ROLE_USER\"]', '$2y$10$WkOcQyVa3Jxdyr4lLnniquNLnN/CSD34dfyZORUl.aUfLlhOwbC3S', 'lucy15', '1995-02-28'),
(40034, 'marchal.gilles@martin.fr', '[\"ROLE_USER\"]', '$2y$10$0SQo8AD1MPyaGy4p.YFSIevYn4MuDdqcgkvNfBoA51uwsDJyIhZk6', 'franck.boucher', '1964-01-13'),
(40035, 'lmerle@live.com', '[\"ROLE_USER\"]', '$2y$10$XNeupgO.2T44UKjvVFfflehOex.hi.k.X8CtN7RdYcsZbgy4X6A1q', 'augustin.delannoy', '1964-10-22'),
(40036, 'barbier.lorraine@guillon.fr', '[\"ROLE_USER\"]', '$2y$10$ElwqlNap4nE5yqUOpJYmmO.grkZmlIJ4OF4MgL0IL7pc0ljR22BT.', 'wfaure', '1963-07-14'),
(40037, 'alfred.pereira@leroy.com', '[\"ROLE_USER\"]', '$2y$10$tWCOQzWlDfcwuhau26FY8.4loCC92rVxFy7.a3RNzIqoPcsJVDOfS', 'dorothee74', '1982-09-24'),
(40038, 'tcamus@fernandez.fr', '[\"ROLE_USER\"]', '$2y$10$qTSkumWo1iegI00CH38ZU.0jcYpjWMwpcZ4f/v1923YWLIJ1Y3ocu', 'gilbert.lemaire', '1986-12-09'),
(40039, 'jchretien@lemoine.fr', '[\"ROLE_USER\"]', '$2y$10$LB5wtx4ZpAB8.SO8e2XdyOhGQRV/3qu73tx.7pZf6Ng.YXf4FG9Su', 'agnes89', '2007-07-27'),
(40040, 'dominique.camus@dufour.fr', '[\"ROLE_USER\"]', '$2y$10$3Q.WJwpyo7zSbs.Oybo./eJHgs6TbRoBG7yV7xqwJphm/KBaZ7Na.', 'fmichaud', '1971-01-14'),
(40041, 'kjoly@gauthier.fr', '[\"ROLE_USER\"]', '$2y$10$j3haDSKvhWtJ9BbZ4p1iTuZm7GEQAZOhH6i8YmMnx9Zi1Ioa29dLC', 'luc10', '1974-02-10'),
(40042, 'toussaint.benjamin@turpin.com', '[\"ROLE_USER\"]', '$2y$10$hyJKGeaYqm0nBAn.p7MYrOngAFVgLDh.PNWym7jMkrmtm3LAAt4h2', 'bcaron', '1998-07-12'),
(40043, 'lucas.leroy@prevost.net', '[\"ROLE_USER\"]', '$2y$10$jHumXQcy2epV3H6WoBOxMuychjrV0QMtwlOxzGybLUmT1HVSMC/CW', 'dossantos.maggie', '2007-09-02'),
(40044, 'kriviere@club-internet.fr', '[\"ROLE_USER\"]', '$2y$10$9e6G31F2a6a6AjarKGrH/u/FbF8XSOYOiYw5rhymVVkygkWThMakm', 'martin21', '1964-10-24'),
(40045, 'philippine.potier@valette.fr', '[\"ROLE_USER\"]', '$2y$10$bW9W4UkknQ1VtSf9VLwbB.gjeYbc0VxFrstwNrlDhHOnlY1gTTJ5m', 'pires.amelie', '1988-03-02'),
(40046, 'nathalie75@laposte.net', '[\"ROLE_USER\"]', '$2y$10$mrfJBcbltMWf7JugZZWdNeEe/AWVVfibb8Dw7Tm2FuXjEXeynep8a', 'dtoussaint', '1970-06-13'),
(40047, 'gabriel38@dbmail.com', '[\"ROLE_USER\"]', '$2y$10$jCBPKi0HA7TJfWumV.KFaef4rE35rDbudXVyo.IZa/zOgvUFV7u5m', 'ribeiro.oceane', '1995-04-09'),
(40048, 'henriette01@dbmail.com', '[\"ROLE_USER\"]', '$2y$10$JOTDESC0UG.Iv1Jld13uIusziedLgMDUiSn3Tdux/JvCoroYNP3tW', 'jean.fabre', '1971-11-02'),
(40049, 'becker.eugene@laposte.net', '[\"ROLE_USER\"]', '$2y$10$4DoN6/uDNhAf.L9qG9yI1uCIRfLy8D0MWYgfDFtMumcbfMsSd3XE6', 'stephanie.humbert', '2005-05-22'),
(40050, 'fernandes.olivie@wanadoo.fr', '[\"ROLE_USER\"]', '$2y$10$tn99CMTL1WQXHMbQvhsNaOJJ/rjyUiXfXZocO45NKdAQ/ikSfXP.2', 'colette.hebert', '1964-01-05'),
(40051, 'boulanger.roger@marty.fr', '[\"ROLE_USER\"]', '$2y$10$EmDxA1p5K33/6Njjj0lrf.Aje1diKqpPzI0DLbNNjAMC4QF0gKFY2', 'guillon.alain', '1980-12-06'),
(40052, 'eleonore19@nicolas.org', '[\"ROLE_USER\"]', '$2y$10$vWjtuQWsiz4CmXwNNggmcuwG2qWkeFOPcYniM60P7XrMlF7xF4Df.', 'weber.zoe', '2003-11-07'),
(40053, 'toussaint.josette@gmail.com', '[\"ROLE_USER\"]', '$2y$10$bpePSFQNw2ahRvQULLsTVurPgaUzgAW7uvx4zg.bNw7w5Pdyk3CO.', 'virginie23', '1991-03-14'),
(40054, 'laurence.julien@hamel.net', '[\"ROLE_USER\"]', '$2y$10$ZQ1lhpxds0SR1Yf3WNMDle1xeIlPyCuzvTEOuBVMW/RdjogGfpP.K', 'caron.noel', '1984-12-09'),
(40055, 'eric.joubert@jacob.fr', '[\"ROLE_USER\"]', '$2y$10$zaQIP14VdIQVImTpUEgPO.J93uZ9JLvLUO6vZrsYKABsEyiIOyap.', 'clouis', '1967-07-04'),
(40056, 'josephine.alexandre@baron.com', '[\"ROLE_USER\"]', '$2y$10$tYveF2GreLc8yTkFgFs87ecVQRPYVntojQj2JogqLePREjRbnX5Xe', 'roger.fischer', '1991-04-23'),
(40057, 'margot95@dbmail.com', '[\"ROLE_USER\"]', '$2y$10$P7AWuLrAuOOIDNys746ECeUhSnVWZEI1BRoz8HuKPmb2IiSL63DpW', 'hlacombe', '2006-02-06'),
(40058, 'ojoly@fernandez.fr', '[\"ROLE_USER\"]', '$2y$10$B8av6RqWEqR3uwjxB/nk.ecXZxWDW6nN9zEdlr.iCJl5uXPIdAIK2', 'carlier.benjamin', '1985-06-26'),
(40059, 'jacques.susanne@club-internet.fr', '[\"ROLE_USER\"]', '$2y$10$g60hLh9e4Kfbwo/XjioV7.NnKX8OIgL.YKU2nMEEIfS2tGRlGyQ9y', 'tvasseur', '2000-12-04'),
(40060, 'adrien72@yahoo.fr', '[\"ROLE_USER\"]', '$2y$10$8ZFWxRe112ssAw28PB0.1.yJxr1zrOF4fE5n3yot/htqjAG1FOyzK', 'bernadette67', '2005-08-15'),
(40061, 'lucy76@tessier.com', '[\"ROLE_USER\"]', '$2y$10$wL3YDsUXI00NvykJARDqZe0kFaK89dRE8V87v1OIzRGoskTXk8DJm', 'charles.marianne', '2003-08-29'),
(40062, 'noel.marianne@tanguy.fr', '[\"ROLE_USER\"]', '$2y$10$K6Wz56F387sn6zOM377ag.gw.l.kYmA531d8WhrFRGdmqzK/istP6', 'arnaude64', '1966-05-15'),
(40063, 'perrot.ines@tele2.fr', '[\"ROLE_USER\"]', '$2y$10$yIYwanKyo1llGZBajUTQseKLBXhjqDfAQthcpFm/.9aGM9VOIKT3W', 'zvidal', '1995-01-10'),
(40064, 'eric.francois@laposte.net', '[\"ROLE_USER\"]', '$2y$10$Gt9VyJyjzf7OvkjKQ0JonuGu4dUmK3jYDuSAkpyugMul3C5R7zWm6', 'ylambert', '1986-03-03'),
(40065, 'leon.bertrand@laposte.net', '[\"ROLE_USER\"]', '$2y$10$MUvvlo8TnnEXVVFlOKnVV./gQyLswvq73.AjkpRdpl4uJ1o/udcQa', 'lucy.simon', '1984-09-12'),
(40066, 'vincent68@gmail.com', '[\"ROLE_USER\"]', '$2y$10$OmFpfu3PSBYJCYcb3ugKI.yap6v51lLMhPFiuH/94xI8LEa3TqPxi', 'diaz.philippe', '1988-11-06'),
(40067, 'antoinette.brun@noos.fr', '[\"ROLE_USER\"]', '$2y$10$42XBB/84LLmKs6XuGp2gguYb0JXvMOdLg3tiNnmv.eotnJaI7sx5e', 'jeannine60', '1995-09-26'),
(40068, 'htoussaint@meunier.fr', '[\"ROLE_USER\"]', '$2y$10$PsmUXmabcY97IcjTi7lQaub/AcdTuibN1Hu76AVuxIR1sbXkoHD3C', 'qgillet', '1991-04-18'),
(40069, 'emmanuel.blot@leroux.com', '[\"ROLE_USER\"]', '$2y$10$RCrilYwRHd3QcLgSX1.AROFIMwiNx6//ZBN.DzEPBIPNIjT5BjFFe', 'zmarie', '1970-10-27'),
(40070, 'fontaine.augustin@lebreton.fr', '[\"ROLE_USER\"]', '$2y$10$deHok5Lh6JeB1YrI9GU8OuyrOg0K7aE0Hrzv/NSlVLOYlBar7rZuy', 'philippine.arnaud', '1962-12-25'),
(40071, 'robin.brigitte@tele2.fr', '[\"ROLE_USER\"]', '$2y$10$uefsxdAg4GUt6QkjLdiWfOU/wPJZdVn.Rk7dNYbShlKj7Kbg570be', 'rlefebvre', '2007-02-19'),
(40072, 'thomas.alphonse@live.com', '[\"ROLE_USER\"]', '$2y$10$4bTztCP2KvX0wtimUC2Gfe0T5lSXLkHmnLnQMz8/FzCThaemMfekK', 'denise.leroy', '1991-06-09'),
(40073, 'victoire.alves@daniel.fr', '[\"ROLE_USER\"]', '$2y$10$6Tl4Wm4MuVNTth1regr9N.eRu.q/C/YcM0TQAZZGA09wwG.iszW46', 'paul65', '1991-04-30'),
(40074, 'guillaume08@tele2.fr', '[\"ROLE_USER\"]', '$2y$10$3SnRl5.PSw9kNONGpjQZTeSkJhkczjZiCCIEEK8GQtC6/uZBTGYR.', 'guillou.simone', '1999-04-27'),
(40075, 'philippine.verdier@moreno.com', '[\"ROLE_USER\"]', '$2y$10$wOeR8HNMSP3viUe9tF36mOE5LcR.Ew9Lhh40yS7164PdRX7UleZQ2', 'bouvet.adrien', '1974-10-02'),
(40076, 'audrey.ribeiro@vincent.com', '[\"ROLE_USER\"]', '$2y$10$HlmJ.B8c02a9eSGUiITXM.D8CF2PDwStAfHJ9vX9mT5u5HlJqN3KC', 'michel54', '1964-12-02'),
(40077, 'alix.roussel@yahoo.fr', '[\"ROLE_USER\"]', '$2y$10$48Lr.niTTVX1zLUmA0s09.zJW2gFvmfufFKaAXuSMqbOjA56QnVEO', 'monique07', '1990-07-30'),
(40078, 'bertrand41@wanadoo.fr', '[\"ROLE_USER\"]', '$2y$10$Pu72DNpcmdg1rASmJviIyuwC638yLrwiKjoirHhB1LNrK9aEixR1e', 'susan30', '1984-12-06'),
(40079, 'andree.charles@morvan.com', '[\"ROLE_USER\"]', '$2y$10$Z/MjFBHLgF.JQJmPY3bCa.0OgN/xXvHZLin5ffSywSLUuelBWGIga', 'luce15', '2002-07-30'),
(40080, 'urousset@guillet.net', '[\"ROLE_USER\"]', '$2y$10$AwJ9OsUaQz.DLkfRokS.7eYBPXz5aYlgMTALknzVaPpyEureGAwDW', 'aweiss', '2001-08-08'),
(40081, 'gabrielle.launay@duhamel.fr', '[\"ROLE_USER\"]', '$2y$10$P0sqxLO7d4HXGBOIA55L9.v/ysy2UBFyKDW2uomL/QDMF4l9lKjKO', 'gros.mathilde', '2007-09-20'),
(40082, 'claire25@guillet.fr', '[\"ROLE_USER\"]', '$2y$10$SB4efJJfFKHxbpkZApWzgO22ai/guSY4qIhbRV.SSPvgYD4cyAuIi', 'claudine.legall', '1967-09-01'),
(40083, 'joseph.sebastien@free.fr', '[\"ROLE_USER\"]', '$2y$10$FKngmd1GXq9FbQNBjrSRb..0pj6/7ykIKYa8CEWsXWecoZfMLrlFe', 'richard.marchand', '1994-01-21'),
(40084, 'abesnard@parent.org', '[\"ROLE_USER\"]', '$2y$10$v8egUmMsZtFgDigh73kGsejrGoKWviPYY0AvZNFrRIJOAGNFV8yra', 'pgaillard', '1968-10-02'),
(40085, 'pereira.henri@bazin.fr', '[\"ROLE_USER\"]', '$2y$10$0s8abkmW/0mSMrsc27./R.5/u5AHXk2bYcq.Yhh/D7K/wAfIY9xIa', 'ufernandez', '2007-07-25'),
(40086, 'thierry36@giraud.com', '[\"ROLE_USER\"]', '$2y$10$U5Gn0Jfu3vYRVNlaJIoSruQTLPZuWUeKlSTKG/gZkNvlITq0eEp8O', 'monique07', '1963-12-01'),
(40087, 'frederic.valentin@yahoo.fr', '[\"ROLE_USER\"]', '$2y$10$uEOGBZRE5UOUSlnAWSAk/.qZVH3AWWHzDMJ3CfmcjI4wtJ7PH51Gm', 'margaret.chretien', '1983-03-31'),
(40088, 'bjacquot@orange.fr', '[\"ROLE_USER\"]', '$2y$10$9nU/56iEe4cgs6aaCOJuyu03JZ.XPl/ySLvSYqxCj.mzvTgPFhROm', 'antoinette85', '1998-10-09'),
(40089, 'anouk.hamon@ollivier.fr', '[\"ROLE_USER\"]', '$2y$10$JNrcZDO.ZzT83onYIr6He.nbJC4Z98Sh.JHHuqHBn2rNndxHb3chy', 'aweiss', '1997-10-13'),
(40090, 'paul.thibault@tele2.fr', '[\"ROLE_USER\"]', '$2y$10$WctZqB1h5l.aqCEdAVRU6Oo5usRBDKh8DL1C9UHBPBX58a5oQnCt.', 'marchand.isaac', '1963-01-31'),
(40091, 'antoinette26@bouvet.com', '[\"ROLE_USER\"]', '$2y$10$9dwPGC/cc0TAkFzy6gH1yeX3NN3pVhwPOwEuRFqWAWuwvkAwrSSP2', 'brigitte.marques', '1965-02-06'),
(40092, 'maurice13@chevalier.fr', '[\"ROLE_USER\"]', '$2y$10$EXdiPyD66eN6b6jtinMZFe8YfwYhEZITO53mgUWVNy4pwB6HPpQoi', 'auger.philippe', '2005-09-25'),
(40093, 'ferrand.brigitte@allard.com', '[\"ROLE_USER\"]', '$2y$10$zYJQwKEyQ6jl9VfV0fHSnepCdr47/7h7C4M/EbBKnlf4ICC9DUZLS', 'anne32', '1973-04-23'),
(40094, 'levy.louis@fournier.fr', '[\"ROLE_USER\"]', '$2y$10$TX7iHKi134RUaAj23YrbeOQ9LSsdYVvQTIdFgP4JwVHx4Zr25RBHS', 'mathilde26', '1982-11-26'),
(40095, 'laurent.herve@dacosta.org', '[\"ROLE_USER\"]', '$2y$10$m3mJR8jjFeeX13EpKaDIieXsucatyw4QQkXAXNtfZXAc8qPGkU7Ma', 'dominique.couturier', '1996-08-02'),
(40096, 'collet.cecile@jacob.fr', '[\"ROLE_USER\"]', '$2y$10$kd66onz4muLQrDag2p9eIe/a3D2Sr.N0s0i57KJIQSk7B/BQGgGUW', 'aubert.marguerite', '1993-04-16'),
(40097, 'perret.laure@orange.fr', '[\"ROLE_USER\"]', '$2y$10$ArxsRmpCzfh7pY0GvM0RhejQV620wTUZz8OaipFo5kNsL.UStgZCi', 'nathalie74', '2001-10-02'),
(40098, 'clegall@jourdan.org', '[\"ROLE_USER\"]', '$2y$10$Cojf/rlMS3JMAzIAgi68EeL4vGE6Egn37eeK6jeFINEufDRv7CgUm', 'amelie.marty', '1991-12-17'),
(40099, 'martin.bruneau@blanchet.fr', '[\"ROLE_USER\"]', '$2y$10$xKgTP8sOLCH7CUA2k18aHOdqL6Ak92RB37.nyARGmAoMK2ZfQbP5a', 'edouard50', '1992-06-20'),
(40100, 'renee38@letellier.org', '[\"ROLE_USER\"]', '$2y$10$p0EcKL0M63XhJFIoOgs0jups7.pc6pHRsIN7wLfMoorJklA4fwUHO', 'nicolas.pascal', '1968-11-12'),
(40101, 'glopez@dbmail.com', '[\"ROLE_USER\"]', '$2y$10$UmQ/zzjlGUpOer8Cr2G7QuZP3F2GXcQ61ZNlDmWSb3Md9BZWSDssm', 'gmarty', '2002-03-12'),
(40102, 'charrier.henri@rolland.com', '[\"ROLE_USER\"]', '$2y$10$LbGXu9INRNhzzec/nTZL/.OX0EYfswFpB0R8DhKLU280oll9y0YyG', 'jreynaud', '1987-10-23'),
(40103, 'michel.dupuis@wanadoo.fr', '[\"ROLE_USER\"]', '$2y$10$1spvk/zt1H0AykffMpBageR8isUKVymdaMx.kOppT1jDHkrhnSuqu', 'nicolas87', '1979-11-19'),
(40104, 'noel.odette@yahoo.fr', '[\"ROLE_USER\"]', '$2y$10$34rFsMvHsGgbxMGdf6tUYeDcSIEb4naLQHpFgbtNRvPKAhbL5CGk.', 'guillot.olivier', '1999-05-19'),
(40105, 'madeleine.schneider@roger.fr', '[\"ROLE_USER\"]', '$2y$10$xMjfHQQnusV6E75jraAGR.US33BMzUZXsOVoIsKEZaWzDxCkFAffe', 'remy.juliette', '2004-07-20'),
(40106, 'dorothee.guilbert@wanadoo.fr', '[\"ROLE_USER\"]', '$2y$10$YtbaCQ7yZsPDGXChHHCwaejPHfLqf3SqZJ6tMGhKQOXCfLytKVVrC', 'constance.leroy', '2008-04-20'),
(40107, 'mgarcia@cohen.fr', '[\"ROLE_USER\"]', '$2y$10$jVY/neYopfDe6pye4i009.0lPLZsqsn0iuSUjDzlvFPq.O7PRrT.O', 'emmanuel29', '1990-03-15'),
(40108, 'leveque.gabriel@hotmail.fr', '[\"ROLE_USER\"]', '$2y$10$pfYVDwUTFwrfpEgaw4F6cO.AstjcyeeInSQhkUMmcwp5AkSKGJ6WS', 'ruiz.adelaide', '1993-03-16'),
(40109, 'llouis@thibault.fr', '[\"ROLE_USER\"]', '$2y$10$7pUddeuZE3A.qlPoSUqnrOknSjWUKtiP/TpUyKDTTcdh.GGLWAgz2', 'achevalier', '2002-06-28'),
(40110, 'caroline.mathieu@fontaine.fr', '[\"ROLE_USER\"]', '$2y$10$KDIaA3WWXBm35cwFQqvm/e1924qtMuO6zcpJZUSF723adV5e1WsOi', 'etienne.boutin', '1984-04-02'),
(40111, 'ygautier@wanadoo.fr', '[\"ROLE_USER\"]', '$2y$10$z6IXVe2hRyq.AuHV838Qyuqz9fceBN3mN1dg3JOLSUctb/5gUhJ8y', 'frederic.garnier', '1983-01-17'),
(40112, 'mathilde85@live.com', '[\"ROLE_USER\"]', '$2y$10$BESjO2Soz0GS1KxbdWnWJOG9JJl0AXm1h8yXieIKws3/x4kYOh4AG', 'hmorin', '1988-05-01'),
(40113, 'augustin28@noos.fr', '[\"ROLE_USER\"]', '$2y$10$AuJ1GTRgFX4kiaXn8qJlDuFPeHRB08LacWJYRwq8P.TP8QTkWorTG', 'aimee.marchand', '1975-12-19'),
(40114, 'guillot.georges@navarro.com', '[\"ROLE_USER\"]', '$2y$10$s7xcKoSXY0fHF9e8cBb1KOJwAqICv.xvpIWIyfitzuqPa345bVfaG', 'marion.gabriel', '1997-12-31'),
(40115, 'hugues90@sfr.fr', '[\"ROLE_USER\"]', '$2y$10$kaE6.0htEEkNGQgh0VW/QOzbK9AaFGsKbtC7HHkDAiA4LRDpPGwxS', 'emmanuel71', '2005-02-16'),
(40116, 'nathalie50@pelletier.fr', '[\"ROLE_USER\"]', '$2y$10$TyeoiZERgcx/SOVcw10.I.vSHjoogBpoPBhlImKAVGdpwKUT.laiS', 'evrard.alexandrie', '1999-12-30'),
(40117, 'edith.deschamps@gmail.com', '[\"ROLE_USER\"]', '$2y$10$MI1NP/yz5cUKql.L7BvJHujuotKg4NIFC37TMQEAjdB3Bi7ZwJlxi', 'celina69', '1988-08-23'),
(40118, 'salmon.lucas@club-internet.fr', '[\"ROLE_USER\"]', '$2y$10$uzaS1Z6JL757poJFZO07W.vDrBpLfT6KfOP.A/joFbPUl.0Np8HbK', 'fournier.suzanne', '1963-10-31'),
(40119, 'benoit60@petitjean.com', '[\"ROLE_USER\"]', '$2y$10$2hw7mA.ab0JzuDU6aWlkbO4TVFJvBVv7I/2dm4ONkDZBEUZndYTzW', 'gay.andre', '1980-08-24'),
(40120, 'etienne76@dasilva.com', '[\"ROLE_USER\"]', '$2y$10$b9u9Q7ZWRbYtMEf.Z2KMgODp1RIWoGEjjfh82Ytgl8j7zSODi7.li', 'bernard.poulain', '1974-02-16'),
(40121, 'lucas.alfred@live.com', '[\"ROLE_USER\"]', '$2y$10$fgrtJlMw4xoAJZVYBXLfGOOfpJ3Z514pCGJ14Tet1F.mYVMmFFUiO', 'salmon.alfred', '1983-12-12'),
(40122, 'tcolas@live.com', '[\"ROLE_USER\"]', '$2y$10$O2rwUVlVma7k.QPGA2AjK.P2OVK53ZIFoAUC1fDgvW0ThQxM9a1vq', 'claire.paris', '2003-05-11'),
(40123, 'michelle.philippe@tele2.fr', '[\"ROLE_USER\"]', '$2y$10$y9O7Jtek7Um6s599rtnLnODwgjHiODCoW2AXmc1tJDu9la0ftUwgO', 'herve.sylvie', '1967-04-24'),
(40124, 'jmoulin@coulon.net', '[\"ROLE_USER\"]', '$2y$10$kb20Gie.sSTKPWqzFRz3w.CO6V69fpJ.HWQaUa1.p/Xj8YMTkrhS6', 'rrolland', '2005-09-22'),
(40125, 'arthur.gomes@free.fr', '[\"ROLE_USER\"]', '$2y$10$jRtRZc9N83u87zZ3Kb/zZuwLa1R/uhm1xYnzvyOTD.vZydXxJWUku', 'garnier.adelaide', '1972-04-11'),
(40126, 'elisabeth47@bazin.fr', '[\"ROLE_USER\"]', '$2y$10$RDJjZvMkEwM4blhcVcbcSefpuKTxsZbl.z4/jrGEcv10dptRZ4Mam', 'fischer.elisabeth', '1994-02-27'),
(40127, 'moulin.jeanne@evrard.fr', '[\"ROLE_USER\"]', '$2y$10$/VS.rTRqw1CEKwsPA/47veP4ex5XOBybOKUdVjJitfmGOXblpvKLS', 'buisson.arnaude', '2003-11-01'),
(40128, 'danielle36@blondel.org', '[\"ROLE_USER\"]', '$2y$10$Tyx7pFkFEbQMofZBK79IHucTXWLC89xT2PCwNVT3atnQqwEELp3ry', 'xbodin', '1997-03-11'),
(40129, 'claire73@becker.fr', '[\"ROLE_USER\"]', '$2y$10$JKTj8nbJeiN6i8xY3.h/meBmIKxShjb30essZ2PyHPL0uV5MU2wvy', 'jerome63', '1985-03-01'),
(40130, 'dominique23@noos.fr', '[\"ROLE_USER\"]', '$2y$10$ao/cOY4NITF1qz3iJzi98esN314DEeU3T80LNXy/6ZKsZp6c7t1Ui', 'lrenard', '2000-06-24'),
(40131, 'mchevalier@mary.com', '[\"ROLE_USER\"]', '$2y$10$icTFL5KZ7fnlTJdxDJD2uOjnaQFcbQgjtRZuPSjZ1Ftq/LPr7IacO', 'susan.paris', '1977-10-13'),
(40132, 'colette.royer@gmail.com', '[\"ROLE_USER\"]', '$2y$10$FGZ8ksnRtuSygDmd7ePy3eMHeQ5V/u9tnhPY6CEqvrzRkVP8InirC', 'elise86', '2006-05-19'),
(40133, 'maillard.maggie@lecomte.com', '[\"ROLE_USER\"]', '$2y$10$LacwZvOrex4RmzxL1TFfd.HdxucHcKJsbcuvasQNQXs7m9Fqs.hAW', 'valentine.lesage', '1984-10-07'),
(40134, 'tfleury@yahoo.fr', '[\"ROLE_USER\"]', '$2y$10$ictHT/lDKoaiKD1gzLjz4ei0VLy4CFRS1gVTrtgmtU98q3pZJcXOW', 'ymerle', '2005-08-01'),
(40135, 'charrier.arnaude@yahoo.fr', '[\"ROLE_USER\"]', '$2y$10$DL6klS9J6Ysk.ZoStUgbAuwKfNwdfkSsh5p0Oo.0VZoHt1uFytYdy', 'bgarnier', '1976-06-10');

-- --------------------------------------------------------

--
-- Structure de la table `user_board_game`
--

CREATE TABLE `user_board_game` (
  `user_id` int(11) NOT NULL,
  `board_game_id` int(11) NOT NULL
) ENGINE=InnoDB DEFAULT CHARSET=utf8mb4 COLLATE=utf8mb4_unicode_ci;

--
-- Déchargement des données de la table `user_board_game`
--

INSERT INTO `user_board_game` (`user_id`, `board_game_id`) VALUES
(39636, 3150),
(39637, 3155),
(39638, 3182),
(39639, 3104),
(39640, 3119),
(39641, 3149),
(39643, 3197),
(39644, 3133),
(39645, 3167),
(39646, 3186),
(39647, 3149),
(39648, 3181),
(39650, 3141),
(39651, 3144),
(39652, 3120),
(39653, 3155),
(39654, 3182),
(39655, 3141),
(39657, 3136),
(39658, 3166),
(39659, 3195),
(39660, 3162),
(39661, 3188),
(39662, 3126),
(39664, 3182),
(39665, 3115),
(39666, 3116),
(39667, 3165),
(39668, 3141),
(39669, 3165),
(39671, 3179),
(39672, 3111),
(39673, 3167),
(39674, 3153),
(39675, 3167),
(39676, 3109),
(39678, 3115),
(39679, 3117),
(39680, 3132),
(39681, 3141),
(39682, 3131),
(39683, 3141),
(39685, 3152),
(39686, 3108),
(39687, 3184),
(39688, 3109),
(39689, 3131),
(39690, 3200),
(39692, 3129),
(39693, 3188),
(39694, 3123),
(39695, 3101),
(39696, 3180),
(39697, 3195),
(39699, 3152),
(39700, 3108),
(39701, 3112),
(39702, 3141),
(39703, 3197),
(39704, 3183),
(39706, 3193),
(39707, 3165),
(39708, 3148),
(39709, 3189),
(39710, 3139),
(39711, 3133),
(39713, 3184),
(39714, 3178),
(39715, 3138),
(39716, 3103),
(39717, 3180),
(39718, 3173),
(39720, 3178),
(39721, 3117),
(39722, 3127),
(39723, 3120),
(39724, 3165),
(39725, 3115),
(39727, 3122),
(39728, 3140),
(39729, 3120),
(39730, 3128),
(39731, 3199),
(39732, 3134),
(39734, 3109),
(39735, 3147),
(39736, 3184),
(39737, 3164),
(39738, 3137),
(39739, 3171),
(39741, 3160),
(39742, 3191),
(39743, 3127),
(39744, 3136),
(39745, 3172),
(39746, 3187),
(39748, 3124),
(39749, 3114),
(39750, 3163),
(39751, 3167),
(39752, 3149),
(39753, 3106),
(39755, 3161),
(39756, 3137),
(39757, 3123),
(39758, 3152),
(39759, 3200),
(39760, 3117),
(39762, 3136),
(39763, 3158),
(39764, 3155),
(39765, 3150),
(39766, 3125),
(39767, 3122),
(39769, 3102),
(39770, 3132),
(39771, 3144),
(39772, 3125),
(39773, 3151),
(39774, 3156),
(39776, 3115),
(39777, 3144),
(39778, 3147),
(39779, 3103),
(39780, 3177),
(39781, 3152),
(39783, 3179),
(39784, 3126),
(39785, 3151),
(39786, 3166),
(39787, 3128),
(39788, 3128),
(39790, 3179),
(39791, 3103),
(39792, 3200),
(39793, 3131),
(39794, 3199),
(39795, 3192),
(39797, 3191),
(39798, 3136),
(39799, 3169),
(39800, 3129),
(39801, 3130),
(39802, 3173),
(39804, 3177),
(39805, 3105),
(39806, 3134),
(39807, 3141),
(39808, 3119),
(39809, 3106),
(39811, 3164),
(39812, 3158),
(39813, 3171),
(39814, 3150),
(39815, 3109),
(39816, 3200),
(39818, 3122),
(39819, 3191),
(39820, 3182),
(39821, 3156),
(39822, 3109),
(39823, 3176),
(39825, 3179),
(39826, 3170),
(39827, 3186),
(39828, 3170),
(39829, 3114),
(39830, 3143),
(39832, 3117),
(39833, 3132),
(39834, 3166),
(39835, 3182),
(39836, 3131),
(39837, 3163),
(39839, 3134),
(39840, 3154),
(39841, 3166),
(39842, 3159),
(39843, 3176),
(39844, 3115),
(39846, 3185),
(39847, 3178),
(39848, 3164),
(39849, 3133),
(39850, 3153),
(39851, 3111),
(39853, 3107),
(39854, 3189),
(39855, 3184),
(39856, 3167),
(39857, 3183),
(39858, 3188),
(39860, 3116),
(39861, 3143),
(39862, 3120),
(39863, 3134),
(39864, 3179),
(39865, 3200),
(39867, 3166),
(39868, 3156),
(39869, 3145),
(39870, 3103),
(39871, 3160),
(39872, 3126),
(39874, 3134),
(39875, 3144),
(39876, 3150),
(39877, 3164),
(39878, 3149),
(39879, 3191),
(39881, 3145),
(39882, 3107),
(39883, 3169),
(39884, 3168),
(39885, 3142),
(39886, 3108),
(39888, 3128),
(39889, 3153),
(39890, 3116),
(39891, 3178),
(39892, 3190),
(39893, 3133),
(39895, 3156),
(39896, 3173),
(39897, 3184),
(39898, 3165),
(39899, 3123),
(39900, 3136),
(39902, 3139),
(39903, 3200),
(39904, 3102),
(39905, 3163),
(39906, 3149),
(39907, 3141),
(39909, 3188),
(39910, 3123),
(39911, 3137),
(39912, 3146),
(39913, 3175),
(39914, 3187),
(39916, 3107),
(39917, 3147),
(39918, 3121),
(39919, 3104),
(39920, 3106),
(39921, 3172),
(39923, 3148),
(39924, 3191),
(39925, 3166),
(39926, 3146),
(39927, 3142),
(39928, 3164),
(39930, 3176),
(39931, 3147),
(39932, 3108),
(39933, 3151),
(39934, 3130),
(39935, 3156),
(39937, 3109),
(39938, 3176),
(39939, 3125),
(39940, 3145),
(39941, 3163),
(39942, 3108),
(39944, 3193),
(39945, 3120),
(39946, 3111),
(39947, 3114),
(39948, 3159),
(39949, 3121),
(39951, 3151),
(39952, 3148),
(39953, 3133),
(39954, 3140),
(39955, 3174),
(39956, 3173),
(39958, 3166),
(39959, 3112),
(39960, 3198),
(39961, 3198),
(39962, 3109),
(39963, 3153),
(39965, 3173),
(39966, 3133),
(39967, 3142),
(39968, 3147),
(39969, 3141),
(39970, 3193),
(39972, 3124),
(39973, 3117),
(39974, 3147),
(39975, 3153),
(39976, 3187),
(39977, 3139),
(39979, 3158),
(39980, 3162),
(39981, 3114),
(39982, 3182),
(39983, 3123),
(39984, 3197),
(39986, 3131),
(39987, 3135),
(39988, 3200),
(39989, 3199),
(39990, 3138),
(39991, 3112),
(39993, 3116),
(39994, 3115),
(39995, 3112),
(39996, 3166),
(39997, 3196),
(39998, 3161),
(40000, 3107),
(40001, 3128),
(40002, 3157),
(40003, 3105),
(40004, 3128),
(40005, 3126),
(40007, 3161),
(40008, 3179),
(40009, 3163),
(40010, 3155),
(40011, 3159),
(40012, 3128),
(40014, 3147),
(40015, 3169),
(40016, 3108),
(40017, 3174),
(40018, 3181),
(40019, 3180),
(40021, 3198),
(40022, 3143),
(40023, 3111),
(40024, 3173),
(40025, 3157),
(40026, 3197),
(40028, 3178),
(40029, 3157),
(40030, 3102),
(40031, 3126),
(40032, 3136),
(40033, 3186),
(40035, 3109),
(40036, 3105),
(40037, 3114),
(40038, 3122),
(40039, 3148),
(40040, 3136),
(40042, 3150),
(40043, 3140),
(40044, 3112),
(40045, 3187),
(40046, 3144),
(40047, 3168),
(40049, 3110),
(40050, 3190),
(40051, 3184),
(40052, 3181),
(40053, 3129),
(40054, 3124),
(40056, 3117),
(40057, 3179),
(40058, 3198),
(40059, 3157),
(40060, 3118),
(40061, 3155),
(40063, 3150),
(40064, 3160),
(40065, 3124),
(40066, 3131),
(40067, 3110),
(40068, 3162),
(40070, 3197),
(40071, 3197),
(40072, 3107),
(40073, 3171),
(40074, 3172),
(40075, 3125),
(40077, 3181),
(40078, 3168),
(40079, 3133),
(40080, 3171),
(40081, 3193),
(40082, 3152),
(40084, 3188),
(40085, 3160),
(40086, 3165),
(40087, 3158),
(40088, 3122),
(40089, 3193),
(40091, 3153),
(40092, 3151),
(40093, 3168),
(40094, 3116),
(40095, 3146),
(40096, 3117),
(40098, 3129),
(40099, 3149),
(40100, 3110),
(40101, 3128),
(40102, 3185),
(40103, 3171),
(40105, 3128),
(40106, 3178),
(40107, 3172),
(40108, 3145),
(40109, 3129),
(40110, 3188),
(40112, 3135),
(40113, 3175),
(40114, 3150),
(40115, 3140),
(40116, 3145),
(40117, 3119),
(40119, 3145),
(40120, 3101),
(40121, 3114),
(40122, 3128),
(40123, 3148),
(40124, 3196),
(40126, 3197),
(40127, 3176),
(40128, 3169),
(40129, 3169),
(40130, 3171),
(40131, 3145),
(40133, 3195),
(40134, 3183),
(40135, 3151);

-- --------------------------------------------------------

--
-- Structure de la table `user_comic`
--

CREATE TABLE `user_comic` (
  `user_id` int(11) NOT NULL,
  `comic_id` int(11) NOT NULL
) ENGINE=InnoDB DEFAULT CHARSET=utf8mb4 COLLATE=utf8mb4_unicode_ci;

--
-- Déchargement des données de la table `user_comic`
--

INSERT INTO `user_comic` (`user_id`, `comic_id`) VALUES
(39636, 3594),
(39637, 3562),
(39638, 3522),
(39640, 3551),
(39641, 3542),
(39642, 3563),
(39644, 3519),
(39645, 3543),
(39646, 3574),
(39648, 3532),
(39649, 3600),
(39650, 3531),
(39652, 3573),
(39653, 3570),
(39654, 3577),
(39656, 3574),
(39657, 3530),
(39658, 3589),
(39660, 3521),
(39661, 3502),
(39662, 3517),
(39664, 3545),
(39665, 3586),
(39666, 3550),
(39668, 3527),
(39669, 3570),
(39670, 3549),
(39672, 3530),
(39673, 3546),
(39674, 3580),
(39676, 3506),
(39677, 3522),
(39678, 3544),
(39680, 3597),
(39681, 3507),
(39682, 3510),
(39684, 3516),
(39685, 3582),
(39686, 3504),
(39688, 3529),
(39689, 3577),
(39690, 3504),
(39692, 3543),
(39693, 3555),
(39694, 3520),
(39696, 3503),
(39697, 3535),
(39698, 3524),
(39700, 3563),
(39701, 3503),
(39702, 3545),
(39704, 3537),
(39705, 3542),
(39706, 3544),
(39708, 3600),
(39709, 3592),
(39710, 3506),
(39712, 3522),
(39713, 3523),
(39714, 3501),
(39716, 3536),
(39717, 3577),
(39718, 3564),
(39720, 3533),
(39721, 3589),
(39722, 3517),
(39724, 3568),
(39725, 3523),
(39726, 3550),
(39728, 3510),
(39729, 3541),
(39730, 3540),
(39732, 3578),
(39733, 3543),
(39734, 3540),
(39736, 3515),
(39737, 3570),
(39738, 3501),
(39740, 3518),
(39741, 3506),
(39742, 3552),
(39744, 3535),
(39745, 3552),
(39746, 3514),
(39748, 3550),
(39749, 3593),
(39750, 3592),
(39752, 3508),
(39753, 3524),
(39754, 3558),
(39756, 3566),
(39757, 3547),
(39758, 3560),
(39760, 3513),
(39761, 3550),
(39762, 3564),
(39764, 3584),
(39765, 3536),
(39766, 3551),
(39768, 3527),
(39769, 3533),
(39770, 3524),
(39772, 3551),
(39773, 3552),
(39774, 3551),
(39776, 3530),
(39777, 3522),
(39778, 3590),
(39780, 3573),
(39781, 3532),
(39782, 3586),
(39784, 3576),
(39785, 3593),
(39786, 3534),
(39788, 3560),
(39789, 3530),
(39790, 3595),
(39792, 3571),
(39793, 3564),
(39794, 3554),
(39796, 3575),
(39797, 3561),
(39798, 3549),
(39800, 3507),
(39801, 3544),
(39802, 3581),
(39804, 3511),
(39805, 3562),
(39806, 3507),
(39808, 3537),
(39809, 3523),
(39810, 3568),
(39812, 3539),
(39813, 3502),
(39814, 3582),
(39816, 3570),
(39817, 3594),
(39818, 3568),
(39820, 3501),
(39821, 3569),
(39822, 3566),
(39824, 3566),
(39825, 3541),
(39826, 3506),
(39828, 3580),
(39829, 3562),
(39830, 3591),
(39832, 3583),
(39833, 3579),
(39834, 3568),
(39836, 3590),
(39837, 3514),
(39838, 3563),
(39840, 3537),
(39841, 3563),
(39842, 3513),
(39844, 3544),
(39845, 3501),
(39846, 3563),
(39848, 3510),
(39849, 3546),
(39850, 3523),
(39852, 3551),
(39853, 3566),
(39854, 3577),
(39856, 3520),
(39857, 3586),
(39858, 3570),
(39860, 3597),
(39861, 3588),
(39862, 3507),
(39864, 3558),
(39865, 3566),
(39866, 3525),
(39868, 3522),
(39869, 3587),
(39870, 3564),
(39872, 3553),
(39873, 3547),
(39874, 3589),
(39876, 3544),
(39877, 3528),
(39878, 3588),
(39880, 3527),
(39881, 3571),
(39882, 3589),
(39884, 3502),
(39885, 3554),
(39886, 3579),
(39888, 3505),
(39889, 3583),
(39890, 3597),
(39892, 3570),
(39893, 3588),
(39894, 3561),
(39896, 3534),
(39897, 3512),
(39898, 3527),
(39900, 3514),
(39901, 3548),
(39902, 3555),
(39904, 3580),
(39905, 3524),
(39906, 3512),
(39908, 3584),
(39909, 3592),
(39910, 3509),
(39912, 3563),
(39913, 3542),
(39914, 3593),
(39916, 3543),
(39917, 3502),
(39918, 3565),
(39920, 3518),
(39921, 3524),
(39922, 3586),
(39924, 3511),
(39925, 3528),
(39926, 3510),
(39928, 3520),
(39929, 3570),
(39930, 3524),
(39932, 3542),
(39933, 3541),
(39934, 3513),
(39936, 3506),
(39937, 3542),
(39938, 3533),
(39940, 3537),
(39941, 3518),
(39942, 3590),
(39944, 3597),
(39945, 3505),
(39946, 3512),
(39948, 3563),
(39949, 3560),
(39950, 3594),
(39952, 3596),
(39953, 3524),
(39954, 3596),
(39956, 3561),
(39957, 3588),
(39958, 3562),
(39960, 3589),
(39961, 3521),
(39962, 3517),
(39964, 3578),
(39965, 3540),
(39966, 3507),
(39968, 3577),
(39969, 3503),
(39970, 3547),
(39972, 3577),
(39973, 3531),
(39974, 3534),
(39976, 3516),
(39977, 3583),
(39978, 3530),
(39980, 3558),
(39981, 3543),
(39982, 3593),
(39984, 3507),
(39985, 3516),
(39986, 3571),
(39988, 3517),
(39989, 3589),
(39990, 3586),
(39992, 3581),
(39993, 3517),
(39994, 3530),
(39996, 3564),
(39997, 3591),
(39998, 3567),
(40000, 3536),
(40001, 3518),
(40002, 3598),
(40004, 3582),
(40005, 3537),
(40006, 3595),
(40008, 3552),
(40009, 3505),
(40010, 3524),
(40012, 3594),
(40013, 3531),
(40014, 3600),
(40016, 3523),
(40017, 3532),
(40018, 3553),
(40020, 3550),
(40021, 3531),
(40022, 3531),
(40024, 3533),
(40025, 3543),
(40026, 3506),
(40028, 3531),
(40029, 3526),
(40030, 3567),
(40032, 3595),
(40033, 3559),
(40034, 3581),
(40036, 3594),
(40037, 3531),
(40038, 3598),
(40040, 3578),
(40041, 3565),
(40042, 3572),
(40044, 3501),
(40045, 3566),
(40046, 3594),
(40048, 3523),
(40049, 3557),
(40050, 3510),
(40052, 3563),
(40053, 3564),
(40054, 3548),
(40056, 3567),
(40057, 3505),
(40058, 3535),
(40060, 3584),
(40061, 3511),
(40062, 3536),
(40064, 3578),
(40065, 3541),
(40066, 3557),
(40068, 3565),
(40069, 3598),
(40070, 3599),
(40072, 3586),
(40073, 3564),
(40074, 3565),
(40076, 3551),
(40077, 3536),
(40078, 3581),
(40080, 3589),
(40081, 3544),
(40082, 3518),
(40084, 3521),
(40085, 3536),
(40086, 3560),
(40088, 3575),
(40089, 3506),
(40090, 3593),
(40092, 3580),
(40093, 3600),
(40094, 3533),
(40096, 3521),
(40097, 3591),
(40098, 3537),
(40100, 3504),
(40101, 3518),
(40102, 3599),
(40104, 3508),
(40105, 3558),
(40106, 3583),
(40108, 3539),
(40109, 3543),
(40110, 3506),
(40112, 3517),
(40113, 3579),
(40114, 3583),
(40116, 3583),
(40117, 3550),
(40118, 3504),
(40120, 3507),
(40121, 3568),
(40122, 3532),
(40124, 3560),
(40125, 3575),
(40126, 3575),
(40128, 3572),
(40129, 3533),
(40130, 3503),
(40132, 3539),
(40133, 3566),
(40134, 3558);

-- --------------------------------------------------------

--
-- Structure de la table `user_manga`
--

CREATE TABLE `user_manga` (
  `user_id` int(11) NOT NULL,
  `manga_id` int(11) NOT NULL
) ENGINE=InnoDB DEFAULT CHARSET=utf8mb4 COLLATE=utf8mb4_unicode_ci;

--
-- Déchargement des données de la table `user_manga`
--

INSERT INTO `user_manga` (`user_id`, `manga_id`) VALUES
(39636, 3613),
(39637, 3531),
(39638, 3598),
(39639, 3565),
(39641, 3619),
(39642, 3573),
(39643, 3602),
(39644, 3606),
(39646, 3550),
(39647, 3555),
(39648, 3613),
(39649, 3565),
(39651, 3592),
(39652, 3581),
(39653, 3574),
(39654, 3575),
(39656, 3552),
(39657, 3618),
(39658, 3578),
(39659, 3592),
(39661, 3573),
(39662, 3621),
(39663, 3567),
(39664, 3618),
(39666, 3541),
(39667, 3568),
(39668, 3616),
(39669, 3568),
(39671, 3579),
(39672, 3571),
(39673, 3618),
(39674, 3560),
(39676, 3569),
(39677, 3538),
(39678, 3608),
(39679, 3626),
(39681, 3575),
(39682, 3569),
(39683, 3569),
(39684, 3596),
(39686, 3599),
(39687, 3533),
(39688, 3592),
(39689, 3563),
(39691, 3613),
(39692, 3577),
(39693, 3554),
(39694, 3580),
(39696, 3620),
(39697, 3586),
(39698, 3586),
(39699, 3596),
(39701, 3599),
(39702, 3584),
(39703, 3613),
(39704, 3624),
(39706, 3588),
(39707, 3606),
(39708, 3615),
(39709, 3581),
(39711, 3531),
(39712, 3544),
(39713, 3569),
(39714, 3585),
(39716, 3569),
(39717, 3541),
(39718, 3556),
(39719, 3610),
(39721, 3531),
(39722, 3562),
(39723, 3579),
(39724, 3610),
(39726, 3623),
(39727, 3545),
(39728, 3556),
(39729, 3573),
(39731, 3629),
(39732, 3623),
(39733, 3617),
(39734, 3559),
(39736, 3581),
(39737, 3592),
(39738, 3535),
(39739, 3598),
(39741, 3564),
(39742, 3622),
(39743, 3566),
(39744, 3587),
(39746, 3539),
(39747, 3531),
(39748, 3599),
(39749, 3578),
(39751, 3577),
(39752, 3615),
(39753, 3579),
(39754, 3545),
(39756, 3576),
(39757, 3608),
(39758, 3626),
(39759, 3557),
(39761, 3538),
(39762, 3603),
(39763, 3549),
(39764, 3594),
(39766, 3607),
(39767, 3606),
(39768, 3599),
(39769, 3606),
(39771, 3547),
(39772, 3598),
(39773, 3594),
(39774, 3586),
(39776, 3583),
(39777, 3568),
(39778, 3613),
(39779, 3568),
(39781, 3546),
(39782, 3614),
(39783, 3604),
(39784, 3591),
(39786, 3548),
(39787, 3559),
(39788, 3539),
(39789, 3629),
(39791, 3620),
(39792, 3611),
(39793, 3583),
(39794, 3622),
(39796, 3536),
(39797, 3599),
(39798, 3610),
(39799, 3613),
(39801, 3542),
(39802, 3593),
(39803, 3597),
(39804, 3596),
(39806, 3586),
(39807, 3541),
(39808, 3567),
(39809, 3606),
(39811, 3610),
(39812, 3575),
(39813, 3587),
(39814, 3607),
(39816, 3614),
(39817, 3555),
(39818, 3608),
(39819, 3536),
(39821, 3597),
(39822, 3590),
(39823, 3534),
(39824, 3563),
(39826, 3608),
(39827, 3602),
(39828, 3549),
(39829, 3603),
(39831, 3613),
(39832, 3571),
(39833, 3573),
(39834, 3577),
(39836, 3602),
(39837, 3561),
(39838, 3567),
(39839, 3577),
(39841, 3612),
(39842, 3572),
(39843, 3603),
(39844, 3540),
(39846, 3570),
(39847, 3627),
(39848, 3616),
(39849, 3563),
(39851, 3545),
(39852, 3543),
(39853, 3564),
(39854, 3604),
(39856, 3584),
(39857, 3540),
(39858, 3531),
(39859, 3584),
(39861, 3563),
(39862, 3531),
(39863, 3541),
(39864, 3550),
(39866, 3582),
(39867, 3613),
(39868, 3539),
(39869, 3612),
(39871, 3618),
(39872, 3563),
(39873, 3541),
(39874, 3626),
(39876, 3583),
(39877, 3619),
(39878, 3568),
(39879, 3558),
(39881, 3571),
(39882, 3576),
(39883, 3559),
(39884, 3559),
(39886, 3535),
(39887, 3572),
(39888, 3574),
(39889, 3605),
(39891, 3591),
(39892, 3545),
(39893, 3593),
(39894, 3533),
(39896, 3625),
(39897, 3571),
(39898, 3551),
(39899, 3596),
(39901, 3557),
(39902, 3607),
(39903, 3573),
(39904, 3570),
(39906, 3627),
(39907, 3626),
(39908, 3534),
(39909, 3579),
(39911, 3534),
(39912, 3572),
(39913, 3609),
(39914, 3575),
(39916, 3604),
(39917, 3573),
(39918, 3588),
(39919, 3577),
(39921, 3557),
(39922, 3620),
(39923, 3541),
(39924, 3574),
(39926, 3603),
(39927, 3607),
(39928, 3583),
(39929, 3546),
(39931, 3624),
(39932, 3537),
(39933, 3587),
(39934, 3537),
(39936, 3584),
(39937, 3544),
(39938, 3536),
(39939, 3536),
(39941, 3549),
(39942, 3630),
(39943, 3601),
(39944, 3598),
(39946, 3583),
(39947, 3621),
(39948, 3602),
(39949, 3562),
(39951, 3575),
(39952, 3619),
(39953, 3560),
(39954, 3543),
(39956, 3623),
(39957, 3623),
(39958, 3625),
(39959, 3542),
(39961, 3618),
(39962, 3580),
(39963, 3562),
(39964, 3625),
(39966, 3540),
(39967, 3630),
(39968, 3624),
(39969, 3610),
(39971, 3531),
(39972, 3617),
(39973, 3624),
(39974, 3607),
(39976, 3622),
(39977, 3534),
(39978, 3612),
(39979, 3563),
(39981, 3592),
(39982, 3557),
(39983, 3622),
(39984, 3595),
(39986, 3606),
(39987, 3603),
(39988, 3564),
(39989, 3619),
(39991, 3576),
(39992, 3568),
(39993, 3613),
(39994, 3542),
(39996, 3621),
(39997, 3558),
(39998, 3618),
(39999, 3611),
(40001, 3598),
(40002, 3565),
(40003, 3581),
(40004, 3550),
(40006, 3623),
(40007, 3561),
(40008, 3577),
(40009, 3614),
(40011, 3557),
(40012, 3536),
(40013, 3563),
(40014, 3600),
(40016, 3542),
(40017, 3569),
(40018, 3623),
(40019, 3609),
(40021, 3559),
(40022, 3554),
(40023, 3627),
(40024, 3546),
(40026, 3579),
(40027, 3576),
(40028, 3558),
(40029, 3620),
(40031, 3584),
(40032, 3629),
(40033, 3595),
(40034, 3625),
(40036, 3537),
(40037, 3613),
(40038, 3563),
(40039, 3602),
(40041, 3560),
(40042, 3541),
(40043, 3598),
(40044, 3586),
(40046, 3611),
(40047, 3601),
(40048, 3549),
(40049, 3596),
(40051, 3584),
(40052, 3570),
(40053, 3578),
(40054, 3605),
(40056, 3621),
(40057, 3545),
(40058, 3590),
(40059, 3588),
(40061, 3537),
(40062, 3582),
(40063, 3551),
(40064, 3593),
(40066, 3549),
(40067, 3564),
(40068, 3570),
(40069, 3577),
(40071, 3556),
(40072, 3601),
(40073, 3605),
(40074, 3630),
(40076, 3605),
(40077, 3622),
(40078, 3562),
(40079, 3603),
(40081, 3605),
(40082, 3564),
(40083, 3619),
(40084, 3589),
(40086, 3537),
(40087, 3568),
(40088, 3570),
(40089, 3611),
(40091, 3562),
(40092, 3536),
(40093, 3533),
(40094, 3628),
(40096, 3622),
(40097, 3562),
(40098, 3575),
(40099, 3574),
(40101, 3555),
(40102, 3554),
(40103, 3571),
(40104, 3596),
(40106, 3567),
(40107, 3630),
(40108, 3573),
(40109, 3586),
(40111, 3547),
(40112, 3627),
(40113, 3532),
(40114, 3598),
(40116, 3593),
(40117, 3603),
(40118, 3532),
(40119, 3582),
(40121, 3622),
(40122, 3572),
(40123, 3537),
(40124, 3568),
(40126, 3563),
(40127, 3627),
(40128, 3582),
(40129, 3602),
(40131, 3591),
(40132, 3556),
(40133, 3534),
(40134, 3626);

-- --------------------------------------------------------

--
-- Structure de la table `user_video_game`
--

CREATE TABLE `user_video_game` (
  `user_id` int(11) NOT NULL,
  `video_game_id` int(11) NOT NULL
) ENGINE=InnoDB DEFAULT CHARSET=utf8mb4 COLLATE=utf8mb4_unicode_ci;

--
-- Déchargement des données de la table `user_video_game`
--

INSERT INTO `user_video_game` (`user_id`, `video_game_id`) VALUES
(39636, 2289),
(39637, 2295),
(39639, 2270),
(39640, 2276),
(39642, 2323),
(39643, 2310),
(39645, 2331),
(39646, 2309),
(39648, 2342),
(39649, 2315),
(39651, 2292),
(39652, 2342),
(39654, 2333),
(39655, 2310),
(39657, 2279),
(39658, 2327),
(39660, 2335),
(39661, 2261),
(39663, 2328),
(39664, 2320),
(39666, 2322),
(39667, 2267),
(39669, 2299),
(39670, 2270),
(39672, 2259),
(39673, 2350),
(39675, 2280),
(39676, 2316),
(39678, 2269),
(39679, 2261),
(39681, 2333),
(39682, 2259),
(39684, 2318),
(39685, 2324),
(39687, 2328),
(39688, 2297),
(39690, 2272),
(39691, 2263),
(39693, 2265),
(39694, 2287),
(39696, 2320),
(39697, 2269),
(39699, 2251),
(39700, 2303),
(39702, 2336),
(39703, 2258),
(39705, 2266),
(39706, 2303),
(39708, 2288),
(39709, 2297),
(39711, 2299),
(39712, 2295),
(39714, 2299),
(39715, 2253),
(39717, 2343),
(39718, 2257),
(39720, 2257),
(39721, 2332),
(39723, 2268),
(39724, 2253),
(39726, 2255),
(39727, 2275),
(39729, 2270),
(39730, 2307),
(39732, 2338),
(39733, 2323),
(39735, 2270),
(39736, 2293),
(39738, 2287),
(39739, 2266),
(39741, 2302),
(39742, 2290),
(39744, 2254),
(39745, 2319),
(39747, 2341),
(39748, 2285),
(39750, 2251),
(39751, 2258),
(39753, 2342),
(39754, 2278),
(39756, 2289),
(39757, 2295),
(39759, 2327),
(39760, 2257),
(39762, 2330),
(39763, 2316),
(39765, 2310),
(39766, 2280),
(39768, 2326),
(39769, 2316),
(39771, 2327),
(39772, 2335),
(39774, 2289),
(39775, 2268),
(39777, 2299),
(39778, 2286),
(39780, 2316),
(39781, 2267),
(39783, 2274),
(39784, 2294),
(39786, 2268),
(39787, 2276),
(39789, 2312),
(39790, 2271),
(39792, 2333),
(39793, 2308),
(39795, 2252),
(39796, 2255),
(39798, 2320),
(39799, 2297),
(39801, 2321),
(39802, 2311),
(39804, 2268),
(39805, 2271),
(39807, 2254),
(39808, 2259),
(39810, 2311),
(39811, 2294),
(39813, 2288),
(39814, 2279),
(39816, 2289),
(39817, 2277),
(39819, 2307),
(39820, 2340),
(39822, 2319),
(39823, 2275),
(39825, 2315),
(39826, 2293),
(39828, 2328),
(39829, 2273),
(39831, 2256),
(39832, 2253),
(39834, 2334),
(39835, 2335),
(39837, 2320),
(39838, 2294),
(39840, 2283),
(39841, 2259),
(39843, 2272),
(39844, 2269),
(39846, 2276),
(39847, 2339),
(39849, 2299),
(39850, 2275),
(39852, 2294),
(39853, 2259),
(39855, 2317),
(39856, 2332),
(39858, 2277),
(39859, 2269),
(39861, 2319),
(39862, 2261),
(39864, 2329),
(39865, 2288),
(39867, 2263),
(39868, 2252),
(39870, 2328),
(39871, 2255),
(39873, 2317),
(39874, 2262),
(39876, 2329),
(39877, 2252),
(39879, 2339),
(39880, 2304),
(39882, 2321),
(39883, 2330),
(39885, 2273),
(39886, 2277),
(39888, 2329),
(39889, 2334),
(39891, 2333),
(39892, 2275),
(39894, 2267),
(39895, 2300),
(39897, 2330),
(39898, 2329),
(39900, 2341),
(39901, 2305),
(39903, 2305),
(39904, 2341),
(39906, 2300),
(39907, 2338),
(39909, 2332),
(39910, 2347),
(39912, 2309),
(39913, 2305),
(39915, 2324),
(39916, 2275),
(39918, 2287),
(39919, 2275),
(39921, 2319),
(39922, 2292),
(39924, 2268),
(39925, 2267),
(39927, 2332),
(39928, 2295),
(39930, 2342),
(39931, 2260),
(39933, 2338),
(39934, 2264),
(39936, 2299),
(39937, 2266),
(39939, 2305),
(39940, 2254),
(39942, 2305),
(39943, 2262),
(39945, 2280),
(39946, 2258),
(39948, 2345),
(39949, 2303),
(39951, 2312),
(39952, 2332),
(39954, 2270),
(39955, 2276),
(39957, 2295),
(39958, 2318),
(39960, 2292),
(39961, 2291),
(39963, 2305),
(39964, 2283),
(39966, 2277),
(39967, 2346),
(39969, 2265),
(39970, 2280),
(39972, 2317),
(39973, 2348),
(39975, 2288),
(39976, 2286),
(39978, 2261),
(39979, 2286),
(39981, 2304),
(39982, 2314),
(39984, 2264),
(39985, 2327),
(39987, 2301),
(39988, 2299),
(39990, 2316),
(39991, 2317),
(39993, 2321),
(39994, 2293),
(39996, 2254),
(39997, 2323),
(39999, 2311),
(40000, 2298),
(40002, 2304),
(40003, 2310),
(40005, 2338),
(40006, 2319),
(40008, 2256),
(40009, 2256),
(40011, 2264),
(40012, 2331),
(40014, 2344),
(40015, 2264),
(40017, 2251),
(40018, 2306),
(40020, 2327),
(40021, 2275),
(40023, 2327),
(40024, 2270),
(40026, 2326),
(40027, 2344),
(40029, 2336),
(40030, 2309),
(40032, 2304),
(40033, 2341),
(40035, 2251),
(40036, 2273),
(40038, 2313),
(40039, 2306),
(40041, 2296),
(40042, 2292),
(40044, 2346),
(40045, 2350),
(40047, 2325),
(40048, 2305),
(40050, 2317),
(40051, 2313),
(40053, 2336),
(40054, 2281),
(40056, 2342),
(40057, 2270),
(40059, 2344),
(40060, 2282),
(40062, 2341),
(40063, 2301),
(40065, 2290),
(40066, 2273),
(40068, 2288),
(40069, 2309),
(40071, 2309),
(40072, 2295),
(40074, 2294),
(40075, 2260),
(40077, 2263),
(40078, 2290),
(40080, 2328),
(40081, 2323),
(40083, 2326),
(40084, 2318),
(40086, 2263),
(40087, 2345),
(40089, 2275),
(40090, 2295),
(40092, 2255),
(40093, 2280),
(40095, 2259),
(40096, 2323),
(40098, 2332),
(40099, 2265),
(40101, 2279),
(40102, 2274),
(40104, 2329),
(40105, 2273),
(40107, 2340),
(40108, 2301),
(40110, 2279),
(40111, 2332),
(40113, 2283),
(40114, 2304),
(40116, 2333),
(40117, 2263),
(40119, 2263),
(40120, 2319),
(40122, 2302),
(40123, 2325),
(40125, 2342),
(40126, 2320),
(40128, 2298),
(40129, 2295),
(40131, 2275),
(40132, 2260),
(40134, 2293),
(40135, 2307);

-- --------------------------------------------------------

--
-- Structure de la table `video_game`
--

CREATE TABLE `video_game` (
  `id` int(11) NOT NULL,
  `category_id` int(11) NOT NULL,
  `name` varchar(50) COLLATE utf8mb4_unicode_ci NOT NULL,
  `description` longtext COLLATE utf8mb4_unicode_ci NOT NULL,
  `picture` varchar(255) COLLATE utf8mb4_unicode_ci NOT NULL
) ENGINE=InnoDB DEFAULT CHARSET=utf8mb4 COLLATE=utf8mb4_unicode_ci;

--
-- Déchargement des données de la table `video_game`
--

INSERT INTO `video_game` (`id`, `category_id`, `name`, `description`, `picture`) VALUES
(2251, 965, 'sit nam', 'Odio non in quae sit et vel. Ducimus officiis facilis nisi rerum. Consectetur cum sunt ea accusamus nobis amet qui eum. Omnis dicta beatae et.', 'https://letempscompere.fr/wp-content/uploads/2021/08/KyBRbcz5wCqPrdr7QFfUniEg-2048x1536.webp'),
(2252, 978, 'cumque qui sit nemo', 'Sapiente eos ut voluptatem nam vel vel. Nesciunt nemo ducimus corporis dolore repellendus ipsum ipsa. Et explicabo sint ab et placeat corporis et. Laudantium et velit neque non. Cum inventore beatae qui sunt. Eos facilis doloribus dolores dolores atque quibusdam enim saepe. Non minus autem rerum.', 'https://paradoxetemporel.fr/wp-content/uploads/2020/06/jaquette-the-last-of-us-part-2.jpg'),
(2253, 967, 'dignissimos adipisci', 'Tempora sint ut excepturi nihil suscipit ut aut. Laboriosam blanditiis iste nemo ipsa quod possimus sunt. Quaerat labore ratione rerum vitae. Deleniti dicta a in qui ipsum similique.', 'https://image.jeuxvideo.com/medias/163187/1631865000-7055-jaquette-avant.jpg'),
(2254, 966, 'est', 'Veritatis incidunt eius expedita quas et consectetur quisquam. Reprehenderit quo cumque quis nihil animi beatae. Architecto praesentium suscipit aliquid minus rerum asperiores.', 'https://image.jeuxvideo.com/medias/163187/1631865000-7055-jaquette-avant.jpg'),
(2255, 974, 'ipsa aperiam', 'Tenetur officia quibusdam ut itaque ea debitis nemo ipsum. Nisi magni velit et et eveniet perferendis dicta. Itaque praesentium possimus ut dolore enim maiores. Est rerum reprehenderit debitis dolor. Impedit non quia rem nihil nemo sint. Qui natus natus ea aut et ut aut.', 'https://image.jeuxvideo.com/medias/163335/1633353168-8875-jaquette-avant.gif'),
(2256, 970, 'saepe qui ea', 'Quod quidem excepturi id necessitatibus. Culpa et sunt aut ratione sint aut molestiae et. Distinctio blanditiis nihil facere rerum et et nihil.', 'https://image.jeuxvideo.com/medias/163299/1632989749-6428-jaquette-avant.gif'),
(2257, 967, 'est', 'Sed accusantium quo porro nam quo enim odit. Modi modi cupiditate doloremque neque. Aut velit et alias non quos. Non aut et consequatur quis maxime est ut.', 'https://image.jeuxvideo.com/medias/163162/1631620218-5546-jaquette-avant.gif'),
(2258, 982, 'soluta nesciunt cum', 'Minima maxime laborum quos qui vero reprehenderit. Similique aut illum enim atque quae incidunt minima molestiae. Sint sit aliquam iste sit. Ad quo voluptatum est facilis fugit non repellat non.', 'https://media.senscritique.com/media/000020040912/source_big/Resident_Evil_Village.png'),
(2259, 982, 'repellat rerum', 'Quod aliquam aut adipisci repudiandae sequi repellendus. Quibusdam qui et et velit. Magni voluptatibus consequuntur modi iusto magnam cumque maiores.', 'https://image.jeuxvideo.com/medias/159542/1595423317-2836-jaquette-avant.png'),
(2260, 969, 'ut maxime est voluptatibus', 'Est fuga vero debitis dolores. Consequatur eum iste delectus nobis omnis vel odit.', 'https://image.jeuxvideo.com/medias/163299/1632989599-6459-jaquette-avant.gif'),
(2261, 975, 'illo', 'Repudiandae similique possimus qui ipsam nisi. Et dolor doloremque fugiat quis quisquam et fuga. Consequatur aspernatur temporibus dolor ad. Sapiente nam nulla voluptas dolores. Ut sed explicabo est. Velit quis recusandae ut. Mollitia expedita ex sit doloribus mollitia repellendus.', 'https://image.jeuxvideo.com/medias/163214/1632142889-7692-jaquette-avant.jpg'),
(2262, 974, 'perspiciatis', 'Neque qui et in perspiciatis sit laborum aperiam. Iste voluptas sed voluptatem odio deleniti molestiae sequi quia. Eius quibusdam et exercitationem unde laborum magnam sed nulla.', 'https://image.jeuxvideo.com/medias/163664/1636636223-8849-jaquette-avant.jpg'),
(2263, 980, 'delectus', 'Sint quos rerum est sit quia ipsam maiores. Eos consequatur vero dolore dolor nihil tempore maiores. Aut aut ullam nostrum omnis. Ut eum veritatis eum eligendi reiciendis quia. Quos perferendis ratione aspernatur at. Ut amet explicabo nisi id eum et.', 'https://image.jeuxvideo.com/medias/163299/1632989599-6459-jaquette-avant.gif'),
(2264, 978, 'accusantium nostrum', 'At in non qui quae amet. Et neque aliquid error aut neque quia. Tenetur est voluptatem sequi tempora qui deserunt ex.', 'https://image.jeuxvideo.com/medias/151689/1516893501-9622-jaquette-avant.jpg'),
(2265, 966, 'quo sed possimus', 'Placeat recusandae eum ipsum aut ut est architecto. Possimus quis in consequatur. Molestiae a nostrum voluptas itaque qui. Veniam vero qui qui officiis laboriosam. Delectus odit non rerum soluta sed veritatis cum. Mollitia veritatis aspernatur dolor ullam et adipisci.', 'https://image.jeuxvideo.com/medias/158826/1588264397-5261-jaquette-avant.jpg'),
(2266, 980, 'voluptate dolor', 'Libero vel accusantium commodi veritatis quo qui eius. Est debitis facilis enim omnis voluptatum unde dolor. Quaerat provident dicta atque in omnis reprehenderit. Ducimus officiis aliquid ut voluptas et quis et.', 'https://image.jeuxvideo.com/medias/159542/1595423317-2836-jaquette-avant.png'),
(2267, 980, 'incidunt impedit eos et', 'Qui quaerat enim exercitationem magni officiis ut dolores beatae. Excepturi delectus nostrum temporibus quam quis et voluptate. Consequatur aliquam rerum unde quos maiores maxime.', 'https://image.jeuxvideo.com/medias/149432/1494322310-8900-jaquette-avant.jpg'),
(2268, 982, 'nemo velit non', 'Ex voluptatem rerum neque pariatur deserunt sequi maxime. Dolorum praesentium fugit et deleniti quis. Quis voluptatem consequatur ab rerum architecto aliquid molestias possimus.', 'https://image.jeuxvideo.com/medias/163664/1636636223-8849-jaquette-avant.jpg'),
(2269, 966, 'assumenda tempore consectetur', 'Voluptatibus a numquam nihil voluptatem est qui vel. Ea ut eum accusantium recusandae ratione optio a. Nulla est excepturi eligendi quo et laborum. Culpa omnis debitis eaque voluptatem assumenda ratione. Magnam fugiat quibusdam sint consequatur in ad veritatis.', 'https://image.jeuxvideo.com/medias/159403/1594028554-187-jaquette-avant.jpg'),
(2270, 979, 'saepe tempora laborum', 'Reprehenderit voluptatem dolorem nulla. Dolorem ut autem occaecati voluptatem non magnam. Autem nemo nostrum minima qui. Illum voluptatum iusto et dicta accusantium aut.', 'https://image.jeuxvideo.com/medias/150166/1501664378-9988-jaquette-avant.jpg'),
(2271, 973, 'nostrum aut incidunt et', 'Totam impedit ratione non ab ipsum vero ut aut. Deserunt doloremque enim facere totam est. Quam hic distinctio quaerat tempora ducimus nesciunt cum distinctio. Expedita fugit illum consequatur doloribus. Quo facere nulla animi. Iure nemo et provident nihil qui.', 'https://image.jeuxvideo.com/medias/159542/1595423317-2836-jaquette-avant.png'),
(2272, 978, 'laudantium', 'Est qui maxime quis quis. Non velit dolore quaerat. Sed impedit sapiente ut. Iusto saepe voluptas nihil ducimus.', 'https://global-img.gamergen.com/red-dead-redemption-2-pc-mediamarkt_0900909672.jpg'),
(2273, 978, 'ut sint corporis', 'At impedit enim perferendis minus. Sed vel voluptatem esse officia adipisci ut alias. At aut cupiditate libero aliquam perferendis. Voluptatem et numquam voluptates rerum.', 'https://image.jeuxvideo.com/medias/163214/1632142889-7692-jaquette-avant.jpg'),
(2274, 980, 'expedita eos ad', 'Eius maiores sed vel totam quo quis. Excepturi laborum fuga adipisci incidunt in natus quo. Commodi voluptatum rerum veritatis ut. Laborum qui dignissimos quibusdam asperiores veniam at vitae odio.', 'https://image.jeuxvideo.com/medias/163154/1631535511-3744-jaquette-avant.jpg'),
(2275, 980, 'excepturi et quia', 'Qui minima eum reiciendis rerum et quibusdam recusandae. Qui eaque qui veritatis quia. Velit facilis sed ut. Et et culpa iure quaerat magnam. Tempore repellat nihil assumenda qui. Neque ipsam et eligendi est. Id labore et fugit earum. Aliquam aliquam rerum et illum maiores ut et placeat.', 'https://image.jeuxvideo.com/medias/163708/1637080607-7753-jaquette-avant.gif'),
(2276, 976, 'aut', 'Eos voluptates ut explicabo voluptatem. Harum voluptates quis asperiores rerum eum. Amet earum et fuga. Ipsum qui perspiciatis in qui. Laboriosam cupiditate commodi pariatur eligendi. Quam ut occaecati ullam et. Ducimus ea asperiores ducimus deserunt suscipit est.', 'https://image.jeuxvideo.com/medias/151689/1516893501-9622-jaquette-avant.jpg'),
(2277, 979, 'nam debitis enim numquam', 'Velit aspernatur deserunt minima maiores iusto et non. Velit odit ratione similique doloremque sequi ad quo. Iure quidem hic sequi sunt voluptas ut doloremque. Maxime ex aut porro et aut.', 'https://image.jeuxvideo.com/medias/148285/1482854953-4348-jaquette-avant.jpg'),
(2278, 971, 'mollitia', 'Et architecto sit at quos. Doloribus deserunt eum dignissimos consectetur. Est unde sint maiores quia est. Iure quidem quia perspiciatis earum et optio repellendus. Quas dolores dolor vero ad ab et numquam voluptatum. Et ipsam recusandae perferendis vel rerum.', 'https://image.jeuxvideo.com/medias/163664/1636636223-8849-jaquette-avant.jpg'),
(2279, 980, 'et alias ut', 'Quo et facilis id qui. Est non iure eos reprehenderit. Recusandae voluptas et iusto necessitatibus et. Asperiores ut ut dolorem illum molestias autem.', 'https://image.jeuxvideo.com/medias/163214/1632142889-7692-jaquette-avant.jpg'),
(2280, 978, 'et consequatur', 'Recusandae qui inventore quae est eos nesciunt distinctio assumenda. Non sunt fugiat deserunt est sequi doloribus asperiores. Omnis repudiandae placeat doloribus harum molestiae aliquam. Commodi fugit iste delectus.', 'https://paradoxetemporel.fr/wp-content/uploads/2020/06/jaquette-the-last-of-us-part-2.jpg'),
(2281, 970, 'et omnis', 'Fugiat quidem consectetur et et. Qui minus natus fuga expedita ipsum. Quisquam consequatur nihil eius eius at est. Modi similique veniam amet id voluptas delectus et nisi. Quibusdam suscipit voluptas nam vitae. Facilis fugiat laudantium fugit adipisci.', 'https://image.jeuxvideo.com/medias/152899/1528990462-7760-jaquette-avant.jpg'),
(2282, 980, 'fugit omnis corrupti error', 'Natus tempora et cum vero. Placeat ex incidunt qui molestiae. Tempora aperiam optio voluptatibus voluptas.', 'https://image.jeuxvideo.com/images/jaquettes/00027602/jaquette-league-of-legends-pc-cover-avant-g.jpg'),
(2283, 970, 'earum dolor eius', 'Saepe quas animi nihil et. Voluptas officiis recusandae corrupti voluptatibus. Quaerat totam mollitia ut. Aut quos rem illum ut nobis. Nihil sint velit quod deleniti. Nobis quibusdam dicta non. Aut quaerat voluptate non ab possimus quo tenetur.', 'https://image.jeuxvideo.com/medias/159403/1594028554-187-jaquette-avant.jpg'),
(2284, 973, 'vel quis', 'Deleniti optio dolores dolores. Molestias sequi laboriosam aut et quos ut. Deserunt rerum et dolor voluptatem. Praesentium facilis mollitia veritatis nihil soluta.', 'https://image.jeuxvideo.com/medias/163161/1631607413-3853-jaquette-avant.jpg'),
(2285, 977, 'sunt ut', 'Omnis necessitatibus pariatur tempora enim iste doloribus et. Nihil et qui eos aut mollitia enim dignissimos. Possimus consequuntur praesentium vel. Veniam ut eaque fuga.', 'https://image.jeuxvideo.com/medias-sm/163396/1633959248-729-jaquette-avant.gif'),
(2286, 982, 'commodi quis', 'Inventore ex autem dignissimos consequatur vero. Et voluptatum aut neque facere laborum. Nobis asperiores qui quia at dolorum dolores quo consectetur. Et dicta qui ex.', 'https://paradoxetemporel.fr/wp-content/uploads/2020/06/jaquette-the-last-of-us-part-2.jpg'),
(2287, 974, 'tempore nesciunt', 'Perferendis ut corrupti non eligendi veniam. In adipisci quia et sapiente atque qui delectus consequatur. Est ratione iure qui sed consequatur. Totam ut esse et autem.', 'https://image.jeuxvideo.com/medias/148285/1482854953-4348-jaquette-avant.jpg'),
(2288, 975, 'quisquam', 'Repellendus accusamus est quisquam. Voluptatem dolorum rerum reprehenderit est. Qui veniam est voluptas non eligendi et. Ut sed assumenda doloremque quisquam. Eligendi quia earum ea iste sint. Laboriosam ad tenetur culpa est quos magnam.', 'https://image.jeuxvideo.com/medias/163162/1631620218-5546-jaquette-avant.gif'),
(2289, 970, 'aut sint quia rerum', 'Amet non et eius voluptatem. Quisquam qui possimus ut et eos. Illo vero repellat optio ex nulla. Atque doloribus consequatur ullam officia et. Quos aut veritatis impedit quia nisi. Libero sit officiis dolor eum. Voluptas voluptatibus et odio sed iure.', 'https://image.jeuxvideo.com/medias/161616/1616164719-8684-jaquette-avant.jpg'),
(2290, 968, 'a', 'Id quos quod nam sit provident sint odit. Mollitia omnis laudantium laborum minus cumque minus ratione sit. Incidunt inventore voluptatum ad fuga modi. Impedit ab provident aut ut. Est nostrum est modi et.', 'https://image.jeuxvideo.com/medias/163299/1632989599-6459-jaquette-avant.gif'),
(2291, 979, 'corrupti sint', 'Dolor ad voluptates praesentium sed officia voluptatem repellat voluptatem. Beatae deserunt consequuntur earum nemo optio aut qui. Et optio a dolore maiores rerum. In ipsam commodi qui voluptas facilis. Excepturi non consequatur harum esse. Saepe et fugit fuga atque est.', 'https://image.jeuxvideo.com/medias/159542/1595423317-2836-jaquette-avant.png'),
(2292, 974, 'placeat', 'Laudantium porro qui labore molestiae odit ad quia. Nostrum incidunt blanditiis mollitia. Veritatis tempore blanditiis et quisquam. Nulla ut tenetur numquam nesciunt sequi.', 'https://image.jeuxvideo.com/images/jaquettes/00048634/jaquette-les-sims-4-pc-cover-avant-g-1409904702.jpg'),
(2293, 971, 'et corrupti voluptatem', 'Quia accusamus ut provident aut voluptas quas et. Rem cumque sed qui similique quo dolorem. Aut sint ullam quos qui dolorum dolorem. Tempora et reiciendis corporis tenetur ullam.', 'https://image.jeuxvideo.com/medias/142247/1422469608-7141-jaquette-avant.jpg'),
(2294, 973, 'nulla exercitationem', 'Harum ipsum dolorum voluptatem aut laboriosam. Quod in et qui omnis perferendis et in et. Quae totam sed inventore.', 'https://paradoxetemporel.fr/wp-content/uploads/2020/06/jaquette-the-last-of-us-part-2.jpg'),
(2295, 970, 'possimus quidem vel debitis', 'Vero laborum repellat quia earum aut voluptas cupiditate. Et magni adipisci vero aliquid maiores aut. Et velit placeat aspernatur sed quod est expedita.', 'https://image.jeuxvideo.com/medias/159542/1595423317-2836-jaquette-avant.png'),
(2296, 964, 'et at', 'Cupiditate possimus aut quo rerum et similique. Doloribus quibusdam id aut dolorum sunt. Quia vero commodi dolorem similique sit. Totam et fuga distinctio aliquam aperiam. Vel quod explicabo non dolores maxime nam. Porro sunt sed omnis odit ipsa delectus et. Itaque in quidem et.', 'https://image.jeuxvideo.com/medias/163214/1632143636-6808-jaquette-avant.jpg'),
(2297, 981, 'id', 'Id tempore omnis ut error. Sed dolorem est qui sint qui. Temporibus eum assumenda tempore facere. Quasi ab libero cum sit neque dolor quos. Non sit rerum reiciendis iure. Eos ipsam dolores odio. Excepturi distinctio excepturi temporibus doloribus.', 'https://image.jeuxvideo.com/medias/163214/1632143636-6808-jaquette-avant.jpg'),
(2298, 975, 'quis ex sit', 'Ut veritatis nulla eius harum occaecati ratione. Ea sapiente assumenda nam id. Et aliquam iste ex aut autem debitis. Quibusdam in qui maxime velit quisquam nulla.', 'https://image.jeuxvideo.com/medias/163187/1631865000-7055-jaquette-avant.jpg'),
(2299, 970, 'quia ad', 'Occaecati eos repudiandae est quam molestiae. Non pariatur ab adipisci impedit fugit autem officiis. Sapiente laboriosam odit accusantium earum quas non.', 'https://image.jeuxvideo.com/medias/163154/1631541998-5162-jaquette-avant.jpg'),
(2300, 965, 'reprehenderit nisi nemo dignissimos', 'Facilis quibusdam eveniet esse quia possimus nihil nihil. Ut similique dignissimos corporis repellat qui quia. Et tenetur accusantium necessitatibus. Deleniti ad similique voluptatem ab alias quidem pariatur quia. Quis aut facilis architecto. Debitis nesciunt facilis eveniet quasi et illo dolores.', 'https://image.jeuxvideo.com/medias/159403/1594028554-187-jaquette-avant.jpg'),
(2301, 966, 'quam repellat perferendis', 'Laboriosam beatae suscipit animi molestiae expedita. Eius ut rerum alias quod perspiciatis delectus et repellendus. Et sed veniam similique quas dicta enim. Voluptatum qui minima perspiciatis vitae nulla excepturi.', 'https://image.jeuxvideo.com/medias/163154/1631541998-5162-jaquette-avant.jpg'),
(2302, 981, 'magnam', 'Ea placeat ut et voluptatem architecto sunt. Rem sequi aspernatur laborum rerum. Error odit architecto repudiandae debitis.', 'https://image.jeuxvideo.com/medias/163881/1638806697-8764-jaquette-avant.gif'),
(2303, 966, 'aspernatur distinctio', 'Quisquam praesentium ut amet aliquam maiores similique. Et perferendis incidunt unde nihil. Et maiores ut nobis. Nulla tempore porro voluptas quis perferendis odio.', 'https://image.jeuxvideo.com/images/jaquettes/00048634/jaquette-les-sims-4-pc-cover-avant-g-1409904702.jpg'),
(2304, 971, 'nostrum quia facilis incidunt', 'Totam animi a officia id. Laboriosam debitis expedita sapiente. Rerum quisquam deleniti iusto vitae ad molestiae. Laborum recusandae sequi unde inventore. Dolores architecto aliquam voluptas aut beatae in consectetur. Ut voluptates consequuntur rem.', 'https://image.jeuxvideo.com/medias-sm/163396/1633959248-729-jaquette-avant.gif'),
(2305, 969, 'repellendus ut', 'Et aut dolor sunt autem. Ut deserunt ex tempora rerum autem quis accusantium. Enim nesciunt enim repellat nam asperiores. Officia sit quia alias quis omnis dicta. Et eos officiis officia velit eius nam. Perferendis cumque et dolorem esse.', 'https://image.jeuxvideo.com/medias/163154/1631535511-3744-jaquette-avant.jpg'),
(2306, 980, 'minus quaerat', 'Non et odio enim eos et itaque. Non eum quasi ullam et doloremque. Dolorem fugiat voluptatum aut voluptas. Dolores suscipit reprehenderit odit dolor perspiciatis autem sed qui. Rerum aut eos molestiae impedit impedit.', 'https://image.jeuxvideo.com/medias/159542/1595423317-2836-jaquette-avant.png'),
(2307, 966, 'incidunt quam', 'Vel molestiae et sequi. Porro aut est id provident. Laborum non blanditiis expedita culpa rerum. Voluptatem occaecati ducimus eos non consequuntur ab voluptas.', 'https://image.jeuxvideo.com/medias/163299/1632989749-6428-jaquette-avant.gif'),
(2308, 970, 'quis qui', 'Beatae sunt veritatis sint quidem non est. Aliquam rerum minima impedit blanditiis. Esse velit sed aut quis sunt et ipsum. Itaque temporibus voluptatem laboriosam. Impedit cupiditate et totam voluptatem. Ullam at ut totam totam dolorem. In a eos voluptatum omnis aut iusto recusandae cupiditate.', 'https://image.jeuxvideo.com/medias/163335/1633353168-8875-jaquette-avant.gif'),
(2309, 972, 'autem', 'Ut fugiat quas hic nihil vero aut. Vel qui fugiat nam molestiae. Iure maiores sit corrupti officia voluptatem modi nam. Voluptas laudantium modi quam repellat voluptatibus sapiente eum maxime. Repudiandae at distinctio sunt harum mollitia facilis.', 'https://image.jeuxvideo.com/medias/159542/1595423317-2836-jaquette-avant.png'),
(2310, 981, 'repellat suscipit', 'Voluptatibus inventore quod ea ut. Esse deserunt et voluptatibus. Quis sint dolorem ut perferendis maxime.', 'https://image.jeuxvideo.com/images/jaquettes/00048634/jaquette-les-sims-4-pc-cover-avant-g-1409904702.jpg'),
(2311, 980, 'non facilis', 'Architecto voluptates aut molestias odit voluptatum molestiae. Quibusdam aut officia est fuga. Quibusdam rem laborum minima rerum reprehenderit laudantium autem. Sed nihil ut ut autem quibusdam vitae.', 'https://image.jeuxvideo.com/images/jaquettes/00048634/jaquette-les-sims-4-pc-cover-avant-g-1409904702.jpg'),
(2312, 982, 'cupiditate vitae', 'Voluptatem omnis dolorem dolorem illo molestias eius. Nihil illo eligendi aut doloremque. Consequuntur impedit cupiditate eum impedit. Perferendis animi et quia.', 'https://image.jeuxvideo.com/medias/163129/1631285061-4363-jaquette-avant.jpg'),
(2313, 980, 'et', 'Exercitationem sint voluptatum eos eos sed perspiciatis. Cumque maiores consectetur sunt doloremque. Maxime amet ea corrupti unde omnis. Mollitia est molestiae quas autem. Et illum esse corporis. Explicabo voluptas rerum aliquid aspernatur delectus iure assumenda.', 'https://image.jeuxvideo.com/medias/163335/1633353168-8875-jaquette-avant.gif'),
(2314, 972, 'enim aliquid autem inventore', 'In qui placeat dolores vel quia quia. Libero et sint et et. Natus delectus eveniet nihil sequi animi. Deleniti et saepe libero accusamus officia quo. At magnam quam accusantium ea. Magni numquam sapiente aut similique est consequatur.', 'https://global-img.gamergen.com/red-dead-redemption-2-pc-mediamarkt_0900909672.jpg'),
(2315, 979, 'veniam est', 'At magni ea exercitationem officiis et voluptas aut. Eum temporibus est tempora. Quae omnis recusandae enim magnam reprehenderit aut reiciendis. Modi hic adipisci vero eos iure.', 'https://image.jeuxvideo.com/medias/142247/1422469608-7141-jaquette-avant.jpg'),
(2316, 976, 'aut totam qui nisi', 'Dolores perspiciatis aspernatur ipsam voluptatem. Eius molestiae ipsum nostrum distinctio consectetur. Ut nesciunt et laborum est voluptates id occaecati.', 'https://image.jeuxvideo.com/medias/151689/1516893501-9622-jaquette-avant.jpg'),
(2317, 973, 'dignissimos', 'Molestias eius nobis sit rem aut qui. Quasi veritatis veniam quia esse aut corrupti tempora. Et optio minus quos qui ullam. Rerum tempore est laboriosam id provident ut quia. Nisi quia accusantium ut quam nisi molestiae earum. Cumque reiciendis sed consequatur nihil amet dignissimos.', 'https://image.jeuxvideo.com/medias-sm/163396/1633959248-729-jaquette-avant.gif'),
(2318, 973, 'et debitis', 'Ipsa est amet quo qui. Maxime necessitatibus mollitia exercitationem molestias quo qui. Tempora non quia necessitatibus ut temporibus omnis harum quos. Est et soluta iste architecto animi illum.', 'https://image.jeuxvideo.com/medias/163214/1632143636-6808-jaquette-avant.jpg'),
(2319, 971, 'neque quisquam', 'Beatae corporis est illum non eos quisquam possimus. Quo dolorem doloribus perspiciatis ut alias. Itaque nam error in et qui possimus aliquam. Dolor facere consequuntur quisquam et alias in praesentium. Magnam error voluptas quia nihil numquam dolor vel.', 'https://image.jeuxvideo.com/medias/163881/1638806697-8764-jaquette-avant.gif'),
(2320, 977, 'in ducimus voluptatibus porro', 'Id qui a iure qui at iste iste. Cum quos ab nobis reiciendis eos. Aliquam consequatur sed unde debitis. Enim quibusdam aut enim sit aut illum explicabo. Cumque laborum sint hic non. Eum corrupti exercitationem dolores. Assumenda dignissimos rem quia nemo ea.', 'https://image.jeuxvideo.com/medias/161277/1612766574-6606-jaquette-avant.png'),
(2321, 966, 'ab ut', 'Adipisci dolores voluptatem necessitatibus laudantium ut dolor. Occaecati cum nisi animi sunt voluptates error aut. Alias doloremque illo mollitia. Quam aliquid et molestiae sed.', 'https://image.jeuxvideo.com/medias/163299/1632989749-6428-jaquette-avant.gif'),
(2322, 979, 'ea', 'Esse et sunt consequatur et consequatur. Sit autem quae labore qui sed et. Neque aspernatur nesciunt ullam facere. Cumque rerum dolore molestiae. Sint veritatis reprehenderit enim labore occaecati. Vel quas ea dolores harum nostrum quae et.', 'https://image.jeuxvideo.com/medias/159403/1594028554-187-jaquette-avant.jpg'),
(2323, 969, 'amet impedit voluptas mollitia', 'Ab similique unde neque ullam vitae sint animi. Et occaecati deserunt et quae enim error perferendis. Minus animi iste laboriosam ut facere aut qui.', 'https://image.jeuxvideo.com/medias/163708/1637080607-7753-jaquette-avant.gif'),
(2324, 970, 'molestias et dolorum', 'Laudantium totam ab quia dolore accusantium nam. Voluptas sunt voluptate magnam corporis. Et quia et ducimus. Quia impedit fugiat officiis sint fugiat. Porro cupiditate ea voluptatum aliquam.', 'https://image.jeuxvideo.com/medias/163154/1631535511-3744-jaquette-avant.jpg'),
(2325, 976, 'ab consequuntur esse', 'Perferendis et vel ut. Voluptatem recusandae impedit unde. Recusandae rerum eius dolores et. Exercitationem est qui tempora harum hic hic velit. Quo nihil iure et et odio. Iusto corrupti et dolore dolorem. Cum facilis nobis dolores id.', 'https://image.jeuxvideo.com/medias-sm/163396/1633959248-729-jaquette-avant.gif'),
(2326, 973, 'sed ab', 'Aliquid rerum corrupti quo quia pariatur nihil eos. Sed facilis culpa non tenetur tempore iusto. Quos quia sit facilis tempora.', 'https://image.jeuxvideo.com/medias/163154/1631541998-5162-jaquette-avant.jpg'),
(2327, 973, 'deserunt quaerat tempore sed', 'Soluta dolor officiis ea debitis similique. Harum reiciendis reiciendis sunt explicabo sed. Nobis natus impedit in blanditiis dolorum quo esse. Omnis occaecati omnis est voluptatem qui. Dolorum id reprehenderit quos eum voluptatum autem nihil id.', 'https://image.jeuxvideo.com/medias/159542/1595423317-2836-jaquette-avant.png'),
(2328, 974, 'pariatur', 'Qui odit quam nesciunt aliquam. Laudantium beatae modi neque aut eos. Sed nisi rerum dolorum quibusdam aliquam deserunt voluptatem reiciendis.', 'https://image.jeuxvideo.com/medias/163664/1636636223-8849-jaquette-avant.jpg'),
(2329, 980, 'nesciunt quis mollitia', 'Perferendis corrupti non nemo reiciendis et laborum. Ut non enim itaque harum saepe velit. Itaque animi nam ullam ipsam eius sed.', 'https://global-img.gamergen.com/red-dead-redemption-2-pc-mediamarkt_0900909672.jpg'),
(2330, 966, 'non', 'Voluptatem id possimus dolor. Qui doloremque sapiente non molestiae omnis mollitia velit. Neque amet facere odio debitis. Mollitia accusamus sit voluptas quia beatae ab consequatur.', 'https://image.jeuxvideo.com/medias/159542/1595423317-2836-jaquette-avant.png'),
(2331, 978, 'ullam repudiandae est', 'Hic ad laudantium minus. Earum et nemo dignissimos explicabo sed delectus. Placeat autem odit dicta maxime ab officia ab. Nesciunt expedita molestias dolores voluptatem qui a. Hic et totam unde suscipit. Quia voluptatem natus sed architecto.', 'https://image.jeuxvideo.com/medias/149432/1494322310-8900-jaquette-avant.jpg'),
(2332, 974, 'est sed voluptates ut', 'Autem adipisci esse mollitia tempora omnis. Vitae optio eveniet rerum. Veritatis tempora beatae ut deleniti qui voluptatem reiciendis. Omnis voluptas omnis dicta quo. Quod commodi earum qui omnis odio. In occaecati quia illo libero vitae nihil dolor. A ut ut consequatur nihil mollitia est.', 'https://image.jeuxvideo.com/medias/148285/1482854953-4348-jaquette-avant.jpg'),
(2333, 965, 'dicta et pariatur', 'Consequatur unde tenetur optio aspernatur fugit iusto officia. Ad reprehenderit harum iste aliquam architecto rerum. Sunt ea modi amet perferendis illo aut ipsum. Adipisci sint in consequatur est sint consequatur.', 'https://image.jeuxvideo.com/medias/163708/1637080607-7753-jaquette-avant.gif'),
(2334, 982, 'dicta aut qui', 'Cupiditate repellat vel eum voluptatem. Dolor aut iusto minus nihil minima voluptatum odio placeat. Consequatur ipsum voluptate consequatur eum distinctio placeat in. Omnis recusandae est qui hic debitis autem rerum. Culpa quo iure provident. Eos voluptatem et nesciunt.', 'https://media.senscritique.com/media/000020040912/source_big/Resident_Evil_Village.png'),
(2335, 971, 'et velit delectus ea', 'Eum maxime voluptas voluptatem nisi et. Eveniet dolor saepe qui dolore voluptatum quibusdam perferendis. Sit perferendis harum est et inventore a. Minus est reiciendis rem laboriosam voluptatem veritatis. Sit animi neque in asperiores veniam sit dolores commodi.', 'https://image.jeuxvideo.com/medias/150166/1501664378-9988-jaquette-avant.jpg'),
(2336, 972, 'neque omnis saepe', 'Et et optio sed temporibus quam earum porro. Quos illum natus qui minima accusantium exercitationem. Et doloremque voluptatibus quis fugit ad vel ipsa tempora. Aut voluptas eum quas ullam qui sit temporibus praesentium. Dicta qui nisi maiores beatae quia quaerat. Distinctio eos ut totam.', 'https://image.jeuxvideo.com/images/jaquettes/00048634/jaquette-les-sims-4-pc-cover-avant-g-1409904702.jpg'),
(2337, 971, 'et odio est', 'Vel ratione ab est accusamus quia. Praesentium velit iste quia minima officiis. Enim enim consequatur vero vel. Soluta iste aut id rerum corporis non. Ad in iure rerum.', 'https://image.jeuxvideo.com/images/jaquettes/00027602/jaquette-league-of-legends-pc-cover-avant-g.jpg'),
(2338, 974, 'aut temporibus explicabo voluptates', 'Neque enim numquam iure non quo dolores similique. Dicta et repellendus exercitationem illum. Repudiandae quia ratione et molestiae officia. Sit et facere perspiciatis odio tenetur cupiditate.', 'https://image.jeuxvideo.com/medias/163154/1631535511-3744-jaquette-avant.jpg'),
(2339, 982, 'odit', 'Facere explicabo exercitationem natus tempore aperiam. Consequuntur ut sed qui ducimus. Aut nobis deleniti atque eveniet qui pariatur nostrum. Quia aliquam quisquam quidem et. Explicabo id magni tenetur fuga ipsam tenetur. Amet laboriosam eos aut voluptatibus.', 'https://image.jeuxvideo.com/medias/163881/1638806697-8764-jaquette-avant.gif'),
(2340, 980, 'et et', 'Voluptas sunt animi dicta repellendus temporibus dolorum. Rerum dolor eum asperiores at reprehenderit nesciunt inventore. Voluptatibus voluptatem sit quibusdam et maxime. Fuga quas enim ducimus dolores ullam aut.', 'https://image.jeuxvideo.com/medias/152899/1528990462-7760-jaquette-avant.jpg'),
(2341, 964, 'eius voluptas voluptatem', 'Non at eos itaque. Dolore dolor dolorum illo dolorem dolores hic sint. Laboriosam est molestiae dicta. Est labore quis architecto voluptates ut eligendi fugiat. Ut nemo voluptas occaecati assumenda saepe voluptas dignissimos architecto. Tempore facere sit nemo. Modi tempore ad sed excepturi.', 'https://image.jeuxvideo.com/medias/163154/1631535511-3744-jaquette-avant.jpg'),
(2342, 972, 'aut iusto est', 'Voluptatem quo voluptas sed aspernatur soluta. Autem consequuntur molestiae dolorem illum qui iste. Incidunt ex rem eveniet qui suscipit animi. Eos explicabo et ea sint magnam fugit corrupti.', 'https://image.jeuxvideo.com/medias/163881/1638806697-8764-jaquette-avant.gif'),
(2343, 974, 'et sed nihil rem', 'Possimus nihil quia laudantium et reprehenderit ea minima. Sed consectetur voluptates aperiam et ut aliquam. Eos deleniti quidem numquam nihil magni praesentium. Modi enim occaecati nemo ea et voluptatem. Eos dolorem quia tempore quo. Ipsa velit cupiditate enim quisquam.', 'https://image.jeuxvideo.com/medias/148285/1482854953-4348-jaquette-avant.jpg'),
(2344, 966, 'deleniti id qui', 'Aliquam nihil molestiae architecto. Sed molestiae voluptatibus unde quod iste facilis laborum ut. Magni magnam ex sapiente optio. Quaerat quidem ut beatae necessitatibus. Explicabo molestiae nihil et dolorum ducimus eius. Et repudiandae sed quia dignissimos.', 'https://image.jeuxvideo.com/medias/161277/1612766574-6606-jaquette-avant.png'),
(2345, 968, 'explicabo laboriosam', 'Quo dicta libero id pariatur. Illo sed facere autem. Nobis itaque ut culpa impedit. Quis occaecati rem labore aliquid accusamus expedita ullam. Ut dolores quas in adipisci illum eos ducimus. Exercitationem eius maxime alias dolores aliquid quia. Omnis culpa atque et est quo.', 'https://image.jeuxvideo.com/medias-sm/163396/1633959248-729-jaquette-avant.gif'),
(2346, 971, 'quasi aut porro quis', 'Autem minus quia voluptatibus qui est. Temporibus quia quas ut odit. Qui et nostrum quod sit illo ut deserunt. Quaerat vel minus laboriosam dolorem ut ipsa nulla.', 'https://image.jeuxvideo.com/medias/150166/1501664378-9988-jaquette-avant.jpg'),
(2347, 970, 'velit officiis optio autem', 'Modi consectetur ab laboriosam labore. Ipsa quo ab voluptatem qui. Dolorem voluptas explicabo tempora. Corrupti quis aut voluptatem magni ipsam. Perferendis neque ut eos est distinctio iste totam.', 'https://image.jeuxvideo.com/medias/163214/1632143636-6808-jaquette-avant.jpg'),
(2348, 974, 'quis labore', 'Similique minus temporibus inventore. Et cupiditate esse sit consequatur rerum dignissimos eaque. Et aperiam laboriosam similique dolor ut voluptatum hic. Alias quia et nam enim.', 'https://image.jeuxvideo.com/medias/161616/1616164719-8684-jaquette-avant.jpg'),
(2349, 982, 'qui velit dolorum', 'Nulla voluptate velit suscipit. Commodi et enim aliquam. Placeat sint culpa placeat dolore officiis. Voluptatem in voluptas similique qui alias et perferendis voluptas. Architecto voluptatum quae nihil error perferendis non. Non velit non voluptatem. Beatae veniam nam quo.', 'https://image.jeuxvideo.com/medias/163299/1632989599-6459-jaquette-avant.gif'),
(2350, 973, 'veritatis eos', 'Et suscipit a officiis laboriosam vitae recusandae. Sunt asperiores voluptatem perferendis enim similique consequatur doloribus. Accusamus laudantium voluptas repudiandae ab dolor consequuntur aliquid.', 'https://image.jeuxvideo.com/medias/163708/1637080607-7753-jaquette-avant.gif');

-- --------------------------------------------------------

--
-- Structure de la table `video_game_category`
--

CREATE TABLE `video_game_category` (
  `id` int(11) NOT NULL,
  `name` varchar(50) COLLATE utf8mb4_unicode_ci NOT NULL
) ENGINE=InnoDB DEFAULT CHARSET=utf8mb4 COLLATE=utf8mb4_unicode_ci;

--
-- Déchargement des données de la table `video_game_category`
--

INSERT INTO `video_game_category` (`id`, `name`) VALUES
(963, 'FPS / TPS'),
(964, 'Combat'),
(965, 'RTS'),
(966, 'Simulation'),
(967, 'Plateforme'),
(968, 'RPG'),
(969, 'MMORPG'),
(970, 'Sandbox'),
(971, 'MOBA'),
(972, 'Battle Royals'),
(973, 'Action / Aventure'),
(974, 'Beat Them All'),
(975, 'Puzzlers'),
(976, 'Réflexion'),
(977, 'Survival Horror'),
(978, 'Hack’n’slash'),
(979, 'Party Games'),
(980, 'Rythme'),
(981, 'Course'),
(982, 'Sports');

-- --------------------------------------------------------

--
-- Structure de la table `video_game_platform`
--

CREATE TABLE `video_game_platform` (
  `video_game_id` int(11) NOT NULL,
  `platform_id` int(11) NOT NULL
) ENGINE=InnoDB DEFAULT CHARSET=utf8mb4 COLLATE=utf8mb4_unicode_ci;

--
-- Déchargement des données de la table `video_game_platform`
--

INSERT INTO `video_game_platform` (`video_game_id`, `platform_id`) VALUES
(2251, 425),
(2251, 426),
(2251, 427),
(2251, 428),
(2251, 429),
(2251, 430),
(2252, 425),
(2252, 426),
(2252, 427),
(2252, 428),
(2252, 429),
(2252, 430),
(2252, 431),
(2253, 425),
(2254, 425),
(2254, 426),
(2254, 427),
(2254, 428),
(2254, 429),
(2255, 425),
(2255, 426),
(2255, 427),
(2255, 428),
(2255, 429),
(2255, 430),
(2255, 431),
(2256, 425),
(2256, 426),
(2256, 427),
(2256, 428),
(2256, 429),
(2256, 430),
(2256, 431),
(2256, 432),
(2257, 425),
(2257, 426),
(2257, 427),
(2257, 428),
(2258, 425),
(2258, 426),
(2258, 427),
(2258, 428),
(2258, 429),
(2258, 430),
(2259, 425),
(2259, 426),
(2259, 427),
(2259, 428),
(2259, 429),
(2259, 430),
(2260, 425),
(2260, 426),
(2260, 427),
(2260, 428),
(2260, 429),
(2261, 425),
(2261, 426),
(2261, 428),
(2261, 429),
(2261, 430),
(2261, 431),
(2262, 425),
(2262, 426),
(2262, 427),
(2262, 428),
(2262, 429),
(2262, 430),
(2262, 431),
(2262, 432),
(2263, 425),
(2263, 426),
(2263, 427),
(2263, 428),
(2264, 425),
(2265, 425),
(2265, 426),
(2265, 427),
(2265, 428),
(2266, 425),
(2267, 425),
(2267, 426),
(2267, 427),
(2267, 428),
(2267, 429),
(2267, 430),
(2268, 425),
(2268, 426),
(2268, 427),
(2268, 428),
(2268, 429),
(2268, 430),
(2269, 425),
(2270, 425),
(2270, 426),
(2270, 427),
(2270, 428),
(2271, 425),
(2271, 426),
(2272, 425),
(2272, 426),
(2272, 428),
(2272, 429),
(2272, 430),
(2272, 431),
(2272, 432),
(2273, 425),
(2273, 426),
(2273, 428),
(2273, 429),
(2273, 430),
(2273, 431),
(2274, 425),
(2274, 426),
(2274, 427),
(2275, 425),
(2275, 426),
(2275, 427),
(2275, 428),
(2275, 429),
(2275, 430),
(2275, 431),
(2276, 425),
(2276, 426),
(2277, 425),
(2277, 426),
(2277, 428),
(2277, 429),
(2277, 430),
(2277, 431),
(2277, 432),
(2278, 425),
(2278, 426),
(2278, 427),
(2278, 428),
(2278, 429),
(2278, 430),
(2278, 431),
(2278, 432),
(2279, 425),
(2280, 425),
(2280, 426),
(2280, 427),
(2280, 428),
(2280, 429),
(2281, 425),
(2281, 426),
(2282, 425),
(2283, 425),
(2283, 426),
(2283, 427),
(2283, 428),
(2284, 425),
(2284, 426),
(2284, 427),
(2284, 428),
(2284, 429),
(2284, 430),
(2284, 431),
(2285, 425),
(2285, 426),
(2286, 425),
(2286, 426),
(2286, 428),
(2286, 429),
(2286, 430),
(2286, 431),
(2286, 432),
(2287, 425),
(2287, 426),
(2287, 427),
(2287, 428),
(2287, 429),
(2287, 430),
(2287, 431),
(2287, 432),
(2288, 425),
(2288, 426),
(2288, 427),
(2288, 428),
(2288, 429),
(2288, 430),
(2289, 425),
(2289, 426),
(2289, 427),
(2289, 428),
(2289, 429),
(2289, 430),
(2289, 431),
(2290, 425),
(2290, 426),
(2290, 428),
(2290, 429),
(2290, 430),
(2290, 431),
(2290, 432),
(2291, 425),
(2291, 426),
(2291, 427),
(2291, 428),
(2292, 425),
(2292, 426),
(2292, 428),
(2292, 429),
(2292, 430),
(2292, 431),
(2293, 425),
(2293, 426),
(2293, 428),
(2293, 429),
(2293, 430),
(2293, 431),
(2294, 425),
(2294, 426),
(2294, 428),
(2294, 429),
(2294, 430),
(2294, 431),
(2294, 432),
(2295, 425),
(2295, 426),
(2296, 425),
(2296, 426),
(2296, 427),
(2296, 428),
(2297, 425),
(2297, 426),
(2297, 427),
(2298, 425),
(2298, 426),
(2299, 425),
(2299, 426),
(2299, 427),
(2299, 428),
(2299, 429),
(2299, 430),
(2299, 431),
(2300, 425),
(2300, 426),
(2300, 427),
(2300, 428),
(2300, 429),
(2301, 425),
(2301, 426),
(2301, 428),
(2301, 429),
(2301, 430),
(2301, 431),
(2302, 425),
(2302, 426),
(2302, 427),
(2303, 425),
(2303, 426),
(2303, 428),
(2303, 429),
(2303, 430),
(2303, 431),
(2303, 432),
(2304, 425),
(2304, 426),
(2304, 428),
(2304, 429),
(2304, 430),
(2304, 431),
(2304, 432),
(2305, 425),
(2305, 426),
(2305, 428),
(2305, 429),
(2305, 430),
(2305, 431),
(2306, 425),
(2306, 426),
(2306, 427),
(2306, 428),
(2306, 429),
(2306, 430),
(2306, 431),
(2306, 432),
(2307, 425),
(2307, 426),
(2307, 427),
(2307, 428),
(2307, 429),
(2307, 430),
(2307, 431),
(2307, 432),
(2308, 425),
(2308, 426),
(2308, 427),
(2309, 425),
(2309, 426),
(2309, 427),
(2309, 428),
(2309, 429),
(2309, 430),
(2309, 431),
(2310, 425),
(2311, 425),
(2312, 425),
(2312, 426),
(2313, 425),
(2313, 426),
(2313, 427),
(2313, 428),
(2313, 429),
(2314, 425),
(2314, 426),
(2314, 427),
(2314, 428),
(2314, 429),
(2315, 425),
(2315, 426),
(2316, 425),
(2316, 426),
(2316, 427),
(2316, 428),
(2316, 429),
(2316, 430),
(2316, 431),
(2317, 425),
(2317, 426),
(2317, 428),
(2317, 429),
(2317, 430),
(2317, 431),
(2318, 425),
(2318, 426),
(2318, 427),
(2318, 428),
(2318, 429),
(2318, 430),
(2319, 425),
(2319, 426),
(2320, 425),
(2321, 425),
(2321, 426),
(2321, 428),
(2321, 429),
(2321, 430),
(2321, 431),
(2322, 425),
(2322, 426),
(2322, 427),
(2322, 428),
(2322, 429),
(2323, 425),
(2323, 426),
(2323, 427),
(2323, 428),
(2323, 429),
(2323, 430),
(2324, 425),
(2324, 426),
(2324, 427),
(2324, 428),
(2325, 425),
(2325, 426),
(2325, 428),
(2325, 429),
(2325, 430),
(2325, 431),
(2325, 432),
(2326, 425),
(2326, 426),
(2326, 427),
(2326, 428),
(2327, 425),
(2327, 426),
(2327, 427),
(2327, 428),
(2327, 429),
(2328, 425),
(2329, 425),
(2329, 426),
(2329, 427),
(2329, 428),
(2329, 429),
(2330, 425),
(2330, 426),
(2330, 427),
(2330, 428),
(2330, 429),
(2330, 430),
(2331, 425),
(2331, 426),
(2332, 425),
(2332, 426),
(2332, 427),
(2332, 428),
(2333, 425),
(2334, 425),
(2334, 426),
(2334, 427),
(2334, 428),
(2334, 429),
(2334, 430),
(2334, 431),
(2334, 432),
(2335, 425),
(2335, 426),
(2335, 428),
(2335, 429),
(2335, 430),
(2335, 431),
(2335, 432),
(2336, 425),
(2336, 426),
(2336, 427),
(2336, 428),
(2336, 429),
(2336, 430),
(2337, 425),
(2337, 426),
(2337, 427),
(2338, 425),
(2338, 426),
(2338, 427),
(2338, 428),
(2338, 429),
(2338, 430),
(2339, 425),
(2339, 426),
(2339, 428),
(2339, 429),
(2339, 430),
(2339, 431),
(2340, 425),
(2340, 426),
(2340, 427),
(2340, 428),
(2341, 425),
(2342, 425),
(2342, 426),
(2342, 427),
(2343, 425),
(2343, 426),
(2343, 427),
(2344, 425),
(2344, 426),
(2344, 428),
(2344, 429),
(2344, 430),
(2344, 431),
(2344, 432),
(2345, 425),
(2345, 426),
(2345, 427),
(2346, 425),
(2347, 425),
(2347, 426),
(2347, 427),
(2347, 428),
(2347, 429),
(2347, 430),
(2348, 425),
(2348, 426),
(2348, 428),
(2348, 429),
(2348, 430),
(2348, 431),
(2348, 432),
(2349, 425),
(2349, 426),
(2349, 428),
(2349, 429),
(2349, 430),
(2349, 431),
(2349, 432),
(2350, 425),
(2350, 426),
(2350, 427),
(2350, 428),
(2350, 429),
(2350, 430),
(2350, 431);

--
-- Index pour les tables déchargées
--

--
-- Index pour la table `board_game`
--
ALTER TABLE `board_game`
  ADD PRIMARY KEY (`id`),
  ADD KEY `IDX_F9BD68AF12469DE2` (`category_id`);

--
-- Index pour la table `board_game_category`
--
ALTER TABLE `board_game_category`
  ADD PRIMARY KEY (`id`);

--
-- Index pour la table `booking`
--
ALTER TABLE `booking`
  ADD PRIMARY KEY (`id`),
  ADD KEY `IDX_E00CEDDE71F7E88B` (`event_id`),
  ADD KEY `IDX_E00CEDDEA76ED395` (`user_id`);

--
-- Index pour la table `comic`
--
ALTER TABLE `comic`
  ADD PRIMARY KEY (`id`),
  ADD KEY `IDX_5B7EA5AA12469DE2` (`category_id`);

--
-- Index pour la table `comic_category`
--
ALTER TABLE `comic_category`
  ADD PRIMARY KEY (`id`);

--
-- Index pour la table `doctrine_migration_versions`
--
ALTER TABLE `doctrine_migration_versions`
  ADD PRIMARY KEY (`version`);

--
-- Index pour la table `event`
--
ALTER TABLE `event`
  ADD PRIMARY KEY (`id`),
  ADD KEY `IDX_3BAE0AA712469DE2` (`category_id`),
  ADD KEY `IDX_3BAE0AA7DA6A219` (`place_id`),
  ADD KEY `IDX_3BAE0AA77E3C61F9` (`owner_id`);

--
-- Index pour la table `event_category`
--
ALTER TABLE `event_category`
  ADD PRIMARY KEY (`id`);

--
-- Index pour la table `manga`
--
ALTER TABLE `manga`
  ADD PRIMARY KEY (`id`),
  ADD KEY `IDX_765A9E0312469DE2` (`category_id`);

--
-- Index pour la table `manga_category`
--
ALTER TABLE `manga_category`
  ADD PRIMARY KEY (`id`);

--
-- Index pour la table `place`
--
ALTER TABLE `place`
  ADD PRIMARY KEY (`id`);

--
-- Index pour la table `platform`
--
ALTER TABLE `platform`
  ADD PRIMARY KEY (`id`);

--
-- Index pour la table `user`
--
ALTER TABLE `user`
  ADD PRIMARY KEY (`id`),
  ADD UNIQUE KEY `UNIQ_8D93D649E7927C74` (`email`);

--
-- Index pour la table `user_board_game`
--
ALTER TABLE `user_board_game`
  ADD PRIMARY KEY (`user_id`,`board_game_id`),
  ADD KEY `IDX_5EDAAE43A76ED395` (`user_id`),
  ADD KEY `IDX_5EDAAE43AC91F10A` (`board_game_id`);

--
-- Index pour la table `user_comic`
--
ALTER TABLE `user_comic`
  ADD PRIMARY KEY (`user_id`,`comic_id`),
  ADD KEY `IDX_B9BC5EF2A76ED395` (`user_id`),
  ADD KEY `IDX_B9BC5EF2D663094A` (`comic_id`);

--
-- Index pour la table `user_manga`
--
ALTER TABLE `user_manga`
  ADD PRIMARY KEY (`user_id`,`manga_id`),
  ADD KEY `IDX_9498655BA76ED395` (`user_id`),
  ADD KEY `IDX_9498655B7B6461` (`manga_id`);

--
-- Index pour la table `user_video_game`
--
ALTER TABLE `user_video_game`
  ADD PRIMARY KEY (`user_id`,`video_game_id`),
  ADD KEY `IDX_83DBAABCA76ED395` (`user_id`),
  ADD KEY `IDX_83DBAABC16230A8` (`video_game_id`);

--
-- Index pour la table `video_game`
--
ALTER TABLE `video_game`
  ADD PRIMARY KEY (`id`),
  ADD KEY `IDX_24BC6C5012469DE2` (`category_id`);

--
-- Index pour la table `video_game_category`
--
ALTER TABLE `video_game_category`
  ADD PRIMARY KEY (`id`);

--
-- Index pour la table `video_game_platform`
--
ALTER TABLE `video_game_platform`
  ADD PRIMARY KEY (`video_game_id`,`platform_id`),
  ADD KEY `IDX_996C03DD16230A8` (`video_game_id`),
  ADD KEY `IDX_996C03DDFFE6496F` (`platform_id`);

--
-- AUTO_INCREMENT pour les tables déchargées
--

--
-- AUTO_INCREMENT pour la table `board_game`
--
ALTER TABLE `board_game`
  MODIFY `id` int(11) NOT NULL AUTO_INCREMENT, AUTO_INCREMENT=3201;

--
-- AUTO_INCREMENT pour la table `board_game_category`
--
ALTER TABLE `board_game_category`
  MODIFY `id` int(11) NOT NULL AUTO_INCREMENT, AUTO_INCREMENT=953;

--
-- AUTO_INCREMENT pour la table `booking`
--
ALTER TABLE `booking`
  MODIFY `id` int(11) NOT NULL AUTO_INCREMENT, AUTO_INCREMENT=801;

--
-- AUTO_INCREMENT pour la table `comic`
--
ALTER TABLE `comic`
  MODIFY `id` int(11) NOT NULL AUTO_INCREMENT, AUTO_INCREMENT=3601;

--
-- AUTO_INCREMENT pour la table `comic_category`
--
ALTER TABLE `comic_category`
  MODIFY `id` int(11) NOT NULL AUTO_INCREMENT, AUTO_INCREMENT=955;

--
-- AUTO_INCREMENT pour la table `event`
--
ALTER TABLE `event`
  MODIFY `id` int(11) NOT NULL AUTO_INCREMENT, AUTO_INCREMENT=4017;

--
-- AUTO_INCREMENT pour la table `event_category`
--
ALTER TABLE `event_category`
  MODIFY `id` int(11) NOT NULL AUTO_INCREMENT, AUTO_INCREMENT=603;

--
-- AUTO_INCREMENT pour la table `manga`
--
ALTER TABLE `manga`
  MODIFY `id` int(11) NOT NULL AUTO_INCREMENT, AUTO_INCREMENT=3631;

--
-- AUTO_INCREMENT pour la table `manga_category`
--
ALTER TABLE `manga_category`
  MODIFY `id` int(11) NOT NULL AUTO_INCREMENT, AUTO_INCREMENT=268;

--
-- AUTO_INCREMENT pour la table `place`
--
ALTER TABLE `place`
  MODIFY `id` int(11) NOT NULL AUTO_INCREMENT, AUTO_INCREMENT=8351;

--
-- AUTO_INCREMENT pour la table `platform`
--
ALTER TABLE `platform`
  MODIFY `id` int(11) NOT NULL AUTO_INCREMENT, AUTO_INCREMENT=433;

--
-- AUTO_INCREMENT pour la table `user`
--
ALTER TABLE `user`
  MODIFY `id` int(11) NOT NULL AUTO_INCREMENT, AUTO_INCREMENT=40136;

--
-- AUTO_INCREMENT pour la table `video_game`
--
ALTER TABLE `video_game`
  MODIFY `id` int(11) NOT NULL AUTO_INCREMENT, AUTO_INCREMENT=2351;

--
-- AUTO_INCREMENT pour la table `video_game_category`
--
ALTER TABLE `video_game_category`
  MODIFY `id` int(11) NOT NULL AUTO_INCREMENT, AUTO_INCREMENT=983;

--
-- Contraintes pour les tables déchargées
--

--
-- Contraintes pour la table `board_game`
--
ALTER TABLE `board_game`
  ADD CONSTRAINT `FK_F9BD68AF12469DE2` FOREIGN KEY (`category_id`) REFERENCES `board_game_category` (`id`);

--
-- Contraintes pour la table `booking`
--
ALTER TABLE `booking`
  ADD CONSTRAINT `FK_E00CEDDE71F7E88B` FOREIGN KEY (`event_id`) REFERENCES `event` (`id`),
  ADD CONSTRAINT `FK_E00CEDDEA76ED395` FOREIGN KEY (`user_id`) REFERENCES `user` (`id`);

--
-- Contraintes pour la table `comic`
--
ALTER TABLE `comic`
  ADD CONSTRAINT `FK_5B7EA5AA12469DE2` FOREIGN KEY (`category_id`) REFERENCES `comic_category` (`id`);

--
-- Contraintes pour la table `event`
--
ALTER TABLE `event`
  ADD CONSTRAINT `FK_3BAE0AA712469DE2` FOREIGN KEY (`category_id`) REFERENCES `event_category` (`id`),
  ADD CONSTRAINT `FK_3BAE0AA77E3C61F9` FOREIGN KEY (`owner_id`) REFERENCES `user` (`id`),
  ADD CONSTRAINT `FK_3BAE0AA7DA6A219` FOREIGN KEY (`place_id`) REFERENCES `place` (`id`);

--
-- Contraintes pour la table `manga`
--
ALTER TABLE `manga`
  ADD CONSTRAINT `FK_765A9E0312469DE2` FOREIGN KEY (`category_id`) REFERENCES `manga_category` (`id`);

--
-- Contraintes pour la table `user_board_game`
--
ALTER TABLE `user_board_game`
  ADD CONSTRAINT `FK_5EDAAE43A76ED395` FOREIGN KEY (`user_id`) REFERENCES `user` (`id`) ON DELETE CASCADE,
  ADD CONSTRAINT `FK_5EDAAE43AC91F10A` FOREIGN KEY (`board_game_id`) REFERENCES `board_game` (`id`) ON DELETE CASCADE;

--
-- Contraintes pour la table `user_comic`
--
ALTER TABLE `user_comic`
  ADD CONSTRAINT `FK_B9BC5EF2A76ED395` FOREIGN KEY (`user_id`) REFERENCES `user` (`id`) ON DELETE CASCADE,
  ADD CONSTRAINT `FK_B9BC5EF2D663094A` FOREIGN KEY (`comic_id`) REFERENCES `comic` (`id`) ON DELETE CASCADE;

--
-- Contraintes pour la table `user_manga`
--
ALTER TABLE `user_manga`
  ADD CONSTRAINT `FK_9498655B7B6461` FOREIGN KEY (`manga_id`) REFERENCES `manga` (`id`) ON DELETE CASCADE,
  ADD CONSTRAINT `FK_9498655BA76ED395` FOREIGN KEY (`user_id`) REFERENCES `user` (`id`) ON DELETE CASCADE;

--
-- Contraintes pour la table `user_video_game`
--
ALTER TABLE `user_video_game`
  ADD CONSTRAINT `FK_83DBAABC16230A8` FOREIGN KEY (`video_game_id`) REFERENCES `video_game` (`id`) ON DELETE CASCADE,
  ADD CONSTRAINT `FK_83DBAABCA76ED395` FOREIGN KEY (`user_id`) REFERENCES `user` (`id`) ON DELETE CASCADE;

--
-- Contraintes pour la table `video_game`
--
ALTER TABLE `video_game`
  ADD CONSTRAINT `FK_24BC6C5012469DE2` FOREIGN KEY (`category_id`) REFERENCES `video_game_category` (`id`);

--
-- Contraintes pour la table `video_game_platform`
--
ALTER TABLE `video_game_platform`
  ADD CONSTRAINT `FK_996C03DD16230A8` FOREIGN KEY (`video_game_id`) REFERENCES `video_game` (`id`) ON DELETE CASCADE,
  ADD CONSTRAINT `FK_996C03DDFFE6496F` FOREIGN KEY (`platform_id`) REFERENCES `platform` (`id`) ON DELETE CASCADE;
COMMIT;

/*!40101 SET CHARACTER_SET_CLIENT=@OLD_CHARACTER_SET_CLIENT */;
/*!40101 SET CHARACTER_SET_RESULTS=@OLD_CHARACTER_SET_RESULTS */;
/*!40101 SET COLLATION_CONNECTION=@OLD_COLLATION_CONNECTION */;
