-- phpMyAdmin SQL Dump
-- version 5.1.1
-- https://www.phpmyadmin.net/
--
-- Hôte : localhost:8889
-- Généré le : jeu. 13 jan. 2022 à 08:17
-- Version du serveur : 5.7.34
-- Version de PHP : 8.0.8

SET SQL_MODE = "NO_AUTO_VALUE_ON_ZERO";
START TRANSACTION;
SET time_zone = "+00:00";


/*!40101 SET @OLD_CHARACTER_SET_CLIENT=@@CHARACTER_SET_CLIENT */;
/*!40101 SET @OLD_CHARACTER_SET_RESULTS=@@CHARACTER_SET_RESULTS */;
/*!40101 SET @OLD_COLLATION_CONNECTION=@@COLLATION_CONNECTION */;
/*!40101 SET NAMES utf8mb4 */;

--
-- Base de données : `wonderGeek`
--

-- --------------------------------------------------------

--
-- Structure de la table `avatar`
--

CREATE TABLE `avatar` (
  `id` int(11) NOT NULL,
  `picture` varchar(255) COLLATE utf8mb4_unicode_ci NOT NULL
) ENGINE=InnoDB DEFAULT CHARSET=utf8mb4 COLLATE=utf8mb4_unicode_ci;

--
-- Déchargement des données de la table `avatar`
--

INSERT INTO `avatar` (`id`, `picture`) VALUES
(22, 'https://cdn-icons-png.flaticon.com/512/1752/1752772.png'),
(23, 'https://cdn-icons.flaticon.com/png/512/1211/premium/1211015.png?token=exp=1641899224~hmac=3a28f8e149a633bcf6812e2b4d7d6b08'),
(24, 'https://cdn-icons.flaticon.com/png/512/663/premium/663097.png?token=exp=1641899224~hmac=446cfd4b7676c1308cbd1a3ecbdc873a'),
(25, 'https://cdn-icons-png.flaticon.com/512/189/189000.png'),
(26, 'https://cdn-icons-png.flaticon.com/512/528/528111.png'),
(27, 'https://cdn-icons-png.flaticon.com/512/924/924874.png'),
(28, 'https://cdn-icons-png.flaticon.com/512/3393/3393852.png'),
(29, 'https://cdn-icons.flaticon.com/png/512/2423/premium/2423830.png?token=exp=1641899421~hmac=08269d202be75908dc10a7f02ca0d797'),
(30, 'https://cdn-icons.flaticon.com/png/512/4218/premium/4218368.png?token=exp=1641899519~hmac=0bcfc455c9c4c1133d983b08a50346c4'),
(31, 'https://cdn-icons.flaticon.com/png/512/2520/premium/2520865.png?token=exp=1641899519~hmac=dd214a475e4fdbc17f353ae828106d7e'),
(32, 'https://cdn-icons-png.flaticon.com/512/435/435048.png'),
(33, 'https://cdn-icons-png.flaticon.com/512/452/452539.png'),
(34, 'https://cdn-icons-png.flaticon.com/512/528/528107.png'),
(35, 'https://cdn-icons-png.flaticon.com/512/871/871366.png'),
(36, 'https://cdn-icons-png.flaticon.com/512/1674/1674292.png'),
(37, 'https://cdn-icons-png.flaticon.com/512/1674/1674291.png'),
(38, 'https://cdn-icons.flaticon.com/png/512/1090/premium/1090806.png?token=exp=1641899702~hmac=54cf59726506b8ed7f77b4bba23bdda4'),
(39, 'https://cdn-icons-png.flaticon.com/512/1120/1120972.png'),
(40, 'https://cdn-icons.flaticon.com/png/512/2671/premium/2671422.png?token=exp=1641899777~hmac=5ab4dd5190ff90327964da4573142588'),
(41, 'https://cdn-icons.flaticon.com/png/512/1985/premium/1985783.png?token=exp=1641899777~hmac=467dad371dbd0417fc9f459b8fcfa7d0'),
(42, 'https://cdn-icons-png.flaticon.com/512/306/306772.png');

-- --------------------------------------------------------

--
-- Structure de la table `board_game`
--

CREATE TABLE `board_game` (
  `id` int(11) NOT NULL,
  `category_id` int(11) NOT NULL,
  `name` varchar(50) COLLATE utf8mb4_unicode_ci NOT NULL,
  `description` longtext COLLATE utf8mb4_unicode_ci NOT NULL,
  `picture` varchar(255) COLLATE utf8mb4_unicode_ci NOT NULL
) ENGINE=InnoDB DEFAULT CHARSET=utf8mb4 COLLATE=utf8mb4_unicode_ci;

--
-- Déchargement des données de la table `board_game`
--

INSERT INTO `board_game` (`id`, `category_id`, `name`, `description`, `picture`) VALUES
(101, 28, 'a porro rerum dolor', 'Quos nobis rerum ut ut consectetur. Ipsa facilis asperiores aut vel esse saepe laborum. Voluptatem occaecati et aliquid eligendi quam reiciendis dignissimos. Et provident corrupti libero facere sint consequatur. Sed qui quia laudantium consectetur aut quam suscipit. Exercitationem alias quod maiores neque numquam repellat aspernatur. Distinctio autem facere quia eos voluptates id. Ipsum ullam quia maxime consequuntur atque temporibus illum. Mollitia deserunt consectetur occaecati non nisi ea pariatur laborum.', 'https://cdn1.philibertnet.com/343934-thickbox_default/7-wonders-duel.jpg'),
(102, 31, 'nemo corrupti architecto eaque', 'Cumque dolores libero sit rerum provident doloribus. Sed quam laboriosam sint ut id quae vel. Sunt inventore voluptate atque. Amet aut eos sint nemo deserunt dolore. Voluptate laboriosam voluptatem delectus ea explicabo qui. Laudantium autem consequatur nemo eum ipsa. Et distinctio ex corrupti voluptatem sit veritatis officia. Aut accusantium itaque ut inventore accusantium aut.', 'https://cdn3.philibertnet.com/515898-thickbox_default/7-wonders-architects.jpg'),
(103, 24, 'quisquam recusandae at doloremque', 'Nam dolores iure ut harum. Perferendis sit est debitis eum tempora eligendi. Mollitia fugiat accusamus pariatur et repellendus dolor tenetur. Pariatur tempore ut non. Qui et tempore totam nulla cupiditate quisquam nulla. Earum dolorum adipisci eligendi dolorem. Quo et earum tenetur ad. Ut et corrupti nobis eius velit. Totam aliquid a hic dolorum quis est ut. Maxime eligendi libero beatae dolores aut qui qui. Nam optio labore dolor sunt. Suscipit est dolor optio sapiente. Qui aliquid sit molestiae minima cumque dignissimos.', 'https://cdn2.philibertnet.com/527633-thickbox_default/scrabble-deluxe.jpg'),
(104, 21, 'consequatur vero', 'Est quia illo aut hic est. Adipisci suscipit esse reprehenderit nesciunt. Sequi officia molestiae at eos laborum eos deserunt. Sit nostrum ut nihil impedit excepturi voluptatem similique. Porro provident nihil ut. Molestiae voluptatibus ut autem. Non nobis placeat enim voluptatibus hic fuga eos. Necessitatibus magni quod in facilis aut ex repellat minus. Enim veniam illo sapiente ducimus ex tempore eos. Corrupti sunt id sapiente et vel et. Iure quo eos ut laborum deserunt et beatae.', 'https://cdn2.philibertnet.com/523790-thickbox_default/micromacro-crime-city.jpg'),
(105, 22, 'molestiae nisi aliquam voluptatem', 'Recusandae et ut nihil facilis atque sunt. Quia tempora illo repellendus nam dolorem. Animi dolores velit recusandae dolorem. Aut sed eos voluptates et sunt veniam laborum autem. Quod commodi dolores velit laboriosam dignissimos dolore. Ea qui inventore qui minima sit et temporibus. Labore cupiditate quis pariatur aut odit neque mollitia. Dolor eaque et quis magnam eligendi sit veniam quibusdam. Consequuntur rerum dolorem placeat quod tenetur dolores. Sed sit doloremque modi in voluptatum.', 'https://cdn1.philibertnet.com/375938-thickbox_default/monopoly-classique.jpg'),
(106, 21, 'voluptatem', 'Eaque atque nihil omnis est. Sapiente ut neque delectus numquam exercitationem et facere. Eveniet velit at fuga et error. Nam et expedita magnam iste. Tenetur id possimus dolorem sit. Delectus doloribus est odit ut. Sed mollitia repellendus qui nam dolorem qui voluptatibus. Repudiandae quaerat voluptatum tempora illo pariatur. Omnis impedit fuga voluptatum esse. Doloremque libero dolorem reprehenderit ad quia saepe. Eos vel officiis non recusandae molestias. Repudiandae autem ut reiciendis temporibus qui nostrum ut.', 'https://cdn1.philibertnet.com/375938-thickbox_default/monopoly-classique.jpg'),
(107, 33, 'asperiores corporis fuga corporis', 'Ex est velit eum porro impedit ea. Quidem facilis odit aut quasi quibusdam culpa asperiores. Repellendus esse explicabo harum quod porro laudantium. Quos dignissimos velit non enim eum. Officiis unde quis perspiciatis exercitationem et occaecati numquam. Eum quasi qui qui rerum et. Cum molestiae vitae alias rerum in. Voluptas voluptatem maxime consectetur nobis consequuntur perferendis non. Pariatur vel aspernatur in corrupti exercitationem soluta aut.', 'https://cdn2.philibertnet.com/305958-thickbox_default/uno.jpg'),
(108, 23, 'occaecati minima', 'Molestiae velit provident quas dolorem esse. Ea officia et omnis quia. Ratione quo in iusto illo iusto. Ea distinctio enim laborum alias. Officia ut voluptatem inventore molestiae nulla. Optio fugiat provident autem cum dignissimos ipsa. Assumenda quo nihil beatae ea velit fugit. Voluptatum ab quo asperiores ducimus asperiores. Consequatur nihil vitae ea autem molestiae. Quasi quia expedita est nam. Officia quibusdam repellendus repellat sed qui voluptas voluptas.', 'https://cdn1.philibertnet.com/343934-thickbox_default/7-wonders-duel.jpg'),
(109, 33, 'harum quis ducimus', 'Consequatur non dolor molestiae sunt impedit. Accusamus dolores reiciendis perferendis quas excepturi voluptas. Aliquid voluptatem quo suscipit culpa laboriosam beatae et itaque. Est ut a similique iusto aperiam. Adipisci labore placeat rerum ea ad exercitationem. Voluptatem id fuga doloremque atque. Accusantium deleniti esse delectus atque beatae laborum velit est. Maxime quasi vel suscipit dicta dolores voluptas voluptatem. Ad rerum modi harum ipsam dolor sed. Et et fuga quia dicta et. Dolores velit perspiciatis facere enim in voluptates voluptas.', 'https://cdn3.philibertnet.com/515976-thickbox_default/world-of-warcraft-wrath-of-the-lich-king-a-pandemic-system-board-game.jpg'),
(110, 25, 'perferendis enim', 'Nam consequatur assumenda eos sint est. Aut quo ut et dicta qui iusto consequatur dolore. Quaerat assumenda repellat tenetur eos id tenetur doloribus sint. Rerum et voluptates labore illo sed voluptatem molestias qui. Iste iste vitae quia in. Fuga libero magnam iusto ea eos autem. Nisi voluptatem quas nam at consequatur. Et maxime qui molestiae quam repellat a molestiae. Sapiente dolores corrupti a velit odio porro. Dolores dignissimos enim sed molestiae ad. Et voluptatum quos quisquam eligendi sequi aut in. Quis recusandae veritatis autem aut et autem aut nostrum.', 'https://cdn3.philibertnet.com/525941-thickbox_default/harry-potter-bataille-a-poudlard-extension-sortileges-et-potions.jpg'),
(111, 27, 'odit', 'At et explicabo perspiciatis iste quaerat. Omnis eveniet a impedit. Et non vel dolorem. Non saepe voluptatem facere officiis quia. Voluptatem fugiat error ea distinctio. Corrupti porro perferendis officiis. Sint ut voluptas aut voluptatem facere atque sed. Velit numquam necessitatibus error occaecati dolore eum porro. Aspernatur exercitationem officia eum. Dolorem ea consectetur qui culpa fugit vel ad. Omnis velit tempore itaque quaerat quia aut.', 'https://cdn3.philibertnet.com/472228-thickbox_default/the-crew.jpg'),
(112, 25, 'non', 'A tempora neque dolor quibusdam excepturi ab sunt. Natus corrupti eveniet eveniet explicabo molestiae. Neque vitae alias nemo esse consequatur eum ut. Aut velit et officia fuga. Magnam sint optio dolor error. Consectetur sit et veniam quia occaecati voluptas. Eligendi omnis consequuntur quia ex molestias ut. Dolores dolorem ea et nulla eos. Ut inventore eveniet quia temporibus cumque distinctio possimus. Placeat est soluta asperiores. Nisi debitis numquam at non aliquid qui facilis.', 'https://cdn2.philibertnet.com/456053-thickbox_default/skyjo.jpg'),
(113, 23, 'sit officiis', 'Laudantium sunt ut dolorem doloremque. Esse corporis adipisci mollitia quis sapiente. Voluptatum hic illum ipsa aut eos. Dolorem dolorem possimus alias et. Porro et qui quo cupiditate ducimus. Cupiditate repellendus nostrum qui dolor a quaerat. Ipsa id corrupti sapiente nostrum sit consequatur sit. Reiciendis eos voluptate quia enim. Sapiente mollitia nisi magni illo excepturi esse aut molestiae. Aut sed est voluptas deserunt saepe eveniet voluptatum totam. Eius quis hic ipsa. Eveniet eos et ducimus animi consequatur.', 'https://cdn2.philibertnet.com/305958-thickbox_default/uno.jpg'),
(114, 26, 'asperiores ut autem rem', 'Eos repellendus maiores officiis odit ipsa. Ab sit ut quaerat quisquam molestiae porro omnis. Qui beatae doloribus totam adipisci qui expedita. Eos ea non dolores recusandae impedit. Vitae error iste odio alias id quod nostrum. Ut ut qui exercitationem temporibus eos. Libero doloremque doloribus ipsum doloremque atque. Libero nihil nesciunt nulla sapiente. Porro quae incidunt error quidem aut.', 'https://cdn1.philibertnet.com/521033-thickbox_default/kingdomino-origins.jpg'),
(115, 31, 'qui corrupti ducimus voluptatem', 'Sapiente vel est commodi sunt qui. Facilis est aliquam aliquid qui assumenda nesciunt praesentium. Consequatur officia alias et magnam quas facere. Sint illo voluptatum distinctio. Aliquam commodi beatae aut sit in. Quia dolor cupiditate sint est commodi ullam. Iste velit quos atque nostrum excepturi aliquam. Dicta vitae quod odit neque quisquam qui possimus. Illum in veritatis in in nihil id aspernatur. Porro dolorum quis temporibus. Laboriosam similique eum itaque error.', 'https://cdn3.philibertnet.com/472228-thickbox_default/the-crew.jpg'),
(116, 34, 'sit accusamus', 'Non eum natus veritatis nihil tenetur aspernatur nobis. Id dicta eos autem optio. Totam commodi soluta vero expedita maxime commodi et. Alias quod qui ipsa dignissimos voluptatum earum ad laudantium. Provident id in sed. At corrupti repellat quos reprehenderit facere tenetur assumenda. Eaque doloribus voluptate itaque accusamus eius. Assumenda vitae accusamus soluta expedita in quos. Sit deserunt veritatis odio nobis quisquam accusantium. Facilis voluptatum et quia.', 'https://cdn2.philibertnet.com/522703-thickbox_default/terraforming-mars.jpg'),
(117, 24, 'repellendus et omnis', 'Sit velit nesciunt voluptas sed tempora. Dolores atque saepe quidem doloremque et. Sed dolorem unde veniam nihil qui vitae. Ut voluptatem reiciendis sunt consequuntur temporibus qui quod. Id ipsa non aut et. Sit non id reprehenderit voluptatem est. Esse debitis quibusdam explicabo exercitationem aut. Aut eaque rerum incidunt quisquam. Facere praesentium officia neque voluptas eaque debitis. Rem sapiente amet fuga. Consequatur tempora alias qui natus sit ad. Quia vero iure ipsum dolorem nihil blanditiis voluptatem non.', 'https://cdn3.philibertnet.com/515898-thickbox_default/7-wonders-architects.jpg'),
(118, 28, 'aliquam mollitia et dolores', 'Ut dolorum magni iusto eum blanditiis dolore nesciunt. Qui eius odit dolorem commodi quo tempora. Dolor laboriosam non optio et. Voluptate nihil mollitia est animi blanditiis pariatur voluptate. Ducimus culpa corrupti sint architecto quae sapiente voluptatem. Ut reprehenderit et omnis expedita repudiandae rerum. Iure voluptate laudantium ab vel expedita temporibus. Est sint atque placeat molestiae. Ipsa ipsam eveniet praesentium distinctio voluptas provident. Cupiditate fuga consequatur velit eum voluptas. Sed sed non molestiae sint reiciendis quia consequatur.', 'https://cdn3.philibertnet.com/520955-thickbox_default/unlock-game-adventures.jpg'),
(119, 27, 'minima vero laborum', 'Aut exercitationem quibusdam voluptas nam nemo aut excepturi molestiae. Rerum tenetur ad ut est. Minus quia perspiciatis beatae laboriosam omnis mollitia. Omnis quasi cumque est vero aut. Optio sed eveniet qui ex sit nihil et officiis. Quos officia quis consequatur aspernatur at illum iure. Excepturi voluptatem qui architecto inventore amet numquam qui. Accusamus accusamus quam sint tempora quo nobis est. Maiores ullam non consequatur quis. Consequuntur accusantium quod velit numquam ratione dolorem. Qui in veritatis molestiae ullam quam. Officia et ea omnis ratione ad cumque.', 'https://cdn1.philibertnet.com/343934-thickbox_default/7-wonders-duel.jpg'),
(120, 22, 'sed ipsum autem', 'Soluta tenetur et et vel architecto dicta ea quibusdam. Itaque consectetur vel velit nobis. Recusandae quidem et earum corrupti maiores. Adipisci veniam ducimus tempora recusandae. Culpa ullam corrupti omnis. Dicta consequuntur numquam quia. Sit id non ut magni deserunt harum. Recusandae reiciendis autem rem odio quos dolor eveniet. Laborum sed ut vel ut aut aut. Adipisci dicta ullam nihil hic debitis dolores. Ut nisi dolorum consequatur ut vero ad in. Magnam non officiis dolorum consequatur aut reiciendis iste. Quia nihil quos nobis repellendus optio quos aut. Unde a numquam omnis.', 'https://cdn2.philibertnet.com/513139-thickbox_default/assassin-s-creed-valhalla-orlog-dice-game.jpg'),
(121, 32, 'numquam maiores', 'Nemo magnam nesciunt alias repellat perferendis aliquam. Illo et amet omnis odit occaecati. Quasi dolores quisquam quod nihil. Accusamus fugit omnis voluptatibus repellendus a nobis. Enim eveniet placeat quo et tempore suscipit. Nisi excepturi unde voluptates. Eaque velit omnis quas quidem accusamus ipsum. Ipsum vel animi ducimus eius. Aut totam dolor eveniet aut vel aspernatur perferendis et.', 'https://cdn3.philibertnet.com/353015-thickbox_default/codenames-vf.jpg'),
(122, 28, 'deserunt', 'Quia et unde nihil nisi. Et facilis aut quo nisi dignissimos aut. Dolorem reprehenderit aspernatur et accusamus autem. Non praesentium blanditiis et tenetur. Quibusdam laudantium optio placeat illum vel fugiat. Cum provident voluptates fugit nihil laborum. Laudantium est aut illum tempore numquam ipsa vel ut. Odio non natus sapiente qui quia ea impedit. Aut alias voluptas eius nihil explicabo error natus. Ut fugiat voluptatem officia in. Repudiandae delectus in sequi velit.', 'https://cdn2.philibertnet.com/305958-thickbox_default/uno.jpg'),
(123, 32, 'vel et nemo', 'Rerum quia sunt id numquam quos ducimus. Nesciunt eos quia labore tempora impedit impedit. Voluptatem ad quia unde est quaerat dolorum. Deserunt quia perspiciatis sint tempora quo. Sit molestiae praesentium eos porro quo et. Omnis et sed unde neque autem repudiandae consectetur. Vitae officia eligendi assumenda debitis est et amet rerum. Dolores enim beatae aliquid molestiae odio facilis. Eos quo laudantium in consequatur praesentium. Ut tempora harum aut autem. Illum ut ipsa iusto at qui aut ut. Impedit velit voluptatem laudantium porro.', 'https://cdn1.philibertnet.com/494838-thickbox_default/marvel-champions-le-jeu-de-cartes-convoitise-galactique.jpg'),
(124, 32, 'incidunt numquam qui consequatur', 'Et eos voluptas est illum. Amet veritatis omnis est nisi nihil officia. Fugiat dignissimos nulla a natus. Molestiae impedit nisi debitis eveniet illo exercitationem quia eligendi. Consequatur qui similique aliquid iusto. Accusamus neque similique esse sit. Vero repellendus ad sed eius doloribus dolorem eius. Omnis sint perferendis veritatis ea. Eveniet quia veniam eos incidunt impedit maiores doloremque. Cumque hic blanditiis aliquid quaerat. Eius cumque repellat ipsam et qui cumque eos.', 'https://cdn3.philibertnet.com/353015-thickbox_default/codenames-vf.jpg'),
(125, 27, 'odio molestiae', 'Sequi eligendi est sequi ullam veniam. Excepturi quibusdam aliquam dolorum. Voluptatem quisquam quidem possimus esse modi qui dolores. Aliquam nam ut enim aspernatur eos aliquid consectetur autem. Omnis error dolore consequuntur unde inventore vel id. Nulla fugiat sed magni qui voluptatem. Est rerum quia voluptatibus beatae sed. Enim blanditiis voluptas in labore quaerat quo. Magnam et voluptatem enim a neque et iste. Exercitationem repellendus quis ipsa facilis non maiores et. Facilis aut voluptatem eveniet facilis dolor suscipit exercitationem. Facilis expedita optio vero.', 'https://cdn3.philibertnet.com/515976-thickbox_default/world-of-warcraft-wrath-of-the-lich-king-a-pandemic-system-board-game.jpg'),
(126, 19, 'quasi veritatis expedita pariatur', 'Asperiores ea nesciunt excepturi veniam et. Est officia quidem tempore quo aperiam eius. Consectetur omnis deserunt voluptatem cupiditate sed. Totam est a occaecati placeat tenetur. Fugiat dicta velit tempore voluptatem doloribus dicta est. Nostrum alias qui ut consectetur recusandae corrupti. Et repellat quasi corrupti. Reprehenderit quo dolor esse numquam adipisci modi. Rerum reprehenderit non in ducimus recusandae porro quia. Rerum voluptates ipsa excepturi enim sunt ducimus molestiae. Placeat quisquam aut dolor deserunt. Sit quidem qui autem perspiciatis quos.', 'https://cdn3.philibertnet.com/353015-thickbox_default/codenames-vf.jpg'),
(127, 27, 'fugiat', 'Voluptates et nisi et mollitia cum et officiis provident. Fugiat sint qui totam ratione. Sit voluptas sunt dolorum et tempora voluptatem occaecati. Rerum adipisci sunt quasi totam reiciendis exercitationem odit. Illum adipisci voluptas tempora sed quisquam a. Corrupti incidunt dolor et quidem et magnam soluta error. Illum iure non quia et quia. Aut veniam eveniet cumque voluptates nobis eligendi non. Odit quia tempore vel quo molestiae sunt. Maxime dolorem aspernatur dolorem. Eligendi reiciendis aut dolorum dolor. Repellat ea sunt quia.', 'https://cdn2.philibertnet.com/513139-thickbox_default/assassin-s-creed-valhalla-orlog-dice-game.jpg'),
(128, 29, 'et voluptatum eaque', 'Aspernatur accusamus aspernatur velit sed. Esse reprehenderit aut architecto cum aut. Repudiandae delectus sint aspernatur et cum et nemo. Velit aut quas facilis quo non ad. Est molestiae cum quaerat ut qui. Quos tempore sed ut. Molestias modi dicta pariatur. Accusamus tempora voluptatem deserunt nihil eaque. Eligendi possimus sequi non nulla voluptatem quo in. Ut dignissimos aut reprehenderit molestias.', 'https://cdn3.philibertnet.com/516145-thickbox_default/nouvelles-contrees.jpg'),
(129, 27, 'perferendis aut', 'Nostrum possimus quam eos optio quia eveniet. Nisi itaque ea non libero quae dolor. Voluptatum velit ipsa aut non. Voluptatem velit itaque quis sed rerum sint incidunt. Blanditiis omnis doloribus deleniti numquam nihil. Voluptatem ducimus aut et in. Et a perferendis illum eos ut. Earum quibusdam ex eveniet quis delectus. Et qui aliquid nisi nesciunt aliquid. Modi ipsum et architecto enim. Aut consequuntur eaque consequatur ducimus. Nihil asperiores voluptas eum eaque.', 'https://cdn2.philibertnet.com/456053-thickbox_default/skyjo.jpg'),
(130, 19, 'sunt', 'Fugit sit dolor velit omnis odio rerum. Incidunt qui unde ut laborum aliquam. Quo nisi placeat et accusamus quos. Molestias accusamus qui ut vel dolores id fugiat. Qui consectetur vel ipsum rerum. Velit voluptatem consequatur repudiandae amet eaque dignissimos illo. Dolorum repellendus sequi ea rerum dignissimos et ut. Quibusdam dolorem omnis quia fugiat. Iste sequi eaque voluptate facere. Quis sint consequatur alias expedita et voluptas. Voluptatem soluta explicabo consequatur deleniti dolor. Et est quibusdam eligendi perspiciatis delectus dolor. Quaerat numquam illum ipsum dolores error.', 'https://cdn2.philibertnet.com/305958-thickbox_default/uno.jpg'),
(131, 25, 'id', 'Similique inventore aut architecto iure voluptatibus. Similique quis facere deserunt. Qui voluptatem aut aliquid et sed. Qui sit sint accusamus. Cupiditate voluptates a dolores enim impedit ut. Excepturi vero mollitia aut tempora commodi. Id suscipit aut placeat facere et occaecati. Ut sint ut tenetur recusandae aut quia repellat enim. Cum cumque est ea. Nihil facilis magni sint aut repellat. Et corporis aut consectetur ut. Ducimus harum facere non magni non cumque architecto. Architecto recusandae natus aut odio. Vel quia ullam ut cum in.', 'https://cdn1.philibertnet.com/375938-thickbox_default/monopoly-classique.jpg'),
(132, 19, 'unde dicta', 'Eligendi et expedita dolorem et. Sequi quis voluptatem voluptatem a debitis consequatur et earum. Et veniam quia voluptatem vitae qui et unde. Esse ut in quam consequatur et enim et. Nemo est ea enim delectus optio sequi ut. Nemo nam id consequatur dolores sequi. Consequuntur rerum voluptate vitae eligendi quod mollitia non minus. Reprehenderit aliquid cumque corrupti eligendi.', 'https://cdn3.philibertnet.com/503205-thickbox_default/magic-the-gathering-horizons-du-modern-2-bundle.jpg'),
(133, 24, 'modi in', 'Non quam ab perspiciatis rem consequatur. Omnis saepe temporibus totam natus minima. Vel aut maiores est est odit sit. Pariatur ipsum sint esse assumenda doloremque non. Minus sunt qui pariatur nulla. Cumque quo rerum autem eum et. Dolorem molestiae molestiae voluptatem commodi consequatur aperiam. Dolorem nisi molestiae saepe earum. Qui sapiente voluptatum libero quasi ut non. Et quia illo in qui consequatur. Quas natus et quia exercitationem ipsam consectetur. Sint necessitatibus error atque officia ad quisquam. Numquam sed voluptatem iste similique eum vel culpa.', 'https://cdn3.philibertnet.com/516145-thickbox_default/nouvelles-contrees.jpg'),
(134, 34, 'rem ea', 'Ratione minus iure enim necessitatibus dolorem est sunt. Cupiditate et laudantium qui. Aut laborum dolorum voluptates numquam quis. Dolorem nostrum maxime hic. Atque nihil dicta labore perferendis. Velit sint corporis ut eos dolore sed. Delectus tenetur maiores maiores ut deleniti. Tempora quia aliquam porro qui dolorum similique quia. Qui laudantium est pariatur dolores et porro ullam quod. Harum voluptatem eum excepturi similique explicabo rerum.', 'https://cdn2.philibertnet.com/527633-thickbox_default/scrabble-deluxe.jpg'),
(135, 20, 'sit magni error', 'Cupiditate voluptatem porro dolores sapiente aspernatur. Et et similique voluptatem placeat. Expedita est placeat autem et quae. Adipisci placeat nam molestiae enim sint. Repellat aut odio sequi neque sequi ab voluptatem velit. Est voluptatem aut quasi dignissimos. Sunt molestiae ab non repudiandae nihil. Voluptatem deserunt et qui sint nemo molestiae. Et dolore a sed est. Illum autem omnis expedita laboriosam rerum.', 'https://cdn3.philibertnet.com/515976-thickbox_default/world-of-warcraft-wrath-of-the-lich-king-a-pandemic-system-board-game.jpg'),
(136, 32, 'ipsa reiciendis qui', 'Repellat tempore neque consequatur dicta. Amet nisi sit sit autem illo. Sed quo doloremque dolores enim et. Non et eaque est nisi et. Sint ab aut facilis accusantium aut quo. In sunt explicabo modi veniam ut. Molestias cumque esse id consectetur possimus pariatur. Libero corporis quibusdam aspernatur. Cupiditate itaque explicabo ipsa alias a quaerat est nemo. Quia rerum ab ut commodi rem nulla. Cum deleniti reprehenderit delectus ab cum voluptas. Odio modi corrupti tenetur harum dolores et. Quae deleniti distinctio vero.', 'https://cdn2.philibertnet.com/522703-thickbox_default/terraforming-mars.jpg'),
(137, 30, 'molestiae est mollitia', 'Quibusdam distinctio et dolor quia asperiores voluptates velit. Impedit quisquam consequuntur nihil natus in sequi. Et sit ut ullam commodi nulla explicabo. Dolor quis perferendis repellendus esse. Consectetur vitae distinctio in nostrum reprehenderit delectus optio. Id et nemo voluptatem in fuga. Totam ducimus odit magnam iusto. Magni qui praesentium enim quis quo ut. Quasi ipsa voluptatem consequatur. Sunt est ut non ipsam labore. Ut ut iste animi asperiores. Ad iusto et qui laudantium voluptas numquam explicabo. Libero totam ut et voluptate.', 'https://cdn2.philibertnet.com/527633-thickbox_default/scrabble-deluxe.jpg'),
(138, 34, 'doloribus ea', 'Impedit neque accusamus sunt enim. Asperiores temporibus dolorum doloribus minus ut. Unde aliquam consectetur totam voluptatibus et non. Odio non doloribus enim natus. Architecto et iure assumenda nihil a. Dolorem odit ad repellendus eligendi. Fuga odit modi repellat sed earum illo dignissimos eos. Earum ab molestias soluta incidunt aliquam nesciunt neque. Quas aliquam molestias provident repudiandae enim. Repudiandae adipisci nihil cupiditate ipsa ut ipsum perferendis ipsa. Ut quis animi cupiditate qui quasi ipsa non. Illum velit ut et molestiae sit maiores.', 'https://cdn1.philibertnet.com/494838-thickbox_default/marvel-champions-le-jeu-de-cartes-convoitise-galactique.jpg'),
(139, 32, 'amet ipsa', 'Similique qui reiciendis fuga corrupti reiciendis quaerat alias. Magnam similique cum qui eos voluptatem. Inventore aut dicta corrupti sed vel. Impedit distinctio consequatur et culpa earum veritatis dolor. Excepturi nisi ut enim alias ut culpa non distinctio. Ea sed nisi consequatur nihil nobis. Voluptates et non suscipit assumenda dolorem nobis adipisci. Enim facilis sunt est debitis excepturi qui doloremque. Reiciendis ut et consequatur quas. Non minima harum incidunt atque aspernatur fuga. Aspernatur quia qui eius officia rerum.', 'https://cdn3.philibertnet.com/525941-thickbox_default/harry-potter-bataille-a-poudlard-extension-sortileges-et-potions.jpg'),
(140, 24, 'consequatur', 'Animi sunt et numquam omnis odit blanditiis. Cum sint ratione eos deleniti. Quidem labore rem praesentium quae reiciendis nobis qui. Officia non quisquam quia laudantium est deserunt magnam. Quis ut aspernatur blanditiis. Et id error voluptates illum ratione pariatur at. Quas inventore consequatur sed explicabo et accusamus. Accusamus voluptatem id asperiores minus. Provident omnis dolores aut. Provident sint iure numquam aut eius ex. Nisi rem incidunt quis maiores eum est tempore.', 'https://cdn2.philibertnet.com/305958-thickbox_default/uno.jpg'),
(141, 22, 'possimus', 'Hic omnis consequuntur eum eligendi iusto aut. Maxime ipsam aspernatur harum sequi iste et. Ut omnis molestias provident cumque enim asperiores. Et quidem in quas ducimus rerum et ipsam. Quos consequatur veniam praesentium nihil corrupti. Voluptas accusantium iste mollitia ut velit ab voluptate impedit. In mollitia quasi ducimus sint voluptas alias aut. Nemo commodi eos blanditiis temporibus. Quam distinctio molestiae quia autem. Ullam temporibus earum et consequatur itaque. Optio aut suscipit ullam.', 'https://cdn3.philibertnet.com/353015-thickbox_default/codenames-vf.jpg'),
(142, 20, 'non rem et', 'Adipisci sequi dicta est in laudantium deserunt natus. Est ipsum rerum est. Dolorem dolore et nam sed et vero fugiat. Doloremque totam quasi aut. Voluptatibus esse saepe et omnis. Mollitia aut quibusdam saepe et nam. Illo est hic velit commodi et est molestias. Error quo molestiae doloremque ea. Nam quia et asperiores. Ea fugiat molestias vero modi aut corporis quia. Et ab reprehenderit voluptas. Expedita est voluptate quia ut minus aliquam. Dolorem quaerat possimus laudantium dolorum assumenda provident. Adipisci quia autem neque omnis.', 'https://cdn3.philibertnet.com/525941-thickbox_default/harry-potter-bataille-a-poudlard-extension-sortileges-et-potions.jpg'),
(143, 26, 'iste', 'Eius aut est odio officia veritatis. Quas commodi ad est et corporis voluptas. Veritatis incidunt dolorem corrupti repudiandae voluptatem recusandae porro. Recusandae totam sit dolorem. Aut aut cum aspernatur voluptates. Et deleniti harum rerum ipsum voluptatem illum atque. Provident facere unde fugiat omnis eum. Nihil enim et eligendi omnis modi iusto reiciendis. Commodi in consequatur iste nisi qui laudantium. Quae itaque at ut.', 'https://cdn2.philibertnet.com/516468-thickbox_default/saint-seiya-le-jeu-de-deckbuilding-poseidon.jpg'),
(144, 23, 'repudiandae aut', 'Quis ipsum aut dolores doloribus veniam aspernatur eveniet. Alias dolor consequatur doloribus dolor ad. Quisquam praesentium culpa ab commodi velit. Eligendi excepturi porro qui et sequi quis. In consectetur repellat sint velit. Aut neque odio aliquid dolorem. Est optio animi tempore quas. Quaerat id dolores eum error. Ipsa nesciunt molestiae saepe voluptas enim. Numquam ullam dicta magnam sapiente rerum. Necessitatibus consequuntur eveniet vel quo et aut voluptates. Cum non voluptas facilis quia praesentium et.', 'https://cdn2.philibertnet.com/305958-thickbox_default/uno.jpg'),
(145, 21, 'eaque', 'Provident accusantium occaecati quisquam quo. Earum nesciunt et incidunt qui rerum culpa quia. Vel dolores officiis qui tempore. Ullam fugit tenetur dicta ut praesentium. Ex eveniet accusantium recusandae ut fuga. Voluptas aliquam voluptatem omnis voluptatibus quisquam. Sunt magni velit animi facere explicabo. Dolorem id dolores sunt provident animi nobis. Aut itaque cum temporibus soluta. Ut quis consequatur impedit harum vero illo. Perspiciatis molestiae molestias rerum odio. Et magnam et cum aut omnis. Et cumque autem nulla laboriosam dolorum qui et.', 'https://cdn2.philibertnet.com/522703-thickbox_default/terraforming-mars.jpg'),
(146, 31, 'voluptatibus', 'Laboriosam suscipit aspernatur veritatis accusamus. Voluptatem cupiditate dicta blanditiis minima explicabo beatae blanditiis. Dolorem sit sed voluptatem qui vero. Praesentium perspiciatis necessitatibus autem et est quisquam illum. Corporis eaque aut assumenda qui laboriosam laudantium ut. Qui dolorum fugiat temporibus. Voluptas illum fugiat omnis earum. Animi aut distinctio facere repellendus et earum. Alias mollitia dignissimos vitae accusantium ea. Nihil assumenda et sed et est aut est quia.', 'https://cdn2.philibertnet.com/522703-thickbox_default/terraforming-mars.jpg'),
(147, 34, 'voluptatem laudantium', 'Et recusandae labore aut voluptatem ea rerum praesentium. Perferendis molestiae ex voluptas doloremque earum consequatur veritatis. Molestias facere dolorem tempora aliquam voluptates eos qui. Ad eligendi ut at et corporis. Molestiae nobis mollitia eligendi fugiat. Praesentium placeat ipsum reprehenderit qui totam sit. Perferendis officia quia modi cumque asperiores officia eligendi quae.', 'https://cdn2.philibertnet.com/527633-thickbox_default/scrabble-deluxe.jpg'),
(148, 25, 'qui sint rerum vero', 'Tempora libero qui eos rerum. Hic porro voluptas vitae est non omnis iste. Modi fugit explicabo sequi harum et. Necessitatibus aut doloremque aliquid optio perferendis alias sint saepe. Quis animi ad qui et sit. Est rem quo mollitia ab iusto. Quis autem aut aliquid unde. Necessitatibus ex perferendis placeat ad quod minima. Quia odio non et et sapiente ab. Magnam laborum minus qui velit suscipit necessitatibus temporibus. Ab veritatis quae debitis ea consequuntur. Exercitationem architecto recusandae vitae voluptates dignissimos molestiae laboriosam mollitia.', 'https://cdn3.philibertnet.com/516145-thickbox_default/nouvelles-contrees.jpg'),
(149, 24, 'non', 'Aperiam sit ipsum omnis quia qui. In possimus iste dolores eveniet voluptatem corrupti. Quas ab velit cupiditate corporis minima officia. Magni aut dolores consequatur praesentium. Alias corrupti officiis repudiandae dolores ratione deleniti. Dignissimos illum mollitia et. Sed sapiente dolorum qui molestias. Sint qui quod animi ut cumque ratione. Fugiat consectetur doloremque omnis laudantium. Dolorem a ut quam impedit dignissimos. Officia quas animi nemo est delectus officiis in. Assumenda ut est quas et eius velit.', 'https://cdn2.philibertnet.com/527633-thickbox_default/scrabble-deluxe.jpg'),
(150, 32, 'tempore velit quia molestias', 'Quae dolorem omnis et doloribus amet ratione qui. Velit in et molestiae. Quis sint nam ut est ipsam maiores. Alias assumenda enim molestiae deserunt minima qui aperiam. Rem aut sequi corrupti architecto natus. Debitis deleniti voluptatem vel. Cupiditate totam tenetur necessitatibus fuga aperiam. Maxime et ut non officiis sunt numquam. Aspernatur voluptate quo vitae ipsum sit. Velit sed similique voluptas et quia praesentium. Architecto aut magni autem. Atque explicabo error recusandae similique sit. Blanditiis accusamus voluptatem modi.', 'https://cdn2.philibertnet.com/516468-thickbox_default/saint-seiya-le-jeu-de-deckbuilding-poseidon.jpg'),
(151, 33, 'quia rerum est', 'Qui aut voluptatibus neque dignissimos laudantium dolor. Odit rem facilis iste mollitia eveniet. Ipsa eveniet cupiditate quae quia minus voluptas maxime. Ex officia fuga omnis dolores distinctio. Dolorum et sit sit recusandae nostrum tempora. Quibusdam molestias reiciendis et corporis doloribus. Nam laudantium sit deserunt eveniet sed sit. Quas autem consequatur autem et aliquam alias ea. Quam sunt fuga exercitationem in distinctio odio.', 'https://cdn3.philibertnet.com/525941-thickbox_default/harry-potter-bataille-a-poudlard-extension-sortileges-et-potions.jpg'),
(152, 31, 'unde aut aliquam', 'Est corrupti ut asperiores mollitia optio consequatur quia. Inventore quisquam rerum officiis vero sint itaque. Nulla neque provident quia. Nesciunt recusandae consequatur quo et dolore. Rem aperiam molestiae ratione sit totam quis minima. Vel natus ut deleniti omnis voluptatem laborum assumenda numquam. Esse reprehenderit distinctio magnam ipsam cum qui porro est. Dolore impedit placeat ea perferendis id. Consequatur sunt nobis voluptatum ex ea et ut. Est ea odit libero quaerat sapiente veniam modi. Aut est rerum et. Neque et laboriosam labore.', 'https://cdn3.philibertnet.com/515976-thickbox_default/world-of-warcraft-wrath-of-the-lich-king-a-pandemic-system-board-game.jpg'),
(153, 30, 'qui molestias reprehenderit tenetur', 'At temporibus ipsum nulla sed amet. Non omnis dolor quidem consequuntur animi modi non quam. Recusandae perspiciatis eligendi dolores ut consequatur modi. Non similique fugiat dolorem tenetur nobis occaecati et. Recusandae ut et et est. Deleniti perferendis veniam aliquam aut et. Praesentium ullam vero ea adipisci labore impedit. Et non dolorem id eos et omnis. Quis est dolorem odit quaerat. Ad enim odio cumque ut numquam.', 'https://cdn2.philibertnet.com/305958-thickbox_default/uno.jpg'),
(154, 26, 'omnis suscipit ipsum', 'Voluptatem et autem similique aspernatur sequi aut suscipit ad. Reprehenderit doloremque vitae eius facere consequatur sit qui. Eos dolor ad est sit. Non tempora laboriosam itaque quo consequatur. Ut ratione maiores qui incidunt corrupti delectus. Ut eum quam quaerat et quisquam ea quae. Maiores quos repellat aut et et harum ut. Omnis nihil consequatur sint id corporis. Sit qui incidunt modi ratione ut vel fugiat. Beatae ut esse ab architecto velit. Iusto repellendus repellendus assumenda perferendis. Reprehenderit magnam libero est rerum dolores. Ut vitae porro est minima.', 'https://cdn2.philibertnet.com/305958-thickbox_default/uno.jpg'),
(155, 25, 'magnam eum', 'Quos et atque error asperiores. Et autem expedita laudantium facilis et suscipit eum deserunt. Ut eos repudiandae consequatur quas aut repellat. Mollitia nisi adipisci eum necessitatibus. Et voluptas nihil iure illo. Ut ea modi et ducimus. Consequatur impedit impedit id non et et. Fugiat quibusdam voluptatem perferendis itaque et velit ut. Asperiores distinctio sint dolor ut similique tempora iusto. Aliquam consectetur ut illo sapiente. Nesciunt autem vitae ea sint ipsam optio aut nostrum. Iste ut ipsam nulla dignissimos. Exercitationem culpa sit qui dolores. Enim eum dignissimos consectetur.', 'https://cdn3.philibertnet.com/503205-thickbox_default/magic-the-gathering-horizons-du-modern-2-bundle.jpg'),
(156, 26, 'odit aut assumenda', 'Minima et aut rerum quis. Autem voluptatem iure ex nemo architecto temporibus voluptas. Nihil veritatis voluptatum ducimus repudiandae provident ducimus. Laudantium rerum et sint sed. Sit nihil nam quidem est veritatis quos. Qui est minima vitae est repellat odit. Labore voluptas dolores est. Quaerat quaerat sunt vero magni qui et sunt. Et praesentium dolores sed fugit repellendus dolor tempora. Et atque porro dolorem et necessitatibus consequuntur nisi hic. Voluptatibus molestiae facere occaecati iure voluptatem eveniet consequuntur. Est enim est molestiae perferendis.', 'https://cdn3.philibertnet.com/520955-thickbox_default/unlock-game-adventures.jpg'),
(157, 33, 'occaecati et nihil quod', 'Excepturi quo praesentium velit quidem non. Asperiores neque expedita officiis. Explicabo quisquam maiores sint sed qui et ducimus. Modi molestias voluptatibus ducimus minus esse porro. Debitis vero expedita omnis aut perspiciatis qui voluptatem rem. Fugiat velit nulla sit quod. Omnis optio consequatur similique. Exercitationem nesciunt voluptatem nemo dicta cupiditate. Eligendi voluptates asperiores ut omnis non. Animi omnis explicabo aut laborum expedita perferendis nulla iusto. Illum voluptatem quis sunt eum vero aliquam. Ut consequatur et quas cumque magni ut nobis.', 'https://cdn3.philibertnet.com/503205-thickbox_default/magic-the-gathering-horizons-du-modern-2-bundle.jpg'),
(158, 25, 'beatae quas repellat eaque', 'Omnis consequatur illo non sed ipsa. Minima officia perspiciatis expedita quos et natus. Nulla amet eum cumque nihil cum laborum cum. Quae quam repudiandae aut fuga. Exercitationem ipsam fugiat quia autem. Adipisci voluptatem quas quod neque odio. Eius et est ut eligendi. Totam ut veritatis dolorem et dolorem quia consequatur. Corporis accusantium similique illo et ipsum ut aliquid. Placeat tempora vel exercitationem sequi natus sed dolorum. Ut dolorem suscipit et fuga perspiciatis qui.', 'https://cdn2.philibertnet.com/516468-thickbox_default/saint-seiya-le-jeu-de-deckbuilding-poseidon.jpg'),
(159, 28, 'enim commodi at veniam', 'Velit ratione et quod magnam vel dolore. Ut quod sapiente deleniti porro commodi dolor. Ullam ut quaerat qui accusamus sint. Dolor quod saepe quasi. Ut harum quas corrupti tempore. Incidunt voluptatum repellendus nisi quia. Ut occaecati odit iusto quo officiis. Iusto pariatur explicabo aut enim molestias. Commodi voluptatem tempore et voluptatem saepe consequatur. In eveniet sed modi atque sed. Ipsam dolores rem accusantium voluptas molestias eum itaque. Quas vitae placeat ullam. Dolorum nihil dolores voluptates tempore magni qui quia.', 'https://cdn3.philibertnet.com/515898-thickbox_default/7-wonders-architects.jpg'),
(160, 33, 'ea voluptas', 'Ducimus non sunt debitis aliquid fugiat. Ut in laboriosam maiores reiciendis eius sit et quisquam. Rerum rerum qui dolorem quidem iure accusamus non nobis. Magnam ad omnis ratione dolores. Voluptatem aperiam itaque distinctio et consequatur. Explicabo impedit accusamus aliquid. Ea earum vel eum iste est. Et voluptatem dolorem ad voluptas. Non qui ab perspiciatis sapiente. Dolorum ut ad dolores dicta dolorem excepturi magnam doloribus.', 'https://cdn3.philibertnet.com/525941-thickbox_default/harry-potter-bataille-a-poudlard-extension-sortileges-et-potions.jpg'),
(161, 32, 'aliquam beatae sunt', 'Deleniti delectus saepe quos eos culpa. Et dolores cupiditate maiores eius quis in. Quia sint magni tenetur qui molestias neque. Quidem quia et voluptatem ratione porro magnam vel earum. Vitae id ex in qui earum. Omnis architecto voluptatem a ipsum excepturi. Labore non earum sit magnam consectetur atque voluptatibus exercitationem. Cumque labore et aspernatur culpa dolores quae eos totam. Omnis magni vel repudiandae illo corporis est. Enim aperiam excepturi sapiente occaecati. Laudantium nulla ullam quasi rem. Sit nulla explicabo numquam enim.', 'https://cdn2.philibertnet.com/516904-thickbox_default/le-seigneur-des-anneaux-voyages-en-terre-du-milieu-guerre-ouverte.jpg'),
(162, 24, 'ratione', 'Commodi exercitationem ipsa eum consequatur. Consectetur aut ex repudiandae a exercitationem sapiente molestias. Excepturi quia itaque dolorem voluptas odio sit tenetur adipisci. Delectus quasi nulla illum ipsum quae facere. Alias nesciunt aspernatur provident et vero saepe iusto repudiandae. Natus iste cum culpa vitae sit qui exercitationem. Assumenda qui qui cupiditate rem iste id iusto. Placeat quis esse quos soluta aut neque sed. Assumenda itaque excepturi quas. Provident aut esse dolore rerum debitis. Modi doloremque eius est numquam veniam maxime consequuntur.', 'https://cdn1.philibertnet.com/343934-thickbox_default/7-wonders-duel.jpg'),
(163, 24, 'quo nobis', 'Ipsa quas ut maiores dignissimos perferendis similique tempora. Non nisi vero error eos sed recusandae recusandae. Enim quae reprehenderit beatae nam nobis cumque autem pariatur. Consequuntur ad in cumque facilis ipsam praesentium quis est. Et voluptatum sunt nesciunt. Et dolores sit velit ipsam cum molestiae et. Eum necessitatibus sed iste exercitationem est vitae. Reiciendis recusandae non modi et. Magni ex incidunt architecto error perferendis et quia. Vel sit rerum repellat ut a. Et praesentium reiciendis assumenda cum temporibus nam.', 'https://cdn2.philibertnet.com/513139-thickbox_default/assassin-s-creed-valhalla-orlog-dice-game.jpg'),
(164, 25, 'rerum', 'Maiores voluptatem maxime praesentium explicabo velit. Et repellendus ipsam et qui deserunt. Et alias quis quia. Officia quia nemo minima quas corporis. Fuga doloribus nisi aut aliquid aperiam necessitatibus molestiae. Aut est rem porro excepturi optio architecto. Culpa autem omnis sit facilis impedit. Eum rerum esse maxime est quae nisi perspiciatis. Est labore rem doloribus. Fugit et qui non optio id. Saepe atque voluptate aliquam aliquid.', 'https://cdn1.philibertnet.com/494838-thickbox_default/marvel-champions-le-jeu-de-cartes-convoitise-galactique.jpg'),
(165, 25, 'aut in enim molestiae', 'Sunt dolorem maiores molestiae sit. Harum explicabo corporis non velit quaerat aspernatur eveniet. Est ut ut iusto et voluptas. Omnis maxime voluptatem et eligendi quaerat ut ab rerum. Et quis aliquam sit praesentium. Eius omnis ipsa illum quasi sint cum et. Expedita quidem sapiente cum nesciunt explicabo. Ad et ut nihil corporis qui veritatis fuga. Sunt iure eius et hic nam. Est dolor amet quasi placeat minima. Ut at dolorem id id nobis voluptatibus maiores. Hic consequatur molestiae et dolorum repellat facere.', 'https://cdn1.philibertnet.com/375938-thickbox_default/monopoly-classique.jpg'),
(166, 25, 'illo id eos', 'Est distinctio unde molestiae nihil nobis. Quibusdam vel animi repudiandae architecto sunt quasi maiores. Sequi rerum dolores rerum deleniti autem placeat voluptatibus. Aliquam itaque praesentium voluptatem aliquam quibusdam velit sint. Possimus maxime dignissimos est fugit. Et ad sapiente sunt maxime aut magnam. Aut rerum nobis adipisci voluptas. Voluptates vel consequatur quod cumque eum. Et rem distinctio tempore. Optio et aut nulla aut est. Tempore omnis mollitia ut adipisci suscipit minus et. Ad cupiditate debitis nam velit corrupti repellat.', 'https://cdn3.philibertnet.com/503205-thickbox_default/magic-the-gathering-horizons-du-modern-2-bundle.jpg'),
(167, 22, 'totam', 'Quia consequatur quasi voluptatibus laboriosam. Laborum hic soluta quo iure porro eaque. Aperiam fugiat incidunt consequuntur rerum voluptatem. Ut quam laudantium fugit fugit. Minus dignissimos necessitatibus est dignissimos. Et qui omnis itaque reprehenderit enim adipisci. Rerum iusto iusto tempore totam accusamus corrupti deleniti. Ullam consequatur rerum doloremque et. Fuga ab ex minima culpa perferendis fugit. Eaque nisi repudiandae culpa quisquam id aspernatur officiis.', 'https://cdn3.philibertnet.com/520955-thickbox_default/unlock-game-adventures.jpg'),
(168, 34, 'minus perspiciatis qui', 'Dolore odit laborum fuga et. Velit suscipit quia sint quae laboriosam debitis cumque assumenda. Iusto veritatis adipisci similique consequatur quidem deserunt et. Sunt in quasi sit dolorem. At ipsum assumenda consectetur incidunt et. Nisi est tempora praesentium. Repudiandae cumque laudantium consequatur voluptate ipsam qui nulla. Voluptatibus tempore earum molestiae consequatur natus temporibus harum. Suscipit dolorem eligendi accusamus ullam nemo quidem. Qui in voluptatum doloribus eius accusamus quisquam. Laboriosam aut ea architecto asperiores.', 'https://cdn3.philibertnet.com/353015-thickbox_default/codenames-vf.jpg'),
(169, 21, 'aut', 'Dolorem maxime magnam consequuntur aut at repellat quisquam. Enim est vero eaque sint atque et veniam. Nisi voluptatem doloribus quis nulla. Consectetur quisquam et fuga repellat fugit. Amet non commodi eos eum. Asperiores expedita et tenetur aut deserunt eum consectetur. Quisquam fugit quam ullam libero earum aut in. Unde nisi quos quas rerum ex eos. Voluptatem et laborum eveniet ab atque. Eligendi assumenda unde quis est est facilis. Corporis harum exercitationem corrupti est dolores fugit voluptatum.', 'https://cdn1.philibertnet.com/521033-thickbox_default/kingdomino-origins.jpg'),
(170, 30, 'voluptas voluptates molestias laborum', 'Iusto doloremque nostrum aperiam est deleniti eos iure natus. Consequuntur enim odio suscipit et vel. Eum et commodi dolore. Repellendus omnis vitae quibusdam aut qui aperiam deserunt. Odio dolore voluptate a totam magnam dicta. Et expedita et cum dicta. Beatae omnis qui sint eaque voluptate. Ducimus laboriosam ipsum necessitatibus aut. Harum amet numquam nam est vero. Dolor consequuntur repellat itaque incidunt tenetur. Recusandae et veritatis distinctio id. Eos deserunt architecto beatae tenetur. Eum ut cum aliquam minima eum.', 'https://cdn3.philibertnet.com/503205-thickbox_default/magic-the-gathering-horizons-du-modern-2-bundle.jpg'),
(171, 33, 'aut et', 'Dolorem alias necessitatibus aspernatur numquam voluptas. Doloremque reiciendis dolorem est. Quidem eveniet laborum delectus. Quaerat quae maxime quasi molestiae hic autem vel. Quo eos debitis aliquid nam incidunt ut dolore. Fugit aliquid quidem amet molestiae amet officiis et. Aut dolor sequi eum quia omnis. Velit mollitia rerum aut aut aliquid magnam aspernatur. Sequi facilis est neque voluptatem vel sint. Asperiores dolores minima ipsum reiciendis et. Sunt numquam sunt cupiditate fugiat quo.', 'https://cdn3.philibertnet.com/353015-thickbox_default/codenames-vf.jpg'),
(172, 28, 'sed officiis dignissimos', 'Sapiente delectus nisi nostrum ut libero dolor dolorem. Tempora doloremque rem vero. Consequatur non nisi atque architecto repudiandae exercitationem ut. Et quaerat omnis quo omnis repellendus. Vel dolor et voluptates possimus voluptatum a similique. Ea voluptatem aperiam deleniti omnis ratione. Delectus voluptatum a eos impedit voluptatem. Iste odio libero itaque eos. Vero culpa et est aut modi. Quos qui aut sint incidunt.', 'https://cdn2.philibertnet.com/513139-thickbox_default/assassin-s-creed-valhalla-orlog-dice-game.jpg'),
(173, 26, 'optio neque voluptatem', 'At officia facilis voluptates rem. Vel consequatur ut sequi hic. Nihil ad cum sed omnis quia corporis voluptatem delectus. Molestias eaque ut sunt quos. Maxime eos odit ducimus ratione sit recusandae alias voluptas. Est laboriosam odit in eligendi molestiae sit rerum. Et ea qui ut est. Nemo sed libero eos reiciendis veniam in provident aut. Culpa illo eius ut ut maxime eos. Inventore illo rerum rerum voluptate eos dicta. Mollitia omnis a voluptatem placeat a. Sit nostrum vel veritatis qui doloribus molestias quos. Magnam tenetur labore alias neque asperiores.', 'https://cdn2.philibertnet.com/513139-thickbox_default/assassin-s-creed-valhalla-orlog-dice-game.jpg'),
(174, 34, 'quas error ex et', 'Quia qui quibusdam velit et dolores alias recusandae minus. Excepturi debitis asperiores facilis minima quia. Earum sequi pariatur illum. Possimus assumenda asperiores sed architecto nihil quas odit molestias. Esse modi qui architecto. Consequatur expedita deleniti ducimus. Est dolorem commodi sint omnis repellendus. Ad animi ad cum iste. Excepturi veritatis facilis est nam nihil ducimus. Veniam reiciendis ea qui est voluptatem quidem fugiat. Blanditiis praesentium reiciendis omnis velit ut nulla. Earum consequatur aperiam aut adipisci temporibus corrupti.', 'https://cdn1.philibertnet.com/343934-thickbox_default/7-wonders-duel.jpg'),
(175, 24, 'voluptatibus officia veritatis', 'Illum minima molestiae consectetur laborum impedit perferendis voluptatem. Vero amet suscipit iure libero. Nostrum et atque modi porro saepe. Tempora velit aut id aliquam maxime est. Amet quam modi quaerat voluptatem ex quaerat eaque. Ut officia deserunt quidem voluptas rerum. Illum quia dicta ducimus laboriosam aut autem debitis sapiente. Corrupti tempora ut quam ex non qui iste. Facilis est inventore fugiat et. Distinctio quia quam minima nam ad. Pariatur ut doloremque eos. Natus voluptatem tenetur suscipit. Eum velit laudantium incidunt modi qui illo.', 'https://cdn1.philibertnet.com/343934-thickbox_default/7-wonders-duel.jpg'),
(176, 19, 'animi minus qui consequuntur', 'Esse aut dolores cumque placeat. Sequi eum dolores quia consequatur. Eum hic inventore consequuntur tempora corrupti quidem. Excepturi voluptatibus excepturi est tenetur et suscipit. Et voluptatem sapiente quia sunt. Molestias ea est officia. Itaque eveniet tempore a dolorum facilis non laborum libero. Eveniet non commodi et dolor sequi saepe quisquam. Facere maiores ipsam provident laborum vero. Excepturi quia sed ut cupiditate eos. Et rem quidem et dolor. Eius officia sapiente est aliquid.', 'https://cdn1.philibertnet.com/494838-thickbox_default/marvel-champions-le-jeu-de-cartes-convoitise-galactique.jpg'),
(177, 22, 'at quis', 'Eveniet ut qui odit fugiat explicabo provident excepturi. Aut saepe ipsa est natus natus assumenda quas rerum. Omnis deleniti dolorum sint. Tempore dolorem autem autem. Rerum quasi amet quia. Autem perferendis reprehenderit eligendi voluptas quae est tempora. Ut aut cupiditate delectus occaecati. Minus debitis odio et reiciendis quibusdam cumque. Consequuntur perferendis ad qui eos voluptatem. Laudantium necessitatibus soluta facilis ea nobis est.', 'https://cdn2.philibertnet.com/527633-thickbox_default/scrabble-deluxe.jpg'),
(178, 23, 'libero cumque', 'Suscipit omnis eum dolorem est sequi cumque assumenda. Est sit hic sed omnis magni. Iusto possimus repellendus omnis harum repellat dolor qui. Inventore quasi et et eum minima vel aliquid porro. Fuga aut cupiditate sed placeat necessitatibus enim aut. A dolores ut inventore quas animi. Amet voluptatem ipsum cupiditate veritatis voluptatibus. Delectus reiciendis impedit enim distinctio. Quia pariatur quia consequatur consequatur quam libero ducimus. Qui enim illum eius consequatur aspernatur. Praesentium vero maxime est quaerat qui eos.', 'https://cdn1.philibertnet.com/343934-thickbox_default/7-wonders-duel.jpg');
INSERT INTO `board_game` (`id`, `category_id`, `name`, `description`, `picture`) VALUES
(179, 29, 'nihil et et', 'Facilis laborum asperiores aut. Ut vel quasi perspiciatis perferendis et velit. Ad temporibus sint nostrum rerum optio autem. Quis commodi et enim. Corporis sed explicabo molestiae minima. Voluptatem voluptas impedit quae veritatis tempora ab sit. Reiciendis eos qui tempore voluptatem quibusdam nulla est. Earum totam similique optio harum molestiae voluptate quia. Placeat ea rerum nulla inventore eum. Odio id sint et quis qui atque. Porro at minima officiis maxime.', 'https://cdn3.philibertnet.com/525941-thickbox_default/harry-potter-bataille-a-poudlard-extension-sortileges-et-potions.jpg'),
(180, 27, 'hic', 'Quisquam consequatur non eius minima quia saepe odit aliquam. Aspernatur voluptas pariatur nihil totam aut quibusdam. Vel laudantium possimus dolore mollitia. Rerum et cum dolores dignissimos ea enim aut debitis. Ipsam voluptatibus hic repudiandae dolorem. Non nobis sint esse eos blanditiis. Reprehenderit dolore quia facere ad. Qui natus accusamus maiores velit quia. Aut dolorem sapiente aut accusamus ab et ut. Ut nulla est quis provident.', 'https://cdn2.philibertnet.com/522703-thickbox_default/terraforming-mars.jpg'),
(181, 25, 'non sequi dolores neque', 'Optio et aut at qui delectus. Dolorem voluptas quia tenetur et placeat aliquam quia qui. Consequatur possimus magnam nesciunt eum pariatur earum nobis beatae. Voluptatem ut eveniet consectetur enim dolorem quo maiores. Eos et saepe optio. Magnam asperiores et nemo officiis in sunt sed. Velit magni modi et. Sunt dolorum aliquam quia sit ipsam. Totam eaque eius tenetur et repellendus laboriosam. Totam eum ipsum distinctio et voluptatem. Voluptatum ab rerum omnis suscipit saepe. Et perspiciatis vel aliquid ut sit.', 'https://cdn3.philibertnet.com/472228-thickbox_default/the-crew.jpg'),
(182, 32, 'omnis', 'Pariatur ut tempora ex aspernatur error. Quae consequatur doloribus voluptatibus modi. Et consectetur at architecto illo et corrupti ut. Rerum error dolorem fuga illo reiciendis doloremque perspiciatis eveniet. Excepturi est voluptates quidem natus facere deserunt animi quo. Sit quia et ea aliquam. Ab quia ipsum ut ratione. Accusamus aut animi dolore molestiae iste error tempore. Accusamus explicabo nulla voluptas omnis eligendi laboriosam qui. Consectetur praesentium itaque fuga. Ratione consequatur reiciendis modi eos optio.', 'https://cdn3.philibertnet.com/516145-thickbox_default/nouvelles-contrees.jpg'),
(183, 21, 'similique non quas itaque', 'Omnis aut mollitia libero dolor voluptatem sapiente repudiandae. Iste aut provident dicta veritatis accusantium ut ea doloremque. Reprehenderit velit libero praesentium inventore qui. Tempore et laborum sapiente consequatur ullam adipisci totam. Ratione rerum modi optio harum. Omnis sunt doloribus et qui quia eos. Inventore aperiam voluptatem reiciendis non. Dolorum rerum veritatis aliquid voluptatibus et enim. Ea omnis id quo et. Ab non fuga perferendis id.', 'https://cdn3.philibertnet.com/515976-thickbox_default/world-of-warcraft-wrath-of-the-lich-king-a-pandemic-system-board-game.jpg'),
(184, 24, 'soluta et et architecto', 'Fuga consequatur quod amet expedita. Recusandae ut vel eum eos odit et. Quae quia ea accusantium molestiae dignissimos sit. Velit illum laudantium delectus ut ab. Non labore nostrum quia facere. Quas sit sint impedit. Quia incidunt molestias dolor vel quam placeat voluptas. Repellendus itaque necessitatibus officia amet incidunt eveniet. Rerum odio aliquam doloribus minima. Et dolorum quisquam explicabo repudiandae. Sint similique vel atque nobis voluptatem expedita. Ut dolores odio vitae exercitationem pariatur dolorem incidunt. Et laborum ipsa rerum fugiat.', 'https://cdn1.philibertnet.com/521033-thickbox_default/kingdomino-origins.jpg'),
(185, 21, 'at sint', 'Eum sit omnis ipsum qui atque. Rerum iusto illo ut. Culpa delectus voluptas officia vel officiis. Dolorem maiores sint id nemo eum ut esse sint. Quis quos quia est omnis dignissimos quod. Quidem modi dignissimos non nam qui commodi. Asperiores rerum iste quo quasi. Et sed assumenda sed quod quidem et hic. Voluptates atque omnis unde numquam accusamus iusto eveniet. Ut qui delectus dolor dolorem. Aliquam sed quis voluptate eius non eum. At rerum est nisi nulla adipisci nihil. Minima at iusto sed laboriosam exercitationem deleniti. Sit earum vero rerum. Qui nam nam voluptas rerum illo ut.', 'https://cdn2.philibertnet.com/305958-thickbox_default/uno.jpg'),
(186, 31, 'pariatur', 'Aut odio eius iusto minima blanditiis quis a. Provident blanditiis aut similique ea voluptatem hic suscipit. Incidunt beatae recusandae qui. Tempora omnis tempora consequatur commodi. Aut quo nostrum aut cumque mollitia itaque repellat. Sed aut laboriosam neque provident. Impedit molestiae aut aut consequuntur. Ut consequuntur fuga iure possimus alias voluptatem voluptatem aliquam. Excepturi est est facilis tempora molestiae molestias. Labore ipsum corporis in eum eum sint autem. Est expedita earum unde esse.', 'https://cdn1.philibertnet.com/343934-thickbox_default/7-wonders-duel.jpg'),
(187, 29, 'enim itaque doloribus minima', 'Omnis tempora delectus temporibus deleniti fuga minima neque cumque. Pariatur non quidem omnis culpa. Rerum eligendi ipsum veniam nostrum velit facere laudantium. Unde soluta consectetur atque sint. Et dolorum corporis voluptas omnis ratione. Maiores voluptas facere adipisci quo. Non ipsum dolore saepe maiores aperiam vero sunt. Impedit assumenda rem molestias repellat. Quidem amet voluptas rem autem saepe illum et. Fugit vero iusto aut qui molestiae quo. Placeat corrupti ut autem qui debitis. Error repellendus labore eos quibusdam reiciendis quis esse.', 'https://cdn1.philibertnet.com/375938-thickbox_default/monopoly-classique.jpg'),
(188, 24, 'vero rem culpa', 'Et nihil corporis molestiae atque veritatis. Quis debitis eius eveniet perspiciatis qui omnis. Molestiae cum qui quia. Quidem eligendi esse fuga corporis reprehenderit laborum. Omnis repellendus sed quod quia. Harum ex qui quaerat omnis numquam inventore. Quidem reiciendis consequatur nobis rerum veritatis ipsam est. Adipisci quas porro a distinctio quisquam velit neque. Ut qui voluptatem odit voluptas et magnam est. Quos et ab ea voluptates impedit voluptas sed ratione. Sit molestiae doloribus aperiam et debitis doloremque excepturi doloribus.', 'https://cdn2.philibertnet.com/522703-thickbox_default/terraforming-mars.jpg'),
(189, 22, 'quis', 'Id pariatur est ut a odit ut deleniti. Amet ea molestiae dolor perferendis autem culpa. Consequatur necessitatibus quidem rem eos soluta. Soluta eos dolorem ullam dolores voluptate quos et. Aut quisquam asperiores dolores reprehenderit molestias in. Earum labore temporibus occaecati esse minus quaerat. Deserunt dignissimos ut aut voluptas fuga in optio ab. Enim repudiandae debitis vel ut. Et quis aliquid blanditiis quo explicabo. A unde sint quia dolor ad quo quos. Rerum expedita esse nesciunt iste in ipsa nostrum.', 'https://cdn3.philibertnet.com/515976-thickbox_default/world-of-warcraft-wrath-of-the-lich-king-a-pandemic-system-board-game.jpg'),
(190, 20, 'reiciendis in optio quam', 'Eos ipsam qui aliquid exercitationem. Et enim rerum deleniti magnam molestiae. Asperiores qui hic est aut tenetur in mollitia. Quo tenetur natus laborum eum. Quis dolorem dolorum eveniet qui. Ea et molestiae modi ratione. Eveniet soluta voluptatibus dolores expedita nobis voluptas sunt. Vitae iure vel quidem sunt unde. Animi illo quod qui amet. Aut consectetur similique vel temporibus ratione inventore sint. Et et et impedit aut in natus excepturi. Consequatur perspiciatis sit pariatur nihil facere quia. Dicta illum dolore cum eum.', 'https://cdn3.philibertnet.com/503205-thickbox_default/magic-the-gathering-horizons-du-modern-2-bundle.jpg'),
(191, 24, 'sit id ut quos', 'Enim expedita reprehenderit tenetur rerum ut. Laboriosam sint delectus explicabo est expedita. Et voluptatem sit illo omnis sunt quia. Incidunt magni excepturi sit illo est. Magni eius fugiat modi harum adipisci. Eaque sequi minus perferendis ex laborum repellendus quae animi. Aliquam explicabo eius maiores. Illo excepturi omnis tempora. Sit corrupti minima non voluptas doloribus. Nihil omnis quia doloremque error ut veritatis similique.', 'https://cdn2.philibertnet.com/524668-thickbox_default/les-aventures-de-robin-des-bois.jpg'),
(192, 29, 'labore', 'Et molestias qui earum laborum ipsa ratione cum error. Distinctio iure dolorem earum facere consequatur. Tempora laboriosam suscipit occaecati similique eos. Dolore inventore maxime optio impedit numquam dignissimos. Et veritatis quia sunt et nihil. Possimus culpa tempora veniam aut omnis. Cumque est et quibusdam quo illo quisquam eaque repudiandae. Autem est ad cumque veniam atque tempore minus. Non qui sint nam cum quasi dolorem aut. Nobis sed dignissimos laborum qui quod vel quis.', 'https://cdn1.philibertnet.com/343934-thickbox_default/7-wonders-duel.jpg'),
(193, 31, 'libero quos', 'Id sunt quo praesentium illo. Aperiam tempora at eum qui libero ut. Perferendis molestiae ut soluta. Mollitia perferendis illo quo quisquam ipsa. Corporis in adipisci ut amet velit temporibus. Illo et sit quis dolores exercitationem non distinctio. Sunt ad aut sunt officiis eos iste vel. Non magni dolore odit corporis quidem aliquam quaerat in. Enim natus quia a ut illo provident. Sit aliquid porro maiores blanditiis qui optio. Est laborum nam debitis optio.', 'https://cdn2.philibertnet.com/522703-thickbox_default/terraforming-mars.jpg'),
(194, 23, 'sed reprehenderit porro omnis', 'Nam sit voluptatem nesciunt. Repellat qui enim qui natus. Et aut dolores impedit nisi et voluptas fugit. Ad sint animi molestiae velit qui. Vitae commodi vel ducimus velit est esse magni rerum. Beatae eaque accusantium dolor sequi. Quod ducimus dolore est expedita sed. Quia reprehenderit quo vero a nulla illum explicabo. Molestias rerum voluptatem vitae consequatur in ea illum. Beatae cum laborum similique et. Voluptas dolore perspiciatis est ut. Aperiam dolorem delectus aperiam dolor. Debitis est impedit quas earum beatae magnam. Ipsum natus in molestiae non explicabo rerum.', 'https://cdn1.philibertnet.com/494838-thickbox_default/marvel-champions-le-jeu-de-cartes-convoitise-galactique.jpg'),
(195, 24, 'voluptas cum accusantium', 'Et minima deserunt distinctio voluptatem quia. Sunt quo tempore voluptas modi voluptatem consequatur dolorem. Vero est ab sed debitis. Minus dolores rerum dolorem fugiat nihil est autem delectus. Dolor harum esse aut est aut ipsa sequi nihil. Labore delectus soluta sunt cumque maxime sed. Nam temporibus blanditiis nostrum quae. Accusantium error delectus eveniet repellendus. Rerum eum recusandae animi nobis fugit in. Maxime deserunt quo ipsa aut voluptatem sit.', 'https://cdn3.philibertnet.com/503205-thickbox_default/magic-the-gathering-horizons-du-modern-2-bundle.jpg'),
(196, 29, 'quia voluptatem', 'Quibusdam odit illum error non dolores. Totam quae aut mollitia ut. Quaerat similique voluptatem quidem et minima. Ut non vel ipsum consequatur est. Provident modi sit libero repellat assumenda laborum. Itaque ea quibusdam consectetur quo itaque beatae. Minus sed cum itaque facere commodi veritatis sed. Possimus debitis iure quis iusto quam. Reprehenderit dolores quas fugiat quia saepe suscipit iure. Maxime voluptatem esse at ut at repellendus.', 'https://cdn2.philibertnet.com/524668-thickbox_default/les-aventures-de-robin-des-bois.jpg'),
(197, 28, 'autem', 'Repellat enim eos minima dolorem aut. Voluptatum unde et atque accusamus dolor in quisquam. Sit est fugit et animi. Labore et ea aut explicabo sint culpa temporibus. Ut maiores maxime repellat alias eos. Numquam itaque et eos rem unde nam veritatis. Porro laboriosam molestiae facere quaerat. Ad laboriosam a molestiae quia et dolor et. Delectus quasi sapiente ut iste cupiditate. Laudantium enim repudiandae nihil non eos non. Maiores omnis nihil vel assumenda modi molestiae. Reiciendis maiores omnis est est velit molestias aut voluptatem. Aut dolore rerum rerum quasi quasi nisi.', 'https://cdn2.philibertnet.com/516468-thickbox_default/saint-seiya-le-jeu-de-deckbuilding-poseidon.jpg'),
(198, 29, 'hic', 'Sunt sit fugit non vitae laborum officiis. Perspiciatis atque corrupti id sapiente. Dolorem est ut natus iusto provident exercitationem. Blanditiis culpa facilis optio voluptatem. Perspiciatis sed tenetur ut ex voluptatem voluptatem distinctio. Tempora facilis consequatur est. Ea autem et et saepe maiores. Beatae assumenda et aut. Ut placeat illo quam sequi ducimus. Officia voluptate possimus consequatur accusantium totam accusamus nisi quasi.', 'https://cdn2.philibertnet.com/522703-thickbox_default/terraforming-mars.jpg'),
(199, 30, 'dolores', 'Qui et possimus et voluptatem. Consequuntur occaecati voluptatem sequi quod eum placeat. Consectetur libero natus nulla. Eveniet temporibus sit nihil voluptatibus. Quia explicabo et nihil nihil enim. Laborum fugiat dignissimos ut. Neque deserunt in suscipit veritatis. Cum commodi et laborum est aliquid debitis et sed. Enim quod eos consequatur assumenda. Porro quia eos voluptatem aut suscipit autem eum. Dolor sed voluptatem sapiente ut libero. Dolores quia exercitationem perspiciatis doloremque suscipit.', 'https://cdn1.philibertnet.com/343934-thickbox_default/7-wonders-duel.jpg'),
(200, 20, 'doloribus sunt', 'Ipsa amet nesciunt tenetur fugiat aspernatur. Voluptatem quas dolor eos inventore nesciunt. Dolor velit eveniet tenetur incidunt. Minima placeat mollitia illum deleniti est impedit quidem. Quo sint dolorum enim eum eligendi. Laboriosam molestias numquam eligendi. Qui voluptas dolor commodi iure odio earum consequatur. Laboriosam dolore iure ut magni quo neque dolorum. Nam dolor id ut possimus. Omnis quod quisquam deleniti voluptas animi aut et.', 'https://cdn1.philibertnet.com/343934-thickbox_default/7-wonders-duel.jpg');

-- --------------------------------------------------------

--
-- Structure de la table `board_game_category`
--

CREATE TABLE `board_game_category` (
  `id` int(11) NOT NULL,
  `name` varchar(50) COLLATE utf8mb4_unicode_ci NOT NULL
) ENGINE=InnoDB DEFAULT CHARSET=utf8mb4 COLLATE=utf8mb4_unicode_ci;

--
-- Déchargement des données de la table `board_game_category`
--

INSERT INTO `board_game_category` (`id`, `name`) VALUES
(18, 'Jeu de dés'),
(19, 'Jeu d\'adresse'),
(20, 'Jeu d\'ambiance'),
(21, 'Jeu de cartes'),
(22, 'Jeu de plateau'),
(23, 'Jeu de mémoire'),
(24, 'Jeu de connaissance'),
(25, 'Jeu de lettres'),
(26, 'Jeu de logique'),
(27, 'Jeu de pions'),
(28, 'Jeu d\'enquête'),
(29, 'Jeu de coopération'),
(30, 'Jeu de bluff'),
(31, 'Jeu de stratégie'),
(32, 'Jeu de gestion'),
(33, 'Jeu de hasard'),
(34, 'Jeu de rôle');

-- --------------------------------------------------------

--
-- Structure de la table `booking`
--

CREATE TABLE `booking` (
  `id` int(11) NOT NULL,
  `event_id` int(11) NOT NULL,
  `user_id` int(11) NOT NULL,
  `reference` binary(16) NOT NULL COMMENT '(DC2Type:uuid)'
) ENGINE=InnoDB DEFAULT CHARSET=utf8mb4 COLLATE=utf8mb4_unicode_ci;

--
-- Déchargement des données de la table `booking`
--

INSERT INTO `booking` (`id`, `event_id`, `user_id`, `reference`) VALUES
(1, 60, 276, 0x7b585d538ff53a62b91db8a7a3058036),
(2, 73, 171, 0xae86b471f9c33a8b9fbb935f6a29b11d),
(3, 21, 425, 0x4d4254475adc37598dd560e17bcb2ce2),
(4, 69, 355, 0x234ad2b4cd813b96b6610ce4d4d14f25),
(5, 86, 5, 0x4abf8f3a27a236a39d5a4a0913f3db66),
(6, 87, 429, 0x4cdcb4ef149a32b6bf7e1b24bd6462b8),
(7, 14, 419, 0xd90ef9cea92b38bd8f818ba6875545e0),
(8, 30, 280, 0xa8e72a9cc529349488cbd502a9a2a573),
(9, 73, 151, 0x79e1c9659419340185af83ddc8703f49),
(10, 2, 163, 0x6454107983cf35b288fdd1ee307d6b0d),
(11, 72, 389, 0xd3df828bc6233a098c1eb2562872aa50),
(12, 10, 212, 0xae4a8bdd18883a85bfb5659a6165b169),
(13, 88, 73, 0xb129f3aff9413e8d9dad6784caad43f1),
(14, 98, 172, 0x0b4a0e9ac1343c8d97be7df283ac2a8b),
(15, 39, 116, 0x1b40fc3036593c39b286fc9dfc83cb99),
(16, 15, 2, 0xee4d4df6a5c63b0cbbfae2c616ecd5ec),
(17, 12, 228, 0x6762d81e31bf3d63b094d958cc084f87),
(18, 80, 246, 0x32581410cf10382fa8a368c8a8be609e),
(19, 47, 212, 0x0b070139b5983467939803873ac94308),
(20, 18, 348, 0x4611fe66647033c18bd91f13f362615d),
(21, 13, 361, 0x87388f05272731ed81d54a16aabd74e3),
(22, 91, 44, 0x0b9e6ea879d131ce9ae538b3afd80650),
(23, 28, 420, 0x314422515d2f398a95fc2ed6ce1436b8),
(24, 35, 366, 0x6845d3d939413345b34523827b8a01ae),
(25, 71, 103, 0x5da687cdd77d3b4db1e23ef3e85f05d1),
(26, 49, 271, 0xb3a7e3b7a48d3a32978cd47b68d27c78),
(27, 56, 448, 0x1efb2061eba4349cbbbecd50e6f6004f),
(28, 46, 415, 0xea2c0b5725683bdf86b4487c97edfe75),
(29, 11, 70, 0x610791b9182d3b0a84cd37857e62b1e9),
(30, 19, 425, 0x593837c0194f3506922c420d0f94122d),
(31, 88, 80, 0x5bbdd6f0ff9d39a5bb46b2900c9ccf49),
(32, 33, 42, 0x198e095adff23fdc88926c1b81407e59),
(33, 94, 490, 0x323ce261a09b3bb2b7671464f1c4747b),
(34, 54, 103, 0xdca62967796b30b294535f1c5c501ff7),
(35, 8, 384, 0x454fc8955dd9356f904e323e29accdc6),
(36, 70, 229, 0x9ce6db9f353a3198b3382a415351549d),
(37, 50, 465, 0xa0fbc1bbe2b7301598ffb3a172081a5c),
(38, 6, 299, 0xca38ac689dc5301f832fcabd8473b9a7),
(39, 36, 436, 0xa6a6235865003396a7f40399c0a5ce65),
(40, 76, 247, 0x32b621b83ecd330796399482e2fbcb76),
(41, 16, 74, 0x61e73dc33f8c34ee820a8fc102a12148),
(42, 78, 316, 0xcfff7834dfa139238b3ab0a4e366ff67),
(43, 39, 179, 0x5f94f0ad5165366498adcd6f61589883),
(44, 91, 105, 0xaa9aa80b0ba030e6b93088e9f55b19d7),
(45, 23, 259, 0xe293c8c211f337a0992bdf93d852c8f7),
(46, 11, 170, 0x16da29f5689f36808c413a32815811a5),
(47, 80, 163, 0x72d893db666d354b87a8500a25b4b771),
(48, 56, 279, 0x15ff23584c853718abcd8c41af5a9b54),
(49, 48, 10, 0x0862a24b5bc83af6a62f7288b11bbb4d),
(50, 14, 43, 0x075fcfd33f6d3c44b379f06303dff496);

-- --------------------------------------------------------

--
-- Structure de la table `comic`
--

CREATE TABLE `comic` (
  `id` int(11) NOT NULL,
  `category_id` int(11) NOT NULL,
  `name` varchar(50) COLLATE utf8mb4_unicode_ci NOT NULL,
  `description` longtext COLLATE utf8mb4_unicode_ci NOT NULL,
  `picture` varchar(255) COLLATE utf8mb4_unicode_ci NOT NULL,
  `author` varchar(50) COLLATE utf8mb4_unicode_ci NOT NULL
) ENGINE=InnoDB DEFAULT CHARSET=utf8mb4 COLLATE=utf8mb4_unicode_ci;

--
-- Déchargement des données de la table `comic`
--

INSERT INTO `comic` (`id`, `category_id`, `name`, `description`, `picture`, `author`) VALUES
(101, 31, 'cum mollitia natus quam', 'Suscipit et voluptas temporibus non voluptatibus. Possimus et architecto quaerat alias aspernatur. Porro et a nesciunt. Quasi doloribus perferendis eaque omnis autem ut ipsum. Numquam consequatur rerum aut assumenda. Ut quibusdam fugit et fugiat reprehenderit rem. Neque corrupti inventore nobis quo officiis quisquam enim. A dolore repellendus aut aliquid. Ut veniam ex aliquid nemo rem. Autem nihil voluptatem officiis. Ut fugiat voluptates accusamus rem. Officia dolor sapiente non. Et velit qui quaerat temporibus autem rem quam.', 'https://images-na.ssl-images-amazon.com/images/I/81KsPBgzmtL.jpg', 'Antone Graham'),
(102, 25, 'natus', 'Unde voluptas recusandae explicabo repellat. Fugit aut consequatur veritatis natus quod doloremque. Recusandae quia perferendis ea a id. Deserunt quasi dolor numquam eaque saepe. Et sed illo explicabo ratione. Sunt blanditiis maxime quos accusamus. Quas sequi deserunt quas ut inventore. Expedita quia ullam voluptas earum quaerat nobis. Doloribus veritatis esse quis odit minus ducimus. Aut non rerum quia quas. Laboriosam ea qui laborum blanditiis quae. Quos hic qui asperiores atque sit nobis. Suscipit laboriosam eos pariatur tempore illo assumenda amet.', 'https://www.dccomics.com/sites/default/files/imce/2021/11-NOV/BM_Cv118_1in25_var_618447d1a5e754.72998228.jpg', 'Sherwood Schultz'),
(103, 29, 'quae officia eveniet minus', 'Dolor amet a sunt et rem quasi. Ut ex omnis nam reiciendis. Consequatur non dolorum sit sit dolorem labore tempora. Tempore reprehenderit possimus voluptatem nam velit dolorum et. Neque non dignissimos perspiciatis temporibus. Nisi nihil sint qui delectus culpa est blanditiis consequatur. Et totam mollitia deserunt officiis eligendi. Corporis corporis eligendi minus tenetur numquam tempore. Ad perspiciatis fuga ut odio ut voluptate. Voluptas voluptas natus nihil optio repellat et.', 'https://mlpnk72yciwc.i.optimole.com/cqhiHLc.WqA8~2eefa/w:auto/h:auto/q:75/https://bleedingcool.com/wp-content/uploads/2020/09/TWDDLX01_Adams-Cover.jpg', 'Jedidiah Cummerata'),
(104, 32, 'aliquam modi est libero', 'Occaecati soluta animi consequatur repellat dolores voluptas. Reprehenderit officia sapiente deleniti dolores non earum quas. Commodi sed laudantium et sapiente recusandae voluptatum corrupti. Est inventore reiciendis distinctio blanditiis accusantium laboriosam corporis. Molestiae harum iste dolor fugit. Qui sint recusandae corporis eos officia voluptas. Sint et et cumque nisi. Similique exercitationem et quis. Iste labore reprehenderit unde blanditiis dolore quibusdam quis. Inventore aliquam facere illo suscipit. Nemo nesciunt id quis rerum odio numquam.', 'https://www.dccomics.com/sites/default/files/imce/2021/11-NOV/BM_Cv118_1in25_var_618447d1a5e754.72998228.jpg', 'Jennings Fahey'),
(105, 29, 'fuga iusto', 'Quaerat voluptates eligendi officia dignissimos aut. Voluptatem sit quos tempora consequatur rerum consequatur. Praesentium ea est ratione. Voluptates velit vero eveniet dolorem. Esse aut mollitia natus vitae. Quod placeat qui modi voluptatem culpa ut dolorem consequatur. Praesentium et omnis laborum ea molestiae tenetur sequi. Ab illum placeat consequuntur accusamus. Et perspiciatis sapiente reiciendis earum. Maxime quas laudantium inventore et voluptates esse eum. Aut non porro sit illum eos.', 'https://images-na.ssl-images-amazon.com/images/I/81KsPBgzmtL.jpg', 'Forrest Streich'),
(106, 32, 'quis fugit', 'Ipsa voluptatem ipsa dolorem dolores ipsam voluptas. Provident consequatur sint in. Maxime dolorem earum molestias atque nesciunt consequatur qui. Fuga aspernatur et ipsa voluptates a minus quis. Libero dolorum reiciendis odio laboriosam perspiciatis neque quis. Consequatur dolor vel vel quo officia velit. Debitis placeat similique architecto odio voluptatem ea. Eligendi molestiae consequatur eius eius ut nesciunt. Numquam excepturi vero consequuntur ab similique pariatur rerum est. Quis magnam maxime aut saepe culpa. Est quia alias id sit odio minus.', 'https://cdn2.originalcomics.fr/26776/buffy-contre-les-vampires-saison-8-tome-1-vf.jpg', 'Jayda Veum'),
(107, 22, 'et enim', 'Ipsa non incidunt voluptatum qui. Iure enim beatae accusantium rerum et debitis consequatur. Eaque et ratione omnis tenetur quos. Placeat quos non enim provident vel. Reprehenderit odit expedita dolorem repellat harum ut. Fuga veritatis ut velit deserunt rerum nemo aut quod. Et animi doloremque esse ut. Sit nisi aut soluta delectus ex. Saepe ut nesciunt neque iure nihil. Et dignissimos explicabo et quo ipsum. Amet dolorem sed excepturi nam eos odit et. Ut sit reiciendis tempore officia aut. Laboriosam deserunt ut sit qui enim dicta porro.', 'https://www.dccomics.com/sites/default/files/imce/2021/11-NOV/BM_Cv118_1in25_var_618447d1a5e754.72998228.jpg', 'Effie Schultz'),
(108, 22, 'saepe', 'Magni excepturi in sint quia quaerat et pariatur. Atque et est sunt sit iure. Et rem et quo reiciendis facilis reiciendis facilis qui. Est est voluptates eos odio non est. Corporis voluptatem saepe quod corporis distinctio nemo. Necessitatibus ipsum dolor temporibus facilis nobis. Harum hic rerum placeat non dolor iure eius. Mollitia tempora aperiam aut dolores. Eaque consequatur sit aliquid. Hic magnam repellendus illo laudantium. Iusto blanditiis veritatis possimus.', 'https://images.omerlocdn.com/resize?url=https%3A%2F%2Fgcm.omerlocdn.com%2Fproduction%2Fglobal%2Ffiles%2Fimage%2Fb4ddd4dd-70a1-4977-8a46-559f77b48ccc.jpg&width=1200&type=jpeg&stripmeta=true', 'Colt Borer'),
(109, 20, 'hic totam', 'Beatae voluptatum voluptas sit assumenda ex. Qui eum quae qui ut. Est voluptas et numquam error consequatur voluptates in sed. A qui est maxime rerum aliquam. Blanditiis illum enim possimus expedita sit expedita. Fugit quasi doloribus et in dolorem sapiente. Consequatur quo velit blanditiis est laudantium. Est necessitatibus nemo quos. Quibusdam soluta omnis nihil sequi illo iusto magnam. Suscipit et tempora et. Hic hic quia sequi amet veritatis.', 'https://www.dccomics.com/sites/default/files/imce/2021/11-NOV/BM_Cv118_1in25_var_618447d1a5e754.72998228.jpg', 'Eldora Jacobs'),
(110, 27, 'sit exercitationem aut', 'Odit aperiam et aut consequuntur vitae molestiae. In ad rerum est iure. Ratione est quos esse et. Sit dolorum enim et consectetur sit. Repellendus cumque nisi praesentium soluta quaerat est. Debitis et ipsam quia aut eligendi quam sed. Veritatis rerum aut ut et quam ratione quos. Vel molestias ea non consectetur sed veniam. Et voluptatem ut molestiae iure aut suscipit soluta dolores. Quia nam dignissimos ut voluptatem sequi. Iste aut consequatur ipsum. Qui aspernatur quia voluptatum soluta est quos consequatur.', 'https://shop.sergiobonelli.it/resizer/1000/-1/true/1491832832859.jpg--le_dieci_tribu___martin_mystere_350_cover.jpg?1491832835000', 'Ahmed Yundt'),
(111, 32, 'repellat magnam', 'Ea et aliquid consequatur non. Corporis qui facilis sequi corporis consectetur et. Quia perspiciatis quidem vitae aspernatur corporis. Delectus sint nihil nobis sint fuga sit dignissimos. Sapiente animi sed illum velit saepe consequatur nihil. Quibusdam sed explicabo cupiditate ut rem. Magnam atque dolore deserunt. Autem recusandae quibusdam expedita id error. Doloremque magnam voluptas alias non quasi animi quas. Nostrum laborum laudantium sint libero.', 'https://mlpnk72yciwc.i.optimole.com/cqhiHLc.WqA8~2eefa/w:auto/h:auto/q:75/https://bleedingcool.com/wp-content/uploads/2020/09/TWDDLX01_Adams-Cover.jpg', 'Addie Donnelly'),
(112, 23, 'ut', 'Fugiat sint suscipit veritatis natus. Repellat sed illo voluptate sed illum sed blanditiis. Veniam quam quis omnis ex est. Dolore molestiae sequi quo blanditiis omnis voluptates. Quia fuga cumque quidem ea rerum. Corrupti sed totam quisquam voluptas voluptate id. Eum ipsa aut et molestiae. Optio omnis cumque et porro rerum similique et sunt. Quo et voluptate quas corporis rem ipsum asperiores velit. Iusto sit maxime at ullam. Id a doloremque reprehenderit debitis et. A fugit qui eos mollitia. Quas aliquid aut earum debitis. Qui dolores porro veniam in ullam tempora sint.', 'https://cdn001.tintin.com/public/tintin/img/static/the-shooting-star/the-shooting-star.jpg', 'Antonietta Crona'),
(113, 30, 'recusandae', 'Nihil quae deserunt culpa sit atque dolores eum. Architecto laborum eveniet illum qui odit voluptates ipsa. Dolor et quo voluptatem et reiciendis sit recusandae. Qui sit officia cum aut asperiores mollitia. Voluptatibus corrupti amet aut. Non et blanditiis accusamus distinctio. Quia quia iure voluptatem voluptatibus et cum. Temporibus sint facilis rerum eum. Qui tempore hic officia qui voluptatum. Adipisci labore reiciendis assumenda temporibus doloribus fugit blanditiis.', 'https://c8.alamy.com/compfr/t27dd2/italie-1973-premiere-edition-de-marvel-comic-books-couvrir-de-captain-america-t27dd2.jpg', 'Eden Kerluke'),
(114, 21, 'magni', 'Nihil voluptate molestiae est non dolores. Ea atque voluptates omnis. Delectus quia laudantium repudiandae asperiores repellat consequatur eius. Quia ut rem sunt quas. Est itaque officia est explicabo autem quod. Id est vero illo error excepturi sequi. Nobis dicta quia iure enim et eos itaque. Dolorum odio illo doloremque exercitationem reiciendis magni iste. Quia qui voluptas saepe cupiditate mollitia alias. Deleniti aut non aspernatur ducimus qui eos dolores. Officia nihil excepturi perspiciatis recusandae. Consequatur et architecto labore laborum praesentium vitae quia.', 'https://cdn-products.eneba.com/resized-products/5jDEHg3wge1U7YZJVCOM2BTq98NC5lraxlc__mT3bIg_350x200_3x-0.jpeg', 'Gretchen Waters'),
(115, 25, 'ea voluptatem', 'Distinctio temporibus illum magnam deserunt quia reiciendis quisquam. Minima harum et voluptatibus iste nobis provident quod laboriosam. Quia voluptatem in omnis doloremque fugiat alias. Dolorum et quam aut quibusdam quis quas tempora. Voluptas et facere nam aut. Aut similique laboriosam et fugiat dolorem. Error deleniti voluptatum enim iure commodi minus. Voluptatum ut quo nulla nihil ex et voluptas. Placeat id tenetur aut. Sed eius quae est dolore beatae aut itaque. Consequatur neque nobis minima et accusantium voluptate.', 'https://www.dccomics.com/sites/default/files/imce/2021/11-NOV/BM_Cv118_1in25_var_618447d1a5e754.72998228.jpg', 'Juston Anderson'),
(116, 28, 'eveniet recusandae', 'Eos et necessitatibus corrupti cumque maiores ea fuga. Repellendus excepturi exercitationem omnis soluta. Provident officiis ut aut velit eveniet. Voluptatem molestias eveniet omnis consectetur perspiciatis. Laudantium tempora voluptates iusto et aut hic. Cupiditate ea ut eveniet et autem dolor. Corrupti recusandae rem sit omnis nesciunt voluptas nostrum qui. Distinctio ipsa id provident et enim. Et dolorum rerum recusandae libero quasi natus est. Hic et sunt commodi reprehenderit iste est.', 'https://cdnb.artstation.com/p/assets/images/images/012/822/497/large/alex-loken-cover.jpg?1536692282&dl=1', 'Dan Corwin'),
(117, 21, 'non numquam', 'Consequatur ea natus quod. Libero alias aliquid non architecto dolores. Nesciunt voluptatem quisquam aut. Amet consequatur est et. Ex amet dolorem in. Illo dolore animi accusantium omnis. Doloribus reiciendis iste ipsam praesentium atque ducimus quis doloremque. Enim eaque est voluptatum sapiente voluptatum. Et non rem est assumenda molestiae alias. Accusantium eos qui molestias eos. Eaque qui fugit omnis dolores ut qui eum. Ut facilis veniam eaque quos blanditiis repellendus.', 'https://images-na.ssl-images-amazon.com/images/S/cmx-images-prod/Item/279507/279507._SX1280_QL80_TTD_.jpg', 'Amanda Boyle'),
(118, 36, 'eos ratione vitae et', 'Laboriosam dolore suscipit soluta aspernatur. Et minima saepe accusamus numquam sint. Eum qui aperiam ut. Quia deleniti delectus qui inventore aut numquam corrupti repellendus. Distinctio laboriosam laboriosam molestias facere rerum aut. Velit maxime hic soluta veniam porro distinctio minima. Voluptatem repudiandae qui sequi consequuntur odit libero illo. Et harum repudiandae aut minima alias incidunt fuga.', 'https://images-na.ssl-images-amazon.com/images/I/71aGRDbG9WL.jpg', 'Alisha Mante'),
(119, 21, 'quo quia molestiae quia', 'Suscipit exercitationem saepe accusamus. Illo ipsa magni quae quia maxime. Laborum alias ipsum qui repudiandae. Quae nostrum fugit et consequuntur nulla eaque. Aliquid repellendus eligendi ut voluptas et porro. Libero libero quos sit qui molestias qui. Sit vel quia assumenda nulla et recusandae deserunt. Aperiam quidem deleniti officia est deserunt facilis accusamus. Explicabo perspiciatis enim et. Eaque enim quo doloremque aut aperiam. Debitis voluptatem et architecto sed qui.', 'https://i0.wp.com/www.superpouvoir.com/wp-content/uploads/2021/04/Action-Comics-1033-cov-Sampere.jpg?resize=970%2C1491&ssl=1', 'Elisabeth Walsh'),
(120, 31, 'voluptatum ipsam illum ut', 'Labore eius labore quod quas est. Est quod officiis doloremque. Natus rerum aliquid velit ad et. Est eligendi deleniti laborum repellat reprehenderit consequatur quisquam. Ratione voluptate doloremque eius praesentium. Non similique sequi enim. Adipisci quisquam quia natus asperiores et. Temporibus repellat sint minima quod quibusdam molestiae fugit. Cum dolor harum consequatur optio dicta. Voluptas saepe doloremque nisi impedit. Et commodi aliquam tempora non. Ut dolore repellat suscipit deleniti quae voluptates.', 'https://terrigen-cdn-dev.marvel.com/content/prod/1x/avengers50_infinitysaga_variant.jpg', 'Jakayla Kozey'),
(121, 21, 'rerum et quibusdam autem', 'In ea sequi sed sapiente et eligendi. Nisi possimus aut odit dicta alias. Esse fugiat dignissimos commodi quas aut porro voluptas. Iste voluptate quod aut repudiandae possimus et. Porro consequuntur enim eaque ratione reprehenderit. Id quae rem explicabo ut atque praesentium nobis. Eum vero cupiditate maxime voluptatibus. Quam nulla commodi voluptatem reprehenderit numquam sed. Natus fugit et aperiam eius reprehenderit. Pariatur est perspiciatis voluptatibus sunt corrupti quae repellat. Ut qui ut quam minima odit.', 'https://shop.sergiobonelli.it/resizer/1000/-1/true/1491832832859.jpg--le_dieci_tribu___martin_mystere_350_cover.jpg?1491832835000', 'Efrain Predovic'),
(122, 34, 'ut odit rerum aperiam', 'Amet consequatur harum quam quas quibusdam. Voluptas omnis id dicta non vitae est esse. Sint accusantium nostrum mollitia eos provident harum ipsum. Quia sed et sed beatae unde. Illo veritatis soluta assumenda est quasi iusto dolorem. Eos minima maiores est omnis. Sed accusantium aut repellat inventore. Omnis a ullam aut ullam eos libero architecto omnis. Quis velit dolores ut maiores asperiores neque. Sint quo magni consequatur quod nulla aut. Excepturi autem quam est facilis asperiores et consequatur.', 'https://images.omerlocdn.com/resize?url=https%3A%2F%2Fgcm.omerlocdn.com%2Fproduction%2Fglobal%2Ffiles%2Fimage%2Fb4ddd4dd-70a1-4977-8a46-559f77b48ccc.jpg&width=1200&type=jpeg&stripmeta=true', 'Theresia Borer'),
(123, 20, 'quidem', 'Repellendus hic vero rerum ducimus. Perspiciatis eveniet quae et delectus ut corporis. Qui mollitia animi vitae quam occaecati dolorem et. Rerum voluptates vel quas ab excepturi. Quam tempora ipsa quia omnis quo quisquam accusamus. Vitae occaecati aut architecto qui error vel in. Rem officia tenetur eligendi quod non nemo quod. Sapiente vel ut sapiente reiciendis animi. Laborum dicta sunt et in nulla. Quaerat reiciendis ullam neque dignissimos laudantium. Quod quam error illo nihil qui. Voluptates expedita ad itaque magnam debitis vitae a eos.', 'https://i0.wp.com/www.superpouvoir.com/wp-content/uploads/2021/04/Action-Comics-1033-cov-Sampere.jpg?resize=970%2C1491&ssl=1', 'Burdette Reinger'),
(124, 27, 'ad iste architecto quo', 'Et et nihil blanditiis quos molestias eveniet facere laborum. Voluptatem id soluta similique dolor. Ea quia qui deleniti voluptatem perspiciatis aut dolores. Omnis ad atque expedita eligendi enim ut vitae fuga. Provident eos sequi eum voluptatum molestiae et ut. Nostrum assumenda quia adipisci commodi et. Sed sed beatae et delectus possimus facere. Odit ipsam vero libero magni nam et. Commodi harum voluptas minus vel aut. Sit sed officia enim quis.', 'https://bddi.2dcom.fr/LocalImageExists.php?ean=9782811215620&isize=full&gencod=3027166420000&key=DimetGmAYGQEsjiN', 'Augustine Bernhard'),
(125, 30, 'natus fugit laboriosam accusantium', 'Quas nostrum ducimus molestias distinctio. Quia dicta et minus et corrupti. Ea ab fugit ea dolorem delectus. Dolores quos eum dignissimos molestias mollitia dolore. Aut necessitatibus non eveniet dolorum ut alias. Vero recusandae porro est facere voluptas quas sit. Veniam deleniti illum quos vitae neque. Ipsum et molestiae quia sint adipisci. Minima est accusantium nemo illo dolorum temporibus voluptas accusamus. Aut tempora rerum sunt rem. Reiciendis nihil et repellendus quia. Aut repellendus nostrum et magnam eos consectetur et.', 'https://cdn001.tintin.com/public/tintin/img/static/the-shooting-star/the-shooting-star.jpg', 'Hunter Doyle'),
(126, 34, 'qui quia', 'Voluptatibus repudiandae et voluptatem iste dolore. Blanditiis voluptatum nulla odit aut. Est quibusdam quae commodi illo ratione. Hic est et nihil. Veritatis minus odit voluptate labore. Quidem sunt voluptas sint rerum qui perferendis voluptatum. Provident qui non voluptatem iusto ut expedita consectetur. Explicabo qui omnis dignissimos. Voluptatem consequuntur maxime et dolorem. Inventore facilis natus facilis. Rem minima aut atque voluptate ea quas aut. Tempore minima ut accusantium nesciunt minus quae aperiam.', 'https://bddi.2dcom.fr/LocalImageExists.php?ean=9782811215620&isize=full&gencod=3027166420000&key=DimetGmAYGQEsjiN', 'Lorine Kuphal'),
(127, 29, 'ratione quam modi', 'Officiis distinctio est laborum atque aut voluptatem aut similique. Corporis architecto quis esse et error. Aut eligendi est reiciendis dolores voluptas odit quia quo. Dolores ad repellat aut nam esse et libero. Quae voluptas quas iste perferendis odio. Aut nostrum cum similique dolores. Velit totam qui aut eius. Ad qui libero ut adipisci veritatis. Excepturi esse omnis occaecati inventore vero a beatae. Architecto harum possimus totam voluptas odio. Saepe hic ipsa itaque totam quia itaque. Voluptatem dolorem corporis cupiditate quas qui assumenda.', 'https://static.wikia.nocookie.net/marveldatabase/images/d/d8/Deadpool_Vol_3_1.jpg/revision/latest?cb=20191227043225', 'Ruthie Schneider'),
(128, 29, 'iusto nobis exercitationem optio', 'Ea eum neque nam tempora. Vitae fugiat eius est laudantium. Aut enim voluptatem et. Omnis libero dignissimos dolores facilis esse. Eos eveniet earum est aut illo. Vel ipsam veritatis esse. Expedita saepe cupiditate et. Non nobis quia minus eveniet qui quo repellendus. Cumque vel modi aspernatur voluptas. Voluptatibus provident est sint a quam doloremque veritatis. Qui at necessitatibus ut odio rem doloribus et. Voluptas officiis dolor error sint et.', 'https://cdn001.tintin.com/public/tintin/img/static/the-shooting-star/the-shooting-star.jpg', 'Ardella Krajcik'),
(129, 21, 'eveniet quia aut similique', 'Eos in illo voluptas nobis rerum. Dolores impedit illo repudiandae ut quia. Et nobis consectetur autem adipisci. Ut sed et qui et est dolores est ullam. Illum velit adipisci ut nesciunt impedit reprehenderit. Qui voluptatem et sit sint iste sed. Dolores mollitia earum laboriosam. Officiis necessitatibus est ut at molestiae numquam. Totam perferendis similique id voluptas voluptatem. Ab perspiciatis et quam culpa. Sint dolor ipsam placeat quia. Unde eveniet animi illo fugit et sint. Modi veniam iure qui.', 'https://images.omerlocdn.com/resize?url=https%3A%2F%2Fgcm.omerlocdn.com%2Fproduction%2Fglobal%2Ffiles%2Fimage%2Fb4ddd4dd-70a1-4977-8a46-559f77b48ccc.jpg&width=1200&type=jpeg&stripmeta=true', 'Nasir Kuhic'),
(130, 26, 'autem neque', 'Nisi quidem occaecati error accusamus quo rerum voluptas. Iusto inventore maiores est ab laudantium. Sit ab aut facere. Ipsum vel dolore repudiandae minus voluptatum praesentium. Ad consectetur et consequuntur et ratione sunt incidunt. Totam laudantium sunt nulla facere consequatur omnis. Quas non similique nemo rem fugit qui ut. Exercitationem et temporibus ex nesciunt maiores. Impedit pariatur dolor ipsam maiores ut. Recusandae dolorem earum sunt molestiae numquam facere. Mollitia aut quidem id eveniet similique id. Soluta ipsam distinctio fuga at.', 'https://cdn-products.eneba.com/resized-products/5jDEHg3wge1U7YZJVCOM2BTq98NC5lraxlc__mT3bIg_350x200_3x-0.jpeg', 'Sincere Ward'),
(131, 24, 'odit fuga alias', 'Aliquam nihil aut et libero dolorem sit deserunt. Quis ut optio ut. Molestias corporis ullam eos consequatur ratione tempore numquam. Suscipit nam non et laboriosam tenetur. Earum repudiandae ut qui consequatur doloremque. Sint dolor sapiente aut officiis soluta a. Expedita voluptatem et perspiciatis minima corrupti necessitatibus. Et corrupti molestias qui a placeat deserunt. Aut impedit maxime incidunt ab numquam. Quae quos quia repellat dolor eaque doloribus ut. Consectetur veniam aliquam corrupti. Assumenda sit tenetur maiores dolor. Quasi sapiente omnis optio perspiciatis at.', 'https://bddi.2dcom.fr/LocalImageExists.php?ean=9782811215620&isize=full&gencod=3027166420000&key=DimetGmAYGQEsjiN', 'Fred Beatty'),
(132, 25, 'qui facere commodi commodi', 'Rem hic qui possimus tempore. Ea expedita corrupti fugit saepe assumenda quaerat dolorem. Aliquid minus vero omnis eos doloremque voluptatem qui. Accusantium soluta ipsa aliquam. Doloremque est eaque eum enim illum omnis deleniti ab. Quod reprehenderit est enim animi molestiae. Qui numquam at ut veritatis quis quidem et. Repellat ad dolor minima. Sit doloremque ut et provident repellendus optio non. Natus natus cum dolorem est alias amet. Atque ex velit laborum vitae nulla natus. Et consequatur id repudiandae vel laudantium consequatur. Ut commodi quidem itaque quis.', 'https://cdnb.artstation.com/p/assets/images/images/012/822/497/large/alex-loken-cover.jpg?1536692282&dl=1', 'Enrique Keeling'),
(133, 29, 'et expedita rerum maiores', 'Praesentium sunt laborum consequatur quisquam. Et mollitia placeat odit qui sed. Vel et explicabo pariatur ea eos eligendi et. Saepe sunt quam ut facilis praesentium eaque asperiores. Numquam molestiae ut praesentium tempore et et. Reprehenderit ratione dolorum qui qui aliquam aliquid. Harum cupiditate voluptate quia explicabo laudantium. Qui sint et iusto saepe. Sit est id pariatur impedit nemo nulla delectus. Ipsum aut sint illum sed.', 'https://cdnb.artstation.com/p/assets/images/images/012/822/497/large/alex-loken-cover.jpg?1536692282&dl=1', 'Hertha Keebler'),
(134, 35, 'at quos et officiis', 'Et sunt rerum ut totam magnam sed aspernatur. Perspiciatis rem quo error. Aut impedit et alias voluptas impedit dolorem. Nesciunt incidunt voluptatum similique est repellendus. Tempore qui nihil quo odio. Eos at non reiciendis quos repudiandae sit totam consequuntur. Dolores laboriosam rerum voluptas veritatis maxime et a. Molestiae sunt sint nam culpa fugiat iure. Voluptate ut rem nemo officiis magnam nihil eum.', 'https://static.wikia.nocookie.net/marveldatabase/images/d/d8/Deadpool_Vol_3_1.jpg/revision/latest?cb=20191227043225', 'Alison Waters'),
(135, 33, 'dolore est non quis', 'Dolorem porro et quis rerum. Id est veniam ex voluptas. Recusandae quos assumenda qui consequatur quos autem. Distinctio ab ea quae qui unde. Tempora non eum enim ut. Quae ut doloribus ducimus et asperiores. Iste sed hic qui quaerat officiis praesentium cumque. Officia esse omnis similique repellendus. Distinctio exercitationem sint quam nobis. Soluta libero fugit harum autem dolorem. Inventore nam odit qui. Nobis exercitationem qui voluptatem a quia ullam. At at consequatur reiciendis voluptatum laudantium adipisci quidem vitae. Perferendis quam ipsum magnam.', 'https://terrigen-cdn-dev.marvel.com/content/prod/1x/avengers50_infinitysaga_variant.jpg', 'Jany Ondricka'),
(136, 29, 'facere adipisci', 'Doloribus ut aut nostrum recusandae qui sit necessitatibus. Aliquam totam aperiam et quia. Unde magni et sapiente quas impedit voluptas. Voluptatem blanditiis natus quod nostrum odio enim nulla est. Quisquam dolores nihil eos accusantium dolor et explicabo occaecati. Eos dolor enim reiciendis reiciendis ipsa sunt dolore. At est deserunt quo odit sint est quos sit. Aut doloremque fugit maiores omnis.', 'https://cdn-products.eneba.com/resized-products/5jDEHg3wge1U7YZJVCOM2BTq98NC5lraxlc__mT3bIg_350x200_3x-0.jpeg', 'London Effertz'),
(137, 21, 'error sint suscipit temporibus', 'Voluptatibus labore dolorem autem quos et aperiam. Tenetur error totam in officiis iusto qui. Autem eius enim in eos enim repudiandae inventore. Modi impedit ut est doloremque sequi est fugit. Architecto mollitia quam sed iure natus. Hic voluptatem id quis recusandae amet. Suscipit id sequi distinctio id id eum est. Laborum ea impedit adipisci beatae amet iure tempora. Ipsam voluptatem repudiandae qui eaque omnis. Dolorem voluptatum hic adipisci suscipit explicabo nihil. Ullam excepturi omnis est et voluptas adipisci. Vitae ea sint eum perferendis ipsum doloribus dolorem.', 'https://i0.wp.com/www.superpouvoir.com/wp-content/uploads/2021/04/Action-Comics-1033-cov-Sampere.jpg?resize=970%2C1491&ssl=1', 'Kattie Larkin'),
(138, 30, 'esse dolorem ducimus', 'Nulla accusantium aliquam porro illo. Repudiandae dignissimos suscipit ducimus suscipit vel eum recusandae. Sunt modi quasi dolores aliquid exercitationem. Ipsam eius nihil sit eaque qui. Ut dolorem expedita vitae. Corrupti laudantium ducimus quia asperiores. Id dolorum nostrum harum velit. Molestiae inventore laboriosam optio omnis minus. Eligendi quas nobis rem doloribus qui sit. Vitae sit error enim perspiciatis est. Veritatis dolores ut quidem dolores.', 'https://www.dccomics.com/sites/default/files/imce/2021/11-NOV/BM_Cv118_1in25_var_618447d1a5e754.72998228.jpg', 'Luigi Donnelly'),
(139, 27, 'qui hic qui', 'In sequi assumenda vel nihil adipisci iste. Deleniti accusamus reiciendis totam nisi in. Ab odit labore quod odit numquam. Recusandae eligendi ut iste voluptatem nihil blanditiis adipisci. Assumenda voluptates magni quod illo perspiciatis. Sunt dolores reiciendis ipsam consequuntur qui nam molestiae quis. Architecto sit cupiditate maiores accusantium. Porro ad voluptatum nihil consectetur et et. Officia recusandae totam debitis.', 'https://cdn001.tintin.com/public/tintin/img/static/the-shooting-star/the-shooting-star.jpg', 'Aimee Auer'),
(140, 32, 'et vel velit', 'Ratione consequatur autem officia doloremque. Reiciendis ipsum veniam enim eos ipsa culpa. Perspiciatis soluta ab quo consequatur exercitationem. Molestiae architecto voluptas quo consequatur commodi nostrum. Saepe deleniti distinctio maiores quasi. Harum consectetur sit et dolor voluptate dolore illum. Sit ut error blanditiis voluptas. Hic nisi doloremque dolores eaque quia dolores. Odio cum ut non. Eum ut quos nemo odio voluptas consequatur fuga. Minima nihil vel aliquam voluptas quam. Dolorem sed architecto quidem recusandae enim debitis sit fuga.', 'https://bddi.2dcom.fr/LocalImageExists.php?ean=9782811215620&isize=full&gencod=3027166420000&key=DimetGmAYGQEsjiN', 'Charles Langosh'),
(141, 27, 'vitae', 'Voluptate explicabo quo quis et ipsa rerum reprehenderit eveniet. Commodi quam eum nobis illum. Ratione in dolores animi minima quo cupiditate voluptas sed. Natus necessitatibus aliquid animi nam sed. Id aut possimus ab tempore et dicta. Consequatur sunt magnam accusantium cum qui. Impedit qui ut dolorem adipisci. Ipsa ut dolor animi soluta fugiat. Non perferendis est laborum sequi voluptatem omnis minima accusamus. Consequatur et deserunt id tenetur omnis minima quia.', 'https://images-na.ssl-images-amazon.com/images/I/71aGRDbG9WL.jpg', 'Vella Lang'),
(142, 34, 'ut minus nesciunt aut', 'Ut minima perferendis ipsum et. Voluptate dolores cupiditate ab inventore ratione quae. Nulla possimus delectus eos sed. Est aut aliquam consequuntur. Et iste magni molestiae mollitia esse facere. Non doloremque quisquam inventore iure deleniti. Architecto fuga autem harum aliquam. Molestiae velit modi eum eum. Aut ut enim quis alias quam. Commodi laborum molestias eos occaecati cupiditate est. Alias repudiandae harum aliquid et eveniet. Quas et enim recusandae odit quaerat. Maxime enim molestiae qui consectetur amet.', 'https://cdnb.artstation.com/p/assets/images/images/012/822/497/large/alex-loken-cover.jpg?1536692282&dl=1', 'Rosalia Turner'),
(143, 36, 'voluptatem', 'Sint rerum iste voluptates nostrum et. Labore consequatur hic nihil soluta voluptate nemo. Id error placeat et similique qui quis. Beatae voluptatem blanditiis sit temporibus similique animi consequatur porro. Et qui reprehenderit assumenda at. Quos ut at est minima. Aliquid ut fugiat totam. Qui dolor quia dolor et. Mollitia quae aut totam sunt similique molestiae doloribus esse. Omnis quisquam et consequatur possimus eius earum soluta perferendis.', 'https://i0.wp.com/www.superpouvoir.com/wp-content/uploads/2021/04/Action-Comics-1033-cov-Sampere.jpg?resize=970%2C1491&ssl=1', 'Imani Gerlach'),
(144, 21, 'voluptatem qui voluptates', 'Amet alias tenetur quo sequi inventore. Quo voluptatibus non reiciendis et distinctio perspiciatis. Quasi dolorum ipsum nam et corporis. Eos nostrum provident rerum alias iusto alias et. Labore aut quia voluptatem nesciunt. Similique ut asperiores officia et. Dignissimos fugiat fugiat mollitia aperiam beatae. Quae ut eaque dolores nostrum voluptates laboriosam. Quibusdam non ea cumque non omnis qui. Et sint eius sit voluptatem. Est quod est ullam quibusdam qui.', 'https://terrigen-cdn-dev.marvel.com/content/prod/1x/avengers50_infinitysaga_variant.jpg', 'Jesus Bergstrom'),
(145, 25, 'magni assumenda eos laudantium', 'Molestiae eveniet esse est expedita dolorem voluptatem exercitationem id. Id qui quia eum temporibus ut quo. Labore amet ut blanditiis odit odit. Enim nam quia facilis accusantium odio et. Autem dolorem quod placeat hic aperiam dignissimos ratione modi. Dicta asperiores error magni magnam maxime et inventore fugiat. Aut rerum architecto numquam nam odit consequatur eveniet. Reiciendis enim fugiat mollitia repellat consequatur et amet nulla. Qui sit ut earum veniam. Culpa eius culpa eos. Quos dolores ratione facilis laudantium itaque.', 'https://cdn2.originalcomics.fr/26776/buffy-contre-les-vampires-saison-8-tome-1-vf.jpg', 'Nora Roberts'),
(146, 30, 'autem optio', 'Magni veniam incidunt eaque sed facere. Rerum eos et voluptas enim quaerat nam. Iusto sed corporis perspiciatis ad nihil ut nisi. Voluptas qui dicta sit at iusto provident velit est. Nemo accusamus at tempora consequuntur molestiae. Officia qui dolore hic exercitationem optio. Et dolore eveniet doloremque. Quis repudiandae minus similique temporibus consequatur aut non facere. Consequatur facilis et soluta voluptas dolorum voluptatum. Quisquam voluptatem pariatur quis qui dolore. Repellat ut dolorem eius facere. Consequatur animi iure laborum ducimus et.', 'https://cdn-products.eneba.com/resized-products/5jDEHg3wge1U7YZJVCOM2BTq98NC5lraxlc__mT3bIg_350x200_3x-0.jpeg', 'Winnifred Schuppe'),
(147, 24, 'quas impedit sunt', 'Repellendus velit nisi doloribus debitis sit asperiores. Pariatur assumenda tempore dolores. Esse et omnis non quos pariatur. Voluptatem adipisci id delectus est nihil consequatur ut. Ipsa eum autem occaecati nemo. Quia omnis dolorem id ullam. Odio enim vel quam voluptatem. Eum magnam rerum ut. Aut et ea et omnis dolorum et. Voluptas corrupti saepe neque aliquid vel porro. Ex voluptatibus repellat facilis modi suscipit. Aliquam et ipsam dignissimos et quasi architecto similique. Dolor qui voluptatem non non. Excepturi explicabo rerum quidem tempore id.', 'https://cdnb.artstation.com/p/assets/images/images/012/822/497/large/alex-loken-cover.jpg?1536692282&dl=1', 'Celestino Schultz'),
(148, 23, 'adipisci modi', 'Voluptatem nulla aspernatur aut illo sed quia. Id velit veritatis distinctio numquam. Sint dolorem eveniet repudiandae qui labore deserunt nihil. Ut et nobis magni perspiciatis. Non sed molestiae molestiae ut. Quia ea excepturi voluptatem. Voluptates omnis laborum dignissimos modi odit. Voluptas est similique ab voluptatem numquam itaque molestiae. Assumenda eum eius voluptates quisquam. Eveniet omnis suscipit officia exercitationem est eos. Quo in ex numquam beatae. Nesciunt velit in voluptas quia.', 'https://www.dccomics.com/sites/default/files/imce/2021/11-NOV/BM_Cv118_1in25_var_618447d1a5e754.72998228.jpg', 'Timmothy Gerlach'),
(149, 26, 'natus delectus unde optio', 'Similique in nulla odio vel et expedita. Veniam ea voluptates pariatur amet rem harum. Qui id esse quia quia cupiditate nesciunt debitis. Qui porro et a minima in. Molestiae nesciunt aut et natus perferendis et libero. Aut quod est quas ea id totam. Asperiores quia sed dolores dolor quidem. Dolor quos quas quo laborum quidem. Asperiores quaerat dolor odit nisi voluptatibus maiores. Aut eaque quia adipisci dolores. Blanditiis molestiae quibusdam molestiae voluptatem provident. Ab nobis expedita maiores ex dolor.', 'https://images.omerlocdn.com/resize?url=https%3A%2F%2Fgcm.omerlocdn.com%2Fproduction%2Fglobal%2Ffiles%2Fimage%2Fb4ddd4dd-70a1-4977-8a46-559f77b48ccc.jpg&width=1200&type=jpeg&stripmeta=true', 'Shanna Schaden'),
(150, 32, 'voluptatibus qui nihil sed', 'Nemo dolorum enim voluptatem quo fuga quis quo. Repudiandae enim quo temporibus ea. Ea accusantium fugiat aut in. Occaecati accusantium eaque veritatis accusantium id sit aut. Placeat eveniet velit sunt. Ea est voluptas aut eum. Sit enim corrupti dignissimos facere excepturi consequatur pariatur. Error ab doloremque veritatis dolores. Ex quibusdam consectetur rerum consectetur fuga. Provident sint rem saepe nobis fugit hic vero. Quasi nostrum expedita cumque enim iste. Sit a et aut perspiciatis quidem tenetur reprehenderit.', 'https://shop.sergiobonelli.it/resizer/1000/-1/true/1491832832859.jpg--le_dieci_tribu___martin_mystere_350_cover.jpg?1491832835000', 'Kory Macejkovic'),
(151, 28, 'ut', 'Aut soluta quos sint quod asperiores. Facilis quasi et suscipit. Reiciendis sint molestias consequatur nihil cupiditate. Dolor nihil repellat commodi voluptas minima. Porro id eum sed. Et alias corrupti sed quisquam. Molestiae fugiat vitae quia exercitationem culpa molestiae perspiciatis. Minus amet ut iusto mollitia odit quas sit. Vel consectetur et inventore a accusamus. Eos deleniti quis hic. Quasi et doloribus sint eos et pariatur earum. Voluptatem est quaerat nobis debitis iure qui dolores. Natus sequi et non veniam.', 'https://www.dccomics.com/sites/default/files/imce/2021/11-NOV/BM_Cv118_1in25_var_618447d1a5e754.72998228.jpg', 'Lynn Pouros'),
(152, 22, 'provident voluptatem error est', 'Suscipit vero itaque vitae sint et nisi. Voluptas cupiditate ducimus dolores facilis ut dolores est ducimus. Et velit dolorem ut fugiat voluptatem facilis. Nihil voluptatem autem placeat distinctio animi repudiandae. Tempore minus cum facilis occaecati qui eaque. Autem qui aliquid voluptates nemo corporis facere ipsa. Occaecati velit facere quia molestiae et. Enim corporis eligendi iste eum sit. Rerum adipisci at sunt totam aut quasi vitae totam. Nihil eos consequuntur sit. Tenetur voluptatem possimus qui dolores.', 'https://shop.sergiobonelli.it/resizer/1000/-1/true/1491832832859.jpg--le_dieci_tribu___martin_mystere_350_cover.jpg?1491832835000', 'Monique Monahan'),
(153, 21, 'in consequatur ipsam', 'Et non totam adipisci aut. Dignissimos fuga non necessitatibus quo possimus voluptas ut harum. Voluptatem atque et quos ipsa dolor doloribus vitae. Sed quibusdam tempore animi porro distinctio. Aliquam quia et rerum quam doloremque at vero. Quidem velit quasi nesciunt id non quam. Laboriosam repudiandae accusamus nostrum voluptas. Est possimus optio quis similique voluptas iusto ut beatae. Fugit quisquam voluptate nesciunt labore voluptas. Natus modi impedit suscipit voluptas vitae atque optio. Tempore qui et et. Dolor qui consequatur eos quia ut vel incidunt.', 'https://shop.sergiobonelli.it/resizer/1000/-1/true/1491832832859.jpg--le_dieci_tribu___martin_mystere_350_cover.jpg?1491832835000', 'Braxton Gulgowski'),
(154, 33, 'nisi et et dolorem', 'Repellat magnam atque aperiam eaque aut. Sapiente in quo dolorum eum. Rem vitae enim et dolores reiciendis sed. Quo id pariatur cum eos voluptatem minima aperiam. Sit est quia nam et corrupti. Autem voluptatem quis odio sint. Adipisci non qui officia. Corrupti id quam magni voluptas pariatur delectus non. Eveniet aspernatur consequatur a. Et expedita et rerum repellendus at ullam. Minima dicta et illo ducimus provident facere nihil.', 'https://terrigen-cdn-dev.marvel.com/content/prod/1x/avengers50_infinitysaga_variant.jpg', 'Winnifred Lindgren'),
(155, 29, 'pariatur molestiae neque', 'Quis rerum vitae ut a aliquid. Beatae perferendis natus maxime qui velit. Et distinctio nihil est dolores asperiores itaque. Reiciendis et iusto neque qui voluptas totam. Veniam ut dolor omnis. Molestias quo sapiente hic sunt aut nostrum commodi. Facilis quod ex similique placeat. Iusto repellat officia odio ut modi vitae non. Aut et rem nisi. Et qui ullam et velit ab id rerum. Ea repellat soluta non quae dolorem explicabo. Minima earum nostrum vel voluptatem dignissimos modi voluptas. Tempore velit nobis quo aut et a. Sequi est perferendis dolorem odio corporis ea. Non autem et nulla qui.', 'https://images.omerlocdn.com/resize?url=https%3A%2F%2Fgcm.omerlocdn.com%2Fproduction%2Fglobal%2Ffiles%2Fimage%2Fb4ddd4dd-70a1-4977-8a46-559f77b48ccc.jpg&width=1200&type=jpeg&stripmeta=true', 'Kayley Weissnat'),
(156, 22, 'quae molestiae non', 'Minus perferendis id aspernatur eligendi voluptas qui error id. Et quod ullam quia tempore. Suscipit quia qui doloribus. Incidunt debitis et et nemo nihil at illo quidem. Qui quis sit rerum quibusdam et. Officiis et consequatur ut pariatur ab. Ex quia quasi molestias quaerat. Cupiditate quisquam fuga cum dolor expedita aut. Reiciendis ullam commodi corrupti debitis in repellendus. Voluptatem molestiae itaque veritatis molestias et. Qui ut id ipsa provident.', 'https://i0.wp.com/www.superpouvoir.com/wp-content/uploads/2021/04/Action-Comics-1033-cov-Sampere.jpg?resize=970%2C1491&ssl=1', 'Lorenza Gleichner'),
(157, 33, 'non', 'Vero rerum officiis libero. Similique esse id enim repellendus libero culpa. Ullam nesciunt officia ex. Fugiat aliquam unde veritatis et. Facilis voluptas explicabo quia officia amet. At sed a officia beatae et perspiciatis fugiat. Voluptatibus a rem voluptas qui et in. Assumenda totam velit ut illum corporis voluptatibus quibusdam. Quisquam ut quis dolorum sit reprehenderit eveniet. Consequatur sit sapiente quaerat mollitia nulla. Fuga est amet debitis natus. Ut architecto architecto necessitatibus nostrum nihil animi aliquid.', 'https://static.wikia.nocookie.net/marveldatabase/images/d/d8/Deadpool_Vol_3_1.jpg/revision/latest?cb=20191227043225', 'Dallin Lang'),
(158, 25, 'ea aut voluptatem eum', 'Voluptate ad blanditiis magni sapiente. Voluptates aliquam aut harum vel quis aliquid labore. Labore nisi minima quis vitae quisquam. Consequatur ipsam libero dolor hic. Illo aperiam maxime deserunt ut eos. Quibusdam et occaecati est natus molestiae et aut omnis. Itaque voluptatem fuga distinctio fugiat qui mollitia. Aliquam accusantium hic est magni exercitationem voluptas. Ea atque eveniet ea fuga aliquam amet aperiam. Impedit odit quos et eos nobis. Voluptatibus numquam aliquam nulla id laudantium sed rerum. Et ab aspernatur aut. Commodi sit aut consequuntur voluptatum aut.', 'https://cdn-products.eneba.com/resized-products/5jDEHg3wge1U7YZJVCOM2BTq98NC5lraxlc__mT3bIg_350x200_3x-0.jpeg', 'Nikko Wilderman'),
(159, 27, 'sed harum officiis non', 'Voluptatem alias sed sit laudantium debitis. Numquam sint ratione fugit sapiente. Autem ipsum consectetur quo aut. Distinctio repellendus ipsa culpa omnis fugiat assumenda. Quia dicta dicta deleniti amet sit ex minus. Excepturi laudantium dolor et dolore soluta odit. Sunt sit esse veritatis ut voluptas. Et recusandae minima et eum illum. Ut sed laboriosam sed et laborum at autem. Beatae saepe et ut ad ea tempore natus quae. Magnam laudantium aut id repellat commodi vel. Velit hic placeat quidem omnis nihil voluptate.', 'https://images-na.ssl-images-amazon.com/images/S/cmx-images-prod/Item/279507/279507._SX1280_QL80_TTD_.jpg', 'Dixie Gaylord'),
(160, 29, 'ipsa ad voluptate in', 'Animi quos eaque non eaque. Culpa nihil dicta nisi occaecati fuga commodi. Eos earum velit debitis hic. Quos doloremque aut aut dolores temporibus facilis. Adipisci ea tempore unde repellendus laboriosam ex. Quibusdam sint nesciunt possimus harum nisi ipsam. Consectetur qui dignissimos nobis ad consequatur omnis harum. Asperiores repellendus voluptatem incidunt optio dolor. Et tempore non odio velit repudiandae earum.', 'https://mlpnk72yciwc.i.optimole.com/cqhiHLc.WqA8~2eefa/w:auto/h:auto/q:75/https://bleedingcool.com/wp-content/uploads/2020/09/TWDDLX01_Adams-Cover.jpg', 'Vena Erdman'),
(161, 21, 'nam', 'A quas minus voluptatem laudantium laboriosam doloribus. Eveniet corporis voluptatem dolorum consequuntur non. Cum omnis nemo expedita enim suscipit magnam expedita. Amet dolor velit laborum omnis deserunt officia. Dicta at magnam vel veniam hic praesentium qui. Libero qui aliquid eum at totam. Facere eum assumenda nihil quo quis perferendis. Quis quia modi in rem ut quam enim. Quibusdam ea dicta voluptas quasi voluptas sed. Ipsam porro at tenetur sit rerum consequuntur. Sit sed architecto corporis commodi sit voluptatem laboriosam. Eos exercitationem rerum quo consequatur similique.', 'https://bddi.2dcom.fr/LocalImageExists.php?ean=9782811215620&isize=full&gencod=3027166420000&key=DimetGmAYGQEsjiN', 'Antonio Trantow'),
(162, 30, 'dolorem eum magnam', 'Fugit magni est esse rerum sint voluptatem saepe. Quam omnis est eum libero. Omnis adipisci dolore aut repudiandae est deserunt. Expedita necessitatibus et velit voluptas occaecati. Iure velit at a. Aperiam dolor facilis accusamus quaerat. Qui quibusdam optio quo molestiae fugit fuga consequuntur. Harum eum et deleniti non itaque perferendis. Itaque voluptatem rerum est dolorem modi rerum. Est quaerat vitae molestias cumque ut nisi impedit. Atque quis ad voluptate inventore perspiciatis. Cupiditate sint est sit ipsa enim.', 'https://cdn2.originalcomics.fr/26776/buffy-contre-les-vampires-saison-8-tome-1-vf.jpg', 'Iva Parker'),
(163, 25, 'sit', 'Autem mollitia et ipsum voluptas. Consequatur maxime eveniet soluta necessitatibus totam ab. Natus autem illum natus et et officia soluta rerum. Cumque ut labore ipsa autem expedita rerum. Sed voluptates occaecati at sed asperiores. Quae et ullam laudantium. Cupiditate officia pariatur omnis illo voluptates nemo id. Atque atque nihil illum ullam quo ratione. Consequatur dolores et qui. Fugiat harum nostrum distinctio vitae omnis. Deserunt error maxime minus sequi sit alias nemo. Error quod quisquam atque est dolores possimus perferendis.', 'https://www.gamespot.com/a/uploads/original/1562/15626911/3002107-5032115-04-variant.jpg', 'Jerrold Wehner'),
(164, 30, 'numquam totam odio officia', 'Commodi sed quis id et. Alias sunt quia dolorem et ratione minima odit quia. Occaecati ullam consequatur sunt nisi eum cupiditate nihil. Iusto id dolorem sit dolor impedit officia qui ut. Nihil dolor nostrum consequatur doloribus. Repudiandae iusto nemo laudantium quo aliquid et. Velit nulla quae illum omnis similique quis aut nam. Reprehenderit nulla nihil velit possimus quia est. Explicabo nisi vitae laboriosam expedita tenetur. Et et nostrum possimus omnis voluptas numquam. Sed nulla facere et aperiam. Tempore earum eaque deleniti voluptate itaque.', 'https://mlpnk72yciwc.i.optimole.com/cqhiHLc.WqA8~2eefa/w:auto/h:auto/q:75/https://bleedingcool.com/wp-content/uploads/2020/09/TWDDLX01_Adams-Cover.jpg', 'Crystel Conn'),
(165, 31, 'quo dolor suscipit ut', 'Animi natus possimus aperiam possimus dolorem omnis molestiae. Autem doloremque itaque laudantium omnis et. Repellendus repellat minus doloremque aut possimus. Ducimus minus autem labore dolorem aut maxime dicta nam. Et autem accusantium quia libero. Et est quis inventore aperiam sed aliquam. Facilis maiores velit et id voluptatem qui maxime consequuntur. Sed iure blanditiis aperiam eos sit. Quasi quidem excepturi impedit. Dolorem ea molestiae error beatae exercitationem accusamus odit.', 'https://mlpnk72yciwc.i.optimole.com/cqhiHLc.WqA8~2eefa/w:auto/h:auto/q:75/https://bleedingcool.com/wp-content/uploads/2020/09/TWDDLX01_Adams-Cover.jpg', 'Darian Walsh'),
(166, 20, 'nesciunt', 'Animi officia magnam consequuntur voluptatem velit. Modi dolorem quasi similique quo corrupti sapiente cumque corporis. Est quaerat autem suscipit quia aut quibusdam illo qui. Rerum eos corrupti ut harum et. Repellat atque aspernatur dolor assumenda ut et. Quo nisi ut sit nemo et. Amet aspernatur eaque consequatur officia voluptatum. Mollitia neque deleniti ipsum. Sit voluptatibus ipsa suscipit tempore. Omnis quo necessitatibus amet quo quaerat qui impedit.', 'https://images-na.ssl-images-amazon.com/images/I/81KsPBgzmtL.jpg', 'Rowan Abbott'),
(167, 24, 'aut quasi molestiae', 'Doloribus fugiat temporibus omnis reiciendis laudantium laboriosam. Consequatur ipsum ipsa laborum nulla eligendi quia. Repudiandae nostrum error et. Omnis voluptas ut numquam maxime itaque aut nihil. Porro eos nesciunt molestias quia. Rerum sint aut illo distinctio. Qui non nobis id corrupti ut similique possimus. Animi reprehenderit quisquam aliquid voluptas quaerat. Assumenda quia qui eum velit. Recusandae aut aperiam sapiente velit voluptatibus rem. Id illum architecto vero voluptas iusto.', 'https://cdn001.tintin.com/public/tintin/img/static/the-shooting-star/the-shooting-star.jpg', 'Marcelino Fahey'),
(168, 22, 'molestiae et consequatur quis', 'Quis qui vel nemo quo ad. Beatae ipsam eligendi repellendus velit. Officiis mollitia nihil dolor qui omnis omnis in. Eum voluptatibus quos culpa quae. Laborum distinctio quo quibusdam quaerat minus. Odit sequi corporis et praesentium laborum qui debitis reprehenderit. Et fugit eos veritatis error est. Sit non et labore. Sit aut sed rerum officia. Dicta qui et laudantium atque occaecati. Debitis error qui eaque ea. Odit animi rerum ut soluta rem voluptatibus deleniti sit. Deleniti ipsum qui ab libero. Dolores ut voluptatum sint. Molestias similique consequatur sint assumenda.', 'https://images-na.ssl-images-amazon.com/images/S/cmx-images-prod/Item/279507/279507._SX1280_QL80_TTD_.jpg', 'Gladys Hirthe'),
(169, 36, 'temporibus sunt', 'Quibusdam est corrupti similique in repellendus accusamus corrupti. Dolore sunt voluptatem tempore qui voluptatibus quia. Aliquam dignissimos doloribus aut. Vitae culpa quas nihil vel nihil ipsa. Sit velit est amet. Nesciunt aliquam cupiditate atque voluptas est et. Est error neque similique iure ea a et. Quo dolor consequuntur magni et facilis qui. Eius soluta aliquam ut modi. Ut minus consequatur provident maiores quia. At at laborum vel praesentium vero id. Quia accusantium ut sunt et autem quas.', 'https://cdn2.originalcomics.fr/26776/buffy-contre-les-vampires-saison-8-tome-1-vf.jpg', 'Shirley Dooley'),
(170, 26, 'repellat incidunt voluptatem aspernatur', 'Quos est molestiae veritatis quo autem veniam sed. Quia et similique inventore nisi ut. Quaerat officiis eius veritatis possimus assumenda aut qui velit. Aliquid libero necessitatibus dolores et eveniet. Sunt illum et perferendis labore quaerat. Est aliquam ex corrupti quibusdam doloribus quo illo. Autem id tempore dolor sed consequuntur voluptatum. Eligendi harum illo earum aut voluptatem. Ipsam impedit ea reiciendis. Doloribus nihil quia facilis id unde accusamus. Non iste nesciunt magni at. Quia tempore quo eligendi ut architecto. Asperiores suscipit ullam sunt.', 'https://static.wikia.nocookie.net/marveldatabase/images/d/d8/Deadpool_Vol_3_1.jpg/revision/latest?cb=20191227043225', 'Kenneth Russel'),
(171, 30, 'eum tempore consequatur omnis', 'Non laborum dolor consequatur aut rerum enim molestias. Neque mollitia sit blanditiis et. Esse rem ut nemo reprehenderit dolores excepturi modi. Et laudantium molestias quis laboriosam eum quidem. Veniam sapiente voluptatum qui impedit quia magni. Possimus quaerat blanditiis aut est. Vitae sapiente fugiat itaque consequuntur. Velit exercitationem incidunt sed reprehenderit dolorem cupiditate. Eos non voluptatem animi ipsum modi sit rerum. Libero iure nobis consequatur. Accusamus voluptatem quos quia perspiciatis dolores quia. Voluptatem cum voluptatibus provident fuga minus.', 'https://www.hallmark.com/dw/image/v2/AALB_PRD/on/demandware.static/-/Sites-hallmark-master/default/dw8ba9f1e5/images/finished-goods/Marvel-The-Amazing-SpiderMan-Comic-Book-Cover-Fathers-Day-Card-root-599FHE8966_PV.1.FHE8966.jpg_Source_Image.jpg?sw=1920', 'Fannie Reinger'),
(172, 28, 'voluptas', 'Autem dolorem magnam non eligendi. Molestiae maxime quia assumenda modi. Ipsa ducimus maiores reiciendis cupiditate vitae dolores. Fuga officiis perspiciatis voluptatum atque. Expedita fugiat ea facere est at saepe. Minima natus a ratione facere dolorem nisi. Perferendis sequi odit vel nesciunt dignissimos soluta unde. Unde modi occaecati et sit et consequatur earum. Quis in aut velit dolore. Dolores adipisci ipsa temporibus enim quas eligendi maiores. Quia ut fuga nostrum natus dolor sed. At ad totam qui eligendi. Saepe dolorem ut sed similique rem veniam enim ut.', 'https://cdn001.tintin.com/public/tintin/img/static/the-shooting-star/the-shooting-star.jpg', 'Margaret Ryan');
INSERT INTO `comic` (`id`, `category_id`, `name`, `description`, `picture`, `author`) VALUES
(173, 29, 'voluptas quia voluptatem', 'Omnis est enim occaecati et in nihil. Sint ex eum minus ut sunt tenetur esse. Aut quaerat rerum illo repellat harum et sint. Mollitia consequatur sint voluptatem rerum assumenda et omnis sit. Sed quis est nihil molestiae. Architecto eum repellat quas et veritatis ab ex totam. Accusantium rem rem quidem quos blanditiis. Aut nemo omnis atque necessitatibus atque. Et recusandae maxime eius delectus quia vel architecto dignissimos. Doloribus aut quod dolorum commodi. Fuga est et velit natus in quo.', 'https://cdnb.artstation.com/p/assets/images/images/012/822/497/large/alex-loken-cover.jpg?1536692282&dl=1', 'Braxton Goodwin'),
(174, 22, 'unde eius', 'Ut magni ut aut id. Quaerat voluptatum id saepe quod in qui. Voluptas molestiae soluta quas quam facere aliquam. Ex ullam consequatur ut sunt dolorem tempore voluptatem. Nam quis quis eum aut alias enim. Ea optio quia suscipit id optio ipsa ea autem. Magnam praesentium ab dolorem tempora earum. Praesentium sit architecto ut odit corporis. Excepturi autem sed officiis sequi. Necessitatibus commodi sit sit magnam dolorum odit sapiente. Id laboriosam accusamus vitae cupiditate maxime. Autem officia ut aut atque soluta est dolorum. Aut laborum quam odit laboriosam quis dolor omnis.', 'https://bddi.2dcom.fr/LocalImageExists.php?ean=9782811215620&isize=full&gencod=3027166420000&key=DimetGmAYGQEsjiN', 'Mina Bechtelar'),
(175, 33, 'enim', 'Numquam fuga quia porro deserunt. Quia laboriosam rerum sed iure earum voluptatem. Vel eveniet maiores explicabo possimus quo deserunt. Sunt enim ab quia vero. Ex exercitationem molestiae sint sapiente aut. Modi est et est ut aliquam laudantium eaque. Atque non rerum excepturi sint occaecati pariatur. Et accusamus laborum qui sunt. Ut nisi voluptates consequatur aliquid veritatis esse ducimus tempore. Ut et odio ipsum fugit. Tenetur quo perspiciatis dicta consectetur nulla in deleniti.', 'https://cdn2.originalcomics.fr/26776/buffy-contre-les-vampires-saison-8-tome-1-vf.jpg', 'Florence Nicolas'),
(176, 25, 'tenetur quisquam voluptate eos', 'Autem dolorem beatae error laborum ratione. Ipsam eos quo hic eum explicabo voluptate. Voluptatum maiores deleniti eum suscipit. Reprehenderit est rerum magni sequi. Est earum quibusdam error at maxime. Deleniti omnis est optio ducimus aut quia reprehenderit. Alias similique cumque eaque voluptatem. Voluptates aut odio sed voluptas doloribus magni accusantium. Nam quas qui aut dolor aperiam est quia repellat. Soluta accusantium ea consequatur aliquid perferendis asperiores incidunt.', 'https://images-na.ssl-images-amazon.com/images/I/81KsPBgzmtL.jpg', 'Donnie Kulas'),
(177, 24, 'ut', 'Quam eius non aut non. Consequuntur ab esse assumenda id. Ut tenetur eos id eum qui sint. Commodi beatae temporibus eos corrupti autem. Molestiae aut impedit veniam explicabo possimus sit voluptatem. Mollitia fugiat id expedita in. Laudantium nostrum consectetur eaque quia repellat est. Quo exercitationem iusto facilis et sunt iure. Consectetur iusto sit reprehenderit omnis. Omnis velit alias deleniti.', 'https://static.wikia.nocookie.net/marveldatabase/images/d/d8/Deadpool_Vol_3_1.jpg/revision/latest?cb=20191227043225', 'Eugenia Wiegand'),
(178, 34, 'quis', 'Sunt omnis asperiores sunt harum repudiandae est molestiae. Vel illum a qui neque. Dolor cum molestiae ex ut sunt debitis. Omnis consequatur est veniam voluptas tempora. Sit autem id ipsum rerum quisquam error. Provident quas et maxime recusandae aut ut. Debitis ipsam omnis quia illum minima delectus quibusdam. Adipisci tempore ullam nam. Quam excepturi odio optio minima quia tempora. Dolorem quo temporibus ducimus ut velit sit. Et voluptatem cum necessitatibus dicta incidunt eligendi. Est quibusdam ea excepturi eum a.', 'https://shop.sergiobonelli.it/resizer/1000/-1/true/1491832832859.jpg--le_dieci_tribu___martin_mystere_350_cover.jpg?1491832835000', 'Holly Murazik'),
(179, 30, 'quod non', 'Itaque mollitia alias earum. Maiores voluptas atque minus enim. Pariatur error et dolorem odit ipsa velit. Et et praesentium aut quia. Beatae vero eaque excepturi et provident natus. Mollitia incidunt neque et amet nam est ut. Repellendus error in repellendus et veritatis omnis quidem. Necessitatibus molestiae molestiae provident error. Sit perspiciatis quae ut quia. Qui quo architecto quod aut velit. Et aut est architecto iusto tenetur quibusdam at nisi. Et a perspiciatis impedit quia qui. Tenetur officiis iure quibusdam iste.', 'https://static.wikia.nocookie.net/marveldatabase/images/d/d8/Deadpool_Vol_3_1.jpg/revision/latest?cb=20191227043225', 'Mac Bahringer'),
(180, 30, 'nisi dolorem et necessitatibus', 'Accusantium voluptatibus et dolorem quos ducimus non. Eum deserunt eligendi sunt saepe maxime. Eum neque accusamus quisquam harum maiores cumque dolores laborum. Laboriosam velit atque aut incidunt temporibus itaque sed eum. Molestiae non et hic rem. Quasi qui deserunt repellendus quo dolorum et doloribus. Et officiis dolorem voluptate quam mollitia. Culpa ea natus sapiente ratione. Illo facere ut nisi ipsa alias.', 'https://images-na.ssl-images-amazon.com/images/S/cmx-images-prod/Item/279507/279507._SX1280_QL80_TTD_.jpg', 'Sandrine Gislason'),
(181, 22, 'cum', 'Odit repellat molestiae asperiores et. Voluptatem et dicta accusantium cum et. Consequatur iure est error nesciunt aut. Consequatur consequatur ea perspiciatis maxime iste. Ut sint reprehenderit iure. Dolorum quo quidem hic eos. Ut vitae non blanditiis optio quibusdam et. Nihil non ut dolorem facilis asperiores. Dolorum aut officiis iure facilis aut. Aut dolorem et fugit quos officia accusantium porro. Qui dolorem recusandae est facere hic consequatur itaque. Reiciendis distinctio sequi magni aut. Totam natus magnam sequi iste est.', 'https://cdn001.tintin.com/public/tintin/img/static/the-shooting-star/the-shooting-star.jpg', 'Serena Kreiger'),
(182, 30, 'et', 'Et perspiciatis aut totam facere placeat. Rerum sequi aut ab natus rem est odio dolorem. Quae nihil quo sapiente porro quaerat sed explicabo nam. Deserunt qui impedit quod voluptatum at enim. Possimus laborum id voluptate id asperiores praesentium. Deserunt numquam dignissimos quia dolores nesciunt aut quam. Nam tempore quo commodi explicabo maiores nihil voluptate. Quasi numquam quis aspernatur est ut. Deserunt quis qui et consequatur. Et facilis tenetur cum numquam assumenda iste.', 'https://images-na.ssl-images-amazon.com/images/S/cmx-images-prod/Item/279507/279507._SX1280_QL80_TTD_.jpg', 'Gus Schmidt'),
(183, 35, 'minima reprehenderit reiciendis', 'Atque magnam quia iure atque qui beatae. Ea expedita praesentium natus ex aut inventore. Fugiat sed et quas quis. Fugit sint illum unde voluptate. Numquam sint molestiae excepturi et. Rerum neque omnis voluptas voluptas tempore illo facere. Perferendis accusantium nobis assumenda placeat voluptas. Voluptatibus in neque tempora deleniti dicta molestias. Error saepe pariatur et aut. Debitis consequatur quaerat alias repellendus eius. Libero amet ab eum adipisci facere.', 'https://static.wikia.nocookie.net/marveldatabase/images/d/d8/Deadpool_Vol_3_1.jpg/revision/latest?cb=20191227043225', 'Terence Lowe'),
(184, 31, 'quia quis atque id', 'Fugiat qui est quas quam facere. Aperiam quisquam iusto repellendus dolorem. Ut ut aliquam libero sunt officia recusandae. Suscipit sit consequatur eius quis. Debitis quis nobis hic iure non qui. Et voluptate fuga doloribus. Ea similique modi qui molestiae sunt magni nulla. Rem minus cum quod quia. Rem odio id natus hic atque sed iure. Quisquam suscipit aperiam impedit quis autem. Velit quam voluptatum deserunt omnis quos. Tempora rerum voluptatum aliquam ducimus sunt necessitatibus aperiam.', 'https://cdn2.originalcomics.fr/26776/buffy-contre-les-vampires-saison-8-tome-1-vf.jpg', 'Bianka Ernser'),
(185, 32, 'labore cumque voluptas', 'Rerum dolor accusantium laboriosam asperiores nobis. Quia velit quia sequi quibusdam magnam et aut. Numquam libero in qui dolor non. Nam harum deleniti fugiat magnam. Est et error provident harum voluptatem dignissimos magni. Autem voluptatem perferendis quod est odio rem tempora. Est iste facere commodi et. Molestiae modi labore ut velit. Quibusdam commodi iure consequatur sunt quo quo rerum magnam. Veniam unde modi laboriosam facilis illum in maiores. Perspiciatis qui quaerat sit quam. Dolores exercitationem accusamus ratione eaque sed distinctio.', 'https://www.dccomics.com/sites/default/files/imce/2021/11-NOV/BM_Cv118_1in25_var_618447d1a5e754.72998228.jpg', 'Buck Spencer'),
(186, 34, 'iste', 'Officiis sunt et fugiat perspiciatis officia cupiditate. Alias pariatur est tempore culpa et officiis facere iure. Aut iusto consequatur nemo. Nihil omnis nemo nesciunt ut dicta distinctio illo. Voluptatem et dolorem provident minus mollitia. Corporis quis ex impedit dolores modi commodi. Nesciunt rerum dicta voluptates totam. Sit consequuntur temporibus earum corrupti et laudantium maxime. Tempora est voluptates fuga reprehenderit. Autem dolor maiores quae deleniti.', 'https://images-na.ssl-images-amazon.com/images/I/71aGRDbG9WL.jpg', 'Bud Grant'),
(187, 20, 'dolorem nam quaerat', 'Quia ut consequatur est est aut aliquam nulla. Veniam sint voluptate aut et voluptatem dolorem ut magnam. Vitae architecto molestias error est mollitia. Ad ipsum eum voluptatem aut. Cupiditate mollitia autem enim non ipsum placeat velit. Accusantium exercitationem molestiae autem ipsa sed. Nobis sed dicta aut neque eum nobis sequi. Aut quia est tempore voluptas temporibus rerum. Possimus consequuntur inventore reprehenderit nemo. Doloremque rerum fugiat ex occaecati. Rerum consectetur neque deleniti atque.', 'https://static.wikia.nocookie.net/marveldatabase/images/d/d8/Deadpool_Vol_3_1.jpg/revision/latest?cb=20191227043225', 'Charlene Rolfson'),
(188, 36, 'et', 'Iusto commodi quaerat animi. Neque autem eius ad. Nihil eveniet aut sunt aspernatur beatae molestiae et. Facilis debitis dolor vero fugiat. Libero minima ut temporibus sunt iusto. Iusto qui voluptatem aut aut possimus assumenda dolor. Necessitatibus eum aut culpa at. Temporibus iusto iusto unde dolorem omnis ea eveniet. In sit ut dolorum nihil laborum aut asperiores est. Recusandae aliquid cum et quia dolor. Voluptates rerum doloremque ex mollitia quia voluptatibus aut.', 'https://bddi.2dcom.fr/LocalImageExists.php?ean=9782811215620&isize=full&gencod=3027166420000&key=DimetGmAYGQEsjiN', 'Peggie Morissette'),
(189, 31, 'corporis', 'Eum mollitia at id nulla. Nostrum tempora dolorum rem distinctio omnis eos. Consequatur tenetur optio aut est enim. Est ut aut ad cumque. Sit tempore ut soluta quo atque. Aliquid vero est minus veniam ut est et. Ea qui a dolorum similique aut dolore sequi. Nobis vel sint omnis et et ut neque. Dolorum et dicta amet id laudantium. Doloribus et voluptas ducimus veritatis temporibus. Numquam omnis quidem at aut vitae. Eum sit rerum enim neque. Culpa soluta quia et sit corrupti.', 'https://images-na.ssl-images-amazon.com/images/I/71aGRDbG9WL.jpg', 'Evert Kuvalis'),
(190, 32, 'aut non voluptatibus cum', 'Veniam reiciendis enim omnis in. Aut ipsam possimus est nulla ut eum. Debitis aspernatur quaerat non. Et est enim dignissimos et. Voluptatem hic dolore consectetur sit dicta accusantium ratione molestias. Est nesciunt consectetur veniam enim. Dolor sunt molestiae a omnis harum voluptate dicta. In vel dolores soluta veniam reprehenderit harum id culpa. Cupiditate molestiae beatae aspernatur animi ut est. Eum dicta repellendus excepturi itaque. Dolores a delectus explicabo sequi aperiam dolorem vel.', 'https://images-na.ssl-images-amazon.com/images/I/71aGRDbG9WL.jpg', 'Candice Wilderman'),
(191, 22, 'aut', 'Sit ea id accusamus quos qui illum. Ipsa velit id doloribus omnis beatae dolorem officiis. Iure ut repellat nesciunt qui. Debitis vel alias et quo reiciendis eligendi. Eveniet sit rerum assumenda provident eum nemo exercitationem. Totam necessitatibus maxime expedita fugiat quae cumque. Aperiam tempora dolorum reprehenderit nobis. Sint accusantium a suscipit earum qui. Hic laboriosam autem iusto et ullam sequi dolorum. Est tempora labore eaque occaecati et odit molestiae. Non quia itaque repellendus illum doloribus nostrum dolores. Ex quaerat molestias et doloremque et.', 'https://bddi.2dcom.fr/LocalImageExists.php?ean=9782811215620&isize=full&gencod=3027166420000&key=DimetGmAYGQEsjiN', 'Alek Lesch'),
(192, 25, 'odit et dignissimos voluptates', 'Ut quia voluptas omnis nam iusto nam veritatis. Provident delectus nulla commodi praesentium modi est occaecati. Culpa ut earum ratione perspiciatis itaque sed quisquam sunt. Autem perspiciatis illo est fugit quibusdam qui. Nobis placeat distinctio quos aperiam est commodi consequatur. Et alias inventore aut omnis veritatis sed nobis. Sunt recusandae inventore consequuntur quos. Repellendus enim dignissimos aperiam est distinctio commodi. Et atque aut fuga provident ea ipsum cumque tenetur. Alias soluta a delectus illo necessitatibus delectus.', 'https://www.gamespot.com/a/uploads/original/1562/15626911/3002107-5032115-04-variant.jpg', 'Johan Cruickshank'),
(193, 24, 'unde', 'Quaerat cum quaerat ipsam magnam. Voluptas sapiente ipsa soluta. Ut earum sunt omnis maiores porro quia. Perspiciatis fugiat nulla placeat occaecati temporibus omnis. Eos nostrum voluptatem deleniti commodi. Eveniet cupiditate distinctio ut veniam amet quasi. Facilis tempora veniam fugiat saepe pariatur. Non doloribus ut veniam et dolor. Itaque est vel accusamus ut nobis expedita. Accusantium eius repudiandae nisi aut nemo quas. Alias ex temporibus autem fugiat recusandae blanditiis adipisci. Suscipit ut iure aliquid animi similique aut.', 'https://images.omerlocdn.com/resize?url=https%3A%2F%2Fgcm.omerlocdn.com%2Fproduction%2Fglobal%2Ffiles%2Fimage%2Fb4ddd4dd-70a1-4977-8a46-559f77b48ccc.jpg&width=1200&type=jpeg&stripmeta=true', 'Mervin Ritchie'),
(194, 33, 'animi', 'Dolor dicta aliquam qui et ad asperiores nobis sed. Unde est fugiat et veritatis eaque iste. Reprehenderit eos cumque aut officia est et sit atque. Sapiente culpa dolore reprehenderit saepe labore. Commodi molestiae totam consectetur voluptatum qui aut doloribus. Ut dignissimos sed saepe. Molestias esse voluptatem eos velit. Quas voluptatem numquam nostrum numquam. Nisi saepe aut temporibus dolores quas. Odit veniam assumenda quod. Ipsum sequi numquam possimus ut modi sunt debitis. Cumque quos debitis rerum voluptatem. Quis illum vel dolor ut et minus. Quod sint repudiandae voluptatibus ad.', 'https://shop.sergiobonelli.it/resizer/1000/-1/true/1491832832859.jpg--le_dieci_tribu___martin_mystere_350_cover.jpg?1491832835000', 'Graham Schinner'),
(195, 26, 'tempora', 'Ut officia omnis rerum esse commodi voluptas. Voluptas quo dolorem occaecati vitae. Harum reiciendis molestias non sint quod quo. Enim eius error neque sed. Adipisci harum delectus dolor voluptatem et. Non quia placeat quis illum omnis et. Cum sunt ipsam tempora et. Est laborum placeat adipisci. Aperiam aut necessitatibus molestiae numquam. Laudantium perspiciatis possimus et hic iure id. Aut mollitia nesciunt sed et autem dolores quos ducimus. Eos alias consequatur aut fugiat. Voluptatibus reiciendis quis ratione repellat. Doloremque rem non architecto nemo.', 'https://cdn-products.eneba.com/resized-products/5jDEHg3wge1U7YZJVCOM2BTq98NC5lraxlc__mT3bIg_350x200_3x-0.jpeg', 'Queen Nicolas'),
(196, 35, 'exercitationem animi esse', 'Explicabo eos debitis atque omnis quasi voluptas. Voluptatem molestias voluptas voluptatem voluptatem animi. Praesentium iusto mollitia facere sed qui expedita omnis. Quis reprehenderit veritatis tempora qui ea libero qui. Et odit velit in debitis error hic ea eaque. Placeat sunt cumque dolores exercitationem id accusantium. Incidunt magnam recusandae eligendi. Non sit aut assumenda a fugiat et quos. Expedita quam voluptatem culpa blanditiis occaecati voluptatem dolores. Et autem nam ut quasi nemo et.', 'https://terrigen-cdn-dev.marvel.com/content/prod/1x/avengers50_infinitysaga_variant.jpg', 'Claudia Hickle'),
(197, 22, 'cumque non architecto', 'Nam aut quidem aliquid iusto nostrum quia. Rerum nobis non dignissimos nulla consequatur enim aut. Excepturi exercitationem tempore iusto eaque. Nihil voluptas dignissimos sit vero aut. Nisi quos aut aut sed voluptas. Officiis ab id quo non quae. Ut rerum aut ipsa inventore omnis. Et velit error earum alias voluptatem laudantium rerum dicta. Quia dolor minima ut eligendi voluptatem delectus. Facilis nemo alias molestiae.', 'https://images-na.ssl-images-amazon.com/images/S/cmx-images-prod/Item/279507/279507._SX1280_QL80_TTD_.jpg', 'Hope Considine'),
(198, 21, 'error cupiditate omnis ex', 'Qui dolorem harum doloribus labore voluptatem. Deleniti voluptatem quisquam aut reprehenderit. Et magnam repellendus quibusdam rerum perspiciatis amet qui. Provident quis aut in. Ab dolores consequuntur fuga id voluptatem soluta. Ut voluptatem ab eum nulla aut sit eum aspernatur. Non nobis maxime quae nobis dolorem eum modi. Voluptas harum tempore reprehenderit occaecati consequatur. Eveniet iusto ipsa commodi voluptate totam. Minus et cupiditate vero et voluptatem.', 'https://mlpnk72yciwc.i.optimole.com/cqhiHLc.WqA8~2eefa/w:auto/h:auto/q:75/https://bleedingcool.com/wp-content/uploads/2020/09/TWDDLX01_Adams-Cover.jpg', 'Julian Champlin'),
(199, 21, 'et rerum consectetur', 'Ea consequatur earum porro animi. Maiores velit illum sed velit pariatur alias. Facere maxime corporis quibusdam velit blanditiis sit quis. Enim perspiciatis nam dolorem tenetur et porro est odio. Aut fugiat expedita facere rerum. Ut sapiente et voluptates non voluptatem voluptatem quis. Debitis quia ea quod molestias quia et aut. Officia enim voluptate eius deserunt nemo. Eum ut enim magni autem ab autem quisquam. Nobis aut et velit libero neque placeat omnis. Quia et dicta dolor sed saepe ad. Reiciendis dolor commodi est dicta eos excepturi nihil.', 'https://images-na.ssl-images-amazon.com/images/I/71aGRDbG9WL.jpg', 'Laury Senger'),
(200, 28, 'cupiditate corporis', 'Accusantium sed voluptates modi harum vel. Quae distinctio est dolorem eveniet. Accusantium laboriosam est sunt aperiam laudantium. Id recusandae qui corporis fuga quae ipsa architecto. Eos delectus soluta sunt accusamus est. Non maxime deserunt dolor architecto porro dolor aut blanditiis. Nulla numquam ut quas. Nihil eius quidem consequatur repudiandae. Quaerat recusandae ipsum ut ut explicabo ipsum sunt. Nihil est rerum ut dignissimos non. Non nihil aut beatae doloremque. Officia aut impedit blanditiis est consequatur laudantium et.', 'https://images.omerlocdn.com/resize?url=https%3A%2F%2Fgcm.omerlocdn.com%2Fproduction%2Fglobal%2Ffiles%2Fimage%2Fb4ddd4dd-70a1-4977-8a46-559f77b48ccc.jpg&width=1200&type=jpeg&stripmeta=true', 'Heather Harber');

-- --------------------------------------------------------

--
-- Structure de la table `comic_category`
--

CREATE TABLE `comic_category` (
  `id` int(11) NOT NULL,
  `name` varchar(50) COLLATE utf8mb4_unicode_ci NOT NULL
) ENGINE=InnoDB DEFAULT CHARSET=utf8mb4 COLLATE=utf8mb4_unicode_ci;

--
-- Déchargement des données de la table `comic_category`
--

INSERT INTO `comic_category` (`id`, `name`) VALUES
(19, 'Action / Aventure'),
(20, 'Humoristique'),
(21, 'Fantastique'),
(22, 'Heroic Fantasy'),
(23, 'Policier / Enquête'),
(24, 'Historique'),
(25, 'Horreur'),
(26, 'Arts Martiaux'),
(27, 'Musical'),
(28, 'Romance'),
(29, 'Science Fiction'),
(30, 'Sports'),
(31, 'Espionnage'),
(32, 'Steampunk'),
(33, 'Superhero'),
(34, 'Ados'),
(35, 'Guerre'),
(36, 'Western');

-- --------------------------------------------------------

--
-- Structure de la table `doctrine_migration_versions`
--

CREATE TABLE `doctrine_migration_versions` (
  `version` varchar(191) COLLATE utf8_unicode_ci NOT NULL,
  `executed_at` datetime DEFAULT NULL,
  `execution_time` int(11) DEFAULT NULL
) ENGINE=InnoDB DEFAULT CHARSET=utf8 COLLATE=utf8_unicode_ci;

--
-- Déchargement des données de la table `doctrine_migration_versions`
--

INSERT INTO `doctrine_migration_versions` (`version`, `executed_at`, `execution_time`) VALUES
('DoctrineMigrations\\Version20220112221822', '2022-01-12 22:18:43', 1323);

-- --------------------------------------------------------

--
-- Structure de la table `event`
--

CREATE TABLE `event` (
  `id` int(11) NOT NULL,
  `category_id` int(11) NOT NULL,
  `place_id` int(11) DEFAULT NULL,
  `owner_id` int(11) NOT NULL,
  `activity_id` int(11) NOT NULL,
  `name` varchar(100) COLLATE utf8mb4_unicode_ci NOT NULL,
  `description` longtext COLLATE utf8mb4_unicode_ci NOT NULL,
  `picture` varchar(255) COLLATE utf8mb4_unicode_ci NOT NULL,
  `start_at` datetime NOT NULL,
  `end_at` datetime NOT NULL,
  `capacity` int(11) DEFAULT NULL,
  `game_level` varchar(50) COLLATE utf8mb4_unicode_ci DEFAULT NULL
) ENGINE=InnoDB DEFAULT CHARSET=utf8mb4 COLLATE=utf8mb4_unicode_ci;

--
-- Déchargement des données de la table `event`
--

INSERT INTO `event` (`id`, `category_id`, `place_id`, `owner_id`, `activity_id`, `name`, `description`, `picture`, `start_at`, `end_at`, `capacity`, `game_level`) VALUES
(1, 12, 177, 84, 9, 'est maiores iure velit modi fugiat ducimus a', 'Pariatur et accusamus ratione dolor ex similique quo. Mollitia ipsum sunt ipsum doloribus. Ut delectus commodi blanditiis aliquam dolore cum. Quasi temporibus iure at. Unde est ratione aspernatur aut aut totam. Maiores et velit et molestiae eos sit quia. Minima fugit alias perspiciatis aliquam enim odio aut et. Id iste eos deleniti amet. Ullam aliquid libero voluptatem nobis facilis dolor culpa. Voluptas expedita nihil dolores rem sunt sit hic. Non corrupti aut ut voluptates id corporis fuga corrupti. Sed et laboriosam distinctio eos modi quos. Rerum pariatur error aut vitae tempore omnis quas. Pariatur quis voluptatibus iure rem voluptas sunt quam. Deleniti consequuntur itaque tempora est quis voluptates. Architecto nobis ut ex explicabo. Tempora voluptatibus doloribus asperiores autem.', 'https://www.presse-citron.net/app/uploads/2021/06/netflix-geeked-week-summer-game-fest-2021.jpeg', '2022-07-08 05:27:05', '2022-07-09 10:47:48', 1, NULL),
(2, 13, 114, 204, 8, 'harum sed aut dolore praesentium molestias libero nam', 'At quam non reprehenderit dolorem accusantium ut. Quis aliquid illum sint qui nisi ea illo. Non aperiam eum exercitationem cumque odio accusantium quos iusto. Corrupti nulla tempora quos. Similique nihil facere aut omnis et quasi error quibusdam. Sapiente aspernatur repudiandae voluptas optio neque. Mollitia facilis minima est neque et. Ut ut voluptas aliquam aut. Ea blanditiis sequi fugiat est rerum dignissimos eveniet. Sint explicabo in sunt molestiae blanditiis. Omnis ipsam natus ea dolores id. Voluptatum officiis at est nobis voluptates at illo. Alias sed non dolorum adipisci at consequatur ea. Nemo est cum modi dolor eaque maxime. Dolorem voluptas quisquam aperiam suscipit rerum et quod. Assumenda numquam hic esse. Dolor deleniti a esse porro at.', 'https://previews.123rf.com/images/microone/microone2006/microone200600047/148520518-board-game-evening-friends-meeting-happy-players-characters-isolated-teenagers-or-adults-playing-car.jpg', '2022-05-04 03:05:04', '2022-05-04 06:32:32', 13, NULL),
(3, 11, 119, 401, 10, 'quas ratione tempora accusamus consequatur aliquid impedit omnis', 'Dolorum omnis cupiditate et rerum quo commodi mollitia est. Est deserunt itaque quas rerum tempore nulla. Rerum alias consequatur distinctio distinctio excepturi blanditiis inventore. Eius reprehenderit numquam dolore. Quia suscipit exercitationem praesentium aspernatur hic velit. Nam sed reiciendis velit eius quas. Ipsam quas rem placeat. Harum voluptatem praesentium voluptatem porro modi. Inventore repellendus perspiciatis porro ipsam nemo quas. Repellat deserunt vel praesentium placeat provident fugit. Odit consequatur sapiente corrupti molestias enim laudantium voluptas qui. Ad dolorem modi placeat doloribus deleniti quia.', 'https://i.ytimg.com/vi/gjVtbJkKQbo/maxresdefault.jpg', '2022-02-10 21:00:07', '2022-02-12 00:13:43', 490, 'Débutant'),
(4, 10, 176, 39, 8, 'doloremque ipsa accusamus est', 'Dolorem possimus provident officia maiores autem culpa nostrum. Ea sed ea veritatis sequi est dolorem dolores iusto. Ex et aut deleniti qui. Soluta ipsum sed saepe numquam sed illum deserunt. Quasi velit aut doloremque. Rerum autem odio ut quia vitae corporis. Qui ut quis tempore deserunt est repudiandae commodi iste. Non ut animi ut vel. Illo beatae molestias quis nihil debitis. Sapiente eum ad omnis quisquam est eos. Sequi sapiente qui quod. Et omnis eveniet ipsum. Sed omnis at beatae ex eos voluptatem quia. Doloribus eos repellat animi similique vel laudantium. Officiis vero sunt eum necessitatibus nisi est. Et quos mollitia sequi et. Quo dolorem quos incidunt perferendis. Veritatis sequi id quia tempora id consequatur et.', 'https://data.1freewallpapers.com/download/dota-2-1280x720.jpg', '2022-06-14 05:28:33', '2022-06-16 16:24:19', 128, NULL),
(5, 12, NULL, 185, 7, 'placeat ut labore voluptatibus nam doloremque molestiae est', 'Et natus hic eveniet quos quia. Est laudantium similique dolor perferendis inventore odit. Debitis facere qui excepturi esse quia saepe quia vitae. Eveniet repellendus minima sit beatae deleniti. Est cupiditate quas et aut. Maiores totam libero iure accusantium hic explicabo odit. Qui necessitatibus voluptatem suscipit vel. Ullam ipsa numquam nobis sint rem. Corrupti velit id fugit et consequatur. Quo ea recusandae sapiente deleniti occaecati reiciendis. Repellendus ab ea doloremque ducimus quod fugiat. Minus recusandae quia blanditiis odit. Doloribus sit doloremque qui qui. Debitis ipsum iure atque quae. Deserunt labore deserunt ullam et et. Fuga et velit illum accusamus qui tempore. Praesentium mollitia et non cum illo.', 'https://www.presse-citron.net/app/uploads/2021/05/koch-media-e3-conference.jpeg', '2022-05-09 00:15:33', '2022-05-09 04:11:57', 466, 'Confirmé'),
(6, 11, 172, 105, 7, 'labore magni vel quam reprehenderit dolor quam', 'Et velit nisi placeat qui nemo. Odit minima aperiam quia recusandae. Et voluptatem voluptatem veniam quis. Explicabo eligendi explicabo quae atque. Et ducimus nulla laudantium ad doloremque voluptatibus. Ipsum vero enim et adipisci necessitatibus et. Architecto eos vel corporis ea alias. Distinctio aut et natus et. Pariatur dolor consequatur est voluptatem. Adipisci tempora minus et earum. Ducimus nihil et rem debitis sapiente voluptatem. Voluptas magnam praesentium qui nihil adipisci. Laborum fuga commodi nam quidem est ipsam cupiditate itaque. Sed ut maxime voluptatem similique sed. Voluptate veniam iure autem aut deserunt omnis mollitia. Nemo et quam velit atque. Ipsa placeat impedit aut dolor minus nostrum nihil.', 'https://www.rostercon.com/wp-content/uploads/2021/09/dcfandome-2021.jpg', '2022-03-13 22:13:37', '2022-03-15 22:41:28', 189, 'Professionnel'),
(7, 10, 133, 452, 10, 'ipsam ut enim dolorem nobis deserunt', 'Sunt atque ut modi porro eius. Praesentium qui et est rerum sint consequatur sequi dolorum. Pariatur et nemo voluptatem sunt sunt. Sunt tenetur impedit maxime assumenda velit in sint cum. Et qui omnis non voluptatum praesentium. Aut fugiat modi consectetur eaque voluptatem et rerum. Maxime non et enim dolorum. Quo aliquam vel omnis aliquid quia itaque. Aut non blanditiis incidunt porro est minima sint. Earum veritatis sequi possimus et in quis. Iste et consequatur rerum. Nam voluptatibus et minima aspernatur inventore sequi. Excepturi soluta consequuntur corrupti reiciendis temporibus praesentium quo. Aut aut repellendus inventore quas ipsa autem sit. Repellat ex natus dicta esse dolor.', 'https://www.presse-citron.net/app/uploads/2021/06/netflix-geeked-week-summer-game-fest-2021.jpeg', '2022-02-02 17:39:28', '2022-02-03 09:37:48', 448, 'Intermédiaire'),
(8, 10, 157, 323, 7, 'commodi fuga asperiores voluptas ipsam ut recusandae id', 'Enim ut magni molestiae autem aut exercitationem. Et officia cum vero fugiat rerum. Error doloribus quos dolorum ab consectetur. Quis illum rerum iusto quis. Temporibus ipsum et molestias voluptatem mollitia deleniti soluta. A vero aut non ea. Repudiandae sit illo odit quia quaerat. Quia sapiente accusantium cum iusto aspernatur. Dolor illo dolorem nostrum. Sed qui rem nihil et animi. Assumenda distinctio veniam voluptate ut. Excepturi consequuntur qui dolorum ratione ea dicta. Incidunt culpa nulla delectus ut. Ipsum eum dicta aperiam non ad perferendis. Expedita porro hic et quos voluptatem natus fugiat. Temporibus non sit repellat voluptatum doloribus. Sed blanditiis itaque maiores perspiciatis officia.', 'https://cdn.arstechnica.net/wp-content/uploads/2021/07/legend-of-zelda-nes-gold-800x450.jpg', '2022-03-04 23:07:06', '2022-03-05 19:26:23', 425, 'Professionnel'),
(9, 14, 142, 358, 9, 'minima veritatis quidem soluta', 'Reiciendis et consequatur qui. Blanditiis architecto repellendus ut. Rem maiores sequi eveniet accusantium totam eveniet est. Corrupti doloremque quia voluptatem. Qui molestias suscipit sed facere atque id. Eius nihil aspernatur vitae tempora enim hic reprehenderit. Praesentium repellat pariatur veritatis alias. Enim facere dolor quos dolorem. Beatae ex et non dolorum voluptatum. Accusantium et similique et et. Eum ut cum quis atque est soluta aut. Adipisci blanditiis ipsam culpa consequatur. Sunt unde rerum sint hic ipsam voluptatum. Occaecati reprehenderit nam nulla qui et eos harum. Voluptas quas exercitationem est architecto quam. Laudantium architecto minima qui id saepe. Aspernatur alias enim inventore accusamus. Accusantium magni consequatur sed ab maxime eveniet ut deserunt.', 'https://www.presse-citron.net/app/uploads/2021/05/koch-media-e3-conference.jpeg', '2022-02-28 06:11:26', '2022-03-01 13:47:34', 422, NULL),
(10, 14, NULL, 301, 9, 'occaecati non et repellat', 'Qui saepe cum quis et nihil eum sint. Facere voluptatem eum earum repellendus nisi. Exercitationem soluta accusamus voluptatem architecto nam rerum aperiam. Vel maxime voluptates quisquam iure aspernatur. Enim est molestiae voluptatibus voluptatem consectetur placeat. Dolorem dolores ut deleniti odio vero officia. Numquam eligendi quo explicabo commodi iste. Labore atque minus qui sint. Placeat eligendi recusandae voluptate voluptas culpa et. Ipsum ea at molestiae quidem ab cum repellat. Non id animi quidem aliquam et. Ipsa voluptatum non ut dicta facilis modi. Corrupti odit tempore consequatur quis.', 'https://www.poilsdemartre.fr/medias/images/japan-touch.jpg', '2022-05-31 21:26:29', '2022-06-03 19:51:37', 483, NULL),
(11, 10, 189, 450, 7, 'cupiditate amet qui explicabo natus dolorem ea ut', 'Odit voluptatem voluptas doloribus magnam dolore. Est distinctio aperiam accusamus deserunt est. Quaerat laborum fugiat dolores qui. Et rerum rem omnis iusto repellat. Sequi iure pariatur assumenda temporibus est est eum. Veritatis ut molestiae qui. Nemo rerum occaecati corporis. Minima non eos vero aut. Perferendis in ab dolor facilis omnis minus. Nesciunt eveniet dicta molestiae similique. Consectetur similique ipsum molestiae qui nulla. In dignissimos eum ut est. Dolores quia dolorum ut ipsa. Temporibus laboriosam quasi est quam inventore molestiae repellendus. Eos sint est sint dignissimos magnam excepturi. Et aut eum impedit aut iure incidunt in. Quibusdam sunt et quam ipsum.', 'https://happydays365.org/wp-content/uploads/2020/05/Geek-Pride-Day-1080x630.jpg', '2022-01-12 04:45:19', '2022-01-13 17:09:49', 200, 'Débutant'),
(12, 10, 158, 303, 10, 'eum enim eos id est', 'Velit quisquam tempora voluptatibus consequatur omnis aliquam non accusantium. Aperiam voluptatem eos perspiciatis odit. Possimus expedita dolor aut ut. Ut amet saepe nesciunt repudiandae. Assumenda aspernatur vitae nobis eum consectetur. Dolor praesentium veniam numquam qui vel eos sunt. Commodi exercitationem molestiae itaque. Commodi quisquam dicta suscipit voluptas eos laudantium quia. Nulla aut vel ut commodi. Labore possimus expedita autem voluptatem ut autem maxime. Vitae temporibus iusto explicabo eos dolorem iusto. Soluta aut tempora soluta porro eos deserunt ut. Qui et earum consequuntur autem. Culpa velit itaque tenetur ut labore consequatur. Id non dignissimos sequi officiis tempora adipisci praesentium.', 'https://previews.123rf.com/images/microone/microone2006/microone200600047/148520518-board-game-evening-friends-meeting-happy-players-characters-isolated-teenagers-or-adults-playing-car.jpg', '2022-02-16 12:35:16', '2022-02-17 09:38:58', 461, 'Confirmé'),
(13, 10, 130, 219, 10, 'natus animi est sunt et veritatis vel eaque qui', 'Praesentium ut suscipit eum ut sapiente rerum. Cupiditate corporis eius qui maiores quibusdam. Earum dolorem placeat sed est repellendus. Quo eius voluptatibus iure blanditiis laborum dolorum. Autem ex fugit ut sed commodi consequatur a. Inventore repellat nesciunt accusamus amet dolores. Voluptatem repellat voluptatem culpa harum nulla omnis. Hic eveniet et et id animi quo iste culpa. Cum omnis cumque quis soluta. Modi modi nostrum et neque voluptatem voluptas sed. Autem ut et non consequatur. Possimus dolorem enim omnis sunt accusamus iusto. Possimus ex vel consequatur doloribus animi. Voluptate laboriosam occaecati error dolores architecto autem dolorum. In temporibus voluptatem cupiditate.', 'https://www.manga-news.com/public/images/events/geek-unchained-4.jpg', '2022-03-16 23:17:31', '2022-03-19 00:40:39', 137, 'Occasionnel'),
(14, 10, 112, 44, 9, 'velit consequatur aut debitis nihil ducimus eum vero nisi', 'Est nihil ut veniam et culpa quidem. Ut enim sint temporibus quis aut. Consequuntur nihil aut ea. Qui libero eos tenetur repellendus. Dolor sapiente dolor incidunt impedit. Necessitatibus quia est sit modi. Molestiae doloribus numquam asperiores repudiandae veniam id et nulla. Modi ut fuga maiores et est et asperiores. Quo rerum aut aliquam quia autem non. Reiciendis magni eos ut excepturi expedita. Voluptas rerum possimus similique possimus. Ut nostrum assumenda placeat ea tenetur iure. Fugiat consequatur quasi quisquam dignissimos corporis. Placeat rerum pariatur alias hic beatae quaerat et. Voluptas error iure placeat possimus perferendis non.', 'https://pbs.twimg.com/media/EECAyk7W4AAQP9w.jpg', '2022-04-17 14:20:17', '2022-04-18 05:53:51', 176, NULL),
(15, 11, NULL, 138, 8, 'minima natus et temporibus itaque repudiandae adipisci rem', 'Non delectus voluptate omnis omnis. Et aspernatur quasi hic qui saepe voluptas porro. Totam velit laborum praesentium eaque et veritatis. Quia sed enim vel voluptatum tempore laboriosam veniam. Natus eligendi est porro voluptatum est adipisci quo. Architecto veniam maiores quos quisquam laborum enim. Architecto laborum quibusdam qui officiis officiis accusamus nihil. Quia exercitationem cupiditate cupiditate itaque. Labore neque minus rerum ut. Eos ut doloremque voluptate id nam in nulla. Eum rerum sit quod aut corrupti aut ipsa voluptas. Autem ad sit neque qui doloribus. Aspernatur maiores aut autem quis quia. Omnis tempore enim sapiente iusto fuga.', 'https://i0.wp.com/www.nintendo-town.fr/wp-content/uploads/2019/04/H2x1_NSwitch_MortalKombat11_image1600w.jpg?fit=1600%2C800&ssl=1', '2022-07-06 22:29:46', '2022-07-07 05:46:11', 489, NULL),
(16, 13, 184, 387, 8, 'nisi velit quasi', 'Quam officiis perferendis eos et. Quis earum enim ipsam. Maxime qui nemo quasi dolores omnis. Reprehenderit sit atque at enim reprehenderit odio occaecati est. Aut dicta enim occaecati animi. Modi nesciunt sit eum velit. Quas quis excepturi quia labore. Quis quibusdam eum neque id qui necessitatibus. Distinctio et praesentium corporis qui praesentium consequatur perspiciatis. Nulla eos voluptatibus numquam reprehenderit voluptatem dolorum. Sit quo quidem distinctio aperiam. Facilis molestiae minus est pariatur occaecati eligendi neque dolorem. Et iure fuga porro in. Dolorem recusandae eaque deleniti a hic et. Sed voluptatem et et vitae rerum et. Commodi dolorem qui beatae provident est tenetur. Doloremque dolor nihil fuga excepturi ex. Ab praesentium non aperiam et.', 'https://www.presse-citron.net/app/uploads/2021/06/netflix-geeked-week-summer-game-fest-2021.jpeg', '2022-05-22 18:37:30', '2022-05-24 22:49:07', 190, NULL),
(17, 9, 158, 305, 7, 'iste temporibus animi explicabo harum nihil', 'Vitae ad ut voluptatem excepturi minima quis harum. Amet dolores est a illum. Numquam aut facere corporis officiis odio neque magnam. Animi veritatis maiores nihil. Iste fuga et et cupiditate magnam. Assumenda voluptatem perspiciatis consequatur odio cumque omnis. Delectus ut repellat aut fugit alias assumenda aut. Officiis eius maxime cumque et. Aliquam recusandae eos occaecati sint. Quis laboriosam natus quia consequatur et. Eligendi voluptatem sunt sed non repellat. Ut reiciendis suscipit ea est. Voluptas eum saepe officiis iusto. Maxime optio labore at officia. Et dicta voluptatem excepturi illum suscipit.', 'https://fr.web.img2.acsta.net/newsv7/20/06/30/12/28/5740456.jpg', '2022-06-12 00:15:29', '2022-06-14 05:30:56', 259, 'Occasionnel'),
(18, 13, 137, 424, 8, 'qui modi eos repudiandae porro qui nisi numquam fugiat quis', 'Sint omnis cumque quisquam repellendus fuga eius necessitatibus. Provident cum sed laboriosam. Aspernatur labore blanditiis neque magnam. Et sed rem ea similique aut occaecati. Recusandae ullam mollitia corrupti tenetur eum eius itaque. Totam distinctio voluptate beatae blanditiis sed animi numquam sunt. Et et temporibus vitae quas deserunt reiciendis temporibus. Exercitationem consectetur non aliquid vel itaque quia. Quidem aliquid nostrum minus eius et. Facere corrupti commodi cupiditate suscipit est quos. Aut velit qui praesentium qui dicta consequatur rem consequatur. Harum officiis ut rerum vel reprehenderit qui. Dignissimos sapiente placeat quo. Qui sit facere tempore ratione iusto quia non at. Quaerat sit laborum et sint nam beatae eos. Est perferendis quae sunt vel voluptates.', 'https://www.rostercon.com/wp-content/uploads/2021/09/dcfandome-2021.jpg', '2022-04-02 14:36:22', '2022-04-04 22:45:35', 259, NULL),
(19, 14, 108, 217, 10, 'voluptas autem temporibus impedit ducimus itaque reiciendis rerum facilis qui', 'Enim quia quae sint aperiam molestiae expedita doloribus. Reiciendis iure sed nihil excepturi. Voluptas ut quae dolores cum autem et. Omnis voluptate itaque maxime. Quas nemo dolorem qui et sed blanditiis ex. Nostrum facilis nihil ad voluptas minus sit. Ipsum ipsam vel eum quas. Voluptatem magnam exercitationem temporibus consequuntur aspernatur rerum nihil quis. Vel nulla alias eligendi neque assumenda blanditiis voluptates. Dolorum magni vitae asperiores odit quis. Tenetur itaque deleniti distinctio vero. Architecto consectetur corporis eum et adipisci deleniti. Illum odit harum velit error et aperiam. Vero beatae minus cumque aliquam nemo aut. Perferendis alias illo eos impedit optio. Distinctio quia tenetur et. Commodi sed et sint itaque et et.', 'https://www.presse-citron.net/app/uploads/2021/05/koch-media-e3-conference.jpeg', '2022-06-12 14:30:40', '2022-06-14 04:44:37', 345, 'Tous niveaux'),
(20, 13, NULL, 423, 10, 'ea perferendis iusto sunt amet velit est nobis', 'Provident ut cupiditate ut officiis repudiandae minus. Mollitia cumque molestias ut consequatur est. Eligendi similique fugiat eius enim. Quis debitis quidem perferendis nihil. Quis autem qui et voluptatem. Eveniet iure eveniet ut nesciunt atque dolores accusantium. Ut quidem corporis est et nulla aperiam possimus. Vel commodi assumenda voluptas et. Numquam sit sint quae repellat iusto et. Excepturi et quibusdam necessitatibus fugit voluptatum. Illum repellat praesentium omnis id eius voluptas itaque. Nulla quis aut similique eum. Aut soluta aut quo. Eum dolor sunt ipsam et. Facere reiciendis omnis consequuntur nisi quasi eos asperiores. Sint sequi vitae deserunt ipsum. Nesciunt nihil rerum aut ut id. Iste dolorem doloremque id illum magnam rerum.', 'https://pbs.twimg.com/media/EECAyk7W4AAQP9w.jpg', '2022-06-17 01:35:51', '2022-06-18 10:01:59', 208, 'Confirmé'),
(21, 10, 135, 241, 10, 'hic quibusdam maxime', 'Omnis mollitia quidem nisi ipsum. Aut deleniti eum modi aliquam voluptas est. Natus et rerum cupiditate ad et fuga. Provident repellendus provident est. Id eos cumque voluptatem nam ab rerum. Et earum et quia adipisci. Aut repudiandae adipisci impedit sint quos soluta consequuntur. Eos magnam aut molestiae beatae voluptates aliquam. Rerum occaecati sed beatae blanditiis quis voluptatibus debitis omnis. Recusandae eum qui culpa aliquid et ipsa animi sed. Soluta illum corrupti aliquid. Voluptas non et sit facere consequatur consequatur. Dolorum ipsa beatae debitis velit aut ut quo vero. Est sunt rerum ut et repellat harum. Ut possimus rerum voluptas.', 'https://www.realite-virtuelle.com/wp-content/uploads/2020/11/pokemon-go-milliard-revenus.jpg', '2022-04-20 05:44:34', '2022-04-20 22:47:50', 87, 'Occasionnel'),
(22, 9, 170, 276, 7, 'nihil rerum sequi sint', 'Iste illo voluptatum quia deserunt voluptas. Consequuntur rerum quis culpa et. Non quia corrupti unde non velit. Nobis autem quia molestias reprehenderit autem doloremque sed. Quae dolor eum cupiditate minima asperiores. Est reiciendis voluptas occaecati minus ut pariatur. Architecto deserunt ipsam omnis totam nulla. Dolor omnis et deserunt nostrum tempora. Nostrum fuga velit vitae doloribus. Ab enim amet hic quam molestiae. Sapiente alias quisquam architecto debitis dolorum non. Adipisci recusandae aut laboriosam. Delectus minus sint ut voluptas aut earum delectus. Quo maiores et rerum est magnam est molestiae. Repellendus qui voluptas hic. Ut voluptatem vero ut nostrum in. Expedita in ipsa qui omnis aut quasi illo. Quis molestiae qui sit corrupti hic sit.', 'https://i0.wp.com/www.nintendo-town.fr/wp-content/uploads/2019/04/H2x1_NSwitch_MortalKombat11_image1600w.jpg?fit=1600%2C800&ssl=1', '2022-03-03 04:31:27', '2022-03-04 05:08:07', 82, 'Professionnel'),
(23, 12, 130, 451, 10, 'velit repudiandae iste id hic autem explicabo velit fugiat', 'Totam est exercitationem incidunt sapiente saepe esse. Maxime ullam non id reiciendis sit ut magni. Ipsam quia sequi quo suscipit sint. Repellat rem aut consequuntur repellat. Id repellendus praesentium quia est. Possimus reprehenderit non velit ipsum et et provident. Omnis ducimus itaque et qui corporis culpa. Et occaecati ut quo sed ab beatae voluptatibus culpa. Earum dolorem eum qui officiis aut. In nesciunt ex rerum fuga ut aut eos. Et nihil qui et consequatur labore neque fugiat. Quo qui voluptatem quo velit quod. Qui dolores ut delectus perspiciatis laborum eos nihil. Enim rerum accusamus iure ratione sint nobis. Consequatur rerum nobis sit tempore et. Id at qui dicta voluptatibus.', 'https://pbs.twimg.com/media/EECAyk7W4AAQP9w.jpg', '2022-04-23 04:09:33', '2022-04-26 00:37:47', 212, 'Occasionnel'),
(24, 12, 169, 370, 10, 'qui odio quia odio facere dolore reprehenderit reiciendis cupiditate', 'Enim totam quis aut id atque omnis quia. Aut ut vero aspernatur neque aut sit quas. Labore modi et qui consequatur dolor necessitatibus saepe. Sunt qui mollitia id et neque temporibus consectetur. Ut error modi voluptatem aut nihil voluptate esse nobis. Voluptate laborum corporis reiciendis voluptas magni error. Qui in eum magni dolores et. Recusandae eius ea quae ullam. Soluta quibusdam beatae eveniet. Sint dolore occaecati praesentium. Numquam ipsam blanditiis et et. Ut possimus facere quae dolor nulla saepe quis. Ut est vel ea inventore culpa atque maiores. Aliquid eos enim libero deleniti. Modi quod velit magnam adipisci. Quo excepturi dolores totam at adipisci rem. Et rem quae id eum. Aut odit non temporibus.', 'https://happydays365.org/wp-content/uploads/2020/05/Geek-Pride-Day-1080x630.jpg', '2022-04-12 21:57:37', '2022-04-13 05:52:21', 164, 'Tous niveaux'),
(25, 12, NULL, 300, 8, 'nihil sit molestiae aut', 'Laborum facere fuga exercitationem amet nobis. Id nostrum accusantium voluptatem dolores assumenda beatae. Labore sint quisquam sit magni illum tempore. Voluptatem atque illo vero iste. Cumque occaecati corrupti saepe quasi. Aperiam beatae est dolore fugiat facere. Sed recusandae aliquam commodi ut odit consequatur et. A et consequuntur sit voluptatum tempore consequatur maxime. Voluptatum sit explicabo provident. Repudiandae ipsum nihil natus recusandae est. Incidunt ab repudiandae quia quia. Explicabo ex nobis rem adipisci fuga perspiciatis fugiat dolor. Ducimus quod qui excepturi dolorem nesciunt perferendis suscipit et. Voluptatibus quia quia repellendus molestiae.', 'https://www.miraigamers.com/wp-content/uploads/2021/07/Yu-Gi-Oh-Master-Duel-arrive-sur-tous-les-supports-pret-pour-le-Duel.jpg', '2022-01-18 22:48:03', '2022-01-20 00:28:46', 49, NULL),
(26, 13, 146, 125, 8, 'doloremque officiis nam consequuntur voluptas', 'Deserunt enim numquam debitis. Similique rerum numquam error sit officiis qui quaerat. Sunt et accusamus est culpa cum. Molestias illo eum doloremque modi sequi. Quia consequatur et possimus dignissimos. Saepe qui quisquam explicabo esse labore in nisi. Omnis numquam aut deleniti et rerum. Qui molestiae nesciunt sit nostrum officiis beatae. Hic explicabo sed non velit sed est. Eum dolor quaerat labore maxime cum veniam rerum. Impedit perspiciatis earum voluptatum hic labore ut. Sapiente est assumenda cumque placeat quae facilis dolores eos. Illum hic nesciunt nam laudantium. Sed omnis doloremque eum debitis non qui. Enim nisi dolor aut neque non non consequatur.', 'https://www.miraigamers.com/wp-content/uploads/2021/07/Yu-Gi-Oh-Master-Duel-arrive-sur-tous-les-supports-pret-pour-le-Duel.jpg', '2022-06-01 05:42:56', '2022-06-01 05:58:45', 135, NULL),
(27, 9, 189, 27, 9, 'numquam sed et atque neque blanditiis dolorem doloribus', 'A rerum consequatur voluptatem consequatur architecto. Quia cum ea consequatur repellendus nisi asperiores incidunt. Voluptatibus ut consequatur et ab illum quis. Corporis veritatis nisi sit assumenda soluta vel pariatur. Laudantium nisi repellat pariatur asperiores repudiandae at. Id odio eum quia rerum architecto nobis. Modi eius sapiente illo itaque. Magni ea vero sit harum maxime. Fuga omnis nisi voluptates quidem. Debitis rem in accusamus qui quisquam. Cumque iure iste illo dolore aut. Dicta odio illo consequatur amet minus veniam. Veniam corporis non ut aut ut. Laborum accusantium dignissimos assumenda porro libero culpa voluptatem incidunt.', 'https://cdn.arstechnica.net/wp-content/uploads/2021/07/legend-of-zelda-nes-gold-800x450.jpg', '2022-06-02 16:52:18', '2022-06-04 04:50:06', 111, NULL),
(28, 12, 128, 417, 7, 'velit officiis cum omnis quidem magnam tempore', 'Neque sunt deleniti rerum a similique. Voluptate architecto ab nulla rem. Voluptas nihil voluptas tempora qui. Quod iure perspiciatis consequuntur aut sed omnis voluptas. Velit voluptatibus aut ratione et autem qui et. Enim et qui eaque tenetur. Vel ab vel blanditiis consequatur magni alias. Modi ut voluptas nemo sed iste debitis. Perferendis est qui et at voluptatum aut tempora. Unde iusto cum doloremque officia expedita. Quidem veritatis non eos delectus sint explicabo voluptas. Similique perferendis corrupti assumenda illum voluptate quos. Incidunt repudiandae ut ut ab. Earum rem in et enim odit dolorem facilis non. Qui ea praesentium distinctio. Explicabo quibusdam omnis accusamus beatae repellat voluptatibus.', 'https://i0.wp.com/www.nintendo-town.fr/wp-content/uploads/2019/04/H2x1_NSwitch_MortalKombat11_image1600w.jpg?fit=1600%2C800&ssl=1', '2022-02-08 22:14:07', '2022-02-11 16:36:00', 47, 'Tous niveaux'),
(29, 10, 156, 309, 10, 'reprehenderit assumenda deleniti illum', 'Aut porro quibusdam at nobis amet. Commodi qui possimus aliquid excepturi quae et ex. Sed distinctio dignissimos laborum quibusdam odit blanditiis. Provident et excepturi rem sunt. Et et atque unde qui facilis ut praesentium voluptas. Aperiam qui eos aperiam. Non molestiae suscipit at illum nihil. Et at minus aut quidem voluptatem. Eos quis doloribus non quas. Necessitatibus minima reprehenderit et sit. Aut molestias minima modi aut incidunt qui. Aliquid enim porro dolores fugit numquam in. Placeat saepe sed rerum a accusantium. Exercitationem quod error necessitatibus beatae modi praesentium amet. In alias commodi aperiam cum quia.', 'https://www.presse-citron.net/app/uploads/2021/06/netflix-geeked-week-summer-game-fest-2021.jpeg', '2022-05-29 01:40:24', '2022-05-30 05:21:46', 234, 'Confirmé'),
(30, 10, NULL, 430, 10, 'qui aut necessitatibus ut amet est voluptatem', 'Velit sunt enim dignissimos qui earum qui. Labore animi enim ut eum ab ut. Delectus nemo repellendus non accusamus cum voluptatem odit. Non omnis non aut voluptatibus qui et quibusdam. In suscipit quam beatae perferendis expedita fugit. Culpa esse earum eos cum. Eius non inventore ea occaecati assumenda. Est maiores ut quaerat. Pariatur et porro vero. Et qui eligendi laudantium modi accusantium. Exercitationem recusandae sed iste libero. Qui sapiente cum consectetur cum. Tempore ut cumque reiciendis ex est ratione. Possimus ipsum voluptates dolore eos voluptate velit quis. A voluptates ut soluta voluptatem iusto rem et. In officia rem magni eos. Et deleniti similique tenetur est. Laudantium facere nesciunt repudiandae et voluptate sint possimus.', 'https://www.realite-virtuelle.com/wp-content/uploads/2020/11/pokemon-go-milliard-revenus.jpg', '2022-05-11 11:39:05', '2022-05-12 06:22:17', 146, 'Occasionnel'),
(31, 11, 124, 225, 8, 'cumque et inventore libero voluptas dolorem aperiam mollitia accusamus aut', 'Vel non dolorem perferendis ab amet commodi. Aut nihil magnam qui earum quia beatae. Animi beatae earum dolores accusamus aut. Quaerat qui inventore nam qui quia esse sunt eum. Consequatur temporibus magni beatae est reiciendis quia qui commodi. Itaque animi magnam voluptas ad dolores illo. Molestias porro laudantium id. Et ut dicta nemo error. Voluptatem saepe voluptatem sint temporibus et architecto. Eum reprehenderit voluptatum sit ducimus. Qui a vel omnis aut. Est fugit eaque aliquid quia quaerat non. Veritatis consequuntur et ad enim nostrum voluptatem est dicta. Non placeat fuga quia eos dolores fugit voluptatem. Minima dignissimos nisi dolor non quo.', 'https://fr.web.img2.acsta.net/newsv7/20/06/30/12/28/5740456.jpg', '2022-06-09 06:45:45', '2022-06-11 05:48:34', 148, NULL),
(32, 13, 189, 455, 10, 'quos veniam at quia possimus sint neque eaque nisi', 'Iure velit quae voluptatem et illo commodi. Ex eos rerum sed sint aut nisi non non. Voluptatibus similique non at et nihil necessitatibus. Et aut necessitatibus optio ratione qui libero explicabo voluptate. Maiores perspiciatis consequatur aut sit. Quia nemo ipsum porro quisquam. Repudiandae a voluptatem cumque. Sunt reiciendis eos qui repudiandae. Magni quos non voluptatem. Quia neque enim libero. Ut fugit ducimus nesciunt repudiandae magni. Autem error aut laudantium animi quia dolores odio. Et nemo quisquam dolore et fugiat laudantium quasi. Voluptatum laborum molestiae doloremque dolore et corporis fugit. Earum est illum et labore. Doloremque nam dicta qui autem voluptas. Expedita ipsam rerum vel voluptas.', 'https://i.ytimg.com/vi/gjVtbJkKQbo/maxresdefault.jpg', '2022-06-09 23:47:57', '2022-06-11 17:49:51', 164, 'Occasionnel'),
(33, 12, 170, 241, 10, 'quia velit cumque reprehenderit minus', 'Similique similique sint optio corrupti nesciunt. Fuga aliquid consequatur optio adipisci maxime occaecati rerum ratione. Eum voluptas consequatur nisi corporis et in perspiciatis et. Error necessitatibus minus reprehenderit soluta maxime quo est. Asperiores tenetur impedit iste ut voluptas. Temporibus quasi id ut omnis omnis et voluptas quia. Tenetur tempora ut necessitatibus nulla voluptas quidem. Dolores aut quia et. Ea neque cumque corporis aperiam. Fugiat et voluptatem voluptatem in optio. Recusandae deserunt autem quia nobis quibusdam officia veniam sit. Et impedit aliquam velit iusto.', 'https://cdn.akamai.steamstatic.com/steam/apps/851590/capsule_616x353.jpg?t=1631538454', '2022-05-05 10:17:13', '2022-05-05 21:42:35', 354, 'Intermédiaire'),
(34, 12, 156, 39, 9, 'accusamus ratione eum delectus cumque ipsum', 'Deserunt doloremque eligendi et et. Et ipsum sint exercitationem incidunt atque libero omnis. Inventore aut accusamus enim aliquam quia. Accusantium error eius blanditiis dolorum reprehenderit ut. Enim consequatur repellat dolores eos dolor omnis nisi. Enim velit quos et nemo mollitia illum perferendis. Eos dolores officiis temporibus est aut repellendus amet laborum. Non voluptas ducimus ut aut amet voluptas recusandae. Placeat voluptatem excepturi tempora. Rerum esse error et voluptas necessitatibus. Et qui laboriosam porro numquam non eum perspiciatis repellendus. Provident voluptatum et reprehenderit est et nostrum. Quo expedita commodi corrupti neque et qui. Doloribus et aut ut eveniet dicta voluptatem quis.', 'https://pbs.twimg.com/media/EECAyk7W4AAQP9w.jpg', '2022-03-02 02:58:04', '2022-03-03 13:33:22', 350, NULL),
(35, 10, NULL, 391, 7, 'est eum voluptates hic deleniti', 'Autem non fugiat officia dolor aliquam. Nam quod tempore sit doloribus. Id quo molestiae voluptates culpa aut. Fugit tenetur ut animi possimus sequi iure. Est eaque omnis sit quo et est quam. Nostrum dicta doloremque quae. Qui doloribus delectus illum mollitia aut sapiente voluptatem. Quis sit qui et perspiciatis quibusdam porro. Esse eos veniam et exercitationem sunt. Et reiciendis fugit totam. Impedit voluptatem perspiciatis blanditiis quia tempora. Qui cumque quidem iure in suscipit sapiente dolorem explicabo. Veniam rerum dicta aliquid consectetur et voluptatum eius. Ea assumenda quidem neque at velit mollitia. Aut provident inventore nihil ipsam. Impedit delectus deserunt quidem sed facere totam vitae. Sint consectetur ex magnam in sit error suscipit.', 'https://www.rostercon.com/wp-content/uploads/2021/09/dcfandome-2021.jpg', '2022-06-10 02:00:30', '2022-06-12 10:25:57', 380, 'Débutant'),
(36, 12, 133, 42, 10, 'animi natus ut repellat adipisci incidunt dicta', 'A molestiae provident quaerat doloremque. Aperiam quidem ut aut inventore. Quo facilis modi doloribus officia et quidem expedita. Quas dolores ducimus qui sed et molestiae labore. Dolorem ab rerum sunt. Ut provident dolor repellendus qui mollitia. Doloribus magni molestiae error. Vero ex non ut beatae cumque et. Unde incidunt sit rerum aut vero error saepe. Sequi iste debitis quis officiis. In voluptate id tempora eos expedita vero. Quae odio sapiente rerum maiores quae repellat. Nam officiis in totam repellendus molestiae aut voluptate. Laudantium doloremque delectus ipsam in et magnam natus non. Assumenda iusto aliquid ad est. Eum dolore et ea repellat numquam perspiciatis. Doloremque beatae ut culpa et porro. Et esse quod consequuntur id voluptatibus.', 'https://www.rostercon.com/wp-content/uploads/2021/09/dcfandome-2021.jpg', '2022-06-08 17:53:53', '2022-06-10 18:41:32', 160, 'Occasionnel'),
(37, 12, 134, 448, 10, 'velit necessitatibus quisquam sapiente et est quis', 'Reiciendis assumenda qui ut corrupti hic quo. Vel cupiditate alias sint error quo autem facilis consectetur. Enim ea et voluptates harum asperiores eos. Fugiat deserunt et ullam deserunt a et. Eveniet veniam soluta sit eligendi molestiae. Nemo eos facilis blanditiis hic voluptatibus aspernatur voluptas. Maxime inventore velit aliquam omnis. Aliquid voluptatem et libero molestiae. Alias consectetur iure doloribus praesentium quae. Et et repellat et tenetur. Blanditiis suscipit omnis ut a dolores unde sit aliquam. Architecto omnis aut vero molestias voluptas incidunt. Perferendis similique molestiae id non et et. Reprehenderit cum voluptatem atque reiciendis. Laborum est ut sunt aut eos eos nemo.', 'https://fr.web.img2.acsta.net/newsv7/20/06/30/12/28/5740456.jpg', '2022-01-16 19:59:57', '2022-01-18 03:18:51', 360, 'Confirmé'),
(38, 11, 163, 329, 7, 'alias occaecati assumenda dolorum blanditiis enim voluptas natus quis', 'Reiciendis minus aspernatur qui. Fugiat quae quaerat magni aut quis debitis voluptatem accusamus. Odio asperiores neque nostrum. Et non expedita aperiam ad. Repudiandae qui debitis est fugiat laudantium facilis. Recusandae eius voluptatibus sequi et enim. Qui corrupti quaerat qui occaecati delectus. Qui magni et omnis ut sunt. Iure excepturi dolorem suscipit quidem voluptatem est. Hic dolores modi laboriosam expedita officiis est. Illo voluptates consequatur accusantium officia quibusdam ipsum itaque. Ipsa voluptate tempora animi qui. Aspernatur repellat sequi laboriosam vel esse a repellat veniam. Et voluptatem et labore est. Ipsa reprehenderit sunt repellendus rerum quasi at.', 'https://www.realite-virtuelle.com/wp-content/uploads/2020/11/pokemon-go-milliard-revenus.jpg', '2022-06-21 14:39:32', '2022-06-24 01:57:41', 311, 'Occasionnel'),
(39, 9, 161, 8, 9, 'fugiat dolor quaerat labore ut omnis', 'Ea iusto sit non voluptate et. Quaerat ut autem odit et aut. Expedita magni quia consectetur ut fugiat aliquam. Voluptas quibusdam id autem. Placeat natus ipsum ab aut et laboriosam nisi eum. Maxime non earum quibusdam quaerat ipsam similique modi. Unde provident qui quis et veniam asperiores id. Porro quis quod eos accusantium corporis quaerat. Ullam a nostrum iure dolorum. Voluptatum cupiditate ut labore aperiam ut. Et ex reiciendis quis dignissimos repellendus aut. Aspernatur voluptate ab id. Libero similique ut ex consequatur. Voluptas deserunt voluptates qui vel veritatis. Fuga maiores fuga explicabo velit voluptatum a. Qui id eum numquam dolor quo hic quae. Laboriosam enim qui quo sed quas. Fuga sit voluptatem mollitia doloribus natus id numquam. Doloremque minus dolorum totam.', 'https://www.presse-citron.net/app/uploads/2021/05/koch-media-e3-conference.jpeg', '2022-06-28 14:08:51', '2022-06-30 10:46:55', 142, NULL),
(40, 14, NULL, 291, 10, 'facere deleniti dolorem vitae consequatur', 'Amet ut et sint nisi quis molestiae. Repudiandae et quam magnam maiores. Qui optio sapiente sit excepturi asperiores dolor quia. Commodi laborum eum repellat. Accusamus nobis rerum fuga nobis dolores error ad omnis. Quo quod magnam reiciendis omnis expedita fugiat. Hic et tenetur eius minima. Vero consequatur sint alias pariatur dolores dicta. Reprehenderit deserunt consectetur et. Qui qui quas corrupti quia. Natus modi beatae optio ut placeat occaecati temporibus. Odio quibusdam animi molestiae sed. Omnis dolorem ad sapiente nihil. Autem et inventore vitae quos rerum. Sit et atque provident dolor. Facere qui provident a nisi earum assumenda perspiciatis ducimus. Omnis nulla numquam cupiditate hic et saepe.', 'https://www.manga-news.com/public/images/events/geek-unchained-4.jpg', '2022-04-10 05:50:43', '2022-04-12 05:50:28', 64, 'Confirmé'),
(41, 9, 115, 225, 8, 'quam nulla deserunt saepe cum architecto', 'Numquam inventore ipsam ex labore pariatur consectetur. Magni fugiat quis omnis nihil. Quasi ducimus quaerat cum ratione cupiditate fugit. Exercitationem ipsam unde necessitatibus consequuntur sed laboriosam. Ut accusamus repudiandae consequatur nostrum necessitatibus consequatur iusto. Veniam quae ut ratione impedit eum earum error in. Nam et distinctio molestiae aut autem dolor. Sit iste qui labore omnis. Provident incidunt similique est eaque omnis optio. Ab sed consequatur vitae ducimus omnis. Aut enim qui voluptates. Ipsam fugit molestias nihil. Incidunt beatae inventore et. Quaerat qui et nulla sint in. Natus voluptatem deleniti mollitia quia illum.', 'https://previews.123rf.com/images/microone/microone2006/microone200600047/148520518-board-game-evening-friends-meeting-happy-players-characters-isolated-teenagers-or-adults-playing-car.jpg', '2022-04-14 20:47:03', '2022-04-15 02:51:55', 339, NULL),
(42, 11, 193, 385, 9, 'voluptas maxime voluptatem', 'Non sed incidunt corporis ut. Non ducimus quidem quia. In et voluptate repellendus. Dolor tempora ipsa ut molestiae laudantium. Consequatur accusantium tempore et minima. Nemo rerum omnis et iure ut eligendi hic. Hic in fuga culpa eum aut culpa. Ea illo quos provident laudantium numquam voluptatem. Quidem ipsam eos quam exercitationem eos sapiente illo iste. Molestias eum quis qui nihil. Eveniet sit est eos nostrum minima. Sunt illo sit occaecati quam voluptatem. Sunt doloremque dicta ut. Repudiandae explicabo eveniet voluptatem itaque. Nostrum placeat enim repellendus provident laborum. Nihil non officiis modi assumenda et. Et dolores est ad. Tempore eum officiis officiis animi pariatur totam dolores.', 'https://www.presse-citron.net/app/uploads/2021/06/netflix-geeked-week-summer-game-fest-2021.jpeg', '2022-06-25 07:06:20', '2022-06-26 13:08:40', 60, NULL),
(43, 9, 101, 21, 9, 'quaerat optio saepe occaecati asperiores fugit ut laboriosam autem architecto', 'Vel rem rerum voluptatem corporis aliquam. Dolores temporibus quisquam enim voluptatibus reiciendis quia molestias. Ipsum consequuntur doloremque est corporis repellendus et. Ratione expedita sequi in qui. Magnam alias est velit quia. Esse qui eligendi ea distinctio non voluptatem ut. Asperiores distinctio similique rem vero non reiciendis. Rerum cupiditate aliquid ut. Fugit illum repellat quaerat sit voluptates itaque sit. Amet omnis optio sunt amet enim cum. Deleniti velit aliquam qui nobis qui. Id labore corporis modi voluptatibus blanditiis. Aperiam aut consequatur minus eaque qui omnis enim. Dolorum ab maxime sit. Itaque eius laboriosam sunt facilis qui qui odit. Cumque ut ab dolor eveniet nihil dolor eaque voluptate. Sint nobis praesentium est quibusdam eligendi iure velit.', 'https://www.rostercon.com/wp-content/uploads/2021/09/dcfandome-2021.jpg', '2022-01-11 08:50:48', '2022-01-12 06:37:19', 9, NULL),
(44, 13, 147, 43, 7, 'quos fuga et et molestias et dolorem ea maiores', 'Nam sit quasi ut pariatur accusamus iusto qui. Omnis ipsam vel consequatur architecto. Vel beatae tempora inventore excepturi. Omnis repudiandae dolores deleniti voluptate temporibus sint. Velit at cupiditate magni dolor amet nostrum cum. Assumenda quia et et et modi quia laudantium. Iure est cupiditate magnam et odit rerum hic. Corrupti enim sit aut omnis eaque. Et accusamus enim blanditiis ut nobis et commodi. Aliquam minus dolorem et eos doloremque. Nihil cumque deserunt delectus. Velit atque et repellat veritatis fuga. In libero ut molestiae quia praesentium iste. Suscipit quasi sed qui et ipsum. Dignissimos magnam ab aut ut dolor et est.', 'https://images.ctfassets.net/s5n2t79q9icq/114xMnrR6RiLD15UxL8LYZ/ca73ec9fe59f654a150b543e05979181/Meta-Homepage.jpg', '2022-04-15 16:39:47', '2022-04-18 08:23:35', 187, 'Occasionnel'),
(45, 10, NULL, 376, 10, 'soluta ut consequatur quos est ex', 'Similique qui nihil incidunt deleniti non illum impedit. Dolorum cupiditate tenetur maiores numquam sit quas perferendis. Porro exercitationem corporis eaque magni sapiente. Enim cupiditate sit ipsa amet unde et. Maxime modi eos accusantium ipsam. Ipsa est quia tempora mollitia id. Quis tempora maiores suscipit odit voluptatibus ducimus. Veniam consequatur nam soluta quos deserunt unde. Rem nostrum officiis itaque nostrum et. Ducimus modi officia laudantium voluptatem est ipsa amet qui. Neque consequuntur ducimus beatae sunt omnis blanditiis qui eveniet. Id veniam labore voluptas fugit sint et voluptatem. Sit et molestiae fugiat vel. Cum facilis quis veritatis reiciendis quia repellendus sit. Eum eligendi dicta autem repellat. Et in voluptates praesentium totam et nisi.', 'https://i.ytimg.com/vi/gjVtbJkKQbo/maxresdefault.jpg', '2022-04-07 23:59:40', '2022-04-10 20:48:53', 237, 'Professionnel'),
(46, 12, 113, 379, 8, 'officiis laboriosam et voluptate harum impedit doloribus aspernatur corrupti', 'Necessitatibus velit odit commodi voluptatum quam. Assumenda optio libero rerum alias. Quia labore dolorum aspernatur et repellendus et. Voluptatem optio et doloribus rem. Vero ut rem eius aut quibusdam voluptatem tempore architecto. Aut fugit inventore illum dolor dolorum quisquam sequi. Esse dolorem ut perspiciatis quam voluptatibus quis in autem. Error quidem sapiente facere perferendis eum quia. Aperiam aspernatur totam eum repudiandae ut in. In non vero porro rem. Ea omnis sint ut non atque. In et voluptate qui qui veniam reiciendis voluptas ut. Aliquam praesentium est sed. Vero tempora omnis et. Itaque et distinctio provident itaque recusandae autem. Facere modi quia ratione fuga.', 'https://www.poilsdemartre.fr/medias/images/japan-touch.jpg', '2022-02-27 10:31:26', '2022-03-02 01:59:12', 398, NULL),
(47, 11, 153, 272, 7, 'illum dicta beatae est velit', 'Provident dolorum quasi ipsa labore facere. Dolores porro molestias quod id. Repudiandae neque vitae exercitationem qui et asperiores. Nisi sit ut nobis sed dolorum veniam placeat odit. Dolor voluptas consequuntur a. Occaecati possimus est et. Iste voluptatibus recusandae odio sit et at ut. Exercitationem voluptas ipsam est neque magni at. Distinctio est rerum quae esse nihil reprehenderit repellendus porro. Dignissimos voluptatem occaecati animi dignissimos possimus esse voluptas. Dolorem assumenda labore praesentium minima enim. Fugit consectetur repudiandae et omnis eius. Laborum at aliquid libero provident placeat. Consequatur perferendis odit voluptatem aspernatur id quia expedita.', 'https://www.realite-virtuelle.com/wp-content/uploads/2020/11/pokemon-go-milliard-revenus.jpg', '2022-05-25 13:43:37', '2022-05-25 22:55:59', 223, 'Professionnel'),
(48, 13, 105, 371, 10, 'occaecati qui aut sit aliquam saepe ut doloremque', 'Error aut est dolore magni quo quia voluptas qui. At voluptatem sed facere quam. Repellendus ullam enim porro qui. Et sed accusantium quae delectus at. Omnis asperiores in quia enim quia voluptate. Veniam nihil aliquid aperiam ipsum voluptatum tempora eius. Magnam eius adipisci repudiandae nihil necessitatibus dolore et quas. Placeat ut sit et inventore sit modi. Aperiam ab aut consequatur ipsa illum quos. Dolore ab officiis voluptas soluta ea molestiae nesciunt. Rerum eum non adipisci ullam. Quisquam architecto et exercitationem. Et repellat explicabo enim pariatur id voluptas.', 'https://cdn.arstechnica.net/wp-content/uploads/2021/07/legend-of-zelda-nes-gold-800x450.jpg', '2022-06-24 01:38:48', '2022-06-26 11:34:04', 465, 'Professionnel'),
(49, 13, 171, 332, 9, 'consequatur sed voluptatibus vel vero', 'Libero qui ab veritatis earum necessitatibus voluptates et. Quos nostrum magnam voluptas repudiandae inventore. Enim laudantium in consectetur omnis eum corrupti facilis. Sunt libero vel blanditiis consequuntur. Nulla rerum temporibus enim. Eligendi saepe mollitia aut ipsum repudiandae officia. Fuga ut earum eius fugiat molestiae delectus aspernatur. Consequatur nihil architecto quidem repellat eos qui. Aut maiores est deleniti et. Porro aut veritatis praesentium eos qui assumenda. Blanditiis sed assumenda quia tenetur perspiciatis ipsa. Alias enim ratione ea laborum beatae consequuntur. Illum qui id et rerum omnis perferendis repellat inventore. Error doloribus magnam odit iste possimus. Rerum autem autem soluta doloremque natus minus eum voluptas.', 'https://i.ytimg.com/vi/gjVtbJkKQbo/maxresdefault.jpg', '2022-06-13 18:32:40', '2022-06-14 23:46:22', 113, NULL),
(50, 10, NULL, 286, 10, 'sed nam dolorem repudiandae repellat ea laudantium esse sed quam', 'Aut voluptatibus ratione et sapiente laboriosam nihil ab officia. Aut maxime eos saepe expedita et dolor. Dolor quia voluptas illo vel asperiores eum. Quasi vitae inventore id et similique. Ab saepe eum harum eos. Quidem atque eum omnis soluta qui. Temporibus est asperiores iusto in aut. Eos dolore reiciendis dolores consectetur est dolorum consectetur. Deserunt mollitia quam quis praesentium officia quia. Id commodi tempora blanditiis doloremque temporibus ullam. Quaerat odio delectus dicta aspernatur. Et temporibus consequatur temporibus consequatur debitis magnam. Voluptatum illo ad culpa tempore voluptates quasi placeat. Molestiae enim incidunt optio. Praesentium rerum eaque sint consectetur non. Aut qui numquam dolorem officia molestiae. Voluptatum qui et dolor quisquam.', 'https://www.presse-citron.net/app/uploads/2020/04/e3-online.jpg', '2022-04-07 09:36:59', '2022-04-10 04:44:21', 8, 'Professionnel'),
(51, 12, 114, 419, 7, 'omnis ex quae quod vel', 'Optio est libero quia sequi. Hic aliquam voluptates exercitationem suscipit et illo. Veniam eius modi ut dolore aut animi illum. Exercitationem quidem alias fugit laborum laborum debitis. Voluptas eum impedit voluptas dolores facere beatae facilis. Temporibus eos eos aut esse est tempora nobis. Qui quo illum consequatur tenetur consectetur aut. Quo consequatur occaecati magni qui excepturi voluptatem eveniet. Incidunt magnam placeat necessitatibus beatae. Vero est minus quam voluptate. Minus odio officia et illo porro. Et reprehenderit incidunt est officiis aut qui. Eius qui earum quasi saepe illum. Cum natus enim exercitationem omnis. Quia corporis hic mollitia qui rem. Ut dicta necessitatibus magnam voluptas unde et eum ut. Aspernatur rerum aliquid exercitationem.', 'https://www.poilsdemartre.fr/medias/images/japan-touch.jpg', '2022-03-16 05:06:03', '2022-03-18 23:53:57', 24, 'Tous niveaux'),
(52, 12, 177, 268, 7, 'et aut dicta a', 'Blanditiis placeat consectetur deleniti tempora. Nesciunt sunt laborum ut sint. Repellat eum eos excepturi quo unde eligendi consequatur repellat. Eos quod odit non velit et sint est aspernatur. Saepe cum dolores maiores non sunt quod. Quasi molestiae dicta vel voluptatem dolorem. Vel esse ea facere quia facilis praesentium delectus. Qui laborum quod voluptatibus ut et et. Fugit iste corrupti autem. Omnis culpa commodi veniam voluptatem. Tenetur ipsa omnis laudantium ab debitis magni cupiditate. Dolorum dolor quo voluptas voluptas provident nostrum nobis corporis. Deserunt quo non aperiam amet. Eveniet doloribus quis suscipit animi facilis ut quaerat. Sint voluptas non ipsam. Expedita in inventore earum error tempora.', 'https://images.ctfassets.net/s5n2t79q9icq/114xMnrR6RiLD15UxL8LYZ/ca73ec9fe59f654a150b543e05979181/Meta-Homepage.jpg', '2022-02-24 02:53:32', '2022-02-25 18:13:19', 393, 'Occasionnel'),
(53, 10, 148, 150, 8, 'aut non eum quia veniam velit', 'Nam odio dolorum corporis consectetur architecto quo ut impedit. Consequatur magni est sint doloribus odio delectus nihil. Et consequatur temporibus qui error. Facilis ipsam quis et. Consequatur vel eum fugiat. Quidem eaque occaecati aperiam. Tenetur enim qui quis consequatur velit occaecati. Voluptatem aut nobis et tenetur quibusdam earum et magnam. Ut autem in molestiae voluptas incidunt. Debitis harum temporibus commodi explicabo. Quaerat sint excepturi accusantium nesciunt sed. Odio et rem assumenda voluptatem. Optio ratione et aut in voluptas laudantium et consequatur. Numquam maiores necessitatibus et quo voluptas est molestiae.', 'https://cdn.arstechnica.net/wp-content/uploads/2021/07/legend-of-zelda-nes-gold-800x450.jpg', '2022-04-07 03:20:40', '2022-04-08 15:30:17', 174, NULL);
INSERT INTO `event` (`id`, `category_id`, `place_id`, `owner_id`, `activity_id`, `name`, `description`, `picture`, `start_at`, `end_at`, `capacity`, `game_level`) VALUES
(54, 11, 122, 32, 10, 'iste dolore minus quia deleniti', 'Inventore eius at velit corrupti voluptates. Ut illo voluptatem fugiat laborum velit amet perferendis quaerat. Deleniti perspiciatis consectetur at. Nemo sequi quod quia ea. Nisi eos eum a numquam accusantium. Ullam odit nihil voluptate voluptas a minima. Molestiae perspiciatis dignissimos ratione rerum. Amet velit qui labore enim sed. Dignissimos eius vel dicta quos dolores. Vel eos voluptatibus ea animi consequuntur. Aliquid necessitatibus nihil facere vero temporibus. Est porro ut vitae et quis quia voluptatem. Eum et quisquam asperiores debitis. Veritatis illo iusto voluptas beatae. Aspernatur aut iste dolor commodi ab et. Voluptatem aut sit ut. Quo sint molestiae ad nihil eum.', 'https://i.ytimg.com/vi/gjVtbJkKQbo/maxresdefault.jpg', '2022-04-05 02:30:27', '2022-04-06 22:49:00', 308, 'Occasionnel'),
(55, 14, NULL, 36, 7, 'id et officia ipsam molestiae numquam sed', 'Accusantium similique ut amet qui. Eum eius suscipit quasi saepe ab. Est aliquam dicta sequi id eum omnis. Dolorem ad dolorem cum in. Quia voluptas repudiandae omnis magni eos. Neque maxime voluptatem illum est. Qui sequi non recusandae quia dolore rerum. Id vero adipisci at aperiam et hic. Odit nihil dolor autem earum minus est necessitatibus at. Porro voluptas beatae corrupti et minus dolores. A tenetur ipsa labore cum blanditiis atque. Ipsa tempora ut sed. Quo deserunt voluptas voluptate quia. Quia quidem dolor facere cum rerum. Et quaerat tempora et minima numquam explicabo quam. Molestiae corporis et sint praesentium. Eos ut in commodi illo quia ut. Beatae eum quam rerum illo.', 'https://www.rom-game.fr/multimedia/agenda/211005_videgreniergeekpampuyre2022.jpg', '2022-01-06 06:15:38', '2022-01-08 16:26:13', 152, 'Occasionnel'),
(56, 14, 177, 125, 9, 'consectetur quis quo', 'Sint neque dolorem quod nemo. Ipsam accusantium nulla quos maxime similique. Doloribus harum praesentium repudiandae consequuntur quo sapiente maiores. Recusandae dolorem doloremque quasi magnam. Omnis quis voluptas qui laudantium. Autem quod iusto ut pariatur. Ad eos ut ipsa expedita. Similique repellat minus tempora quod numquam sunt quaerat et. Aut odio ad distinctio qui omnis repellat modi. Molestiae quibusdam quia quis dolorem omnis voluptas. Eligendi doloribus libero voluptatem nostrum. Accusantium dolores aliquam et sint eligendi. Aperiam minus quaerat saepe adipisci perferendis. Natus voluptas asperiores quod doloremque. Pariatur facilis fuga delectus non rerum illo.', 'https://www.presse-citron.net/app/uploads/2021/06/netflix-geeked-week-summer-game-fest-2021.jpeg', '2022-03-14 22:31:55', '2022-03-15 08:34:18', 228, NULL),
(57, 9, 171, 386, 7, 'quas eaque numquam', 'Provident commodi qui voluptas harum adipisci. Autem accusantium praesentium molestiae aut. Itaque voluptatum error voluptatem dolorem. Ratione voluptatem qui fuga. Voluptatem id est dignissimos maxime aut fugiat. Deserunt cumque maxime ut voluptate. Dolor ab voluptas officiis tenetur odio. Dolore illum molestiae quia dolore illum ex in. Laborum quasi quidem quae adipisci. Dicta in consectetur voluptatem odit ipsum veritatis sit nemo. Vel dolor nihil ea deleniti eum repellendus. Voluptatem sapiente facere est aut culpa. Atque voluptatem voluptas quibusdam. Qui ut voluptatum illo qui. Ea sapiente rem ut quibusdam inventore.', 'https://images.ctfassets.net/s5n2t79q9icq/114xMnrR6RiLD15UxL8LYZ/ca73ec9fe59f654a150b543e05979181/Meta-Homepage.jpg', '2022-06-03 15:26:16', '2022-06-05 23:59:10', 106, 'Intermédiaire'),
(58, 10, 156, 135, 8, 'dolores in perspiciatis molestias', 'Aperiam quo in et numquam hic nihil ratione. Esse animi vero et culpa aut. Repellat nesciunt quo quia illum dolor vel. Sunt et corrupti voluptatem vero. Voluptatum error eligendi sint repellendus dolores. Tenetur id ut dolorem nam iste non. Aliquam alias pariatur cum eius reiciendis et impedit. Ducimus occaecati laborum reiciendis aut tempora vitae. Natus vel repellat consequatur sit. Reiciendis consequuntur delectus voluptatem error aut. Reprehenderit sunt commodi quis debitis temporibus. Magni fugiat voluptatem ipsam natus ipsa iure sapiente. Voluptatum cumque asperiores aspernatur consequatur iusto facilis et. Vero omnis modi ratione ut aspernatur magni. Id sunt officia facere quis nesciunt. Aut rerum qui ducimus consequatur necessitatibus. Quia est quod qui.', 'https://www.rostercon.com/wp-content/uploads/2021/09/dcfandome-2021.jpg', '2022-05-03 03:03:16', '2022-05-03 11:43:34', 442, NULL),
(59, 14, 176, 8, 9, 'quidem vel molestias eius ea', 'Aliquid veniam perspiciatis et nihil eos. Quidem eos ut maxime eligendi. Qui dicta id nihil vel voluptatem ullam exercitationem. Deleniti mollitia quae quae sit qui. Perspiciatis architecto nam explicabo vel aliquam est nihil. Veniam qui quam ipsa maiores dolorem. Aut ea corporis accusantium eveniet. Quas sed modi modi. Recusandae minima quos nisi odio. Rerum ea soluta adipisci fuga tenetur. Accusamus earum cumque voluptatem aliquam ea suscipit. Accusantium quis hic quasi sequi animi totam laborum. Dignissimos velit est iste reprehenderit ab soluta quidem. Optio fuga eos itaque provident aut. Libero asperiores harum et a non asperiores velit.', 'https://i.ytimg.com/vi/gjVtbJkKQbo/maxresdefault.jpg', '2022-02-01 08:15:53', '2022-02-03 14:15:26', 248, NULL),
(60, 12, NULL, 320, 7, 'fugiat quidem ab consequatur excepturi', 'Sed et voluptatem vero sit. Eos id magnam officiis hic. Sapiente fugiat rem quia dolor culpa omnis ut. Ut error fugit ea recusandae est ducimus tempora. Sed non harum architecto. Error id eius aut in esse. Enim aut eaque et et omnis quo. Ducimus corrupti doloribus non nesciunt in. Voluptas quo similique accusamus est. Voluptates omnis dolor velit cumque provident voluptatibus. Nobis sapiente in facere quod provident maiores. Sint consequuntur nobis aut et facilis optio voluptatum hic. Doloremque fuga temporibus voluptatem nisi ut ut non. Sed odit mollitia illum incidunt sunt. Iure neque porro sit. Laborum et amet voluptatem aliquid dolorum. Exercitationem labore reiciendis ut doloribus fugit numquam velit. Et explicabo error occaecati pariatur.', 'https://i.ytimg.com/vi/TFZacjKUlic/maxresdefault.jpg', '2022-04-22 20:37:34', '2022-04-25 07:24:30', 346, 'Confirmé'),
(61, 9, 187, 241, 10, 'quis eum dolorum', 'Dolores ut impedit molestias. Ut similique autem rerum aliquam veniam ut. Et voluptatum et id porro. Nostrum consequuntur ratione pariatur rem. Harum et consequatur dicta sapiente deleniti quibusdam sapiente. Sit qui dignissimos voluptatibus temporibus. Vero consequatur ducimus culpa nisi dolorum nihil dolores. Numquam ad itaque possimus iste. Pariatur minima nobis soluta. Qui voluptas earum at necessitatibus. Saepe enim hic odit. Sapiente quis dicta dolores eum et exercitationem placeat itaque. Dignissimos ad maxime perspiciatis aut in molestias qui.', 'https://www.poilsdemartre.fr/medias/images/japan-touch.jpg', '2022-04-29 20:37:08', '2022-05-01 06:12:54', 398, 'Tous niveaux'),
(62, 14, 177, 459, 10, 'mollitia mollitia repellendus optio', 'Beatae quo aut et tempora enim natus nam. Similique eveniet perferendis mollitia. Sed eum occaecati fugiat impedit. Voluptas rerum nihil recusandae ratione et ex. Consequatur sint vitae et at. Earum repellat eaque modi odio. Aut velit est voluptatem minus nisi possimus ad. Exercitationem veniam rem temporibus sit architecto rerum. Voluptatum nobis aut nesciunt accusamus tempore nesciunt. Et earum fugiat et doloremque voluptas. Aut enim animi voluptatem cum exercitationem. Culpa praesentium et et occaecati itaque. Eveniet doloremque corporis voluptas. Qui esse sed quibusdam quae. Ut quibusdam ut pariatur. Rerum ut quia rem et consequatur ut illo. Tenetur quia velit aperiam et sunt sed enim. Et dicta veniam quos rerum ut.', 'https://i0.wp.com/www.nintendo-town.fr/wp-content/uploads/2019/04/H2x1_NSwitch_MortalKombat11_image1600w.jpg?fit=1600%2C800&ssl=1', '2022-05-14 01:09:44', '2022-05-16 06:11:17', 61, 'Débutant'),
(63, 13, 151, 256, 7, 'est omnis sed laborum velit qui est id', 'Et distinctio eligendi repellendus ut sed. Consequuntur ut repellat cumque voluptatem ipsam non. Molestiae sequi velit facilis qui. Sint dolores velit et. Laudantium et corporis architecto sunt rerum ut repudiandae. Voluptatem cupiditate tempore est saepe modi sint rerum quae. Dolor consequatur sit recusandae quos dolorem. A quod quod necessitatibus repellat unde quaerat voluptatibus. Aut cum ut officiis et accusamus magni. Rem sequi aperiam recusandae ab consequatur quia est. Impedit expedita libero debitis culpa aut delectus. Voluptas inventore tenetur praesentium ut nisi qui possimus. Qui in sit iure commodi fuga unde et. Et asperiores ea est quam odit. Veniam ducimus nam quia repellat soluta.', 'https://www.presse-citron.net/app/uploads/2021/05/koch-media-e3-conference.jpeg', '2022-04-22 00:31:22', '2022-04-24 15:39:02', 84, 'Professionnel'),
(64, 13, 118, 321, 10, 'sed alias perspiciatis sed soluta', 'Possimus accusamus neque voluptates quo maiores. Molestias accusamus voluptas minima totam voluptate ut explicabo. Quod enim in officiis accusamus at. Porro quisquam ut asperiores praesentium illo doloribus consequatur. Deserunt facilis ex fugit aut voluptatem quibusdam. Dignissimos iste consequuntur occaecati aut ullam et. Voluptatem eveniet reprehenderit ut praesentium praesentium enim aut labore. Mollitia magni voluptas optio dolorem alias repudiandae. Commodi aliquam nesciunt et vero aut illo itaque. Labore voluptatum quasi occaecati rerum ad debitis. Nesciunt ut accusantium et vel ut autem quis. Explicabo sed eos sed ipsum. Ut voluptatem possimus debitis quibusdam deserunt ducimus.', 'https://www.miraigamers.com/wp-content/uploads/2021/07/Yu-Gi-Oh-Master-Duel-arrive-sur-tous-les-supports-pret-pour-le-Duel.jpg', '2022-05-02 05:45:00', '2022-05-04 13:37:26', 415, 'Débutant'),
(65, 10, NULL, 358, 7, 'velit aut voluptates et eius odit sit aliquid odit perspiciatis', 'Et debitis et odio occaecati ut minima distinctio. Voluptas corporis exercitationem quaerat iusto porro. Nesciunt delectus consequatur tenetur fuga. Enim architecto optio qui eos dignissimos nihil. Eos exercitationem officia quaerat eos rerum explicabo dolore. Corporis accusantium eveniet et similique. Provident ipsa porro similique libero et culpa. Dolorem vel rerum dolorem distinctio eligendi accusantium doloremque. Voluptas ipsa quam cumque non expedita ipsa ex. Corrupti aspernatur sed velit id. Ut quod reprehenderit perferendis. Consectetur temporibus accusamus est deleniti ducimus. Maiores iste voluptatem facilis possimus et non accusantium. Maxime ut et ullam sunt dolore. Quia enim beatae officiis labore aut omnis magnam.', 'https://happydays365.org/wp-content/uploads/2020/05/Geek-Pride-Day-1080x630.jpg', '2022-06-07 13:59:07', '2022-06-08 07:44:57', 317, 'Intermédiaire'),
(66, 12, 191, 442, 8, 'dicta incidunt debitis in fugit modi harum voluptatem', 'Sapiente qui omnis delectus veniam necessitatibus molestiae. Eos quidem recusandae sit quia quis sint quo. Fugit facilis tenetur aut quis. Molestiae voluptatem itaque in mollitia. Earum unde fugiat rem autem placeat et. Qui ut ad voluptatum voluptate voluptatibus enim et. Id eum voluptatem aliquam possimus at. Aperiam itaque nisi recusandae aut iste quo qui. Fugit nisi sed sapiente eaque eligendi aspernatur vero repellendus. Modi sed cumque eius quia est rerum. Provident et assumenda earum magnam quia. Veritatis iste molestiae vero ducimus voluptatum magni labore. Et ad et soluta eaque pariatur error esse. Ducimus nesciunt enim non consectetur amet ut. Rem sit qui incidunt est. Aut et quod dolorem minima voluptate aut.', 'https://data.1freewallpapers.com/download/dota-2-1280x720.jpg', '2022-05-09 14:32:57', '2022-05-11 00:48:59', 346, NULL),
(67, 11, 142, 422, 10, 'iure illum facilis et quia pariatur', 'Non sed necessitatibus dolorum sunt ut accusamus. Qui dolore et natus et maiores est explicabo. Totam maiores est est tenetur doloribus esse. Dolor quasi repudiandae aut reiciendis doloribus quos tempora. Iure illo enim dolorum ea porro explicabo. Totam enim beatae rerum aut consectetur quo rerum. Omnis deserunt molestiae possimus perferendis laudantium. Natus velit quasi porro earum velit modi quisquam. Harum molestias quia accusantium cumque ut maxime culpa. Et et facilis vel. Aliquam consequatur expedita laudantium neque quasi sunt.', 'https://previews.123rf.com/images/microone/microone2006/microone200600047/148520518-board-game-evening-friends-meeting-happy-players-characters-isolated-teenagers-or-adults-playing-car.jpg', '2022-06-02 00:39:12', '2022-06-03 04:54:17', 399, 'Professionnel'),
(68, 9, 108, 459, 8, 'quisquam cum ad tenetur', 'Consequuntur alias quod molestias dolores est accusantium et. Ullam eveniet quo sunt voluptatibus. Expedita dolor in in. Illum velit tempora ut doloremque consequatur ab porro. Et fugiat est impedit facilis rerum placeat. Dolor mollitia vitae provident ipsa corrupti molestiae. Veritatis soluta porro dolore perspiciatis molestiae voluptate omnis. Quas consequuntur officia temporibus officia. Laudantium perspiciatis nemo nulla quia. Vitae aut autem itaque aut dolore aliquid dolores. Rerum nesciunt libero nobis minima magni magnam dolorum magnam. Voluptatem et assumenda voluptas rerum rerum autem. Sequi recusandae sint doloremque id mollitia voluptate. Sint ad eaque est dolorum praesentium enim eligendi.', 'https://www.presse-citron.net/app/uploads/2020/04/e3-online.jpg', '2022-06-26 07:43:08', '2022-06-27 08:56:17', 61, NULL),
(69, 14, 166, 273, 7, 'et modi deserunt ut eos', 'Unde fuga cupiditate inventore sequi. Ipsam quae minima accusantium non molestias error sint. Praesentium non aperiam necessitatibus magni est dolores aut sint. Illo distinctio ut qui accusantium facilis quia et. Autem qui dicta vitae sit nihil nulla. Nemo dignissimos dolores quisquam qui facilis. Earum consectetur molestias quia. Ad labore quos alias vitae ab id. Doloremque asperiores similique in optio aperiam. Aut natus est eos nisi esse autem fugiat. Ullam veniam consequatur amet amet. Laborum ratione laborum et neque. Et quasi tempora dolorum porro consequatur in placeat a. Rerum aut voluptatem assumenda aperiam doloremque provident. Eius quisquam voluptas quia eum commodi placeat ipsam.', 'https://images.ctfassets.net/s5n2t79q9icq/114xMnrR6RiLD15UxL8LYZ/ca73ec9fe59f654a150b543e05979181/Meta-Homepage.jpg', '2022-05-18 06:06:32', '2022-05-21 02:28:27', 329, 'Occasionnel'),
(70, 11, NULL, 148, 8, 'ipsum est earum', 'Voluptatem sapiente ipsa ipsa enim quia neque et. Nobis illum voluptatum quo perferendis. Fugiat sapiente suscipit cum dolores soluta. Ullam eos facilis consequatur culpa mollitia omnis ea. Ab tempore ullam perspiciatis esse. Nesciunt rerum veritatis animi ipsum cumque ut id quia. Voluptates voluptates quis possimus vel ratione. Impedit nesciunt autem ipsa et nemo dignissimos. Ratione odit et et ipsum soluta commodi laboriosam distinctio. Necessitatibus atque praesentium mollitia quis. Autem delectus voluptatibus unde quibusdam. Harum ratione voluptas nam. Rem natus minima voluptate dolor alias eius.', 'https://previews.123rf.com/images/microone/microone2006/microone200600047/148520518-board-game-evening-friends-meeting-happy-players-characters-isolated-teenagers-or-adults-playing-car.jpg', '2022-06-09 05:35:21', '2022-06-10 17:17:16', 222, NULL),
(71, 12, 103, 225, 9, 'iusto delectus repellendus officiis dolores asperiores', 'Hic quia in vel. Laudantium eum omnis asperiores maiores est unde optio. Velit tempore ea tempore atque neque. Voluptatum ea totam fugiat facilis aut. Odit sit in earum dolorem. Esse est placeat qui repudiandae quis ratione dolor. Ut iusto et enim similique nostrum. Eum quis dolores odio ducimus aliquid blanditiis. Reprehenderit laudantium id vel molestias. Aperiam rerum quaerat qui. Enim cupiditate repellat sit cum eos aut qui. Nisi velit ullam facilis atque necessitatibus. Quas maxime voluptatem omnis molestiae. Sint occaecati eum earum ipsa consectetur adipisci. Consequatur qui qui porro itaque reprehenderit magnam. Eveniet optio iusto ut voluptates. Non est quos minima aperiam. Et non animi recusandae quia. Expedita veritatis porro maiores officia.', 'https://fr.web.img2.acsta.net/newsv7/20/06/30/12/28/5740456.jpg', '2022-02-18 11:45:06', '2022-02-20 06:39:30', 29, NULL),
(72, 14, 104, 174, 7, 'autem doloremque sit incidunt totam eligendi sed totam', 'Et voluptates similique laborum aliquam ut facilis. Expedita quia voluptatibus deserunt accusamus. Occaecati blanditiis omnis laborum dolor possimus et. Perspiciatis omnis eos voluptas consequatur. Ipsum reprehenderit fugit laborum iure provident sit qui. Ut itaque nobis id distinctio excepturi et. Illum reiciendis itaque eum provident dicta illo et. Et beatae enim et in sunt sint reprehenderit. Voluptatum et quam praesentium et odit est asperiores voluptatum. Rem impedit consequatur necessitatibus commodi repellat consectetur omnis pariatur. Nihil consequatur molestiae sed. Quam odio recusandae quia voluptate quas est voluptates. Qui aut nihil asperiores. Excepturi itaque dolores veniam eaque libero architecto consequatur. Doloremque voluptatem quo delectus quia ipsum sint.', 'https://www.presse-citron.net/app/uploads/2021/06/netflix-geeked-week-summer-game-fest-2021.jpeg', '2022-01-11 00:43:49', '2022-01-12 09:20:31', 109, 'Occasionnel'),
(73, 11, 164, 130, 10, 'nam et id', 'Qui optio soluta culpa nulla velit debitis dolorem. Repudiandae atque sed debitis et facere neque eum est. Adipisci eveniet excepturi sunt. Distinctio et corporis repellat error id sit rerum accusamus. Voluptas veritatis quis necessitatibus dolorem quas illum. Id soluta porro fugit qui consequuntur sit. Iste id dicta quaerat. Mollitia omnis enim modi necessitatibus. Aperiam odit ut deleniti itaque. Consequatur quia aliquam quo aliquam sit quo. Consequatur recusandae voluptates quia quis ex et corrupti. Tempore culpa atque dicta fugit ex. Aliquid id ratione maxime dolores laborum. Quo molestiae reprehenderit voluptatibus soluta quo facere. Soluta adipisci labore rem ullam.', 'https://i.ytimg.com/vi/gjVtbJkKQbo/maxresdefault.jpg', '2022-04-13 03:31:23', '2022-04-16 00:34:00', 390, 'Débutant'),
(74, 14, 173, 478, 10, 'iusto similique harum at', 'Nihil praesentium voluptatem provident vitae omnis non soluta. Eaque eum dolor dolorem vel quas voluptates. Nihil eius voluptatibus cum cum. Non deserunt animi quia ipsam natus incidunt. Voluptatum reprehenderit vel ut ut similique natus dolorum. Dicta similique et voluptatum nisi quae. Vel corporis asperiores voluptates vel velit itaque. Voluptatem aspernatur sint facere nesciunt incidunt aspernatur ipsum. Dolorem aut illo veniam ea. Maiores deleniti saepe sed repudiandae. Nisi tempore et magni consequatur suscipit. Modi unde sed ut qui. Animi deserunt sit consequuntur maxime tempora. Iste officia in sunt dolores ut excepturi. Dolores voluptate hic quidem officiis sunt et.', 'https://cdn.akamai.steamstatic.com/steam/apps/851590/capsule_616x353.jpg?t=1631538454', '2022-05-26 06:24:26', '2022-05-26 23:52:11', 415, 'Occasionnel'),
(75, 10, NULL, 362, 10, 'voluptas sit ab nulla ut explicabo facilis vel', 'Facilis saepe sit sit quibusdam tempore nemo voluptas. Quasi nulla qui et quia accusantium et. Et eius dolorem non dolor sed consequatur. Dolor ullam unde modi aspernatur nulla unde dolore. Et corporis temporibus qui esse ducimus consequuntur incidunt vero. Dolorem debitis alias repudiandae qui in. Non ullam optio dolores necessitatibus. Autem id dolore mollitia corrupti occaecati. Harum unde et veniam nostrum cupiditate nihil. Id eos accusamus quod quod placeat odio facere. Earum facilis maxime omnis autem doloremque. Ut recusandae debitis omnis sequi exercitationem ipsum delectus. Saepe explicabo cumque atque dolor est qui. Voluptas et harum nihil nostrum quam id consequatur. Et deserunt laudantium quibusdam perferendis officiis eos. Reprehenderit harum consequatur aut sequi quasi quam.', 'https://www.presse-citron.net/app/uploads/2020/04/e3-online.jpg', '2022-05-19 17:11:20', '2022-05-22 12:05:50', 179, 'Professionnel'),
(76, 14, 177, 9, 9, 'soluta fugit nostrum quod nihil', 'Libero quisquam laboriosam omnis itaque quis culpa. Culpa eos officiis nobis magni. Ut deserunt et culpa accusantium qui nisi accusamus. Id vel vel odio hic illo illum. Cumque itaque ullam hic explicabo. Quia impedit minima provident totam earum non. Rerum voluptatem ipsum saepe sit iste quaerat nostrum fugiat. Sed vitae ab voluptatum recusandae cumque dolor nulla. Facilis laudantium sunt rem pariatur nemo nostrum. Ipsam commodi totam nihil at perspiciatis iusto. Neque et vel necessitatibus aut. Eius dolorem omnis vitae consequatur fugit. Vitae quidem et rerum quidem culpa. Alias voluptates dolorum asperiores voluptatibus aut. Quia qui non aut nesciunt omnis. Ducimus aut explicabo aut perferendis dolorem est voluptatem. Aspernatur impedit cum aperiam.', 'https://images.ctfassets.net/s5n2t79q9icq/114xMnrR6RiLD15UxL8LYZ/ca73ec9fe59f654a150b543e05979181/Meta-Homepage.jpg', '2022-06-03 23:09:42', '2022-06-05 03:09:20', 472, NULL),
(77, 12, 135, 416, 9, 'sed aut nulla repellendus', 'Ratione delectus voluptas assumenda quia cumque delectus culpa. Ratione recusandae sed id modi deserunt reiciendis. Aut quae laboriosam eius beatae dolor aut sit. Sit voluptate ab est eligendi ipsa qui eos tempore. Velit odit explicabo pariatur iure nisi. Consequatur et deserunt id. Minima possimus est deserunt sequi sapiente. Repellendus saepe aperiam quidem non veniam sint. Ut vel minus aperiam quas et. Totam dolorem quae aut ea ut dolores est. Ut animi fugit deserunt quas eligendi. Sunt deserunt impedit quia quia ea nihil. Unde temporibus magni ut. Ea aut sapiente labore quia ipsam aut. Vel voluptatem itaque dolore quos. A dolores quis quia ut. Dolorem similique ea sed qui. Est omnis qui perferendis nisi laudantium.', 'https://happydays365.org/wp-content/uploads/2020/05/Geek-Pride-Day-1080x630.jpg', '2022-05-16 03:52:44', '2022-05-18 19:22:45', 443, NULL),
(78, 10, 147, 178, 8, 'veritatis quia odit quia itaque quae', 'Quibusdam quis ratione corporis cum recusandae. Ut eaque facilis accusantium voluptas aut voluptates occaecati harum. Cum repellat accusamus in labore dignissimos culpa magni. Et nemo aperiam facere architecto facilis accusantium quia. Vel quae et consequatur non repudiandae magni. Enim adipisci unde inventore eveniet. Tempore natus minima impedit quas laudantium qui. Accusamus labore laborum vitae ut eum dolorem dolorem. Quod facere voluptatem praesentium quia et quia tempore cupiditate. Quidem sed quia quidem rerum voluptatem voluptas. Dicta maxime est itaque facere iure. Placeat dolores id et totam placeat quasi.', 'https://www.rom-game.fr/multimedia/agenda/211005_videgreniergeekpampuyre2022.jpg', '2022-01-23 04:10:03', '2022-01-25 19:17:19', 57, NULL),
(79, 11, 150, 82, 7, 'perspiciatis cupiditate animi perferendis cum rerum quidem ut', 'Et non voluptatum optio sed beatae velit. Recusandae non eum numquam harum alias reprehenderit tempora. Tenetur et id laudantium. Iste sunt labore voluptas vero autem tempore. Totam ut quidem non aut. Blanditiis cum mollitia voluptatem sint. Aut nisi voluptatem nemo deserunt. Dicta et odit quam veritatis non tempore voluptatem distinctio. Vero in illo deleniti aut aspernatur. Vitae fugit aut rem quae tempore optio nihil. Aspernatur deleniti velit sit iusto. Ipsum ut sit et inventore pariatur et. Laudantium tempora rerum doloribus voluptatibus alias. Quo aut et quis aut aliquid voluptates. Vel dolor porro occaecati et. Dolorum tenetur deserunt maiores rerum facere minima qui quia. Labore eum quidem libero earum.', 'https://previews.123rf.com/images/microone/microone2006/microone200600047/148520518-board-game-evening-friends-meeting-happy-players-characters-isolated-teenagers-or-adults-playing-car.jpg', '2022-01-21 08:29:40', '2022-01-22 14:44:42', 158, 'Intermédiaire'),
(80, 14, NULL, 157, 9, 'suscipit dignissimos velit inventore eius facere distinctio maiores', 'Doloremque nobis dicta maiores enim molestias laborum ut accusantium. Dicta ducimus reprehenderit ab exercitationem et non hic exercitationem. Soluta perferendis quis enim natus id officia repellat perspiciatis. Quia occaecati explicabo qui enim facere ut doloribus debitis. Sed quis molestiae nemo quasi. Dolor accusamus sint et. Culpa enim quod quia maxime aspernatur. Repellendus autem repudiandae non quod neque voluptates unde. Et molestiae dignissimos dolores omnis aut molestiae. Illum eveniet repellat molestias voluptas sed animi nostrum veritatis. Velit amet culpa rem provident. Dolorem tempore rem ab quis. Itaque quisquam qui voluptatem quo voluptate.', 'https://img.redbull.com/images/c_limit,w_1500,h_1000,f_auto,q_auto/redbullcom/2019/11/08/fc0f91de-3998-4be5-b50e-96d8d9e0cd45/lol-10-ans-league-of-legends', '2022-05-23 01:53:42', '2022-05-25 21:43:03', 245, NULL),
(81, 13, 135, 36, 7, 'veniam et error iste qui ut', 'Quod autem iusto omnis dolores quos nesciunt. Assumenda accusamus et laboriosam iure et libero aliquam quibusdam. Doloribus et omnis sunt in. Sit aperiam architecto recusandae sed. Quas rem temporibus ea sequi. Unde ut possimus corrupti at. Et odit distinctio rem. Itaque molestiae magnam distinctio ex qui. Quidem delectus quisquam laboriosam sed tempora. Porro aliquid iusto dignissimos culpa. Tempora est autem aut consequatur nemo. Voluptates similique deleniti est accusantium earum. Magni est assumenda velit eaque. Vero molestiae ex quaerat explicabo. Est nulla corrupti et ut. Qui cupiditate eaque molestiae eveniet. Minus libero repellendus inventore illum doloremque deleniti neque. Enim excepturi nesciunt veniam deleniti corporis iure esse rem. Sapiente voluptas ut et numquam.', 'https://www.presse-citron.net/app/uploads/2020/04/e3-online.jpg', '2022-04-17 03:03:59', '2022-04-18 02:09:15', 95, 'Confirmé'),
(82, 12, 126, 458, 7, 'dignissimos officiis rerum ratione neque et minima adipisci quibusdam nisi', 'Sint expedita labore distinctio quis autem ut qui. Tempore amet cumque alias officiis illum. Veritatis dolorum et quia distinctio porro. Accusamus eveniet laboriosam ea. Unde qui dolorem cumque expedita odit. In laborum officia nemo voluptatem in temporibus dolorum. Quidem explicabo omnis perspiciatis tempora est dolores sed. Ut incidunt sed aut laborum accusamus enim quae. Voluptatem qui voluptatem a omnis mollitia eum officia non. Culpa optio voluptatem possimus sapiente occaecati itaque. Nesciunt iusto magnam corporis est ut quidem. Repellendus quo rerum dolorum molestiae sapiente ipsum iusto.', 'https://previews.123rf.com/images/microone/microone2006/microone200600047/148520518-board-game-evening-friends-meeting-happy-players-characters-isolated-teenagers-or-adults-playing-car.jpg', '2022-05-10 19:09:24', '2022-05-11 07:27:13', 193, 'Débutant'),
(83, 11, 107, 283, 7, 'fugiat natus optio dolores sit', 'Fugit quo dolor autem aliquid quos. Saepe et natus dolores est aut error autem vel. Eaque repellat architecto libero et. Repellendus porro et blanditiis ut omnis tenetur. Modi fugiat omnis eum veritatis. Officia laudantium nobis et enim. Nam dolore et et quia sint et. Dolor omnis et et harum veniam repellendus. Sit velit esse ut nihil. Voluptatem temporibus cupiditate quibusdam iure culpa. Ut ipsam eos optio. Velit repudiandae eveniet ratione qui non saepe beatae. Esse magni placeat occaecati cum facilis quos soluta culpa. Qui sunt corporis ullam autem. Quas laudantium omnis rem maiores eius ipsa accusantium. Et et rerum consequatur. Omnis commodi quos fugit vero laudantium recusandae. Suscipit voluptate eveniet asperiores aut sed facilis. Amet omnis veritatis cum fuga ipsa vel.', 'https://www.poilsdemartre.fr/medias/images/japan-touch.jpg', '2022-01-28 00:34:25', '2022-01-29 13:05:57', 482, 'Confirmé'),
(84, 10, 124, 413, 7, 'quos rerum voluptas nostrum corrupti placeat voluptatibus', 'Quidem iste nulla repellendus et. Eligendi qui est labore blanditiis dolor odit. Ut ut facilis eveniet beatae unde non nulla molestiae. Cupiditate excepturi quia animi repellendus itaque. Ea quo perspiciatis amet velit libero. Tempore necessitatibus impedit nihil eos laborum quas corrupti. Iusto nostrum corporis enim consectetur corporis at. Numquam voluptas voluptate qui earum tempore odio perferendis blanditiis. Reiciendis quod earum quam delectus ut fugiat natus. Expedita non iure cum sint. Fugiat eveniet inventore voluptatum. Et iste voluptatum molestias aperiam facere reiciendis repudiandae.', 'https://fr.web.img2.acsta.net/newsv7/20/06/30/12/28/5740456.jpg', '2022-05-30 02:00:27', '2022-06-01 01:02:14', 145, 'Débutant'),
(85, 11, NULL, 365, 9, 'quo quis animi', 'Quam rerum quo ipsam ducimus quos at earum sed. Ducimus consequatur suscipit voluptatem. Molestias consequatur ab ab natus id. Cumque sit ad excepturi deleniti animi deserunt maiores. Tempore fuga non architecto reiciendis commodi facere sit nulla. Reprehenderit expedita animi vel illum est earum quia. Rerum harum non itaque numquam soluta qui quis. Et eos aut quaerat. Magni modi et adipisci aut dignissimos distinctio. Voluptas ad eum aut quia suscipit sit repudiandae similique. Sapiente ullam alias animi aspernatur omnis ut dolorem consequatur. Sint excepturi sequi ullam in voluptatem. Iusto numquam sequi delectus officiis.', 'https://fr.web.img2.acsta.net/newsv7/20/06/30/12/28/5740456.jpg', '2022-02-27 11:04:33', '2022-02-28 22:21:44', 468, NULL),
(86, 14, 176, 181, 10, 'minima doloribus delectus reiciendis delectus consequatur dicta', 'Cum modi voluptatem voluptatum eius illo laboriosam. Voluptate qui sed quia odio voluptatibus soluta quis. Vitae aut officia et aut. Odit odio voluptas eius itaque. Reprehenderit molestiae ut sint qui numquam rem. Porro id aut qui. Qui sunt doloribus quos enim modi quisquam. Consequuntur doloremque asperiores eos tempora qui id ea id. Adipisci numquam illum architecto aut eveniet illo nobis. Minus dolorum eveniet laboriosam. Ab eveniet nobis vitae vel nulla. Laborum aut aperiam consequuntur ex. Ut et distinctio atque est magni libero praesentium quidem. Iusto reprehenderit sunt eligendi enim neque quam deserunt commodi. Quo nihil perferendis fugiat ducimus aut animi. Dolores sed saepe magni ab. Minima ex aut eum sapiente aperiam.', 'https://fr.web.img2.acsta.net/newsv7/20/06/30/12/28/5740456.jpg', '2022-06-12 00:20:12', '2022-06-12 17:30:12', 241, 'Occasionnel'),
(87, 13, 169, 181, 10, 'architecto et placeat', 'Eum atque maiores nostrum consectetur molestias. Ratione quasi ipsa est corporis. Voluptate suscipit fuga accusantium. Hic ratione quod sed voluptatibus voluptate ut. Quia sit adipisci laudantium laudantium. Perspiciatis laudantium rerum illum eveniet voluptatem ut. Architecto eveniet impedit id sequi. Rerum deserunt voluptate nam autem animi beatae dolore pariatur. Voluptas voluptatem consequatur deserunt facilis. Quas architecto esse quam quis praesentium tenetur rerum. Quia dolorem esse quis et asperiores ut. Fugiat mollitia aut deleniti impedit deleniti aut. Quia porro voluptatum aut cumque. Aliquam quia nostrum quia sequi.', 'https://i.ytimg.com/vi/TFZacjKUlic/maxresdefault.jpg', '2022-02-10 10:58:13', '2022-02-13 06:36:14', 378, 'Confirmé'),
(88, 9, 127, 161, 9, 'nam beatae dignissimos nesciunt dolorem deserunt ipsam praesentium aliquam', 'Voluptas omnis dolorum est eaque sunt. Minima et amet et aut sunt ea. Dolorem expedita voluptas ratione blanditiis aut provident dolorem saepe. Expedita est odit culpa dolor. Animi praesentium nostrum voluptas mollitia enim. Voluptatem rem eos tempore. Dolore nemo tempore veniam beatae. Saepe id omnis at temporibus excepturi pariatur. Aliquam sint dicta illo fuga consequatur tempora. Quis rerum et cumque est sint dignissimos perspiciatis nihil. Similique ut ex omnis minima est aut. Nobis hic voluptatem labore dolorem dignissimos ratione. Ad iusto maxime aspernatur sit. Ut non modi enim necessitatibus aut impedit ipsa. Rerum sunt ipsa ad dignissimos deleniti. Nemo reprehenderit iste laudantium vero.', 'https://img.redbull.com/images/c_limit,w_1500,h_1000,f_auto,q_auto/redbullcom/2019/11/08/fc0f91de-3998-4be5-b50e-96d8d9e0cd45/lol-10-ans-league-of-legends', '2022-01-13 14:27:30', '2022-01-14 11:59:08', 271, NULL),
(89, 14, 184, 284, 8, 'eaque et aut vitae quis eveniet', 'Provident non nam maxime veritatis. Id qui aliquam quae doloremque consequatur sequi beatae. Sunt eaque ab voluptas delectus. Est ut quae consequatur dicta recusandae. Nihil hic voluptatem iste. Dicta ut voluptatibus enim beatae est eum. Quia voluptatem officiis accusantium aperiam maiores. Libero impedit quaerat quaerat consequatur. Praesentium rem labore rerum suscipit et aut. Dolorum assumenda ea similique voluptatem tempore ea nihil. Est dignissimos ea et voluptatem. Fuga sint eligendi aperiam beatae quos quia. Occaecati illo et soluta hic odit minus. Eveniet omnis cumque rerum reprehenderit. Aliquid iusto omnis veritatis eius. Suscipit sit excepturi facere ut omnis est.', 'https://www.realite-virtuelle.com/wp-content/uploads/2020/11/pokemon-go-milliard-revenus.jpg', '2022-03-18 14:37:11', '2022-03-21 01:42:33', 437, NULL),
(90, 13, NULL, 34, 7, 'voluptatem fugit aut illo odio', 'Cum id quia est qui. Consectetur ut consequuntur consequuntur consequatur hic alias sint. Saepe est quia asperiores eligendi aliquid. Quidem sit alias voluptatem voluptate quia id. Ea provident voluptas eaque. Et temporibus ipsa dolor non sit. Ratione corrupti numquam nulla maxime et earum quaerat amet. Non aut amet quibusdam dolor labore assumenda soluta. Explicabo aut rerum totam qui asperiores quia recusandae. Magni quisquam facere et qui quia quis excepturi. Eum et et rerum possimus optio voluptate exercitationem. Deleniti magnam deserunt alias. Quis deserunt optio asperiores ut dolores illum libero. Qui rerum in quia et ea debitis nihil. Fuga quos incidunt pariatur vel non unde facere. Nihil cumque et omnis natus culpa dolore.', 'https://www.rostercon.com/wp-content/uploads/2021/09/dcfandome-2021.jpg', '2022-05-02 17:13:17', '2022-05-04 12:56:51', 449, 'Occasionnel'),
(91, 9, 140, 34, 9, 'incidunt deserunt velit consequatur ipsam ad provident occaecati', 'Ut perferendis perspiciatis iusto totam praesentium in. In nihil voluptates in temporibus. Labore atque accusantium minima ipsam voluptas. Aut possimus eos vel delectus officia id at qui. Totam quia eveniet pariatur facere temporibus soluta. Optio voluptas et aliquam sint voluptas enim ipsa. Consequatur non est incidunt nobis. Exercitationem omnis et sunt voluptatem veniam quae dolor. Perferendis iusto voluptatem iste. Aut aliquam ut nobis voluptas qui sint. Saepe illo dolor repudiandae accusamus. Dicta deleniti ipsa illo. Magnam et qui qui qui laudantium. Nihil aliquam voluptas aut sunt blanditiis. Quidem qui excepturi sunt voluptate.', 'https://happydays365.org/wp-content/uploads/2020/05/Geek-Pride-Day-1080x630.jpg', '2022-03-29 19:26:25', '2022-03-31 17:32:04', 35, NULL),
(92, 14, 153, 260, 7, 'nisi eius hic ex deleniti id', 'Ut porro aliquam laborum voluptatem et vitae. Ex animi est facilis eaque nihil. Corporis delectus aspernatur provident iusto nisi vitae quisquam. Est quibusdam similique quae blanditiis iure incidunt facilis aut. Minus consectetur sit tenetur non necessitatibus ut. Non soluta voluptas suscipit libero in. Doloremque praesentium et occaecati iste. Id qui qui molestias in qui vero sed aliquam. Eveniet modi aliquam quidem reprehenderit delectus. Omnis quia ut non id dolores dignissimos libero. Dicta ipsa sit ducimus accusantium eligendi. Pariatur voluptatem velit qui enim aspernatur perferendis. Dolores voluptate ut fuga ut. Et culpa reiciendis eos quia placeat. Aspernatur porro amet quae. Minus sunt modi in nobis magni et quam.', 'https://www.rostercon.com/wp-content/uploads/2021/09/dcfandome-2021.jpg', '2022-06-17 19:07:39', '2022-06-18 21:20:42', 301, 'Débutant'),
(93, 11, 159, 55, 7, 'velit repudiandae error', 'Eaque eius sit sint voluptas. Ducimus eaque dolorum assumenda. Eum iusto id voluptatibus id. Ex aut et provident rerum tempore eius et. Consequatur molestiae illum possimus et voluptatibus. Sint est soluta ipsa modi omnis et quia iusto. Ut dolorum eos porro. Illum sit reprehenderit quasi. Minus veniam nostrum officia dicta sequi. Beatae neque quia quia. Non qui a tempore. Delectus nesciunt dicta ut minus distinctio aut. Aliquam aut enim fugit non repellendus omnis ea. Voluptatem in et illo quas vero. Est quidem et aliquid sed reprehenderit ut. Saepe quo atque adipisci et dolorem. Esse suscipit deleniti doloribus nihil dolorem. Non et doloribus et blanditiis rem. Suscipit alias illo consequatur repellendus ad non nihil.', 'https://www.miraigamers.com/wp-content/uploads/2021/07/Yu-Gi-Oh-Master-Duel-arrive-sur-tous-les-supports-pret-pour-le-Duel.jpg', '2022-05-20 04:27:55', '2022-05-20 16:06:09', 193, 'Professionnel'),
(94, 10, 188, 486, 10, 'vel suscipit corrupti vitae recusandae totam sed ut', 'Voluptas est aut sit quaerat. A animi aspernatur ex adipisci et. Dolor in sed deleniti fugiat enim dignissimos. Voluptate praesentium tempore sunt exercitationem sint laborum eos. Facilis assumenda facere quaerat deleniti ipsam aut delectus. Nam sequi qui dolore recusandae deserunt expedita molestiae. Iure aut id deserunt quia autem consectetur sed molestiae. Enim consequuntur ipsa fugit quisquam delectus commodi quisquam fugit. Mollitia est harum est in autem dolorem. Itaque velit sed molestias quia praesentium porro ea. Officia soluta doloribus qui pariatur non et nihil. Molestias impedit nam aut reiciendis eius explicabo laboriosam. Quos ea dolor error quia cumque architecto iure. Velit nemo ut dignissimos mollitia. Velit sint porro nam quibusdam.', 'https://cdn.arstechnica.net/wp-content/uploads/2021/07/legend-of-zelda-nes-gold-800x450.jpg', '2022-01-19 04:02:00', '2022-01-20 07:47:07', 104, 'Intermédiaire'),
(95, 9, NULL, 405, 7, 'et rem eum fuga earum non voluptatum', 'Ut voluptatem sapiente quis maxime reiciendis quidem sit. Eius esse minima non distinctio ut quaerat voluptatem quia. Assumenda ex aliquid animi enim nobis consequuntur facere. Non deleniti delectus minima aut. Nisi sed deserunt doloribus incidunt. Nihil qui delectus doloribus aliquid. Sit quasi dolorem quisquam enim enim. Porro qui nihil occaecati eos facilis. Necessitatibus magnam natus qui. Veritatis et numquam id tempore quo ex unde. Assumenda qui est qui aut ut. Ex ipsa a excepturi nobis voluptas rerum. Laboriosam odio ab alias reprehenderit accusamus. Aperiam dolore corporis perferendis quae. Architecto qui asperiores nesciunt vero. Qui at voluptate quibusdam eius est praesentium illum. Voluptates ab blanditiis sequi voluptas. Ea et adipisci repellat veritatis repellendus culpa.', 'https://img.redbull.com/images/c_limit,w_1500,h_1000,f_auto,q_auto/redbullcom/2019/11/08/fc0f91de-3998-4be5-b50e-96d8d9e0cd45/lol-10-ans-league-of-legends', '2022-04-13 06:28:17', '2022-04-15 19:43:47', 371, 'Tous niveaux'),
(96, 13, 196, 124, 10, 'ut qui et ut qui', 'Libero quo ex cupiditate architecto possimus eaque quaerat. Ut consequatur et veritatis veniam molestiae. Non dolor quia distinctio tenetur quos. Nisi recusandae et nisi enim maxime magnam. Maxime eos accusamus voluptas facilis sed repudiandae sunt. Sunt est quibusdam soluta cum illo qui saepe. Sit esse nihil repellat ipsam voluptatem est. Modi nihil facere nulla fuga harum nihil quas. Qui aut eos aut non tempora. Deleniti qui impedit quam ut voluptatem. Aut quidem ipsam amet vel. Quisquam et voluptatibus aut. Repellat dolores architecto eveniet aperiam. Vero ipsa non quis animi. Dolores distinctio consequatur consectetur ut eum temporibus. Perferendis saepe vero qui iure voluptates.', 'https://pbs.twimg.com/media/EECAyk7W4AAQP9w.jpg', '2022-06-05 14:14:20', '2022-06-06 13:40:45', 186, 'Confirmé'),
(97, 14, 106, 200, 8, 'ad mollitia eveniet atque est repudiandae nostrum at ut porro', 'Ut praesentium fuga inventore nobis repellat. Fugiat inventore tempore explicabo recusandae accusantium illum. Inventore expedita voluptatem placeat natus. Enim aut enim dolorum minima voluptatem reiciendis fuga. Cum et quisquam eaque impedit optio necessitatibus sed. Illum doloremque rerum ipsa dolorem atque quibusdam. Excepturi accusantium exercitationem rem hic qui. Id perspiciatis quam ipsa architecto ducimus earum. Minus cumque et iste. In eos est sint dolores laborum sapiente. Expedita culpa illum facilis voluptates voluptatibus hic nesciunt. Tempora eligendi consequuntur ut in rerum autem. Assumenda atque beatae ab. Delectus ut nemo minus distinctio. Impedit nobis tempora alias et est fugit vero.', 'https://i.ytimg.com/vi/gjVtbJkKQbo/maxresdefault.jpg', '2022-04-27 17:41:04', '2022-04-29 21:00:29', 241, NULL),
(98, 14, 151, 403, 10, 'iste temporibus labore suscipit quia recusandae sit minima ad', 'Non asperiores nam qui consequatur nostrum ullam amet. Cum qui hic sit consequuntur sit temporibus. Nostrum est rerum molestiae eum. Eaque ut ad magnam illum delectus labore. Enim tempora delectus voluptate sint ad qui. Ea quidem soluta quos molestiae. Sint corrupti voluptas incidunt est magnam. Aut reprehenderit incidunt quo provident quaerat optio. Dolorem pariatur maiores animi sequi a. Minima ad amet doloribus ipsam quo sunt veritatis velit. Debitis delectus laborum consequatur eos. Autem repudiandae qui sed facere. Dolorem voluptas delectus laborum omnis facilis vel pariatur. Ut officiis sit eaque in corporis tempora.', 'https://images.ctfassets.net/s5n2t79q9icq/114xMnrR6RiLD15UxL8LYZ/ca73ec9fe59f654a150b543e05979181/Meta-Homepage.jpg', '2022-06-16 18:17:20', '2022-06-17 14:34:33', 302, 'Tous niveaux'),
(99, 14, 110, 293, 9, 'repudiandae consectetur enim quod minus placeat voluptatem esse', 'Recusandae quis esse id sed voluptas. Doloremque voluptatem distinctio qui ducimus perspiciatis. Nostrum molestiae reiciendis nulla velit expedita. Saepe dolores adipisci laudantium nulla laboriosam ducimus eos. Doloremque molestiae libero tenetur voluptas fugit rerum et. Perspiciatis mollitia reprehenderit nostrum doloribus. Sit tempore ullam ut tempora. Quis molestias autem labore incidunt mollitia officiis culpa voluptas. Illum nesciunt itaque sint voluptatum molestiae. In culpa temporibus eveniet quasi. Qui sed ut veniam amet voluptates explicabo non. In enim laboriosam est similique.', 'https://www.rom-game.fr/multimedia/agenda/211005_videgreniergeekpampuyre2022.jpg', '2022-04-16 16:23:16', '2022-04-18 06:48:44', 479, NULL),
(100, 14, NULL, 101, 9, 'et dolor explicabo', 'Cum necessitatibus delectus qui tenetur. Magni vero quis qui unde. Velit ad aut ipsam aut sit vero dolor. Cumque sed doloremque aut dolorem aliquid sed id. Dolorum possimus tenetur eligendi ut voluptatem maiores perspiciatis. Tempore aut sit aut ut voluptas. Molestiae nemo voluptates qui rem. Dolor molestias facilis dolorem pariatur nesciunt sit. Voluptatem quis praesentium rerum aspernatur ad dolorem est. Exercitationem sit alias est ex cumque. Sint voluptatem distinctio illum impedit nulla voluptatum amet. Ut tempore reiciendis magnam et. Saepe nam autem odit. Veniam sed minima sed ut sit numquam corporis. Ad occaecati sunt sit eos nulla. Dignissimos ut ullam voluptas veritatis pariatur sunt.', 'https://fr.web.img2.acsta.net/newsv7/20/06/30/12/28/5740456.jpg', '2022-04-29 20:50:52', '2022-05-02 13:50:43', 352, NULL);

-- --------------------------------------------------------

--
-- Structure de la table `event_activity`
--

CREATE TABLE `event_activity` (
  `id` int(11) NOT NULL,
  `name` varchar(50) COLLATE utf8mb4_unicode_ci NOT NULL
) ENGINE=InnoDB DEFAULT CHARSET=utf8mb4 COLLATE=utf8mb4_unicode_ci;

--
-- Déchargement des données de la table `event_activity`
--

INSERT INTO `event_activity` (`id`, `name`) VALUES
(6, 'Jeux vidéos'),
(7, 'Jeux de société'),
(8, 'Mangas'),
(9, 'Comics'),
(10, 'Toutes activités');

-- --------------------------------------------------------

--
-- Structure de la table `event_category`
--

CREATE TABLE `event_category` (
  `id` int(11) NOT NULL,
  `name` varchar(50) COLLATE utf8mb4_unicode_ci NOT NULL
) ENGINE=InnoDB DEFAULT CHARSET=utf8mb4 COLLATE=utf8mb4_unicode_ci;

--
-- Déchargement des données de la table `event_category`
--

INSERT INTO `event_category` (`id`, `name`) VALUES
(8, 'Convention'),
(9, 'Partie en ligne'),
(10, 'Partie en local (LAN Party)'),
(11, 'Tournoi'),
(12, 'Meeting'),
(13, 'Vente aux enchères / troc'),
(14, 'Conférence');

-- --------------------------------------------------------

--
-- Structure de la table `manga`
--

CREATE TABLE `manga` (
  `id` int(11) NOT NULL,
  `category_id` int(11) NOT NULL,
  `name` varchar(50) COLLATE utf8mb4_unicode_ci NOT NULL,
  `description` longtext COLLATE utf8mb4_unicode_ci NOT NULL,
  `picture` varchar(255) COLLATE utf8mb4_unicode_ci NOT NULL,
  `author` varchar(50) COLLATE utf8mb4_unicode_ci NOT NULL
) ENGINE=InnoDB DEFAULT CHARSET=utf8mb4 COLLATE=utf8mb4_unicode_ci;

--
-- Déchargement des données de la table `manga`
--

INSERT INTO `manga` (`id`, `category_id`, `name`, `description`, `picture`, `author`) VALUES
(101, 8, 'labore sed', 'Exercitationem enim animi blanditiis dicta neque et. Dolor culpa dolore ut similique. Ut ut perferendis quia dolorem cumque alias sequi. Dignissimos autem mollitia fugiat possimus molestiae placeat. Sed enim earum dignissimos consequatur. Vel nesciunt temporibus impedit at. Consequatur quo vel facere doloremque commodi ea tenetur tempora. Nobis voluptatum labore illo dolorem esse expedita blanditiis. Sit velit sint nesciunt neque debitis consequatur. Ipsum praesentium adipisci voluptatem illum iure. Sit molestias veritatis id corrupti aut.', 'https://images-na.ssl-images-amazon.com/images/I/81H14PAKlPL.jpg', 'Marjorie O\'Kon'),
(102, 8, 'dolor similique laborum non', 'Ut incidunt laborum sequi illo vel quibusdam. Quidem vero architecto ex ut. Eos incidunt in voluptates dolor. Quod autem est quos eum. Eos nihil omnis animi praesentium deserunt. Est quam velit est voluptatem. Consequatur quia explicabo optio qui eos eos. Magni voluptatem magnam aliquam dolores. Consequatur aspernatur dolorem sed rerum enim animi mollitia. Ducimus et qui nulla delectus. Asperiores consequuntur neque provident esse. Sint aut quia atque qui. Id quas eveniet eveniet sint. Voluptates est ex id. Nam quis voluptatem ut quo dolorem. Sed omnis rerum officia eius.', 'https://images-na.ssl-images-amazon.com/images/I/81dfhgbb2qL.jpg', 'Tillman Reichel'),
(103, 9, 'saepe', 'Error quo amet vel et. Nesciunt et eligendi sunt sequi sed. A est dolores dolorem expedita debitis. Ut debitis alias exercitationem perferendis. Nostrum ad quod veritatis architecto aspernatur. A ea necessitatibus sequi ex. Sint est ipsum quia quisquam dolores delectus ut. Commodi deleniti consectetur aspernatur sapiente. Qui illo voluptates consequatur temporibus dolor autem quam cupiditate. Ea reiciendis aliquam quibusdam ea et sint consequatur. Est quia soluta dignissimos minus tempore tempore repellendus et. Autem vero dolores earum eveniet est repellat quaerat.', 'https://m.media-amazon.com/images/I/81zUMXGbNGL._AC_SL1500_.jpg', 'Noe Kub'),
(104, 7, 'ad sed non', 'Sit est minus culpa hic omnis magnam. Praesentium alias aliquam qui possimus. Mollitia vero at quae sapiente eum eligendi. Voluptas non est consequuntur autem modi temporibus. Minima ipsam rerum quod. Dolor a ipsa voluptatum optio dolorum. Laboriosam molestias autem est. Eveniet hic aliquid doloremque ex tenetur quia. Eum voluptas ab aliquam aut fuga. Qui velit ea quos cum qui molestiae numquam. Dolores vel sint et. Beatae voluptatem suscipit et nemo blanditiis eum. Minus molestias nulla sit consequatur aut unde.', 'https://images-na.ssl-images-amazon.com/images/I/91tYV+R03kL.jpg', 'Ruby Kris'),
(105, 10, 'incidunt', 'Officia fugit iste quasi vitae eveniet. Tempora excepturi molestias sint vel ipsum. Quidem voluptas ea illo omnis ratione ab. Aperiam dolorem quasi voluptatum veniam dolores tempore. Repudiandae qui reiciendis est repudiandae. Fugit ducimus incidunt aut. Ex quia nihil fugiat officia. Non reiciendis tempora minima. Eius minus deserunt voluptatem sunt ea cum. Sed minima aut amet aut sit id sed. Ut consequatur dicta consequuntur modi eveniet amet. In quod explicabo voluptatibus consequatur nulla. Sapiente nulla tempora molestias dolorum vitae eaque adipisci praesentium.', 'https://images-na.ssl-images-amazon.com/images/I/81YMjfFuX6L.jpg', 'Ruth Breitenberg'),
(106, 8, 'odit molestias praesentium tempora', 'Sunt nemo et repudiandae non iure cupiditate magnam. Itaque illum est in occaecati assumenda unde rerum. Nam praesentium quaerat eius asperiores excepturi quibusdam. Dicta illum aut voluptatem ea dolor omnis nihil quia. Quidem vitae autem voluptatibus minus qui delectus quod a. Et voluptatum nam rerum vel quasi non. Non quis explicabo possimus et. Repudiandae vero eos in doloribus ex voluptate cum. Quia perspiciatis quam vel. Et culpa reprehenderit dicta non. Id quod at aut officia doloremque. Et blanditiis reprehenderit et enim.', 'https://images-na.ssl-images-amazon.com/images/I/71iPhxzPaoL.jpg', 'Kathryne Feeney'),
(107, 9, 'maiores', 'A minus aut aut nemo aspernatur et dignissimos quia. Et itaque quasi error ea qui voluptas. Autem nihil ea nemo culpa sapiente. Aspernatur et ipsa laboriosam porro vitae ex non. Ut iste sint sequi dolorem consequuntur. Et ipsa animi rerum expedita. A voluptatem eos illum ea. Et possimus ut omnis quos non. Labore dolorem ut et eveniet est eius quibusdam. Enim dolor consequuntur nemo dicta. Recusandae iusto facere qui voluptate dicta maiores. Sint adipisci at quae minus et ducimus sint. Molestiae qui est incidunt. Minus velit rem labore quo animi sunt nihil.', 'https://images-na.ssl-images-amazon.com/images/I/81Z5oMQHqaL.jpg', 'Elwin Koch'),
(108, 8, 'voluptatibus voluptas', 'Iure voluptatem laboriosam aperiam quia et laborum. Ut veniam facilis aliquid placeat. Esse aut corporis assumenda quia quas. Voluptatem maxime eum aliquam amet non et ipsum. Quo magnam occaecati eum autem recusandae voluptas minima cum. Suscipit maxime rerum accusantium in sequi ut odio dolores. Eaque eligendi tenetur aut esse earum a iste. Neque quis quia nobis saepe ut et. Animi quam aut consequatur repellendus ullam in et. Qui inventore nemo a corporis quasi.', 'https://images-na.ssl-images-amazon.com/images/I/91hcXocudXL.jpg', 'Dakota Hodkiewicz'),
(109, 8, 'magnam eaque', 'Recusandae minus dolores sit cumque. Ut voluptatem iste sequi molestiae nobis. Et odit omnis eaque. Optio laudantium doloremque officiis dignissimos eveniet nam placeat. Cumque quisquam enim nostrum quaerat. Et quisquam quis et autem facere. Doloribus adipisci aut quia pariatur quidem. Voluptas corrupti et rerum ea odio error hic. Odio nisi neque mollitia numquam. Et voluptas a molestiae similique fuga ab animi. Nemo perspiciatis veniam facilis aperiam omnis veritatis similique. Temporibus pariatur dolor id.', 'https://images-na.ssl-images-amazon.com/images/I/81Z5oMQHqaL.jpg', 'Lisa Dickinson'),
(110, 7, 'blanditiis et omnis', 'Itaque facilis laborum velit ad architecto ullam. Non et officiis qui laudantium nostrum consequatur dolorem. Odio sapiente enim quibusdam. Qui similique enim sint id natus quia placeat. Est dolor omnis autem tenetur. Quia et earum dolores perferendis blanditiis aut. Vero qui odio veritatis occaecati molestias illum ea. Commodi sed eum eaque ea. Voluptatum et voluptatem sunt expedita ut aspernatur odio et. Alias perferendis rerum nesciunt magni. Repudiandae et molestiae aut. Quam quas alias esse aut. Illum sint dolorem ex molestiae aperiam. Deserunt nihil quaerat error nam sit qui.', 'https://m.media-amazon.com/images/I/81zUMXGbNGL._AC_SL1500_.jpg', 'Virginie Kozey'),
(111, 7, 'optio nobis', 'Assumenda quidem officia officiis repellendus. A eos et blanditiis ex iste quia amet aliquid. Veniam officiis accusamus aut magnam. Voluptas quisquam asperiores dignissimos quo. Iure perferendis distinctio eos quia. Fuga inventore quis odit rerum magnam doloribus. Rerum repudiandae perferendis quasi. Cumque animi natus vero aliquid itaque laudantium. Animi distinctio ducimus dicta laboriosam similique quo cumque. Perspiciatis laborum doloremque vel ipsa id et qui. Qui assumenda delectus id. Blanditiis aspernatur sapiente iste velit.', 'https://images-na.ssl-images-amazon.com/images/I/81dfhgbb2qL.jpg', 'Bertha Ankunding'),
(112, 10, 'voluptates ad exercitationem ipsa', 'Doloremque doloremque magni incidunt quia iure aliquid rem. Temporibus amet sunt repellat sapiente ex. Molestiae cum ex ut ut dolorem. Repellat fuga aut rerum perferendis. Eveniet qui et corporis unde dolorem. Facilis mollitia nihil facere ipsam cum perferendis. Et modi totam dolore fugit aspernatur praesentium rem. Optio rerum eum doloremque iste quaerat nulla perspiciatis. At ut magnam impedit amet tenetur libero itaque. Sint velit sunt est dolore. Delectus deleniti delectus iste hic id. Temporibus qui et soluta officia porro facilis.', 'https://images-na.ssl-images-amazon.com/images/I/81mWACgHKxL.jpg', 'Wilfredo Morar'),
(113, 9, 'et illo et', 'Ut et voluptatem ea corporis impedit animi animi dignissimos. Et quia earum vel dicta aut debitis corrupti impedit. Quia voluptatibus sint iure consequuntur. Et et quam id architecto possimus perspiciatis dolores nihil. Illum beatae ad et incidunt. Molestiae aut nisi laudantium commodi. Sed facere quos quam et natus natus explicabo. Amet et blanditiis dolor. Aut nobis quia autem molestiae cumque rerum. Ipsum temporibus qui rem recusandae aut quos est. Enim necessitatibus voluptatum in vitae vel sed sint. Eum non perferendis sapiente nihil id.', 'https://images-na.ssl-images-amazon.com/images/I/71FH4o9mO3S.jpg', 'Caleigh Langosh'),
(114, 9, 'aliquam ullam ducimus quo', 'Sit ullam ex officia soluta porro asperiores. Suscipit ea molestiae mollitia tenetur est. Id natus earum praesentium voluptatem assumenda suscipit consequatur. Qui autem quisquam neque eius. Sed mollitia enim nobis rem quia aspernatur inventore. Recusandae cum ex enim laudantium. Sint occaecati eveniet porro excepturi unde eaque. Minus aliquid repellendus veniam. Et qui assumenda ut sint. Architecto accusamus fuga occaecati est distinctio praesentium commodi. Odit omnis voluptatibus nobis sed et quas. Et ab tenetur alias atque rem facilis corporis. Et eius voluptatem voluptas unde.', 'https://m.media-amazon.com/images/I/81zUMXGbNGL._AC_SL1500_.jpg', 'Ali Reinger'),
(115, 7, 'quas quis', 'Omnis quibusdam ut aperiam perspiciatis porro. Sapiente ea rerum necessitatibus fugit esse. Consequatur sit sequi nisi sed neque ut et. Ut aut inventore dolor cupiditate voluptatibus laboriosam excepturi. Nihil omnis perspiciatis omnis qui maiores tempora eum. Amet a placeat debitis voluptas aut id. Pariatur est reiciendis minus. Odio eius totam necessitatibus. Voluptatem aut sit sint ut reiciendis aut rem. Fuga voluptatem aut necessitatibus laborum commodi dolorum praesentium libero. Quos suscipit incidunt numquam sed.', 'https://images-na.ssl-images-amazon.com/images/I/71V1kRB2fTL.jpg', 'Rollin Welch'),
(116, 7, 'necessitatibus', 'Recusandae est voluptatem consectetur qui molestiae vel omnis. Voluptatem qui consequuntur reiciendis voluptate suscipit. Et laboriosam vitae mollitia eaque. Voluptatibus molestias perspiciatis quo laboriosam est. Consequuntur quos ea dignissimos et in. Qui fuga similique et voluptatem dolorum eaque deleniti. Cupiditate dolor odio voluptate et. Quo placeat sapiente sit facere. Sint natus aut dolorem alias rerum officia. Laboriosam laborum exercitationem consectetur repellat et qui fugit. Soluta mollitia ex ut id labore a.', 'https://images-na.ssl-images-amazon.com/images/I/91xNW4qPPfL.jpg', 'Clifton Larson'),
(117, 10, 'voluptatem nobis autem velit', 'Pariatur ex excepturi est consequuntur. Qui voluptatibus totam nemo. In eveniet aut earum fugiat aperiam voluptatem illum et. Tempore voluptatum ducimus assumenda iusto deserunt. Commodi voluptate animi facilis soluta facilis nobis necessitatibus. Voluptas enim non molestias sint. Repellendus dignissimos vero est est illum quia. Ipsa quam ipsa cum placeat autem. Facilis ducimus dolores deserunt qui corrupti nostrum dignissimos pariatur. Deleniti nihil nisi exercitationem explicabo quisquam.', 'https://images-na.ssl-images-amazon.com/images/I/71FH4o9mO3S.jpg', 'Alec Hill'),
(118, 7, 'natus', 'Voluptas sed eius consequatur occaecati voluptate voluptatem optio. Ullam itaque optio quod atque omnis repellat hic dolores. Qui adipisci ut voluptas autem libero exercitationem voluptatem. Esse ut aut magni dolorum qui. Perferendis optio autem perspiciatis consequatur iusto maxime. Dolor est fuga molestias dolorum eius soluta delectus. Cum dolores impedit debitis eum velit ad. Sequi soluta ea ipsum quam est quia pariatur. Odio neque accusamus magni consequatur alias dolor. Voluptatem velit rerum harum inventore. Commodi repudiandae ducimus eos fugit debitis eius.', 'https://images-na.ssl-images-amazon.com/images/I/81mWACgHKxL.jpg', 'Gordon Rosenbaum'),
(119, 7, 'est laborum', 'Et odio nemo qui aliquam. Quasi doloremque et sit quos blanditiis iusto. Minima et molestiae cupiditate veritatis debitis alias ea. Recusandae consequatur pariatur voluptatem eos quo. Est eum unde nihil fuga ea voluptatibus id laboriosam. Quibusdam temporibus assumenda corrupti. Blanditiis possimus odit autem placeat amet. Commodi occaecati ut dignissimos qui perspiciatis hic. Commodi non ea vitae. Sed quia voluptatem optio rerum nobis possimus.', 'https://images-na.ssl-images-amazon.com/images/I/91hcXocudXL.jpg', 'Claire Ankunding'),
(120, 8, 'odit blanditiis', 'Animi nulla rerum velit voluptatem. Dolorem similique voluptatem nisi architecto ducimus. Commodi in cumque in error consequatur laboriosam quisquam. Blanditiis iusto perspiciatis velit veritatis. Odio ad facere rem voluptas optio. Porro ea sed id expedita. Libero magnam autem saepe et. Id labore voluptatibus provident voluptate sed debitis laborum. Suscipit vel qui quam et. Qui nostrum amet ipsa vel reprehenderit. Officiis molestiae ullam velit natus perferendis.', 'https://images-na.ssl-images-amazon.com/images/I/91tYV+R03kL.jpg', 'Bessie Dare'),
(121, 10, 'temporibus et dolorem', 'Cupiditate sit delectus et. Recusandae iure et eius architecto deleniti eius est. Alias pariatur quibusdam beatae labore enim. Pariatur repudiandae et quia et aperiam. Quae et soluta et quo qui. Laudantium accusantium vel id perferendis sit. Voluptatem aliquid error accusamus debitis voluptatem. Rem eum accusamus tempore. Illo deleniti ipsam ea necessitatibus esse impedit suscipit. Quidem sunt voluptates beatae. Praesentium ab sunt dolorum iusto excepturi maxime non. Saepe recusandae debitis provident sunt. Mollitia optio porro sapiente rerum corporis nulla accusamus est.', 'https://images-na.ssl-images-amazon.com/images/I/91hcXocudXL.jpg', 'Luisa Gleason'),
(122, 9, 'cupiditate consequatur', 'Dolores blanditiis nostrum quo veniam est. Dolor temporibus facere quia eligendi nihil. Praesentium cupiditate praesentium ut architecto. Tenetur aut assumenda aspernatur voluptatem ad omnis distinctio. Sapiente molestiae occaecati nisi facere. Et perspiciatis voluptas ipsa aliquid accusamus quisquam dolore. Accusantium facilis aut nobis mollitia quo qui dolor. Ipsum ullam hic possimus cupiditate aut. Qui maiores quod ipsam consequatur ab.', 'https://images-na.ssl-images-amazon.com/images/I/81mWACgHKxL.jpg', 'Lucio Wilderman'),
(123, 10, 'cupiditate odio recusandae esse', 'Ut ea itaque adipisci eos et non qui. Quia ducimus sint doloribus maiores reiciendis libero. Laborum suscipit aut quidem. Animi autem non iusto optio. Hic enim est culpa qui voluptas. Ratione in voluptate dolor similique et voluptatibus. Eligendi numquam ut fuga neque. Ullam fugit quia et ut odit. Ipsa corrupti aut iste. Reprehenderit reiciendis rem sit et voluptatem non. Voluptate quia odit culpa debitis quaerat consequatur id. Dolor neque necessitatibus fugit quis quisquam quis ullam. Illum qui autem sed.', 'https://images-na.ssl-images-amazon.com/images/I/71LrevXJ4UL.jpg', 'Loren Rempel'),
(124, 10, 'beatae omnis quaerat rerum', 'Illo et optio praesentium aut sunt. Quo temporibus explicabo qui ea blanditiis alias sunt. Dolorum aut qui aperiam et minima quos. Eum ratione quisquam laboriosam sed. Minus sed totam et. Voluptates voluptatem in earum tempora. Est deleniti aut quia rerum ab hic aut. Consequatur laborum iure adipisci repellendus accusamus. Numquam ut voluptatem ullam possimus. Asperiores inventore id adipisci omnis deleniti. Dolore minima sequi est accusamus consequatur. Sunt ipsum aspernatur dolorem ullam assumenda et.', 'https://images-na.ssl-images-amazon.com/images/I/81Z5oMQHqaL.jpg', 'Rigoberto Zieme'),
(125, 8, 'occaecati id', 'Aliquid quo debitis nemo. Dicta aut eveniet reprehenderit consequatur. Minus quis consectetur sed excepturi. Minus consequatur doloremque sed iusto rerum veritatis eligendi dignissimos. Qui aut dolorem aut cum cupiditate. Ea et nostrum minima ea sit. Voluptas et rerum omnis tempora dolorem. Non officiis sit dolores earum. Et sit quos sed eligendi quidem. Rerum est qui odio similique. At non cumque aliquam odit. In sint voluptatum quis pariatur labore sapiente natus. Doloremque rerum voluptas et ut magni neque voluptatum.', 'https://images-na.ssl-images-amazon.com/images/I/61BhDFVSCTL.jpg', 'Maximillian Fritsch'),
(126, 8, 'sit impedit', 'Omnis id tempora tempore. Perferendis qui dolores deserunt. Rem minus quis ipsa accusamus modi. Sequi enim reiciendis voluptas totam sint molestiae numquam perspiciatis. Corrupti omnis eum id nisi. Qui debitis incidunt quisquam modi facilis id id. Et velit quia maiores eaque et architecto iste dolores. Quo aliquam quasi ab et rerum. Hic ut dolor optio. At soluta molestiae sapiente optio. Molestiae eos architecto explicabo nihil dolore. Voluptates et sunt quod nam. Eligendi perferendis animi facere delectus sunt quia. Quasi aut accusamus et maiores numquam voluptatibus impedit.', 'https://images-na.ssl-images-amazon.com/images/I/81mWACgHKxL.jpg', 'Alda Botsford'),
(127, 10, 'voluptatem', 'Nihil est voluptas quos quam. Et quia voluptas et. Et est voluptatem et. Aliquam explicabo aut aliquid provident. Libero dolores eaque vel voluptate quisquam architecto et. Repudiandae sed et omnis quia. Possimus sit odio deserunt inventore. Nihil molestias quia deserunt veritatis saepe non. Quasi qui ut fugit labore nisi consequatur autem sunt. Distinctio ducimus sed voluptas dolorum ea esse. In hic iste sed voluptas veritatis. Voluptates expedita eius ipsum blanditiis voluptatum ex. Esse sed aspernatur non veniam.', 'https://www.gbposters.com/media/catalog/product/cache/2/image/9df78eab33525d08d6e5fb8d27136e95/f/a/fairy-tail-quad-maxi-poster-1.133.jpg', 'Chaim Muller'),
(128, 8, 'harum placeat nemo', 'Dolore ut omnis nesciunt. Repellat et reprehenderit dolorum inventore pariatur voluptatem. Occaecati minus quo rerum tempore rerum quia et consectetur. Officiis sunt libero et. Accusamus ipsum dolor nostrum consequatur facere. Consequuntur aut aliquam libero in. Aut nihil quo facere corporis. Ut necessitatibus animi ratione iusto odio labore est voluptatibus. Omnis necessitatibus earum ab et commodi adipisci. Eos sint accusantium alias facere amet. Nulla est magnam at et. Sint ea unde doloremque consequatur nihil.', 'https://images-na.ssl-images-amazon.com/images/I/913g8zhpCYL.jpg', 'Jena Botsford'),
(129, 10, 'velit sed est', 'Consequuntur iusto dolores maiores molestiae. Itaque nulla libero nesciunt accusamus delectus quaerat. Unde voluptatibus voluptatem sapiente deleniti error cumque. Rem voluptatem quidem voluptates atque. Occaecati dolorem voluptas dicta recusandae et veritatis sint possimus. Qui quos dolorem tempora ea. Sunt et dolorum vel cumque esse ipsa. Recusandae quod nesciunt libero consectetur ipsa sit velit odio. Esse et reiciendis eius assumenda. Itaque quam modi quis.', 'https://images-na.ssl-images-amazon.com/images/I/91yiBtD0imL.jpg', 'Green Daugherty'),
(130, 7, 'dolores corrupti nulla', 'Reprehenderit recusandae iste eveniet totam nemo. Amet enim aut natus pariatur illo corrupti ullam. Ut quia sint placeat consectetur possimus. Ratione fugit ut maxime similique iusto ut dolorum. Distinctio ullam sint quae aut possimus. Iure vitae consequuntur sed. Unde doloribus sed quia voluptate vitae fuga. Voluptate est fuga quia veniam omnis dolores neque. Impedit blanditiis sint qui deleniti. Dolor temporibus eius eos assumenda nesciunt. Dolorem praesentium quis blanditiis. Consequatur expedita animi hic quibusdam.', 'https://www.pika.fr/sites/default/files/images/livres/couv/9782811607135-T.jpg', 'Randall Murray'),
(131, 9, 'consequuntur sint nostrum omnis', 'In est molestiae voluptas vero mollitia voluptas nostrum distinctio. Doloribus qui voluptate consequatur rerum quisquam. Vero voluptatum inventore placeat. Minus dolores quibusdam accusantium quia nemo cupiditate autem. Minima accusamus veniam atque ea corrupti. Natus maiores soluta totam necessitatibus aut ullam minima. Ut consequuntur quis error eligendi dolor nesciunt labore ut. Commodi iste maxime voluptate maiores. Odit odit pariatur accusantium sint quae. Numquam id rerum nesciunt rem omnis veritatis.', 'https://images-na.ssl-images-amazon.com/images/I/71V1kRB2fTL.jpg', 'Eladio Turcotte'),
(132, 10, 'eos eligendi nostrum', 'Incidunt tempora voluptas eos quia sed mollitia. Aliquam sit dignissimos voluptate optio unde assumenda odit consequatur. Ex laboriosam vitae doloribus inventore dolores. Qui occaecati molestiae sunt consequuntur. Pariatur sed rem officia. Molestiae facere non autem voluptatum reiciendis et est. Saepe libero asperiores nostrum. Placeat ducimus doloribus et aut quis nihil. Culpa eveniet facilis est. Omnis est minus natus et cumque earum velit. Ea doloremque ut et repellendus repellat provident possimus.', 'https://m.media-amazon.com/images/I/81zUMXGbNGL._AC_SL1500_.jpg', 'Dorothea Hansen'),
(133, 10, 'veniam omnis', 'Possimus error neque esse. Ea qui in reprehenderit non enim minus beatae. Aperiam ipsum repudiandae maiores optio maxime temporibus sed ratione. Aut in non repellat aut vel. Nesciunt unde accusantium vitae mollitia distinctio ut. Vero deserunt aut vero sed. Optio dolore facilis ullam ea labore voluptatem harum. Doloremque necessitatibus velit eius et veritatis ducimus perferendis. Cumque in ipsam doloremque. Assumenda quam labore ea et iusto delectus. Minima aut voluptatum non labore aut incidunt. Hic saepe voluptatem consequuntur minus qui.', 'https://images-na.ssl-images-amazon.com/images/I/61BhDFVSCTL.jpg', 'Rollin Frami'),
(134, 10, 'est architecto quo', 'Autem voluptatem quos incidunt modi autem. Quia et tempore inventore voluptas asperiores at id. Molestiae neque dolores architecto non. Odio natus dolorem aut vel quidem. Provident est cum qui optio. Dolorum aperiam repellat nobis amet. Eaque repellat expedita nostrum iure eos. Omnis dolore eos et quis impedit tempora sunt excepturi. Quas consectetur delectus dolores sapiente in. Qui aut aliquid nihil est. Quisquam voluptates sapiente assumenda quia itaque reiciendis. Et culpa omnis provident cum sint. Unde illum ratione aliquid est voluptas magni veritatis.', 'https://images-na.ssl-images-amazon.com/images/I/71V1kRB2fTL.jpg', 'Aracely Harber'),
(135, 8, 'nobis', 'Ea omnis necessitatibus ducimus. In dolor ut rerum ea et. Consequatur repellat et corporis libero voluptas id qui harum. Eius aliquam temporibus enim sint debitis. Doloremque eos natus odio aut sint voluptatem. Officiis nemo et ratione incidunt impedit debitis voluptatem. Architecto iusto iure reprehenderit natus temporibus. Id et aut quia saepe dolor deserunt. Quasi repellendus porro velit nobis aut. Quis nulla recusandae eos optio eum doloremque. Atque et fugiat ea praesentium tempore occaecati vero molestiae.', 'https://images-na.ssl-images-amazon.com/images/I/91a19RuprqL.jpg', 'Eryn Muller'),
(136, 10, 'est culpa sit occaecati', 'Illo esse numquam dicta consequatur aut quisquam. Minima similique ipsam nisi rerum. Alias recusandae sunt consequatur molestias incidunt dicta dolores. Esse provident est et impedit. Eos voluptatibus aut quas quo non accusamus. Enim itaque in sed ea ipsam sed ut. Dolorem saepe nisi enim iusto sed commodi molestiae. Dicta ut sunt reiciendis et nesciunt at laborum id. Aliquid quis repudiandae pariatur magnam fugit voluptatem.', 'https://images-na.ssl-images-amazon.com/images/I/71LrevXJ4UL.jpg', 'Cathryn Deckow'),
(137, 9, 'voluptatibus aliquam omnis sint', 'Velit eaque iure qui fugit corporis. Aliquam fugit qui occaecati quibusdam unde voluptas commodi fuga. Qui quia iure totam est fuga deleniti dolorem. Consequatur nemo consequatur a aperiam alias libero similique. Ratione architecto nihil mollitia perferendis sint corrupti. Consectetur excepturi sit animi voluptas atque nemo commodi. Dolores occaecati labore possimus. Nostrum deleniti quod corporis eius ad eum asperiores.', 'https://images-na.ssl-images-amazon.com/images/I/71LrevXJ4UL.jpg', 'Cynthia Mohr'),
(138, 9, 'cumque', 'Totam corporis ipsam consectetur nihil quas at. Magnam quis dolores ut. Qui tempora magnam illo nemo officia. Culpa aperiam commodi qui voluptas rem natus dignissimos. Dolorem saepe consequatur rerum harum est voluptatibus laudantium voluptatibus. Unde illo nulla deleniti. Voluptatem recusandae facere autem hic pariatur voluptatem. Minima dolorem natus fuga soluta officiis. Recusandae eos beatae ducimus sed at at ipsa sint. Veniam officiis inventore asperiores. Modi blanditiis consequatur quia excepturi nihil officia. Facilis esse velit vel voluptate vel accusantium incidunt sit.', 'https://www.pika.fr/sites/default/files/images/livres/couv/9782811607135-T.jpg', 'Alison Flatley'),
(139, 8, 'et', 'Quisquam illo quasi quis tempora autem natus aut. Labore doloribus doloremque eos dignissimos. Repellat sed et qui distinctio dolore. Quas eveniet iste ea qui quis corrupti. Ut et et enim aut ut repellendus dolorem. Consequatur fuga magnam et quam. Sapiente suscipit dolore enim quibusdam. In aut voluptatem dolor soluta at dolorum eum repellat. Ipsa sit ut quasi et voluptatum non quo. Repudiandae dolores quo autem quia sed. Pariatur ut ut quod omnis animi ipsum rerum quia.', 'https://images-na.ssl-images-amazon.com/images/I/81dfhgbb2qL.jpg', 'Tod Botsford'),
(140, 8, 'modi occaecati', 'Ducimus porro beatae deleniti est pariatur facilis. Ipsam illo non ad et ipsum ut. Veritatis vero tenetur corrupti quos. Consequatur fugit rerum iusto nisi. Quod fugit voluptatum ut totam officia quibusdam provident nam. Reprehenderit esse cum explicabo qui quis earum. Vitae illum labore et odit illo quis. Autem aut occaecati non distinctio similique fugiat. Iusto non sint qui quam. Dolores deserunt earum numquam. Sint occaecati qui sint cumque culpa voluptatem recusandae. Beatae eligendi et quia architecto qui ea.', 'https://images-na.ssl-images-amazon.com/images/I/818SKXrgHaL.jpg', 'Elmer Hessel'),
(141, 7, 'est facere', 'In quo et ratione et impedit quo. Ut vero adipisci quo et qui omnis. Dolor consequatur adipisci excepturi non ullam temporibus. Nesciunt dolorum consectetur sunt aut. Vero deserunt nemo dolores omnis cum. Nam quos minus qui quas et magnam. Repellat tenetur nobis molestiae soluta. Sed aut beatae eos placeat. Accusamus repellat nesciunt odit assumenda unde. Et commodi cumque laboriosam et quod optio autem. Soluta quia at commodi delectus quia fuga. Expedita corrupti saepe excepturi. At in voluptatum minima labore vel nemo. Quis et fuga quas quos eos.', 'https://images-na.ssl-images-amazon.com/images/I/918Ai9a893L.jpg', 'Antwan Hill'),
(142, 7, 'omnis quas', 'Repellat sit ut quia nobis quis. Sapiente accusantium sunt velit asperiores deleniti quas eos. Quia eum et quaerat eum autem beatae placeat. Ad ut nobis eum ex. Repellendus eum officia quis minima asperiores animi dolores. Illum cumque ab explicabo. Est sit qui exercitationem quasi possimus dolorum maxime fuga. Ipsa dolor beatae saepe qui ea eum. Sint delectus est aperiam autem eius rerum. Optio voluptatem reiciendis iusto minima. Enim atque eaque provident eveniet fugiat rerum nam.', 'https://images-na.ssl-images-amazon.com/images/I/71FH4o9mO3S.jpg', 'Macie Gorczany'),
(143, 10, 'labore et', 'Quam culpa quis debitis. Molestiae doloremque rerum qui sequi est deleniti laboriosam explicabo. Vitae voluptatem qui et. Consequatur excepturi amet voluptas nam voluptatem vero beatae. Laborum assumenda occaecati cupiditate nobis iure perferendis. Quia eveniet ut minus quod necessitatibus perferendis porro. Esse fugiat consequatur voluptatem dolor qui in quia. Facere sint autem ducimus ab non quae. Optio ullam voluptatem accusantium quo. Error nostrum ut eos et ea est cumque nesciunt.', 'https://images-na.ssl-images-amazon.com/images/I/91hcXocudXL.jpg', 'Karolann Yost'),
(144, 8, 'nemo doloremque recusandae', 'Illo omnis voluptatem sequi et incidunt. Accusamus incidunt perspiciatis eveniet delectus atque. Ut nemo aut doloribus totam nostrum odit sint impedit. Delectus eum et ut nisi aspernatur ea. Delectus praesentium eos iste tempore temporibus. Cupiditate reprehenderit odit sit dolore quisquam sit. Autem aut ut tenetur. Rerum excepturi rem voluptas qui est. Itaque dolore ut nisi labore. Dicta quis et quasi quia. Possimus quis tempore beatae dolor laborum ullam. Molestiae inventore qui et quisquam recusandae vero similique. A eaque est nihil facilis atque qui et.', 'https://images-na.ssl-images-amazon.com/images/I/71FH4o9mO3S.jpg', 'Alfred Parisian'),
(145, 8, 'maxime quas quia', 'At et est et sed ad nisi. Aut est ut ullam quas quae unde culpa suscipit. Magni voluptatem aperiam assumenda et dolores. Ad vel id et sunt et vel et. Architecto ea id nihil. In asperiores accusantium eius temporibus repellat sint perferendis. Quis fugiat et pariatur illo quisquam totam inventore. Blanditiis itaque porro vitae corporis molestias et. Recusandae mollitia molestiae esse doloremque. Consequuntur dolores molestiae unde facilis nisi consectetur est. Hic beatae vero nemo et. Sit et nisi dignissimos impedit voluptas consectetur et.', 'https://images-na.ssl-images-amazon.com/images/I/61BhDFVSCTL.jpg', 'Dereck DuBuque'),
(146, 8, 'inventore non', 'Ut assumenda eos dolore ut unde. Officia maxime et quod modi. Quia aliquid ex rem doloribus. Et autem voluptas similique dolores est accusantium. Omnis doloremque ad fuga voluptas vel. Dignissimos reiciendis numquam doloremque facilis reprehenderit perspiciatis doloribus. Fugiat cumque incidunt impedit corrupti. Nulla omnis autem vitae ex. Sunt impedit iste esse adipisci sequi. Et dignissimos non deleniti facere tempora doloribus. Autem doloribus et fugiat et sed quae praesentium. Dolores consequatur voluptas sed voluptatibus doloribus repellat neque.', 'https://images-na.ssl-images-amazon.com/images/I/71FH4o9mO3S.jpg', 'Effie Reilly'),
(147, 9, 'aut ipsum odit facilis', 'Qui quia aut sit perspiciatis. Quia quas tempora dolorem et. Dolorem laudantium qui ipsam et debitis magnam quia. Consequatur aliquam saepe ea rerum quas dolore incidunt. Facere consequatur repudiandae cum illum. Qui molestias voluptatem vel nostrum sint perferendis voluptates mollitia. Sunt qui a aspernatur quis. Aut laboriosam ut et vel sit omnis suscipit. Laborum magni saepe voluptas et facilis vitae dolores. Consequuntur commodi ipsum cupiditate et. At doloremque rerum architecto veritatis omnis eligendi unde. A eaque aut tempore qui. Sed quis adipisci enim odit ea ea animi.', 'https://m.media-amazon.com/images/I/81zUMXGbNGL._AC_SL1500_.jpg', 'Otilia Steuber'),
(148, 8, 'aut', 'Odit ipsum dolorem optio perspiciatis rerum. Ea eos officiis eligendi impedit. Ea laudantium ea sint repudiandae consectetur velit aut. Quae vitae omnis ullam. Ullam sunt et id nihil. Et dicta sed adipisci id ratione. Odio quidem velit excepturi modi soluta voluptas. Ut nisi nesciunt autem qui. Aut dolorem magni perspiciatis. Et quaerat autem et at molestias. Error sed enim delectus nemo. Blanditiis dignissimos minus possimus.', 'https://fr.web.img5.acsta.net/pictures/21/02/16/12/45/5319199.jpg', 'Lou Rolfson'),
(149, 8, 'nihil', 'Voluptates perferendis in alias facilis corrupti. Possimus vitae eligendi facere non debitis. Maiores id ut nesciunt temporibus facere laboriosam at. Vel fugit ipsa autem ea dicta aut ut aut. Non ut deleniti velit omnis deserunt vel aut. Pariatur consequatur alias amet ea eum. Sed nam odit velit dolor ullam voluptatum. Quo laudantium maiores sint porro. Eum ut veritatis est consectetur quasi. Vitae aspernatur qui nihil qui sint. Eveniet nemo ut facilis ut asperiores. Recusandae ea aspernatur quae incidunt.', 'https://images-na.ssl-images-amazon.com/images/I/71LrevXJ4UL.jpg', 'Stephon Jacobs'),
(150, 10, 'hic ducimus molestias', 'In suscipit ea doloribus velit. Aut corporis dolor quidem hic alias repellat laudantium. Esse placeat quam et ut. Sed molestiae consequatur harum quae et odio nesciunt excepturi. Hic ullam iste officiis dolorem voluptatibus et. Fuga iste nobis atque consequatur. Voluptas iusto eum saepe molestias iure excepturi vitae. Voluptatum nihil nobis aut nihil soluta quaerat sequi. Vel et nulla voluptatem voluptate maxime cum. Voluptas animi totam ut suscipit. Eveniet commodi dignissimos perspiciatis. Veniam dicta at est. Nulla dolores eos praesentium reprehenderit sunt. Velit animi quas libero quia.', 'https://images-na.ssl-images-amazon.com/images/I/81Z5oMQHqaL.jpg', 'Holly Hodkiewicz'),
(151, 9, 'voluptatum', 'Quaerat et ea doloribus aut. Praesentium aliquid dolore omnis accusamus. Consequuntur cupiditate minus ex vel ipsam consequatur. Sint quibusdam impedit voluptatibus unde at odio consequatur. Sit blanditiis magnam aut optio et cupiditate. Velit repudiandae ex est rerum quia. Dolore omnis est ipsam a. Assumenda dolor veritatis velit numquam dolorum inventore iure ipsam. Quae suscipit deserunt aut laborum. Soluta sed omnis nihil. Iusto aliquam et alias a culpa.', 'https://images-na.ssl-images-amazon.com/images/I/71FH4o9mO3S.jpg', 'Rozella Dickinson'),
(152, 8, 'sed fugiat', 'Aspernatur quis iusto aliquam sunt. Repudiandae delectus facilis eos. Odit sequi omnis ut sit nostrum consequatur. Illum ut mollitia et rem ea quis dolor. Sunt atque accusantium aliquid laborum quibusdam et. Est est minus consequatur qui necessitatibus error placeat deserunt. Vel repudiandae blanditiis labore exercitationem rerum et doloremque. Quis quos iure illum vel et corporis dolorem repellat. Libero vero dolores corrupti deleniti tenetur. Incidunt excepturi animi officia itaque omnis harum et ipsum.', 'https://images-na.ssl-images-amazon.com/images/I/818SKXrgHaL.jpg', 'Friedrich Abshire'),
(153, 10, 'velit', 'Numquam totam repudiandae magnam. Veniam sit accusamus omnis exercitationem mollitia voluptas. Veniam est veniam aut quaerat deleniti consequatur dolores. Et asperiores enim debitis exercitationem voluptatem. Consequatur repellat accusantium recusandae consequatur veritatis. Ea autem perferendis qui aperiam aperiam. Sunt eos vero velit quidem aperiam ipsam ea. Ut possimus at non omnis sit nulla et voluptatum.', 'https://images-na.ssl-images-amazon.com/images/I/81VDeAyH1GL.jpg', 'Foster Beahan'),
(154, 10, 'reprehenderit', 'Adipisci deserunt minus tempore ut atque laudantium placeat et. Commodi suscipit numquam dicta odit deserunt modi. Recusandae exercitationem consequatur mollitia enim. Sit corporis deleniti doloribus rem. Delectus dolorem sapiente voluptatem earum necessitatibus sed. Aut magni in dolor ut dolores ullam. Quia qui sequi non corrupti fuga aperiam numquam illum. Vel sit alias non natus sunt. Quos sed ut magnam autem et iusto est. Impedit in facere ipsum. Qui illo consequuntur reiciendis aut autem fuga. Ut qui et corrupti minima ullam.', 'https://images-na.ssl-images-amazon.com/images/I/71V1kRB2fTL.jpg', 'Reece Lesch'),
(155, 8, 'repellat culpa', 'Dolores non aut mollitia voluptatem dolores dolor eveniet. Perferendis officia laudantium asperiores deserunt ut veritatis quis accusamus. Est non sunt voluptas quae. Et voluptas est ab quo labore saepe. Et consequatur ab explicabo nobis fuga. Dolorem et quod quas eligendi labore porro. Voluptatum aliquam qui velit libero. Nam molestias quod similique aut libero aut. Vel velit quia quia iste dolores repellendus dolores. Corrupti tempore corrupti voluptatem molestiae.', 'https://images-na.ssl-images-amazon.com/images/I/81VDeAyH1GL.jpg', 'Lindsey Kub'),
(156, 7, 'et quam', 'Sequi ut blanditiis voluptas distinctio culpa rerum et ad. Voluptatem cupiditate accusamus officiis assumenda tenetur. Magnam quia quia perferendis repudiandae. Similique ducimus accusantium maxime consequuntur perspiciatis et. Quibusdam perferendis saepe similique expedita. Eius mollitia laborum rerum pariatur aut velit. Molestiae laborum vero ut neque. Sit maxime quas officia voluptatem eaque ut voluptas. Et qui et quo facilis eius hic aperiam. Aspernatur reiciendis maxime voluptatibus ut distinctio consequatur eum rem.', 'https://fr.web.img5.acsta.net/pictures/21/02/16/12/45/5319199.jpg', 'Porter Fadel'),
(157, 10, 'consequuntur in', 'Incidunt omnis sit magnam incidunt placeat quam. Minus dolorum quia omnis sint eius aut qui. In omnis velit quia fugiat libero necessitatibus. Ut est id quisquam non. Harum ipsa ipsum ut totam ut ut magni. Eveniet voluptas itaque iste maxime quia. Rerum optio aliquid nihil cumque. Doloribus nesciunt consequatur accusantium expedita reprehenderit. Exercitationem voluptatem quidem et vitae iure nihil a. Amet vero libero omnis autem aliquam. Consequatur cupiditate officia et occaecati id dolor libero.', 'https://images-na.ssl-images-amazon.com/images/I/91yiBtD0imL.jpg', 'Easton Kessler'),
(158, 10, 'quo at est', 'Eligendi laborum quia doloribus qui earum doloremque molestias. Laboriosam commodi tempora magni et esse sequi ipsa. Recusandae sed dolores illum beatae consequatur voluptate saepe. Ducimus quia voluptates aliquid consequatur tempora dolorum. Nostrum qui nobis fugit culpa commodi non sed. Autem cupiditate sed qui fugit. Sit eligendi tempore aspernatur eum soluta eius hic modi. Recusandae explicabo molestias quibusdam. Est sed libero assumenda facere odit. Reprehenderit eum est omnis dicta.', 'https://images-na.ssl-images-amazon.com/images/I/81YMjfFuX6L.jpg', 'Jayme Luettgen'),
(159, 10, 'rerum aperiam', 'Iste earum voluptates et voluptatum. Delectus magnam nemo aperiam corrupti sed. Rerum fuga omnis in consequuntur illum cumque accusamus. Atque ipsam sed nam omnis. Et nulla quaerat nobis. Eius magnam qui mollitia quia. Possimus nesciunt quia et qui dolorem est. Ea ipsum nisi sint at et. Inventore commodi rerum voluptatem omnis placeat sint. Et consectetur ut incidunt eum. Officiis dolor voluptas aut possimus reprehenderit consequatur. Vitae tempora error illo odio dolores est non.', 'https://images-na.ssl-images-amazon.com/images/I/91xNW4qPPfL.jpg', 'Ulices Yost'),
(160, 7, 'ratione repellendus', 'Totam velit magni et aliquam cupiditate officia nobis quis. Deleniti debitis eum officia animi velit sit. Explicabo earum minus occaecati porro. Facilis et delectus nulla. Voluptas veritatis repellat error ut corrupti. Omnis sapiente quo quos eaque distinctio aut illum. Ullam quae facilis minus tempore et repellendus facere sequi. Atque et itaque eum quia et dolor. Qui vitae ut sunt. Sunt est magni aspernatur repellendus id. Officia fugiat similique omnis vitae iusto.', 'https://images-na.ssl-images-amazon.com/images/I/81VDeAyH1GL.jpg', 'Raven Flatley'),
(161, 7, 'velit temporibus', 'Ullam nemo soluta porro ut pariatur. Quasi voluptatem nostrum aut cumque fuga est. Sed fuga ratione maxime qui officia. Error dolores sed enim consequatur delectus repudiandae. Quia in voluptatem asperiores quisquam. Et accusantium officiis nemo error. Dicta dignissimos quia quod fugiat in voluptatem. Quas tempora totam dolorem iste tempora. Voluptatum sed quo similique iste maxime. Eaque beatae qui quia et.', 'https://images-na.ssl-images-amazon.com/images/I/81mWACgHKxL.jpg', 'Jalon Jakubowski'),
(162, 8, 'illum', 'Voluptatum sapiente nesciunt ipsa veniam. Natus debitis mollitia ipsum quo. Architecto corporis quia porro nihil nostrum et. Non enim fuga dolorem consequatur quos dolore. Natus sequi et temporibus odio sed ex autem. Illum inventore quia amet accusantium nihil ad. Quas modi quam eius enim. Magni aperiam minus molestias. Rerum ipsum rerum blanditiis omnis dolor quasi. Debitis sunt hic dolore nihil quaerat libero. Labore voluptas commodi explicabo aliquam iusto pariatur. Aut odit et voluptatem sit vel et reiciendis.', 'https://images-na.ssl-images-amazon.com/images/I/818SKXrgHaL.jpg', 'Daphney Wisoky'),
(163, 8, 'ratione debitis sunt', 'Illo aut et doloribus molestiae rerum aut. Molestiae quia voluptate aperiam aliquid earum facere. Voluptate et itaque dignissimos a soluta illum. Aliquam molestiae reprehenderit et est et nihil expedita. Maxime quaerat commodi atque voluptas esse molestiae. Velit ducimus occaecati commodi ullam ut. Magni voluptas dolorem voluptatem. Ut tempore doloribus error dolor quo. Eos a odit quia aliquam libero in nihil. Quia expedita consectetur voluptate assumenda. Veniam et ad est voluptates iste expedita iure. Illum in perferendis quis voluptatem accusantium.', 'https://images-na.ssl-images-amazon.com/images/I/81mWACgHKxL.jpg', 'Claire Sipes'),
(164, 7, 'in nobis', 'Ducimus porro rem laudantium eum esse amet. Quisquam et repellendus qui quia et voluptatem. Incidunt dolorem facilis officiis culpa qui. Occaecati vitae ut repellat. Id earum aperiam deleniti veniam quia aut beatae explicabo. Ut nostrum nam quo non fuga rerum nostrum. At facilis fuga non doloribus. Porro ut fugit pariatur quos sapiente perferendis. Debitis et nostrum eos repudiandae maxime dolorem. Beatae itaque corrupti nemo molestias et. Mollitia deserunt perferendis ea quo.', 'https://images-na.ssl-images-amazon.com/images/I/71V1kRB2fTL.jpg', 'Mireya Lang'),
(165, 9, 'ut repellendus', 'A necessitatibus dolor veritatis dicta. Aut laborum voluptatem reprehenderit omnis aliquam nemo. Doloremque omnis hic placeat qui. Nesciunt quae similique placeat ut nemo cumque architecto est. Est odit similique et iusto est eos assumenda. Repellat saepe incidunt dolor laborum eveniet quia nobis veritatis. Dolor nihil et et cumque dolores vel. Unde iste sapiente pariatur impedit. Doloremque consequatur et est nulla eveniet. Quo voluptatum occaecati cum omnis. Distinctio placeat harum quis rerum tempora. Unde incidunt eius voluptates.', 'https://images-na.ssl-images-amazon.com/images/I/91yiBtD0imL.jpg', 'Dominic Heller'),
(166, 9, 'a ex laborum', 'Voluptatum qui facere voluptas voluptatem. Sunt ut ipsa hic. Est dolores quisquam voluptatibus. Consequatur minus id cum recusandae. Aut recusandae quis deleniti eum iure placeat et id. Rerum blanditiis et iste tempora. Vero perspiciatis perferendis exercitationem et fuga. Dignissimos aspernatur cum omnis recusandae explicabo veritatis repellendus. Doloremque eaque nemo dolor asperiores. Suscipit aliquam autem vitae quia maxime aut et illum. Iusto quibusdam pariatur mollitia a sunt facilis quia.', 'https://www.pika.fr/sites/default/files/images/livres/couv/9782811607135-T.jpg', 'Eladio Tremblay'),
(167, 10, 'vel', 'Veritatis assumenda voluptate quibusdam enim. Deleniti consequatur dolor voluptatem. Commodi tempora est est autem cum culpa eum omnis. Deserunt quia nam voluptas velit. Ipsam nam velit autem voluptas quas. Illo accusantium sunt itaque quaerat inventore qui quis. Et sit a sit eos modi. Explicabo alias sit voluptates quasi at ut suscipit. Perferendis et fugit velit id sed eaque sed. Temporibus incidunt et veritatis totam voluptas. Accusamus doloremque doloremque labore nostrum dolorem quo. Et voluptatibus aperiam rem. Tenetur quos quisquam quae. Et ea eaque nemo eaque sint eligendi ex.', 'https://images-na.ssl-images-amazon.com/images/I/81H14PAKlPL.jpg', 'Estell Littel'),
(168, 9, 'et', 'Quod eius voluptates magni ipsum officia et. A deleniti debitis quis expedita et. Amet maiores consequuntur dolorum suscipit. Hic architecto aperiam at nobis. Et aut possimus sunt inventore aliquam vero vitae. Aut deserunt ea optio odit earum aspernatur. Nisi vel quis nobis facilis aspernatur. Praesentium illum provident accusantium. Doloribus eaque possimus enim corporis id iure. Ad tempore ipsa eius est enim quibusdam. Cupiditate eum ut excepturi dolorem molestias. Nesciunt molestiae voluptatem provident molestiae.', 'https://images-na.ssl-images-amazon.com/images/I/71iPhxzPaoL.jpg', 'Letitia Barton'),
(169, 7, 'vel quod velit', 'Natus aliquid sit voluptatem aut. Aut et recusandae voluptatem pariatur. Quae maxime veritatis sunt modi odio eligendi possimus eum. Corrupti quam incidunt et fugit nihil repellat. Sit nam maxime earum ea. Tempore deleniti nulla repudiandae voluptas repellat dolorem. Praesentium aut praesentium aut et ratione quis culpa. Officia quas consequatur est vero perferendis ullam tenetur. Autem recusandae architecto ad ea et voluptatem architecto aliquam.', 'https://images-na.ssl-images-amazon.com/images/I/91a19RuprqL.jpg', 'Kiarra Becker'),
(170, 10, 'dolorem inventore alias dolor', 'Facilis perspiciatis ut hic itaque. Rem qui necessitatibus sed expedita voluptatibus consequatur nemo commodi. Dicta sequi doloremque soluta optio optio. Debitis doloremque nobis iusto cum repudiandae rerum. Perferendis praesentium et sed non ex. Eligendi ipsum atque totam et. Nesciunt est rem molestiae neque non. Ut est sunt excepturi consequatur. Odit enim eos blanditiis veritatis saepe aut minima officia. Est cum eius voluptate sit velit. Alias eius non et rerum quis laborum et. Eveniet deleniti magni rem dolorem labore.', 'https://images-na.ssl-images-amazon.com/images/I/81H14PAKlPL.jpg', 'Anabel Konopelski'),
(171, 10, 'et qui', 'Quia voluptas ad quidem aut perspiciatis expedita ut. Delectus dignissimos qui quia doloribus et. Facilis et repudiandae tenetur quasi. Ab corporis assumenda dolorum minima qui in non. Esse necessitatibus non maxime delectus quis impedit omnis. Alias officia ipsa provident cupiditate vel. Beatae architecto labore iusto sed nulla accusamus adipisci. Sed odit iste voluptatum voluptate. Asperiores ut harum consequatur perspiciatis molestiae quae. Doloremque aut ut blanditiis at officia praesentium vel. Aut perspiciatis vel nihil fugiat corrupti.', 'https://images-na.ssl-images-amazon.com/images/I/81YMjfFuX6L.jpg', 'Willy Emard'),
(172, 10, 'deleniti', 'Praesentium tempora nesciunt animi sequi distinctio. Id aut quae consequatur velit quae delectus. Est aperiam recusandae deleniti eius. Cupiditate quidem occaecati a deserunt et voluptate. Praesentium nihil animi atque veniam. Ipsum qui quos ut molestiae minima. Voluptatem vero enim distinctio fuga porro nesciunt dolores. Pariatur excepturi enim odio praesentium. Vel odio in et. Voluptas placeat animi qui est unde dolor. Earum at corporis est nostrum ut voluptas.', 'https://www.pika.fr/sites/default/files/images/livres/couv/9782811607135-T.jpg', 'Ashly Hamill'),
(173, 9, 'facilis vero nihil', 'Et molestias eos eius assumenda. Reiciendis nisi voluptatem necessitatibus qui voluptas cupiditate commodi. Voluptatem et est doloribus qui sint veniam nesciunt. Non eius quo temporibus itaque. Repudiandae animi qui velit debitis. Possimus quia quia nam eum aut velit tenetur. Ratione voluptates culpa veniam dolorem dolore. Voluptatem assumenda facere porro quas similique corporis. Illo impedit incidunt ut quos odio optio. Autem animi error voluptatem sed qui tenetur porro. Eligendi ea id commodi voluptatem ut quia. Eum voluptates earum odit autem dignissimos.', 'https://images-na.ssl-images-amazon.com/images/I/91hcXocudXL.jpg', 'Nedra Okuneva'),
(174, 7, 'et minima consequatur', 'Tenetur sed nesciunt deleniti cumque voluptas tempore perferendis deserunt. Officia animi ut ut a. Nam voluptatem modi culpa eius nostrum qui. Cumque eum optio possimus doloribus. Adipisci eos non et mollitia dolor doloribus deserunt pariatur. Quae ipsum suscipit molestias ex repellat totam veritatis. Quia dolores autem ut itaque. Eligendi cumque sint omnis. Corrupti ad aspernatur qui incidunt ipsum hic. Aut nisi veritatis vel expedita. Qui ad repellat placeat eveniet exercitationem vel aut. Dolores sunt voluptatem labore placeat aut aut.', 'https://images-na.ssl-images-amazon.com/images/I/81Z5oMQHqaL.jpg', 'Shaun Pacocha'),
(175, 10, 'delectus molestiae et', 'Et laboriosam corrupti deleniti est ipsa inventore in. Cum rem provident ab beatae natus. Aliquam harum odit hic. Odio ut voluptas voluptas rerum. Aut porro non voluptatem non saepe. Repudiandae tempora accusamus iste odio dolore. Sint autem et doloribus necessitatibus repellendus aut. Adipisci quibusdam et est perspiciatis et asperiores quia. Ducimus eos alias recusandae eaque. Ut cum facere qui sit asperiores quisquam. Quaerat rerum modi numquam culpa. Voluptatibus laborum non harum at. Velit qui mollitia nobis ipsam at sequi. Repellendus similique ex accusantium aut adipisci est.', 'https://images-na.ssl-images-amazon.com/images/I/91a19RuprqL.jpg', 'Augustus Lowe'),
(176, 8, 'et fugit provident veniam', 'Culpa aperiam similique ut. Ipsa dolore perferendis praesentium ea dolorem fugit molestias. Atque et magni pariatur deleniti sed placeat. Ut qui aut similique ea nulla. Et laboriosam omnis similique libero laborum numquam et. Sint perferendis quos eos tenetur non. Quae nulla molestiae magni nostrum et eaque. Ut optio non provident. Quidem odio sunt distinctio voluptatem. Iusto animi omnis sed minima est aliquid. Magnam est provident totam sed totam explicabo nisi. Unde culpa exercitationem temporibus rerum nihil maxime et error. Rerum earum culpa voluptatem nobis aut est qui.', 'https://fr.web.img5.acsta.net/pictures/21/02/16/12/45/5319199.jpg', 'Emerson Ankunding'),
(177, 9, 'enim', 'Aut ad cupiditate doloremque a unde quia. Sint et earum aut et assumenda harum. Atque accusantium mollitia similique sapiente aperiam dignissimos dolores. Ut vel quam omnis velit. Ipsam quis mollitia hic qui necessitatibus. Fuga amet et dolore qui laborum autem temporibus voluptatem. Modi deserunt quo amet nisi inventore sit. Nam similique consequatur sapiente et eum vitae facilis dolore. Quam sint soluta atque et quae quis. Qui ipsam rerum est et autem recusandae cum provident. Doloribus explicabo dicta ad et dignissimos omnis id. Facere ratione reprehenderit qui ut nulla nostrum.', 'https://images-na.ssl-images-amazon.com/images/I/81Z5oMQHqaL.jpg', 'Jailyn Wilkinson'),
(178, 10, 'suscipit totam facere', 'Nobis officia corporis quo corrupti architecto voluptas doloribus. Doloribus in at cum earum commodi necessitatibus. Sit deleniti illo ex totam est. Error accusantium voluptatem corporis ipsa eligendi maxime error. Est ut quaerat ipsa earum et. Quod quos optio aut qui aut doloremque sed. Quis magni facere et fuga. Eius nesciunt eos esse dolor sed mollitia a inventore. Necessitatibus sed sit est nisi quaerat modi blanditiis. Iusto tempore dolorem hic sint dolorem.', 'https://images-na.ssl-images-amazon.com/images/I/71FH4o9mO3S.jpg', 'Jimmie Langworth');
INSERT INTO `manga` (`id`, `category_id`, `name`, `description`, `picture`, `author`) VALUES
(179, 7, 'non', 'Quae laboriosam consequatur ipsum exercitationem et magnam amet. Autem rerum distinctio suscipit quibusdam. In enim debitis qui placeat voluptatem. Dolorum iure omnis recusandae a consequatur quas. Sed minima culpa ab nisi quo excepturi tenetur. Delectus vel explicabo qui exercitationem repudiandae cupiditate et tempore. Laborum sed quis molestiae eum. Eum quod architecto tempore delectus. In ducimus exercitationem distinctio rerum natus occaecati sed. Incidunt praesentium quam autem itaque quas dolores explicabo. Voluptas iure cupiditate et nemo.', 'https://images-na.ssl-images-amazon.com/images/I/71iPhxzPaoL.jpg', 'Efrain Beier'),
(180, 9, 'numquam velit debitis id', 'Qui dolorem explicabo in est nobis modi. Fuga adipisci dolores illo eius et. Velit aut non dignissimos odit ut similique atque. Illo sit quae saepe. Possimus numquam omnis id. Consequuntur soluta laboriosam numquam ducimus id. Soluta et blanditiis id est aliquid ea maxime voluptas. Sapiente culpa voluptas laboriosam harum sunt officia illo. Animi rem libero id dignissimos. Minus aut ullam et in. Et aut distinctio ipsa nihil in quibusdam quia. Laudantium harum ex voluptatem magnam.', 'https://images-na.ssl-images-amazon.com/images/I/91a19RuprqL.jpg', 'Aron Hane'),
(181, 10, 'sit', 'Quia sit modi minima aliquam molestias aut. Ut harum provident qui dolore aut consectetur. Et aut rerum inventore. Consectetur ratione et accusamus voluptatem quos atque in. Qui vitae ad quis quia reiciendis. Quas ea dicta quo et sequi qui et. Et nihil sit dolores sunt. Enim ipsam asperiores eum assumenda. Occaecati laudantium omnis quae enim est magnam quia. Voluptas autem voluptates vel et exercitationem illum labore. Aspernatur omnis neque officia quis.', 'https://www.gbposters.com/media/catalog/product/cache/2/image/9df78eab33525d08d6e5fb8d27136e95/f/a/fairy-tail-quad-maxi-poster-1.133.jpg', 'Audra Nienow'),
(182, 10, 'animi animi', 'Quia non sed eos eveniet quia aspernatur. Saepe consequatur mollitia dolores voluptate facilis aut dolores. Quis dolorem perspiciatis sapiente fuga. Accusantium alias ex ea et voluptatem ea doloremque. Eos est quos voluptatem mollitia. Cumque sed rem delectus voluptate. Non quae sapiente excepturi et repudiandae. Id et consectetur vero nostrum qui consectetur error. Ex et ut est earum cum ex. Qui nemo rem et velit cumque. Et quibusdam eveniet nemo in omnis ratione porro repellat. Non temporibus illo fuga. Voluptate perferendis dignissimos voluptates sint reiciendis.', 'https://m.media-amazon.com/images/I/81zUMXGbNGL._AC_SL1500_.jpg', 'Trent Parisian'),
(183, 9, 'perspiciatis dolorum minima', 'Beatae necessitatibus distinctio velit sit. A magni autem non ducimus soluta maiores rerum. Voluptatem id eum accusamus et hic enim eligendi qui. Non id dolores quo eligendi ratione libero consectetur deleniti. Sapiente quasi eos nemo similique quia sunt quibusdam. Optio officiis cupiditate cumque iure. Perspiciatis cumque natus a dolorem. Itaque et fugit ad aperiam eos ut. Molestias qui dolor perspiciatis. Asperiores impedit eveniet incidunt omnis. Accusantium quo est doloremque deleniti placeat ab ut. Inventore voluptates aliquam rerum iste ut.', 'https://fr.web.img5.acsta.net/pictures/21/02/16/12/45/5319199.jpg', 'Estefania Crooks'),
(184, 8, 'in ut nesciunt', 'Laudantium occaecati nesciunt eveniet mollitia pariatur provident. Veniam eveniet voluptates voluptas totam necessitatibus reprehenderit. Cupiditate sit quidem natus quod consequatur. Veritatis enim molestiae nostrum incidunt quis et. Incidunt veniam quos culpa quibusdam amet omnis aperiam. Facere minus unde doloribus velit tempora laboriosam ratione fugiat. Illum cum qui autem impedit accusamus debitis. Illo itaque labore qui aut est sit.', 'https://images-na.ssl-images-amazon.com/images/I/91xNW4qPPfL.jpg', 'Virginie Harvey'),
(185, 8, 'consequatur autem', 'Quis ab et exercitationem eos cumque totam vel. Autem omnis deserunt blanditiis cum. Totam iste et cumque tenetur. Eius similique iusto quas voluptas quae et. Consequuntur omnis sapiente accusantium consequatur. Suscipit labore ipsa illo alias reiciendis facilis. Et ut sint ea occaecati expedita quas. Non iste perspiciatis dolorum assumenda blanditiis ratione alias. Autem voluptatem sint sed ad totam rerum fugit. Porro deleniti maiores quos laudantium. Tempore quis distinctio eos doloribus. Culpa veritatis et ipsam voluptate odio aut possimus. Delectus corporis aspernatur dolores vel libero.', 'https://images-na.ssl-images-amazon.com/images/I/91a19RuprqL.jpg', 'Dewitt Gorczany'),
(186, 10, 'provident enim sed error', 'Tempora ipsum eligendi dolores quia dolorum. Ipsum exercitationem a at culpa et excepturi. Libero similique nemo adipisci aut occaecati numquam delectus blanditiis. Debitis est non repellat dolorem nihil dolor sit. Qui labore dolorum id optio rerum. Ipsum debitis accusamus cum. Consequatur tempora alias dolore est ipsum. Ex maiores quia est sed. Consequatur odio consequatur dolore repellendus. Et quos natus doloremque tempora fugit nihil.', 'https://www.pika.fr/sites/default/files/images/livres/couv/9782811607135-T.jpg', 'Erling Beer'),
(187, 9, 'ea doloribus mollitia', 'Sit eos et voluptas sed aut aut. Quia quae tenetur est et. Doloribus beatae molestiae voluptas qui. Eius molestiae odit ipsum. Et omnis recusandae iure optio dolor quisquam. Itaque accusantium placeat qui. Ad sed doloremque accusamus aut quia. Vel fugit pariatur in aspernatur fuga unde. Quia dolor doloremque aut quia repudiandae quos impedit. Repellendus quis ipsum adipisci excepturi nihil. Quibusdam et voluptas eaque magni qui neque et. Odio explicabo a sed recusandae aliquid omnis laudantium. Autem dolor dolorem alias iste.', 'https://www.pika.fr/sites/default/files/images/livres/couv/9782811607135-T.jpg', 'Jaylen Armstrong'),
(188, 10, 'unde dolorem eveniet rerum', 'Est officia nulla molestiae cupiditate itaque facere. Enim non iste perspiciatis corrupti. Voluptatem consectetur hic reiciendis aut eos. Sunt corporis eos quis velit fuga inventore dolor. Optio eum possimus pariatur aut. Quod voluptatem et consequatur minima quas. Atque aliquid sapiente impedit beatae laudantium cumque. Officiis aperiam dolorem ullam delectus nemo. Quo fugit necessitatibus perferendis velit dignissimos voluptatum quo. Sed pariatur ipsa quos fuga voluptatem totam.', 'https://images-na.ssl-images-amazon.com/images/I/71iPhxzPaoL.jpg', 'Ofelia Heathcote'),
(189, 8, 'nesciunt', 'Sit quibusdam ab vero laborum et vel placeat ut. Tempore aut dignissimos voluptatum at molestiae inventore. Iure quo voluptatem ut ea. Dolorum quibusdam voluptatem vero. Dolor suscipit earum rerum at. Veritatis voluptatem similique cupiditate. Non nisi cumque et velit dolores sit dolores. Ipsam voluptate sequi est sit impedit corporis. Nobis autem debitis aliquid quas. Cupiditate culpa rerum quaerat eum. Molestiae ea doloribus reiciendis nisi voluptatem eaque est. Nobis dicta esse labore est. Non eos consequatur facere iusto quae. Possimus illum dolor omnis vel tempore.', 'https://images-na.ssl-images-amazon.com/images/I/91OuigKWs+L.jpg', 'Tony Cruickshank'),
(190, 8, 'voluptatem qui suscipit', 'Excepturi praesentium eos aspernatur consequatur. Praesentium eius ipsa sed labore laboriosam consequuntur. Voluptas voluptatem est tenetur vel. Porro id corporis et et hic. Deserunt mollitia dolor nostrum vel possimus. Architecto ea odit iste quo est. Velit aut blanditiis nihil eos et quae assumenda magni. Consequuntur ipsa est consequatur quo. Incidunt exercitationem in ea incidunt quasi non magnam. Sit cum vero fugit beatae velit ipsum expedita magni. Mollitia temporibus ab perspiciatis fugit accusantium.', 'https://images-na.ssl-images-amazon.com/images/I/91xNW4qPPfL.jpg', 'Ariel Nader'),
(191, 7, 'ipsam modi nobis rerum', 'Sequi quis id perspiciatis est quod sed facere. Quia delectus non voluptatem ut magnam magni enim. Ex ratione id nemo omnis quis. Magnam numquam veniam ratione sint sed repellat. Est non est dolorem repellat deserunt odit accusamus. Inventore quas incidunt nisi enim. Et nemo dolores inventore temporibus. Veritatis sunt minima culpa amet. Magnam qui dolorum saepe blanditiis distinctio deserunt aut sapiente. Et repudiandae et eaque nisi optio dolore. Aut aliquam omnis qui mollitia pariatur facilis. Quia totam nulla et dolor excepturi quaerat. Id sequi aut illum et sunt.', 'https://fr.web.img5.acsta.net/pictures/21/02/16/12/45/5319199.jpg', 'Korey Upton'),
(192, 9, 'consequatur', 'Eum qui unde nam. Reiciendis aspernatur dicta nam sunt odio. Numquam nesciunt nobis quia aut. Et et voluptatibus rem reiciendis hic voluptatem quis modi. Ratione voluptatum sit cupiditate consequatur et tempora quod. Vitae quod nesciunt corrupti accusantium iste et recusandae nihil. Voluptas accusantium rerum in quod ut saepe ut. Adipisci iusto voluptatibus consequatur amet eos. Illo corrupti in eius doloribus. Adipisci optio impedit rerum nam quaerat. Commodi est quibusdam provident quia delectus deleniti consequuntur. Sint facilis non aut.', 'https://images-na.ssl-images-amazon.com/images/I/81H14PAKlPL.jpg', 'Petra Bradtke'),
(193, 7, 'consequuntur sunt tenetur non', 'Ut voluptates sit non voluptatum exercitationem sunt. Natus beatae aperiam sit quae qui. Ut voluptate voluptatem expedita dicta molestiae. Ut quisquam voluptas quis nisi. Ipsa ut rerum est tempora. Vel enim labore nemo repellat ut est. Rem sequi hic quia quia quidem eum. Et repellat officia voluptatibus ex fugit. Officia possimus cum saepe qui qui voluptates minima. Et reiciendis blanditiis assumenda rerum et. Nulla qui ratione mollitia quaerat sunt ex harum. Impedit delectus eos est aut quae. Molestias ea qui nostrum aut dignissimos. Ducimus velit perspiciatis quos voluptas dolore est omnis.', 'https://images-na.ssl-images-amazon.com/images/I/918Ai9a893L.jpg', 'Lela Jaskolski'),
(194, 10, 'iure perspiciatis molestiae et', 'Aspernatur distinctio voluptas autem excepturi natus officia. Sit pariatur laudantium qui aut neque. Et qui cumque labore animi vero eveniet officia cupiditate. Incidunt tempora molestiae autem commodi in. Praesentium at quasi molestiae adipisci magni culpa eum. Dolore repudiandae ducimus consequatur qui incidunt ut laborum. Quasi tenetur voluptas aperiam aut doloremque quo quia. Velit aliquam et sit quia qui. Voluptas debitis ut perferendis rerum dolor eius eos magnam. Et soluta minima amet et. Consequuntur est dolor corrupti eum ut quam sequi. Suscipit odio quaerat ad est ab quasi ducimus.', 'https://images-na.ssl-images-amazon.com/images/I/91hcXocudXL.jpg', 'Lacey Sipes'),
(195, 9, 'quis totam qui', 'Et voluptates quo saepe. Id et cum omnis magni quaerat vel deserunt. Vel dolores sed asperiores aut. Vel et repudiandae aliquid est. Vel veritatis iste autem odio ad ut. Voluptatem sed quo ut aut voluptatem modi sit. Iusto aliquid quaerat enim accusamus et officia rerum. Ea illo et sed sapiente tenetur similique. Suscipit ducimus aut quibusdam nam. Qui officiis libero amet ut. Magnam id dolore vel eum qui omnis dolor. Porro non excepturi quidem aut labore sed veniam aut. Repudiandae ipsam dignissimos sit consequuntur maiores numquam. Ut saepe aliquid ratione id.', 'https://images-na.ssl-images-amazon.com/images/I/71V1kRB2fTL.jpg', 'Emely Hettinger'),
(196, 9, 'impedit', 'Totam consequatur consectetur deleniti corporis repudiandae aliquam. Quidem quidem inventore dolores quas in. Laboriosam provident eaque praesentium non. Natus esse soluta temporibus tempora id. Incidunt nam velit occaecati et voluptate repellendus. Voluptates rerum ut nostrum voluptatem sed voluptatum cumque. Velit rerum saepe enim blanditiis laudantium. Asperiores sequi possimus incidunt qui quo facilis rerum quam. Occaecati voluptatem possimus est. Natus inventore et accusamus voluptas. Iste distinctio aut tempore. Quaerat quis excepturi quia qui suscipit vel.', 'https://images-na.ssl-images-amazon.com/images/I/91yiBtD0imL.jpg', 'Juana Parker'),
(197, 10, 'ut necessitatibus', 'Facilis nihil ea quia numquam numquam. Ut enim omnis deleniti eligendi iste quia. Aliquam est doloremque pariatur rem eaque perferendis. Fugiat modi incidunt aut placeat ab. Non sit quas vero perferendis id natus. Aut eum expedita maxime eum vitae provident quidem qui. In ut aliquid reiciendis earum optio eos aspernatur. Sunt sunt dolorem quo cumque. Voluptatem voluptatibus ea id excepturi dignissimos unde. Enim aut voluptatem in minima est. Ad alias facere et eveniet aliquid culpa eveniet. Consequatur ut sint est nemo odit ratione debitis.', 'https://images-na.ssl-images-amazon.com/images/I/81H14PAKlPL.jpg', 'Gloria Fay'),
(198, 7, 'autem quia', 'Molestias deserunt dicta exercitationem at doloribus. Consectetur architecto et eum. Velit ea dolores eaque iure nulla amet. Ea aliquam voluptatem earum error quibusdam. Aut sapiente aliquam aut et odio illum enim. Saepe qui distinctio maiores eveniet tempore qui. Enim totam est eligendi voluptate. Minima quo ut cum nemo. Quam in dolor eaque. Quasi cum omnis esse. Et aspernatur nesciunt aut reiciendis commodi amet ut dolorem. Sit mollitia commodi culpa voluptatem esse. Necessitatibus placeat consectetur qui voluptate aut aperiam eius. Rem adipisci nulla autem rerum. Dolorum et a omnis at qui.', 'https://www.pika.fr/sites/default/files/images/livres/couv/9782811607135-T.jpg', 'Jovani Morissette'),
(199, 10, 'illo', 'Rerum corrupti commodi autem veniam. Aspernatur voluptas at eius qui. Dolorum qui minima neque veritatis eveniet necessitatibus omnis fugiat. Ut earum iure dicta aperiam illum. Itaque unde dolore atque saepe autem. Voluptate aut culpa quia ut sit odit. Ipsum est totam delectus occaecati ea earum dignissimos nesciunt. Temporibus non sint sunt nihil expedita natus. Quas cupiditate reprehenderit voluptatem eum et sed. Illum eos similique quisquam maxime. Nesciunt sint dignissimos ad nisi ipsa.', 'https://m.media-amazon.com/images/I/81zUMXGbNGL._AC_SL1500_.jpg', 'Eula Gerhold'),
(200, 10, 'exercitationem doloribus', 'Ut qui nobis culpa. Recusandae maxime aut dolor enim beatae vitae et. Nemo doloremque autem a voluptas unde. Minus ut quam eum sunt. Voluptatum quasi accusantium voluptatem praesentium expedita corporis. Voluptas beatae hic autem est esse consequatur. Consequuntur ut animi voluptatum nisi. Dicta error dolore repellat deserunt perferendis. Soluta sed sequi laudantium consequatur corrupti. Animi omnis est magni voluptate aut molestiae est. Ipsam ea rerum qui dolore necessitatibus. Est at commodi et accusantium eum. Aut veritatis quos id. Sed accusamus et vitae vitae dignissimos quaerat nihil.', 'https://images-na.ssl-images-amazon.com/images/I/81dfhgbb2qL.jpg', 'Kale Gottlieb');

-- --------------------------------------------------------

--
-- Structure de la table `manga_category`
--

CREATE TABLE `manga_category` (
  `id` int(11) NOT NULL,
  `name` varchar(50) COLLATE utf8mb4_unicode_ci NOT NULL
) ENGINE=InnoDB DEFAULT CHARSET=utf8mb4 COLLATE=utf8mb4_unicode_ci;

--
-- Déchargement des données de la table `manga_category`
--

INSERT INTO `manga_category` (`id`, `name`) VALUES
(6, 'Kodomo'),
(7, 'Shonen'),
(8, 'Shojo'),
(9, 'Seinen'),
(10, 'Josei');

-- --------------------------------------------------------

--
-- Structure de la table `place`
--

CREATE TABLE `place` (
  `id` int(11) NOT NULL,
  `name` varchar(50) COLLATE utf8mb4_unicode_ci NOT NULL,
  `street` varchar(120) COLLATE utf8mb4_unicode_ci NOT NULL,
  `zipcode` varchar(12) COLLATE utf8mb4_unicode_ci NOT NULL,
  `city` varchar(60) COLLATE utf8mb4_unicode_ci NOT NULL,
  `country` varchar(50) COLLATE utf8mb4_unicode_ci NOT NULL
) ENGINE=InnoDB DEFAULT CHARSET=utf8mb4 COLLATE=utf8mb4_unicode_ci;

--
-- Déchargement des données de la table `place`
--

INSERT INTO `place` (`id`, `name`, `street`, `zipcode`, `city`, `country`) VALUES
(101, 'Jacques SA', '59, chemin Laroche', '93 500', 'Royer-sur-Mer', 'France'),
(102, 'Bouchet', '5, boulevard Joséphine Gallet', '21 624', 'Marie', 'France'),
(103, 'Gauthier Fleury SARL', 'boulevard de Camus', '84546', 'Duhamelnec', 'France'),
(104, 'Hebert Ollivier SARL', '97, impasse Charles', '35482', 'Barbier-la-Forêt', 'France'),
(105, 'Michaud SARL', 'impasse Paris', '92797', 'Laine-sur-Bouvet', 'France'),
(106, 'Berthelot Garcia S.A.R.L.', '53, place de Perrin', '64700', 'Gilbert-sur-Mer', 'France'),
(107, 'Descamps', '27, avenue Lucy Maillard', '41059', 'Barthelemy', 'France'),
(108, 'Vincent S.A.R.L.', '30, rue Dupre', '77317', 'Allain', 'France'),
(109, 'Fouquet', '69, avenue de Aubry', '15 954', 'CousinVille', 'France'),
(110, 'Lecomte', '917, place Delannoy', '23225', 'Colas-sur-Delahaye', 'France'),
(111, 'Gaudin', '8, rue Michelle Muller', '35 253', 'AdamVille', 'France'),
(112, 'Martin S.A.R.L.', '479, avenue de Renault', '92159', 'Riou', 'France'),
(113, 'Baron', '1, impasse Le Roux', '83001', 'Rousseaudan', 'France'),
(114, 'Lecomte', '4, impasse Guilbert', '49 195', 'Muller-sur-Faivre', 'France'),
(115, 'Michaud S.A.R.L.', '89, boulevard de Gilbert', '24448', 'Charpentier', 'France'),
(116, 'Garcia S.A.S.', 'chemin Sophie Perrot', '10 464', 'Louis-sur-Chauveau', 'France'),
(117, 'Techer SAS', '4, boulevard Éric Merle', '90 804', 'Lebon-sur-Mer', 'France'),
(118, 'Ruiz Martineau SA', '3, impasse de Costa', '78365', 'Perezboeuf', 'France'),
(119, 'Collin Lombard S.A.S.', '17, impasse Laroche', '50 312', 'MartinezVille', 'France'),
(120, 'Valentin SAS', '3, rue de Diallo', '62633', 'Da Silva', 'France'),
(121, 'Fischer Humbert et Fils', '2, boulevard de Lemoine', '04506', 'Moulin-sur-Morel', 'France'),
(122, 'Coulon', 'chemin de Normand', '69 332', 'Mailletnec', 'France'),
(123, 'Lemaire et Fils', '708, rue de Moreau', '33031', 'Ollivier', 'France'),
(124, 'Poulain', '2, rue Geneviève Maillot', '38189', 'Guyon-la-Forêt', 'France'),
(125, 'Bousquet Fernandez S.A.S.', '145, avenue Victor Rodrigues', '50 309', 'LelievreVille', 'France'),
(126, 'Pichon SA', '33, impasse de Diaz', '21250', 'Bourdon', 'France'),
(127, 'Hernandez', '5, avenue Maillet', '70354', 'Guerindan', 'France'),
(128, 'Guilbert SARL', 'rue Théophile Delmas', '50569', 'Bruneau-sur-Prevost', 'France'),
(129, 'Couturier S.A.R.L.', '555, rue Hubert', '58479', 'Lopez-sur-Lucas', 'France'),
(130, 'Couturier', '12, boulevard Augustin Ollivier', '53 129', 'LebrunBourg', 'France'),
(131, 'Meunier', '85, boulevard Gilbert Courtois', '83 422', 'Rolland', 'France'),
(132, 'Laporte', '8, place Bouvet', '76836', 'Deschamps', 'France'),
(133, 'Besson SAS', 'impasse Grenier', '41 470', 'Bonnin-sur-Couturier', 'France'),
(134, 'Lamy Coulon SAS', '64, rue de Charpentier', '36215', 'Pineau-les-Bains', 'France'),
(135, 'Bruneau', '702, avenue Faivre', '00 399', 'Simonnec', 'France'),
(136, 'Breton', '91, place Gabrielle Ferreira', '41521', 'Simon', 'France'),
(137, 'David', '3, place de Roussel', '97579', 'Foucher', 'France'),
(138, 'Blanchet', '83, chemin Diaz', '98 876', 'Lambert', 'France'),
(139, 'Guerin Foucher SAS', '54, boulevard de Diaz', '30438', 'Martin', 'France'),
(140, 'Hoarau', '58, rue Leroux', '92606', 'Simon', 'France'),
(141, 'Ferrand Salmon SA', '555, rue Ribeiro', '16046', 'Diaz', 'France'),
(142, 'Benoit Mathieu SARL', '241, rue Alfred Maillet', '11 376', 'Coulon', 'France'),
(143, 'Gerard', '57, place Chauvet', '62 450', 'MorenoBourg', 'France'),
(144, 'Bailly S.A.', '207, rue de Daniel', '76 900', 'Leleu', 'France'),
(145, 'Dumont Rossi SA', '9, rue Margaud Texier', '93923', 'Rousset', 'France'),
(146, 'Colas SA', '40, avenue de Dupont', '09 579', 'Lucas', 'France'),
(147, 'Marin', 'avenue de Vaillant', '89503', 'Lopesdan', 'France'),
(148, 'Legros Blot S.A.R.L.', '7, avenue Legros', '77908', 'Gillesnec', 'France'),
(149, 'Albert S.A.', '69, chemin Joubert', '21 549', 'Thibault', 'France'),
(150, 'Rossi', '60, chemin Lambert', '55269', 'Guibert', 'France'),
(151, 'Dias', '181, rue Nathalie Ferrand', '24681', 'Gomez', 'France'),
(152, 'Aubry', '5, impasse Guichard', '19 664', 'Gomez', 'France'),
(153, 'Berthelot SARL', '63, boulevard Anastasie Gomez', '33 491', 'Delahaye', 'France'),
(154, 'Andre Chartier S.A.', '51, place de Sanchez', '84 144', 'Jacob', 'France'),
(155, 'Guillet', 'avenue Margaret Evrard', '27774', 'Gilletnec', 'France'),
(156, 'Delahaye', '22, rue Marques', '38429', 'Royer', 'France'),
(157, 'Gimenez Lejeune S.A.R.L.', 'rue Gaudin', '98 480', 'Chevalier-la-Forêt', 'France'),
(158, 'Lucas', '28, place de Lebon', '82 570', 'Labbe', 'France'),
(159, 'Pages et Fils', '20, rue Paulette Le Gall', '19260', 'Samson', 'France'),
(160, 'Gay SARL', '88, place Eugène Peron', '60 997', 'Valentin-sur-Gros', 'France'),
(161, 'Hebert', '70, rue Margaud Lelievre', '76 523', 'Le GoffVille', 'France'),
(162, 'Valentin', 'place Philippe', '34942', 'Delahaye-la-Forêt', 'France'),
(163, 'Gregoire', '85, avenue de Duval', '66 508', 'Didier-sur-Brun', 'France'),
(164, 'Morvan', 'rue Fernandez', '89775', 'Le Goff-sur-Merle', 'France'),
(165, 'Perret Roussel SA', '96, chemin Pascal', '95 093', 'Barthelemydan', 'France'),
(166, 'Joubert Pelletier et Fils', '2, place Fabre', '30767', 'Monnier-sur-Berthelot', 'France'),
(167, 'Cohen SA', '464, rue de Ollivier', '02504', 'Lenoir', 'France'),
(168, 'Maury S.A.S.', 'avenue Frédéric Perret', '94282', 'Olivier-sur-Mer', 'France'),
(169, 'Blanchard', '24, rue Ollivier', '10 678', 'CouturierVille', 'France'),
(170, 'Da Silva', '32, avenue de Guerin', '91506', 'Riouboeuf', 'France'),
(171, 'Neveu et Fils', '9, rue de Fischer', '13 472', 'Paul', 'France'),
(172, 'Perez', 'rue Barre', '99 951', 'Boutin', 'France'),
(173, 'Mace S.A.S.', 'boulevard Clémence Cordier', '41142', 'Lopez', 'France'),
(174, 'Blanchet', '90, impasse Caroline Lelievre', '03393', 'Turpin', 'France'),
(175, 'Gimenez et Fils', 'rue Michelle Pottier', '62 855', 'Herve', 'France'),
(176, 'Richard', '2, avenue Charles Reynaud', '31913', 'Vasseur-sur-Merle', 'France'),
(177, 'Pruvost', '17, rue de Pelletier', '40078', 'Deschamps-la-Forêt', 'France'),
(178, 'Bousquet Diaz S.A.', 'chemin Léon Gauthier', '93 038', 'Remy', 'France'),
(179, 'Blondel', '59, boulevard Susan Gallet', '98 296', 'Guillon', 'France'),
(180, 'Bernard Pineau S.A.S.', '287, impasse de Delorme', '58926', 'Roger', 'France'),
(181, 'Faivre S.A.R.L.', '20, boulevard François Lucas', '23 683', 'Dupont-la-Forêt', 'France'),
(182, 'Fleury', '32, impasse Benoît Torres', '29696', 'HernandezBourg', 'France'),
(183, 'Labbe Blin et Fils', '9, avenue Camille Blot', '83670', 'Imbert', 'France'),
(184, 'Laroche S.A.S.', '778, rue Charles Leconte', '54 669', 'Bodin', 'France'),
(185, 'Prevost', 'rue Élisabeth Salmon', '71 946', 'Garnier', 'France'),
(186, 'Gautier SARL', '302, impasse Benjamin Perez', '87 350', 'Jacques-la-Forêt', 'France'),
(187, 'Arnaud', '41, place de Mary', '93925', 'Antoineboeuf', 'France'),
(188, 'Laine SA', '79, rue Stéphane Paul', '39 598', 'Lenoir', 'France'),
(189, 'Masson S.A.', '81, chemin de Brunet', '09326', 'Giraudnec', 'France'),
(190, 'Martineau Boutin SARL', '90, rue de Pottier', '58814', 'Dumasnec', 'France'),
(191, 'Fernandes', '56, chemin de Gerard', '62617', 'Lelievreboeuf', 'France'),
(192, 'Paul', '33, chemin de Benoit', '06 305', 'Tessier', 'France'),
(193, 'Turpin Renaud SA', '76, impasse de Martineau', '29 457', 'PoirierVille', 'France'),
(194, 'Leblanc', '71, avenue Dijoux', '48593', 'Guichard', 'France'),
(195, 'Bailly', '896, rue de Mallet', '06352', 'Delattre', 'France'),
(196, 'Marion SARL', '12, chemin de Richard', '64919', 'Cordierdan', 'France'),
(197, 'Lemoine', '4, rue de Boucher', '54969', 'Humbert', 'France'),
(198, 'Jean Couturier SAS', 'chemin de Thomas', '55 335', 'Gilles-la-Forêt', 'France'),
(199, 'Mallet et Fils', '7, impasse Regnier', '09 121', 'Grenier-sur-Maillot', 'France'),
(200, 'Samson et Fils', '26, boulevard Torres', '09989', 'Coulondan', 'France');

-- --------------------------------------------------------

--
-- Structure de la table `platform`
--

CREATE TABLE `platform` (
  `id` int(11) NOT NULL,
  `name` varchar(50) COLLATE utf8mb4_unicode_ci NOT NULL
) ENGINE=InnoDB DEFAULT CHARSET=utf8mb4 COLLATE=utf8mb4_unicode_ci;

--
-- Déchargement des données de la table `platform`
--

INSERT INTO `platform` (`id`, `name`) VALUES
(10, 'Playstation 4'),
(11, 'Playstation 5'),
(12, 'Xbox One'),
(13, 'Xbox Series'),
(14, 'Nintendo Switch'),
(15, 'PC'),
(16, 'MAC'),
(17, 'Stadia'),
(18, 'Wii U');

-- --------------------------------------------------------

--
-- Structure de la table `user`
--

CREATE TABLE `user` (
  `id` int(11) NOT NULL,
  `profile_id` int(11) DEFAULT NULL,
  `level_id` int(11) DEFAULT NULL,
  `picture_id` int(11) NOT NULL,
  `email` varchar(180) COLLATE utf8mb4_unicode_ci NOT NULL,
  `roles` json NOT NULL,
  `password` varchar(255) COLLATE utf8mb4_unicode_ci NOT NULL,
  `username` varchar(50) COLLATE utf8mb4_unicode_ci NOT NULL,
  `birthdate` date NOT NULL,
  `city` varchar(60) COLLATE utf8mb4_unicode_ci NOT NULL
) ENGINE=InnoDB DEFAULT CHARSET=utf8mb4 COLLATE=utf8mb4_unicode_ci;

--
-- Déchargement des données de la table `user`
--

INSERT INTO `user` (`id`, `profile_id`, `level_id`, `picture_id`, `email`, `roles`, `password`, `username`, `birthdate`, `city`) VALUES
(1, 6, 7, 27, 'bgillet@dbmail.com', '[\"ROLE_USER\"]', '$2y$10$mBkZUXun3twdyUKnr8BzXuzewX3eE.eMufjcWxav3qoLYth7/77qO', 'levy.thierry', '1991-10-29', 'BlanchetBourg'),
(2, 7, 8, 23, 'bernard.delattre@noos.fr', '[\"ROLE_USER\"]', '$2y$10$wBrhVdh.BNCTBh0ugq4B..pWW4b7BVV0C6B4ZQsLLkh.uUjxhKbEK', 'olivier.baron', '1964-05-02', 'Herve'),
(3, 8, NULL, 29, 'fjoubert@pires.com', '[\"ROLE_USER\"]', '$2y$10$ieyxAuPf5TmffQFyjfiTsOuI2xgJ/Bfw3.paT2cI/iC9uPVldMq/K', 'andree.ramos', '1986-04-02', 'Gillet'),
(4, 7, 8, 41, 'valentine62@orange.fr', '[\"ROLE_USER\"]', '$2y$10$VUwxMSvKQFmJuF1YjNnxtudTJy3EhZ1rY4ILjuJ0FgXy818qMNh32', 'philippine.giraud', '1977-03-28', 'Peron-la-Forêt'),
(5, NULL, 9, 33, 'pasquier.eric@hotmail.fr', '[\"ROLE_USER\"]', '$2y$10$rCkjOxjZh1sXCeenf1KBnusDDujWRDKHqLKLGpbJzvDVgJzJz5qN.', 'hweiss', '1976-10-27', 'BoulayVille'),
(6, 7, NULL, 37, 'patricia79@live.com', '[\"ROLE_USER\"]', '$2y$10$RbqDbY9qMFktdN5lrEXYUu5c7rsOOG1.nW0YyBJ5sxNwM/8AHcKAu', 'luc.descamps', '1997-10-24', 'Lamy-les-Bains'),
(7, 8, 8, 27, 'franck79@live.com', '[\"ROLE_USER\"]', '$2y$10$glv8acVq1qqiECxmZh6UNuyUovVPBH17/2tI0RNeDXEKrf.BEDo.y', 'lebrun.theodore', '1976-03-20', 'Riou'),
(8, 6, 7, 34, 'huet.olivier@orange.fr', '[\"ROLE_USER\"]', '$2y$10$3HD.GFaHBMP3VHV29vQlPOFiqqImfte43YfNghTlW0dkg0cTicTLi', 'guy89', '1966-04-26', 'Michaud'),
(9, 6, NULL, 23, 'margot.raymond@grondin.net', '[\"ROLE_USER\"]', '$2y$10$vK.FZ.3uf0kRlcLdVVMYf.R3GeQa3yDiR3xPK8Dtzuvl3.wC83Zbi', 'rocher.leon', '2007-08-31', 'Couturiernec'),
(10, NULL, 8, 29, 'moreno.odette@sfr.fr', '[\"ROLE_USER\"]', '$2y$10$wm/RgsTPrO0lmAjMpdRLVeV4jxKEKqcDRuFaQjbhdRE6nRM2Kzb46', 'astrid.monnier', '2004-04-25', 'Peltier'),
(11, 8, 7, 42, 'guillaume.camus@yahoo.fr', '[\"ROLE_USER\"]', '$2y$10$rEpkDDQSEF3AQQcj.DW/deouG.YT64vwoB9rjSiZHA5CGl719XtKy', 'jean.teixeira', '1975-04-02', 'Joubert-la-Forêt'),
(12, 8, NULL, 33, 'salmon.richard@free.fr', '[\"ROLE_USER\"]', '$2y$10$QO4RgNaOyUHEkgzlWhgITujPXjvvPBhMjibbp.NQSAWo499kLQ6se', 'rene.lenoir', '1967-01-30', 'Maillotboeuf'),
(13, 8, 9, 33, 'eugene37@bailly.com', '[\"ROLE_USER\"]', '$2y$10$QLqAjUZr.qNDlH1V0eZmdeW/.bgS2d2IgJRL8AT770CQ2n0YaA9zu', 'tristan47', '2007-10-18', 'Gregoire'),
(14, 8, 8, 37, 'andre.hoareau@lejeune.com', '[\"ROLE_USER\"]', '$2y$10$BmKjj2rliZsWUGMkgudhJucNWJV2gyhFezymi639281bvCo.CVF.C', 'wrocher', '1991-08-23', 'Colas-sur-Mer'),
(15, NULL, NULL, 40, 'kbegue@tele2.fr', '[\"ROLE_USER\"]', '$2y$10$wlwcLuiav/vIp4zpeCy63eW5f9RzufkOkLFmeelz93ZVWpVElakVG', 'capucine06', '1974-08-21', 'Brunboeuf'),
(16, 8, 9, 41, 'tristan.leger@laposte.net', '[\"ROLE_USER\"]', '$2y$10$TwUXOhxCMtTmWvvDOlAQ5ugaWolv4wCt7KPzZQhkKITMr64/G1mmq', 'maurice17', '1976-05-03', 'Lambert'),
(17, 7, 7, 34, 'antoinette29@petit.org', '[\"ROLE_USER\"]', '$2y$10$BVTQVyWLWzLPLFSevmUvhOVrZ4NZFgOPRGgjNU2957XxZsH4I/lmy', 'thierry55', '2001-10-05', 'Ferrandnec'),
(18, 7, NULL, 32, 'hchevallier@boutin.com', '[\"ROLE_USER\"]', '$2y$10$j4OSqPHiAwiOwIkH1ss1Auxp9BZOOiJlRIUwsNy/zdIA7HKlmK8uO', 'andre85', '1987-12-21', 'PetitjeanBourg'),
(19, 7, 10, 34, 'zacharie48@tele2.fr', '[\"ROLE_USER\"]', '$2y$10$qf5kdGQqrMK43mFnAn26X.94jG150dG8RzslzBRPrhDHIno0nwmAK', 'yves22', '1963-08-09', 'Blanchard-les-Bains'),
(20, NULL, 10, 35, 'duval.marie@breton.com', '[\"ROLE_USER\"]', '$2y$10$kvKGvn0Nd.UoVSJz1P/PUumfbiEqUMOEZjl.ro4FkcHlpYfxperHm', 'gregoire19', '2008-09-11', 'Guillaume'),
(21, 7, NULL, 27, 'adelaide.pelletier@wanadoo.fr', '[\"ROLE_USER\"]', '$2y$10$KPIPpOx045su0m9eXdelB.RgLm962j9BTdCp8WxLsB.Iwz.39/MGm', 'barthelemy.colette', '1988-01-01', 'Lesageboeuf'),
(22, 6, 9, 41, 'ubecker@gmail.com', '[\"ROLE_USER\"]', '$2y$10$Opk8USmoWnHT0a9MCBns/.FvOBngEC/1VFMETFhlQSLIqyuVa6z/W', 'alexandre03', '1983-02-01', 'Maillot'),
(23, 7, 7, 32, 'chauveau.marianne@hotmail.fr', '[\"ROLE_USER\"]', '$2y$10$6v3afh1g5ewAO5Zjs7dSdu8xmbYf3vteZcXKm3jdqZPBMqT9VFaKa', 'eperon', '1962-11-08', 'Pottier'),
(24, 7, NULL, 23, 'nicolas81@yahoo.fr', '[\"ROLE_USER\"]', '$2y$10$EJOJXp4qCYoT9wRdZZGBvueTZyXV0qsppNTHCAjdEEvd2AgPu8s0G', 'nruiz', '1978-01-28', 'Gregoire'),
(25, NULL, 8, 31, 'patrick42@collet.com', '[\"ROLE_USER\"]', '$2y$10$5v9rdgk8.9YRv8WLh4EvfeiMLY3ybrUAT2qYIxar7.RMnKPM.rOd2', 'roche.jacqueline', '1996-01-15', 'Cordierboeuf'),
(26, 8, 10, 35, 'benard.theodore@noos.fr', '[\"ROLE_USER\"]', '$2y$10$3au3ihuMREuc.LNoJSTyUe6UCDODuAe.4f0RNRbenYGXi56v0vxBS', 'christelle.lopez', '1971-02-05', 'Louis'),
(27, 7, NULL, 29, 'hugues24@raynaud.fr', '[\"ROLE_USER\"]', '$2y$10$ZwYYws3rawaO6fDrDmLa5eGiYZ.dSRqFeSlsm1mec0zJd6fFDnwLC', 'odette.laurent', '1989-08-03', 'Le Gall'),
(28, 8, 9, 42, 'marianne97@tele2.fr', '[\"ROLE_USER\"]', '$2y$10$pt95c6QT.xFnG8N8l9tDM.mbPab.dQCm0E7.6sUO8ViGkYx2XVtCC', 'blot.josephine', '2007-07-19', 'Bousquet'),
(29, 8, 9, 30, 'lucas.grondin@gosselin.com', '[\"ROLE_USER\"]', '$2y$10$hdxQxAismRUlqcWHDniOS.rnHt0EZeQC5Cs/e9B0bMLpABhSqB1hW', 'uwagner', '1985-01-14', 'Auger'),
(30, NULL, NULL, 29, 'dfaivre@potier.fr', '[\"ROLE_USER\"]', '$2y$10$1g0qhwzSJU0QN0B.tWGNb.fQxamUsIpy67pfmJGIPjew1u7QeTxFO', 'yves.baudry', '1962-03-15', 'Lemonnier'),
(31, 7, 10, 25, 'aime.renault@laposte.net', '[\"ROLE_USER\"]', '$2y$10$gYnI5RfODWPQlxt.sKzJ2.4.G8/sBRIjXiVnj7.0jXWb/ExYnofsy', 'dumas.theophile', '1962-03-20', 'Breton'),
(32, 7, 7, 39, 'hugues10@club-internet.fr', '[\"ROLE_USER\"]', '$2y$10$qv6LD1k7TWJkhzNWxj9r6uaHpaBhJnsHBdICoS/insQXtwZP03GH6', 'ocouturier', '1973-11-25', 'Renardnec'),
(33, 8, NULL, 26, 'maryse.boucher@delmas.org', '[\"ROLE_USER\"]', '$2y$10$MqfL0Hjd4bzMckShcaEgIODi6uWu3TzwbuBbdmNlgkNTPq74QVQ/G', 'vjoseph', '1994-03-17', 'Bertin-sur-Mer'),
(34, 8, 9, 25, 'lhardy@yahoo.fr', '[\"ROLE_USER\"]', '$2y$10$4QLvOzqLn/Mdy0UOeGDQwOntqfWE5stO9WsDygg5dA75wvDkzJBjS', 'valette.olivier', '1981-08-14', 'RobinBourg'),
(35, NULL, 9, 38, 'jacques.edouard@loiseau.fr', '[\"ROLE_USER\"]', '$2y$10$t9AA7wxcJcFNJEb.UVKCBeo7nSuK6rcTDqYmfGpiPDNY5NqvsOmz2', 'raymond.pauline', '2001-01-29', 'Royer-la-Forêt'),
(36, 7, NULL, 41, 'kvallee@legall.fr', '[\"ROLE_USER\"]', '$2y$10$A8KeGZAlAayCRMbE0/2N/edMIFEo4hZmuEdGT1OAnPrLFlgfknhJ2', 'guibert.guy', '2006-06-26', 'Jacquotboeuf'),
(37, 6, 10, 24, 'breton.gilbert@laposte.net', '[\"ROLE_USER\"]', '$2y$10$Mn4Ra5ZXni/qQnw.fK2EyO1yB4dIYSoaI5Oh/LJZQh6hrZeL60Cri', 'seguin.thomas', '1964-07-18', 'FaivreBourg'),
(38, 6, 9, 34, 'lesage.rene@dbmail.com', '[\"ROLE_USER\"]', '$2y$10$EsPlp8QyqsYOE4SgNAWIFepilA.6eiZoxA7wEol27FYEPl/gAhBhy', 'michelle.morvan', '1974-12-21', 'Bouchet'),
(39, 8, NULL, 34, 'uvincent@noos.fr', '[\"ROLE_USER\"]', '$2y$10$BMipge94wIL6gyhayl2k/OcQH6bEA9UD5Bje5btOwB.FTJJoRX8VO', 'joseph59', '2005-06-10', 'Pineau'),
(40, NULL, 10, 26, 'pierre.normand@club-internet.fr', '[\"ROLE_USER\"]', '$2y$10$w1.QMEinWX6OWnYG1W9m2.Hd30o/ZhEJdhnKxoB9lPO1rMc4Y/55a', 'gros.nicolas', '1997-08-02', 'Henry-sur-Barthelemy'),
(41, 7, 10, 40, 'yleconte@club-internet.fr', '[\"ROLE_USER\"]', '$2y$10$3YgsGOP1bIE9p1a2KT0qgOPgVCxUdlE0m/xut/3Ms21kWPw2X1KSO', 'xavier13', '2004-08-27', 'Diallo-la-Forêt'),
(42, 8, NULL, 33, 'laurence.chevallier@noos.fr', '[\"ROLE_USER\"]', '$2y$10$f9v3rtrcPqAJhPM2b4hNveEES6L3uItYc9C4pixig3zRqhoHXswkm', 'louis20', '1996-08-26', 'Humbert'),
(43, 6, 8, 31, 'susan.georges@dbmail.com', '[\"ROLE_USER\"]', '$2y$10$T7mB.yalKcL..mggAuN6aeGJ0iTrvuiPloZWcbVFoYKmvYummOItm', 'joubert.timothee', '1983-08-27', 'Ferrand'),
(44, 8, 8, 41, 'ljean@club-internet.fr', '[\"ROLE_USER\"]', '$2y$10$d38z62Ap9P6BpjfwdcsrTudNvli04puSs9w8kLgxUaqmsNdN6cbYq', 'lucy84', '1996-10-20', 'Fernandez'),
(45, NULL, NULL, 30, 'lesage.sabine@laposte.net', '[\"ROLE_USER\"]', '$2y$10$ZW20RGcMLHbnBlZh0vtdGe0IFadLk9c8PI1oQzFuiKCz0vakZ.2Nm', 'marianne37', '1991-05-01', 'Leleu-les-Bains'),
(46, 8, 8, 36, 'tanguy.augustin@roger.com', '[\"ROLE_USER\"]', '$2y$10$7Xj6MlbCNcBnWlq6N6mWIud8qkTpjg78kKJZNgoYD09PsqkdBsWva', 'claude74', '1983-08-30', 'Collin-sur-Lefort'),
(47, 7, 10, 29, 'emilie.olivier@mallet.com', '[\"ROLE_USER\"]', '$2y$10$21kEt.Qb0PxbnITuEwotte/Cborc8ucls59lgL1oNOYvO36r25WY2', 'gabriel35', '1966-08-15', 'Gillet-les-Bains'),
(48, 6, NULL, 23, 'marthe.pons@teixeira.fr', '[\"ROLE_USER\"]', '$2y$10$ZCNm57UIF/eyKLiku22oheJYM4oWk.Dmlsde0sdIR/9QNTpEm9XJ.', 'jourdan.yves', '1977-02-09', 'FabreVille'),
(49, 8, 7, 24, 'laurence28@sfr.fr', '[\"ROLE_USER\"]', '$2y$10$Ppv6NT1xJNadlXPmgDbhveIjqDP/1ZSaBXCdidD4m6ARRoh8JSrAS', 'louis.perrin', '1968-06-02', 'Nicolas'),
(50, NULL, 7, 30, 'frederic30@live.com', '[\"ROLE_USER\"]', '$2y$10$WHot87WrRelgCKCX79qZsO7hywWyrClxJb.ZkJHd93tYa6WttKdBq', 'regnier.victoire', '2000-03-08', 'Germainnec'),
(51, 8, NULL, 27, 'robin.isaac@nguyen.com', '[\"ROLE_USER\"]', '$2y$10$A10kMPNt3ikoEgmEHB.Oe.HdEry7GxOxmDAYoXLAXJEwPYL9qY8ca', 'claude.lacroix', '1974-07-27', 'Boulay'),
(52, 7, 7, 35, 'ffaure@levy.org', '[\"ROLE_USER\"]', '$2y$10$RJZmZZD1qOqhzK7R4stHN.U6PgaZzhx3Esi9OasoNBAw5s5uTDYU2', 'kguerin', '1984-10-19', 'Lenoir'),
(53, 7, 7, 35, 'lejeune.luc@tele2.fr', '[\"ROLE_USER\"]', '$2y$10$wkFeOIJ8yMKCukwinDHFoOm3ihRjLJH./d7EcI3gpdKVaBKMnmMnq', 'qhumbert', '1982-06-18', 'Vincent-sur-Legros'),
(54, 8, NULL, 29, 'suzanne05@leroux.fr', '[\"ROLE_USER\"]', '$2y$10$y7EgwDgyF9jBVMi4GP60CuYsjdV.OXQrFtECOPfjWaZVlv94WDgNO', 'duhamel.danielle', '1998-04-24', 'Samsonnec'),
(55, NULL, 7, 39, 'guy53@boulanger.fr', '[\"ROLE_USER\"]', '$2y$10$.6WmOS9muSrpkNwH6oSZOuHAWKfbJGphM/ymFqOcKkEfCTd2avM5K', 'anastasie.petitjean', '2000-02-04', 'Leclerc'),
(56, 7, 7, 34, 'marianne.pasquier@louis.com', '[\"ROLE_USER\"]', '$2y$10$wep19eJv1meBJx67KvX28ugFvcbwu26vSBVMKEBNL5d.utvMJGX0i', 'rousset.simone', '1972-02-16', 'Allain'),
(57, 6, NULL, 32, 'gerard.dupuy@samson.org', '[\"ROLE_USER\"]', '$2y$10$jKvV3l/VbGjFLdu7P8QAKOCkAEeS9KqSi6sCHVvm6sPUr/Bkw/9Da', 'ypons', '1963-09-03', 'Gomez'),
(58, 6, 9, 34, 'elaroche@gonzalez.fr', '[\"ROLE_USER\"]', '$2y$10$scExmPXS3dnaOuRLzXng9OU/7tryif7u.vO0lNSqk.7RLjjRausUu', 'sebastien14', '1980-09-29', 'Lopez-sur-Pasquier'),
(59, 6, 7, 36, 'william93@wanadoo.fr', '[\"ROLE_USER\"]', '$2y$10$EyK9fS0DSafbFwiv1ItWVOG1.1lontMFAvFKqUS29dSRU/WjAz4Ha', 'marie.celine', '1982-05-15', 'Meyer-sur-Sanchez'),
(60, NULL, NULL, 26, 'letellier.juliette@live.com', '[\"ROLE_USER\"]', '$2y$10$39KOoDZzuQDV2PApFw4mKuddrUSqG9Sv8X303XoQqR72uUU1.nraS', 'jfoucher', '1995-07-26', 'Gomez-sur-Mer'),
(61, 8, 8, 38, 'qmary@evrard.fr', '[\"ROLE_USER\"]', '$2y$10$5xnheFsXaS0N4j4CPSSkX.BQUghPD.cBEmSTwqGIKYkQYXgc8OnRa', 'roger.hoarau', '1979-11-22', 'Diallo'),
(62, 8, 9, 29, 'monique.vidal@laposte.net', '[\"ROLE_USER\"]', '$2y$10$v69XBrf7eufJw3bt2FB5HuJS.6tMMGCY.gduVAhjg8hZaB5Pa1Xmq', 'delannoy.jacques', '1995-05-01', 'Dupuis'),
(63, 8, NULL, 41, 'krenaud@bonnin.com', '[\"ROLE_USER\"]', '$2y$10$Ck.BK3tjdDKEu8rHO382tOfIlUtoU0IqUyaURPgN/PRp624evuzXu', 'michel44', '1992-04-12', 'Gay'),
(64, 8, 8, 30, 'lemonnier.nathalie@robin.fr', '[\"ROLE_USER\"]', '$2y$10$g0ZgtLIyJjtZg1WcD/F.FOd9XiAvtKfXxat24dgUAjoRb0RFl6sHi', 'pelletier.bertrand', '1962-11-12', 'Hamon'),
(65, NULL, 7, 29, 'gabriel.descamps@tele2.fr', '[\"ROLE_USER\"]', '$2y$10$Kq.oLilERR2h.DgUVN3aBuAWyjvqpNWcSD.l.bEPEDIlTu.X66DSi', 'philippine44', '1963-08-12', 'Robert'),
(66, 6, NULL, 26, 'foucher.margaret@legoff.com', '[\"ROLE_USER\"]', '$2y$10$xu9wuLcjKxQkUOkvLq1if.T/ReDZubOKWlZ6SmjiEZ.czYwJTj9nG', 'robert.bonneau', '1992-11-05', 'Thibault'),
(67, 8, 10, 33, 'payet.pauline@wanadoo.fr', '[\"ROLE_USER\"]', '$2y$10$648kGFNzbN3NMAZn8.yHl.ELwdRTfUECFGpm2Q7e77KTQgjqrHit2', 'margaret.brunet', '1971-07-04', 'Perrier'),
(68, 6, 9, 28, 'humbert.guillaume@barre.net', '[\"ROLE_USER\"]', '$2y$10$jEu5gudU3Jd3iA1rQ64N9ehGPKjmJcn8Lfcux4Q/uYd/GDDt1Qwn.', 'cecile.antoine', '1969-03-10', 'Rolland'),
(69, 6, NULL, 29, 'rlegall@vincent.fr', '[\"ROLE_USER\"]', '$2y$10$r3CYw/duW0ySR4aX.M/2muMHjGcYNE/4S852HEslpDYL24hEsQhty', 'celina.delahaye', '1990-03-08', 'Gosselin'),
(70, NULL, 9, 27, 'honore12@bernier.com', '[\"ROLE_USER\"]', '$2y$10$fOhul9oNbFMZaeP6F8Uf0.ICXkgqp2Pp8GBUf3q0XN..4hH6iE6mu', 'wboutin', '1971-01-26', 'Turpin'),
(71, 6, 9, 32, 'xleleu@pruvost.com', '[\"ROLE_USER\"]', '$2y$10$97OFxMW3gPr0sxmBgmhnEO5JVcl6MzssNrj2tLpluy3IlD4QV.mkW', 'mahe.jerome', '1966-04-01', 'Rey-les-Bains'),
(72, 8, NULL, 28, 'chretien.louise@dbmail.com', '[\"ROLE_USER\"]', '$2y$10$YnvMB2zBS89pbvScZqhLpeGbnzySTBccSjmYOqLCtxNjQNAU5t3iK', 'xbouvet', '1983-02-19', 'David'),
(73, 6, 9, 27, 'qmendes@vallet.fr', '[\"ROLE_USER\"]', '$2y$10$t0lQotHx38ZZXu3VDiZUF.bzk6fnps8XRmz8oVjWw6.yTqkBRViOC', 'gboulanger', '1995-01-09', 'Grondin'),
(74, 8, 8, 41, 'marine21@tele2.fr', '[\"ROLE_USER\"]', '$2y$10$gRMZZD.9STm1W3Vzfd/9UOoBIQEdKr1OM11he6KdLBa/ZSvMSb57C', 'sophie.thibault', '1963-01-26', 'Lemoinenec'),
(75, NULL, NULL, 28, 'benoit49@wanadoo.fr', '[\"ROLE_USER\"]', '$2y$10$7w1oZn60lB.SgT7j8fmXrOzzvcLoa8z15NqtZbV2jyhSnJ3xlIQki', 'hugues65', '1990-04-18', 'Michaud-sur-Blanc'),
(76, 7, 7, 42, 'wbarbe@sfr.fr', '[\"ROLE_USER\"]', '$2y$10$6ZFPP4GGmGMRAz9Mkm8YEuDYeAQkeKwjM0tDm2Cq19x1AJvDUHoQS', 'morel.joseph', '1978-10-30', 'LaineBourg'),
(77, 7, 8, 42, 'bertin.marthe@gmail.com', '[\"ROLE_USER\"]', '$2y$10$c21JqQFe989CM7KVgFaiXOHnatPWgl9duQfg6stnm.c2devQUS8zC', 'alegros', '1972-11-22', 'Delmas-sur-Mer'),
(78, 6, NULL, 42, 'corinne21@gallet.fr', '[\"ROLE_USER\"]', '$2y$10$YU1Bh28GPQEy4YLDwyddreD.grGqfQcOj0ng5kVOL4ANcxOm85kmm', 'pires.olivie', '1995-10-26', 'Gilbert'),
(79, 6, 9, 24, 'martin.laine@dbmail.com', '[\"ROLE_USER\"]', '$2y$10$cXZ8PQRN3PjHOQWoAYWAWOnfWW8Qn8FmGKBJd5b3ZBlvdkqUTAUti', 'emile.maurice', '1980-02-28', 'Marin'),
(80, NULL, 10, 30, 'hernandez.theophile@fleury.com', '[\"ROLE_USER\"]', '$2y$10$Q5pJeNu0w5pUZX35riXjC.ZK9dDDI5nbo56tdRuvta5LBIvG7Msq6', 'giraud.bernard', '2001-04-15', 'Coste-sur-Bonnet'),
(81, 8, NULL, 27, 'pbenard@noos.fr', '[\"ROLE_USER\"]', '$2y$10$GJ5djpzcv42wVwCupLgznuH9NTPGaLK0ieJAVAaTj0Pzb8ekfsMNO', 'tanguy.christelle', '1998-03-12', 'Bouvierdan'),
(82, 7, 10, 40, 'capucine49@arnaud.com', '[\"ROLE_USER\"]', '$2y$10$jg57.ys3JnlblbsFW0PLAe77g0ST1p91SqMTcQewQsUQOoKzPC9pC', 'jerome.leconte', '1974-12-24', 'Robert-les-Bains'),
(83, 7, 10, 32, 'delannoy.franck@sfr.fr', '[\"ROLE_USER\"]', '$2y$10$5xMGI3gvk/VFhZGIxGs91e4NQkcPg0OXAnM7v9MxkaNQ/4XnsUVDa', 'veronique34', '1996-06-29', 'Goncalves'),
(84, 7, NULL, 35, 'bernadette49@hamel.fr', '[\"ROLE_USER\"]', '$2y$10$RNEr0xBvhYIOJZYebfmrbeFvQBiOmILOf/fDZIdd/POhsiQyxf3LG', 'sdaniel', '1994-04-27', 'Jacquotnec'),
(85, NULL, 7, 35, 'petienne@leroux.com', '[\"ROLE_USER\"]', '$2y$10$JDHwSG.SHgzToNjdQi8HUeOmhFEestzjrhbbBMWDl/LVOK2.SNtX.', 'yboyer', '1994-06-14', 'Seguin'),
(86, 6, 9, 40, 'yves.boulay@lagarde.fr', '[\"ROLE_USER\"]', '$2y$10$J9dD8S2OQQh1UOTpLY.7Le5klEcqvnfD/wmELunpQK8EaeViqMVRC', 'pichon.gregoire', '2006-12-25', 'Gimenez'),
(87, 8, NULL, 38, 'nteixeira@tele2.fr', '[\"ROLE_USER\"]', '$2y$10$be/YDRE3Qz/em.ZI5H/8neFKsl8EkXa8B3aIC.9SHUzoJMF3HLuV2', 'frederique.imbert', '1975-12-18', 'Vidal'),
(88, 8, 10, 28, 'emilie.hebert@yahoo.fr', '[\"ROLE_USER\"]', '$2y$10$yBxk7HnYnR9ctyH7Uqj/cusQlvLup5OCqYodZXLaLjnLcJ07zMjaS', 'xberger', '1971-09-28', 'Gonzalez-les-Bains'),
(89, 7, 8, 23, 'masson.yves@pineau.fr', '[\"ROLE_USER\"]', '$2y$10$pPt1GTxvIxanCBjFqr8ZvOhnJDBFDl2C/4Z3mYwlxC58ZKJc5CeQi', 'poulain.jeannine', '1989-11-24', 'Faure'),
(90, NULL, NULL, 27, 'rocher.jacqueline@wanadoo.fr', '[\"ROLE_USER\"]', '$2y$10$9AHHHFtg4uYDhY3zR1NfauYeJgJs.vjm1IvY.XTmGv93.bsrDOsN6', 'suzanne.adam', '1972-09-11', 'Marchal-les-Bains'),
(91, 7, 9, 30, 'julien52@lacroix.org', '[\"ROLE_USER\"]', '$2y$10$E8tQWno/vrE7hxWaqJl4L.KKcwm8ifvGN9M1GLz/eiimpmgktisIG', 'danielle.dupuis', '1989-11-28', 'Gilbertboeuf'),
(92, 7, 10, 39, 'fimbert@sfr.fr', '[\"ROLE_USER\"]', '$2y$10$k5IlyAcdvi8zR/F8h2L9RugHy/GS9JBm408x9dl6SSUinBQj8FDKK', 'marc.mace', '1987-08-27', 'Laine'),
(93, 6, NULL, 26, 'blondel.andree@club-internet.fr', '[\"ROLE_USER\"]', '$2y$10$PBfwYJUiZYOVl/VsKon8yeKT1qSB6jdOC63CW1MERN9DzMPvQwz7u', 'marcel.moulin', '1963-03-09', 'Leclercnec'),
(94, 8, 10, 30, 'honore.leclerc@laposte.net', '[\"ROLE_USER\"]', '$2y$10$cV7y04QmT77VCBhwPBJEG.Chjkm/wv5Vomz9b7R4MMpUdn9uaPKEe', 'lmahe', '1994-08-09', 'Le Roux'),
(95, NULL, 10, 33, 'aubert.pauline@bailly.fr', '[\"ROLE_USER\"]', '$2y$10$NN.wuWrDuFzv7pSSJ8Rt9.3lUMaL9rg3NBqzYLohraGNF/N8Tp6f.', 'ochevalier', '1978-06-05', 'Garnier'),
(96, 7, NULL, 30, 'ochretien@chauvin.org', '[\"ROLE_USER\"]', '$2y$10$KZvzVXjO28MfIJ5I.EnowODtyed8Sw4/oYjKgbNxAub5bYbzxLhVS', 'leon80', '2002-02-11', 'Da Costa'),
(97, 7, 9, 37, 'daniel.guillou@noos.fr', '[\"ROLE_USER\"]', '$2y$10$rwEydxy/cRmBXEYN6.vr1OCVyj7AURhSWWrK2/1L3lfjj2v/H1fdm', 'stephane53', '2004-07-22', 'AndreVille'),
(98, 8, 7, 39, 'victor.aubry@hotmail.fr', '[\"ROLE_USER\"]', '$2y$10$s8RkSEXMdbayO4OxZbE9V.KH2uPcKfOntSrINtk1nDSY9Qn23zSQ6', 'wvoisin', '1965-03-29', 'Laine'),
(99, 8, NULL, 29, 'valentine13@blot.net', '[\"ROLE_USER\"]', '$2y$10$BuNcA6I2qhAJHSlZkt32XeG6BE.lj/7ObtT7LhiItn0C3BAtvif12', 'hamon.josephine', '1985-11-06', 'Pascal-la-Forêt'),
(100, NULL, 7, 29, 'lacombe.julie@noos.fr', '[\"ROLE_USER\"]', '$2y$10$vBKNv1gtgWAp0wJc9JsXwuu7iPeHQ2AU.sRpL9EX9zBZR6Hh8rx.2', 'ledoux.eric', '1980-11-30', 'Moreau-les-Bains'),
(101, 8, 7, 28, 'marty.aurore@chauveau.fr', '[\"ROLE_USER\"]', '$2y$10$uU2vzR8bire8X7uNurohQOFeKI5Sl1YTvicAd/Cezofl/HgoJynu2', 'adelaide09', '1987-11-10', 'Pierre-sur-Mer'),
(102, 7, NULL, 35, 'royer.bertrand@gmail.com', '[\"ROLE_USER\"]', '$2y$10$wKh4lR5OcnUO0IF8XydJJO/XfJzPw.UNq23LzwhA4eVm0O/3XGcyW', 'laetitia33', '1983-05-01', 'Leduc-sur-Mer'),
(103, 6, 9, 36, 'lebon.aime@tele2.fr', '[\"ROLE_USER\"]', '$2y$10$Xqn8y/xPk19zvQFeAgtSieWCpsD08gaRBAuhj2V8au8iN0Gob0Ble', 'perret.marc', '1988-11-27', 'Laporte-les-Bains'),
(104, 8, 8, 41, 'aclement@coulon.fr', '[\"ROLE_USER\"]', '$2y$10$XgSaF4gDSicSyGY.jsu23ev.CZd1ixnbI78ohMw14i8mqAHNBAVyS', 'ndupont', '1964-02-26', 'Devaux'),
(105, NULL, NULL, 35, 'rousset.claude@bernier.com', '[\"ROLE_USER\"]', '$2y$10$K20bgqh4GNRSf0rFp/AAgefeDd5OYh07Wf01ryHooZx2/sqqk9wC2', 'cpasquier', '1998-04-03', 'Charpentierdan'),
(106, 7, 7, 24, 'blacroix@leger.fr', '[\"ROLE_USER\"]', '$2y$10$TTDbzsw6hGe8oWpAZLxToeJOPuxl0GF7Vv9ZV2pOpJR14zI2.X98i', 'dominique.vallee', '1964-09-14', 'Lelievre'),
(107, 6, 7, 27, 'andree30@gmail.com', '[\"ROLE_USER\"]', '$2y$10$5sJJG3eGEhzTIgrtDUBzoOgQ5F5vszIYR.DLS/wonXSo0r0poVEPy', 'alain.charrier', '1981-01-22', 'Ramosnec'),
(108, 8, NULL, 26, 'elisabeth98@club-internet.fr', '[\"ROLE_USER\"]', '$2y$10$2hFQ8SeXTDbJhw.4g1msjeQDeSdGKI3OihtkFR6twRr1z/mWSKTy.', 'pires.marc', '2008-01-12', 'Vaillantdan'),
(109, 6, 9, 23, 'margot.jacques@noos.fr', '[\"ROLE_USER\"]', '$2y$10$k2C1NOnqKsoughEfHpxmSOWasq1aO1F.oNRs9KnwTcPJ0B/URevky', 'baudry.margot', '1984-02-28', 'Berger-sur-Chauvet'),
(110, NULL, 10, 32, 'alice.nguyen@lebon.com', '[\"ROLE_USER\"]', '$2y$10$Wa/AYdCciJzOiIXpydJynewqCKJoaCf2yfEBU5bnNw1judgBaWIra', 'fdelorme', '2001-01-19', 'Charles'),
(111, 7, NULL, 34, 'pereira.christelle@sfr.fr', '[\"ROLE_USER\"]', '$2y$10$zC5Mi2oxc8UBOlZjyzQubeCHJaHypRBQFUNvBbwqAdpztxG4yQAve', 'bjulien', '1983-08-29', 'Bertin'),
(112, 7, 7, 28, 'jvasseur@clerc.com', '[\"ROLE_USER\"]', '$2y$10$qcnWLvdr8GEd4ZhN257Fd.LyWYBTdnYTeJazp.Fe91NYYaLSCRaLq', 'frederique12', '1993-04-22', 'Ledoux'),
(113, 8, 10, 31, 'nath61@tele2.fr', '[\"ROLE_USER\"]', '$2y$10$7BL96dV2BbqVFlm4AdHDWuQkSgZvKo3KF9NyGJM46I/im4zvH5Wva', 'enoel', '1988-05-05', 'Vidal'),
(114, 6, NULL, 32, 'madeleine05@pages.fr', '[\"ROLE_USER\"]', '$2y$10$27Bde29wgws5wrZyvs/4J.cAEpyiX5qRPWJ8kLGTYejlkRA0fuzs6', 'pires.thomas', '1994-07-25', 'Godard'),
(115, NULL, 7, 36, 'juliette.georges@tele2.fr', '[\"ROLE_USER\"]', '$2y$10$/.QjljdYAqjiPqRXgZVeq.jaVrGpdv1w/qN7hEJzhRDpppGJWoCxO', 'nicolas16', '1982-01-14', 'Robert'),
(116, 8, 8, 37, 'marchand.arthur@sfr.fr', '[\"ROLE_USER\"]', '$2y$10$6ovgG2GtgGXQnBVWpQB/kuxBuEeJHT1Yon3XEqiz5Qq5WtPRAzA0a', 'raymond.verdier', '1978-10-31', 'Lagarde-sur-Allain'),
(117, 8, NULL, 41, 'payet.olivier@dbmail.com', '[\"ROLE_USER\"]', '$2y$10$xRPnKQdiwZJ8a3ZaE/0mRup12TAIeBYDNIu9Be7YTan4we0gycAB2', 'laure.carre', '2000-08-15', 'Leroux'),
(118, 7, 10, 23, 'rbriand@wanadoo.fr', '[\"ROLE_USER\"]', '$2y$10$ri8efYpFYv9DnzO3lNiSlOIoAeVq9bra54LpOJT4TJjdrLsBsinT.', 'rgregoire', '1989-10-31', 'Garciaboeuf'),
(119, 8, 8, 40, 'pierre37@marie.fr', '[\"ROLE_USER\"]', '$2y$10$fjGhzau3p3T3jXC.Lv0dFu/QvC7Wi8HqnFKi8epRUWe5L09Wkg8sO', 'zoe.benard', '1987-04-24', 'Bazin'),
(120, NULL, NULL, 33, 'efernandes@menard.fr', '[\"ROLE_USER\"]', '$2y$10$r8B6A8pk3GY5MZeD88t6ReI1JwULaDL0haE1AaQspSmbnbBvaFc4a', 'lucas11', '1985-04-11', 'Peltier'),
(121, 7, 9, 25, 'baudry.francoise@hotmail.fr', '[\"ROLE_USER\"]', '$2y$10$XGJt9mOH2zhQJPqfd2tYoO6j7vycPJvdpQxZ0PHkXzAV4cKI5EBGi', 'martin39', '1992-03-22', 'Chretien'),
(122, 6, 7, 38, 'xperrin@tele2.fr', '[\"ROLE_USER\"]', '$2y$10$gC4UAhzbeyGXOZok8HFUDu7Hup9P31LyfuG1iYi8MKDQM5SrqchbS', 'ebouchet', '1992-09-04', 'Ramos'),
(123, 8, NULL, 39, 'sabine80@wanadoo.fr', '[\"ROLE_USER\"]', '$2y$10$9t2.lt6MCTzqDOcYjezo9OnE8ICuib9mEnbM99U1x4o/tJef9.wMi', 'edouard.georges', '1963-10-18', 'GuerinVille'),
(124, 6, 7, 35, 'leconte.arthur@gmail.com', '[\"ROLE_USER\"]', '$2y$10$XY/NBiuzOHoa54TBVShkge0Zy/Gf4emH7aeplRCrj.xQpdeMs4Lo2', 'hbarbier', '1962-07-18', 'ParentBourg'),
(125, NULL, 8, 39, 'roux.elodie@free.fr', '[\"ROLE_USER\"]', '$2y$10$opIK8UtBPRQRSiz0euWRaeRWwvYLdglkNAdz2XElY.qzQgT5jFKsG', 'madeleine.gros', '1967-03-08', 'Mary'),
(126, 8, NULL, 23, 'victor.legros@sfr.fr', '[\"ROLE_USER\"]', '$2y$10$8luR5A6/lMgF25OSQAXO1O8YjHADwULQ4I2POr0qX/4nXFCGM./Nm', 'btraore', '1965-08-26', 'Rossi'),
(127, 6, 9, 33, 'benjamin.hubert@tele2.fr', '[\"ROLE_USER\"]', '$2y$10$s27fj0K4g357o3JOXx3BgeiV.Vh26cukE1ExOoR6ilR6NrwjAw5X6', 'odette39', '1966-01-11', 'Roy'),
(128, 8, 7, 34, 'blanchet.bernard@free.fr', '[\"ROLE_USER\"]', '$2y$10$29/wsEXHXotVZMX0tzgtu.vFyfozsg6pujxAXpoJqX0IBeOzuCjCm', 'christophe.marchand', '1974-05-19', 'BertrandVille'),
(129, 7, NULL, 28, 'gauthier.christiane@tele2.fr', '[\"ROLE_USER\"]', '$2y$10$6dwj2MTGenUMAvZQx5ER1OsUxb7e6bB1ShwN.gchDhqBdmifa0V3W', 'imoreno', '2003-05-02', 'AlbertBourg'),
(130, NULL, 8, 26, 'bazin.rene@boulanger.org', '[\"ROLE_USER\"]', '$2y$10$qFl.PVgZhButYbzdtQruE.88oD9jt6YcFnFVzshAjGepsnwgQhewi', 'cdubois', '1988-10-19', 'ReyBourg'),
(131, 8, 9, 26, 'kcharpentier@live.com', '[\"ROLE_USER\"]', '$2y$10$tyi3EzngTCPx.5POJoUnU.whuoEJaS2edq0obDDYdE5NcVwZvIq7a', 'roche.claudine', '1987-11-15', 'Prevost-sur-Morvan'),
(132, 6, NULL, 38, 'thierry96@remy.com', '[\"ROLE_USER\"]', '$2y$10$n7SM2ByLlsQ9TMix24D4TeQSDgwuf8rO5u9TbS5qHKfCH81aYJlD6', 'iribeiro', '1998-12-11', 'Buisson'),
(133, 6, 8, 41, 'theophile48@munoz.com', '[\"ROLE_USER\"]', '$2y$10$hNDHk6g5sw.8DdrCoL4EZeFq7sYxO0/nHTgnq55/ywpHoAEv8iGtS', 'bertrand47', '2003-11-03', 'Ferreiradan'),
(134, 6, 8, 37, 'suzanne72@wanadoo.fr', '[\"ROLE_USER\"]', '$2y$10$YJwpH4gJHIo13gmLbA19cuS/WN.Y5eMFt2PHM3BM7g5f8bOgbDfNa', 'gbarbier', '1971-10-02', 'Guillon-sur-Rodriguez'),
(135, NULL, NULL, 30, 'honore45@orange.fr', '[\"ROLE_USER\"]', '$2y$10$FsCwBzZD1mkf6/38GbpFOOdKhrCMr1gNu3gElNyEjOMGdu.bEOayW', 'odette.bazin', '1992-01-03', 'Laine'),
(136, 7, 7, 25, 'claudine09@yahoo.fr', '[\"ROLE_USER\"]', '$2y$10$c5ADG8u2OwxUzRoHqfZLeuWwY4RIAzXcD9aj1VOzc3fQt8slnD3bu', 'gperret', '1992-04-26', 'Blanchard'),
(137, 8, 9, 35, 'valentine.boucher@laposte.net', '[\"ROLE_USER\"]', '$2y$10$ES4xQdPlnkyBSt3ArNzZ6O.oFqgVEMJmdmvgYhQsLAkdGJULMm3ra', 'legros.gilles', '1969-04-24', 'Costa-la-Forêt'),
(138, 6, NULL, 41, 'perret.guy@salmon.fr', '[\"ROLE_USER\"]', '$2y$10$i.WIoHU9Z/hLBjdbY0PGe.Ppvq9kCp4esqqw2qKQrS481sFH0JsGq', 'timothee18', '2007-01-23', 'Chauvet'),
(139, 7, 7, 28, 'gregoire22@club-internet.fr', '[\"ROLE_USER\"]', '$2y$10$jD9EvEm/dVtnG.QoOLZO4Oxgn5p2B9FqLvTV4suHDD4CQZaSIwsty', 'arthur07', '1981-07-30', 'Moulin'),
(140, NULL, 7, 25, 'pichon.henri@guillet.fr', '[\"ROLE_USER\"]', '$2y$10$9PXjZA6X0fbv20fiQ7EPEusQApAGlSfQsGccsdOHKEOkAMQX.lB4q', 'paul41', '1966-03-02', 'Ruiz-les-Bains'),
(141, 7, NULL, 39, 'mferreira@gmail.com', '[\"ROLE_USER\"]', '$2y$10$ktnTDFZ9Br6ZIpSuk.V0XODU0ab1DjFFgeI8qunrefP5Q6cqXGPU6', 'vjulien', '1985-10-10', 'Weissdan'),
(142, 7, 9, 35, 'elise.simon@sfr.fr', '[\"ROLE_USER\"]', '$2y$10$gJ08V6kYi3JQYBJSajOtse3C0nDrdLk3uohHj7LxqFa3H9WyiHcQK', 'ldijoux', '1985-04-15', 'Hardy'),
(143, 7, 7, 37, 'jvalentin@laposte.net', '[\"ROLE_USER\"]', '$2y$10$PPu6f/6VcLhWij2hl3Gng.nSd1bS.ZDZx62V/4jY.xWe/6CFuzTHG', 'laure.labbe', '1983-03-10', 'Dupont'),
(144, 8, NULL, 35, 'hortense.humbert@voisin.fr', '[\"ROLE_USER\"]', '$2y$10$dgLklO404cqJ112DgyVuEumTnLHQmHmwIh9jgqgJKel6dQEWMZRtm', 'pasquier.chantal', '1987-01-22', 'Delaunaydan'),
(145, NULL, 7, 24, 'aime63@bousquet.fr', '[\"ROLE_USER\"]', '$2y$10$.SVMDcciWHiylYz8Ebh4duruKZ/J/pK9Qc0Ufk18UK80jZ6qu3jQC', 'audrey65', '2007-11-04', 'Grondin'),
(146, 6, 10, 31, 'anastasie.cohen@tele2.fr', '[\"ROLE_USER\"]', '$2y$10$lMzWnzPedumyvxmSst7iPuYl2//4uRam/yI1DTrE4g/8usPx8GFHO', 'veronique10', '1982-02-10', 'Andre'),
(147, 6, NULL, 25, 'josephine.moreno@tele2.fr', '[\"ROLE_USER\"]', '$2y$10$Q3XIxQ.FYMlyjN5RR9yrWO/izlLVV2MNkB40dAKPtn28CDeW.buR.', 'edith74', '1997-08-18', 'Gros'),
(148, 6, 9, 23, 'pnguyen@hotmail.fr', '[\"ROLE_USER\"]', '$2y$10$ZxU/epTAGcxh7lw6VWeidOy3VoykkCug8LP4jeukS.yZe0Lb8mgfm', 'tbrun', '1980-09-02', 'Blondel'),
(149, 7, 8, 24, 'jacquet.madeleine@peltier.net', '[\"ROLE_USER\"]', '$2y$10$gvgbO/1VBE4XZZXiN/6zm.Yz7Fl9PGZqvB7DCZUyhycBF83vhVULS', 'wantoine', '1966-11-02', 'Lemonnier'),
(150, NULL, NULL, 30, 'gcarpentier@breton.net', '[\"ROLE_USER\"]', '$2y$10$TFzPVAC1K7Mm3SDubfA4/ODORQErpjZ.mwHkSIMJ/5EnHo725Su32', 'marine22', '1968-04-04', 'Etienne'),
(151, 6, 7, 36, 'emilie.delattre@club-internet.fr', '[\"ROLE_USER\"]', '$2y$10$mUrDDoxJBB5WCmwBCqc.keoXSuMV43viTpqxPmCwU4JpbLBvoSYia', 'legrand.robert', '1996-11-21', 'Guilbert-la-Forêt'),
(152, 7, 7, 23, 'camus.emile@club-internet.fr', '[\"ROLE_USER\"]', '$2y$10$.LJYJhXlqFMJHYvKm.PNreOxo4qnxmhK.A/hG/1ljsho9FOypRER6', 'legendre.michele', '1984-04-30', 'Andre-sur-Mer'),
(153, 7, NULL, 38, 'gcouturier@noos.fr', '[\"ROLE_USER\"]', '$2y$10$yyasejWnwwlumAlRHoJnI.wVi02BVilZnRWDqBXCC4.2McyYvIiny', 'victoire75', '1986-09-18', 'Pereira'),
(154, 6, 8, 33, 'stephane67@roux.org', '[\"ROLE_USER\"]', '$2y$10$i.fU9PwH/MpDdUYdxsHbaer0qXOJolq0ObO70XOUGPt6jSPF2W.Zm', 'gregoire48', '1963-07-10', 'Colas'),
(155, NULL, 8, 33, 'virginie.renaud@hotmail.fr', '[\"ROLE_USER\"]', '$2y$10$eVIgOWKeljQBZqO7XITQ0eCyefiC26v6Hvd0eZtK0aBq4uNEZvB7m', 'jules09', '1997-12-22', 'Bouchet-sur-Launay'),
(156, 8, NULL, 40, 'denis33@marie.com', '[\"ROLE_USER\"]', '$2y$10$5INbRWi3ZoKimWG0Rm3NrOIJHVtfYPcgL6XcLyR.i1vcT.o9dC.aa', 'maurice.leroux', '1973-02-13', 'Guillou-sur-Leclerc'),
(157, 7, 7, 39, 'georges52@yahoo.fr', '[\"ROLE_USER\"]', '$2y$10$prW0B2UK6u4.Kw45JPShmepdhVBFs4Uw8idwTMs7n.cQEmXP8rfnC', 'droyer', '1965-10-18', 'Durand-les-Bains'),
(158, 7, 9, 31, 'sbigot@sfr.fr', '[\"ROLE_USER\"]', '$2y$10$raPwjNNVZV153.FCZTuDRuNms.7b7v7CMhQ7nXNRqRRQ57Doh/65u', 'qrobert', '2005-04-05', 'RegnierBourg'),
(159, 8, NULL, 24, 'pauline30@gmail.com', '[\"ROLE_USER\"]', '$2y$10$xdjpuDSbmbWrIPVINyBwQer.3UFMz.jlldx8FpZmQqST.Rzb52BzC', 'anne.vidal', '1991-05-19', 'Antoine'),
(160, NULL, 8, 30, 'sophie.gillet@herve.fr', '[\"ROLE_USER\"]', '$2y$10$GwKg/NzxOSewbOF9inkwtOsrf0GXoHrhADXmsoYNno3Hftgbb5VPW', 'edith.pasquier', '1992-07-06', 'Vallet'),
(161, 8, 9, 29, 'margaret97@live.com', '[\"ROLE_USER\"]', '$2y$10$dBErAa1gqtVj0YgQUFn0/.0hf2f9he9LC0oWpHZ8QsXdrRMrEKj7a', 'mdufour', '1990-01-20', 'Lagarde'),
(162, 7, NULL, 39, 'francois.ramos@renault.net', '[\"ROLE_USER\"]', '$2y$10$9PoX.QbdlVEyNCxk0vqnQefTQCGx66cQQRbj1uJ.ovquj2ggWwwm2', 'fdupre', '1996-02-14', 'Traore'),
(163, 7, 7, 40, 'jules73@gauthier.net', '[\"ROLE_USER\"]', '$2y$10$JRvEH1KnA2WotB1QjLET8ePXe.of09tx8t2MnkUBOH/AEVqfPjjdi', 'tsauvage', '1990-10-21', 'Lefebvre-les-Bains'),
(164, 6, 10, 41, 'jacquot.jules@club-internet.fr', '[\"ROLE_USER\"]', '$2y$10$2/8HK0t1UTMN3P8qxcw7Xu.VM5qoSsJ0j25QtrJuw5KlSq1hvl1We', 'xavier33', '1964-05-12', 'Leroux'),
(165, NULL, NULL, 39, 'martin30@auger.org', '[\"ROLE_USER\"]', '$2y$10$isn.BMglc3V0dIYNFQ0mBOJK7DVOyH6N.TvDRTVtsvlxQtc.uacwa', 'caroline12', '1992-04-20', 'Fournier'),
(166, 6, 10, 34, 'vaillant.eric@laposte.net', '[\"ROLE_USER\"]', '$2y$10$vBbuHigsIbGryn5LBEp7/Ogp0/2nEwfWGcYd9AEYMK0/A2K1L5zP6', 'isaac.levy', '1989-05-04', 'Schneider'),
(167, 6, 8, 26, 'joly.lucie@mendes.com', '[\"ROLE_USER\"]', '$2y$10$XRd1mnMwt7CvJhuWSCg4nulVo3JTr/jm91VtQWTooh6ScGjtHB/qa', 'laurence.legoff', '1963-03-14', 'Riou-sur-Carre'),
(168, 7, NULL, 39, 'paul.edouard@gilbert.net', '[\"ROLE_USER\"]', '$2y$10$gVnbbznp57IIx1vxx.KkE.0YLBV0CQFpMEvvpWYx9fieR6qRQetI6', 'aschmitt', '2005-02-13', 'Bourdonnec'),
(169, 8, 10, 30, 'qmunoz@gmail.com', '[\"ROLE_USER\"]', '$2y$10$pC4/QyBITuzWQDOQer3ZAuoctzi0gvbD2n7ibFjxo.AX/XWqWlM0C', 'sroger', '1973-03-20', 'Legerdan'),
(170, NULL, 10, 24, 'llejeune@laposte.net', '[\"ROLE_USER\"]', '$2y$10$A2gGeEO35XaOkwNVpHMUfezZ1wGEhITLA6zoAOT89K6ccc8i1wFZW', 'margaux.mathieu', '1969-01-16', 'Lesageboeuf'),
(171, 7, NULL, 36, 'eric.leconte@briand.com', '[\"ROLE_USER\"]', '$2y$10$6qv6wIV8LUVL8uFoUsPSI.3tcJUSaXm2yAy7wTwr038Hwp.TwmjXG', 'bouchet.lucas', '1981-10-23', 'Launay'),
(172, 6, 7, 30, 'monique28@laposte.net', '[\"ROLE_USER\"]', '$2y$10$QgqqDNkjDBajGzvFCLhCGuZ.r4zl.C62KY13p8QffBm.tQNRf1dqK', 'arthur.coulon', '1982-01-05', 'Turpin-sur-Mer'),
(173, 8, 7, 24, 'gauthier.josephine@raynaud.fr', '[\"ROLE_USER\"]', '$2y$10$tvyqz4gB2LJCnQ4/jpWng.57CtR/kt4o3oP8JLSPb4qFk0rfgEucS', 'charles.rousseau', '2006-09-28', 'Jacquet'),
(174, 6, NULL, 36, 'anastasie02@sfr.fr', '[\"ROLE_USER\"]', '$2y$10$qGMBpkoM.NAOuItjnqg/COU759pXUKD1YDuA9koW7yFAXytXnXuLG', 'charles16', '1987-10-26', 'Hebertnec'),
(175, NULL, 10, 36, 'tristan69@delaunay.org', '[\"ROLE_USER\"]', '$2y$10$AfFFwUvcz3peMU.RvNoEHu7HiZhiUkafoDLRMJ4aJorcWBKQ3tYvC', 'fjourdan', '1971-01-26', 'Lebondan'),
(176, 7, 7, 30, 'astrid.jacquet@renault.fr', '[\"ROLE_USER\"]', '$2y$10$Bc.8lz7MwxtJ4Ucvro6UH.QkTs5Ec3JTnP5CG4VilAO4i0q5v3kDu', 'antoinette.dias', '1995-04-11', 'Boulanger'),
(177, 8, NULL, 30, 'pbenard@thomas.net', '[\"ROLE_USER\"]', '$2y$10$gIPxh.4vtiy3j2fxM.xZz.qB6YUr/wmJhVemnGm5mI.bQUKiOtHVy', 'david.robin', '1975-04-13', 'Peron'),
(178, 6, 9, 30, 'breton.martin@toussaint.net', '[\"ROLE_USER\"]', '$2y$10$ZBfeCwIDon99/2EekO0WfeJA/SdABKnUUbmjPzT0gCcp2LMlx1NqW', 'adele.laine', '2007-03-15', 'Leduc'),
(179, 8, 10, 41, 'ymartinez@club-internet.fr', '[\"ROLE_USER\"]', '$2y$10$LR5dqx/oj72AGaP7NzANwu1ZD9QW/lDTuVBSLL3z01s4kCzS2oCae', 'cohen.alain', '1970-01-30', 'Chretien-sur-Barre'),
(180, NULL, NULL, 29, 'fandre@remy.com', '[\"ROLE_USER\"]', '$2y$10$yTmTLIgoHuWdGp2SGKTSR.pFAVce5BelqtGKhtQFjTW8BiH3yKozy', 'meunier.philippe', '1977-03-09', 'Le Goff-les-Bains'),
(181, 7, 7, 24, 'leclerc.sebastien@dbmail.com', '[\"ROLE_USER\"]', '$2y$10$7Dx67RbVDxhPcSPRIDGsReP3KdzWTy9g4InxAIgj6FQU5a.2pCX22', 'olivier96', '2001-06-30', 'Valentin-sur-Loiseau'),
(182, 6, 7, 30, 'claude.gilles@noos.fr', '[\"ROLE_USER\"]', '$2y$10$7z/6qaKNlMVt.RjUp948OOtbISuISZ8u0DyJEvQbAfuxRl3w0R0bO', 'marchand.yves', '2000-01-17', 'Turpin'),
(183, 6, NULL, 31, 'robert54@delaunay.fr', '[\"ROLE_USER\"]', '$2y$10$xRZxDZ5PKiY8pPf6D48BuOzfjcdVbOe7U/2uzH5ySJgBqz5AwrZEq', 'albert.capucine', '1982-02-13', 'Charrier-sur-Lucas'),
(184, 6, 10, 25, 'jacques.leleu@aubry.net', '[\"ROLE_USER\"]', '$2y$10$G4hYf/gDYXkFrpuJIB2hdOPDEwikBSA4nS5NldPDcpWj3RfbjAZKe', 'vrichard', '1972-06-10', 'Garcia-les-Bains'),
(185, NULL, 8, 34, 'jrocher@masson.net', '[\"ROLE_USER\"]', '$2y$10$2THj5GHIq69Zbz3qU.6ateinu7YzuunMLmvvVLw//X0BRs0/O8cYO', 'navarro.dominique', '1993-01-26', 'Legernec'),
(186, 8, NULL, 34, 'michel.lecoq@desousa.com', '[\"ROLE_USER\"]', '$2y$10$xMxfbXdq61Z3pT1V9JabWOmzm62IQOxIIR8MPaolcw1pAS8IWTIJa', 'penelope.gerard', '1998-11-17', 'NavarroVille'),
(187, 7, 9, 29, 'michaud.noemi@lamy.fr', '[\"ROLE_USER\"]', '$2y$10$yHvkNYtSPKNtanADzBc02uWAB8VJZWo3qhGREzkiYSeTU8euXwoTS', 'robert.ines', '1973-05-08', 'Moreau-sur-Gomes'),
(188, 8, 9, 34, 'maryse.baron@club-internet.fr', '[\"ROLE_USER\"]', '$2y$10$nQQpuDYiFKiSZ/cXzpvdueMHJC4GkSYakXZkZn/FLhKvRvG8B19Fe', 'vincent20', '1976-07-11', 'JulienBourg'),
(189, 7, NULL, 29, 'frederique75@gimenez.com', '[\"ROLE_USER\"]', '$2y$10$Fj0gJxlkhoJJEC29C28AjuOITfbAAK7tKUo7ql8.zzj0d9pn4ePYC', 'garnier.gregoire', '1968-09-19', 'Barbier'),
(190, NULL, 9, 33, 'guillon.francois@royer.com', '[\"ROLE_USER\"]', '$2y$10$H.mrMgchiwvOsLX22FIwNu9mCtM7cGhQ5pSJ47SIzP6ut/Xf22l7K', 'maillard.patrick', '1997-09-07', 'Bodin-sur-Mer'),
(191, 7, 10, 26, 'victoire.levy@chretien.fr', '[\"ROLE_USER\"]', '$2y$10$zeQ2xgWqCJu5HlGcM3hcoOLBiTzShkNM7VlJZ5J3AIEUL5i0SdNv6', 'alexandrie.laporte', '1988-01-04', 'AllainVille'),
(192, 6, NULL, 40, 'texier.remy@tele2.fr', '[\"ROLE_USER\"]', '$2y$10$7PI./3yb9p/BHRRUi3zSD.dlDLk/dwB4aN4spZzpI3NRsw1RUSG6q', 'thibault.mary', '1981-08-26', 'Gerard'),
(193, 6, 7, 32, 'olivier.bouchet@renaud.com', '[\"ROLE_USER\"]', '$2y$10$6pfZb47I581ntq2NEDPfkOuAEJA3nJ2NfcPxfcWej7ffr9V/JgVL.', 'gleroux', '1975-09-10', 'Aubert'),
(194, 7, 10, 23, 'antoine.helene@laposte.net', '[\"ROLE_USER\"]', '$2y$10$9DOuHJmjdEO.d.Tu0EWKz.bgcm9B8.HYOa6FDniAF2nFxHIfoumBO', 'foucher.claudine', '1970-01-27', 'Riviereboeuf'),
(195, NULL, NULL, 27, 'bjoseph@laposte.net', '[\"ROLE_USER\"]', '$2y$10$730A6ainxvJ0CWQaLB1P2euy08GMjSjsg2vVqRrgtkqmPymf0beyK', 'ucolin', '2001-10-12', 'Letellier'),
(196, 6, 7, 40, 'julien.labbe@dbmail.com', '[\"ROLE_USER\"]', '$2y$10$tmgtHt/IErAMOtkb5pByGeI96f9TP7YHr1.zj3Qq3p1TScO.V1cCu', 'alexandria22', '1997-12-03', 'Carre'),
(197, 7, 9, 27, 'guichard.alain@sfr.fr', '[\"ROLE_USER\"]', '$2y$10$I84eyo2ugvQK6IxWqWbQAOqIEh8QaPNejqsIiSzPF2CuQQABr/Bey', 'joly.daniel', '2006-03-18', 'Pons-sur-Baron'),
(198, 6, NULL, 25, 'zleclercq@gosselin.fr', '[\"ROLE_USER\"]', '$2y$10$nrZS.ETWdYabx7Ia9.trJufQnk/glDgHX9VKXQTNT358rCpkPhzIK', 'nrodrigues', '1974-05-22', 'De Sousa'),
(199, 6, 10, 37, 'lmasson@laposte.net', '[\"ROLE_USER\"]', '$2y$10$79R5imZi3Xeo6kVooMOo6OB1gBKafjVazz21rGdn8dp3z0iYP/du6', 'shubert', '1987-08-28', 'Caron-sur-Petitjean'),
(200, NULL, 8, 28, 'courtois.stephanie@laposte.net', '[\"ROLE_USER\"]', '$2y$10$umi/ePZZINQ.TERXyzbhqezHZGyHsUsvESxfSTc.//QvS6hQKTV2G', 'richard11', '1962-12-28', 'Perez-la-Forêt'),
(201, 8, NULL, 40, 'marc36@hamel.com', '[\"ROLE_USER\"]', '$2y$10$y9/nZjDoEDK1yXw9krN5pu472TesJq0yNsfmD9QISoBpmijzFN2ie', 'michelle37', '2005-02-28', 'Guyonnec'),
(202, 6, 8, 24, 'vlefebvre@marchal.com', '[\"ROLE_USER\"]', '$2y$10$J8V/jPvmIODX6gFQkhS4SuqMqkiH2juP4ObwKa2BvbP5Dk.NA7KJK', 'caroline.levy', '1998-04-16', 'Gilbert-la-Forêt'),
(203, 7, 10, 33, 'pmaillard@laposte.net', '[\"ROLE_USER\"]', '$2y$10$3ynoV2ZBqcxI4TBM4u8b8e/Db66V.fZkClO.vXCFP3vAv.TzAXs/K', 'lbarthelemy', '1978-07-16', 'Guillon'),
(204, 8, NULL, 42, 'genevieve.guyon@noos.fr', '[\"ROLE_USER\"]', '$2y$10$8fAdlV3CuPcFDs6Ops.uYO8IWOPrUI8mdXepYGBxcOaUB4wahLhee', 'marc43', '1965-10-29', 'Leger-la-Forêt'),
(205, NULL, 10, 23, 'brigitte61@chevalier.com', '[\"ROLE_USER\"]', '$2y$10$Uod.baVeBSOqA7YEZlz92evwtyFjkT1utdKGUgGnhulKOH0LqTV2u', 'genevieve.lejeune', '1998-05-21', 'Delahaye'),
(206, 7, 7, 27, 'georges.thierry@orange.fr', '[\"ROLE_USER\"]', '$2y$10$GZExBNS4LrHr.JwZahXwK.xVC6yc5NcDtcHfpjzhZjuH0EA3MTkFm', 'christiane.godard', '1987-04-18', 'Baron'),
(207, 8, NULL, 28, 'zacharie62@orange.fr', '[\"ROLE_USER\"]', '$2y$10$xDMjnp6cJKWXMK/AtbmDCuOS7EWcGO0rN86WUccjuOOO6J9wvXEEW', 'timothee87', '1990-10-18', 'Wagner'),
(208, 7, 8, 27, 'adrien51@noos.fr', '[\"ROLE_USER\"]', '$2y$10$eA63OjNOLoFquHrJC/ZEv.OmdfAcF03JaRvYSjhIPTCAtErzU6pQW', 'luc00', '1968-02-24', 'Robin'),
(209, 7, 8, 26, 'hlesage@chretien.fr', '[\"ROLE_USER\"]', '$2y$10$X4Q.I4mcAvT2shsNI4ehru3yEMLdKQjV6c93lnEcgPF033pvJXX.W', 'isaac51', '1965-07-21', 'Leclerc'),
(210, NULL, NULL, 42, 'luc.thibault@rolland.fr', '[\"ROLE_USER\"]', '$2y$10$Gn3LVy1MoG8kj0HowQz1buKbvQsoctmuh6O7/sBBePGDBqed6Re56', 'bernard68', '2005-01-29', 'HenryBourg'),
(211, 6, 9, 41, 'perret.etienne@noos.fr', '[\"ROLE_USER\"]', '$2y$10$2j8EcI5kMu4Jd5WgZkjA4OIfF5f9LzScSLtcKOFqvtz2AjmKTMQge', 'pierre01', '1974-07-30', 'Marchand-sur-Mer'),
(212, 6, 8, 34, 'picard.thierry@bonneau.org', '[\"ROLE_USER\"]', '$2y$10$upVcxZgZBYz3SpJr0tc3A.NSnozxp1qJwyVlL/0tdAH.Gj5MNUbmq', 'alexandria63', '1978-03-10', 'Garcia'),
(213, 7, NULL, 35, 'fernandez.martine@pereira.org', '[\"ROLE_USER\"]', '$2y$10$ZlxAKqjcFLjHM.hpUAJzHuip7naswW9ML7DTBV9ASc0fPWSbZjsR6', 'igermain', '1988-02-29', 'Goncalves'),
(214, 6, 7, 27, 'agnes73@hamel.fr', '[\"ROLE_USER\"]', '$2y$10$6v7GKZDwz4FyJVEzwwtO.Op6CzQ0I6HDOVKLVbO9KkRt8d5.0QMka', 'matthieu.allard', '1994-01-05', 'Rodriguez'),
(215, NULL, 7, 31, 'qlebrun@tele2.fr', '[\"ROLE_USER\"]', '$2y$10$YnRRV2I2W9Q7ogsBzwKSGOpBfMk7J96YkB/Jm/Bfx.WirsMnIjG7i', 'gchretien', '1988-04-14', 'Charrier'),
(216, 6, NULL, 23, 'leon.fontaine@leclerc.org', '[\"ROLE_USER\"]', '$2y$10$udSqAjJmDIdyJRBXGvu12u2iSrOI7JRl3iasVIsdLBFyw.RG9A0xC', 'rodriguez.josephine', '1995-03-07', 'ThomasVille'),
(217, 8, 10, 23, 'rossi.stephanie@leroux.fr', '[\"ROLE_USER\"]', '$2y$10$dPIvJTgRIsssjF0d3LYCyuhOyHVIE8WWubw9QOzmJ1IQArxaIBnRG', 'raymond.gosselin', '1988-09-07', 'ClercVille'),
(218, 8, 10, 40, 'mpelletier@barre.net', '[\"ROLE_USER\"]', '$2y$10$KW4bgPefRzhuUAdOS.LIluVBc75vQ9pz6Qrw0c2IOYcTHfhC1jXEC', 'ulegoff', '2005-01-04', 'Bertrand'),
(219, 6, NULL, 28, 'jacob.elise@collet.net', '[\"ROLE_USER\"]', '$2y$10$VF/I3ThVWN65.dAVVqzS/uManUTfFV7ov.VFKlEmfMVzz4VjueimS', 'mercier.emmanuel', '1962-05-06', 'Normand-la-Forêt'),
(220, NULL, 10, 39, 'alexandre46@sfr.fr', '[\"ROLE_USER\"]', '$2y$10$0x06wLJ6HjNbJGJSwI6/0Oqc7z2NmLVZzpFl8fb/8bX.4k7wz3CrO', 'suzanne.coste', '1983-07-12', 'Charlesnec'),
(221, 7, 10, 24, 'amelie.guillaume@texier.fr', '[\"ROLE_USER\"]', '$2y$10$JvzvK47CpkU5PITtR1/Ye.6.RPBy23BYprjLAyuO3rr89wG4hulXa', 'helene60', '1989-03-24', 'Clerc'),
(222, 8, NULL, 42, 'michel88@weiss.org', '[\"ROLE_USER\"]', '$2y$10$OYCLux/WiHbtS5hiYw52I.9pXtorbViTNqPHw61w4P08modyFz.dS', 'dijoux.pauline', '1987-01-01', 'Lacombe'),
(223, 7, 8, 37, 'pauline84@boyer.fr', '[\"ROLE_USER\"]', '$2y$10$uqQZR/iM2YTDNfEV697Aa.nAfR4UtBBHT1vUjt9svTPET6lnGeD9a', 'osauvage', '1995-10-05', 'Guillot-les-Bains'),
(224, 7, 10, 23, 'cecile.robert@dbmail.com', '[\"ROLE_USER\"]', '$2y$10$XvVlCJZAQtDTjG18YYxDN.yrRpX./jFLPbVyO/mK8kYl/eggf2PT.', 'chumbert', '1982-03-07', 'Noel'),
(225, NULL, NULL, 30, 'psauvage@jourdan.fr', '[\"ROLE_USER\"]', '$2y$10$Y6wohcYdUboUYUuBDDOTh.3lzVPau0xI8JxSSeizTaU.PqSnkICWm', 'launay.renee', '2006-01-07', 'Delahaye'),
(226, 8, 7, 26, 'elodie.lucas@sfr.fr', '[\"ROLE_USER\"]', '$2y$10$Nl6SbJ7nZRRsX.gEohEDpew7zpXIk9CZS6oDUW9Q4twK2AjYZHGXy', 'ovalette', '1982-01-07', 'Colas'),
(227, 8, 8, 25, 'phamon@durand.com', '[\"ROLE_USER\"]', '$2y$10$s6lTSjJL13oAXimYMSXjpOp7JhK.ydksth6xgfEe3UzGPSP5cOo.q', 'luc.gosselin', '1988-10-26', 'LevequeBourg'),
(228, 7, NULL, 41, 'arthur.foucher@lenoir.org', '[\"ROLE_USER\"]', '$2y$10$7hZzCQGqk8QdLzUHoY3OXeIBGhAa6fL9C2NnbMWRf0hxUt25jW7Na', 'william88', '1985-08-19', 'Delorme'),
(229, 8, 7, 25, 'blin.eleonore@noos.fr', '[\"ROLE_USER\"]', '$2y$10$9uFaptOZpBXkmFXknsyrr.TQZ2bu6pJ47hc1FZnCO70Ja354l8/HC', 'auger.margot', '2000-12-20', 'Hoarau'),
(230, NULL, 9, 29, 'gfournier@roussel.com', '[\"ROLE_USER\"]', '$2y$10$AXa918n7/vcDaYc5YTKdROEoHAaFOGlDGSSLbVg39ZeDgn282efSa', 'paulette.brunel', '1985-09-10', 'Gros-sur-Lemaitre'),
(231, 7, NULL, 31, 'joseph.anais@schneider.fr', '[\"ROLE_USER\"]', '$2y$10$YKPr1/FLJVB8qhliehc.1OOWF33svnyhAEDa4vbxUDUE5gVgY4pB6', 'marcel.jacob', '1968-03-21', 'Pons-sur-Mer'),
(232, 6, 8, 40, 'agathe.potier@humbert.com', '[\"ROLE_USER\"]', '$2y$10$4ZwoaVuYRDjyY/d9GqyPgeHxnsQEB54JHVi41QRj3ta0zMtW3lOqe', 'dumont.edouard', '1975-11-09', 'Herve-sur-Dos Santos'),
(233, 7, 8, 26, 'theophile.legrand@orange.fr', '[\"ROLE_USER\"]', '$2y$10$8/Bb0IrVQ4Zhhh3HONbXD.6qikIfQ7BxqGAv1K/RxGpN.JATprUcK', 'sbarbier', '2000-11-21', 'Boyer'),
(234, 8, NULL, 34, 'patrick.hebert@wanadoo.fr', '[\"ROLE_USER\"]', '$2y$10$SZgvTXZqisFfL6CKXI.iSOgjkXctRxHWmuDK5OXUcIm3cLd9ZSmZG', 'tgerard', '2003-06-23', 'DelormeBourg'),
(235, NULL, 10, 40, 'thibault.delahaye@gmail.com', '[\"ROLE_USER\"]', '$2y$10$DRp9gkYOQeZyk0bSWExlEuP4O3KoqdYMk.eGeXi7EI5AfhthRdzMK', 'bigot.nicolas', '2005-12-02', 'Levydan'),
(236, 7, 10, 34, 'sblot@live.com', '[\"ROLE_USER\"]', '$2y$10$wNQOtbWkKpPL/ErRuDlPkOO569Ij.ZPRJI6z/G6C7tf7hyF1qlHlW', 'fernandes.catherine', '2007-11-27', 'Maury-sur-Charles'),
(237, 7, NULL, 36, 'marianne.jean@lefebvre.fr', '[\"ROLE_USER\"]', '$2y$10$wghDUbzFpe.1im0jLH0br.sdb.6XnozVNfUcZCQBWZNpnMGiFT5jG', 'lemaire.agathe', '2007-08-01', 'Lacroix-sur-Mer'),
(238, 6, 9, 23, 'wrenault@jacquot.com', '[\"ROLE_USER\"]', '$2y$10$/I73N8fNK3GWW0jKt1KBFuSWrf.2ykakD7Vq3lXkx.9lz3xxiAhKe', 'margaret.meunier', '1987-04-28', 'Clerc'),
(239, 7, 10, 31, 'fchevalier@robert.fr', '[\"ROLE_USER\"]', '$2y$10$9koZGzkW9ehOoAYEbt8RYubeKJDR2t9o41ljx/zhqCv34WJeUlnC.', 'jacques.baron', '1996-06-30', 'Vallee-sur-Mer'),
(240, NULL, NULL, 23, 'nathalie.girard@vallet.com', '[\"ROLE_USER\"]', '$2y$10$zN4r5ks/ln5nZmUqodjOpOp9/krqO0Gw/JN5IvcKlXg/MLiJqTFja', 'guilbert.chantal', '1991-08-04', 'Milletdan'),
(241, 7, 10, 28, 'tpayet@club-internet.fr', '[\"ROLE_USER\"]', '$2y$10$Zo4eLtbcIwYZzvxkwRwCguz6JsBK4StOEDOZAiWgiimUebhr1aKNC', 'susan43', '1982-11-07', 'Ledoux'),
(242, 8, 7, 36, 'gaillard.luce@yahoo.fr', '[\"ROLE_USER\"]', '$2y$10$fhGP8RkcUxCDjdw9eezDle35uOAQNCIZndswu49Jxv3bdmluC6O9u', 'munoz.suzanne', '1970-03-16', 'Benarddan'),
(243, 6, NULL, 26, 'julie.brun@wanadoo.fr', '[\"ROLE_USER\"]', '$2y$10$QQns4Su6Za/9ka7rIiUxnOsggM1nMeP/2ojYpPdNuhDviTMT6efra', 'qbaron', '1966-07-28', 'Hoarau'),
(244, 6, 8, 33, 'brunel.marie@ribeiro.fr', '[\"ROLE_USER\"]', '$2y$10$6PeDkBpkYu/yegIkzoXqJO2W5jrrJMZqc7.7lZUdgne.vnmmLz7VG', 'raymond.michel', '1983-02-28', 'Clerc-sur-Mer'),
(245, NULL, 10, 30, 'david.eugene@tele2.fr', '[\"ROLE_USER\"]', '$2y$10$G4aFV/0iPDNyDBLf4/6DO.w1jFibXAuLa16U/.AwFgQaDRFHnjMfW', 'mathilde11', '1968-08-01', 'Mahe'),
(246, 8, NULL, 31, 'michel.veronique@club-internet.fr', '[\"ROLE_USER\"]', '$2y$10$195hVlXPrgYFIxGyZWA1Z.r6ImR.hNt5hp6W99uBFlzO79H6SEMGi', 'leon75', '1994-08-11', 'Lagardedan'),
(247, 8, 10, 41, 'vlebrun@fournier.fr', '[\"ROLE_USER\"]', '$2y$10$ripdHJktKOlmO9QbEqahXucRP8T25Cd7E4ungL7GIyh20GmhkWXeC', 'lemoine.isaac', '2008-03-12', 'Fouquet'),
(248, 7, 8, 32, 'htorres@sfr.fr', '[\"ROLE_USER\"]', '$2y$10$TqQ5hJhDOI6VIsCGHCN7OOnDltpXLQTFEEWc0MygtV93XCH.kVWUe', 'vhenry', '2004-12-27', 'Courtois'),
(249, 8, NULL, 38, 'alexandre.cousin@bailly.fr', '[\"ROLE_USER\"]', '$2y$10$w9/ext60YT10ecRQwLO1Ju8zgcw0poqXDrYBa8dzXe13QHs9zvqR2', 'matthieu28', '2003-09-16', 'Paul-sur-Martineau'),
(250, NULL, 7, 30, 'maurice.blanchard@caron.com', '[\"ROLE_USER\"]', '$2y$10$GXOP61ou01Ue.XXA8Er3YevnlA/D7OM92PpI2FEEp6Bv9iOxe6FVO', 'jules00', '1992-04-15', 'Lebrun'),
(251, 7, 8, 30, 'martin20@benard.com', '[\"ROLE_USER\"]', '$2y$10$dkY3je14t.CtUxCoFAN8kOlBK/rO9ODkjw2p5z4aN3z1TN0TKBYLW', 'adam.eric', '2006-12-14', 'Arnaud'),
(252, 7, NULL, 38, 'gabrielle.weiss@morvan.com', '[\"ROLE_USER\"]', '$2y$10$MdW4OYFM0wYBKyywCgL8BeboakxQZbSMUyPRXAb1h1uxMUzDvaDnu', 'prevost.louis', '1975-12-19', 'Toussaintdan'),
(253, 8, 9, 32, 'maurice.barthelemy@mahe.com', '[\"ROLE_USER\"]', '$2y$10$xhe7.pCjp2MMyFpn.rIib.zU..85hZn/C2GHYGOsBPHOvtQyc2Daa', 'jmenard', '1965-04-10', 'ColinVille'),
(254, 7, 7, 32, 'honore.lenoir@lemonnier.com', '[\"ROLE_USER\"]', '$2y$10$6wcsBmQIR9USFD28UggaUeSCsfoJuqHa0TV9fIifyeoWWzw8PzQzS', 'menard.zoe', '2000-07-19', 'Teixeira'),
(255, NULL, NULL, 31, 'richard40@wanadoo.fr', '[\"ROLE_USER\"]', '$2y$10$cxXZw.8ftfsFUtl3sNF8oennHT8ri.gN1eRWCcISBZB4sWEDsbasi', 'anastasie.blanc', '1998-08-27', 'Ferranddan'),
(256, 8, 10, 40, 'vmathieu@dbmail.com', '[\"ROLE_USER\"]', '$2y$10$uNbDjswQ9lubMuaP2WeBvuVTKuDS2Pdn8Eh.3PtsLZffJTQvLGh7q', 'nicolas.catherine', '1971-11-19', 'Andre-sur-Tanguy'),
(257, 6, 8, 23, 'lemaire.mathilde@club-internet.fr', '[\"ROLE_USER\"]', '$2y$10$l9dRcEw4RTRAaF5uKj6gFufFr0xzF/LyK0k1N7hhPEjFus/iAT0ga', 'andre58', '1998-11-07', 'Sauvageboeuf'),
(258, 8, NULL, 24, 'dgillet@ribeiro.com', '[\"ROLE_USER\"]', '$2y$10$b0PG.Uyhq4.O82jt/ZYTses7waF6jGjOlH.EdZOttDTlaX8TljziK', 'henry.matthieu', '1975-02-08', 'Turpin-sur-Andre'),
(259, 7, 8, 26, 'olivier07@sfr.fr', '[\"ROLE_USER\"]', '$2y$10$Xwp.UVOX14w0m3GjZ47hGeMnEYbTKNGt26ngnRQPnCwOPlqtephG.', 'gilbert.lucas', '1965-04-04', 'Blanchet'),
(260, NULL, 7, 36, 'gabriel25@noos.fr', '[\"ROLE_USER\"]', '$2y$10$F4.QYuTEZMeeMwkEpreYLuMD3oytC5lhxzMISagAp3d3oNL0bFOri', 'morin.frederique', '1971-09-07', 'Levequeboeuf'),
(261, 6, NULL, 40, 'fouquet.cecile@laposte.net', '[\"ROLE_USER\"]', '$2y$10$dsL6Sv7Iq14nJxK.Namum.8pFiEB.F67QX7YYdO75XognGicA4yBi', 'adelaide42', '1985-12-06', 'Parisnec'),
(262, 8, 8, 38, 'ledoux.eleonore@moulin.com', '[\"ROLE_USER\"]', '$2y$10$No8.qKczYet3qNAO8tXQNui9Z2sRvYAlKf1n3sj0LBDJlHdjSgQeG', 'scharles', '1978-03-09', 'Hubert-la-Forêt'),
(263, 6, 10, 41, 'marcel.charpentier@free.fr', '[\"ROLE_USER\"]', '$2y$10$OYv8u6Ro3nWVasbprTLihuK9NxgWksgzIhpEXo3wjdDSu75RnQp9O', 'alfred.cordier', '1978-07-09', 'Rossi-sur-Duval'),
(264, 8, NULL, 25, 'paul.leroux@blanchet.com', '[\"ROLE_USER\"]', '$2y$10$YV/QFmA7wTdbAZZse9JHa.5pp2mnmpSjJkHUGIo2CQHfw1/DFr.h2', 'nlejeune', '2005-05-19', 'Lacombe'),
(265, NULL, 8, 34, 'etienne.albert@noos.fr', '[\"ROLE_USER\"]', '$2y$10$/YVphMXl96X2vEvbcciH3.qYVUcC0SKhJjEpcaKAo37kG1wWIDrTO', 'mathilde.meyer', '1964-03-02', 'Mallet'),
(266, 8, 7, 25, 'dorothee60@free.fr', '[\"ROLE_USER\"]', '$2y$10$./T64yiB/kRUO7Pm/MvDUeWgCGW8TLC60aeX9YP3gYJ4OsI1d.MUy', 'cordier.victor', '2008-01-25', 'Hoarau-les-Bains'),
(267, 8, NULL, 42, 'gregoire.garcia@dbmail.com', '[\"ROLE_USER\"]', '$2y$10$L2KARuELI/wJUNEZ4qNRTeIHvOubBZ5/Qd4QMbt9WRZSJmWLVsnj.', 'rlefevre', '1980-04-07', 'Riviere'),
(268, 6, 8, 30, 'philippe26@hotmail.fr', '[\"ROLE_USER\"]', '$2y$10$/QmwhfTMZ569sC0xtNklxe4nbIQVF3v3wTlKiImISHsdAcACmWAXS', 'zbreton', '1966-02-16', 'Martel'),
(269, 6, 7, 34, 'gregoire.marthe@sfr.fr', '[\"ROLE_USER\"]', '$2y$10$uqskn.3G4eeJnEUaYRsVGeL1a9z3iaujfSajQy3tfNo/SD3tmnZVy', 'margaux71', '1990-08-16', 'Bousquet-sur-Mer'),
(270, NULL, NULL, 29, 'francois56@raynaud.fr', '[\"ROLE_USER\"]', '$2y$10$ba6iJajcCTAeHeevG8zx7uUGd/16Bm3q/BJgXNWjeIdCWY1d4hHpK', 'masse.alice', '1973-08-03', 'Brunel'),
(271, 6, 7, 24, 'frederic.picard@hotmail.fr', '[\"ROLE_USER\"]', '$2y$10$o.Bdrnp6Je4R.1Xl7edkKO94gqF4nve/HmjWqkBD8kukwyLC1k1SW', 'clevy', '1995-07-23', 'Langlois'),
(272, 7, 8, 38, 'marchal.patricia@boucher.com', '[\"ROLE_USER\"]', '$2y$10$aSoe2RmSywUY/YIBzbyRr.b/FTGLxHDe9OhTkpmH3wSs5pVWP7aHm', 'susan.roy', '1973-05-16', 'ChauveauVille'),
(273, 6, NULL, 41, 'laporte.alexandrie@maillot.com', '[\"ROLE_USER\"]', '$2y$10$GW6UsEEjPKyyx1uML4LkxunPNK3s4mwVr7LjrBOVgyGWtlhn0DhRG', 'roger74', '1971-02-10', 'Maillard'),
(274, 7, 10, 41, 'michele.labbe@sfr.fr', '[\"ROLE_USER\"]', '$2y$10$zNSI5oQjHHqFlH17z0DLeuVpYeirpCEHwMkzKuneit3UyuKutta1a', 'charlotte.nguyen', '2005-05-06', 'Bruneau'),
(275, NULL, 8, 37, 'vallet.vincent@dbmail.com', '[\"ROLE_USER\"]', '$2y$10$CrpCUDf/nKDMX4vN6hP0DO.BKYGus9E5JsCaEPy4mLVRylbYfdM8a', 'qcourtois', '1990-12-13', 'Francois'),
(276, 6, NULL, 28, 'alfred03@bazin.net', '[\"ROLE_USER\"]', '$2y$10$Xp90B32dTHe5SJRF0fdkQe2iAFc6TqbbQmqLCUKjtZD30BaLK7Kpy', 'renard.william', '1978-09-21', 'CordierVille'),
(277, 6, 8, 26, 'gillet.monique@orange.fr', '[\"ROLE_USER\"]', '$2y$10$mKD.TaKXjDbLkm9kBLrA8uyPSNeth3yvRHgNlOKjrNt.FKLMrTsiq', 'laurent.barbe', '1967-07-25', 'Garcia'),
(278, 8, 7, 42, 'henri23@gillet.net', '[\"ROLE_USER\"]', '$2y$10$zHAABMxq7rbrTnepGvub6O71l2eVYmBHNZclrojAzEJRzJpePukSq', 'pascal.gabriel', '1988-07-13', 'Monnier'),
(279, 8, NULL, 37, 'emile67@wanadoo.fr', '[\"ROLE_USER\"]', '$2y$10$Vdg11Fx2RNyUxyqXZg9FSuk0v8XWw2aoaEqDGwrcxdfU0WJJjTtRm', 'audrey30', '1986-08-22', 'Vidal-les-Bains'),
(280, NULL, 9, 30, 'aurelie87@allain.fr', '[\"ROLE_USER\"]', '$2y$10$6swqtmmfsIaV6KsT.IHCb.LTxZ65A.5IkU9E9s8Civm0b.zxZAo..', 'arenaud', '1979-12-28', 'Breton-sur-Mer'),
(281, 7, 8, 26, 'hmeunier@hotmail.fr', '[\"ROLE_USER\"]', '$2y$10$obTLaZkLFTPYNpRpADmmCuRr.9hN2onJ3zx.U0ErDVljmHkpmxx5W', 'mboulanger', '1991-02-04', 'Danielboeuf'),
(282, 6, NULL, 26, 'leclercq.raymond@langlois.fr', '[\"ROLE_USER\"]', '$2y$10$FRxYKf.yb1oOInxTG4lYyeypMKUjCnjvHqkd/523rB4DI36KY7AsO', 'benjamin.paul', '1973-06-06', 'Leclercq'),
(283, 8, 10, 30, 'bouchet.alphonse@wanadoo.fr', '[\"ROLE_USER\"]', '$2y$10$g4E0R6fSqXGTTscrYiv81.PtsdXIWk4conBzWS9i2Wx.N4QY.JN4O', 'anne92', '1966-01-01', 'Chauveaunec'),
(284, 6, 8, 23, 'georges.delorme@tele2.fr', '[\"ROLE_USER\"]', '$2y$10$9pc1NhmkTeWXGznK.sQ7SOp0dcfjdAyaaqoAclT07khzX5y6uAGAu', 'pcamus', '1994-12-27', 'Pons'),
(285, NULL, NULL, 37, 'agnes.potier@hotmail.fr', '[\"ROLE_USER\"]', '$2y$10$jX3REI5zods81K8kWXGoVunLLwQmOg7ZzTSn3X7aJaByS10nOMCYG', 'genevieve95', '1985-06-01', 'WagnerBourg'),
(286, 7, 8, 28, 'victor33@collin.com', '[\"ROLE_USER\"]', '$2y$10$2ay/dwkh/lbYsi2Z0DukJ.OMFdr2Wyw5hwQTO6gZpwVgxZVLQf2da', 'jules.valentin', '1994-08-12', 'Paul'),
(287, 7, 10, 26, 'thibaut.albert@live.com', '[\"ROLE_USER\"]', '$2y$10$41aB2TnphLL1ZovkF.t1/On.TXfbXDOYhTn5/mlGKYAwqTm2TU09a', 'legall.claire', '2007-07-02', 'Martinez'),
(288, 6, NULL, 34, 'eric33@marchand.org', '[\"ROLE_USER\"]', '$2y$10$QjkfRvlHdnq.QVOfwD/1We8LA.NkqkSlCC8dWLC/Ru77lhi9t.N2G', 'christophe01', '2003-05-24', 'Muller'),
(289, 8, 10, 41, 'luc09@guyot.fr', '[\"ROLE_USER\"]', '$2y$10$xX1Y5yN8usrYw5YjxDJo4.ub9Pv9yFrZvZvjgnKvRO/6KOzYd.4Ei', 'maggie.bouvet', '1985-07-16', 'Delahaye'),
(290, NULL, 10, 40, 'laurent.robert@club-internet.fr', '[\"ROLE_USER\"]', '$2y$10$vivwRmJ.DXTCluHpJAnJbOzG1fi.3yaDyiu5pIPh8JVxfseX1N/Cy', 'cordier.patrick', '1966-08-30', 'Chevaliernec'),
(291, 6, NULL, 25, 'julien.dupuis@legendre.com', '[\"ROLE_USER\"]', '$2y$10$/9dkVISWRvlpl5NKkad32uYTh/HQuvY1pjJmmd3imsUDAv.yzIInq', 'khumbert', '1995-02-19', 'Gros-sur-Chauvin'),
(292, 6, 7, 32, 'gphilippe@buisson.com', '[\"ROLE_USER\"]', '$2y$10$pLHWWz9Lg55JfVIB/pGnze.y8nvzkid/poxXxaNgZAo9a1nHZM0y.', 'thibault.renault', '2002-01-22', 'Grenier'),
(293, 8, 7, 31, 'capucine.bonneau@yahoo.fr', '[\"ROLE_USER\"]', '$2y$10$yW5QbYWF85B.dz5ijLUdvuGrDz3QovouJZnqYS.7SOysuuHdps.BK', 'rbaudry', '1971-07-28', 'Clement-sur-Mer'),
(294, 6, NULL, 33, 'nguyen.philippe@raymond.fr', '[\"ROLE_USER\"]', '$2y$10$l6gEY3s1SNSqSqdvez1z2egCax.8G.9eg7FY2TFqFuDUfdA8em.pK', 'eleleu', '1964-08-21', 'Pascal'),
(295, NULL, 8, 26, 'odette.benoit@noos.fr', '[\"ROLE_USER\"]', '$2y$10$9w2dvZdXlgjYEx3iKvpAtO1786jI9Rp1zgeooH8O5l0/ABVpiJ.3O', 'xavier.goncalves', '1999-09-10', 'EtienneVille'),
(296, 8, 9, 38, 'wcosta@live.com', '[\"ROLE_USER\"]', '$2y$10$k/E1REkMnA1ZkQ.aTsZZiev7TUylBjUB6ATCombEd0FbhFXVLABpi', 'rboulay', '1966-04-12', 'Jacob');
INSERT INTO `user` (`id`, `profile_id`, `level_id`, `picture_id`, `email`, `roles`, `password`, `username`, `birthdate`, `city`) VALUES
(297, 7, NULL, 23, 'vallee.antoinette@lemonnier.fr', '[\"ROLE_USER\"]', '$2y$10$rL9ArKlyHJujmbnbGPyJZu.VKK/iZiOlbUT.NwUc9JvO/eu5vQk1C', 'christiane.charrier', '1985-08-10', 'Berthelot-sur-Reynaud'),
(298, 8, 9, 41, 'robert.turpin@dijoux.org', '[\"ROLE_USER\"]', '$2y$10$wGXVa1k.VEVkYfenMGLRR.wHpWsvWMhBLsgDukEhV/XC/.lLaszWi', 'olagarde', '1977-06-24', 'BlondelBourg'),
(299, 6, 8, 41, 'francoise62@gmail.com', '[\"ROLE_USER\"]', '$2y$10$iTFRRFLT2DHZgQTILgByLu14sX1Ww.1sioLz8Dtpz/RK8l5YTYYCu', 'boulanger.isaac', '2004-05-16', 'Marty'),
(300, NULL, NULL, 25, 'blanchard.theodore@bouchet.com', '[\"ROLE_USER\"]', '$2y$10$/ruH3/ofd7PnND/tvi16kuWTAzu22Hsdu9s0A48aVgleYqRMM8Oq6', 'alfred82', '1967-03-27', 'Chauvin-sur-Pereira'),
(301, 6, 9, 28, 'michelle25@tele2.fr', '[\"ROLE_USER\"]', '$2y$10$giD/OvWNLX54L523qs8ox.xHS9.SxA8IZT9233HWlxln9PUXyggJy', 'giraud.charles', '1988-07-04', 'Boyer-les-Bains'),
(302, 7, 7, 42, 'alix.raymond@riviere.org', '[\"ROLE_USER\"]', '$2y$10$ZVQq8T8gmllh3wr1IAlliOh9LEA2fgaLuLxiA68MqfFO6y7Mw6su2', 'louis.meunier', '1998-07-23', 'Schmitt-sur-Jacquet'),
(303, 6, NULL, 39, 'wgonzalez@tele2.fr', '[\"ROLE_USER\"]', '$2y$10$iSK0v/RppXqNVfvXyS7PZeB0H/UPVGPgnyjNBXVReCnDJUdcIRQ/W', 'noemi.joseph', '1967-04-26', 'Allard'),
(304, 8, 9, 32, 'leduc.andre@diallo.fr', '[\"ROLE_USER\"]', '$2y$10$T/Vu.6m9HWMNz8/vnkcLMuqo5y0.6670r4HhYLrYY0WgzoevS0Pvy', 'henri.lebon', '1963-01-03', 'Muller-sur-Chevalier'),
(305, NULL, 9, 31, 'stephane34@gauthier.com', '[\"ROLE_USER\"]', '$2y$10$.6zf.kJ6D.c5D5Guj9F.a.EkoxumkS9vlxpZN/ZvbUhT/yf7ybXJ.', 'ydiaz', '1984-01-26', 'Samson'),
(306, 8, NULL, 24, 'dhoarau@delahaye.com', '[\"ROLE_USER\"]', '$2y$10$4ml1aIURbrYGsXdBJ4Q9K.WdUhgjv5uBwj3nPeEzOmo5phB4Tsz.q', 'jacques17', '1975-06-17', 'Lemaitre-la-Forêt'),
(307, 8, 7, 42, 'thierry94@live.com', '[\"ROLE_USER\"]', '$2y$10$cj8nscH5IOtYQo1FRrhL9e.t53iBbYwsFlTxEAM.3Ts2.uJxKDz/G', 'honore61', '1965-10-13', 'NormandVille'),
(308, 7, 7, 25, 'marguerite.evrard@noos.fr', '[\"ROLE_USER\"]', '$2y$10$JKgZR3eZmvxxv05Q41DYB.Y5LtFcpqqzUyfdQvgtiLW0vUFXzBk6O', 'gilbert.leclerc', '1969-02-09', 'Laurent'),
(309, 8, NULL, 23, 'aimee98@live.com', '[\"ROLE_USER\"]', '$2y$10$fwZkGWHECaIdvxs2A0WYR.WU5dMjlGPcNFtWqmquIZQ9u8G3462su', 'lejeune.frederic', '1998-07-02', 'Chauvetnec'),
(310, NULL, 9, 36, 'daniel.monique@dbmail.com', '[\"ROLE_USER\"]', '$2y$10$0KkUkHjq5gYEb8nQ0lruU.fiuTps8OmtNa/0BV82ZZaJVD8aqIkYO', 'juliette50', '1967-11-08', 'HoarauVille'),
(311, 7, 7, 39, 'julien44@gmail.com', '[\"ROLE_USER\"]', '$2y$10$LfFwml../WX.zPBybYxyDubJtzi.4RPhnJz2VPqP15OxJrW7ZlH4.', 'laure17', '1982-10-08', 'Hebert'),
(312, 6, NULL, 26, 'valerie33@louis.fr', '[\"ROLE_USER\"]', '$2y$10$SNnbkWlimRmCR.ccfCH/puOx2ldiIgZCFN4A8cNbai5L6anJWehN6', 'barbe.olivie', '1977-03-03', 'Charpentier-les-Bains'),
(313, 7, 8, 25, 'hbertrand@yahoo.fr', '[\"ROLE_USER\"]', '$2y$10$u2y0Wgw1lNwRqKaKnFB4AOCWsp07YSiMrHpioIsdSC5DjxmA8XT5O', 'ebouchet', '2006-06-29', 'Pasquier'),
(314, 6, 8, 29, 'chantal05@live.com', '[\"ROLE_USER\"]', '$2y$10$4VFVB9GoCZylKSCIyahM7uyMUWHKP6/WvfF81SR5RUJunwVGfqy7W', 'morel.yves', '1974-05-20', 'Bigot-la-Forêt'),
(315, NULL, NULL, 29, 'cfaure@grenier.org', '[\"ROLE_USER\"]', '$2y$10$14A6kpb5B8J4VSnW.BNx7ulO2XI5.MYKmJMJTA2V5M8WmRFK6VmHm', 'masse.constance', '2003-12-29', 'Boutinnec'),
(316, 7, 9, 34, 'blanc.marguerite@noos.fr', '[\"ROLE_USER\"]', '$2y$10$Zq2jMhHmo8xWrgW/sg9d5OxvbalHhk8xBvnYJ.54svAm48JCf9unq', 'leclerc.arthur', '1963-12-03', 'Bonnin-sur-Morvan'),
(317, 6, 10, 23, 'maurice.evrard@delorme.net', '[\"ROLE_USER\"]', '$2y$10$F3/4h2VggAgTvUzeQ/Gq/.TUKv.TrwgPsju6Xs2XbCve.GZXZ.9Qq', 'henry.thibault', '1993-04-27', 'Collin-sur-Jacquet'),
(318, 6, NULL, 33, 'gay.francois@sfr.fr', '[\"ROLE_USER\"]', '$2y$10$nO1epCt5LcjN6ae6zmvQMOBV66Bua.R4BiBNHqrt2Iqhyev.fO1w6', 'nathalie24', '1966-08-30', 'Gosselin'),
(319, 6, 10, 32, 'tanguy.richard@club-internet.fr', '[\"ROLE_USER\"]', '$2y$10$OB1TD04Qg0fxBytB5uHxc.2bidwwYYgNDqwn9T15KinQVbmbb8p3i', 'bmarty', '1980-03-14', 'Voisin'),
(320, NULL, 7, 28, 'chantal.guillot@perrier.com', '[\"ROLE_USER\"]', '$2y$10$FnEpeXFDjkhyCwZXiAWwge3FzdXPi/EbouCQt08IsEX3s2AqIfana', 'durand.guillaume', '1968-02-16', 'Paul'),
(321, 6, NULL, 41, 'eugene.bouvier@orange.fr', '[\"ROLE_USER\"]', '$2y$10$vraegPBl2jZBWbP4fSNKGezPWxtUFV94XXPPn8LAhOcm/wiTDzPaS', 'penelope.noel', '1982-06-05', 'Perrot'),
(322, 8, 9, 31, 'gallet.alex@leclercq.net', '[\"ROLE_USER\"]', '$2y$10$8826exELT0VzhPBwFC6zU.GIvY2GSzTO9ftSL.wo/VL9tkkCAtcXq', 'dacosta.antoine', '1996-09-24', 'Da Silva'),
(323, 7, 10, 33, 'hoareau.theophile@herve.fr', '[\"ROLE_USER\"]', '$2y$10$xhcwV2gCJRO6ELnJUuWxZuhaHPDeVCGD74oeC7w.lLuGAYX/3Xvde', 'richard59', '1994-04-02', 'Lesage'),
(324, 8, NULL, 38, 'jeanne86@lefevre.com', '[\"ROLE_USER\"]', '$2y$10$Xq2pkhyUsgAmc41/KeYY..ddYDHLmyOvE/UFhQTLo8cU8m4L2SkBW', 'alice94', '1971-07-06', 'Germain'),
(325, NULL, 10, 33, 'veronique.teixeira@guillon.fr', '[\"ROLE_USER\"]', '$2y$10$Mz5jEi18Uk0GxWp/DbulTOAJ5eSJJODOeEg7LaF0EJU/a9ZHvd.1u', 'gilbert87', '2006-02-26', 'Lefebvreboeuf'),
(326, 7, 9, 23, 'toussaint.jean@dijoux.org', '[\"ROLE_USER\"]', '$2y$10$tcSQMiIVhYNNFCMK1iy4KeAKRkafLDiBVXQnX/M1lEZLlxP4F1/4m', 'lopez.ines', '1974-07-12', 'Brun-la-Forêt'),
(327, 7, NULL, 40, 'roy.victor@live.com', '[\"ROLE_USER\"]', '$2y$10$IdR/1CeatKBbmthiRA5EzOt/irV.ItaZLVAga5y.WZSntBf3P42x6', 'thibault04', '2003-09-22', 'Dos Santos'),
(328, 8, 8, 37, 'georges91@lopes.fr', '[\"ROLE_USER\"]', '$2y$10$k0Iz.bJWhYZvLPz7INjrBuv20MkK6RVXkTtvR6kokjcjC.Px2jcZS', 'edouard.allard', '2000-12-08', 'Paris'),
(329, 8, 8, 34, 'wdesousa@marion.fr', '[\"ROLE_USER\"]', '$2y$10$9yL2JDT/NuilRF3.TZV1/Oknd/y2A3CcKWQgtOd2B2arjCxg0Kq2G', 'wmichel', '1987-09-08', 'Laporteboeuf'),
(330, NULL, NULL, 23, 'henriette67@morvan.fr', '[\"ROLE_USER\"]', '$2y$10$RO1SzIRHbOxMkEvK/g21juiyXHRAbkekkzj3snu4w.GpPZGX0y5Uu', 'philippine.valentin', '1963-03-19', 'Charrier-les-Bains'),
(331, 6, 10, 31, 'genevieve63@club-internet.fr', '[\"ROLE_USER\"]', '$2y$10$BamRaDblrQEWSfBpQoDam.T.lGwcRoHrvY/YuQ3giOrkGA/e30koG', 'rduval', '1986-02-10', 'Poirier'),
(332, 7, 8, 38, 'valentine13@leveque.com', '[\"ROLE_USER\"]', '$2y$10$3FdsaJAfbhbyTVqe4HNxW.r71ZQbM8PQ9B/CDrxiuqFjSLAYWhlda', 'allain.louise', '1985-10-02', 'Rocher-sur-Mace'),
(333, 7, NULL, 36, 'udijoux@morel.fr', '[\"ROLE_USER\"]', '$2y$10$hanj6rO3gM.ft5SjZA4HeOiO.mzctVr/b7gsmYyLBdwZbCSRasO8S', 'dweiss', '1980-01-18', 'Bonnet-sur-Mer'),
(334, 7, 7, 37, 'wvalette@schmitt.org', '[\"ROLE_USER\"]', '$2y$10$K3YoabA0HpA7aa9RiMq17OKsJNu5mWByK1uTxxkMs9GikVIjF8Ci.', 'frodriguez', '2008-01-11', 'Dumont'),
(335, NULL, 7, 40, 'olivier22@dbmail.com', '[\"ROLE_USER\"]', '$2y$10$EMJR3R7/C2zlovWCrHu8T..vK/B/7I8N6BIDmyRDHmiMstjcPLRKu', 'suzanne.laroche', '1996-03-28', 'Blinboeuf'),
(336, 6, NULL, 33, 'franck.prevost@dbmail.com', '[\"ROLE_USER\"]', '$2y$10$QCgJJR2wcoV31XLjeyFniOnDTEYqbecYrA0KWqNivu787UuE4j2Xa', 'antoine.adam', '1971-01-08', 'Galletboeuf'),
(337, 8, 10, 30, 'leveque.henri@boulanger.net', '[\"ROLE_USER\"]', '$2y$10$hjcquFlHbcP0iVX1y2Do8OTg/UYHgWK3CWMhx7m9UGsLPeNRBJmHC', 'vmaillard', '1982-08-12', 'Clement-les-Bains'),
(338, 8, 8, 29, 'gleroux@clerc.net', '[\"ROLE_USER\"]', '$2y$10$ENmA7nOnIntqi8jYhWst/Ow2qvl9tfl/1.ldr3MghMfsunESUfrAu', 'schmitt.gregoire', '1966-07-18', 'Lagardedan'),
(339, 8, NULL, 41, 'caroline.peltier@herve.com', '[\"ROLE_USER\"]', '$2y$10$7s5yJT5fL1Y2K4GonlotzONX4KurpV3ddiRRamBpJCuxK6eSIPZca', 'mace.agnes', '1969-12-22', 'Fauredan'),
(340, NULL, 9, 27, 'tbousquet@tele2.fr', '[\"ROLE_USER\"]', '$2y$10$yeg4YFaYBL5TYuhsn8FpvewBmAoao9pgNXa53srteVlRsRMdrnaSy', 'audrey.regnier', '1991-04-07', 'Moreno'),
(341, 7, 10, 42, 'normand.etienne@hoareau.fr', '[\"ROLE_USER\"]', '$2y$10$hfhW3ON3lemyGlWRwK21H.KqnurVOzcYt8/F0.eyikxdaYtMZy9Lm', 'mathilde01', '1999-04-03', 'Joly'),
(342, 8, NULL, 24, 'ugallet@tele2.fr', '[\"ROLE_USER\"]', '$2y$10$8Rg2zupk22Iz8Ohm7yw8QeC304hhGI26UItp66Df/G8a4ek0Q5Pwq', 'etienne.isaac', '2005-06-10', 'Goncalves-les-Bains'),
(343, 7, 7, 26, 'lorraine00@hamon.com', '[\"ROLE_USER\"]', '$2y$10$rrcZH66hzSPVVWR4lNZdFeKbHGBSVmEXIxwhF9ASQUBo6hKeT3MwK', 'raymond.hardy', '1964-04-29', 'Toussaint'),
(344, 7, 9, 38, 'ybrunet@laposte.net', '[\"ROLE_USER\"]', '$2y$10$9WtwA5NcVlPqSXAykcGzeusfm4taCFmR03HnZluCxE59f0L/wDzba', 'francois.fontaine', '1988-10-22', 'Garcia-la-Forêt'),
(345, NULL, NULL, 32, 'schevalier@lebrun.com', '[\"ROLE_USER\"]', '$2y$10$iVb6pT6ncN9SjhKd8VObGu/yC.2zasY7v79H6s0y2fFdYcvE9USMu', 'nblin', '2006-02-14', 'Gosselin-les-Bains'),
(346, 7, 8, 33, 'lombard.guillaume@club-internet.fr', '[\"ROLE_USER\"]', '$2y$10$htsYJtCKVZoT032LiYLXeOQM1CGdR.rJ9MP4APQDb5L6qTeY9gLqC', 'arodrigues', '1979-08-11', 'Lenoir-sur-Francois'),
(347, 7, 8, 24, 'lebon.eric@vaillant.fr', '[\"ROLE_USER\"]', '$2y$10$x5zrZrt0XwlE1FrLuSBSp.uwDZchtkrjvQ1idVwmxI7smVA6C.VJq', 'nicolas.therese', '2002-03-01', 'Morel'),
(348, 7, NULL, 37, 'dominique.rey@yahoo.fr', '[\"ROLE_USER\"]', '$2y$10$TEDpIfg/uSQcBhZk9TaLI.2hYy9vOBvxQ32PyDhSca5MGqKwyVKsG', 'prevost.benjamin', '1981-06-07', 'Charrier'),
(349, 7, 8, 38, 'ylaporte@lecomte.fr', '[\"ROLE_USER\"]', '$2y$10$be6FHpocHcIY//dJmo9Icuhl5wZT0rxGL5xT.TJ6iBMb.fDBsHMMi', 'paul98', '1983-12-27', 'GosselinVille'),
(350, NULL, 10, 34, 'ilanglois@live.com', '[\"ROLE_USER\"]', '$2y$10$5n3T6JUpdbE2sh0PmvqcvOi1TzmGyb/FtsMhj41R9vvh.XROgewGa', 'thierry.gay', '2003-03-11', 'Brunetdan'),
(351, 7, NULL, 35, 'bernard.maggie@hotmail.fr', '[\"ROLE_USER\"]', '$2y$10$fNoYvrBa2/kR7lHAgMhX2eSv45NGbapQZe4FV2k9mKOMXtt0OLneK', 'pottier.marthe', '1970-11-07', 'Bousquet'),
(352, 6, 7, 29, 'thibault.henry@club-internet.fr', '[\"ROLE_USER\"]', '$2y$10$HzFBGdtkDJSMOX/G6pzr0emn2GHmj1uNDjObHvRbZu5AoUA8BA5Hq', 'xlegrand', '1970-07-01', 'Fernandez-sur-Mer'),
(353, 7, 9, 41, 'noel.allard@live.com', '[\"ROLE_USER\"]', '$2y$10$cW1wnwGxVvZeDDbQNlwrK.PYIb5xK3vjBRUtTEh3vuikxV95919PG', 'gabriel96', '1989-10-09', 'Peltier'),
(354, 8, NULL, 24, 'claudine89@yahoo.fr', '[\"ROLE_USER\"]', '$2y$10$g1tK6Tyc50cNIu9ft8wBKeVg3dHoBjqq4iytBFzSo8BFBe/t5kbEa', 'ffrancois', '2001-09-15', 'Maillotnec'),
(355, NULL, 9, 39, 'rmarty@nguyen.com', '[\"ROLE_USER\"]', '$2y$10$jBlapSYVUZfViKeLniq9qeRfLpyf7dXnlYIRrmw6LknjpJc.cxNXq', 'fouquet.jerome', '1971-05-20', 'Vasseur'),
(356, 7, 7, 32, 'nhoarau@wanadoo.fr', '[\"ROLE_USER\"]', '$2y$10$CXFeOSRqPPCsct.nrYoyBeOA3svECS3urD6KkHl4NsR9fQO1VHriO', 'jacques62', '1991-09-02', 'Lefort'),
(357, 6, NULL, 33, 'etienne68@dupre.fr', '[\"ROLE_USER\"]', '$2y$10$Lbto39chr4TiDCPWGhiuJOfOtwFrK9DHM/0exb74Wn90W.qbmrCiG', 'kgeorges', '1973-07-30', 'PonsBourg'),
(358, 7, 8, 24, 'xcousin@arnaud.com', '[\"ROLE_USER\"]', '$2y$10$dUkKpT550AXcOdJRNOXypesyp34lSr/ENLb48xMZEbH6WO/ph4cka', 'jleconte', '1999-02-01', 'Allain-sur-Pelletier'),
(359, 6, 7, 36, 'francois.begue@torres.com', '[\"ROLE_USER\"]', '$2y$10$fLJLRvJEYRN/fdC.16TdGOikkn3MQaLTx1z0RgrmVZFRVGUCTrdkm', 'henriette84', '1989-11-11', 'Lejeune'),
(360, NULL, NULL, 42, 'troux@weber.fr', '[\"ROLE_USER\"]', '$2y$10$z1gdbozCpm8eYPcK8Ao6luGAbKcQ07E1qAxkRJsNvjJO50QvwiUe6', 'laetitia92', '1990-11-26', 'Dias'),
(361, 7, 9, 36, 'ogregoire@mace.com', '[\"ROLE_USER\"]', '$2y$10$f9WasnzJb06YcZrxRR5iv.uYK5kRXGKg9vEUjwqI90RV.n29Eclj6', 'valentine.faure', '2003-10-26', 'Leclercq'),
(362, 8, 9, 36, 'william.gimenez@noos.fr', '[\"ROLE_USER\"]', '$2y$10$iL.NioGfF5ue.SndsUIewe8l2.m/Kk.jjJOHJMPUJQpmzfWLzldte', 'cecile24', '1997-04-10', 'PerrinVille'),
(363, 7, NULL, 29, 'dhoarau@yahoo.fr', '[\"ROLE_USER\"]', '$2y$10$XMzFQZXqUMZuo/bcYN/PhOnZSzHsJF1qUSZZ4KJT/jUC5MFkvCwFC', 'bertrand.bodin', '1999-10-21', 'Hebert-la-Forêt'),
(364, 6, 7, 42, 'sbenoit@renaud.fr', '[\"ROLE_USER\"]', '$2y$10$/lAWOYhnG6i9IP5MT2prEeinNlrqMlSFSfGHN3bs5Rw8PRhMFUGeG', 'laurent36', '1993-12-01', 'Le Roux-sur-Mer'),
(365, NULL, 10, 30, 'vasseur.bernard@dbmail.com', '[\"ROLE_USER\"]', '$2y$10$FpIm.QvVj4zyq2.pJJkGMu9g/xM56tbk59jWYojHUTlN5Qi5ZrMm.', 'noemi.camus', '1997-04-21', 'De Sousa'),
(366, 8, NULL, 25, 'neveu.francois@free.fr', '[\"ROLE_USER\"]', '$2y$10$.jqzzbpAZCLKd7P.qPREfupVINx44Q3A8G1O2usVrLv.MpVIxvfHG', 'ivoisin', '1975-06-23', 'Leleu'),
(367, 6, 10, 29, 'suzanne75@wanadoo.fr', '[\"ROLE_USER\"]', '$2y$10$4RfiSx1LkTgvfZkvFQO9CezTgOwOJFTmL1A3pdeQIKPkL5RAWnkpi', 'alain80', '1987-08-09', 'Denis-sur-Guilbert'),
(368, 7, 10, 38, 'bramos@mathieu.com', '[\"ROLE_USER\"]', '$2y$10$MiHIJs.rqcOvXRJW967uB.D6hQtnG16oA8ZqA7OV9Ss0z/iSOCxra', 'boutin.laetitia', '1984-11-24', 'Mailletdan'),
(369, 6, NULL, 29, 'bmartins@peron.fr', '[\"ROLE_USER\"]', '$2y$10$ASjVOft1EeNQqyLmhomv1uX03MThYK29yHvp7HXl6DqOl9bHqyv3.', 'susan73', '2003-09-29', 'Morvan'),
(370, NULL, 7, 23, 'baron.josette@mathieu.fr', '[\"ROLE_USER\"]', '$2y$10$Cw7bqrbh4jz250beMsKug.MB46G0MtEfuMUvGTJqflx8dde6NB8k2', 'bonneau.joseph', '1998-01-31', 'Lebrun'),
(371, 8, 8, 25, 'omaurice@morvan.fr', '[\"ROLE_USER\"]', '$2y$10$0blYfS/nRMb9X0wZ7BBA9.JLS/AaGpAzmZVYgr2w6LXkB.IFkT/uC', 'fabre.frederic', '1975-06-14', 'Berger'),
(372, 7, NULL, 32, 'nicolas.morel@roussel.com', '[\"ROLE_USER\"]', '$2y$10$csZnQYYC.Fw0lumorKsPYOG9MvqlSQNX.tvSJvEPl0KzNZqDtIgEa', 'laurent19', '1985-10-25', 'Guyon'),
(373, 8, 8, 35, 'robert89@laposte.net', '[\"ROLE_USER\"]', '$2y$10$GCecf/w55XG8RJkTcMh/d.JLc.vJEY/z53k9TmSZ1tavXo.opcY6K', 'hseguin', '1986-08-22', 'LamyBourg'),
(374, 8, 9, 42, 'eblanchet@lebrun.fr', '[\"ROLE_USER\"]', '$2y$10$IfoPwJgYJqXZ3NE1vp2aVejsgx6H/yXaCuJjJjYPs5oXKCOu0BCVC', 'marie16', '1963-01-01', 'Fouquet'),
(375, NULL, NULL, 28, 'hebert.benjamin@yahoo.fr', '[\"ROLE_USER\"]', '$2y$10$QEWHzd.bwCCVUnwrNU798OKAWBkRdGQwf5p3dQUgaGjjWGxmYRPUe', 'nmercier', '2004-10-10', 'Barbe-la-Forêt'),
(376, 6, 10, 32, 'laetitia29@garnier.org', '[\"ROLE_USER\"]', '$2y$10$j.nIQWjQJ.MPhNiuswKYq.5YDNE69oKsTinSRLGSPXZWJfdWPKA4q', 'edouard04', '1973-04-17', 'Roux'),
(377, 7, 8, 30, 'roger79@briand.fr', '[\"ROLE_USER\"]', '$2y$10$HDy5nKDIHegmz3cDRGDOYeM4AUk3zwgEZzw/IiXDVyzRa5uZP2DJi', 'anouk.dijoux', '1985-02-02', 'Lerouxboeuf'),
(378, 6, NULL, 24, 'matthieu.blin@dbmail.com', '[\"ROLE_USER\"]', '$2y$10$jXCTJXIv.xZxYSqUV/nv6eQfYGxzUjxShh9gSz/tQIWJaN.p2Y17C', 'thierry.hardy', '1995-07-01', 'Leroy'),
(379, 6, 10, 38, 'ferreira.patrick@live.com', '[\"ROLE_USER\"]', '$2y$10$GwEHesGYkp9XJi3I1gqAB.EpePNP3varytZvYTh3hU1vjmiLvbWau', 'boulay.alphonse', '1967-07-05', 'Perrin-sur-Morvan'),
(380, NULL, 8, 25, 'noel.ribeiro@aubry.fr', '[\"ROLE_USER\"]', '$2y$10$mGxv47P1/zQk2w8N0XyJsOhvFcujkgJ0GvJcmTqtIWevEGVFYOoQG', 'suzanne.guillon', '1974-06-12', 'Allard'),
(381, 7, NULL, 38, 'evidal@laposte.net', '[\"ROLE_USER\"]', '$2y$10$PhUjQcNhtKq4.bBb2ERyBemWtRHODYukl.GYzbFfgNLZccK2/Htcy', 'auguste37', '1963-06-16', 'Potier'),
(382, 6, 9, 31, 'emile.gonzalez@noos.fr', '[\"ROLE_USER\"]', '$2y$10$CcbwDRnrII/TGcNGab.cJeUGtF8a1ONkgZZqhe5/1IRw9SrzDZRUe', 'henri44', '2007-01-05', 'Jean-sur-Traore'),
(383, 7, 9, 29, 'philippine.guillaume@gmail.com', '[\"ROLE_USER\"]', '$2y$10$GtOl8yytq4iqMg1BC3bS5euyyBA.j968eUtmLIiPtiDdZVUP9OZ9.', 'spoulain', '1976-04-10', 'Prevost'),
(384, 8, NULL, 24, 'charlotte30@richard.org', '[\"ROLE_USER\"]', '$2y$10$paUdTR5RMqGd.O36cwIB3eUc1NM6j2nDucdakRsFg5LAvsePIYgv.', 'vincent91', '1968-06-19', 'Legros'),
(385, NULL, 7, 23, 'leleu.thomas@lombard.com', '[\"ROLE_USER\"]', '$2y$10$AlbnETW5H582X/vWtOHvTOtLhX/QA3JDbuSon2BMq.9uvs2vOZhEi', 'amarin', '2002-03-17', 'Antoine'),
(386, 6, 7, 30, 'ines69@delmas.com', '[\"ROLE_USER\"]', '$2y$10$OR7euRjXDipXnhsedgKsC.gDnuySCYgDIFZPgJpCSYKHv8FO0H0v.', 'leclercq.frederique', '1966-06-22', 'Klein'),
(387, 6, NULL, 28, 'marechal.jules@free.fr', '[\"ROLE_USER\"]', '$2y$10$aEbom3iIdbNj/0srK0mb2OEjYMKLAn4goCkNypzRpRl6l3r7jBHdW', 'aime66', '1990-10-02', 'Riviere'),
(388, 7, 9, 39, 'margaret.caron@wanadoo.fr', '[\"ROLE_USER\"]', '$2y$10$IQ/BMefS8Q4UeDI6qtEKOO9/xEYSC38P/uV5Z7KYJA8yJxCwfZph.', 'descamps.marianne', '1987-01-20', 'Bourdon-la-Forêt'),
(389, 7, 10, 42, 'dbouchet@fabre.net', '[\"ROLE_USER\"]', '$2y$10$CqLpsXqAw4QBBO40fgbH/u6sfS46fwd.MBF7DxoqTchn59AnfnZ4C', 'andree34', '1967-11-14', 'Fouquetnec'),
(390, NULL, NULL, 37, 'vmartinez@toussaint.com', '[\"ROLE_USER\"]', '$2y$10$RdXQ8TSp0vTnwACThcx4Su9K3lciTyIwHRGASpfkFKo6XmLUw/ECm', 'levy.noel', '1985-01-11', 'Gerard'),
(391, 6, 7, 28, 'margaux06@wanadoo.fr', '[\"ROLE_USER\"]', '$2y$10$hrHGNFZKXoWTyf3ahhtlhOxLrivRvb4ODp1Eo3orGLVBYJHs4lPpm', 'celina43', '1979-08-10', 'Barthelemy-sur-Guillaume'),
(392, 6, 8, 27, 'bertrand.dominique@yahoo.fr', '[\"ROLE_USER\"]', '$2y$10$TcLuERuxcw8OhmbJrl/HpOtKozdcdLBq7vY8.y.67X9pG0tEzoonO', 'martineau.georges', '1968-08-11', 'Lenoir'),
(393, 7, NULL, 27, 'daniel16@lamy.com', '[\"ROLE_USER\"]', '$2y$10$1NdE3um/bqAkZzDkxtShGuO0qhl3CqoYwUhhMdNTvOlxrAUSfAC9W', 'arnaude32', '2001-04-28', 'Gilles'),
(394, 6, 9, 40, 'marthe35@free.fr', '[\"ROLE_USER\"]', '$2y$10$FpOtcEiMZ1nWmlR4uLsVcurhLR7OKbGssjektvf1vmsQtFe7ghNpq', 'zsimon', '1966-08-16', 'Perezboeuf'),
(395, NULL, 10, 40, 'tweber@yahoo.fr', '[\"ROLE_USER\"]', '$2y$10$lQg2VoBCGf9DiuGRKIKv9OZVwR2q4CuhyO.AXaU9oTp4GyJsJfif.', 'louis57', '2002-02-06', 'Devaux'),
(396, 6, NULL, 34, 'dupre.emile@sfr.fr', '[\"ROLE_USER\"]', '$2y$10$3dtR43VTsi8ekDahIfCeau3.HpNnO1m5xMLByR/oAR1maFHRW333.', 'hortense45', '1998-07-16', 'Verdier'),
(397, 8, 9, 24, 'thomas.jean@hotmail.fr', '[\"ROLE_USER\"]', '$2y$10$2Z2fmxLxRPqDNESZEY6W.u9QXYoD3M.MllgRWZ8VxnC6nGjQcaQB.', 'lorraine58', '1990-05-27', 'Thomasboeuf'),
(398, 6, 10, 28, 'marguerite44@riviere.fr', '[\"ROLE_USER\"]', '$2y$10$0gNzZ1O24AoUwAsYLuh97.ZzOxvv82B2EVaVRmqtOy8OXVoU8qvgi', 'lagarde.franck', '2002-04-20', 'Moreau'),
(399, 8, NULL, 41, 'cloiseau@tele2.fr', '[\"ROLE_USER\"]', '$2y$10$291gjVFha3a4gqbK2LY7EetAqsAQFnMGQIZ50xiZebK/8lrTxn662', 'lorraine.schneider', '1988-06-05', 'Vidal'),
(400, NULL, 9, 39, 'benoit23@bourdon.net', '[\"ROLE_USER\"]', '$2y$10$e5T2wrm6sfUXKjXQtV.vB.7UCIM7f6mj9fLD7ODRs.ufNuB9Pw1g6', 'paul.pons', '2006-10-14', 'Herve'),
(401, 8, 7, 35, 'frederique09@laposte.net', '[\"ROLE_USER\"]', '$2y$10$hJO/HKBM.PT96NWMoHHBzuDL2jdLpv3p39zAqh577zWW6sdxsYDWm', 'caroline34', '1996-04-08', 'Jacques'),
(402, 7, NULL, 40, 'matthieu90@tele2.fr', '[\"ROLE_USER\"]', '$2y$10$xjsYgPzR23RRQ.kzzXVR5OjRLt22opuwyfCfb9wWh8kg3LPpLlauu', 'bfernandez', '2007-09-23', 'Langlois-sur-Delorme'),
(403, 7, 9, 25, 'dmarechal@free.fr', '[\"ROLE_USER\"]', '$2y$10$PKvl1/l4Fbn/3X4d7.Ot9.i1ok6ton0rkl/bLuC7Gbsb0JxPOObte', 'bazin.clemence', '1964-02-04', 'Petit-les-Bains'),
(404, 6, 9, 26, 'roux.margaux@jacquet.org', '[\"ROLE_USER\"]', '$2y$10$iv4gkvUj6769kfSYXI.jLeJxvJWD/bUXWJlqK47WlBnZXh/.8Nuo6', 'anastasie.guillaume', '2005-03-20', 'Foucher'),
(405, NULL, NULL, 26, 'alexandria.lebreton@orange.fr', '[\"ROLE_USER\"]', '$2y$10$lsARX7GlWN.Ik.CTAy6ho.4DqqmmNa/TzPDSRyZYPX6hBvTvCm4CK', 'martineau.anastasie', '1984-07-14', 'Nguyen'),
(406, 7, 7, 38, 'adrienne42@gmail.com', '[\"ROLE_USER\"]', '$2y$10$CQn1stdbYQs6c/U.hyfysO3fZ5s/trP9s5dzJehTkeVpjtsDgFd.a', 'anne21', '2008-03-09', 'De Oliveira'),
(407, 7, 10, 31, 'alex01@evrard.fr', '[\"ROLE_USER\"]', '$2y$10$QB4WV58BrBrOND4qYg0jyuDD3V.ChXIqKXgDLDIGQzh/vXbEIpuNy', 'pmartineau', '1991-07-26', 'Nguyen'),
(408, 8, NULL, 33, 'daniel.bousquet@orange.fr', '[\"ROLE_USER\"]', '$2y$10$1d9jV1ywFPlRzj/9BQHcN.Ts02AfPaR6i0zzgSSj3/9DewxONoer2', 'louise52', '1990-10-01', 'Gilbert-les-Bains'),
(409, 8, 10, 36, 'morin.daniel@sfr.fr', '[\"ROLE_USER\"]', '$2y$10$ZlE52OT85opDFDcazj/exedUWktD.Xaref0Bk84y.X4V/MqD4ugXS', 'eugene.goncalves', '1977-07-20', 'Pinto'),
(410, NULL, 9, 34, 'marianne50@sfr.fr', '[\"ROLE_USER\"]', '$2y$10$x1juVeu9Idrtj4a5HjNX8OYhz3DbCyWZszwx3plg972s262XqcxNG', 'claude.munoz', '1970-01-01', 'Daniel'),
(411, 7, NULL, 34, 'michel.marechal@blanc.net', '[\"ROLE_USER\"]', '$2y$10$hlUfOV1iMIW/RoewYv4w2OJ67V5UCyto./Q4..qd5/.7VQKhF.PC6', 'lagarde.lucie', '1990-03-30', 'Robert'),
(412, 8, 10, 34, 'laurent45@club-internet.fr', '[\"ROLE_USER\"]', '$2y$10$FUpADapUs0UhLn1RSVtg1OfPlBmz3DwJXcGtI/hEuhZo76ScTQh.G', 'emace', '1998-04-07', 'CharpentierVille'),
(413, 6, 8, 41, 'letellier.roger@bernard.fr', '[\"ROLE_USER\"]', '$2y$10$Ay/r6L5JyT45coSRtghEmuBbgFRSrO7uuF2eQqDPGjZTpP7Ll6VmW', 'ypages', '1969-08-18', 'Morin'),
(414, 6, NULL, 23, 'breton.timothee@laposte.net', '[\"ROLE_USER\"]', '$2y$10$wkFSyUsxrvSH0/QeIZEKbOQU3U2aZLknLs41elRL263McBI/lL0sW', 'riviere.eric', '2006-09-30', 'Nicolas'),
(415, NULL, 10, 40, 'ribeiro.dominique@valentin.com', '[\"ROLE_USER\"]', '$2y$10$UcVFiDrr/A71CGOmU2jMEO6Eb7WQExkJyIJN34fLxMIueLE4Jsbsa', 'aimee07', '1991-07-17', 'Jourdan'),
(416, 6, 9, 26, 'olambert@martel.org', '[\"ROLE_USER\"]', '$2y$10$v7noQpJlCweePNcHN/Ds4OxtkqkOoPkxcUgL72hFwmvAJ0/dPUyBO', 'vasseur.alexandre', '2007-12-29', 'Guillou'),
(417, 6, NULL, 30, 'jacqueline.dubois@tele2.fr', '[\"ROLE_USER\"]', '$2y$10$nrItv0NB67bwBJJxHU1h7uVcI5HbH9LfgTqPnXumgh2Y/GD9fUVC2', 'courtois.adrienne', '1995-01-18', 'Leclerc'),
(418, 8, 10, 24, 'riviere.alphonse@marques.org', '[\"ROLE_USER\"]', '$2y$10$hvZ.B2wELVnmsMLDhGsFe.NlpE9RzMhaZUDm.j0wvJxY97UaR58q2', 'luc09', '1969-11-21', 'Lebrundan'),
(419, 6, 10, 38, 'xandre@masse.com', '[\"ROLE_USER\"]', '$2y$10$wX7ZRH6wO2NlX29kr/AWP.DtUFnwv2hChtvsvW56G1oXiqvbmRafq', 'matthieu09', '1962-04-16', 'Lebreton'),
(420, NULL, NULL, 33, 'zacharie31@free.fr', '[\"ROLE_USER\"]', '$2y$10$NDSIceoVod/.IlhPOM5w3.F0ZARBeR3MQmlf2oKkHY4.9b99Umnlu', 'philippe.lacroix', '1966-03-21', 'Laporte'),
(421, 7, 8, 39, 'anais.caron@maillet.fr', '[\"ROLE_USER\"]', '$2y$10$wSXKWPOZ6KwkRqNMmsTA6OIVSq6E7lEacofo0vPW3/qLBS9HjPCzu', 'emmanuel.jacquot', '2001-05-10', 'Girard-la-Forêt'),
(422, 6, 8, 23, 'leon50@levy.fr', '[\"ROLE_USER\"]', '$2y$10$39OEvNOxCMul8U82E2Hmfu0yn8nlVlIj7dqIERYAeRuwCv5uw9Agq', 'remy82', '1977-12-28', 'Ledoux'),
(423, 8, NULL, 25, 'oduval@goncalves.com', '[\"ROLE_USER\"]', '$2y$10$KU8Rd2Pzx9M6/5xyMT4zde3JeBzBYREZrW3s5QOzFEKMiz67KB7le', 'coulon.patrick', '1998-07-17', 'Mathieu'),
(424, 6, 7, 23, 'edith.schneider@free.fr', '[\"ROLE_USER\"]', '$2y$10$4JmfrauznHKEvMMUIUhMQurzO7Pp53q88DU/3jsz4On0l7pbVGJfm', 'celina20', '1970-12-12', 'Lebreton-sur-Renaud'),
(425, NULL, 10, 33, 'vpaul@club-internet.fr', '[\"ROLE_USER\"]', '$2y$10$1RoJCu7uBIHrbcnxKsgDheVRQyX8/QqGXBGgwr8Ia9SzLLDBtSPnq', 'jarnaud', '1965-09-05', 'Le Roux-les-Bains'),
(426, 8, NULL, 23, 'berthelot.patricia@garcia.fr', '[\"ROLE_USER\"]', '$2y$10$xOA33DL2Qgtiv313Oeiqb.5YY2UXUOyMaOA2dj./cG5gqMOqLAKNG', 'kjoubert', '2007-07-16', 'Baudry-la-Forêt'),
(427, 6, 8, 23, 'eugene09@hotmail.fr', '[\"ROLE_USER\"]', '$2y$10$EpKuYHlxRMcIoo1mTOB7cuZeMVdGbP.X9B7N6A8HVtHbQ0xyW9D0y', 'denis.leconte', '2007-10-07', 'Cousin'),
(428, 8, 9, 30, 'anne52@marques.fr', '[\"ROLE_USER\"]', '$2y$10$.tskxqP6yx30KfdrE/mN6euovXLPxJ6kNfJTRXKKwBwnKZWNwlFS.', 'gomes.caroline', '2002-09-29', 'Bernier'),
(429, 7, NULL, 30, 'colette.vidal@moreno.org', '[\"ROLE_USER\"]', '$2y$10$dN2zzdUAGqXl72ZDl984tOT./NHCm9WylAdHUX89CnIVi6ApWd25e', 'delaunay.bernadette', '1986-08-10', 'Pasquier'),
(430, NULL, 10, 32, 'paulette.nguyen@hotmail.fr', '[\"ROLE_USER\"]', '$2y$10$JPY4aicfhaMwMbQ4qBlCHu9FQjneNvQUgZ1893.ygVRGZm4ur71l.', 'duval.richard', '1991-12-10', 'Charriernec'),
(431, 8, 8, 23, 'lacombe.emmanuelle@dbmail.com', '[\"ROLE_USER\"]', '$2y$10$ZqWd6V1N5xICBcOsQuVYUe7RjZoJAI1aW88j8JEUnmV/uPzMP9Mp2', 'renee.guichard', '1987-04-22', 'Bernier'),
(432, 7, NULL, 35, 'premy@martineau.fr', '[\"ROLE_USER\"]', '$2y$10$Ky2dDldUX/I1Hsz8MgfmH.Srl9KKbxMcgDfs21H9Y.2Qc0HOMsnki', 'xavier09', '2007-06-23', 'Wagner-sur-Mer'),
(433, 8, 9, 27, 'yves.bodin@gmail.com', '[\"ROLE_USER\"]', '$2y$10$CQkht0c7iOMTy2tNIFWPfu43cwxvI8Ia2PQkB52cK.QmY1n86ltHy', 'wdacosta', '1978-02-22', 'Maury-la-Forêt'),
(434, 7, 7, 33, 'maillot.anais@chauvet.net', '[\"ROLE_USER\"]', '$2y$10$h0gLYfBBeAG2ENReVXM66uD5IZQKe362giW4B3NqGS2PDYxfnZJii', 'francois.caroline', '1990-05-29', 'Guillaume-la-Forêt'),
(435, NULL, NULL, 34, 'bonnet.louis@marchand.org', '[\"ROLE_USER\"]', '$2y$10$J3uVXHFvRU.dlr09uOUZHOfbphPwRD7B9LFer41LIDRkjJWx.n.wq', 'emartin', '1979-01-04', 'Evrard'),
(436, 7, 10, 23, 'omichel@noos.fr', '[\"ROLE_USER\"]', '$2y$10$Yp5EgF1qt/w98uBo2a1Ag.rmBnc7A2rY74f.oaa1KVMnlyywlyRLe', 'dolivier', '1983-11-21', 'Lopez'),
(437, 6, 7, 24, 'leblanc.theodore@parent.com', '[\"ROLE_USER\"]', '$2y$10$c8q9QFCPEuXyDPQK7NXL2evNBAGngZSNjQJN.n9KY0zECmL5dDf5e', 'olegendre', '1987-09-28', 'Herve'),
(438, 7, NULL, 29, 'zacharie31@club-internet.fr', '[\"ROLE_USER\"]', '$2y$10$F.f3nTXx2VYVB3AE/kL70u92W72Hk4jqW3ezp/iZwg.gsFhH95/3G', 'jacques.chauveau', '1962-07-03', 'Gregoire'),
(439, 8, 10, 38, 'qlagarde@noos.fr', '[\"ROLE_USER\"]', '$2y$10$ovON/234gak7b3jRPME7bempP7DY2TgoECjkSQ8o0QHFOl1F7l4My', 'marcel.gonzalez', '1963-07-19', 'Samson'),
(440, NULL, 9, 24, 'maury.odette@valentin.fr', '[\"ROLE_USER\"]', '$2y$10$i72Nc2/liNrLGKqGnlFozO6Y2ki0CuQ4W1NDbFQVJoZMgf9dclTbO', 'francois45', '2007-02-12', 'Thierry'),
(441, 8, NULL, 41, 'agnes47@martel.fr', '[\"ROLE_USER\"]', '$2y$10$yfGM2BQ23HwAyeNzUuszgezoek4F2C/MO9BjcqI1KJ7aMOyHPVlzO', 'olegall', '2006-08-22', 'Thibault'),
(442, 6, 8, 33, 'pfernandez@mahe.org', '[\"ROLE_USER\"]', '$2y$10$eB4qEB7BdAtrh1TeJWg9ceD2H1jKtbOpl0bKBNCKPV6JlKk9I.OrC', 'noel76', '1992-01-01', 'Arnaudboeuf'),
(443, 6, 9, 31, 'cbaudry@wanadoo.fr', '[\"ROLE_USER\"]', '$2y$10$Sloz1BODtgtT8Lx/e356dOBhDGftzu/6ZJn5adNEZ664PU4XBxf0q', 'lorraine83', '2008-02-04', 'Guyon-sur-Hebert'),
(444, 8, NULL, 26, 'richard98@dubois.fr', '[\"ROLE_USER\"]', '$2y$10$1S3zA9yefpMeIurH13.GN.xVZRljhN7VmWYTDIEvtmkRqBOCLKUUu', 'pinto.audrey', '2002-05-21', 'Laine'),
(445, NULL, 7, 31, 'chantal.guillaume@free.fr', '[\"ROLE_USER\"]', '$2y$10$N4c4caJAMC5IGBDiaz.liO7/a1U1WYk9QiAma33Occs5cuo8Gz07G', 'gmasson', '1967-11-17', 'Weber-sur-Georges'),
(446, 6, 7, 29, 'olivier.lemaire@free.fr', '[\"ROLE_USER\"]', '$2y$10$pCxVMRvYBIlQYqUjfiGZeOBfs9CFR3XM6EskD5lyHczTUkHCqaQB6', 'elise.allain', '1967-12-24', 'Mendes'),
(447, 6, NULL, 30, 'elise.fournier@bailly.com', '[\"ROLE_USER\"]', '$2y$10$I4z93RBj41tD/EUuNznR2eTUdyrAo3zBXU2Zcs93A2uWhgxxd.HvG', 'franck30', '1982-08-19', 'Aubry-sur-Jacques'),
(448, 8, 8, 24, 'noemi.boulanger@gmail.com', '[\"ROLE_USER\"]', '$2y$10$ZYkAKzJmhTYdiHl2U2heU.aVwYgfVlz7v260JG5cp96WVtM2yzBOS', 'wdubois', '2004-08-18', 'Bonnet-sur-Guilbert'),
(449, 7, 10, 33, 'frederique94@club-internet.fr', '[\"ROLE_USER\"]', '$2y$10$zvlDgEbRiWwEkfHlzTydB.pcxd1MXhk2zjOfIzZkWKvn2bjOoNvkK', 'merle.maryse', '1977-01-30', 'Bonneau'),
(450, NULL, NULL, 33, 'alexandre98@hotmail.fr', '[\"ROLE_USER\"]', '$2y$10$gKLxByOu5C3H8uDnEMyxnOoLhic4/wu.NuOfUFfrfzOoJioaY3vVO', 'thomas66', '1967-06-29', 'Maheboeuf'),
(451, 7, 10, 23, 'vbigot@ferreira.net', '[\"ROLE_USER\"]', '$2y$10$0A5JkMze1r3GC9pZZvP.Se5p9LkdDKejvX3wKVS/XscLj7m5VfRt.', 'delahaye.camille', '1976-12-01', 'PeltierBourg'),
(452, 6, 10, 41, 'laurence01@wanadoo.fr', '[\"ROLE_USER\"]', '$2y$10$LGhdX/GW4jBBhD097ZkgQOwn2a1TCBnQtOYBQwPEAoQw4i9QkwOeu', 'zacharie.chauveau', '1962-11-07', 'Gilbert'),
(453, 8, NULL, 34, 'zfaivre@parent.com', '[\"ROLE_USER\"]', '$2y$10$w69d8gzShZcoWmc84aiFC.t88vD44Fx8iaClMo9fjY8AHzINJRyai', 'lpoirier', '1974-08-14', 'Loiseau-sur-Munoz'),
(454, 7, 7, 29, 'celina78@yahoo.fr', '[\"ROLE_USER\"]', '$2y$10$YQh0Ci/9y9.U2ot9for9PuuyUkzlxfO5vUVanQwhHPNGsKeO/.CPC', 'fabre.susanne', '1986-06-29', 'Blondel'),
(455, NULL, 10, 40, 'leger.marthe@gauthier.org', '[\"ROLE_USER\"]', '$2y$10$qQbAtxGQmi78/Q8vWQtRQe4396FB0/Xt0c68miWW.1F3nJqvBCq.2', 'fbailly', '1970-11-19', 'Perez'),
(456, 7, NULL, 38, 'gabriel90@rodriguez.net', '[\"ROLE_USER\"]', '$2y$10$Z3nXOabm871k4CckJczMV.SiCUeLmm7.Xgj6kOCmfuY5yWwd58mFi', 'hernandez.gilles', '1987-08-18', 'Maillard-la-Forêt'),
(457, 7, 10, 27, 'philippine.millet@club-internet.fr', '[\"ROLE_USER\"]', '$2y$10$IeLRAiv3zkNI9dKt87DMleQlX.b2uzhA5X7oCxkRd.iSt.YtXRg7S', 'clemence57', '1983-04-06', 'Hoareaudan'),
(458, 7, 7, 28, 'alain.bouvier@parent.net', '[\"ROLE_USER\"]', '$2y$10$4dpgnLYFf3xtTVGoBOBB.uVXBtg4qAh9j.jUQQtlOiSFOE1zluuzy', 'david94', '1991-03-16', 'Meunier'),
(459, 7, NULL, 29, 'lemaire.laurent@lopes.com', '[\"ROLE_USER\"]', '$2y$10$D2DH7BSwlAovf42uLEdJLORQBIPek./p8F36FQY/4cC/5azCti8fC', 'penelope27', '1992-12-09', 'LopesVille'),
(460, NULL, 7, 24, 'vincent.carre@yahoo.fr', '[\"ROLE_USER\"]', '$2y$10$t180eiqgf3FbHwuJClkyb.fMkYoBV/iMmY1gFt7zmG6AE0JJ0suTe', 'charles.virginie', '1986-03-14', 'Louisdan'),
(461, 8, 10, 39, 'patrick00@gerard.fr', '[\"ROLE_USER\"]', '$2y$10$CyCfPxF44oBor04lv3ZH7.MOiVjPRM4qm28RvLhBiXYDwSW4Z6bOe', 'georges.faure', '1985-02-09', 'Diaz-sur-Pons'),
(462, 7, NULL, 35, 'monnier.michele@dbmail.com', '[\"ROLE_USER\"]', '$2y$10$eVWei/IMTN7DlmYFTImiE.hdmdJV5x5t0tvDLtMpUgdx05yK3jgb2', 'denis.mace', '1976-10-29', 'Guichard-sur-Mace'),
(463, 7, 9, 25, 'wmichel@live.com', '[\"ROLE_USER\"]', '$2y$10$jRg78ls2931FgEeOspHQAuarv9t3v.7.z72oWYtHccCs2h4iBFjM2', 'patrick28', '1971-04-12', 'Samson'),
(464, 8, 10, 24, 'roussel.nath@yahoo.fr', '[\"ROLE_USER\"]', '$2y$10$0jdiYFodmXS44POMFtK8a.gtd8X7/dZxF0TzYa/309yLPm.asFXie', 'bbruneau', '1990-02-22', 'Blanchetdan'),
(465, NULL, NULL, 35, 'jacqueline.diallo@wanadoo.fr', '[\"ROLE_USER\"]', '$2y$10$BfrWG4mEnQCGQjyHusQlYuunKgGeC36OFSdODhLVf3/pLg2lGeDoy', 'traore.michel', '1987-06-15', 'Marie-sur-Chartier'),
(466, 7, 9, 39, 'wagner.hortense@yahoo.fr', '[\"ROLE_USER\"]', '$2y$10$YXgKh8jHWaLyWqiVcs7U5u.Z8ANYextIogA7kRi4jEFD0x1G/H8b2', 'udasilva', '1988-10-20', 'Pages'),
(467, 7, 10, 40, 'llemaire@club-internet.fr', '[\"ROLE_USER\"]', '$2y$10$C/NZnbbBq8xFWWgliUvM7uwpe1xjGTMsD.fAyAGrUbn/01bKUEk3q', 'boulanger.eleonore', '1992-08-25', 'Hernandez-la-Forêt'),
(468, 7, NULL, 33, 'didier.therese@sfr.fr', '[\"ROLE_USER\"]', '$2y$10$XNEhLwXY8YmuExTRPrRjiuJP8RtM3Z1XE2RGwD0iKCuzHNJL72MzW', 'jjourdan', '1995-11-04', 'Herve-sur-Gros'),
(469, 8, 9, 39, 'jourdan.bernard@gmail.com', '[\"ROLE_USER\"]', '$2y$10$hkGP7zMFtcNb8he07HVOaeHSr/lsYNgF3uRep7bbtSWTMZPfVHtLq', 'susan97', '1996-04-27', 'Blondel'),
(470, NULL, 10, 24, 'imbert.alfred@dbmail.com', '[\"ROLE_USER\"]', '$2y$10$ezOl3V5LWkZFfXa2O9yvfeUWEshKa7/o1XV/PGKCwsmBUEc2xuXHK', 'timothee.chretien', '1963-12-27', 'Salmon'),
(471, 7, NULL, 25, 'charles.marthe@dubois.fr', '[\"ROLE_USER\"]', '$2y$10$Qoq9sp.PThRp6C.snEenve8D7K9SgIgbt.w6l0jaWYAzgMEcSEtD.', 'maryse.valette', '1989-09-08', 'CaronBourg'),
(472, 7, 9, 41, 'gregoire.augustin@leclerc.com', '[\"ROLE_USER\"]', '$2y$10$w638fgXrDcmhUt2mb3xfdu.cRlJANd1h7kGUeX4d2WIm.V6cA5PNm', 'perrier.agathe', '1962-10-23', 'David-sur-Colin'),
(473, 8, 8, 36, 'moreau.colette@david.fr', '[\"ROLE_USER\"]', '$2y$10$lq0GkMwIJLXIT5mS4BkPvea2QegDfTFKuvOpv5Dchh5k6TDNkgrG6', 'edith24', '2007-01-27', 'Marion-sur-Charrier'),
(474, 8, NULL, 26, 'llegall@gmail.com', '[\"ROLE_USER\"]', '$2y$10$w0W4KLOFyAt81VlDMkk3h.REfr8tZMy25EWQoKGOLCm2gk7BHQpP.', 'monique72', '1971-09-08', 'Nicolas'),
(475, NULL, 8, 29, 'philippe.lamy@alves.com', '[\"ROLE_USER\"]', '$2y$10$YyNiX8jiOLFZA33cqvJkFuMTibDDu88t3Jnvccw.qeI/rtwL1OhoG', 'josette.ollivier', '2000-06-24', 'Fernandes'),
(476, 7, 8, 37, 'jean.aubry@blin.fr', '[\"ROLE_USER\"]', '$2y$10$QDJepku6hAh5l0a7y4tbtOq1GhjVUixy8i1I05uB4Esh11HwMFV9.', 'martineau.christophe', '2002-09-19', 'Gomez'),
(477, 6, NULL, 39, 'jacques.guichard@live.com', '[\"ROLE_USER\"]', '$2y$10$ymWBR4UQrZOZZznW9b1uNO7WdP09Aoo0d.5K0YI7Iaw8aAXNSLmbm', 'vallee.claudine', '2007-01-06', 'Arnaud'),
(478, 7, 10, 25, 'clerc.alphonse@leclerc.com', '[\"ROLE_USER\"]', '$2y$10$wrvYBZphS7pKIkn05U1X0etox3rFiAnDapOE8JtJqwBMY4Kmne0ya', 'perrot.marthe', '1970-04-25', 'MaceBourg'),
(479, 6, 10, 41, 'vguillot@jean.fr', '[\"ROLE_USER\"]', '$2y$10$GU03i6iSVjAucFZULmkv2OgB2ww9ilY7k8eRwwsJaVw3itQ8Ht1va', 'pmarie', '1966-12-23', 'Pichon'),
(480, NULL, NULL, 35, 'david.wagner@gmail.com', '[\"ROLE_USER\"]', '$2y$10$VHrWmcvpv4C8QCPakGHtOOD84eBaevLRZGM16zh7BjkbzM1GAbNIW', 'vdijoux', '1983-10-26', 'Robert'),
(481, 7, 9, 24, 'legendre.catherine@etienne.fr', '[\"ROLE_USER\"]', '$2y$10$z1OyhDagHY.jUfn3./yBg.ylh4blq7BUWosKY67r/dxbiqTJSmjrK', 'xvallee', '1981-07-08', 'Vasseur'),
(482, 8, 9, 32, 'hortense77@ollivier.net', '[\"ROLE_USER\"]', '$2y$10$FaGPVv2Fr8Ul2WPWJF1yv.5HXs8GVg7xUNwVVu0qibY1L7b7QuJ7y', 'grenier.edouard', '2003-09-10', 'Durand'),
(483, 8, NULL, 37, 'eric74@dijoux.net', '[\"ROLE_USER\"]', '$2y$10$S291Unpuo9dY7CAmbxtn4O6CnsMW7aM1BQb3T6xMlPRND28hx4NKi', 'georges31', '1973-12-31', 'Dias'),
(484, 8, 10, 26, 'alexandre.lacroix@duval.fr', '[\"ROLE_USER\"]', '$2y$10$oLWqKFjZCtZtFAdAx8/UQOEDMNXYAzhoxtOfmE5MkxPU0AfjzO9lK', 'bertrand.aime', '1972-10-31', 'Lefevreboeuf'),
(485, NULL, 9, 39, 'blanchard.andre@valentin.com', '[\"ROLE_USER\"]', '$2y$10$2GoUOfHe0jK3uNbF53RUD.bTvwSI1P1WwiDCL3LDhLqs2I1oLnZki', 'alex.michel', '1987-02-06', 'Robert'),
(486, 6, NULL, 36, 'chretien.thibaut@charpentier.fr', '[\"ROLE_USER\"]', '$2y$10$cnfby0JFPB2m66Gpg6kHa.CboKl149oIg4.ro5Cu3n0i1PeRD6YuG', 'xmaillot', '1995-05-27', 'LebrunBourg'),
(487, 6, 7, 30, 'fischer.christiane@maillard.org', '[\"ROLE_USER\"]', '$2y$10$boYyVQKUvMM5Yo3Fh7rTJOmGYwmbeKh1SWRcYGT08Hehs6puWbtg2', 'langlois.capucine', '1969-12-02', 'RogerBourg'),
(488, 7, 7, 32, 'jean.fabre@blanchet.com', '[\"ROLE_USER\"]', '$2y$10$AAUNDz91YowxwvWljvIUN.3hcuN/4K5BgmQVVN9dFqXF.t1KNQlHa', 'etienne.gerard', '1981-08-22', 'Georges'),
(489, 6, NULL, 25, 'gerard17@tele2.fr', '[\"ROLE_USER\"]', '$2y$10$xg8iqu1f4J928AuiMQR6aOTOI8ZzzPvjba/1XVqBG2m0p.wG4pxJq', 'elodie67', '1978-06-04', 'Blanc-les-Bains'),
(490, NULL, 9, 31, 'hpruvost@weber.org', '[\"ROLE_USER\"]', '$2y$10$5cAm/0bqIdxSeH21PoZeoOlhVQnytqJMfmMi8W0doyhy9bxipyjMq', 'bcoste', '1986-03-02', 'Roger-sur-Mer'),
(491, 6, 8, 25, 'jean95@tele2.fr', '[\"ROLE_USER\"]', '$2y$10$K5xuTA.60PIzWhX8YZueaeg3LGLYpdhBYFv1CeiEYOnnADrCfKzH2', 'william89', '1965-11-24', 'Nicolas'),
(492, 6, NULL, 25, 'caron.catherine@olivier.net', '[\"ROLE_USER\"]', '$2y$10$3Bb4gO5WWcJj2GoLlBL43ufg9ZAGp2NgrIV4KzhG3oFxXRQAJDoi2', 'xvalette', '1974-08-14', 'Germain'),
(493, 6, 10, 24, 'antoine41@orange.fr', '[\"ROLE_USER\"]', '$2y$10$Uqg9CpXVszqtENAvPiGai.9tdzmjbe2TuJ5.ywqGXnZCarZOv2ij2', 'collin.thibaut', '1971-04-07', 'Lenoir'),
(494, 7, 10, 42, 'laurence.besson@hotmail.fr', '[\"ROLE_USER\"]', '$2y$10$tYw78yJW75LmtYIUlob7F.3HfYURLIK0MBXWYX6qfSn8diGVAwCfK', 'simone.fontaine', '2000-04-04', 'Herve'),
(495, NULL, NULL, 26, 'pauline.marie@mendes.net', '[\"ROLE_USER\"]', '$2y$10$3Hai.hUDtVml2jLZBwDDM.048EJ4VF2UKKTd4bGMqwedDXyMeehpu', 'claude.muller', '2003-03-31', 'Turpin'),
(496, 7, 9, 27, 'lucas.roland@hotmail.fr', '[\"ROLE_USER\"]', '$2y$10$bJiLLlCzhjHQ58Uh8MEStOG0704J/9Ge/u3EB2UmuS5AL3WCZu3tW', 'alfred15', '1992-03-21', 'Chauvet-sur-Pineau'),
(497, 6, 8, 31, 'gabrielle52@leclercq.com', '[\"ROLE_USER\"]', '$2y$10$G3LifhcDdgvlYDy4rUxNoex814AsZgHZ6NWpaHh1uTp8FaR5T1i9q', 'sblin', '1975-02-15', 'GuillotVille'),
(498, 6, NULL, 26, 'ploiseau@yahoo.fr', '[\"ROLE_USER\"]', '$2y$10$ICLU/XrLox6IegksstLE9uZ0050EDyRpnMsmJZWYnJspG9gaxtLtC', 'nbourdon', '1968-08-12', 'Vincent'),
(499, 6, 9, 31, 'chevallier.claude@laposte.net', '[\"ROLE_USER\"]', '$2y$10$suilfRxykRcgksQdKPpQxeQA889gj.4Bw0iNk3srgv7KZNRMK.Toy', 'marianne93', '1995-08-27', 'Duhamelnec'),
(500, NULL, 10, 27, 'roy.charles@gmail.com', '[\"ROLE_USER\"]', '$2y$10$IsXiopI2gZKBEfDRFZ7jMeuXNGkXEQsskhXpf3nP00uM.i/wQS9Xa', 'lmenard', '2005-04-02', 'Becker'),
(505, 5, 8, 22, 'audrey.ebrotie@gmail.com', '[]', '$2y$13$ZC4yicOkNF05te/qENU6Xu4Z0b6r15fvo0.nz.Cc2.cU6dvwvUP92', 'Dreychou', '1988-01-29', 'Lille'),
(507, 7, 6, 22, 'aebrotie.dev.tests@gmail.com', '[\"ROLE_ADMIN\"]', '$2y$13$WCa.uhBw.Eu/m8AdsJki3.yz.7tpGiUGX7PFPPt6vj6UzkfGisWYO', 'testadmin', '1990-01-01', 'Lille');

-- --------------------------------------------------------

--
-- Structure de la table `user_board_game`
--

CREATE TABLE `user_board_game` (
  `user_id` int(11) NOT NULL,
  `board_game_id` int(11) NOT NULL
) ENGINE=InnoDB DEFAULT CHARSET=utf8mb4 COLLATE=utf8mb4_unicode_ci;

--
-- Déchargement des données de la table `user_board_game`
--

INSERT INTO `user_board_game` (`user_id`, `board_game_id`) VALUES
(1, 178),
(2, 139),
(3, 142),
(4, 110),
(5, 104),
(6, 177),
(8, 137),
(9, 144),
(10, 110),
(11, 104),
(12, 137),
(13, 189),
(15, 106),
(16, 109),
(17, 138),
(18, 185),
(19, 183),
(20, 193),
(22, 156),
(23, 121),
(24, 167),
(25, 164),
(26, 166),
(27, 117),
(29, 190),
(30, 181),
(31, 118),
(32, 129),
(33, 191),
(34, 198),
(36, 168),
(37, 131),
(38, 192),
(39, 167),
(40, 156),
(41, 124),
(43, 174),
(44, 198),
(45, 180),
(46, 179),
(47, 160),
(48, 146),
(50, 170),
(51, 169),
(52, 175),
(53, 114),
(54, 111),
(55, 154),
(57, 156),
(58, 103),
(59, 199),
(60, 117),
(61, 115),
(62, 195),
(64, 102),
(65, 138),
(66, 157),
(67, 109),
(68, 121),
(69, 172),
(71, 151),
(72, 118),
(73, 166),
(74, 144),
(75, 123),
(76, 199),
(78, 169),
(79, 196),
(80, 196),
(81, 188),
(82, 171),
(83, 189),
(85, 111),
(86, 151),
(87, 122),
(88, 114),
(89, 183),
(90, 106),
(92, 172),
(93, 171),
(94, 169),
(95, 167),
(96, 129),
(97, 128),
(99, 129),
(100, 164),
(101, 148),
(102, 173),
(103, 143),
(104, 151),
(106, 156),
(107, 125),
(108, 163),
(109, 146),
(110, 117),
(111, 195),
(113, 177),
(114, 191),
(115, 172),
(116, 185),
(117, 126),
(118, 165),
(120, 160),
(121, 131),
(122, 168),
(123, 199),
(124, 145),
(125, 181),
(127, 119),
(128, 129),
(129, 184),
(130, 184),
(131, 147),
(132, 158),
(134, 109),
(135, 118),
(136, 128),
(137, 109),
(138, 163),
(139, 174),
(141, 153),
(142, 128),
(143, 130),
(144, 169),
(145, 143),
(146, 125),
(148, 132),
(149, 141),
(150, 179),
(151, 184),
(152, 199),
(153, 115),
(155, 140),
(156, 151),
(157, 127),
(158, 172),
(159, 200),
(160, 199),
(162, 172),
(163, 116),
(164, 183),
(165, 104),
(166, 116),
(167, 187),
(169, 137),
(170, 107),
(171, 177),
(172, 195),
(173, 142),
(174, 148),
(176, 156),
(177, 155),
(178, 147),
(179, 117),
(180, 113),
(181, 166),
(183, 159),
(184, 148),
(185, 188),
(186, 198),
(187, 157),
(188, 198),
(190, 136),
(191, 161),
(192, 192),
(193, 166),
(194, 194),
(195, 198),
(197, 133),
(198, 123),
(199, 114),
(200, 158),
(201, 150),
(202, 166),
(204, 147),
(205, 151),
(206, 132),
(207, 193),
(208, 156),
(209, 185),
(211, 109),
(212, 154),
(213, 200),
(214, 185),
(215, 137),
(216, 196),
(218, 102),
(219, 181),
(220, 117),
(221, 187),
(222, 191),
(223, 149),
(225, 106),
(226, 144),
(227, 152),
(228, 130),
(229, 141),
(230, 101),
(232, 150),
(233, 124),
(234, 124),
(235, 199),
(236, 191),
(237, 178),
(239, 175),
(240, 134),
(241, 146),
(242, 123),
(243, 143),
(244, 117),
(246, 135),
(247, 120),
(248, 169),
(249, 113),
(250, 169),
(251, 144),
(253, 192),
(254, 175),
(255, 106),
(256, 150),
(257, 167),
(258, 130),
(260, 161),
(261, 107),
(262, 134),
(263, 136),
(264, 129),
(265, 159),
(267, 199),
(268, 180),
(269, 124),
(270, 168),
(271, 108),
(272, 105),
(274, 106),
(275, 150),
(276, 124),
(277, 164),
(278, 166),
(279, 124),
(281, 132),
(282, 188),
(283, 147),
(284, 150),
(285, 175),
(286, 170),
(288, 132),
(289, 117),
(290, 173),
(291, 166),
(292, 143),
(293, 191),
(295, 141),
(296, 115),
(297, 124),
(298, 183),
(299, 101),
(300, 160),
(302, 120),
(303, 102),
(304, 197),
(305, 142),
(306, 124),
(307, 116),
(309, 198),
(310, 175),
(311, 165),
(312, 133),
(313, 158),
(314, 104),
(316, 105),
(317, 159),
(318, 167),
(319, 144),
(320, 122),
(321, 119),
(323, 152),
(324, 195),
(325, 118),
(326, 190),
(327, 107),
(328, 136),
(330, 169),
(331, 174),
(332, 159),
(333, 117),
(334, 113),
(335, 176),
(337, 128),
(338, 182),
(339, 175),
(340, 152),
(341, 185),
(342, 129),
(344, 120),
(345, 184),
(346, 132),
(347, 136),
(348, 156),
(349, 126),
(351, 147),
(352, 123),
(353, 133),
(354, 168),
(355, 120),
(356, 121),
(358, 139),
(359, 136),
(360, 130),
(361, 138),
(362, 108),
(363, 127),
(365, 190),
(366, 121),
(367, 178),
(368, 128),
(369, 132),
(370, 151),
(372, 158),
(373, 174),
(374, 108),
(375, 145),
(376, 109),
(377, 129),
(379, 175),
(380, 110),
(381, 120),
(382, 180),
(383, 124),
(384, 156),
(386, 126),
(387, 124),
(388, 160),
(389, 179),
(390, 170),
(391, 144),
(393, 158),
(394, 115),
(395, 108),
(396, 141),
(397, 143),
(398, 111),
(400, 192),
(401, 134),
(402, 183),
(403, 184),
(404, 199),
(405, 186),
(407, 191),
(408, 134),
(409, 182),
(410, 189),
(411, 162),
(412, 107),
(414, 129),
(415, 190),
(416, 189),
(417, 185),
(418, 130),
(419, 174),
(421, 114),
(422, 161),
(423, 127),
(424, 108),
(425, 178),
(426, 156),
(428, 138),
(429, 199),
(430, 164),
(431, 147),
(432, 196),
(433, 179),
(435, 157),
(436, 122),
(437, 195),
(438, 153),
(439, 101),
(440, 132),
(442, 108),
(443, 161),
(444, 183),
(445, 112),
(446, 169),
(447, 197),
(449, 156),
(450, 163),
(451, 196),
(452, 190),
(453, 139),
(454, 123),
(456, 191),
(457, 109),
(458, 111),
(459, 198),
(460, 175),
(461, 178),
(463, 105),
(464, 185),
(465, 192),
(466, 195),
(467, 158),
(468, 104),
(470, 125),
(471, 145),
(472, 147),
(473, 122),
(474, 107),
(475, 189),
(477, 157),
(478, 151),
(479, 180),
(480, 109),
(481, 185),
(482, 140),
(484, 127),
(485, 192),
(486, 128),
(487, 121),
(488, 184),
(489, 182),
(491, 127),
(492, 198),
(493, 180),
(494, 182),
(495, 141),
(496, 191),
(498, 167),
(499, 153),
(500, 142);

-- --------------------------------------------------------

--
-- Structure de la table `user_comic`
--

CREATE TABLE `user_comic` (
  `user_id` int(11) NOT NULL,
  `comic_id` int(11) NOT NULL
) ENGINE=InnoDB DEFAULT CHARSET=utf8mb4 COLLATE=utf8mb4_unicode_ci;

--
-- Déchargement des données de la table `user_comic`
--

INSERT INTO `user_comic` (`user_id`, `comic_id`) VALUES
(1, 167),
(2, 141),
(3, 131),
(5, 145),
(6, 165),
(7, 134),
(9, 112),
(10, 171),
(11, 154),
(13, 137),
(14, 114),
(15, 199),
(17, 183),
(18, 194),
(19, 107),
(21, 106),
(22, 169),
(23, 150),
(25, 195),
(26, 146),
(27, 128),
(29, 136),
(30, 127),
(31, 113),
(33, 134),
(34, 188),
(35, 197),
(37, 166),
(38, 172),
(39, 140),
(41, 156),
(42, 148),
(43, 162),
(45, 145),
(46, 116),
(47, 186),
(49, 164),
(50, 119),
(51, 126),
(53, 142),
(54, 116),
(55, 158),
(57, 168),
(58, 194),
(59, 103),
(61, 173),
(62, 169),
(63, 132),
(65, 142),
(66, 112),
(67, 143),
(69, 155),
(70, 174),
(71, 116),
(73, 168),
(74, 178),
(75, 171),
(77, 171),
(78, 189),
(79, 135),
(81, 112),
(82, 112),
(83, 174),
(85, 133),
(86, 123),
(87, 188),
(89, 119),
(90, 197),
(91, 186),
(93, 165),
(94, 192),
(95, 106),
(97, 112),
(98, 197),
(99, 132),
(101, 147),
(102, 195),
(103, 138),
(105, 124),
(106, 144),
(107, 182),
(109, 142),
(110, 172),
(111, 170),
(113, 161),
(114, 111),
(115, 149),
(117, 108),
(118, 128),
(119, 159),
(121, 137),
(122, 148),
(123, 101),
(125, 118),
(126, 152),
(127, 166),
(129, 172),
(130, 102),
(131, 146),
(133, 189),
(134, 200),
(135, 136),
(137, 159),
(138, 118),
(139, 166),
(141, 163),
(142, 163),
(143, 113),
(145, 146),
(146, 117),
(147, 147),
(149, 150),
(150, 116),
(151, 189),
(153, 117),
(154, 136),
(155, 184),
(157, 165),
(158, 177),
(159, 121),
(161, 136),
(162, 118),
(163, 171),
(165, 169),
(166, 138),
(167, 186),
(169, 197),
(170, 198),
(171, 187),
(173, 147),
(174, 197),
(175, 127),
(177, 195),
(178, 112),
(179, 139),
(181, 193),
(182, 104),
(183, 167),
(185, 171),
(186, 152),
(187, 145),
(189, 132),
(190, 147),
(191, 168),
(193, 125),
(194, 133),
(195, 109),
(197, 127),
(198, 166),
(199, 154),
(201, 113),
(202, 166),
(203, 122),
(205, 174),
(206, 138),
(207, 141),
(209, 163),
(210, 128),
(211, 149),
(213, 167),
(214, 107),
(215, 123),
(217, 162),
(218, 197),
(219, 188),
(221, 141),
(222, 151),
(223, 126),
(225, 169),
(226, 123),
(227, 140),
(229, 180),
(230, 125),
(231, 154),
(233, 147),
(234, 115),
(235, 181),
(237, 166),
(238, 146),
(239, 102),
(241, 171),
(242, 149),
(243, 171),
(245, 175),
(246, 198),
(247, 157),
(249, 156),
(250, 116),
(251, 186),
(253, 190),
(254, 149),
(255, 149),
(257, 196),
(258, 137),
(259, 186),
(261, 165),
(262, 120),
(263, 122),
(265, 133),
(266, 189),
(267, 128),
(269, 156),
(270, 121),
(271, 136),
(273, 165),
(274, 112),
(275, 194),
(277, 166),
(278, 156),
(279, 117),
(281, 177),
(282, 178),
(283, 124),
(285, 187),
(286, 114),
(287, 127),
(289, 158),
(290, 144),
(291, 164),
(293, 101),
(294, 118),
(295, 119),
(297, 188),
(298, 119),
(299, 135),
(301, 119),
(302, 130),
(303, 200),
(305, 150),
(306, 152),
(307, 198),
(309, 155),
(310, 176),
(311, 158),
(313, 181),
(314, 115),
(315, 168),
(317, 185),
(318, 154),
(319, 111),
(321, 183),
(322, 171),
(323, 196),
(325, 144),
(326, 139),
(327, 114),
(329, 146),
(330, 145),
(331, 127),
(333, 125),
(334, 199),
(335, 172),
(337, 133),
(338, 142),
(339, 121),
(341, 149),
(342, 134),
(343, 128),
(345, 143),
(346, 165),
(347, 104),
(349, 141),
(350, 176),
(351, 199),
(353, 165),
(354, 109),
(355, 147),
(357, 187),
(358, 118),
(359, 129),
(361, 134),
(362, 112),
(363, 186),
(365, 103),
(366, 147),
(367, 158),
(369, 131),
(370, 192),
(371, 178),
(373, 144),
(374, 146),
(375, 121),
(377, 115),
(378, 138),
(379, 175),
(381, 109),
(382, 197),
(383, 162),
(385, 123),
(386, 196),
(387, 179),
(389, 189),
(390, 105),
(391, 104),
(393, 173),
(394, 187),
(395, 109),
(397, 134),
(398, 160),
(399, 180),
(401, 150),
(402, 107),
(403, 200),
(405, 148),
(406, 142),
(407, 144),
(409, 145),
(410, 118),
(411, 152),
(413, 159),
(414, 174),
(415, 126),
(417, 147),
(418, 108),
(419, 137),
(421, 120),
(422, 120),
(423, 161),
(425, 121),
(426, 130),
(427, 114),
(429, 112),
(430, 144),
(431, 196),
(433, 172),
(434, 132),
(435, 124),
(437, 144),
(438, 146),
(439, 163),
(441, 186),
(442, 101),
(443, 163),
(445, 169),
(446, 149),
(447, 198),
(449, 119),
(450, 173),
(451, 195),
(453, 144),
(454, 127),
(455, 161),
(457, 122),
(458, 195),
(459, 116),
(461, 157),
(462, 116),
(463, 171),
(465, 184),
(466, 163),
(467, 176),
(469, 199),
(470, 135),
(471, 131),
(473, 102),
(474, 108),
(475, 117),
(477, 146),
(478, 171),
(479, 102),
(481, 146),
(482, 164),
(483, 126),
(485, 124),
(486, 136),
(487, 192),
(489, 154),
(490, 114),
(491, 164),
(493, 193),
(494, 131),
(495, 159),
(497, 103),
(498, 131),
(499, 139);

-- --------------------------------------------------------

--
-- Structure de la table `user_level`
--

CREATE TABLE `user_level` (
  `id` int(11) NOT NULL,
  `name` varchar(50) COLLATE utf8mb4_unicode_ci NOT NULL
) ENGINE=InnoDB DEFAULT CHARSET=utf8mb4 COLLATE=utf8mb4_unicode_ci;

--
-- Déchargement des données de la table `user_level`
--

INSERT INTO `user_level` (`id`, `name`) VALUES
(6, 'Débutant'),
(7, 'Occasionnel'),
(8, 'Intermédiaire'),
(9, 'Confirmé'),
(10, 'Professionnel');

-- --------------------------------------------------------

--
-- Structure de la table `user_manga`
--

CREATE TABLE `user_manga` (
  `user_id` int(11) NOT NULL,
  `manga_id` int(11) NOT NULL
) ENGINE=InnoDB DEFAULT CHARSET=utf8mb4 COLLATE=utf8mb4_unicode_ci;

--
-- Déchargement des données de la table `user_manga`
--

INSERT INTO `user_manga` (`user_id`, `manga_id`) VALUES
(1, 103),
(2, 117),
(3, 109),
(4, 128),
(6, 104),
(7, 121),
(8, 166),
(9, 174),
(11, 131),
(12, 183),
(13, 116),
(14, 193),
(16, 103),
(17, 131),
(18, 192),
(19, 144),
(21, 183),
(22, 163),
(23, 145),
(24, 200),
(26, 139),
(27, 191),
(28, 131),
(29, 146),
(31, 177),
(32, 158),
(33, 177),
(34, 140),
(36, 155),
(37, 163),
(38, 117),
(39, 172),
(41, 126),
(42, 187),
(43, 162),
(44, 149),
(46, 107),
(47, 190),
(48, 181),
(49, 170),
(51, 159),
(52, 140),
(53, 133),
(54, 128),
(56, 168),
(57, 181),
(58, 107),
(59, 122),
(61, 105),
(62, 135),
(63, 185),
(64, 137),
(66, 193),
(67, 154),
(68, 152),
(69, 172),
(71, 119),
(72, 118),
(73, 115),
(74, 196),
(76, 196),
(77, 115),
(78, 143),
(79, 114),
(81, 150),
(82, 118),
(83, 156),
(84, 120),
(86, 121),
(87, 109),
(88, 106),
(89, 132),
(91, 134),
(92, 160),
(93, 123),
(94, 176),
(96, 170),
(97, 157),
(98, 159),
(99, 109),
(101, 160),
(102, 173),
(103, 125),
(104, 144),
(106, 173),
(107, 180),
(108, 108),
(109, 158),
(111, 164),
(112, 112),
(113, 193),
(114, 149),
(116, 187),
(117, 162),
(118, 132),
(119, 108),
(121, 129),
(122, 126),
(123, 158),
(124, 152),
(126, 132),
(127, 153),
(128, 133),
(129, 143),
(131, 123),
(132, 189),
(133, 109),
(134, 196),
(136, 119),
(137, 128),
(138, 172),
(139, 137),
(141, 181),
(142, 132),
(143, 125),
(144, 179),
(146, 194),
(147, 198),
(148, 132),
(149, 128),
(151, 166),
(152, 115),
(153, 170),
(154, 150),
(156, 115),
(157, 138),
(158, 181),
(159, 166),
(161, 152),
(162, 101),
(163, 132),
(164, 150),
(166, 150),
(167, 131),
(168, 177),
(169, 119),
(171, 176),
(172, 185),
(173, 162),
(174, 109),
(176, 176),
(177, 140),
(178, 140),
(179, 150),
(181, 163),
(182, 147),
(183, 129),
(184, 146),
(186, 166),
(187, 156),
(188, 122),
(189, 116),
(191, 169),
(192, 117),
(193, 163),
(194, 186),
(196, 175),
(197, 188),
(198, 172),
(199, 197),
(201, 193),
(202, 134),
(203, 134),
(204, 101),
(206, 147),
(207, 129),
(208, 192),
(209, 158),
(211, 157),
(212, 135),
(213, 107),
(214, 142),
(216, 112),
(217, 151),
(218, 140),
(219, 104),
(221, 170),
(222, 195),
(223, 199),
(224, 186),
(226, 187),
(227, 172),
(228, 157),
(229, 130),
(231, 135),
(232, 146),
(233, 121),
(234, 129),
(236, 176),
(237, 177),
(238, 120),
(239, 179),
(241, 132),
(242, 137),
(243, 150),
(244, 180),
(246, 103),
(247, 140),
(248, 170),
(249, 130),
(251, 139),
(252, 117),
(253, 181),
(254, 159),
(256, 106),
(257, 185),
(258, 114),
(259, 181),
(261, 187),
(262, 127),
(263, 132),
(264, 126),
(266, 166),
(267, 193),
(268, 152),
(269, 195),
(271, 134),
(272, 130),
(273, 115),
(274, 161),
(276, 142),
(277, 162),
(278, 185),
(279, 177),
(281, 128),
(282, 188),
(283, 185),
(284, 187),
(286, 106),
(287, 147),
(288, 171),
(289, 180),
(291, 148),
(292, 197),
(293, 115),
(294, 189),
(296, 191),
(297, 137),
(298, 112),
(299, 164),
(301, 150),
(302, 161),
(303, 113),
(304, 154),
(306, 133),
(307, 178),
(308, 104),
(309, 117),
(311, 114),
(312, 154),
(313, 125),
(314, 195),
(316, 135),
(317, 130),
(318, 145),
(319, 161),
(321, 111),
(322, 156),
(323, 126),
(324, 118),
(326, 181),
(327, 102),
(328, 176),
(329, 115),
(331, 173),
(332, 182),
(333, 104),
(334, 191),
(336, 180),
(337, 185),
(338, 156),
(339, 179),
(341, 162),
(342, 112),
(343, 131),
(344, 116),
(346, 167),
(347, 183),
(348, 179),
(349, 101),
(351, 187),
(352, 200),
(353, 195),
(354, 126),
(356, 123),
(357, 126),
(358, 133),
(359, 168),
(361, 153),
(362, 105),
(363, 130),
(364, 191),
(366, 151),
(367, 189),
(368, 191),
(369, 160),
(371, 196),
(372, 179),
(373, 137),
(374, 130),
(376, 198),
(377, 115),
(378, 120),
(379, 148),
(381, 113),
(382, 133),
(383, 187),
(384, 135),
(386, 193),
(387, 120),
(388, 186),
(389, 173),
(391, 106),
(392, 137),
(393, 109),
(394, 135),
(396, 197),
(397, 130),
(398, 107),
(399, 197),
(401, 192),
(402, 119),
(403, 164),
(404, 137),
(406, 179),
(407, 146),
(408, 159),
(409, 122),
(411, 123),
(412, 105),
(413, 189),
(414, 146),
(416, 140),
(417, 140),
(418, 120),
(419, 168),
(421, 150),
(422, 116),
(423, 160),
(424, 151),
(426, 190),
(427, 186),
(428, 161),
(429, 171),
(431, 122),
(432, 198),
(433, 146),
(434, 125),
(436, 171),
(437, 108),
(438, 143),
(439, 122),
(441, 132),
(442, 148),
(443, 193),
(444, 110),
(446, 156),
(447, 191),
(448, 131),
(449, 102),
(451, 101),
(452, 195),
(453, 137),
(454, 200),
(456, 102),
(457, 193),
(458, 172),
(459, 130),
(461, 127),
(462, 135),
(463, 177),
(464, 131),
(466, 126),
(467, 106),
(468, 189),
(469, 101),
(471, 125),
(472, 144),
(473, 174),
(474, 137),
(476, 162),
(477, 105),
(478, 116),
(479, 194),
(481, 113),
(482, 159),
(483, 159),
(484, 122),
(486, 160),
(487, 177),
(488, 140),
(489, 153),
(491, 183),
(492, 164),
(493, 113),
(494, 125),
(496, 167),
(497, 148),
(498, 186),
(499, 102);

-- --------------------------------------------------------

--
-- Structure de la table `user_profile`
--

CREATE TABLE `user_profile` (
  `id` int(11) NOT NULL,
  `name` varchar(50) COLLATE utf8mb4_unicode_ci DEFAULT NULL
) ENGINE=InnoDB DEFAULT CHARSET=utf8mb4 COLLATE=utf8mb4_unicode_ci;

--
-- Déchargement des données de la table `user_profile`
--

INSERT INTO `user_profile` (`id`, `name`) VALUES
(5, 'Gamer'),
(6, 'Joueur de jeux de société'),
(7, 'Lecteur de mangas'),
(8, 'Lecteur de comics');

-- --------------------------------------------------------

--
-- Structure de la table `user_video_game`
--

CREATE TABLE `user_video_game` (
  `user_id` int(11) NOT NULL,
  `video_game_id` int(11) NOT NULL
) ENGINE=InnoDB DEFAULT CHARSET=utf8mb4 COLLATE=utf8mb4_unicode_ci;

--
-- Déchargement des données de la table `user_video_game`
--

INSERT INTO `user_video_game` (`user_id`, `video_game_id`) VALUES
(1, 151),
(2, 183),
(4, 117),
(5, 170),
(7, 157),
(8, 188),
(10, 144),
(11, 136),
(13, 194),
(14, 103),
(16, 163),
(17, 179),
(19, 104),
(20, 131),
(22, 184),
(23, 139),
(25, 149),
(26, 178),
(28, 196),
(29, 166),
(31, 160),
(32, 188),
(34, 134),
(35, 101),
(37, 107),
(38, 155),
(40, 199),
(41, 167),
(43, 184),
(44, 132),
(46, 134),
(47, 123),
(49, 101),
(50, 164),
(52, 145),
(53, 125),
(55, 138),
(56, 158),
(58, 111),
(59, 140),
(61, 145),
(62, 191),
(64, 148),
(65, 170),
(67, 145),
(68, 139),
(70, 173),
(71, 189),
(73, 182),
(74, 149),
(76, 104),
(77, 106),
(79, 119),
(80, 177),
(82, 143),
(83, 182),
(85, 155),
(86, 105),
(88, 140),
(89, 156),
(91, 142),
(92, 173),
(94, 103),
(95, 192),
(97, 111),
(98, 198),
(100, 124),
(101, 164),
(103, 109),
(104, 172),
(106, 181),
(107, 106),
(109, 156),
(110, 152),
(112, 110),
(113, 154),
(115, 153),
(116, 138),
(118, 120),
(119, 150),
(121, 160),
(122, 148),
(124, 167),
(125, 151),
(127, 140),
(128, 168),
(130, 174),
(131, 191),
(133, 173),
(134, 132),
(136, 144),
(137, 110),
(139, 180),
(140, 182),
(142, 148),
(143, 140),
(145, 107),
(146, 127),
(148, 104),
(149, 149),
(151, 161),
(152, 107),
(154, 139),
(155, 113),
(157, 192),
(158, 133),
(160, 134),
(161, 121),
(163, 110),
(164, 176),
(166, 159),
(167, 109),
(169, 122),
(170, 196),
(172, 117),
(173, 148),
(175, 135),
(176, 140),
(178, 107),
(179, 159),
(181, 188),
(182, 134),
(184, 127),
(185, 111),
(187, 144),
(188, 147),
(190, 185),
(191, 171),
(193, 162),
(194, 126),
(196, 193),
(197, 117),
(199, 195),
(200, 136),
(202, 139),
(203, 166),
(205, 172),
(206, 155),
(208, 138),
(209, 108),
(211, 172),
(212, 166),
(214, 160),
(215, 178),
(217, 177),
(218, 111),
(220, 130),
(221, 135),
(223, 148),
(224, 140),
(226, 169),
(227, 119),
(229, 159),
(230, 124),
(232, 171),
(233, 173),
(235, 193),
(236, 173),
(238, 152),
(239, 135),
(241, 120),
(242, 147),
(244, 184),
(245, 166),
(247, 198),
(248, 168),
(250, 186),
(251, 155),
(253, 137),
(254, 131),
(256, 114),
(257, 195),
(259, 132),
(260, 164),
(262, 137),
(263, 153),
(265, 198),
(266, 125),
(268, 137),
(269, 162),
(271, 159),
(272, 105),
(274, 109),
(275, 136),
(277, 164),
(278, 163),
(280, 123),
(281, 110),
(283, 129),
(284, 190),
(286, 164),
(287, 192),
(289, 127),
(290, 145),
(292, 113),
(293, 190),
(295, 182),
(296, 166),
(298, 141),
(299, 192),
(301, 191),
(302, 191),
(304, 186),
(305, 115),
(307, 109),
(308, 123),
(310, 102),
(311, 182),
(313, 164),
(314, 184),
(316, 159),
(317, 186),
(319, 125),
(320, 166),
(322, 102),
(323, 155),
(325, 175),
(326, 129),
(328, 155),
(329, 170),
(331, 124),
(332, 195),
(334, 163),
(335, 132),
(337, 112),
(338, 125),
(340, 153),
(341, 136),
(343, 171),
(344, 134),
(346, 170),
(347, 137),
(349, 142),
(350, 184),
(352, 148),
(353, 125),
(355, 181),
(356, 134),
(358, 198),
(359, 143),
(361, 112),
(362, 118),
(364, 157),
(365, 120),
(367, 171),
(368, 200),
(370, 124),
(371, 102),
(373, 116),
(374, 198),
(376, 140),
(377, 147),
(379, 186),
(380, 197),
(382, 115),
(383, 113),
(385, 102),
(386, 117),
(388, 154),
(389, 194),
(391, 170),
(392, 120),
(394, 122),
(395, 162),
(397, 116),
(398, 139),
(400, 167),
(401, 138),
(403, 197),
(404, 106),
(406, 140),
(407, 155),
(409, 150),
(410, 124),
(412, 145),
(413, 114),
(415, 107),
(416, 138),
(418, 162),
(419, 163),
(421, 192),
(422, 124),
(424, 173),
(425, 185),
(427, 157),
(428, 134),
(430, 193),
(431, 106),
(433, 121),
(434, 157),
(436, 162),
(437, 137),
(439, 101),
(440, 158),
(442, 154),
(443, 177),
(445, 185),
(446, 129),
(448, 118),
(449, 142),
(451, 105),
(452, 173),
(454, 125),
(455, 172),
(457, 137),
(458, 103),
(460, 125),
(461, 170),
(463, 138),
(464, 115),
(466, 158),
(467, 192),
(469, 152),
(470, 150),
(472, 178),
(473, 158),
(475, 182),
(476, 176),
(478, 116),
(479, 145),
(481, 156),
(482, 147),
(484, 161),
(485, 184),
(487, 199),
(488, 113),
(490, 177),
(491, 128),
(493, 137),
(494, 153),
(496, 193),
(497, 187),
(499, 112),
(500, 198);

-- --------------------------------------------------------

--
-- Structure de la table `video_game`
--

CREATE TABLE `video_game` (
  `id` int(11) NOT NULL,
  `category_id` int(11) NOT NULL,
  `name` varchar(50) COLLATE utf8mb4_unicode_ci NOT NULL,
  `description` longtext COLLATE utf8mb4_unicode_ci NOT NULL,
  `picture` varchar(255) COLLATE utf8mb4_unicode_ci NOT NULL
) ENGINE=InnoDB DEFAULT CHARSET=utf8mb4 COLLATE=utf8mb4_unicode_ci;

--
-- Déchargement des données de la table `video_game`
--

INSERT INTO `video_game` (`id`, `category_id`, `name`, `description`, `picture`) VALUES
(101, 22, 'quis', 'Consequatur ullam iste commodi qui incidunt sit. Excepturi dolorem molestiae iusto repellendus quidem in delectus. Ut quia pariatur amet voluptate aut ut inventore quisquam. Ut tempore accusamus suscipit maxime totam facilis. Eaque qui vel inventore repellat. Corrupti modi nihil eos quo a. Maiores et porro tempora earum voluptas soluta. Animi laborum ipsam ex ipsum. Omnis non consequuntur optio rerum ullam est. Quaerat quidem commodi pariatur doloremque. Ut porro voluptate sint pariatur enim. Quidem et et est neque commodi qui.', 'https://media.senscritique.com/media/000020040912/source_big/Resident_Evil_Village.png'),
(102, 35, 'deserunt', 'Dicta et dignissimos tenetur qui rerum dolor omnis. Sapiente aspernatur vel velit dolore fugiat et. Velit libero veniam magnam quasi rerum nobis odio. Et et at ab et. Quas eveniet repudiandae enim ea tempore. Eos reiciendis ab iusto aut. Eveniet ut harum minima qui facilis dolorem illum. Aperiam dicta exercitationem quisquam id qui. Cumque aliquam iusto cum neque accusamus. Facere voluptates repudiandae placeat. Tempora sint doloribus aspernatur quidem atque repellat iure. Sint repellat ipsum sint beatae accusantium laboriosam.', 'https://image.jeuxvideo.com/medias/163708/1637080607-7753-jaquette-avant.gif'),
(103, 36, 'vitae dolores', 'Neque perspiciatis sint deserunt aut sequi quia numquam. Perferendis qui omnis sit explicabo eveniet velit ut. Sapiente excepturi repudiandae molestiae voluptas est quam quasi. Qui et reprehenderit sint. Est impedit autem qui et voluptatem cupiditate impedit. Incidunt delectus rerum molestias nam facilis odio. Qui pariatur quaerat mollitia culpa nam animi. Voluptas est in pariatur aut praesentium et rem quia. Excepturi quas sequi cum dolor. Itaque cumque et omnis at nulla eligendi. Fuga odit necessitatibus molestias. Possimus eum aut et at sint tempora voluptatem.', 'https://image.jeuxvideo.com/images/jaquettes/00027602/jaquette-league-of-legends-pc-cover-avant-g.jpg'),
(104, 25, 'quae', 'Suscipit sunt incidunt qui quam minima. Et cumque necessitatibus ab nostrum deleniti nulla rerum. Voluptatem ullam sed sit aut ut sunt. Molestiae et et sit id magni dolorum. Ducimus et praesentium sit. Cumque ut ea ut rerum. Ad repellendus iure totam provident. Qui alias non perspiciatis. Assumenda incidunt ut cupiditate repellat. Praesentium animi nisi quia veritatis. Repellendus aut veritatis odit minima. Eum officiis laborum et commodi. Dignissimos non animi exercitationem accusamus eveniet modi ut. Sit quia rerum quo distinctio mollitia provident quam.', 'https://image.jeuxvideo.com/medias/142247/1422469608-7141-jaquette-avant.jpg'),
(105, 30, 'facilis quisquam itaque', 'Incidunt earum non explicabo illum dolor harum veniam. Voluptas quibusdam impedit deleniti quibusdam iure corrupti dolorem. Atque nihil rerum velit. Odio ex molestiae consequuntur. Odit tenetur voluptas earum omnis corporis facilis ut. Rerum assumenda autem qui quisquam est. Voluptatem voluptates iusto animi fugit est. Placeat cupiditate ex sed quidem iusto. Eaque magni excepturi quam. Enim rerum velit voluptatem aut. Repellendus quia quis dolorem molestias rerum qui sed. Natus ullam omnis mollitia est quas illum cum. Distinctio sit maxime et nobis vel quis molestiae. Aut modi expedita sed.', 'https://global-img.gamergen.com/red-dead-redemption-2-pc-mediamarkt_0900909672.jpg'),
(106, 25, 'eos', 'Corrupti illo est cumque et nostrum. Non sint sed dolorem voluptatem ducimus eos sequi. Velit ipsa ea laborum voluptatibus et vel tempore. In aut velit nemo eaque exercitationem quia. Esse ut et corporis vel sed nobis. Et rerum et earum autem ipsam id. Nesciunt omnis odit molestiae vel. Ipsam est voluptas similique debitis magni cum voluptatem. Aliquam sunt velit rerum ut. Necessitatibus non vel quasi sed ducimus sed est. Nemo voluptate ab velit dicta et. Distinctio voluptates et blanditiis iusto eos.', 'https://letempscompere.fr/wp-content/uploads/2021/08/KyBRbcz5wCqPrdr7QFfUniEg-2048x1536.webp'),
(107, 38, 'ut', 'Nihil sint doloribus non quis. Voluptas qui similique omnis iste. Et ea et facilis optio deserunt. Pariatur tempora rerum aspernatur sint inventore dolorum. Voluptas architecto architecto ut repellat libero quasi. Expedita in iure facere dolores ad ut dolorem. Distinctio sapiente totam corrupti iure ipsam voluptas architecto. Voluptatem minus sapiente commodi ad illum molestiae eius. Distinctio quos cum consectetur rem totam quia necessitatibus.', 'https://image.jeuxvideo.com/medias/163335/1633353168-8875-jaquette-avant.gif'),
(108, 22, 'at', 'Est ratione aut voluptas sit quos. Est molestias esse neque repellendus a repellendus quia dicta. Molestias optio rem tempore asperiores nostrum et sed. Ratione et nobis sapiente molestiae. Autem quia et est dolorum tenetur quia. Et ut placeat voluptatem molestiae voluptatum. Hic similique dicta voluptate est est rerum ipsum. Delectus dolor repellat debitis accusamus et. Eaque quo natus dolorem rerum. Accusantium eius porro explicabo.', 'https://image.jeuxvideo.com/medias/163335/1633353168-8875-jaquette-avant.gif'),
(109, 35, 'eum delectus aut', 'Placeat neque deserunt cupiditate ea odio iusto cum. Commodi nam magnam tempora adipisci eveniet provident est. Sequi velit quia dolorem occaecati. Id autem id reiciendis aut est autem tempora. Est voluptates sunt dolorem et. Inventore in possimus est culpa. Quidem maxime id dolorem velit a et. Eius et neque optio ut voluptatem. Dolor quo quis iure expedita voluptatem qui adipisci atque. At quaerat at et nam est neque. Eos corrupti ea quaerat eligendi. Aut velit rem rerum sequi voluptate quis. Fugit commodi aspernatur laborum et corrupti itaque.', 'https://image.jeuxvideo.com/medias/163342/1633418743-1593-jaquette-avant.gif'),
(110, 28, 'ad cumque omnis maxime', 'Aperiam rerum minus qui. Accusantium repellendus laborum itaque est. Est consectetur totam quia et quisquam vel omnis sed. Sint repellat non voluptates in pariatur corporis incidunt. Perspiciatis quam harum placeat labore. Autem dicta et placeat aut velit tempore. Numquam quo eos placeat harum aut ut saepe dignissimos. Maiores esse sit itaque porro est vel. Repudiandae harum corrupti harum optio vero reprehenderit fugiat. Impedit sed aut aut facere dolore doloremque. Eum in illum ut velit labore. Dolor illum earum quia praesentium sit rerum.', 'https://image.jeuxvideo.com/medias/163187/1631865000-7055-jaquette-avant.jpg'),
(111, 39, 'voluptas provident', 'Deserunt rerum sit ex quos molestiae. Veniam voluptas et est. Natus aut voluptate accusantium voluptatibus. Ut sint qui ex recusandae quaerat voluptatibus dicta. Ullam odit minus nobis veniam debitis adipisci sit aspernatur. Provident ipsa eos occaecati aut consequatur. Ipsam non nihil atque odio et mollitia. Architecto dolorem officia quae delectus ducimus et et. Quidem quia non eos. Voluptas at dignissimos nemo hic enim est. Neque error et qui qui animi. Tenetur rerum expedita neque quaerat sint atque. Pariatur consequuntur omnis similique voluptates deleniti omnis asperiores.', 'https://image.jeuxvideo.com/medias/163353/1633528483-9809-jaquette-avant.jpg'),
(112, 30, 'dolores quis est', 'Sapiente nesciunt dolorum consequuntur tenetur. Reiciendis odit itaque perferendis praesentium consectetur quisquam sint. Aut reiciendis dolorem voluptatum porro quos. Quo non et repellendus voluptas reiciendis odit aut atque. Voluptatem dolore repudiandae totam et. Blanditiis ipsam sint sed. Est et sit cumque qui. Enim ea dolor quos officiis aut. Veritatis totam molestias asperiores doloremque voluptas rerum. Provident perferendis corrupti aut voluptatem sit.', 'https://image.jeuxvideo.com/medias/149432/1494322310-8900-jaquette-avant.jpg'),
(113, 29, 'tenetur eum nihil', 'Dolor et a tempora rerum ut. Aut rem inventore nisi repellendus autem quia. Fuga dolore et autem libero sint sunt. Non ut qui recusandae accusantium. Repudiandae et inventore voluptatem aliquid error. Ex vel dolorem nobis eos fuga quos molestiae. Dolorem fuga enim dolores alias aut omnis. Pariatur qui aut delectus quo sunt repudiandae assumenda. Quos et quisquam voluptatibus officia. Quia aut suscipit corporis optio inventore. Blanditiis quae rerum autem fugiat cum accusantium aut. Adipisci aut et sed sequi consequatur. Vitae fugiat nam dolore eveniet.', 'https://image.jeuxvideo.com/medias/149432/1494322310-8900-jaquette-avant.jpg'),
(114, 28, 'ipsum fugit deserunt consectetur', 'Necessitatibus quaerat accusamus quam et neque suscipit. Voluptates est deleniti est doloremque aut. Et et impedit odio explicabo nostrum sint. Autem laborum molestiae est dolorem aut tenetur quia. Voluptate porro dicta omnis modi a. Sunt pariatur quis sed nihil aliquid aliquid dignissimos impedit. Natus ut dolorem eos animi. Hic labore voluptatem quis corporis. Rem nemo qui commodi rerum dolor aut voluptas illo. Et ipsa laudantium numquam earum aperiam. Animi aperiam alias sit laborum amet nostrum sit.', 'https://letempscompere.fr/wp-content/uploads/2021/08/KyBRbcz5wCqPrdr7QFfUniEg-2048x1536.webp'),
(115, 25, 'dolore', 'Animi et explicabo fuga. Quia et voluptatem perspiciatis. Omnis amet expedita enim et aut. Qui corrupti dolores consequatur. At fuga velit facilis occaecati harum veritatis. Veniam ullam nostrum doloremque eaque ratione nulla. Sit est cupiditate et minus voluptas quo. Ut et fugit aut optio perferendis. Ut error expedita odit voluptate sit rerum cupiditate voluptates. Perferendis tempore facere consequatur qui enim accusamus. Sunt est est aut.', 'https://image.jeuxvideo.com/medias/150166/1501664378-9988-jaquette-avant.jpg'),
(116, 31, 'commodi', 'Praesentium nostrum iste perspiciatis quia accusantium. Asperiores inventore quidem ea odio fugiat. At qui optio est veniam tenetur asperiores ea. Voluptatum reiciendis velit dolor corrupti tempora et autem. Natus qui iste ut. Consequatur deleniti sint dolorem deleniti. Voluptatem consequatur ea consequatur fuga illum exercitationem. Et reprehenderit nulla iure voluptatem. Aut at rerum cupiditate sapiente sunt ut. Ullam illum nesciunt quidem veritatis. Sit dolorum sequi autem quod est error. Voluptates itaque aut modi voluptatem sit consequatur. Quia expedita beatae rerum.', 'https://image.jeuxvideo.com/medias/163161/1631607413-3853-jaquette-avant.jpg'),
(117, 25, 'tempora sunt eos', 'Quisquam quis quisquam occaecati omnis impedit aliquam molestias. Doloremque ratione in rerum necessitatibus. Omnis eos rem qui aut. Reiciendis soluta et velit praesentium. Dicta nesciunt omnis qui enim eum officia inventore. Eaque ut voluptatem neque quasi maiores laborum illo. Et voluptates est optio qui. Vel deserunt vitae in id. Et aliquam illum qui aut quis. Cumque et est voluptatem rerum. Consequatur eos qui libero est et. Autem sint odio consectetur qui ab vel et quia. Neque sed quia dolorem eligendi ipsam facilis omnis. A quia vitae magni est sapiente repellat inventore assumenda.', 'https://image.jeuxvideo.com/medias/163162/1631620218-5546-jaquette-avant.gif'),
(118, 25, 'nihil', 'Exercitationem pariatur sit voluptatem reiciendis consequatur. Voluptatibus rerum repellat nulla libero voluptatem. Qui est quis magnam blanditiis facilis et et amet. Et doloremque laboriosam et. Et dolores consequuntur earum harum laudantium quae sit vel. Corrupti ea laudantium dolorem corporis iusto ea doloribus. Occaecati maxime optio numquam ad aut facere odit. Quae ea iure omnis sit. Et sed dignissimos corrupti praesentium accusantium dolore accusamus. A incidunt qui totam iure sunt magni.', 'https://image.jeuxvideo.com/medias/159542/1595423317-2836-jaquette-avant.png'),
(119, 38, 'nihil ut magni et', 'Ut fugit et voluptas accusantium sapiente ratione dolor. Dolorem omnis reiciendis aut dolorum hic quibusdam voluptas. Sequi provident earum est exercitationem praesentium quidem. Ea corporis perspiciatis impedit pariatur dolorum. Excepturi ratione qui expedita suscipit commodi sit dolorum at. Et id consectetur adipisci voluptatem occaecati aliquid. Aliquid ducimus aliquam rerum quis qui. Reiciendis omnis placeat quas consequatur qui cumque ut.', 'https://image.jeuxvideo.com/medias/163154/1631535511-3744-jaquette-avant.jpg'),
(120, 39, 'voluptate quis accusantium eum', 'Minus repellendus qui qui quasi et et molestias magnam. Facilis explicabo voluptates quam iste. Quos doloremque nemo libero saepe vel est. Optio vero velit id minus qui dolore. Ratione voluptate dicta perferendis sit. Autem autem accusamus aut blanditiis accusantium quisquam dolor alias. Nihil ducimus debitis velit id. Dolores tenetur non ipsam et. Consequatur sed a excepturi inventore. Tenetur recusandae et qui ad. Sint doloribus et quos.', 'https://image.jeuxvideo.com/medias/159403/1594028554-187-jaquette-avant.jpg'),
(121, 31, 'accusantium praesentium facilis', 'Et voluptates facilis voluptas maxime et qui ipsum. Et qui ut sunt voluptas similique corporis esse distinctio. Veritatis ipsum non nostrum amet est minima. Aliquam sapiente quia et labore sed et. Dolores qui ex iure illo totam id dolorem. Ad voluptatem aspernatur dolorem culpa sint facere. Modi cumque et quis eaque optio amet voluptates nobis. Id non est libero quia et dolor. Vel odit in aut. Voluptas exercitationem sit quam. Sed ipsum similique in non quos aliquid harum. Fuga quidem quia rerum quidem sit. Aut ut expedita fugit sed minima qui.', 'https://image.jeuxvideo.com/medias/150166/1501664378-9988-jaquette-avant.jpg'),
(122, 32, 'sit ipsa numquam eveniet', 'Est omnis nesciunt aut quia quos ipsam recusandae. Deleniti est et dolorem porro. Temporibus facere accusamus similique ullam eos. Consectetur possimus repudiandae ut neque ut voluptatem modi necessitatibus. Sequi deleniti quo eaque possimus et nesciunt. Inventore quam vel deleniti eum rem et et delectus. Vero occaecati sunt est placeat. Perspiciatis aliquam voluptas dignissimos. Consequatur voluptate sunt et dignissimos libero ut. Totam officia amet et quasi ea ipsa.', 'https://image.jeuxvideo.com/medias-sm/163396/1633959248-729-jaquette-avant.gif'),
(123, 26, 'maiores minus', 'Cupiditate voluptas nostrum harum incidunt eius deserunt. Aliquid aliquid ea reiciendis minus at quis. Blanditiis accusamus eveniet ut eligendi occaecati. Sed ad aspernatur animi repellendus deserunt. Dicta porro totam voluptatem molestias a. Illo eaque deserunt omnis ab ullam iure velit ratione. Nemo atque omnis non tempora et molestiae laboriosam. Laborum cumque voluptas et incidunt quidem aut quaerat. Itaque est placeat dolorem maxime dolore eaque nulla sed. Autem blanditiis quas rem provident inventore porro.', 'https://letempscompere.fr/wp-content/uploads/2021/08/KyBRbcz5wCqPrdr7QFfUniEg-2048x1536.webp'),
(124, 24, 'provident voluptas fugiat deserunt', 'Iste voluptatum molestiae reiciendis molestiae expedita ut quis. Facilis esse recusandae explicabo quo necessitatibus voluptatem. Iure maxime qui at voluptatem porro. Repellendus omnis aut quibusdam est quo ab. Ducimus est qui harum consequuntur aperiam praesentium. Dolore et ut impedit perspiciatis repudiandae aut qui. Enim iure sit qui cumque ab commodi. Iusto eligendi ducimus et aut eos corrupti perspiciatis. Id minus nisi hic voluptatem quis mollitia aliquam voluptatum. Qui quam et eum autem accusantium labore fuga deleniti.', 'https://image.jeuxvideo.com/medias/163299/1632989749-6428-jaquette-avant.gif'),
(125, 39, 'eos', 'Doloribus ad aliquam quis expedita architecto tenetur fugit. A rerum laborum eum animi quia adipisci aut. Id minus vero impedit aut et et voluptatem. Dolores et non quia accusamus. Delectus ut omnis cumque doloribus. Omnis a voluptatem ad laboriosam. Aliquam numquam deleniti incidunt aspernatur voluptas. Rerum nulla magni nam non autem. Laudantium aut et vel consequuntur enim quia. Temporibus necessitatibus eum dolorem quas rerum. Doloribus et tempore ratione sunt. Dolor quasi ab distinctio excepturi iste ducimus est reiciendis. Sit exercitationem quia fugiat.', 'https://image.jeuxvideo.com/medias/151689/1516893501-9622-jaquette-avant.jpg'),
(126, 27, 'quia ea numquam', 'Omnis possimus cumque perferendis et qui officiis. Quia aut labore nulla animi omnis. Ex officia qui ut ipsum magni. Laudantium dolor sit quisquam ex eos. Qui provident ex fugit rerum quas qui. Harum reiciendis quidem quo dolore voluptas. Sed molestias nobis non. Quia architecto magni dolores. Velit dolor beatae iste accusantium. Animi nemo ipsa id mollitia at quia ut. Dolores dolor quo ut nemo omnis. Dolorum expedita ut beatae expedita nulla. Dolor laborum autem deserunt quae sunt molestiae blanditiis.', 'https://image.jeuxvideo.com/medias/163299/1632989599-6459-jaquette-avant.gif'),
(127, 39, 'sapiente', 'Autem beatae perspiciatis voluptatem neque natus ut sed. Nam vel dignissimos sed sapiente voluptas molestias magnam. Rerum quis quod dolorum cupiditate harum voluptates. Sunt et sit nesciunt est accusamus quia. Illum explicabo amet non eveniet et. Earum aut dolorum et quis. Et nemo et corrupti voluptatem odit nemo. Deleniti quia minima eaque impedit et. Commodi sunt sit omnis nisi ut et sed nobis. Aut officiis velit ex. Dolore odio repellendus aperiam perspiciatis nihil.', 'https://image.jeuxvideo.com/medias/163664/1636636223-8849-jaquette-avant.jpg'),
(128, 32, 'numquam corrupti accusamus', 'Exercitationem illo voluptatibus et ullam. Autem dolorum quia qui. Qui explicabo nemo dolore molestiae est. Et reprehenderit ut consequatur nihil accusantium eveniet. Et quo explicabo vel dolorem tenetur quia. Rerum id quas inventore voluptatem sunt nam. Et doloremque dolore voluptas totam cupiditate dolore est omnis. Consequatur aliquam ullam dolore qui dolorem quia facilis. Aperiam modi nemo sed optio sit. Aut est delectus eos quia reprehenderit dignissimos. A fugiat perferendis assumenda unde ea voluptates rerum.', 'https://image.jeuxvideo.com/images/jaquettes/00048634/jaquette-les-sims-4-pc-cover-avant-g-1409904702.jpg'),
(129, 40, 'quia officiis', 'Laudantium illo sint illo omnis. Nihil numquam eos deserunt non. Temporibus officiis in quo quaerat sapiente praesentium. Et voluptates unde at perferendis. Et nam qui voluptatem est. Quisquam ea ipsum quam laborum. Id voluptatum in esse et nobis aut asperiores facere. Fugiat ut commodi qui molestias voluptate inventore. Labore consequatur voluptatibus explicabo unde dolor minima. Sequi id eum quia. Ut unde quia unde. Maiores ipsum ut esse laborum. Consequatur aliquid neque ut. Possimus eos modi earum facilis asperiores molestiae inventore. Nobis vel nisi voluptas id.', 'https://image.jeuxvideo.com/medias/163187/1631865000-7055-jaquette-avant.jpg'),
(130, 27, 'possimus', 'Est magnam quidem debitis commodi. Illo dolores expedita voluptate doloribus asperiores dolore molestiae quibusdam. Accusantium reiciendis natus officia eveniet cum qui velit. Voluptatibus necessitatibus porro omnis et ducimus. Quam dolores voluptatem laboriosam ea. Qui pariatur molestiae ratione voluptas sunt maiores. Dolores ea beatae numquam est beatae rerum. Laborum quis molestiae dolor ut. Aut amet modi vero sit maiores. Molestiae enim maiores ad aliquam aliquid non asperiores. Quos et natus beatae ipsam adipisci et alias. Quia iure expedita rerum et.', 'https://image.jeuxvideo.com/medias/161277/1612766574-6606-jaquette-avant.png'),
(131, 26, 'accusantium possimus a', 'Qui aut ea adipisci. Neque blanditiis dolorum labore dolorem. Blanditiis quidem praesentium esse doloribus officia. Atque dolor minus cupiditate dolorem eos asperiores. Et quia ducimus est expedita totam. Asperiores non dolores dolore quisquam consequuntur at. Tempora sed perspiciatis aut ad veniam possimus temporibus in. Rerum ut id iure et asperiores. Quis sapiente provident est eligendi ut at. Pariatur architecto maiores labore cumque ex molestiae.', 'https://image.jeuxvideo.com/medias/161277/1612766574-6606-jaquette-avant.png'),
(132, 39, 'perferendis voluptas officiis', 'Quae non quod voluptatem aliquam exercitationem. Unde a consequuntur earum voluptas velit. Reiciendis doloribus et exercitationem. Non veniam natus id dolorum maiores enim omnis. Perspiciatis dolore dolores qui corporis cupiditate quaerat ea. Necessitatibus voluptatem magnam deserunt rerum laborum animi consequatur quasi. Et sapiente enim quas quia aut quos. Quisquam sint et debitis voluptas impedit qui omnis non. Fugiat ut in amet provident veritatis non ad. Odio quae aut et et fuga ullam.', 'https://image.jeuxvideo.com/medias/152899/1528990462-7760-jaquette-avant.jpg'),
(133, 38, 'rem ab modi', 'Et dolorum quidem quis quia sint accusantium nam iure. Illo ipsam et ipsa blanditiis sint. Repellendus provident recusandae dignissimos. Voluptates animi consequatur natus pariatur suscipit laboriosam sequi ut. Animi odio asperiores commodi vitae. Voluptatum eligendi quam inventore in quaerat aut voluptatem. Et cumque dignissimos rem. Quis omnis nesciunt porro error. Accusamus cum architecto ut aut amet. Laudantium quisquam eveniet vitae error dolores qui. Quidem consequuntur nulla cum necessitatibus. Itaque eaque quam architecto modi.', 'https://image.jeuxvideo.com/medias/161616/1616164719-8684-jaquette-avant.jpg'),
(134, 35, 'nobis omnis ratione', 'Distinctio qui ab eum molestiae. Molestiae nostrum rerum blanditiis esse eum nam. Ut ea voluptatem et. Est nemo sapiente nobis. Ullam temporibus pariatur ratione ut voluptates voluptatem. Cum qui sapiente rerum rerum fugiat qui. Consequatur voluptatem autem consectetur et accusantium. Quibusdam vel aut et eligendi numquam enim. Minima nulla consequatur culpa autem minus est nisi. Nostrum quo debitis in commodi rerum ducimus inventore. Sit veniam quia molestias. Qui laboriosam incidunt maxime error sit. Non vel quia ratione aut ut. Dolor nesciunt dolorem ipsa atque libero qui.', 'https://paradoxetemporel.fr/wp-content/uploads/2020/06/jaquette-the-last-of-us-part-2.jpg'),
(135, 25, 'quia dolor beatae facilis', 'Debitis explicabo qui aut sequi ut ducimus qui. Nobis delectus magni recusandae quibusdam. Voluptatem consequatur amet ut modi expedita. Laborum ad mollitia ut dolor perspiciatis numquam quo non. Nulla ut et dolor rerum. Doloribus nostrum a accusamus fugit voluptatibus quo. Ipsam cumque sed vel et perspiciatis explicabo. Ea dolore veniam quae. Nulla qui quia quo minus sed minus. Error omnis alias facere sit quia expedita. Facilis ipsam odio quod voluptas omnis.', 'https://image.jeuxvideo.com/medias/163353/1633528483-9809-jaquette-avant.jpg'),
(136, 35, 'assumenda velit asperiores iusto', 'Et molestias odio hic est. Iste laboriosam blanditiis alias expedita et iste. Magnam reprehenderit accusantium est. Qui facere molestias eius necessitatibus est. Dolorem neque voluptas iste a qui veniam quia. Quo voluptatem sed dolorum laudantium vel fugit cupiditate. Voluptatem et non mollitia deleniti et quaerat dolore. Est aut eos qui maxime molestias quia. Rerum aut aperiam eius quaerat vel facilis eveniet. Ad dolores dolorum ea dolorum omnis eos necessitatibus. Vel qui ea modi aut sint alias.', 'https://image.jeuxvideo.com/medias/159542/1595423317-2836-jaquette-avant.png'),
(137, 30, 'animi', 'Vitae totam omnis commodi inventore. Sint maxime est quia accusantium laborum consequatur quasi. Nobis laboriosam corporis unde ut eum aspernatur culpa molestiae. Quia doloremque itaque quibusdam et laboriosam. Voluptas quos est dolores esse ut aperiam. Est esse dolores eaque rerum. Omnis illum at quia quod. Minima perspiciatis enim qui iure. Sapiente sit delectus tenetur minus maxime. Earum accusantium vel nobis labore blanditiis dolor repudiandae. Aut atque qui et.', 'https://image.jeuxvideo.com/medias/142247/1422469608-7141-jaquette-avant.jpg'),
(138, 36, 'et quia voluptatem', 'Officia laudantium quo fugiat est magni unde aspernatur. Est molestias nesciunt mollitia. Maiores et dolore nesciunt optio recusandae et eaque. Voluptate sint numquam iure. Cumque nulla itaque harum voluptatem delectus sequi. Incidunt velit dolores est laudantium officiis nihil in consequuntur. Quia et et recusandae dignissimos maxime molestiae quia laudantium. Quia et voluptatem perferendis ut. Ut rerum est quam alias ducimus et. Quidem beatae pariatur omnis ea aut.', 'https://image.jeuxvideo.com/medias/163214/1632143636-6808-jaquette-avant.jpg'),
(139, 32, 'ut facere aliquam', 'Porro incidunt pariatur repudiandae quas est magnam. Assumenda temporibus eveniet libero repellendus ut. Aut aut aut id qui est autem. Est qui perferendis consequatur eum et. Ut earum aut cupiditate ut aut sit voluptate est. Aut nostrum temporibus neque dolores deserunt ullam suscipit. Asperiores eum quibusdam veritatis eveniet tenetur ut veniam officia. Repellendus voluptates sequi quia sit voluptatem animi autem.', 'https://image.jeuxvideo.com/medias/158826/1588264397-5261-jaquette-avant.jpg'),
(140, 36, 'omnis autem', 'Voluptas ex ea porro qui. Sequi consectetur voluptatem asperiores quisquam sit alias. Error suscipit optio labore voluptates asperiores. Aperiam odit qui accusamus quo voluptates id mollitia. Veritatis enim blanditiis aut sed. Dolores suscipit amet a. Ipsum delectus maxime rerum illum. Earum repudiandae accusantium blanditiis error. Porro dolor voluptatem perferendis corporis. A vero magnam et tenetur aut maxime. Voluptatem voluptas ea dolorum fugit qui officia dolorem ut.', 'https://image.jeuxvideo.com/medias/163881/1638806697-8764-jaquette-avant.gif'),
(141, 38, 'et sit', 'Est qui ipsa a nulla aliquam. Eos aut officiis eveniet illum tenetur. Eligendi reprehenderit earum voluptas veritatis reiciendis assumenda. Eos itaque eius temporibus. Iste vel et sapiente dicta eos aut vitae. Id nostrum totam eligendi dolorem adipisci optio. Velit est dignissimos et laudantium natus ut. Fugit perspiciatis dolorem ut distinctio minus minima. Repudiandae expedita et necessitatibus saepe. Distinctio dicta omnis excepturi ut modi ut. Aut qui totam nesciunt rerum velit amet ducimus.', 'https://image.jeuxvideo.com/medias/163162/1631620218-5546-jaquette-avant.gif'),
(142, 36, 'adipisci sit quia pariatur', 'Rerum enim vel voluptas occaecati odio. Qui debitis assumenda sit sunt dolorum ea molestiae. Placeat id dolores aspernatur eaque velit doloribus. Qui illo est molestias vitae. Est sunt quasi praesentium quos sunt aut. Sed distinctio eos fugiat accusamus necessitatibus rerum. Nulla facilis esse qui dolorum. Rerum neque consequatur et earum. Tempora sunt deleniti odio enim enim est. Et harum iste molestias dolores eum quae. Ut veniam nemo inventore ipsam. Facilis doloribus soluta et quam facilis. Possimus consequatur eaque et in quia ipsa ad. Quasi velit nobis rerum. Et eos veritatis eum est.', 'https://image.jeuxvideo.com/medias/159542/1595423317-2836-jaquette-avant.png'),
(143, 27, 'expedita labore et omnis', 'Voluptatibus et at et molestias ab temporibus. Debitis ipsam non repellendus est sit. Et consequatur repudiandae incidunt architecto. Sunt in exercitationem exercitationem tenetur itaque ducimus ex. Quis ad molestias et nihil pariatur. Quae quis autem aut. Sint at cupiditate illum qui aut at. Maxime sint vel velit itaque quaerat cupiditate. Sit quia sed a et. Facere quisquam occaecati id nobis laudantium cum nisi sit. Laborum sed qui aspernatur minus fugit debitis nesciunt. Velit est maxime sit dolore. Et culpa quod voluptatem ut illum id praesentium.', 'https://image.jeuxvideo.com/medias/159542/1595423317-2836-jaquette-avant.png'),
(144, 23, 'deserunt quidem rem est', 'Consequatur itaque est animi eveniet eum fuga sunt animi. Ab quis cupiditate corporis eius aut officiis dolorum. Ea ipsa illum dolores. Aspernatur quia omnis aut sunt id enim est voluptatibus. Ab autem consequatur nulla nam culpa. Id consequuntur facere in sit qui. Provident delectus aperiam impedit molestiae ipsum. Praesentium nesciunt voluptatem omnis ex alias nihil. Veritatis tempora nam corrupti architecto atque. Inventore eaque ex nihil. Quod velit possimus voluptas necessitatibus est.', 'https://image.jeuxvideo.com/medias/163342/1633418743-1593-jaquette-avant.gif'),
(145, 23, 'nam recusandae', 'Ratione ut est molestiae. Qui quasi necessitatibus possimus voluptas dicta. Ex vel tempora iusto iste enim accusamus ut. Et illo consectetur quia. Dignissimos cumque rerum mollitia. Omnis ullam molestiae ipsum omnis dolorum distinctio. Amet culpa nemo quis. Aut sunt consectetur delectus molestiae et ullam enim ratione. Est quasi voluptatem amet aut esse ut. Veritatis nisi aut voluptas aspernatur non architecto.', 'https://image.jeuxvideo.com/medias/163708/1637080607-7753-jaquette-avant.gif'),
(146, 36, 'iste minima minima', 'Aperiam voluptatem ut officia porro soluta necessitatibus. Eos provident recusandae illum repellat esse beatae et. Natus rerum repellat itaque ipsum eos voluptatem est. Accusantium ex sapiente consectetur ut porro consequatur in praesentium. Ducimus soluta iste corporis qui et explicabo doloremque. Aut sed eum error pariatur voluptatum molestias. Sit aut error ducimus voluptate rerum. Voluptatem tenetur et consequatur libero voluptates voluptas. Harum et modi earum et in quidem eos. Velit corrupti velit esse nostrum omnis. Eos autem esse fugit eaque et.', 'https://image.jeuxvideo.com/medias-sm/163396/1633959248-729-jaquette-avant.gif'),
(147, 24, 'quos ea', 'At non voluptate sequi magni et nesciunt nisi. Ut esse voluptate cumque eos amet. Distinctio aliquid a id harum qui officia et. Illum quia placeat recusandae aut. Reiciendis enim occaecati enim aut. Occaecati sit delectus ipsam deserunt. Beatae velit qui autem numquam sed est. Soluta voluptas inventore saepe dolorem consequuntur debitis et. Suscipit ut fugit facere voluptas at consequuntur. Dolorum voluptatem facilis et occaecati velit. Sed nulla doloribus dolores nulla. Laborum dolorem dolor nisi et voluptas eligendi. Accusamus praesentium quam et eius tempora magni.', 'https://image.jeuxvideo.com/medias/159542/1595423317-2836-jaquette-avant.png'),
(148, 32, 'aspernatur', 'Vero at iusto aut exercitationem sit eum soluta aliquid. Vitae iste ipsum neque quae. Qui non ut earum molestias illo mollitia voluptatem. Deserunt autem nulla quidem. At sint quibusdam id quasi eveniet minus. Accusantium et rerum porro a. Eius ex cum qui illo quis. Et ab mollitia et ducimus eaque animi. Sit occaecati exercitationem velit quis in. Est quis nobis impedit est dolorem a dolores consequatur. Rerum maxime laboriosam esse qui. Soluta qui ex fugit dicta.', 'https://image.jeuxvideo.com/medias/163335/1633353168-8875-jaquette-avant.gif'),
(149, 40, 'autem', 'Corrupti dignissimos consequuntur non. Ut nam nesciunt saepe repudiandae quod eum qui. Et nulla sint ab ullam. Distinctio corrupti est voluptatem illo sit rerum. Itaque assumenda illo ratione omnis. Fugiat et aut illo quo. Quae in voluptas deserunt sed excepturi earum neque. Quos sequi officia voluptates sed. Eligendi nam reprehenderit perspiciatis aliquam. Iusto qui non velit quis laboriosam voluptatem aut id. Ratione voluptas optio similique tempora totam et.', 'https://image.jeuxvideo.com/medias/163154/1631541998-5162-jaquette-avant.jpg'),
(150, 39, 'facere doloremque porro', 'Debitis aut id aliquam explicabo. Asperiores odio rem dignissimos rerum. Ex omnis odit doloribus magnam tenetur. Quia nihil magnam dolorem. Et cumque consequatur laudantium ut aut. Cum rerum nam est consequatur. Sed nam ut aut sed vel aliquam. Eius quis consectetur consectetur possimus sed eum molestiae. Facilis quaerat quia earum aut ipsam dignissimos rerum sit. Et nemo corrupti dolorum sit quos perspiciatis. Commodi ut ipsam quisquam nesciunt vero. Eos quo molestiae temporibus non atque soluta enim id. Quia inventore magnam voluptatem libero ut similique repellendus.', 'https://image.jeuxvideo.com/medias/159403/1594028554-187-jaquette-avant.jpg'),
(151, 27, 'voluptas eos', 'Corporis commodi sit animi beatae et eum. A qui autem praesentium soluta enim vel accusantium. Dolorem id consequatur voluptates. Nostrum possimus culpa ut animi suscipit amet ipsam. Enim omnis est tenetur eos non eos. Illum qui deserunt voluptatem consequuntur. Delectus eos et ea amet. Officiis architecto sed ut autem amet sunt expedita. Veniam velit quasi omnis rem. Qui totam voluptates eos enim. Dolores eveniet eveniet hic sint. Ipsam ut dolor quidem vel maxime est. Nemo velit unde consequatur rerum.', 'https://image.jeuxvideo.com/medias/150166/1501664378-9988-jaquette-avant.jpg'),
(152, 36, 'sit', 'Magni tempora et voluptas aut modi minima hic. Qui aut sed aliquid unde. Ipsum fugit quam eveniet eligendi ipsum adipisci eaque. Porro voluptatem id ut ut. Rerum aut et officia dicta laboriosam voluptates rerum consectetur. Sapiente recusandae nostrum quod deserunt libero. Id ea ipsa illum quis laborum mollitia. Omnis ut sed sed in. Maxime commodi et libero. Numquam veniam accusamus repudiandae enim eveniet est. Ex culpa et minima reiciendis. Autem doloribus ut laudantium. Voluptatibus atque commodi aut autem suscipit molestiae.', 'https://image.jeuxvideo.com/medias/163214/1632143636-6808-jaquette-avant.jpg'),
(153, 30, 'laudantium fuga voluptatem', 'Quo incidunt quae aut nostrum nihil totam est. Blanditiis distinctio et sed. Sed ut sit ad cum et ea. Laudantium qui laboriosam qui deleniti eligendi. Voluptatem aliquam est cupiditate ut dolorem sint. Quam nobis qui aperiam ratione alias dolores sit aut. Autem ducimus delectus sit sed. Et omnis maiores aut doloribus odio quis perferendis. Et molestias fuga ex quasi. Optio et et illo doloribus iusto autem ad rerum.', 'https://global-img.gamergen.com/red-dead-redemption-2-pc-mediamarkt_0900909672.jpg'),
(154, 35, 'aliquid facilis', 'Qui necessitatibus explicabo alias iure ea. Enim eum aut sunt magni dolorem. Voluptatibus et dolorum exercitationem vel est dolorum. Sequi omnis placeat error aut. Qui eos corporis pariatur vitae ea vel omnis. Est praesentium inventore a molestiae. Hic quis a sapiente ut. Fugit aut nulla architecto autem. Asperiores autem molestiae in nihil voluptatem dolores. Quo omnis quibusdam quaerat provident omnis quo recusandae. Aut deserunt vero quibusdam nam.', 'https://image.jeuxvideo.com/medias/150166/1501664378-9988-jaquette-avant.jpg'),
(155, 37, 'dolorum illum ea eaque', 'Delectus pariatur aspernatur sint quaerat et quidem. Qui eligendi et necessitatibus numquam incidunt et animi est. Voluptatem est neque qui nesciunt sit corrupti. Et et similique non facilis dolorem aperiam. Ut labore iure quaerat aliquam. Qui nisi voluptatem dolor velit. Similique quo qui et omnis quibusdam. Ratione et voluptas iste fugiat iste ea. Corporis ut quidem dolorem. Deleniti quis vel dolores. Id eaque rerum aut vel veritatis. Voluptatem libero ut non voluptatem ratione nobis ut. Reprehenderit doloribus a architecto fugiat aut illum fuga.', 'https://image.jeuxvideo.com/medias/163342/1633418743-1593-jaquette-avant.gif'),
(156, 37, 'molestias recusandae impedit voluptas', 'Aut fugit ab qui suscipit quaerat eligendi. Fuga cum dolor quas est. Amet dignissimos voluptatem quia eum. Placeat sunt vel et. Dolorem temporibus quibusdam sint illo sunt. Adipisci nobis voluptatem ipsam dolor aut cumque quos nesciunt. Dignissimos quisquam quas voluptatem velit qui. Nobis et autem sit eaque veniam. Et quis odit excepturi ea. Iusto pariatur vel non minima perferendis culpa autem. Vel quia aut quo quos tempore. Ab ea explicabo enim est rerum autem quidem. Corporis repellat voluptatum qui et nesciunt. Aut ut impedit dignissimos aliquid sunt repellendus nulla.', 'https://image.jeuxvideo.com/images/jaquettes/00048634/jaquette-les-sims-4-pc-cover-avant-g-1409904702.jpg'),
(157, 33, 'et pariatur voluptatem ut', 'Ipsum consequatur accusamus architecto omnis ut. Ut aperiam cum natus accusamus dolorem eius. Repellat quos nemo libero est modi similique nisi. Eligendi voluptatem et voluptatem esse harum. Sed accusantium quia et laboriosam dicta. Sed error expedita ipsa cumque facere aliquid. Officia ex asperiores facere saepe aliquam quia ipsa. Ipsa voluptatem et quis corporis non qui repellendus. Omnis qui blanditiis est molestias iusto. Sunt ut non blanditiis possimus. Qui totam rem at. Placeat voluptas voluptatum et quas. Omnis praesentium repudiandae aspernatur autem distinctio.', 'https://image.jeuxvideo.com/medias/152899/1528990462-7760-jaquette-avant.jpg'),
(158, 34, 'est repudiandae est repellendus', 'Sit perspiciatis qui necessitatibus. Quia quidem doloribus atque sed consectetur et tenetur in. Aliquid corporis sunt dolore. Sint veritatis vitae est voluptate sint dolor incidunt. Esse aspernatur illum modi eum repellat. Quia quia reiciendis sapiente eaque quis cupiditate iste at. Qui dolores et beatae inventore magnam aut molestiae. Aperiam sed numquam numquam aperiam dolorem quia illum impedit. Quaerat et qui amet sed sequi. Eveniet tempore id autem qui molestiae non. Molestiae ab est facere qui sint harum. Ut et consequatur ea aliquid animi. Velit tempora repudiandae iste magni dolores.', 'https://image.jeuxvideo.com/medias/163129/1631285061-4363-jaquette-avant.jpg'),
(159, 22, 'nostrum velit repellat', 'Provident sit sed ullam similique autem. Tenetur deleniti et consequatur voluptatibus. Occaecati tenetur accusantium alias aut. Aliquam at quos molestias voluptatem deleniti minus reiciendis. Corporis repellat ipsa dolorem necessitatibus. Et modi quidem quam aut voluptatem. Est saepe laboriosam doloremque esse. Eos aut optio pariatur aliquam. Quia esse similique aut non voluptatum adipisci. Autem aut debitis quia fugit et doloremque facere. Ullam earum recusandae aut ducimus nemo aut omnis.', 'https://image.jeuxvideo.com/images/jaquettes/00048634/jaquette-les-sims-4-pc-cover-avant-g-1409904702.jpg'),
(160, 27, 'magnam aspernatur', 'Quas ut quia minima aut. Corrupti quia ipsa maxime officiis est. Qui ratione animi ea est aperiam quia. Incidunt architecto illo voluptas hic officiis. Aliquid eaque alias dolores dolor sequi voluptas ad. Et omnis voluptatem non est aut. Quis iure quasi ut ducimus harum est aspernatur. Doloribus alias explicabo illo dolorem. Et et ratione vel qui minima sint aperiam. Nisi odit odit accusamus veritatis. Aut rem beatae impedit molestiae illo. Magnam molestiae accusamus accusamus recusandae dolor inventore ipsum nisi.', 'https://image.jeuxvideo.com/medias/163299/1632989599-6459-jaquette-avant.gif'),
(161, 40, 'animi quia', 'Consequatur cupiditate ea delectus explicabo. Sint qui optio repellendus quo sed sapiente et. Autem dignissimos perferendis sapiente et ullam labore aut. Quidem dolorem qui saepe delectus id saepe cupiditate. Praesentium velit nam perferendis et amet incidunt temporibus. At perferendis ea atque praesentium ratione ad. A beatae aut placeat iste sed. Aut laudantium necessitatibus et. Quas est pariatur qui necessitatibus omnis. Ab aut aliquid nulla sed non qui alias. Natus sit a aut error id ab. Adipisci sed qui expedita ut.', 'https://image.jeuxvideo.com/medias/163214/1632142889-7692-jaquette-avant.jpg'),
(162, 24, 'eum', 'Voluptatem veniam corporis sunt aut consequatur unde est. Enim placeat laudantium tenetur ut quis nobis sint. Id optio vel quidem explicabo. Eum ipsa accusantium odit eum. Laborum eos dicta inventore. Dolorem temporibus quia modi odit soluta beatae voluptate. Ut omnis consequatur suscipit quia itaque est et reprehenderit. Velit magnam voluptatem possimus eos. Aliquid laboriosam nobis et est ab. Porro quasi ea iste nihil in in eum. Repudiandae debitis aperiam non ut voluptates natus dolorem. Fuga ut dolor enim illum. Neque eos atque culpa sed asperiores nemo.', 'https://image.jeuxvideo.com/medias/163154/1631541998-5162-jaquette-avant.jpg'),
(163, 25, 'delectus', 'Tempora quas aut nihil necessitatibus quasi ex. Placeat omnis nulla non. Error accusamus sunt corporis provident quasi eius qui modi. Voluptatibus temporibus non aliquam accusamus. Sed blanditiis laborum dolores qui dicta. Exercitationem ea perferendis nemo rem ut. Nisi qui fugit consequatur debitis enim itaque deleniti aut. Nemo nemo et eveniet nihil quasi veritatis. Nobis tempore distinctio qui. Et quibusdam ex laborum deleniti quo et porro. Molestiae possimus et et natus minus et. Velit et qui animi odit magnam quaerat.', 'https://image.jeuxvideo.com/medias/161616/1616164719-8684-jaquette-avant.jpg'),
(164, 40, 'qui corporis pariatur sed', 'Qui enim eveniet voluptatum culpa debitis. Harum et voluptatem at consequatur laudantium quidem. Sint pariatur accusamus tempore ipsam. Qui quo eveniet dolorem ea qui earum. Modi nisi et dolor similique. Deserunt maiores magnam neque perferendis provident. Quos est maxime repellat error voluptas consequuntur. Excepturi quia aliquam sit omnis magni repellendus. Qui eos sint ipsum ipsum tempore rerum. Maxime amet illum voluptas accusantium rerum molestiae qui eum.', 'https://image.jeuxvideo.com/medias/161616/1616164719-8684-jaquette-avant.jpg'),
(165, 38, 'neque', 'Aliquid voluptates praesentium ut quia animi. Aliquam excepturi quis aut eveniet omnis nihil. Modi non nobis deserunt sed eligendi nisi magnam. Et non perspiciatis repudiandae et eum qui illo et. Non tenetur quae esse dignissimos vel ut. Possimus molestiae maxime omnis necessitatibus earum. Vero deserunt accusamus aut qui laboriosam aperiam animi sunt. Nisi vel aut voluptatem enim quasi. Laborum eum laudantium dolorem et. Dolorem rem mollitia optio nesciunt rerum qui.', 'https://image.jeuxvideo.com/medias/163353/1633528483-9809-jaquette-avant.jpg'),
(166, 25, 'consectetur animi quisquam autem', 'Molestiae consectetur fugiat accusamus nisi officiis deserunt iusto. Dolor earum sequi quam reprehenderit. Hic enim est id ipsum neque molestias et. Aut saepe impedit culpa. Ducimus placeat saepe sint aliquid cumque aut laboriosam. Velit id maiores aut. Accusantium eligendi laborum velit assumenda voluptatem quos. Et accusantium repudiandae incidunt quas. In culpa ratione sunt nesciunt hic. Eius qui quaerat quasi incidunt voluptatibus error blanditiis.', 'https://image.jeuxvideo.com/medias/163129/1631285061-4363-jaquette-avant.jpg'),
(167, 39, 'et corporis quas', 'Voluptas rerum fugiat voluptas similique ut sint. Laboriosam in debitis voluptates incidunt illum. Quidem temporibus quia natus in eveniet. Quasi similique reprehenderit et. Et autem repellat hic atque nesciunt sit corporis. Culpa reprehenderit velit est amet velit. Totam minima in eligendi qui. Rerum non dolores repudiandae deserunt. Assumenda non optio nulla. Minima fugiat aut iure et iure. Et reiciendis et qui inventore. Possimus non qui et eligendi maiores sed. Tempora excepturi occaecati necessitatibus quam. Tempore fuga dolorum voluptas quaerat omnis quas omnis.', 'https://image.jeuxvideo.com/medias/163881/1638806697-8764-jaquette-avant.gif'),
(168, 33, 'provident', 'Sed impedit exercitationem molestias nisi rerum praesentium. Sunt temporibus perspiciatis officia asperiores aspernatur eos. Est itaque sequi quo vel. Quia maiores ut incidunt modi. Est delectus est soluta rem omnis asperiores. Quo at nostrum ut sunt. Ut eligendi est aut dolore eum blanditiis. Doloribus ducimus delectus dolores error et provident ducimus. Qui tempore officiis dolore ad numquam omnis amet.', 'https://image.jeuxvideo.com/medias/149432/1494322310-8900-jaquette-avant.jpg'),
(169, 30, 'et dicta', 'Sunt at enim autem molestiae iusto saepe laborum voluptates. Occaecati aut dolor earum in. Nulla delectus error fuga. Facere animi enim enim deserunt. Ab aut quasi consequuntur provident asperiores eum dolorem nesciunt. Quaerat ad sed et beatae. Dolore et amet eaque labore perferendis totam. Mollitia voluptatem quam ut ut. Explicabo aut aut nobis voluptate quis. Sit id impedit placeat debitis. Ea in voluptatem temporibus id quam provident. Et labore et distinctio qui sit odio culpa fugit. Dicta alias minima voluptatum delectus reprehenderit error eligendi. Rerum pariatur nisi et.', 'https://image.jeuxvideo.com/medias/161277/1612766574-6606-jaquette-avant.png'),
(170, 38, 'excepturi', 'Dolor sint dignissimos voluptatem earum sed amet. Enim omnis eveniet omnis quia. Ut reprehenderit quis consequatur nostrum nostrum. Necessitatibus voluptatem est non odit alias et nulla. Illo aut quidem deserunt cumque et non. Corrupti fuga deleniti quasi perspiciatis sint maxime aut quos. Dicta suscipit vitae nobis voluptate nulla est. Fugiat aspernatur soluta maxime aspernatur dignissimos. Ut deleniti atque illum iste iure veritatis fugiat. Qui enim molestiae voluptas temporibus dicta culpa. Delectus sit recusandae sit amet.', 'https://image.jeuxvideo.com/medias/163154/1631541998-5162-jaquette-avant.jpg'),
(171, 24, 'repellendus suscipit ex', 'Sed iste et hic magni exercitationem corrupti. Adipisci aut officia officia eveniet modi. Perspiciatis maxime excepturi vel officia. Id repellat repudiandae velit id. Amet in voluptatem debitis enim beatae et. Necessitatibus sint mollitia commodi quia. Sunt eos repellat eligendi voluptatem ipsam facilis non inventore. Sed dolores reiciendis suscipit voluptatum itaque sequi similique. Non consectetur voluptas adipisci ad corrupti aliquid consequatur. Ut dolor ut amet magni. Earum tempora fugit odit modi. Saepe libero est qui natus ad. Dolor vel quo nam sequi sed provident.', 'https://image.jeuxvideo.com/medias/163214/1632143636-6808-jaquette-avant.jpg'),
(172, 38, 'ad', 'Rem velit numquam eveniet. Delectus sed accusantium dignissimos veritatis dolores eveniet. Dolorem recusandae qui quis aut vel qui. Veniam et quo nobis corrupti voluptates enim. Voluptate quo sunt a. Eius ut voluptas quidem explicabo. Maiores numquam eius voluptas distinctio ipsum facilis molestiae aut. Harum rem nostrum esse voluptatem rerum in iure modi. Quia commodi voluptatibus sint suscipit dolorem. Eos in aut blanditiis est voluptas. Blanditiis recusandae numquam consequatur eos beatae.', 'https://image.jeuxvideo.com/medias/163129/1631285061-4363-jaquette-avant.jpg'),
(173, 29, 'ipsum', 'Ducimus voluptas dicta dolor. Ut magnam quidem dolorum sapiente est natus atque adipisci. Nihil aut aut est voluptatem qui optio aperiam voluptatem. Et magnam tempora et et. Mollitia consectetur sed omnis. Laborum dolor adipisci et. Neque eveniet vel possimus temporibus voluptatem occaecati itaque eaque. Ut veritatis reiciendis qui hic. Sunt iure enim consectetur ipsa voluptatem non aut. Animi rerum quis quia animi numquam possimus. Quo commodi incidunt quidem. Quia itaque dolor similique eos est. Doloribus ipsa debitis ut vero qui voluptas harum.', 'https://paradoxetemporel.fr/wp-content/uploads/2020/06/jaquette-the-last-of-us-part-2.jpg'),
(174, 22, 'expedita', 'Hic recusandae nemo non inventore qui. Alias assumenda vero occaecati ipsam ratione placeat deserunt. Qui repudiandae vitae doloremque nulla. Explicabo quia inventore sunt est adipisci perferendis. Aspernatur culpa veniam at ipsam et atque. Nesciunt ratione voluptatem et suscipit sapiente aliquam. Consequatur natus id ea reiciendis accusamus ea in. Voluptatibus ut illum ad sint nam ab. Iure distinctio pariatur voluptatibus qui facilis est. Aut repellendus quaerat ut eius ipsa dolorum. Omnis aut nesciunt autem quod a aut consequuntur. Similique quaerat voluptatem eos.', 'https://image.jeuxvideo.com/medias/163708/1637080607-7753-jaquette-avant.gif'),
(175, 22, 'aut iusto quo quas', 'Et et et harum placeat eveniet nam. Natus consequatur asperiores pariatur sed. Temporibus in quibusdam optio et nulla id. Ullam tenetur modi mollitia voluptatem dolor quibusdam. Vel vero in iste illo. Commodi maiores voluptates dolor nulla quod. Qui asperiores autem fugit veritatis quasi suscipit sapiente. Quis quam sunt voluptates dolorem amet laudantium molestias totam. Tempora nesciunt laboriosam deserunt. Repudiandae consequatur aut consequatur ut.', 'https://image.jeuxvideo.com/images/jaquettes/00048634/jaquette-les-sims-4-pc-cover-avant-g-1409904702.jpg'),
(176, 31, 'eligendi dicta', 'Est inventore aut repudiandae harum quo officia quaerat temporibus. Repellat sit magni quia sunt dicta. Rem labore delectus architecto quaerat consequatur. Accusantium qui ab unde esse odit praesentium molestias sit. Sint quia id excepturi ipsum. Iusto vitae omnis est. Accusantium ut ratione placeat voluptatem iure. Voluptas molestias vero praesentium. Eaque aut explicabo totam accusantium sit maiores. Aliquid dignissimos architecto hic numquam quis. Eos ducimus quo ea. Voluptatibus iste voluptatem repudiandae soluta pariatur dolor earum. Aut atque laudantium libero id.', 'https://image.jeuxvideo.com/medias/163335/1633353168-8875-jaquette-avant.gif'),
(177, 26, 'quia eius laborum similique', 'Ea est temporibus ducimus ut tempore ea occaecati numquam. Ipsa voluptates et impedit minus et. Blanditiis ex ut magni ea officiis omnis eum. Enim voluptatibus tempora ullam sint earum id. Qui consequatur error eum nisi sit nemo deserunt. Nulla sed et sunt nihil numquam. Provident beatae rerum optio qui. Quae quo occaecati nihil ullam qui et. Est recusandae dignissimos aut autem. Quam quia odit eius quos beatae amet vitae. Et ea officiis labore doloribus et. Ea voluptate adipisci quo qui sunt. Illo ea aut vero animi in ut id. Eaque aut necessitatibus suscipit dolore velit animi illum.', 'https://image.jeuxvideo.com/medias/163154/1631541998-5162-jaquette-avant.jpg'),
(178, 33, 'veritatis aut sequi', 'Itaque praesentium omnis eos quam consequatur exercitationem. Molestias adipisci ut aliquid rerum aut dolorem. Sint aut nulla magni quis. Accusantium qui pariatur et quo maxime aut aut. Quos labore et asperiores magni non. Voluptatem consequatur provident optio nemo repudiandae qui fugiat consequatur. Quod natus et consequatur quis consequatur explicabo labore. Eos eius dolores cum non libero.', 'https://image.jeuxvideo.com/medias/158826/1588264397-5261-jaquette-avant.jpg');
INSERT INTO `video_game` (`id`, `category_id`, `name`, `description`, `picture`) VALUES
(179, 26, 'libero', 'Tenetur est laboriosam sit laudantium quos et quia. Exercitationem soluta quia aperiam molestiae expedita vel doloribus. Ex quos eos aliquam autem tenetur et. Expedita eum ut illum quod. Magnam numquam quia cumque quod esse. Qui vel aspernatur ad qui omnis et deserunt. Quaerat eligendi ratione quaerat est iste. Molestiae ipsam est quia sit harum dicta ipsam. Maiores velit quia quia provident est. Aut possimus qui aut voluptatem molestiae dolores. Architecto et veniam illum qui.', 'https://image.jeuxvideo.com/medias/163708/1637080607-7753-jaquette-avant.gif'),
(180, 30, 'iusto', 'Laudantium qui recusandae tempora iure voluptatem nemo. Dolor beatae nam et sit voluptas nostrum. Aut illum error ratione. Quia quo expedita accusantium reiciendis. Ut minima tempora quasi adipisci deserunt. Magnam provident incidunt accusantium dolores. Et error atque soluta aspernatur corrupti. Excepturi molestiae quasi iure nisi. Vel nulla rerum in illum asperiores. Quibusdam sed dolore quas ea inventore. Harum tempora dolorum vel sed quod. Ab eius non vel vitae tempora laborum repellendus.', 'https://image.jeuxvideo.com/medias/149432/1494322310-8900-jaquette-avant.jpg'),
(181, 36, 'saepe et', 'Ut ut veritatis doloremque quam quidem cupiditate et. Vel voluptas sed atque. Eligendi facere occaecati corrupti voluptatum numquam. Ut veniam ducimus ea consequuntur omnis. Error praesentium corporis cumque est et amet. Possimus dicta maiores est tempora nulla qui rerum recusandae. Sequi exercitationem dignissimos in earum dolor minima odit fuga. Rerum natus voluptatem atque est ad omnis. Eligendi non quasi incidunt officiis.', 'https://image.jeuxvideo.com/medias/163162/1631620218-5546-jaquette-avant.gif'),
(182, 27, 'rerum commodi ipsam architecto', 'Repellendus fuga recusandae sequi et debitis in. Nulla aut et molestiae nobis expedita optio. Adipisci dolor architecto voluptatibus officiis et. Pariatur explicabo qui aperiam et et. Officia saepe sunt dignissimos iusto quos autem. Et aut ipsa qui amet porro. Harum cupiditate repellendus odio laborum quo harum sit. In est omnis laboriosam amet. Accusamus unde exercitationem deleniti fuga. Porro velit qui rerum qui earum. Quos reprehenderit officia nemo.', 'https://image.jeuxvideo.com/medias/163881/1638806697-8764-jaquette-avant.gif'),
(183, 37, 'possimus nihil nihil perspiciatis', 'Alias corporis nemo sunt ducimus. Nihil ducimus ut quo quam quidem veritatis. Reiciendis odio quisquam velit sequi velit ipsa et. Non repudiandae quibusdam alias magni. Nisi enim veniam molestiae odio consequatur et ipsum. Consequatur odit vel ullam beatae beatae quam hic. Eum ut dignissimos temporibus quam saepe temporibus est. Qui nisi ut sunt exercitationem distinctio culpa assumenda inventore. Ut deleniti consectetur occaecati laboriosam provident placeat rem eum. Officiis quis voluptas rerum rem nisi et dolores. Culpa et vitae corrupti quis aspernatur fuga. Id corrupti repudiandae qui.', 'https://image.jeuxvideo.com/medias/161277/1612766574-6606-jaquette-avant.png'),
(184, 33, 'harum inventore', 'Dolores assumenda commodi sit repudiandae amet qui occaecati placeat. Odit excepturi sit aut error. Alias cum repudiandae deleniti quia id qui. Dolorum optio ut fuga qui qui. Expedita magni delectus non hic modi. Ratione sapiente doloribus unde. Corrupti et voluptatum unde et. Aspernatur ab ducimus nostrum maxime quos. Quia voluptatem assumenda ipsam numquam itaque qui cupiditate molestiae. In ipsum nihil ab ut. Eum facere nemo sapiente officiis voluptates veniam. Possimus soluta ipsam ex vel et animi dolore voluptatem. Nisi nisi inventore qui.', 'https://image.jeuxvideo.com/medias/163708/1637080607-7753-jaquette-avant.gif'),
(185, 27, 'vel voluptatibus rerum', 'Occaecati sapiente animi aspernatur maxime aperiam. Quae dolor nisi iure molestias at eaque minima aliquam. Iusto dignissimos cumque rerum eligendi itaque sit. Minus et magni eaque adipisci natus. Quae omnis commodi error atque. Sint incidunt totam excepturi voluptatum. Distinctio commodi laudantium cupiditate omnis omnis voluptatem. Voluptate voluptatem ducimus dolor natus fuga eum. Odio dolores harum hic. Perferendis rerum perferendis quas saepe. Eveniet commodi quis iste omnis non.', 'https://image.jeuxvideo.com/medias/161277/1612766574-6606-jaquette-avant.png'),
(186, 28, 'voluptas', 'Temporibus minima sint laboriosam error culpa. Fugit molestiae ad cumque architecto laudantium necessitatibus et. Occaecati quia incidunt sequi eius incidunt quo. Perferendis debitis nobis omnis quo odit. Autem corrupti maiores molestias totam id molestias. Minima rem laudantium ea maxime sint ipsa. Quis voluptas ut aliquam sit qui saepe officiis. Animi repellendus sint distinctio rerum officiis perspiciatis sapiente. Qui rem et placeat aspernatur et.', 'https://image.jeuxvideo.com/medias/150166/1501664378-9988-jaquette-avant.jpg'),
(187, 33, 'qui sequi', 'Necessitatibus eos voluptate veritatis et. Nesciunt et est et provident facilis at. Quo voluptatem eos at neque vero consequatur in. Nobis voluptatibus nisi dolore. Esse sint officia laborum commodi non quo dolorum. Enim tenetur illo nemo omnis aut quae laboriosam. Sequi et et commodi sit impedit deleniti. Molestias saepe ut eum et fugiat commodi. Nihil earum eos ex. Voluptatem et reiciendis quaerat dignissimos. Ea magnam ut ut laboriosam deserunt cum. Qui consectetur voluptas dolor praesentium laborum nihil aliquid at. Atque consequatur expedita ipsa qui perspiciatis.', 'https://image.jeuxvideo.com/medias/158826/1588264397-5261-jaquette-avant.jpg'),
(188, 40, 'ut fugiat', 'Aliquam in quia voluptas eum sunt. Cupiditate non aut omnis consequatur quisquam consequuntur. Quia vero aut quo et. Aspernatur expedita et nobis ullam repellat qui itaque. Aut nemo ea suscipit ullam quibusdam unde vero sed. Sit aliquam consequatur rerum iste. Quibusdam aspernatur reiciendis placeat similique. Aliquam est aut dolores optio tempora explicabo. Quis quam deserunt in est. Dicta harum ut necessitatibus molestias eligendi. Dolores sed repellat earum vel nihil natus voluptatum. Mollitia ullam id nihil velit. Nobis molestias qui illum praesentium non eos eos.', 'https://image.jeuxvideo.com/medias/148285/1482854953-4348-jaquette-avant.jpg'),
(189, 24, 'atque nam sit qui', 'Fugiat accusamus dolor doloremque adipisci magni omnis voluptatem. Est quidem commodi qui mollitia eos et iure odit. Aliquid illo molestiae distinctio sunt. Quidem ut excepturi illo officia qui inventore. Ducimus magni ut saepe ullam in sint. Voluptas deleniti voluptatem aut laudantium maxime. Consequuntur a harum ducimus numquam sit quo. Rerum eum amet labore quam recusandae eum. Velit neque occaecati quidem dolores. Deserunt itaque deserunt hic quia voluptatem et deleniti. Ratione consequatur cum eum voluptatem pariatur similique. Ut porro quia soluta sit.', 'https://image.jeuxvideo.com/images/jaquettes/00027602/jaquette-league-of-legends-pc-cover-avant-g.jpg'),
(190, 35, 'libero enim et sed', 'Velit officia occaecati provident. Vel quo iusto aut ut eos odit est voluptatum. Consequuntur officia cum quo tempore repellendus reprehenderit facilis sequi. Pariatur unde aliquam ut consectetur delectus impedit tempore beatae. Quisquam debitis quisquam voluptatum repellat labore quo. Eos occaecati aspernatur harum voluptas. Adipisci iusto dolorum molestias dolorem sed omnis. Ipsum consequatur aperiam accusantium temporibus debitis. Nobis dolorum placeat iusto cum. Est sed dolor laborum necessitatibus eum recusandae ipsam.', 'https://image.jeuxvideo.com/images/jaquettes/00027602/jaquette-league-of-legends-pc-cover-avant-g.jpg'),
(191, 24, 'amet iste omnis illo', 'Consequuntur itaque et explicabo. Mollitia quas accusamus magnam provident pariatur. Consequatur doloribus quia id perferendis accusantium tempora dolores commodi. Ut tempore quia veniam reprehenderit et voluptatum. Perferendis commodi dolorem corrupti consequuntur voluptates voluptas ea. Occaecati quibusdam maxime fugiat labore itaque ut aut. Laboriosam qui voluptas praesentium fugit deserunt. Doloremque eius est omnis possimus accusantium facilis. In sit ullam nostrum voluptas. Aut voluptas iusto aut molestiae voluptatibus eos. Officiis ut rerum sunt.', 'https://image.jeuxvideo.com/images/jaquettes/00048634/jaquette-les-sims-4-pc-cover-avant-g-1409904702.jpg'),
(192, 27, 'dolor', 'Id qui vel sint saepe. Consectetur laborum alias ipsum. Qui debitis aliquid quod eum minus in rerum. Non non fugiat maiores corrupti. Autem culpa est beatae magnam perferendis ipsam. Officia reiciendis ut voluptas illum error eveniet. Repudiandae ad eum error vel porro iste. Quia non sed totam pariatur exercitationem numquam qui aut. Sit est autem qui quas autem sapiente explicabo. Neque illum voluptatem itaque dicta. Iure vero ut non distinctio iure aperiam sit. Unde recusandae sed optio aliquid aut veniam.', 'https://letempscompere.fr/wp-content/uploads/2021/08/KyBRbcz5wCqPrdr7QFfUniEg-2048x1536.webp'),
(193, 31, 'pariatur nesciunt', 'Ratione occaecati nesciunt at ipsum doloremque praesentium nihil ea. Impedit sunt incidunt corporis consequatur id nulla voluptas. Alias qui fugit delectus accusantium dolorem aliquid aliquam facilis. Ut omnis doloribus earum omnis rerum et ad. Asperiores fuga amet in occaecati. Eum dolor adipisci sint quisquam voluptate. Laudantium debitis non nulla praesentium sunt. Alias aut sunt placeat blanditiis nihil vero necessitatibus. Exercitationem reiciendis ullam sunt nam quod dolorum velit. Veniam quo sed officiis quo tenetur non unde recusandae. Repellat nam tempore voluptas quia et saepe eos.', 'https://image.jeuxvideo.com/medias/163154/1631535511-3744-jaquette-avant.jpg'),
(194, 27, 'doloribus consectetur', 'Aliquam quas doloremque ipsa. Alias ut quidem nisi. Facere ab voluptas tempora blanditiis et. Dolores sit quaerat quod minus. Non excepturi quo dignissimos sit accusamus eum saepe. Qui voluptas ad molestiae neque aspernatur iusto nihil. Quia vitae voluptates maiores quia. Velit ab et vel inventore. Commodi dolores est debitis vel nisi fugit fugiat qui. Veritatis a reiciendis eligendi quo. Similique numquam ea reiciendis distinctio fugiat.', 'https://image.jeuxvideo.com/medias/163299/1632989749-6428-jaquette-avant.gif'),
(195, 23, 'aperiam numquam qui laudantium', 'Assumenda sint ipsam optio aut. Et officia mollitia nulla est eos. Natus quod amet laboriosam tempora vel et. Quisquam illum est repudiandae. Sequi non hic quis. Culpa est voluptatem in magnam voluptatem aut. Maiores placeat ducimus illo quo voluptate placeat dignissimos omnis. Quae accusamus facilis mollitia qui repellat non. Repudiandae nisi distinctio blanditiis voluptatem. Beatae officiis ducimus quaerat exercitationem voluptatum adipisci. Aspernatur occaecati dolores animi ipsam atque porro aspernatur. Ab ut deleniti numquam et sit nihil. Sed earum consequatur deserunt voluptatem aut.', 'https://image.jeuxvideo.com/medias/142247/1422469608-7141-jaquette-avant.jpg'),
(196, 32, 'vero', 'In tempora quia sit qui adipisci. Mollitia odio est iusto et odit perspiciatis rerum. Et itaque maiores atque similique nemo. Dolores quia culpa qui quia. Aspernatur alias quis soluta impedit est corporis suscipit. Ea nostrum ab laboriosam saepe qui. Vitae corporis sed est omnis eaque explicabo eveniet possimus. Aut aut eos non quia fuga. Consequuntur quasi recusandae commodi architecto laborum incidunt esse excepturi. Nulla accusantium quibusdam consequuntur enim.', 'https://paradoxetemporel.fr/wp-content/uploads/2020/06/jaquette-the-last-of-us-part-2.jpg'),
(197, 34, 'unde enim', 'At adipisci et consectetur animi voluptates voluptatem qui debitis. Porro sequi quis et eligendi et. Libero ipsam minima modi libero et unde. Maxime excepturi omnis eligendi quaerat est ut rerum. Quia quia ipsa mollitia. Enim omnis nam voluptas consequatur. Non sit voluptas facilis quod. Quis at neque aliquid harum architecto provident molestiae. Fugiat excepturi repellendus beatae nam dolorem. Ea et quo ea sed quisquam vel. Natus doloribus et corporis labore dolor est ad. Aut aliquid occaecati ipsa repellendus. Explicabo dolorum eligendi molestiae occaecati.', 'https://image.jeuxvideo.com/medias/142247/1422469608-7141-jaquette-avant.jpg'),
(198, 27, 'eaque', 'Repudiandae culpa autem recusandae corporis nam autem. Odio fugiat aut ipsa et quos. Corporis nobis voluptas enim et adipisci libero. Quas laudantium eum dolorum ut placeat et aut. Quia tenetur aut omnis itaque. Molestias voluptates et quibusdam atque omnis ut. Sed voluptas ab doloribus numquam voluptate tenetur. Dolores aut nesciunt est omnis facilis rem. Omnis quia omnis in nobis reiciendis tenetur. Nemo voluptatem placeat magnam sapiente. Repellendus facilis illum excepturi harum consequatur voluptate minus. Aut delectus enim vel eaque libero.', 'https://image.jeuxvideo.com/medias/163353/1633528483-9809-jaquette-avant.jpg'),
(199, 28, 'id', 'Non ea dolorem eum quia. Ipsa excepturi ipsa nam rerum. Rem facilis neque non cum excepturi ut eius. Eum excepturi facere praesentium qui sapiente fugiat. Ducimus ut laudantium asperiores aliquid quos nesciunt. Similique cum debitis a et fugiat dicta enim consequuntur. Reprehenderit cum temporibus commodi qui neque vel. Voluptatem provident corrupti voluptatibus iure vitae molestiae odit suscipit. Quaerat voluptatem voluptatibus voluptatem voluptates et. Ea eveniet non eos sapiente sit.', 'https://image.jeuxvideo.com/medias/158826/1588264397-5261-jaquette-avant.jpg'),
(200, 23, 'dolores in est ab', 'Quaerat libero et voluptatum quaerat est ratione. Nobis soluta autem ea nobis tempore vel cumque. Similique dolor voluptatum necessitatibus odio possimus temporibus. In molestiae repudiandae quaerat non. Quasi magnam totam cupiditate exercitationem sit. Quisquam perferendis aut aut itaque alias minima. Alias quod est similique est fugit facere reiciendis ut. Quos voluptatem voluptatem numquam aliquam ullam esse. Repudiandae qui non maiores omnis placeat dolorem recusandae. Et molestias qui nemo et aliquam. Quae suscipit ipsam nobis iure impedit cum. Vel est cupiditate odit recusandae ut.', 'https://image.jeuxvideo.com/medias/151689/1516893501-9622-jaquette-avant.jpg');

-- --------------------------------------------------------

--
-- Structure de la table `video_game_category`
--

CREATE TABLE `video_game_category` (
  `id` int(11) NOT NULL,
  `name` varchar(50) COLLATE utf8mb4_unicode_ci NOT NULL
) ENGINE=InnoDB DEFAULT CHARSET=utf8mb4 COLLATE=utf8mb4_unicode_ci;

--
-- Déchargement des données de la table `video_game_category`
--

INSERT INTO `video_game_category` (`id`, `name`) VALUES
(21, 'FPS / TPS'),
(22, 'Combat'),
(23, 'RTS'),
(24, 'Simulation'),
(25, 'Plateforme'),
(26, 'RPG'),
(27, 'MMORPG'),
(28, 'Sandbox'),
(29, 'MOBA'),
(30, 'Battle Royals'),
(31, 'Action / Aventure'),
(32, 'Beat Them All'),
(33, 'Puzzlers'),
(34, 'Réflexion'),
(35, 'Survival Horror'),
(36, 'Hack’n’slash'),
(37, 'Party Games'),
(38, 'Rythme'),
(39, 'Course'),
(40, 'Sports');

-- --------------------------------------------------------

--
-- Structure de la table `video_game_platform`
--

CREATE TABLE `video_game_platform` (
  `video_game_id` int(11) NOT NULL,
  `platform_id` int(11) NOT NULL
) ENGINE=InnoDB DEFAULT CHARSET=utf8mb4 COLLATE=utf8mb4_unicode_ci;

--
-- Déchargement des données de la table `video_game_platform`
--

INSERT INTO `video_game_platform` (`video_game_id`, `platform_id`) VALUES
(101, 11),
(102, 11),
(102, 12),
(102, 14),
(102, 15),
(103, 11),
(103, 12),
(103, 13),
(103, 14),
(103, 15),
(103, 16),
(103, 17),
(103, 18),
(104, 11),
(104, 12),
(104, 13),
(104, 14),
(104, 15),
(105, 11),
(105, 12),
(105, 13),
(105, 14),
(105, 15),
(106, 11),
(106, 12),
(106, 13),
(106, 14),
(106, 15),
(106, 16),
(106, 17),
(106, 18),
(107, 11),
(107, 12),
(107, 13),
(107, 14),
(107, 15),
(107, 16),
(107, 17),
(107, 18),
(108, 11),
(108, 12),
(108, 13),
(108, 14),
(108, 15),
(109, 11),
(109, 12),
(109, 13),
(109, 14),
(109, 15),
(109, 16),
(109, 17),
(109, 18),
(110, 11),
(110, 12),
(110, 14),
(110, 15),
(111, 11),
(111, 12),
(111, 13),
(111, 14),
(111, 15),
(111, 16),
(111, 17),
(111, 18),
(112, 11),
(112, 12),
(112, 14),
(112, 15),
(113, 11),
(114, 11),
(114, 12),
(114, 14),
(114, 15),
(115, 11),
(115, 12),
(115, 13),
(115, 14),
(115, 15),
(116, 11),
(116, 12),
(116, 13),
(116, 14),
(116, 15),
(116, 16),
(116, 17),
(116, 18),
(117, 11),
(117, 12),
(117, 13),
(117, 14),
(117, 15),
(117, 16),
(117, 17),
(117, 18),
(118, 11),
(118, 12),
(118, 13),
(118, 14),
(118, 15),
(119, 11),
(119, 12),
(119, 13),
(119, 14),
(119, 15),
(120, 11),
(120, 12),
(120, 13),
(120, 14),
(120, 15),
(120, 16),
(120, 17),
(120, 18),
(121, 11),
(121, 12),
(121, 13),
(121, 14),
(121, 15),
(121, 16),
(121, 17),
(121, 18),
(122, 11),
(122, 12),
(122, 13),
(122, 14),
(122, 15),
(122, 16),
(122, 17),
(122, 18),
(123, 11),
(123, 12),
(123, 14),
(123, 15),
(124, 11),
(124, 12),
(124, 13),
(124, 14),
(124, 15),
(125, 11),
(125, 12),
(125, 13),
(125, 14),
(125, 15),
(125, 16),
(126, 11),
(126, 12),
(126, 13),
(126, 14),
(126, 15),
(126, 16),
(126, 17),
(126, 18),
(127, 11),
(127, 12),
(127, 13),
(127, 14),
(127, 15),
(127, 16),
(127, 17),
(127, 18),
(128, 11),
(128, 12),
(128, 13),
(128, 14),
(128, 15),
(129, 11),
(129, 12),
(129, 13),
(129, 14),
(129, 15),
(130, 11),
(130, 12),
(130, 13),
(130, 14),
(130, 15),
(131, 11),
(132, 11),
(132, 12),
(132, 13),
(132, 14),
(132, 15),
(132, 16),
(133, 11),
(133, 12),
(133, 13),
(133, 14),
(133, 15),
(134, 11),
(134, 12),
(134, 13),
(134, 14),
(134, 15),
(134, 16),
(134, 17),
(134, 18),
(135, 11),
(135, 12),
(135, 13),
(135, 14),
(135, 15),
(135, 16),
(135, 17),
(135, 18),
(136, 11),
(136, 12),
(136, 13),
(136, 14),
(136, 15),
(137, 11),
(137, 12),
(137, 13),
(137, 14),
(137, 15),
(138, 11),
(138, 12),
(138, 14),
(138, 15),
(139, 11),
(139, 12),
(139, 13),
(139, 14),
(139, 15),
(139, 16),
(139, 17),
(139, 18),
(140, 11),
(140, 12),
(140, 13),
(140, 14),
(140, 15),
(141, 11),
(141, 12),
(141, 13),
(141, 14),
(141, 15),
(142, 11),
(143, 11),
(143, 12),
(143, 13),
(143, 14),
(143, 15),
(144, 11),
(144, 12),
(144, 13),
(144, 14),
(144, 15),
(144, 16),
(144, 17),
(144, 18),
(145, 11),
(146, 11),
(146, 12),
(146, 13),
(146, 14),
(146, 15),
(146, 16),
(146, 17),
(146, 18),
(147, 11),
(147, 12),
(147, 13),
(147, 14),
(147, 15),
(148, 11),
(148, 12),
(148, 13),
(148, 14),
(148, 15),
(148, 16),
(148, 17),
(148, 18),
(149, 11),
(149, 12),
(149, 13),
(149, 14),
(149, 15),
(150, 11),
(150, 12),
(150, 13),
(150, 14),
(150, 15),
(150, 16),
(150, 17),
(150, 18),
(151, 11),
(151, 12),
(151, 13),
(151, 14),
(151, 15),
(152, 11),
(152, 12),
(152, 14),
(152, 15),
(153, 11),
(153, 12),
(153, 13),
(153, 14),
(153, 15),
(153, 16),
(153, 17),
(153, 18),
(154, 11),
(154, 12),
(154, 13),
(154, 14),
(154, 15),
(154, 16),
(154, 17),
(154, 18),
(155, 11),
(155, 12),
(155, 13),
(155, 14),
(155, 15),
(156, 11),
(156, 12),
(156, 13),
(156, 14),
(156, 15),
(156, 16),
(156, 17),
(156, 18),
(157, 11),
(157, 12),
(157, 13),
(157, 14),
(157, 15),
(158, 11),
(158, 12),
(158, 13),
(158, 14),
(158, 15),
(159, 11),
(159, 12),
(159, 13),
(159, 14),
(159, 15),
(160, 11),
(160, 12),
(160, 13),
(160, 14),
(160, 15),
(161, 11),
(161, 12),
(161, 13),
(161, 14),
(161, 15),
(162, 11),
(162, 12),
(162, 13),
(162, 14),
(162, 15),
(162, 16),
(162, 17),
(162, 18),
(163, 11),
(163, 12),
(163, 13),
(163, 14),
(163, 15),
(164, 11),
(164, 12),
(164, 13),
(164, 14),
(164, 15),
(164, 16),
(165, 11),
(165, 12),
(165, 13),
(165, 14),
(165, 15),
(165, 16),
(166, 11),
(166, 12),
(166, 13),
(166, 14),
(166, 15),
(166, 16),
(166, 17),
(166, 18),
(167, 11),
(167, 12),
(167, 13),
(167, 14),
(167, 15),
(167, 16),
(167, 17),
(167, 18),
(168, 11),
(168, 12),
(168, 14),
(168, 15),
(169, 11),
(169, 12),
(169, 13),
(169, 14),
(169, 15),
(169, 16),
(170, 11),
(170, 12),
(170, 13),
(170, 14),
(170, 15),
(170, 16),
(171, 11),
(171, 12),
(171, 13),
(171, 14),
(171, 15),
(172, 11),
(172, 12),
(172, 13),
(172, 14),
(172, 15),
(172, 16),
(172, 17),
(172, 18),
(173, 11),
(173, 12),
(173, 13),
(173, 14),
(173, 15),
(173, 16),
(173, 17),
(173, 18),
(174, 11),
(174, 12),
(174, 14),
(174, 15),
(175, 11),
(175, 12),
(175, 13),
(175, 14),
(175, 15),
(175, 16),
(175, 17),
(175, 18),
(176, 11),
(176, 12),
(176, 13),
(176, 14),
(176, 15),
(176, 16),
(176, 17),
(176, 18),
(177, 11),
(177, 12),
(177, 13),
(177, 14),
(177, 15),
(178, 11),
(178, 12),
(178, 13),
(178, 14),
(178, 15),
(178, 16),
(178, 17),
(178, 18),
(179, 11),
(179, 12),
(179, 13),
(179, 14),
(179, 15),
(180, 11),
(180, 12),
(180, 13),
(180, 14),
(180, 15),
(181, 11),
(181, 12),
(181, 13),
(181, 14),
(181, 15),
(182, 11),
(182, 12),
(182, 13),
(182, 14),
(182, 15),
(182, 16),
(183, 11),
(183, 12),
(183, 13),
(183, 14),
(183, 15),
(183, 16),
(184, 11),
(184, 12),
(184, 13),
(184, 14),
(184, 15),
(185, 11),
(185, 12),
(185, 13),
(185, 14),
(185, 15),
(185, 16),
(185, 17),
(185, 18),
(186, 11),
(186, 12),
(186, 13),
(186, 14),
(186, 15),
(186, 16),
(186, 17),
(186, 18),
(187, 11),
(187, 12),
(187, 14),
(187, 15),
(188, 11),
(188, 12),
(188, 13),
(188, 14),
(188, 15),
(189, 11),
(189, 12),
(189, 13),
(189, 14),
(189, 15),
(190, 11),
(190, 12),
(190, 13),
(190, 14),
(190, 15),
(191, 11),
(191, 12),
(191, 13),
(191, 14),
(191, 15),
(191, 16),
(191, 17),
(191, 18),
(192, 11),
(192, 12),
(192, 13),
(192, 14),
(192, 15),
(193, 11),
(193, 12),
(193, 13),
(193, 14),
(193, 15),
(193, 16),
(193, 17),
(193, 18),
(194, 11),
(194, 12),
(194, 14),
(194, 15),
(195, 11),
(195, 12),
(195, 13),
(195, 14),
(195, 15),
(195, 16),
(196, 11),
(196, 12),
(196, 13),
(196, 14),
(196, 15),
(196, 16),
(196, 17),
(196, 18),
(197, 11),
(197, 12),
(197, 13),
(197, 14),
(197, 15),
(197, 16),
(197, 17),
(197, 18),
(198, 11),
(199, 11),
(199, 12),
(199, 13),
(199, 14),
(199, 15),
(199, 16),
(199, 17),
(199, 18),
(200, 11),
(200, 12),
(200, 14),
(200, 15);

--
-- Index pour les tables déchargées
--

--
-- Index pour la table `avatar`
--
ALTER TABLE `avatar`
  ADD PRIMARY KEY (`id`);

--
-- Index pour la table `board_game`
--
ALTER TABLE `board_game`
  ADD PRIMARY KEY (`id`),
  ADD KEY `IDX_F9BD68AF12469DE2` (`category_id`);

--
-- Index pour la table `board_game_category`
--
ALTER TABLE `board_game_category`
  ADD PRIMARY KEY (`id`);

--
-- Index pour la table `booking`
--
ALTER TABLE `booking`
  ADD PRIMARY KEY (`id`),
  ADD KEY `IDX_E00CEDDE71F7E88B` (`event_id`),
  ADD KEY `IDX_E00CEDDEA76ED395` (`user_id`);

--
-- Index pour la table `comic`
--
ALTER TABLE `comic`
  ADD PRIMARY KEY (`id`),
  ADD KEY `IDX_5B7EA5AA12469DE2` (`category_id`);

--
-- Index pour la table `comic_category`
--
ALTER TABLE `comic_category`
  ADD PRIMARY KEY (`id`);

--
-- Index pour la table `doctrine_migration_versions`
--
ALTER TABLE `doctrine_migration_versions`
  ADD PRIMARY KEY (`version`);

--
-- Index pour la table `event`
--
ALTER TABLE `event`
  ADD PRIMARY KEY (`id`),
  ADD KEY `IDX_3BAE0AA712469DE2` (`category_id`),
  ADD KEY `IDX_3BAE0AA7DA6A219` (`place_id`),
  ADD KEY `IDX_3BAE0AA77E3C61F9` (`owner_id`),
  ADD KEY `IDX_3BAE0AA781C06096` (`activity_id`);

--
-- Index pour la table `event_activity`
--
ALTER TABLE `event_activity`
  ADD PRIMARY KEY (`id`);

--
-- Index pour la table `event_category`
--
ALTER TABLE `event_category`
  ADD PRIMARY KEY (`id`);

--
-- Index pour la table `manga`
--
ALTER TABLE `manga`
  ADD PRIMARY KEY (`id`),
  ADD KEY `IDX_765A9E0312469DE2` (`category_id`);

--
-- Index pour la table `manga_category`
--
ALTER TABLE `manga_category`
  ADD PRIMARY KEY (`id`);

--
-- Index pour la table `place`
--
ALTER TABLE `place`
  ADD PRIMARY KEY (`id`);

--
-- Index pour la table `platform`
--
ALTER TABLE `platform`
  ADD PRIMARY KEY (`id`);

--
-- Index pour la table `user`
--
ALTER TABLE `user`
  ADD PRIMARY KEY (`id`),
  ADD UNIQUE KEY `UNIQ_8D93D649E7927C74` (`email`),
  ADD KEY `IDX_8D93D649CCFA12B8` (`profile_id`),
  ADD KEY `IDX_8D93D6495FB14BA7` (`level_id`),
  ADD KEY `IDX_8D93D649EE45BDBF` (`picture_id`);

--
-- Index pour la table `user_board_game`
--
ALTER TABLE `user_board_game`
  ADD PRIMARY KEY (`user_id`,`board_game_id`),
  ADD KEY `IDX_5EDAAE43A76ED395` (`user_id`),
  ADD KEY `IDX_5EDAAE43AC91F10A` (`board_game_id`);

--
-- Index pour la table `user_comic`
--
ALTER TABLE `user_comic`
  ADD PRIMARY KEY (`user_id`,`comic_id`),
  ADD KEY `IDX_B9BC5EF2A76ED395` (`user_id`),
  ADD KEY `IDX_B9BC5EF2D663094A` (`comic_id`);

--
-- Index pour la table `user_level`
--
ALTER TABLE `user_level`
  ADD PRIMARY KEY (`id`);

--
-- Index pour la table `user_manga`
--
ALTER TABLE `user_manga`
  ADD PRIMARY KEY (`user_id`,`manga_id`),
  ADD KEY `IDX_9498655BA76ED395` (`user_id`),
  ADD KEY `IDX_9498655B7B6461` (`manga_id`);

--
-- Index pour la table `user_profile`
--
ALTER TABLE `user_profile`
  ADD PRIMARY KEY (`id`);

--
-- Index pour la table `user_video_game`
--
ALTER TABLE `user_video_game`
  ADD PRIMARY KEY (`user_id`,`video_game_id`),
  ADD KEY `IDX_83DBAABCA76ED395` (`user_id`),
  ADD KEY `IDX_83DBAABC16230A8` (`video_game_id`);

--
-- Index pour la table `video_game`
--
ALTER TABLE `video_game`
  ADD PRIMARY KEY (`id`),
  ADD KEY `IDX_24BC6C5012469DE2` (`category_id`);

--
-- Index pour la table `video_game_category`
--
ALTER TABLE `video_game_category`
  ADD PRIMARY KEY (`id`);

--
-- Index pour la table `video_game_platform`
--
ALTER TABLE `video_game_platform`
  ADD PRIMARY KEY (`video_game_id`,`platform_id`),
  ADD KEY `IDX_996C03DD16230A8` (`video_game_id`),
  ADD KEY `IDX_996C03DDFFE6496F` (`platform_id`);

--
-- AUTO_INCREMENT pour les tables déchargées
--

--
-- AUTO_INCREMENT pour la table `avatar`
--
ALTER TABLE `avatar`
  MODIFY `id` int(11) NOT NULL AUTO_INCREMENT, AUTO_INCREMENT=43;

--
-- AUTO_INCREMENT pour la table `board_game`
--
ALTER TABLE `board_game`
  MODIFY `id` int(11) NOT NULL AUTO_INCREMENT, AUTO_INCREMENT=201;

--
-- AUTO_INCREMENT pour la table `board_game_category`
--
ALTER TABLE `board_game_category`
  MODIFY `id` int(11) NOT NULL AUTO_INCREMENT, AUTO_INCREMENT=35;

--
-- AUTO_INCREMENT pour la table `booking`
--
ALTER TABLE `booking`
  MODIFY `id` int(11) NOT NULL AUTO_INCREMENT, AUTO_INCREMENT=51;

--
-- AUTO_INCREMENT pour la table `comic`
--
ALTER TABLE `comic`
  MODIFY `id` int(11) NOT NULL AUTO_INCREMENT, AUTO_INCREMENT=201;

--
-- AUTO_INCREMENT pour la table `comic_category`
--
ALTER TABLE `comic_category`
  MODIFY `id` int(11) NOT NULL AUTO_INCREMENT, AUTO_INCREMENT=37;

--
-- AUTO_INCREMENT pour la table `event`
--
ALTER TABLE `event`
  MODIFY `id` int(11) NOT NULL AUTO_INCREMENT, AUTO_INCREMENT=107;

--
-- AUTO_INCREMENT pour la table `event_activity`
--
ALTER TABLE `event_activity`
  MODIFY `id` int(11) NOT NULL AUTO_INCREMENT, AUTO_INCREMENT=11;

--
-- AUTO_INCREMENT pour la table `event_category`
--
ALTER TABLE `event_category`
  MODIFY `id` int(11) NOT NULL AUTO_INCREMENT, AUTO_INCREMENT=15;

--
-- AUTO_INCREMENT pour la table `manga`
--
ALTER TABLE `manga`
  MODIFY `id` int(11) NOT NULL AUTO_INCREMENT, AUTO_INCREMENT=201;

--
-- AUTO_INCREMENT pour la table `manga_category`
--
ALTER TABLE `manga_category`
  MODIFY `id` int(11) NOT NULL AUTO_INCREMENT, AUTO_INCREMENT=11;

--
-- AUTO_INCREMENT pour la table `place`
--
ALTER TABLE `place`
  MODIFY `id` int(11) NOT NULL AUTO_INCREMENT, AUTO_INCREMENT=201;

--
-- AUTO_INCREMENT pour la table `platform`
--
ALTER TABLE `platform`
  MODIFY `id` int(11) NOT NULL AUTO_INCREMENT, AUTO_INCREMENT=19;

--
-- AUTO_INCREMENT pour la table `user`
--
ALTER TABLE `user`
  MODIFY `id` int(11) NOT NULL AUTO_INCREMENT, AUTO_INCREMENT=508;

--
-- AUTO_INCREMENT pour la table `user_level`
--
ALTER TABLE `user_level`
  MODIFY `id` int(11) NOT NULL AUTO_INCREMENT, AUTO_INCREMENT=11;

--
-- AUTO_INCREMENT pour la table `user_profile`
--
ALTER TABLE `user_profile`
  MODIFY `id` int(11) NOT NULL AUTO_INCREMENT, AUTO_INCREMENT=9;

--
-- AUTO_INCREMENT pour la table `video_game`
--
ALTER TABLE `video_game`
  MODIFY `id` int(11) NOT NULL AUTO_INCREMENT, AUTO_INCREMENT=201;

--
-- AUTO_INCREMENT pour la table `video_game_category`
--
ALTER TABLE `video_game_category`
  MODIFY `id` int(11) NOT NULL AUTO_INCREMENT, AUTO_INCREMENT=41;

--
-- Contraintes pour les tables déchargées
--

--
-- Contraintes pour la table `board_game`
--
ALTER TABLE `board_game`
  ADD CONSTRAINT `FK_F9BD68AF12469DE2` FOREIGN KEY (`category_id`) REFERENCES `board_game_category` (`id`);

--
-- Contraintes pour la table `booking`
--
ALTER TABLE `booking`
  ADD CONSTRAINT `FK_E00CEDDE71F7E88B` FOREIGN KEY (`event_id`) REFERENCES `event` (`id`),
  ADD CONSTRAINT `FK_E00CEDDEA76ED395` FOREIGN KEY (`user_id`) REFERENCES `user` (`id`);

--
-- Contraintes pour la table `comic`
--
ALTER TABLE `comic`
  ADD CONSTRAINT `FK_5B7EA5AA12469DE2` FOREIGN KEY (`category_id`) REFERENCES `comic_category` (`id`);

--
-- Contraintes pour la table `event`
--
ALTER TABLE `event`
  ADD CONSTRAINT `FK_3BAE0AA712469DE2` FOREIGN KEY (`category_id`) REFERENCES `event_category` (`id`),
  ADD CONSTRAINT `FK_3BAE0AA77E3C61F9` FOREIGN KEY (`owner_id`) REFERENCES `user` (`id`),
  ADD CONSTRAINT `FK_3BAE0AA781C06096` FOREIGN KEY (`activity_id`) REFERENCES `event_activity` (`id`),
  ADD CONSTRAINT `FK_3BAE0AA7DA6A219` FOREIGN KEY (`place_id`) REFERENCES `place` (`id`);

--
-- Contraintes pour la table `manga`
--
ALTER TABLE `manga`
  ADD CONSTRAINT `FK_765A9E0312469DE2` FOREIGN KEY (`category_id`) REFERENCES `manga_category` (`id`);

--
-- Contraintes pour la table `user`
--
ALTER TABLE `user`
  ADD CONSTRAINT `FK_8D93D6495FB14BA7` FOREIGN KEY (`level_id`) REFERENCES `user_level` (`id`),
  ADD CONSTRAINT `FK_8D93D649CCFA12B8` FOREIGN KEY (`profile_id`) REFERENCES `user_profile` (`id`),
  ADD CONSTRAINT `FK_8D93D649EE45BDBF` FOREIGN KEY (`picture_id`) REFERENCES `avatar` (`id`);

--
-- Contraintes pour la table `user_board_game`
--
ALTER TABLE `user_board_game`
  ADD CONSTRAINT `FK_5EDAAE43A76ED395` FOREIGN KEY (`user_id`) REFERENCES `user` (`id`) ON DELETE CASCADE,
  ADD CONSTRAINT `FK_5EDAAE43AC91F10A` FOREIGN KEY (`board_game_id`) REFERENCES `board_game` (`id`) ON DELETE CASCADE;

--
-- Contraintes pour la table `user_comic`
--
ALTER TABLE `user_comic`
  ADD CONSTRAINT `FK_B9BC5EF2A76ED395` FOREIGN KEY (`user_id`) REFERENCES `user` (`id`) ON DELETE CASCADE,
  ADD CONSTRAINT `FK_B9BC5EF2D663094A` FOREIGN KEY (`comic_id`) REFERENCES `comic` (`id`) ON DELETE CASCADE;

--
-- Contraintes pour la table `user_manga`
--
ALTER TABLE `user_manga`
  ADD CONSTRAINT `FK_9498655B7B6461` FOREIGN KEY (`manga_id`) REFERENCES `manga` (`id`) ON DELETE CASCADE,
  ADD CONSTRAINT `FK_9498655BA76ED395` FOREIGN KEY (`user_id`) REFERENCES `user` (`id`) ON DELETE CASCADE;

--
-- Contraintes pour la table `user_video_game`
--
ALTER TABLE `user_video_game`
  ADD CONSTRAINT `FK_83DBAABC16230A8` FOREIGN KEY (`video_game_id`) REFERENCES `video_game` (`id`) ON DELETE CASCADE,
  ADD CONSTRAINT `FK_83DBAABCA76ED395` FOREIGN KEY (`user_id`) REFERENCES `user` (`id`) ON DELETE CASCADE;

--
-- Contraintes pour la table `video_game`
--
ALTER TABLE `video_game`
  ADD CONSTRAINT `FK_24BC6C5012469DE2` FOREIGN KEY (`category_id`) REFERENCES `video_game_category` (`id`);

--
-- Contraintes pour la table `video_game_platform`
--
ALTER TABLE `video_game_platform`
  ADD CONSTRAINT `FK_996C03DD16230A8` FOREIGN KEY (`video_game_id`) REFERENCES `video_game` (`id`) ON DELETE CASCADE,
  ADD CONSTRAINT `FK_996C03DDFFE6496F` FOREIGN KEY (`platform_id`) REFERENCES `platform` (`id`) ON DELETE CASCADE;
COMMIT;

/*!40101 SET CHARACTER_SET_CLIENT=@OLD_CHARACTER_SET_CLIENT */;
/*!40101 SET CHARACTER_SET_RESULTS=@OLD_CHARACTER_SET_RESULTS */;
/*!40101 SET COLLATION_CONNECTION=@OLD_COLLATION_CONNECTION */;
