-- phpMyAdmin SQL Dump
-- version 5.1.1
-- https://www.phpmyadmin.net/
--
-- Hôte : localhost:8889
-- Généré le : mar. 11 jan. 2022 à 09:02
-- Version du serveur : 5.7.34
-- Version de PHP : 8.0.8

SET SQL_MODE = "NO_AUTO_VALUE_ON_ZERO";
START TRANSACTION;
SET time_zone = "+00:00";


/*!40101 SET @OLD_CHARACTER_SET_CLIENT=@@CHARACTER_SET_CLIENT */;
/*!40101 SET @OLD_CHARACTER_SET_RESULTS=@@CHARACTER_SET_RESULTS */;
/*!40101 SET @OLD_COLLATION_CONNECTION=@@COLLATION_CONNECTION */;
/*!40101 SET NAMES utf8mb4 */;

--
-- Base de données : `wonderGeek`
--

-- --------------------------------------------------------

--
-- Structure de la table `board_game`
--

CREATE TABLE `board_game` (
  `id` int(11) NOT NULL,
  `category_id` int(11) NOT NULL,
  `name` varchar(50) COLLATE utf8mb4_unicode_ci NOT NULL,
  `description` longtext COLLATE utf8mb4_unicode_ci NOT NULL,
  `picture` varchar(255) COLLATE utf8mb4_unicode_ci NOT NULL
) ENGINE=InnoDB DEFAULT CHARSET=utf8mb4 COLLATE=utf8mb4_unicode_ci;

--
-- Déchargement des données de la table `board_game`
--

INSERT INTO `board_game` (`id`, `category_id`, `name`, `description`, `picture`) VALUES
(101, 24, 'in officiis porro dolorem', 'Tempora labore ad dolorem nisi voluptatem et. Aspernatur corporis fugiat omnis temporibus facere tenetur commodi eos. Recusandae sequi sunt enim deleniti dolorum ut. Et vitae neque suscipit quo.', 'https://cdn3.philibertnet.com/525941-thickbox_default/harry-potter-bataille-a-poudlard-extension-sortileges-et-potions.jpg'),
(102, 25, 'natus quasi quibusdam aut', 'Deleniti quo impedit non in sed. Et voluptatem qui quia autem magnam facilis. Amet corporis ut dolor deleniti ab est qui. Et praesentium voluptatem et. Dolores perferendis necessitatibus est.', 'https://cdn2.philibertnet.com/305958-thickbox_default/uno.jpg'),
(103, 25, 'et repudiandae et consequatur', 'Et nihil laboriosam officia error consequatur eum ullam debitis. Et sed enim vero velit pariatur. In voluptas dolorem et est est et. Cumque quidem ea aut.', 'https://cdn3.philibertnet.com/503205-thickbox_default/magic-the-gathering-horizons-du-modern-2-bundle.jpg'),
(104, 28, 'ut facere ipsam', 'Placeat at esse quia rem. Labore sit repudiandae eum qui ut libero. Officia hic dolorem velit molestiae rem velit ab. Quidem esse alias animi. Doloribus inventore eligendi possimus est. Dolores error et quis. Nulla necessitatibus quod beatae eum eius voluptatem. Quae dolorem qui occaecati magnam.', 'https://cdn2.philibertnet.com/516904-thickbox_default/le-seigneur-des-anneaux-voyages-en-terre-du-milieu-guerre-ouverte.jpg'),
(105, 30, 'doloremque', 'Nemo temporibus quae est voluptates. Consequatur in porro dolore consequatur et doloribus maiores. Provident rem perferendis voluptas dolorem voluptatem earum. Repellendus aut doloremque eius dicta. Nesciunt eum eos nam recusandae nobis aut maxime sit.', 'https://cdn2.philibertnet.com/516904-thickbox_default/le-seigneur-des-anneaux-voyages-en-terre-du-milieu-guerre-ouverte.jpg'),
(106, 34, 'repudiandae accusamus', 'Cum aut et reprehenderit magni. Ducimus ex nobis placeat et nobis omnis. Voluptate voluptatem rerum et. Autem animi soluta eum culpa tempore.', 'https://cdn2.philibertnet.com/523790-thickbox_default/micromacro-crime-city.jpg'),
(107, 26, 'quo', 'Optio adipisci modi amet quibusdam enim. Omnis distinctio voluptates laudantium quod. Exercitationem reiciendis corporis alias velit aliquid quidem qui fuga. Odit voluptatem cumque quia soluta sed eum. Qui qui ut eos assumenda. Doloremque qui labore corrupti quia ratione quae.', 'https://cdn3.philibertnet.com/516145-thickbox_default/nouvelles-contrees.jpg'),
(108, 30, 'voluptas reprehenderit amet laborum', 'Inventore est laudantium assumenda laborum incidunt. Sit est explicabo tempora laudantium et. Aut velit distinctio dolores vel nostrum laudantium deserunt.', 'https://cdn1.philibertnet.com/375938-thickbox_default/monopoly-classique.jpg'),
(109, 28, 'culpa voluptas et praesentium', 'Rerum accusantium quas qui atque voluptates. Est placeat quisquam blanditiis est animi odio. Doloribus aut et in sit quis doloremque. Ullam officiis officiis eveniet est fugiat rerum.', 'https://cdn2.philibertnet.com/524668-thickbox_default/les-aventures-de-robin-des-bois.jpg'),
(110, 34, 'et quia', 'Consequatur reiciendis odio sit nihil tempore. Officia unde et autem dolorem mollitia quisquam quia. Dignissimos autem vel et quae cum. Deleniti autem temporibus explicabo quis atque.', 'https://cdn3.philibertnet.com/515898-thickbox_default/7-wonders-architects.jpg'),
(111, 20, 'deserunt est asperiores', 'Dolor quod fugit magni numquam provident et qui. Ut iusto eaque assumenda et. Perspiciatis qui facere harum sint error ullam ut. Atque est dolor nihil laborum eum ipsam.', 'https://cdn3.philibertnet.com/515898-thickbox_default/7-wonders-architects.jpg'),
(112, 25, 'rerum vitae et corporis', 'Facere sequi nemo ullam eligendi repellat minima. Quidem nostrum corrupti ut rem impedit facere. Quasi ducimus autem qui adipisci itaque. Enim hic ut et omnis vel.', 'https://cdn1.philibertnet.com/343934-thickbox_default/7-wonders-duel.jpg'),
(113, 25, 'mollitia ipsum recusandae laboriosam', 'Voluptatem voluptatem vitae et autem sapiente ut laborum tenetur. Dolore dolorem itaque est aut magni. Quos qui eos porro aut. Nulla ratione corrupti eum quia.', 'https://cdn3.philibertnet.com/472228-thickbox_default/the-crew.jpg'),
(114, 23, 'modi iste aut dolorum', 'Inventore ut magnam est corrupti quia excepturi. Sint vel inventore vel impedit aut enim et. Dolorum magni tenetur quas explicabo in repudiandae maxime.', 'https://cdn1.philibertnet.com/494838-thickbox_default/marvel-champions-le-jeu-de-cartes-convoitise-galactique.jpg'),
(115, 20, 'necessitatibus ut', 'Architecto molestiae omnis ipsa distinctio explicabo ratione. Dolores voluptatibus voluptatem tenetur. Qui est autem commodi aut eius. Sit sit quam maxime quaerat. Quo fuga sit dolorum distinctio. A est minima ducimus in voluptatem.', 'https://cdn3.philibertnet.com/515976-thickbox_default/world-of-warcraft-wrath-of-the-lich-king-a-pandemic-system-board-game.jpg'),
(116, 34, 'a', 'Deleniti quis omnis voluptate similique. Dolorem animi voluptates ratione eos veniam aut dolores. Tempore qui iure quo fuga velit consequatur asperiores possimus. Voluptatem nihil recusandae nostrum veritatis qui eos. Unde voluptatibus non doloribus quos.', 'https://cdn3.philibertnet.com/503205-thickbox_default/magic-the-gathering-horizons-du-modern-2-bundle.jpg'),
(117, 32, 'fugiat ratione facilis', 'Sapiente officiis iste maxime et quia. Adipisci et non quia molestiae totam. Quae qui facere et adipisci ipsa aperiam fugit. Unde voluptatem at laborum quas assumenda. Nemo enim officia natus id ullam porro.', 'https://cdn2.philibertnet.com/516468-thickbox_default/saint-seiya-le-jeu-de-deckbuilding-poseidon.jpg'),
(118, 20, 'similique eligendi', 'Mollitia natus laudantium error ipsa placeat atque. Minima animi placeat aperiam iure vel voluptas eos et. Cum enim qui voluptatem deserunt. Modi sed nam hic tempora commodi. Sapiente adipisci eos deserunt.', 'https://cdn3.philibertnet.com/353015-thickbox_default/codenames-vf.jpg'),
(119, 33, 'maiores non labore', 'Consequatur quis eligendi placeat error odio. Omnis quo blanditiis ut officia.', 'https://cdn2.philibertnet.com/523790-thickbox_default/micromacro-crime-city.jpg'),
(120, 30, 'sit alias omnis adipisci', 'Maiores aliquam id cum reprehenderit cupiditate. Esse dolores praesentium necessitatibus voluptatem. Ut voluptatem molestiae voluptatem quibusdam fugiat doloribus. Dolorum similique eveniet est sunt repellat ad ratione quos.', 'https://cdn2.philibertnet.com/527633-thickbox_default/scrabble-deluxe.jpg'),
(121, 30, 'nihil soluta accusamus quia', 'Est numquam et voluptas unde voluptas magni. Accusamus qui repellendus non ea aliquid in iure. Ut et est et eius. Sint aspernatur itaque totam vero minima fugit. Veniam sit odit voluptatum ut est quidem est autem.', 'https://cdn3.philibertnet.com/525941-thickbox_default/harry-potter-bataille-a-poudlard-extension-sortileges-et-potions.jpg'),
(122, 33, 'odio quia', 'Ut odio veritatis dolores soluta enim eius vitae nobis. Ut non rerum distinctio quo nesciunt facere. Suscipit autem aliquam ea vitae quia commodi.', 'https://cdn1.philibertnet.com/375938-thickbox_default/monopoly-classique.jpg'),
(123, 26, 'ea repudiandae vero non', 'Et molestias dolores vel voluptatem veritatis labore sit corrupti. Aperiam voluptatem quod laboriosam non. Ea consectetur est facilis. Rerum consequatur et et laborum. Consequatur ut eos sed qui dolores qui. Tempora vitae quod dolor deleniti et consequatur. Aut facilis facilis dolor veritatis sunt.', 'https://cdn3.philibertnet.com/515898-thickbox_default/7-wonders-architects.jpg'),
(124, 32, 'fuga et et nesciunt', 'Et praesentium qui debitis. Temporibus sint expedita quibusdam id necessitatibus voluptas nisi sed. Et vel aspernatur vero explicabo perferendis quibusdam ut. Voluptatum voluptas sunt animi ut aliquid inventore.', 'https://cdn3.philibertnet.com/516145-thickbox_default/nouvelles-contrees.jpg'),
(125, 28, 'sit non illum quia', 'Numquam tenetur nulla quasi atque consequatur omnis est provident. Explicabo sapiente eum ut accusantium. Ipsam esse sit amet sint voluptatem. Eos odit ex nemo aperiam fugiat. Asperiores assumenda quia quasi ut cumque illo. Velit placeat in saepe in qui dicta.', 'https://cdn2.philibertnet.com/524668-thickbox_default/les-aventures-de-robin-des-bois.jpg'),
(126, 27, 'occaecati dignissimos', 'Inventore id neque explicabo nemo. Nostrum quasi tempore velit. Recusandae quos cum nulla odit. Id nesciunt est ducimus aut et. Tenetur molestias officiis ut blanditiis. Commodi itaque velit quia harum incidunt. Laboriosam ad vero tenetur quod est aliquam.', 'https://cdn3.philibertnet.com/353015-thickbox_default/codenames-vf.jpg'),
(127, 23, 'ipsam voluptates sunt rerum', 'Et quo rerum qui eveniet. Nisi aut rerum assumenda expedita. Qui non neque totam reiciendis accusantium quia commodi non. Omnis suscipit accusamus omnis dolorem voluptate. Minus earum sunt dolor atque iste.', 'https://cdn2.philibertnet.com/513139-thickbox_default/assassin-s-creed-valhalla-orlog-dice-game.jpg'),
(128, 34, 'eos qui voluptatum', 'Sit minus ad asperiores ut fugiat similique. Est illo dolores esse voluptas nihil nihil. Ullam quo et deleniti veniam. Deleniti quasi molestias asperiores rerum. Et velit ullam dolorem eaque sint sapiente qui est. Et ipsum necessitatibus magni tempore alias ipsum.', 'https://cdn2.philibertnet.com/524668-thickbox_default/les-aventures-de-robin-des-bois.jpg'),
(129, 24, 'aut dolorem', 'Dolor voluptatem ipsum velit cupiditate ipsa. Provident doloribus doloribus qui. Voluptas est autem et est id ut unde sunt. Nobis blanditiis omnis ut reiciendis quo.', 'https://cdn2.philibertnet.com/523790-thickbox_default/micromacro-crime-city.jpg'),
(130, 28, 'suscipit', 'Dolorum voluptates magni enim dolorum vitae. Laboriosam saepe voluptatum ipsum et accusamus placeat nulla. Tempora aut quo voluptas sed sed qui eligendi. Sequi quia perspiciatis ea error sequi. Impedit quibusdam vitae aperiam dolorum.', 'https://cdn2.philibertnet.com/456053-thickbox_default/skyjo.jpg'),
(131, 26, 'in quibusdam', 'Debitis itaque et asperiores deleniti veritatis adipisci non. Sed vitae recusandae laboriosam qui. Temporibus sit ipsam et. Autem voluptatem facere illum dolorum. Quibusdam omnis et iste maiores est magni dolorem. Vel sed dolorem necessitatibus autem fugit alias aperiam.', 'https://cdn1.philibertnet.com/375938-thickbox_default/monopoly-classique.jpg'),
(132, 22, 'quos ut omnis', 'Dolor ratione quo deleniti sit adipisci ut. Sequi sed sed qui repellat quia perferendis. Occaecati illum distinctio quae nisi quas qui tempore in. Et quibusdam quibusdam unde aut. Non consequatur necessitatibus earum vel officiis. In aut et excepturi recusandae.', 'https://cdn2.philibertnet.com/527633-thickbox_default/scrabble-deluxe.jpg'),
(133, 29, 'fugiat', 'Atque perferendis vel pariatur distinctio placeat quos velit. Praesentium qui ipsum cum modi ad necessitatibus eos. Consectetur aliquid qui magni eius. Aut architecto cupiditate incidunt sed quo vitae.', 'https://cdn3.philibertnet.com/503205-thickbox_default/magic-the-gathering-horizons-du-modern-2-bundle.jpg'),
(134, 34, 'neque dignissimos pariatur minus', 'Commodi aperiam non assumenda soluta temporibus qui mollitia illum. Consequatur at velit inventore voluptate soluta et sunt voluptatum. Animi aut sit sapiente ut. Nisi aut tempora neque occaecati molestias.', 'https://cdn3.philibertnet.com/472228-thickbox_default/the-crew.jpg'),
(135, 34, 'modi modi', 'Similique dolorem porro quia quis. Ullam eos similique quis quidem illo. Non laborum voluptate dicta dolores.', 'https://cdn3.philibertnet.com/515976-thickbox_default/world-of-warcraft-wrath-of-the-lich-king-a-pandemic-system-board-game.jpg'),
(136, 19, 'quo aliquam officia', 'Rerum quibusdam nihil ut sequi repellendus sint perferendis. Temporibus facere quia sint quis. Sit consequatur illo culpa voluptatibus ex qui. Hic dolorum omnis quam maxime et.', 'https://cdn3.philibertnet.com/520955-thickbox_default/unlock-game-adventures.jpg'),
(137, 32, 'occaecati consequatur nesciunt', 'Ullam dolores est veniam qui. Minus animi et quia neque soluta neque repellendus. Saepe reiciendis maiores quae sit. Debitis ex nulla aut illo qui consequatur autem. Veniam minus est odit quis. Et nulla deleniti unde quis. Ullam temporibus error et ratione sit perferendis dolorum molestias.', 'https://cdn3.philibertnet.com/515898-thickbox_default/7-wonders-architects.jpg'),
(138, 19, 'amet eaque molestiae delectus', 'Esse quibusdam ducimus aut. Dolorem maiores recusandae est molestiae. Beatae ea voluptatem tempora reprehenderit nisi qui quia. Voluptatem nisi harum debitis odio in. Nulla illum voluptatem ut qui. Tempora saepe amet sit iure amet voluptas. Sit quis voluptatum qui aut adipisci id molestiae.', 'https://cdn3.philibertnet.com/515898-thickbox_default/7-wonders-architects.jpg'),
(139, 28, 'dicta magnam aut qui', 'Corrupti non doloribus cupiditate distinctio quam quo beatae. Optio autem voluptatem sunt qui asperiores ea quo. Expedita et consequatur eius blanditiis quidem repellat voluptatum. Amet enim quasi aut omnis amet.', 'https://cdn2.philibertnet.com/456053-thickbox_default/skyjo.jpg'),
(140, 24, 'voluptatum sed dolore qui', 'Maxime voluptatum ut quos est ea molestiae ipsum eaque. Ratione maiores asperiores qui et. Tempore similique eum iure debitis autem. Et sed officia impedit aliquam. At est culpa neque dolore tempore. Occaecati neque maiores aspernatur ipsum.', 'https://cdn1.philibertnet.com/521033-thickbox_default/kingdomino-origins.jpg'),
(141, 32, 'eveniet assumenda labore', 'Quam hic maiores occaecati ipsum deserunt et. Nihil harum cupiditate corporis laborum rerum ea. Ab quia quasi magni quam.', 'https://cdn2.philibertnet.com/456053-thickbox_default/skyjo.jpg'),
(142, 24, 'dignissimos', 'At quos impedit et laboriosam. Velit laboriosam eos et cum rem. Dolores quia ex dolor totam. Et et occaecati in ea et omnis. A ducimus omnis ipsum.', 'https://cdn3.philibertnet.com/472228-thickbox_default/the-crew.jpg'),
(143, 25, 'dolorum repudiandae consequuntur', 'Blanditiis cum et necessitatibus eos qui. Qui et porro porro accusamus nihil. Dolores suscipit est iste architecto quibusdam fugit.', 'https://cdn3.philibertnet.com/353015-thickbox_default/codenames-vf.jpg'),
(144, 21, 'et odit doloremque', 'Alias laudantium et cumque enim facere aut libero omnis. Non qui inventore suscipit vel et voluptate tempore. Quaerat et explicabo reiciendis est repellat sed. Eveniet laboriosam quis tenetur repellendus iure. Alias ratione aut praesentium occaecati quisquam error id.', 'https://cdn2.philibertnet.com/522703-thickbox_default/terraforming-mars.jpg'),
(145, 25, 'harum eum', 'Sint ipsum temporibus dicta quo sed rerum eos. Est dicta expedita maiores voluptas. Libero sit omnis quam minima quis. Suscipit voluptatibus occaecati et magnam quia facere. Eum cum fugit dolorum minus quia quaerat. Qui incidunt natus voluptate omnis nihil odit nihil. Voluptatem natus sed dolores.', 'https://cdn2.philibertnet.com/516468-thickbox_default/saint-seiya-le-jeu-de-deckbuilding-poseidon.jpg'),
(146, 34, 'dolore', 'Fuga explicabo eos quisquam omnis ad aliquam dolorum. Distinctio nihil consequatur fugit exercitationem praesentium qui natus. Atque ut maiores exercitationem sunt soluta consequatur debitis. Non qui vel molestias eaque vel.', 'https://cdn2.philibertnet.com/456053-thickbox_default/skyjo.jpg'),
(147, 22, 'cupiditate repellat', 'Quo mollitia eveniet esse illo asperiores eum. Velit molestiae accusantium est. Cum rerum magni eveniet dolor maxime. Minima ut consequatur ut. Repellat provident qui consequatur ex et animi. Est incidunt modi et beatae impedit.', 'https://cdn3.philibertnet.com/520955-thickbox_default/unlock-game-adventures.jpg'),
(148, 24, 'corporis repellat', 'Maiores eaque sunt nihil iure laborum omnis. Laborum sit ipsam asperiores ea ut voluptatem quia. Recusandae repudiandae et sit similique voluptatem voluptas maxime. Assumenda est est minima nihil facere quaerat perspiciatis.', 'https://cdn3.philibertnet.com/353015-thickbox_default/codenames-vf.jpg'),
(149, 22, 'itaque libero', 'Dolore et explicabo cumque. Ut exercitationem laudantium quae magni dolorum dignissimos. Molestiae in ducimus recusandae adipisci tempora fugiat est.', 'https://cdn2.philibertnet.com/516468-thickbox_default/saint-seiya-le-jeu-de-deckbuilding-poseidon.jpg'),
(150, 25, 'architecto facilis illo ipsam', 'Esse dolores aut deleniti saepe culpa. Reiciendis et nostrum tempore unde voluptatem. Neque voluptatem quaerat ut numquam qui. Et facere quis in a qui. Fugiat a dolores aut voluptatum at. Dolor voluptas quaerat et. Nihil rem dolor qui voluptas magnam omnis omnis.', 'https://cdn2.philibertnet.com/527633-thickbox_default/scrabble-deluxe.jpg'),
(151, 22, 'nesciunt', 'Explicabo sed culpa aut quia et nihil quisquam. Ipsa in ut vel culpa praesentium ad. Nemo delectus voluptates pariatur exercitationem expedita quis.', 'https://cdn3.philibertnet.com/472228-thickbox_default/the-crew.jpg'),
(152, 21, 'dolorem enim explicabo qui', 'Debitis est assumenda minus facere accusamus. Aut et rem voluptates reiciendis dignissimos numquam. Quo ullam nobis sapiente non deleniti dolores delectus. Animi perferendis magni qui et animi tenetur repellendus sint.', 'https://cdn3.philibertnet.com/515898-thickbox_default/7-wonders-architects.jpg'),
(153, 20, 'magni quia', 'Est illum vel esse fugit voluptatem. Tempore recusandae consequuntur in quo. Perferendis cum sapiente vel ducimus aut. A non quas dolore ullam. Voluptates quis at dicta fuga possimus enim.', 'https://cdn3.philibertnet.com/472228-thickbox_default/the-crew.jpg'),
(154, 22, 'voluptas dolorem', 'Repellendus quia quos nostrum officia voluptas iusto. Fugiat odio ipsam labore vel. Ex excepturi officia aut et. Eius deserunt aliquam hic soluta sit et quia.', 'https://cdn1.philibertnet.com/343934-thickbox_default/7-wonders-duel.jpg'),
(155, 28, 'ut deleniti', 'Et est necessitatibus molestiae aut. Omnis id eum sed vitae. Quis ipsam omnis est amet. Nostrum qui cumque qui omnis. Aut quo veritatis facilis vero rerum accusamus voluptatem. Alias omnis dolor ut et. Omnis aspernatur quia odio sunt eligendi eveniet quia.', 'https://cdn2.philibertnet.com/523790-thickbox_default/micromacro-crime-city.jpg'),
(156, 23, 'quae accusantium sint', 'Sit architecto reiciendis repellendus sed velit est. Commodi sunt error velit quis sed. Voluptatem molestiae id nisi et quae officia nisi. Autem enim deserunt omnis omnis exercitationem sapiente et officia.', 'https://cdn2.philibertnet.com/527633-thickbox_default/scrabble-deluxe.jpg'),
(157, 30, 'autem', 'Reprehenderit magnam velit qui fugit. Unde atque eligendi magnam. Hic impedit consequuntur consequatur et animi quidem quod. Optio recusandae sunt tempora harum aut assumenda. Est unde at similique. Sapiente facere quidem sint neque. Cum illum cum sed aut ut qui.', 'https://cdn3.philibertnet.com/515898-thickbox_default/7-wonders-architects.jpg'),
(158, 21, 'repellat illo', 'Sapiente id omnis voluptatem dolores eius. Id atque at animi veniam consequatur ut at deserunt. Perspiciatis nostrum voluptate in. Exercitationem eum at nulla consequatur repellendus amet.', 'https://cdn3.philibertnet.com/525941-thickbox_default/harry-potter-bataille-a-poudlard-extension-sortileges-et-potions.jpg'),
(159, 34, 'nisi in aliquid fuga', 'Aliquid neque molestiae est natus qui. Officia aut earum molestias iusto minus. Quis illum quia et ratione et ullam quidem quam.', 'https://cdn3.philibertnet.com/520955-thickbox_default/unlock-game-adventures.jpg'),
(160, 34, 'velit qui itaque veritatis', 'Et odio autem accusantium adipisci. Nemo veniam aut est repudiandae distinctio et in perspiciatis. Pariatur in natus pariatur. Consequuntur quis ut corrupti itaque blanditiis nemo voluptatum. Aut beatae inventore laboriosam et explicabo quo. Sed voluptas magnam porro temporibus ut omnis et.', 'https://cdn2.philibertnet.com/524668-thickbox_default/les-aventures-de-robin-des-bois.jpg'),
(161, 19, 'earum iure architecto', 'Modi quis et incidunt et qui itaque maxime. Ut vitae rerum incidunt beatae sit in voluptatem in. Ducimus ipsam qui laboriosam ducimus sapiente earum. Repellat reprehenderit voluptates distinctio quos omnis iste.', 'https://cdn2.philibertnet.com/523790-thickbox_default/micromacro-crime-city.jpg'),
(162, 27, 'deserunt iusto', 'Sequi impedit quia porro quis ratione eius. Voluptates laudantium expedita cum voluptatem voluptatum provident. Voluptatem non dolores est velit porro.', 'https://cdn2.philibertnet.com/524668-thickbox_default/les-aventures-de-robin-des-bois.jpg'),
(163, 20, 'ut atque', 'Ea illum dolores eos possimus. Nisi quos quos neque qui quis provident ea. Natus explicabo voluptates sunt qui. Animi voluptate omnis pariatur hic illo.', 'https://cdn2.philibertnet.com/524668-thickbox_default/les-aventures-de-robin-des-bois.jpg'),
(164, 34, 'temporibus et et', 'Earum est qui et earum sed excepturi voluptates. Est consequatur qui id velit voluptatem ut. Ipsam delectus enim commodi eius placeat enim doloremque. Quia et ipsum adipisci quia doloremque officiis. Fugiat quia nam earum minus. Qui necessitatibus et eius ut.', 'https://cdn1.philibertnet.com/521033-thickbox_default/kingdomino-origins.jpg'),
(165, 20, 'magnam est', 'Porro voluptatum consequatur veritatis voluptas nulla qui sit et. Doloribus expedita magnam iure dicta. Sint repellendus officiis aperiam in voluptates enim mollitia.', 'https://cdn2.philibertnet.com/516468-thickbox_default/saint-seiya-le-jeu-de-deckbuilding-poseidon.jpg'),
(166, 26, 'aperiam', 'Perferendis reprehenderit similique reprehenderit consequatur beatae. Qui sint excepturi aut commodi nesciunt aut. Rerum sed voluptatem sed eos et dolorum ut. Ut molestias numquam id dolores et et eaque.', 'https://cdn2.philibertnet.com/305958-thickbox_default/uno.jpg'),
(167, 19, 'facilis excepturi odit aut', 'Quod explicabo aliquid eius qui. Et ullam est atque. Accusantium minus eum temporibus est atque. Ipsum consequatur similique totam. Totam nulla minus aut voluptate porro. Tempore omnis quae dolorum odio sunt consequatur. Ut odit qui atque eos et molestiae tempora aut.', 'https://cdn3.philibertnet.com/353015-thickbox_default/codenames-vf.jpg'),
(168, 19, 'magnam minus veritatis', 'Placeat libero ab sit aspernatur esse ut fugit qui. Fugit laboriosam illo impedit aliquam pariatur. Sed impedit voluptas modi minima dolorum facere et. Hic ullam ut sit assumenda. Hic dolores nisi et debitis sapiente voluptate animi. Quia quis quibusdam ducimus odio officia hic maxime.', 'https://cdn2.philibertnet.com/527633-thickbox_default/scrabble-deluxe.jpg'),
(169, 22, 'dolorem est', 'Est architecto suscipit saepe alias est est. Praesentium omnis similique dicta quae. Debitis vel rem quidem facere. Qui est enim vel sunt sequi ipsa voluptates.', 'https://cdn2.philibertnet.com/524668-thickbox_default/les-aventures-de-robin-des-bois.jpg'),
(170, 33, 'sint adipisci quia nulla', 'Blanditiis temporibus amet ullam fugit quibusdam numquam. Corrupti quae asperiores ut vero harum neque est. Consequatur molestias nisi laboriosam nisi eaque. Sed nam rerum nostrum veniam vero pariatur dolorum.', 'https://cdn2.philibertnet.com/516468-thickbox_default/saint-seiya-le-jeu-de-deckbuilding-poseidon.jpg'),
(171, 33, 'ut eius', 'Est fuga velit minus nulla repudiandae. Recusandae cumque nobis occaecati. Quaerat eius eos ullam qui. Tenetur quis ea eum illum sed et quam ipsum. Aut et veritatis provident dolore vel sit.', 'https://cdn1.philibertnet.com/375938-thickbox_default/monopoly-classique.jpg'),
(172, 32, 'eius et placeat veritatis', 'Atque eos ut sint quos ea culpa et quo. Doloribus saepe earum voluptas minus. Quod rem quia dignissimos sed quam nobis molestiae. Assumenda consequatur quas quaerat est quia eum. Et est ipsam sit voluptatem error adipisci quo. Est voluptate id rerum rerum maiores consequatur.', 'https://cdn2.philibertnet.com/516468-thickbox_default/saint-seiya-le-jeu-de-deckbuilding-poseidon.jpg'),
(173, 27, 'fuga ad magnam voluptas', 'Dolores est cupiditate in esse et ipsa laudantium. Exercitationem distinctio praesentium quia ratione autem consectetur. Repudiandae ipsam minima architecto et omnis dolorem.', 'https://cdn2.philibertnet.com/456053-thickbox_default/skyjo.jpg'),
(174, 32, 'omnis ut sint et', 'Ut veniam nesciunt nemo consequuntur provident impedit et. Quis alias minima mollitia reprehenderit alias possimus facere error. Expedita officia consectetur sint ratione minus enim. Minus adipisci possimus ducimus iure nam.', 'https://cdn1.philibertnet.com/494838-thickbox_default/marvel-champions-le-jeu-de-cartes-convoitise-galactique.jpg'),
(175, 33, 'est', 'Sequi ut enim minima modi. Fugiat vitae fugit facilis tempora et. Qui et voluptatum est et est doloribus voluptate. Iusto a officia a nobis adipisci facere aut. Ab excepturi et dicta quia quam ratione debitis. Vel occaecati sed rerum debitis.', 'https://cdn3.philibertnet.com/503205-thickbox_default/magic-the-gathering-horizons-du-modern-2-bundle.jpg'),
(176, 27, 'unde', 'Dolore molestias voluptatum voluptatum sapiente commodi autem. Vero aperiam quidem incidunt nulla. Ea qui qui odit temporibus quam et. Voluptas eum natus et porro ut voluptate non. Necessitatibus deserunt accusamus exercitationem. Aut autem autem et.', 'https://cdn2.philibertnet.com/522703-thickbox_default/terraforming-mars.jpg'),
(177, 31, 'dolor non mollitia', 'Doloremque et commodi in facere autem accusantium. Odit aperiam ipsam aut incidunt. Labore quo culpa incidunt aut accusamus. Eius eum et inventore ea est nisi. Aut illo vel qui iste. Quam vitae eos tempora ex enim. Corrupti quo excepturi omnis ipsa officia optio.', 'https://cdn1.philibertnet.com/343934-thickbox_default/7-wonders-duel.jpg'),
(178, 31, 'ut', 'Earum enim ipsam iste harum. Quia laborum dolorem debitis odio. Dolorum beatae voluptatem deleniti pariatur magnam aut. Et accusantium ullam modi quae repudiandae.', 'https://cdn3.philibertnet.com/515976-thickbox_default/world-of-warcraft-wrath-of-the-lich-king-a-pandemic-system-board-game.jpg'),
(179, 32, 'cumque sed nesciunt', 'Atque aut et modi officia aliquam ullam qui. Amet et omnis veritatis provident ut assumenda consectetur. Asperiores deserunt occaecati veniam aut. Asperiores autem rem dolorem vero qui voluptatem eaque. Ratione atque recusandae rem earum.', 'https://cdn3.philibertnet.com/472228-thickbox_default/the-crew.jpg'),
(180, 24, 'expedita cupiditate et', 'Voluptas exercitationem quae sequi facilis id veniam mollitia nemo. Fugiat nobis dolorem et excepturi et deleniti voluptas eos. Enim illo temporibus voluptas ab.', 'https://cdn1.philibertnet.com/521033-thickbox_default/kingdomino-origins.jpg'),
(181, 20, 'maiores aliquam', 'Error in qui perferendis deleniti perferendis rerum illo. Tenetur animi velit sed eum placeat aliquam. Omnis fuga deserunt repudiandae non aspernatur. Soluta debitis vel dolorem deserunt ut. Consequatur a et modi fugit commodi error explicabo. Natus nam minima nostrum minus.', 'https://cdn2.philibertnet.com/456053-thickbox_default/skyjo.jpg'),
(182, 19, 'expedita sequi aut inventore', 'Pariatur esse praesentium et corrupti natus. Asperiores molestias nostrum provident. Soluta nesciunt id omnis. Voluptatum et autem in repellat minus quis quia.', 'https://cdn2.philibertnet.com/456053-thickbox_default/skyjo.jpg'),
(183, 19, 'rerum', 'Aut enim est cum dolorem alias eveniet libero autem. Sunt blanditiis tenetur numquam minus qui laborum saepe molestiae. Enim doloribus harum ut fuga veniam recusandae sed et. Dolores sint sit voluptatem ut nobis odit. Perferendis rem consectetur quidem. Sunt nisi error alias sed.', 'https://cdn2.philibertnet.com/305958-thickbox_default/uno.jpg'),
(184, 29, 'consequuntur', 'Voluptate doloremque nam animi reprehenderit. Unde ratione molestias non rem tempora. Est id sint qui. Necessitatibus voluptate corporis ad. Minima qui odit porro iure voluptatum aut. Consequuntur sed aut sint. Voluptas iste sed unde.', 'https://cdn2.philibertnet.com/523790-thickbox_default/micromacro-crime-city.jpg'),
(185, 33, 'iste ea', 'Deleniti quas non deserunt consequatur ut rerum. Quia qui consequatur ut quasi est nostrum quae quo. Quisquam est est quo qui veritatis dolorem omnis aut. Recusandae non et qui deleniti quos non ipsa.', 'https://cdn2.philibertnet.com/527633-thickbox_default/scrabble-deluxe.jpg'),
(186, 26, 'nulla quisquam et dolor', 'Dolor sit laboriosam molestiae inventore nihil quia. Unde consequatur asperiores dolore facilis vitae mollitia autem et. Non perspiciatis ut nemo consectetur dicta adipisci nihil sequi.', 'https://cdn3.philibertnet.com/520955-thickbox_default/unlock-game-adventures.jpg'),
(187, 30, 'eum', 'Sint modi et asperiores. Ut omnis occaecati ex velit quo et temporibus. Nemo et nam rem. Voluptatem et magni fugiat nihil doloremque deserunt.', 'https://cdn3.philibertnet.com/472228-thickbox_default/the-crew.jpg'),
(188, 31, 'natus aut qui et', 'Qui animi quis totam est pariatur est fuga. Suscipit at quia atque. Quam dolor vitae aperiam non velit.', 'https://cdn3.philibertnet.com/525941-thickbox_default/harry-potter-bataille-a-poudlard-extension-sortileges-et-potions.jpg'),
(189, 31, 'ut est explicabo qui', 'Excepturi iste aut velit vero vitae corporis. Praesentium tenetur ea in. Sed quisquam aliquam tempore. Libero vitae hic dolor placeat sequi qui. Doloremque similique saepe atque quidem sint id delectus excepturi.', 'https://cdn2.philibertnet.com/305958-thickbox_default/uno.jpg'),
(190, 28, 'sapiente earum', 'Ea dolorem pariatur repudiandae blanditiis aut quia aut. Consectetur eum perspiciatis sequi voluptates et similique qui. Quo labore id animi maxime. Neque aliquam numquam omnis. Sequi possimus veniam qui. Sit velit molestiae aut autem. Temporibus omnis qui similique.', 'https://cdn2.philibertnet.com/527633-thickbox_default/scrabble-deluxe.jpg'),
(191, 25, 'illum in provident iusto', 'Itaque deleniti assumenda est consequatur sunt sunt. Consequatur voluptas voluptatem est aliquid dolore corporis ea. Ullam autem enim itaque ea. Aut iure ut tempore reiciendis quisquam tempora. Minus nemo corporis odit praesentium beatae quia mollitia. Reiciendis vitae rerum enim alias dolor.', 'https://cdn2.philibertnet.com/523790-thickbox_default/micromacro-crime-city.jpg'),
(192, 25, 'aut commodi rerum', 'Unde ea omnis culpa commodi debitis itaque repellendus accusantium. Exercitationem qui aperiam dolores fuga accusamus. Qui inventore quod labore excepturi sint eum. Nihil ex corrupti aut suscipit minima fugiat. Eaque deleniti corporis veniam quis ipsam et. Sed et ab aut sit.', 'https://cdn2.philibertnet.com/523790-thickbox_default/micromacro-crime-city.jpg'),
(193, 26, 'similique qui ipsam nulla', 'Ut illum necessitatibus reiciendis esse. Sed necessitatibus sit sint mollitia corrupti molestiae. Natus qui dolores omnis vero. Deleniti blanditiis repellendus architecto sint. Dolores qui omnis neque. Nulla delectus tempora ut quaerat culpa. Quis voluptatem ex quis quo quis officia et.', 'https://cdn2.philibertnet.com/527633-thickbox_default/scrabble-deluxe.jpg'),
(194, 19, 'eius', 'Voluptatum sit aut odit et velit voluptate magnam asperiores. Autem voluptatem eos nihil eum facilis eligendi repellendus praesentium. Ipsam consectetur est magni modi aliquid quae est reiciendis.', 'https://cdn1.philibertnet.com/494838-thickbox_default/marvel-champions-le-jeu-de-cartes-convoitise-galactique.jpg'),
(195, 29, 'beatae', 'Excepturi quia nobis culpa ea voluptatem qui. Perspiciatis cum facilis ducimus id voluptatem laboriosam. Explicabo deserunt error nemo voluptas. Quo dolores corporis asperiores id. Dolor sit aut itaque nisi ut exercitationem. Illum velit est hic id. Quia dolores rem aut quo cum.', 'https://cdn2.philibertnet.com/513139-thickbox_default/assassin-s-creed-valhalla-orlog-dice-game.jpg'),
(196, 20, 'ducimus vitae ipsa', 'Molestiae maxime consequatur voluptatem voluptas. Error sit adipisci deleniti nobis voluptas unde fugiat velit. Qui facere cupiditate voluptatem qui rerum sit a.', 'https://cdn2.philibertnet.com/516468-thickbox_default/saint-seiya-le-jeu-de-deckbuilding-poseidon.jpg'),
(197, 26, 'consequuntur quo', 'Enim ut et officiis voluptatem. Quidem et et et eligendi asperiores saepe. Inventore rerum incidunt sed. Deleniti voluptates non et inventore. Ut et nulla voluptatum nam. Sequi nostrum quis non aut iure velit magnam.', 'https://cdn1.philibertnet.com/343934-thickbox_default/7-wonders-duel.jpg'),
(198, 31, 'et', 'Dolorum omnis architecto quia est praesentium est et. Sit dolores qui tempore distinctio laudantium enim. Voluptatibus quibusdam inventore exercitationem accusantium qui porro modi.', 'https://cdn3.philibertnet.com/525941-thickbox_default/harry-potter-bataille-a-poudlard-extension-sortileges-et-potions.jpg'),
(199, 27, 'perferendis sed voluptatem vitae', 'Enim autem occaecati voluptatem occaecati quis doloribus minus eum. Vel quis voluptatum et pariatur. Autem architecto hic sunt consequuntur sint occaecati natus et. Quis sequi quidem ullam. Voluptas ipsa mollitia atque alias quod nihil.', 'https://cdn2.philibertnet.com/527633-thickbox_default/scrabble-deluxe.jpg'),
(200, 22, 'modi', 'Voluptas maxime in et quaerat nihil. Sint rerum nam sunt voluptatem dolorem dolore. Corrupti nemo laboriosam suscipit veritatis eum ea. Velit quae qui maxime perferendis quis porro ut dolor. Qui praesentium enim quos esse adipisci.', 'https://cdn1.philibertnet.com/343934-thickbox_default/7-wonders-duel.jpg');

-- --------------------------------------------------------

--
-- Structure de la table `board_game_category`
--

CREATE TABLE `board_game_category` (
  `id` int(11) NOT NULL,
  `name` varchar(50) COLLATE utf8mb4_unicode_ci NOT NULL
) ENGINE=InnoDB DEFAULT CHARSET=utf8mb4 COLLATE=utf8mb4_unicode_ci;

--
-- Déchargement des données de la table `board_game_category`
--

INSERT INTO `board_game_category` (`id`, `name`) VALUES
(18, 'Jeu de dés'),
(19, 'Jeu d\'adresse'),
(20, 'Jeu d\'ambiance'),
(21, 'Jeu de cartes'),
(22, 'Jeu de plateau'),
(23, 'Jeu de mémoire'),
(24, 'Jeu de connaissance'),
(25, 'Jeu de lettres'),
(26, 'Jeu de logique'),
(27, 'Jeu de pions'),
(28, 'Jeu d\'enquête'),
(29, 'Jeu de coopération'),
(30, 'Jeu de bluff'),
(31, 'Jeu de stratégie'),
(32, 'Jeu de gestion'),
(33, 'Jeu de hasard'),
(34, 'Jeu de rôle');

-- --------------------------------------------------------

--
-- Structure de la table `booking`
--

CREATE TABLE `booking` (
  `id` int(11) NOT NULL,
  `event_id` int(11) NOT NULL,
  `user_id` int(11) NOT NULL,
  `reference` binary(16) NOT NULL COMMENT '(DC2Type:uuid)'
) ENGINE=InnoDB DEFAULT CHARSET=utf8mb4 COLLATE=utf8mb4_unicode_ci;

--
-- Déchargement des données de la table `booking`
--

INSERT INTO `booking` (`id`, `event_id`, `user_id`, `reference`) VALUES
(1, 63, 184, 0xcecf0be4d0143d0e9b1d7190244f5392),
(2, 87, 142, 0xe0625632ab8a309cbd4ef2cd5845f38b),
(3, 83, 52, 0x835e20928cb337e694cd827d328d42f7),
(4, 29, 293, 0x4f666c10f01d31c1b94cbb1a086d936d),
(5, 80, 494, 0xc39c3aa72dcf3a779fb5ec533a640c2a),
(6, 34, 191, 0x57a52c44d4ac31008b41935612aa397d),
(7, 80, 275, 0x13aa105ae1fd3a2e9d66f882a5fe874d),
(8, 20, 315, 0xadd0dbb1108830a4a50dd02cee8a5bbd),
(9, 25, 456, 0x6477e683d6f73e8fa17c63a5c7955cbf),
(10, 20, 361, 0xeabfa6e229253d8691fd4691b6fa0592),
(11, 68, 196, 0x99af1f6786243880bb3fce4651409249),
(12, 54, 39, 0xb3aa84b9434637639b4ed0bc4cc3ee1b),
(13, 74, 289, 0xbbe42db116cc3d709ecc196b990039bc),
(14, 9, 44, 0xa11961dc04cb3cc39d5f543b81aad05a),
(15, 84, 135, 0x48a5157f411a386f8fa93a6dec0eac3d),
(16, 58, 79, 0x29fbda4e8e183698af6ca79d37418aeb),
(17, 56, 398, 0x3dc0b1324b96387ba6af46e371c57526),
(18, 13, 15, 0x93121571565c33f49c6a88b7551dbbda),
(19, 37, 6, 0x46908f410258370e88f7c96d56fef43a),
(20, 1, 50, 0xc8670fa232713f19af410d00aa00e7b8),
(21, 25, 368, 0xa6732a9ae65e34919a4a3580877c88ed),
(22, 96, 104, 0x067eefd6e1973ac4a835531d5a8cdc0d),
(23, 57, 335, 0x61ed58ff45d2389d903ea55dca4679b4),
(24, 31, 482, 0x4e9175b3049831c0b3dbad3a94f2c955),
(25, 20, 235, 0x098e8e9a1a243d58b7cdb57d0789f351),
(26, 94, 15, 0x59ba9365c3d239d082029f618498d536),
(27, 64, 293, 0x086567a450a1305daeeed6ef8d4cf0d9),
(28, 68, 90, 0x7153996d152936deaaadc66d053ef03f),
(29, 17, 451, 0xfe927a06cf5f399aa1a522ac3e91e36d),
(30, 70, 147, 0x001164985328339689d3d9daf2e7901c),
(31, 45, 203, 0x67d1ad4fe7273de58cecc3204c3aff22),
(32, 53, 432, 0x136a1c2173e037c790824c5c1186aac5),
(33, 99, 347, 0x1ab24f644e7d37cfbcd43286b64029d5),
(34, 50, 36, 0x4a859b97b6713eeb99f2056819cdb6f5),
(35, 90, 65, 0xcd22362aa69c3178b60e437439abd473),
(36, 65, 276, 0x2706151235493ef1a3c2506d066d37a7),
(37, 10, 401, 0xb841d2933f8e3f2fa68aaace2ed460f7),
(38, 24, 96, 0x49155381a564377eb2e8575391e2adb7),
(39, 11, 212, 0x04f0f059eb0a36ca9458608185b49b05),
(40, 88, 171, 0x9528de34414c3092884aa1550e86e73e),
(41, 35, 87, 0xd907d92281fb3f79959ea36a59e593ce),
(42, 56, 34, 0x352ffbfd1bc63d98ac7c57aa40205680),
(43, 60, 94, 0x54e3a401cefb384c810635c874050c83),
(44, 44, 166, 0x3f0b72dde6b43e399cf9c78081694caf),
(45, 82, 370, 0x10e96032f7ad36a4bfa1f1c18d86d8da),
(46, 30, 210, 0x0193552c18ee353b8592562f0096994b),
(47, 66, 294, 0xb6c8fe73fbe032f99e1cc87b29e40a29),
(48, 89, 408, 0x4e77a7ef6d7e3ff599ab1115340d6073),
(49, 95, 418, 0xf8bba6acdcc533f99fdd537e9cbcf00f),
(50, 83, 201, 0xf062aff5506d3b94ad0c180561bcef19);

-- --------------------------------------------------------

--
-- Structure de la table `comic`
--

CREATE TABLE `comic` (
  `id` int(11) NOT NULL,
  `category_id` int(11) NOT NULL,
  `name` varchar(50) COLLATE utf8mb4_unicode_ci NOT NULL,
  `description` longtext COLLATE utf8mb4_unicode_ci NOT NULL,
  `picture` varchar(255) COLLATE utf8mb4_unicode_ci NOT NULL,
  `author` varchar(50) COLLATE utf8mb4_unicode_ci NOT NULL
) ENGINE=InnoDB DEFAULT CHARSET=utf8mb4 COLLATE=utf8mb4_unicode_ci;

--
-- Déchargement des données de la table `comic`
--

INSERT INTO `comic` (`id`, `category_id`, `name`, `description`, `picture`, `author`) VALUES
(101, 25, 'totam ex', 'Minus veniam ut laborum quia. Ut voluptas commodi et ex et modi. Vitae aut ad est explicabo qui repellendus dolores. Possimus porro ut est officiis eum sed.', 'https://www.gamespot.com/a/uploads/original/1562/15626911/3002107-5032115-04-variant.jpg', 'Hal Morar'),
(102, 25, 'nulla sed deleniti ipsam', 'Pariatur mollitia reiciendis enim. Ut aut quod sit qui vel. Ipsam quo officia perspiciatis repellendus voluptas alias. Earum totam veniam vero sunt quo modi omnis. Repudiandae reprehenderit ut molestias aperiam. Ut quo eum qui harum eum eaque vitae. Et laborum vel ipsam ut.', 'https://cdn001.tintin.com/public/tintin/img/static/the-shooting-star/the-shooting-star.jpg', 'Jessie Wilderman'),
(103, 33, 'molestiae', 'Qui architecto voluptas doloribus est veritatis. Fugiat aliquid officiis quae accusantium. In ea necessitatibus enim cum. Necessitatibus aut unde ex accusantium autem sapiente similique recusandae.', 'https://cdn001.tintin.com/public/tintin/img/static/the-shooting-star/the-shooting-star.jpg', 'Macey Windler'),
(104, 21, 'aut dolorum', 'Neque sed ut et nemo eius. Ut dolores illo aperiam et suscipit. Aut et qui et libero saepe officiis. Earum ea ipsam nemo nostrum quisquam et.', 'https://cdn001.tintin.com/public/tintin/img/static/the-shooting-star/the-shooting-star.jpg', 'Ollie O\'Hara'),
(105, 25, 'vitae voluptatibus eligendi', 'Id cupiditate error quas animi et voluptatem temporibus. Perferendis soluta rem id facilis sit. Natus maiores mollitia qui magni qui provident non est. Fugiat consectetur delectus velit et eligendi nobis soluta.', 'https://mlpnk72yciwc.i.optimole.com/cqhiHLc.WqA8~2eefa/w:auto/h:auto/q:75/https://bleedingcool.com/wp-content/uploads/2020/09/TWDDLX01_Adams-Cover.jpg', 'Franco Hodkiewicz'),
(106, 25, 'maxime distinctio', 'Quo aut exercitationem reiciendis placeat quae est omnis. Sit sequi impedit nemo praesentium ratione rerum. Et a in qui sit. Fugiat dolor quia et aperiam hic nemo vel sit. Rerum vel quia sunt quidem dolorem quibusdam est. Possimus aspernatur ut voluptatem assumenda est sit est.', 'https://mlpnk72yciwc.i.optimole.com/cqhiHLc.WqA8~2eefa/w:auto/h:auto/q:75/https://bleedingcool.com/wp-content/uploads/2020/09/TWDDLX01_Adams-Cover.jpg', 'Levi Keebler'),
(107, 33, 'nisi assumenda molestias', 'Fugiat omnis tenetur nihil sit aut praesentium dolore. Adipisci pariatur et natus laborum. Impedit eaque alias dolor labore autem. Possimus sed ducimus voluptatum qui.', 'https://www.hallmark.com/dw/image/v2/AALB_PRD/on/demandware.static/-/Sites-hallmark-master/default/dw8ba9f1e5/images/finished-goods/Marvel-The-Amazing-SpiderMan-Comic-Book-Cover-Fathers-Day-Card-root-599FHE8966_PV.1.FHE8966.jpg_Source_Image.jpg?sw=1920', 'Antonina Metz'),
(108, 34, 'quam natus quibusdam consequatur', 'Quod molestias eum hic perspiciatis eos. Quibusdam rerum quidem atque necessitatibus amet corporis voluptas. Quo cumque sunt qui aspernatur id. Sunt omnis officiis excepturi veniam.', 'https://www.gamespot.com/a/uploads/original/1562/15626911/3002107-5032115-04-variant.jpg', 'Shaun Ferry'),
(109, 21, 'delectus harum iste', 'Libero at voluptatem similique delectus et sit placeat. Mollitia optio illo rerum qui adipisci harum vel accusantium. Aliquid porro est aut et similique sequi aut. Sit magni qui nihil odio et quasi delectus. Blanditiis a omnis quo molestiae autem. Quis dolor eos eligendi atque recusandae.', 'https://terrigen-cdn-dev.marvel.com/content/prod/1x/avengers50_infinitysaga_variant.jpg', 'Payton Collier'),
(110, 36, 'excepturi nihil', 'Quisquam est enim error unde dignissimos sunt. Magnam dignissimos soluta natus. Nemo numquam corrupti perferendis qui quia dolore.', 'https://www.dccomics.com/sites/default/files/imce/2021/11-NOV/BM_Cv118_1in25_var_618447d1a5e754.72998228.jpg', 'Sydney Wiegand'),
(111, 22, 'illum corrupti dolores dolorem', 'Inventore aspernatur eius ut est. Saepe molestias beatae inventore dicta magnam omnis. Rerum exercitationem eum ut omnis perferendis et. Officiis non quia aliquid provident impedit.', 'https://images-na.ssl-images-amazon.com/images/I/81KsPBgzmtL.jpg', 'Berta Hilpert'),
(112, 31, 'assumenda voluptatibus unde vero', 'Quia inventore sint perferendis labore quaerat quis. Aperiam ducimus fuga dolores sunt sunt. Est assumenda dolores voluptates. Aspernatur voluptas nemo illo consequatur.', 'https://images-na.ssl-images-amazon.com/images/I/71aGRDbG9WL.jpg', 'Ruby Gleichner'),
(113, 32, 'optio consequatur corrupti aperiam', 'Qui eveniet ut consequatur quam magni rerum ut. Accusamus occaecati nam amet aut praesentium laboriosam et. Ut odit tempora sed. Et adipisci nesciunt possimus cupiditate laborum.', 'https://mlpnk72yciwc.i.optimole.com/cqhiHLc.WqA8~2eefa/w:auto/h:auto/q:75/https://bleedingcool.com/wp-content/uploads/2020/09/TWDDLX01_Adams-Cover.jpg', 'Geovanny Little'),
(114, 30, 'dolorem sit qui quos', 'Quia deserunt occaecati neque. Aliquid a alias molestiae officiis. Omnis et est atque. Minima reiciendis distinctio vero aut.', 'https://cdn-products.eneba.com/resized-products/5jDEHg3wge1U7YZJVCOM2BTq98NC5lraxlc__mT3bIg_350x200_3x-0.jpeg', 'Erika Conn'),
(115, 30, 'sint', 'Hic doloribus temporibus aliquam asperiores ea similique. Vitae nesciunt maxime possimus eum. Consectetur qui illum perspiciatis vero. Odio reiciendis temporibus id voluptatum deleniti.', 'https://c8.alamy.com/compfr/t27dd2/italie-1973-premiere-edition-de-marvel-comic-books-couvrir-de-captain-america-t27dd2.jpg', 'Gage Kris'),
(116, 22, 'beatae laudantium', 'Sint nam odio illum qui repudiandae non quod. Et consequatur nemo modi aliquid eius vel. Hic nemo in porro aperiam dolor autem placeat numquam. Consequuntur provident fugiat voluptates voluptate occaecati sequi nihil.', 'https://cdn2.originalcomics.fr/26776/buffy-contre-les-vampires-saison-8-tome-1-vf.jpg', 'Lucius Predovic'),
(117, 23, 'rerum veritatis', 'Iste quia consectetur et. Et ipsa non debitis illo. Amet sit qui dolorem voluptates. Sint incidunt eum eaque facere. Ducimus ut quia quisquam perspiciatis. Et commodi est nihil consectetur. Vel dignissimos illo ipsam ut et blanditiis. Voluptate in corporis voluptatibus perferendis est in est.', 'https://www.hallmark.com/dw/image/v2/AALB_PRD/on/demandware.static/-/Sites-hallmark-master/default/dw8ba9f1e5/images/finished-goods/Marvel-The-Amazing-SpiderMan-Comic-Book-Cover-Fathers-Day-Card-root-599FHE8966_PV.1.FHE8966.jpg_Source_Image.jpg?sw=1920', 'Bernhard Jacobi'),
(118, 22, 'ab atque eum molestiae', 'Dolorum ex nihil qui consequatur voluptatem. Est ad iure eaque perferendis inventore fugiat. Reiciendis nihil dolores et eos molestiae sit quia.', 'https://www.gamespot.com/a/uploads/original/1562/15626911/3002107-5032115-04-variant.jpg', 'Tremayne Rippin'),
(119, 30, 'laborum blanditiis hic velit', 'Est ex nihil pariatur rerum sed excepturi. Ut eius praesentium earum corrupti mollitia. Corporis et rerum eum deleniti.', 'https://static.wikia.nocookie.net/marveldatabase/images/d/d8/Deadpool_Vol_3_1.jpg/revision/latest?cb=20191227043225', 'Krystal Reilly'),
(120, 36, 'tempore velit voluptas', 'Dicta consequatur ut numquam dolorem ducimus. Quibusdam non sit veniam est perferendis aut. Molestias eligendi alias ea. Accusantium explicabo sed in laborum quae eaque aut. Dolor facere exercitationem voluptatibus pariatur.', 'https://static.wikia.nocookie.net/marveldatabase/images/d/d8/Deadpool_Vol_3_1.jpg/revision/latest?cb=20191227043225', 'Kirk Ernser'),
(121, 31, 'laboriosam ut', 'Porro quia minima unde sit. Voluptatum modi voluptatem quia tempora quibusdam exercitationem quo. Nobis perferendis fugiat omnis ipsa error. Pariatur voluptatem ullam voluptatem saepe voluptas. Natus voluptatem sed iusto ut rem quia quia. Sint et nesciunt iste nulla adipisci molestias.', 'https://www.gamespot.com/a/uploads/original/1562/15626911/3002107-5032115-04-variant.jpg', 'Maurine Hammes'),
(122, 21, 'maxime dolorem quasi', 'Repudiandae nesciunt aut saepe. Itaque fugiat perferendis dolor fugit. Velit aspernatur dignissimos sed temporibus molestiae veritatis facilis. Adipisci aut repudiandae perspiciatis exercitationem corporis et culpa.', 'https://i0.wp.com/www.superpouvoir.com/wp-content/uploads/2021/04/Action-Comics-1033-cov-Sampere.jpg?resize=970%2C1491&ssl=1', 'Diana Olson'),
(123, 21, 'ut temporibus', 'Quasi atque dolorum quibusdam facere rerum iure nisi. Iure ut deserunt tenetur incidunt quia. Eos commodi officiis enim ut harum officiis ipsum. Non vel molestiae modi. Libero ex eligendi nostrum in repudiandae accusamus recusandae.', 'https://cdnb.artstation.com/p/assets/images/images/012/822/497/large/alex-loken-cover.jpg?1536692282&dl=1', 'Aliyah Ernser'),
(124, 30, 'veritatis', 'Quidem optio nemo reprehenderit omnis. Dolores qui molestiae eveniet aut. Doloremque nihil aut reprehenderit voluptas. Aspernatur dolor velit consequatur. Quasi aut debitis est.', 'https://i0.wp.com/www.superpouvoir.com/wp-content/uploads/2021/04/Action-Comics-1033-cov-Sampere.jpg?resize=970%2C1491&ssl=1', 'Charlene Beier'),
(125, 35, 'natus', 'Facilis officia a sit est amet placeat. Alias dignissimos at tempore quia quisquam. Ut fugiat quia error eius qui. Aliquam magnam aut qui temporibus. Id mollitia debitis deleniti dolorem voluptate. Id aut dolores aliquam sunt odit dolores provident. Aut eum voluptatibus ut ipsam modi soluta eum.', 'https://shop.sergiobonelli.it/resizer/1000/-1/true/1491832832859.jpg--le_dieci_tribu___martin_mystere_350_cover.jpg?1491832835000', 'Isidro Gislason'),
(126, 28, 'laboriosam', 'Quia doloribus eos et omnis aliquam iure. Dignissimos reiciendis non ad debitis. Temporibus non praesentium et quo excepturi temporibus iusto.', 'https://www.dccomics.com/sites/default/files/imce/2021/11-NOV/BM_Cv118_1in25_var_618447d1a5e754.72998228.jpg', 'Devan Erdman'),
(127, 33, 'beatae atque magni repudiandae', 'Dicta dolorem deserunt nostrum maxime. Qui deleniti non doloribus. Ad voluptatem ullam eos quo ducimus. Qui harum molestias sed inventore. Dicta aut enim quis cupiditate vel. Harum asperiores quis ducimus dolores sed aut id. Quia voluptatibus id dolores autem distinctio.', 'https://cdn2.originalcomics.fr/26776/buffy-contre-les-vampires-saison-8-tome-1-vf.jpg', 'Allison Dickinson'),
(128, 26, 'nihil eveniet occaecati assumenda', 'Vel velit beatae accusantium alias velit sunt. In ab perspiciatis optio. Non similique rerum aliquam similique eveniet.', 'https://images-na.ssl-images-amazon.com/images/I/71aGRDbG9WL.jpg', 'Belle Lynch'),
(129, 26, 'magni impedit voluptatum', 'Est dolore consequatur velit enim id occaecati debitis quaerat. Quo similique consequatur nobis sunt. Eaque praesentium et earum vel ipsum deserunt veritatis.', 'https://images-na.ssl-images-amazon.com/images/I/81KsPBgzmtL.jpg', 'Danielle Krajcik'),
(130, 24, 'odit amet', 'Accusantium aut doloremque quasi sed eos. Est et sed fugiat aspernatur nesciunt ducimus molestiae. Voluptas unde fuga repellendus. Optio neque dolore adipisci natus tempore ipsa autem asperiores.', 'https://www.dccomics.com/sites/default/files/imce/2021/11-NOV/BM_Cv118_1in25_var_618447d1a5e754.72998228.jpg', 'Berneice Kozey'),
(131, 21, 'totam', 'Ut odio sed animi facere provident debitis voluptas inventore. Id voluptatibus voluptas ut tempore. Atque sit ut ducimus. Rerum cum veritatis minima sed. Suscipit optio voluptas ex perferendis.', 'https://static.wikia.nocookie.net/marveldatabase/images/d/d8/Deadpool_Vol_3_1.jpg/revision/latest?cb=20191227043225', 'Johnnie Considine'),
(132, 36, 'et', 'Sit porro rerum architecto maxime repellat. Et repudiandae tempora quia maxime aliquid suscipit eveniet. Et necessitatibus sit similique perferendis tenetur fugit repellat. Blanditiis amet sit ea et autem.', 'https://www.dccomics.com/sites/default/files/imce/2021/11-NOV/BM_Cv118_1in25_var_618447d1a5e754.72998228.jpg', 'Garrett Heaney'),
(133, 31, 'nihil', 'Beatae magni autem at earum veniam deserunt. Ut reiciendis nesciunt qui provident eum. Magnam incidunt minus praesentium. Beatae dolores blanditiis ipsa dolorem nihil in ullam perferendis. Aperiam est tempore itaque voluptates cumque labore.', 'https://c8.alamy.com/compfr/t27dd2/italie-1973-premiere-edition-de-marvel-comic-books-couvrir-de-captain-america-t27dd2.jpg', 'Teresa Howell'),
(134, 25, 'quis temporibus', 'Aut ratione sequi id a maxime illum non. Quod natus et saepe sed cupiditate facere. Eligendi eaque doloremque enim sit asperiores distinctio.', 'https://www.hallmark.com/dw/image/v2/AALB_PRD/on/demandware.static/-/Sites-hallmark-master/default/dw8ba9f1e5/images/finished-goods/Marvel-The-Amazing-SpiderMan-Comic-Book-Cover-Fathers-Day-Card-root-599FHE8966_PV.1.FHE8966.jpg_Source_Image.jpg?sw=1920', 'Malinda Mohr'),
(135, 20, 'eos veniam', 'Necessitatibus doloribus quia asperiores dolores numquam. Dolor minima et sit facilis. Esse molestias aut corporis. Ut id nemo doloremque ab iusto.', 'https://terrigen-cdn-dev.marvel.com/content/prod/1x/avengers50_infinitysaga_variant.jpg', 'Franco Boehm'),
(136, 35, 'voluptatibus rerum minima', 'Facere veniam vitae ut alias omnis modi dignissimos. Dolorem consequuntur dolor qui tempora quas. Dolor eaque aperiam modi quod quaerat debitis.', 'https://cdn-products.eneba.com/resized-products/5jDEHg3wge1U7YZJVCOM2BTq98NC5lraxlc__mT3bIg_350x200_3x-0.jpeg', 'Ludie Mueller'),
(137, 21, 'asperiores mollitia', 'Accusamus molestiae veniam aut ut ut odio. Atque veniam reprehenderit voluptas. Fugiat sit debitis inventore.', 'https://images-na.ssl-images-amazon.com/images/I/71aGRDbG9WL.jpg', 'Elliott Lehner'),
(138, 26, 'omnis vitae commodi', 'Est totam molestiae asperiores quas natus eos adipisci. Et itaque suscipit commodi quas est nihil. Sapiente consequatur cumque voluptatibus libero quia recusandae. Corporis ex voluptatem praesentium ut harum. Consectetur perspiciatis nihil voluptas laudantium. Eos voluptatem rerum repellat quo.', 'https://mlpnk72yciwc.i.optimole.com/cqhiHLc.WqA8~2eefa/w:auto/h:auto/q:75/https://bleedingcool.com/wp-content/uploads/2020/09/TWDDLX01_Adams-Cover.jpg', 'Ryley Cummerata'),
(139, 30, 'similique', 'Est omnis sint ducimus dolorem corrupti dolorum. Ut earum dolores et tenetur quo quasi dolorem. Nisi quibusdam quos minus corrupti illum natus. Dolores natus rerum aut. Error totam at distinctio. Laudantium et adipisci reiciendis nulla non voluptate tempora. Qui ipsam atque rem exercitationem.', 'https://c8.alamy.com/compfr/t27dd2/italie-1973-premiere-edition-de-marvel-comic-books-couvrir-de-captain-america-t27dd2.jpg', 'Raphaelle Marquardt'),
(140, 34, 'et dignissimos quo sed', 'Quod commodi facere temporibus molestiae sed. Quia hic nihil amet quis id ea voluptatibus facere. A magni commodi maiores labore ratione voluptas quisquam consequuntur. Sit impedit expedita perferendis ut vitae aspernatur molestiae enim. Est molestiae cum facilis rerum.', 'https://images-na.ssl-images-amazon.com/images/I/81KsPBgzmtL.jpg', 'Fabian Goyette'),
(141, 23, 'animi nemo expedita veniam', 'Unde iste in blanditiis repellat et eius. Accusantium incidunt dolorem in ducimus neque atque totam repellat. Ut at culpa maxime. Tenetur architecto quod ad cumque.', 'https://images-na.ssl-images-amazon.com/images/I/71aGRDbG9WL.jpg', 'Layne Macejkovic'),
(142, 21, 'qui rerum ut', 'Laudantium et harum consequatur nihil et sed. Quas dolorem quaerat et. Quos quod eius dignissimos doloremque. Et et velit fuga ullam cupiditate molestiae porro. Ipsum et rem est voluptatem sit repudiandae neque et. Qui sed et alias. Et sit similique delectus et voluptas.', 'https://images.omerlocdn.com/resize?url=https%3A%2F%2Fgcm.omerlocdn.com%2Fproduction%2Fglobal%2Ffiles%2Fimage%2Fb4ddd4dd-70a1-4977-8a46-559f77b48ccc.jpg&width=1200&type=jpeg&stripmeta=true', 'Sven Nicolas'),
(143, 33, 'voluptas voluptate dolores expedita', 'Autem asperiores nulla laborum enim nam laborum. Culpa cum distinctio natus sunt et accusantium soluta. Ratione laudantium qui libero fugit iste. Eligendi aperiam mollitia quibusdam sed mollitia itaque qui.', 'https://c8.alamy.com/compfr/t27dd2/italie-1973-premiere-edition-de-marvel-comic-books-couvrir-de-captain-america-t27dd2.jpg', 'Trent Krajcik'),
(144, 20, 'veniam cum cupiditate nulla', 'Explicabo ipsa provident consectetur deserunt enim unde et et. Et vel delectus porro eius ea facere aliquam. Quae provident sequi quae natus quia ducimus eius. Dignissimos doloremque porro qui nemo voluptatem. Rerum ab sunt odio ipsa. Nesciunt ipsum id dolores eum consequatur voluptatem est.', 'https://cdn001.tintin.com/public/tintin/img/static/the-shooting-star/the-shooting-star.jpg', 'Halle Ritchie'),
(145, 33, 'ducimus eligendi harum voluptatem', 'Sed laboriosam dolores numquam vel iusto accusantium et. Autem laboriosam occaecati omnis facere aspernatur nam et. Totam ullam ab ad quaerat quo blanditiis. Ad incidunt quia dolores nulla.', 'https://www.dccomics.com/sites/default/files/imce/2021/11-NOV/BM_Cv118_1in25_var_618447d1a5e754.72998228.jpg', 'Katherine Bahringer'),
(146, 34, 'fugiat explicabo ad magni', 'Aut est sed eius repudiandae placeat. Molestias omnis sit laborum adipisci nisi quibusdam. Blanditiis aut dolor sit aspernatur ullam. Omnis aliquam nulla expedita vel aut totam.', 'https://images-na.ssl-images-amazon.com/images/I/81KsPBgzmtL.jpg', 'Nolan Jacobi'),
(147, 32, 'labore distinctio labore et', 'Doloremque officiis perferendis et exercitationem hic quis est error. Totam quod reiciendis illo amet ea. Iusto occaecati qui qui. Vel cupiditate doloribus enim laboriosam corporis alias.', 'https://bddi.2dcom.fr/LocalImageExists.php?ean=9782811215620&isize=full&gencod=3027166420000&key=DimetGmAYGQEsjiN', 'Domingo McDermott'),
(148, 33, 'molestiae', 'Fugit consequatur quae blanditiis saepe doloremque dolor. Omnis vel delectus quod perferendis. Velit architecto rerum et deserunt maxime officia.', 'https://mlpnk72yciwc.i.optimole.com/cqhiHLc.WqA8~2eefa/w:auto/h:auto/q:75/https://bleedingcool.com/wp-content/uploads/2020/09/TWDDLX01_Adams-Cover.jpg', 'Brook Douglas'),
(149, 34, 'voluptatem temporibus', 'Eum dolorem rerum dolores reiciendis est rerum alias. Libero rerum ducimus quis voluptatem iusto cumque quidem veniam. Sit ut sint est labore autem eos. Impedit consequatur ut quae alias officia ut. Iure iste iusto autem ut.', 'https://images-na.ssl-images-amazon.com/images/I/81KsPBgzmtL.jpg', 'Noelia Bosco'),
(150, 23, 'totam officiis', 'Ut accusantium maxime omnis dicta libero. Corrupti enim labore minima explicabo. Ipsa ea animi nam consequatur dicta et eos totam.', 'https://cdn2.originalcomics.fr/26776/buffy-contre-les-vampires-saison-8-tome-1-vf.jpg', 'Aaliyah Grady'),
(151, 29, 'vel voluptatibus', 'Iusto quis et corrupti ea voluptatem eius. Asperiores consectetur atque est magnam. Amet vel aut culpa voluptate odit doloribus non. Laudantium ea ad inventore magni qui. Labore voluptatibus nihil necessitatibus dolore. Perspiciatis possimus unde amet ipsam ut nostrum architecto.', 'https://images-na.ssl-images-amazon.com/images/I/81KsPBgzmtL.jpg', 'Thelma Yundt'),
(152, 28, 'distinctio eveniet molestiae', 'Qui ut reiciendis sit nam ea. Veniam optio dolor expedita deserunt velit. Sint eos non quam. Modi neque velit tenetur qui molestiae aspernatur qui similique. Cumque iusto cupiditate quisquam. Nobis exercitationem non magni sit omnis accusantium.', 'https://static.wikia.nocookie.net/marveldatabase/images/d/d8/Deadpool_Vol_3_1.jpg/revision/latest?cb=20191227043225', 'Wava Douglas'),
(153, 32, 'non dolorum animi', 'Aut error sapiente sed quasi et omnis vero aut. Voluptates et assumenda omnis est quibusdam sit. Harum nulla asperiores velit unde. Sit voluptas facere illo. Eum velit soluta ad aut rerum fuga ut. Corrupti perferendis qui nihil autem.', 'https://images-na.ssl-images-amazon.com/images/I/81KsPBgzmtL.jpg', 'Roel Will'),
(154, 36, 'delectus at', 'Distinctio id autem excepturi animi. Perspiciatis voluptate id suscipit et repellendus enim. Enim minus aperiam suscipit excepturi. Ab consequatur magnam quasi quis.', 'https://mlpnk72yciwc.i.optimole.com/cqhiHLc.WqA8~2eefa/w:auto/h:auto/q:75/https://bleedingcool.com/wp-content/uploads/2020/09/TWDDLX01_Adams-Cover.jpg', 'Jean Bartell'),
(155, 20, 'ut alias possimus', 'Tempora beatae doloribus adipisci odit recusandae maiores laboriosam. Assumenda est quia voluptatibus laborum. Atque vero tempora voluptas assumenda sequi commodi accusamus voluptatem. Adipisci deserunt enim labore error. Sit quo debitis dolore nostrum.', 'https://www.gamespot.com/a/uploads/original/1562/15626911/3002107-5032115-04-variant.jpg', 'Leon Kreiger'),
(156, 29, 'illum ea', 'Vitae aut dolore vel. Voluptatem animi quae voluptatem iusto vel. Officiis vero aut iusto excepturi et qui dolores delectus. Libero totam non tempora odit quasi perferendis minus. Eligendi illo rerum quod asperiores excepturi corrupti. Sunt sit voluptatem quo et qui.', 'https://bddi.2dcom.fr/LocalImageExists.php?ean=9782811215620&isize=full&gencod=3027166420000&key=DimetGmAYGQEsjiN', 'Dana Lindgren'),
(157, 31, 'tempore fugit', 'Exercitationem odio possimus ut autem sed voluptas cumque. Qui rerum quasi animi est eum accusamus. Odit necessitatibus sequi quas.', 'https://www.hallmark.com/dw/image/v2/AALB_PRD/on/demandware.static/-/Sites-hallmark-master/default/dw8ba9f1e5/images/finished-goods/Marvel-The-Amazing-SpiderMan-Comic-Book-Cover-Fathers-Day-Card-root-599FHE8966_PV.1.FHE8966.jpg_Source_Image.jpg?sw=1920', 'Willow Terry'),
(158, 23, 'delectus', 'Unde ducimus suscipit hic quia sed consequatur. Dolores reiciendis sunt ratione et voluptatem soluta. Ea quas doloribus deleniti dolorum voluptatum ratione ab. Aut quia quo dolor est ad enim non non.', 'https://www.hallmark.com/dw/image/v2/AALB_PRD/on/demandware.static/-/Sites-hallmark-master/default/dw8ba9f1e5/images/finished-goods/Marvel-The-Amazing-SpiderMan-Comic-Book-Cover-Fathers-Day-Card-root-599FHE8966_PV.1.FHE8966.jpg_Source_Image.jpg?sw=1920', 'Wilfred Leannon'),
(159, 27, 'voluptatem quia veniam', 'Odit fugiat ab ipsam aut quae id. Minus repellat perferendis sequi nam alias eos aut. Et est rem voluptatem accusantium sit.', 'https://images.omerlocdn.com/resize?url=https%3A%2F%2Fgcm.omerlocdn.com%2Fproduction%2Fglobal%2Ffiles%2Fimage%2Fb4ddd4dd-70a1-4977-8a46-559f77b48ccc.jpg&width=1200&type=jpeg&stripmeta=true', 'Reuben Kulas'),
(160, 36, 'veniam facere et', 'Doloremque culpa cumque ratione iusto. Consequatur in perspiciatis maxime qui dolores eligendi. Est repellendus a voluptatum molestias natus voluptatem. Quidem fugiat tenetur cumque quisquam aperiam consequatur.', 'https://www.hallmark.com/dw/image/v2/AALB_PRD/on/demandware.static/-/Sites-hallmark-master/default/dw8ba9f1e5/images/finished-goods/Marvel-The-Amazing-SpiderMan-Comic-Book-Cover-Fathers-Day-Card-root-599FHE8966_PV.1.FHE8966.jpg_Source_Image.jpg?sw=1920', 'Jabari McGlynn'),
(161, 34, 'aliquam eum aut', 'Deserunt sed sequi ab consequatur officia totam aperiam unde. Voluptates laborum similique praesentium sed sunt perferendis quo. Fuga eaque odio id ipsam. Voluptatum vero architecto voluptatem.', 'https://cdn001.tintin.com/public/tintin/img/static/the-shooting-star/the-shooting-star.jpg', 'Sebastian Jacobi'),
(162, 26, 'in et eos', 'A magnam consequatur a. Fugit sunt ratione voluptas est fuga adipisci quae. Reiciendis vel quis dolore dolor. Eveniet non expedita officiis et. Odio neque aut eaque tempora accusamus odio. Quis omnis facilis voluptatem blanditiis possimus et. Aliquid magni id est.', 'https://www.hallmark.com/dw/image/v2/AALB_PRD/on/demandware.static/-/Sites-hallmark-master/default/dw8ba9f1e5/images/finished-goods/Marvel-The-Amazing-SpiderMan-Comic-Book-Cover-Fathers-Day-Card-root-599FHE8966_PV.1.FHE8966.jpg_Source_Image.jpg?sw=1920', 'Dillan Simonis'),
(163, 25, 'id eos', 'Totam delectus libero consectetur voluptas. Aut rerum ut iste voluptas ut iusto voluptatem ipsam. Sed enim atque adipisci excepturi numquam pariatur. Et aut omnis est dolorem. Aut vero distinctio incidunt dolorum quae est.', 'https://i0.wp.com/www.superpouvoir.com/wp-content/uploads/2021/04/Action-Comics-1033-cov-Sampere.jpg?resize=970%2C1491&ssl=1', 'Jacques Littel'),
(164, 32, 'voluptate voluptatem fugiat', 'A quo ex odit. Voluptas quia harum non repellendus. Eveniet et est omnis explicabo. Saepe tempore quibusdam ullam quos. Qui corrupti sint et ipsum officia omnis illum. Impedit quis qui maiores cum qui saepe dolor.', 'https://mlpnk72yciwc.i.optimole.com/cqhiHLc.WqA8~2eefa/w:auto/h:auto/q:75/https://bleedingcool.com/wp-content/uploads/2020/09/TWDDLX01_Adams-Cover.jpg', 'Kara Roberts'),
(165, 25, 'eaque', 'Quis omnis et ut aut odit aliquid. Assumenda id mollitia ut inventore dolores perspiciatis suscipit. Eveniet modi incidunt porro sit. Eos omnis perferendis voluptatem at. Sunt et quo dolorem dolor et. Voluptatem esse nisi harum dolore deleniti aliquam ex. Quaerat debitis et tempore soluta.', 'https://www.gamespot.com/a/uploads/original/1562/15626911/3002107-5032115-04-variant.jpg', 'Madelynn Boehm'),
(166, 35, 'sed repudiandae non', 'Quod sit aut consequuntur cumque ducimus. Quis quod consequatur voluptatibus qui expedita eaque quis. Alias dicta eaque animi omnis fugiat quis. Maxime voluptatum vitae iure sint nihil dolor. Adipisci eum qui fugiat sapiente omnis consequatur tempora.', 'https://images-na.ssl-images-amazon.com/images/I/71aGRDbG9WL.jpg', 'Reed Treutel'),
(167, 30, 'blanditiis', 'Voluptate vitae natus est voluptas nihil et sunt earum. Quo consequatur incidunt voluptas atque pariatur expedita. Et maiores nobis ducimus est inventore magnam voluptates autem.', 'https://www.dccomics.com/sites/default/files/imce/2021/11-NOV/BM_Cv118_1in25_var_618447d1a5e754.72998228.jpg', 'Margret Koss'),
(168, 23, 'dolorum quis placeat neque', 'Minima omnis sit ad reiciendis quaerat numquam eum. Soluta aut nihil perferendis nemo nemo consequatur quod. Sit laboriosam ut iure enim vitae quo officia. Voluptatem dolorem libero quia. Nostrum distinctio magni consequatur recusandae eius enim.', 'https://i0.wp.com/www.superpouvoir.com/wp-content/uploads/2021/04/Action-Comics-1033-cov-Sampere.jpg?resize=970%2C1491&ssl=1', 'Cathryn Bradtke'),
(169, 34, 'dolorum excepturi tempora repellendus', 'Ea laudantium accusamus hic non eum fuga deleniti ducimus. Quia nemo porro est molestias quibusdam. Beatae aliquam ab et ipsum reiciendis. Quis ut quo impedit laudantium natus molestiae reiciendis.', 'https://images-na.ssl-images-amazon.com/images/I/81KsPBgzmtL.jpg', 'Ernie Schultz'),
(170, 29, 'veniam voluptatem consequuntur sequi', 'Nihil impedit at sint sunt. Sed sunt laudantium enim alias molestiae ratione veritatis temporibus. Voluptas ut aut est ipsa quaerat corporis. Occaecati numquam et vel vero perspiciatis sed.', 'https://terrigen-cdn-dev.marvel.com/content/prod/1x/avengers50_infinitysaga_variant.jpg', 'Bernadine Labadie'),
(171, 25, 'blanditiis odio repellat', 'Tempora quia facilis sunt quis beatae quo. Praesentium iure dolor mollitia quia asperiores voluptas. Eos labore placeat cumque commodi.', 'https://cdn-products.eneba.com/resized-products/5jDEHg3wge1U7YZJVCOM2BTq98NC5lraxlc__mT3bIg_350x200_3x-0.jpeg', 'Ross Steuber'),
(172, 35, 'sapiente debitis', 'Quo neque sed vero dolor perspiciatis dolor qui pariatur. Et aspernatur dicta atque qui. Nemo animi soluta aliquam ut nihil quia quia. Aut nostrum itaque vitae repellendus nemo voluptas. Sed eveniet totam asperiores quo quasi.', 'https://images.omerlocdn.com/resize?url=https%3A%2F%2Fgcm.omerlocdn.com%2Fproduction%2Fglobal%2Ffiles%2Fimage%2Fb4ddd4dd-70a1-4977-8a46-559f77b48ccc.jpg&width=1200&type=jpeg&stripmeta=true', 'Angelo Goldner'),
(173, 35, 'necessitatibus sint', 'Qui et quasi est molestiae doloremque sed. Hic debitis voluptatem officiis aut possimus ut velit. Natus qui quas quia eum omnis est repellat. Neque perspiciatis at nisi voluptate voluptas laboriosam voluptatum omnis. Et ratione quos sint quos libero.', 'https://www.gamespot.com/a/uploads/original/1562/15626911/3002107-5032115-04-variant.jpg', 'Skylar Wilkinson'),
(174, 31, 'ipsum quidem praesentium', 'Autem ut vel sint officiis maiores. Et molestiae tenetur et minus quibusdam. Possimus sapiente minus cumque aut doloribus iste voluptatem dolorem. Similique quidem quas eius non omnis aliquam numquam. Consequatur ex placeat et sint et fuga.', 'https://www.dccomics.com/sites/default/files/imce/2021/11-NOV/BM_Cv118_1in25_var_618447d1a5e754.72998228.jpg', 'Kari Tromp'),
(175, 36, 'vel non', 'Veritatis similique et perspiciatis repudiandae consequatur. Maxime nisi iure sit eum. Optio sunt ad illo. Odio iure facere deserunt ut. Inventore aut ut et labore quia iusto. Reiciendis et voluptatem incidunt ea temporibus quia fuga. Id doloremque et nam est nisi.', 'https://images-na.ssl-images-amazon.com/images/S/cmx-images-prod/Item/279507/279507._SX1280_QL80_TTD_.jpg', 'Robin Lynch'),
(176, 34, 'in', 'Repellendus aliquid et deleniti. Rerum adipisci itaque nam recusandae veritatis. Aut ab laborum asperiores aliquid similique non impedit. Porro exercitationem quaerat placeat sunt. Odio itaque alias dolore dolorum non.', 'https://www.gamespot.com/a/uploads/original/1562/15626911/3002107-5032115-04-variant.jpg', 'Athena Kuvalis'),
(177, 23, 'rerum et reprehenderit', 'Deserunt sunt eaque dolorem ipsam qui dolores facilis. Aut officia ut autem voluptates consequatur. Sed cum id pariatur labore quaerat.', 'https://cdn-products.eneba.com/resized-products/5jDEHg3wge1U7YZJVCOM2BTq98NC5lraxlc__mT3bIg_350x200_3x-0.jpeg', 'Gayle Johnston'),
(178, 22, 'ea quaerat', 'Inventore temporibus consequuntur quisquam dignissimos neque. Laboriosam quaerat itaque deserunt molestias ipsa doloremque. Necessitatibus omnis est beatae nesciunt omnis aut et qui. A quam sint qui vel velit explicabo.', 'https://terrigen-cdn-dev.marvel.com/content/prod/1x/avengers50_infinitysaga_variant.jpg', 'Bailey Kozey'),
(179, 33, 'impedit', 'Rerum quo aut voluptatem nulla aut et autem. Sed nam facilis neque quibusdam explicabo provident ipsum. Consequatur est molestias commodi excepturi temporibus tempore eos. Ipsa delectus aut occaecati vero illum. Modi veritatis repudiandae rerum aperiam.', 'https://images-na.ssl-images-amazon.com/images/I/81KsPBgzmtL.jpg', 'Leonel Huel'),
(180, 32, 'voluptatem ut', 'Qui minima occaecati et a totam rem. Sit eos a provident eveniet aut consequatur eaque exercitationem. Quisquam corporis perspiciatis ducimus doloribus et sit necessitatibus. Molestias est molestiae quam corporis ea blanditiis.', 'https://cdn2.originalcomics.fr/26776/buffy-contre-les-vampires-saison-8-tome-1-vf.jpg', 'Leopoldo Upton'),
(181, 30, 'recusandae', 'Consequatur officiis nisi et. Natus beatae sed distinctio et ea accusamus dignissimos quod. Blanditiis explicabo dicta minus aut. Consectetur dolor labore ullam distinctio facilis vel.', 'https://cdnb.artstation.com/p/assets/images/images/012/822/497/large/alex-loken-cover.jpg?1536692282&dl=1', 'Sierra Breitenberg'),
(182, 33, 'veniam deleniti alias', 'Sit aut dicta necessitatibus similique et. Sit voluptate error qui est aut et ut. Totam ipsam minima sapiente exercitationem. Odit reprehenderit reiciendis est. Vel quasi non fugit voluptatem laudantium eum.', 'https://bddi.2dcom.fr/LocalImageExists.php?ean=9782811215620&isize=full&gencod=3027166420000&key=DimetGmAYGQEsjiN', 'Candida Wyman'),
(183, 36, 'veritatis eos sequi nemo', 'At at omnis illo nisi facilis in ex. Et quidem sint nihil veritatis omnis natus tempore. Quaerat exercitationem et laudantium qui tenetur tempore. Repudiandae at assumenda aut perferendis.', 'https://terrigen-cdn-dev.marvel.com/content/prod/1x/avengers50_infinitysaga_variant.jpg', 'Kiarra Fahey'),
(184, 29, 'ratione quia quo', 'Molestiae magni ut laboriosam. Ipsum ipsa atque tempore dolorum mollitia earum. Aut itaque consectetur magnam corporis.', 'https://cdn2.originalcomics.fr/26776/buffy-contre-les-vampires-saison-8-tome-1-vf.jpg', 'Amaya Walsh'),
(185, 21, 'rerum adipisci expedita tenetur', 'Accusamus dolores cupiditate consequatur sapiente sit blanditiis excepturi. Quam vitae eos itaque voluptatem quibusdam autem libero est. Ad quis iusto maiores sunt et. Delectus quidem velit repellendus quos qui quo. Veritatis sit dolorum assumenda est doloremque eaque molestiae.', 'https://images-na.ssl-images-amazon.com/images/S/cmx-images-prod/Item/279507/279507._SX1280_QL80_TTD_.jpg', 'Dawn Hamill'),
(186, 24, 'architecto aliquam neque dolores', 'Tempora pariatur minus ut excepturi autem sint. Et est dolor dolore autem illo nulla. Ullam unde quam quod autem reiciendis aut voluptatem recusandae. Quam ea at exercitationem. Dolores porro nisi eveniet. Est unde quos placeat vitae. Error neque sunt suscipit.', 'https://cdn-products.eneba.com/resized-products/5jDEHg3wge1U7YZJVCOM2BTq98NC5lraxlc__mT3bIg_350x200_3x-0.jpeg', 'Burley Kunze'),
(187, 32, 'ab', 'Autem debitis atque excepturi maxime. Voluptas tempora ad dolorum maxime. Ut possimus corrupti nam dolores qui. Qui aperiam doloribus est et quia et aut.', 'https://terrigen-cdn-dev.marvel.com/content/prod/1x/avengers50_infinitysaga_variant.jpg', 'Gladys Tremblay'),
(188, 20, 'ducimus velit maxime sit', 'Reprehenderit libero beatae molestias fugiat recusandae. Omnis provident sunt dolorem inventore corrupti. Eum et voluptas incidunt molestiae animi amet beatae.', 'https://cdn001.tintin.com/public/tintin/img/static/the-shooting-star/the-shooting-star.jpg', 'Alexander Schumm'),
(189, 32, 'voluptatum nihil sit', 'Ut aut odio debitis id iure est qui minus. Non et quia sit ut ut ipsam. Autem accusantium vitae facilis perferendis odit placeat recusandae. Modi maiores dolorem non aut reiciendis asperiores.', 'https://terrigen-cdn-dev.marvel.com/content/prod/1x/avengers50_infinitysaga_variant.jpg', 'Tamara Cole'),
(190, 23, 'id qui rerum pariatur', 'Eligendi aut ut saepe esse nesciunt eaque. Totam dolorem excepturi esse et dolorum ut. Et ut ut est nulla doloremque. Omnis temporibus sed molestias quis.', 'https://i0.wp.com/www.superpouvoir.com/wp-content/uploads/2021/04/Action-Comics-1033-cov-Sampere.jpg?resize=970%2C1491&ssl=1', 'Jakayla Hintz'),
(191, 34, 'tenetur sed illum ea', 'Et rerum id eius mollitia reprehenderit. Nemo est non rem et tenetur quia consequuntur voluptatem. Ipsa in voluptatem nisi placeat non. Recusandae et autem ullam et odit iste voluptas.', 'https://cdnb.artstation.com/p/assets/images/images/012/822/497/large/alex-loken-cover.jpg?1536692282&dl=1', 'Wallace Kuphal'),
(192, 25, 'architecto enim voluptate amet', 'Aut eos fuga ut totam sint sint corporis. Explicabo quam corrupti quibusdam ut. Tenetur eos qui aut sint. Reprehenderit ut illum vel quia. Voluptatem quis voluptatem perferendis sit nesciunt rerum corrupti.', 'https://i0.wp.com/www.superpouvoir.com/wp-content/uploads/2021/04/Action-Comics-1033-cov-Sampere.jpg?resize=970%2C1491&ssl=1', 'Benton Rutherford'),
(193, 24, 'voluptatem qui mollitia aut', 'Non consequatur vero debitis similique minus inventore. A dolor consectetur consectetur saepe. Dolorem maiores nostrum quae aut consequuntur consequatur. Aut quae doloribus atque quas. Atque dolore hic sapiente sint facilis ipsa deleniti. Est voluptas repellat mollitia ratione.', 'https://images-na.ssl-images-amazon.com/images/S/cmx-images-prod/Item/279507/279507._SX1280_QL80_TTD_.jpg', 'Brooke Prohaska'),
(194, 21, 'earum et eveniet beatae', 'Vel fugit accusamus rerum quod aut. Ipsa nihil et quia et qui. Quod porro assumenda eaque unde nisi delectus asperiores. Et maiores in et commodi dolorum tempore et. Accusantium est animi sed exercitationem. Nihil sed similique est enim delectus nostrum. Id alias in doloribus hic ut.', 'https://shop.sergiobonelli.it/resizer/1000/-1/true/1491832832859.jpg--le_dieci_tribu___martin_mystere_350_cover.jpg?1491832835000', 'Heber Bernier'),
(195, 35, 'ipsam asperiores', 'Qui nobis tempore nesciunt quis laboriosam. Dolorem a autem vel ut. Qui et in aut praesentium. Veritatis veritatis deserunt similique maxime facere.', 'https://images-na.ssl-images-amazon.com/images/I/81KsPBgzmtL.jpg', 'Prudence Lindgren'),
(196, 26, 'aut aspernatur corporis architecto', 'Numquam qui nisi in cum commodi reiciendis. Totam qui qui enim ipsam. Voluptatem cupiditate aspernatur quia dignissimos molestiae quibusdam. Et doloribus ut autem minima quo. Earum natus quia facere error dolorem velit tenetur. Et rerum voluptas autem quas aut molestias.', 'https://images-na.ssl-images-amazon.com/images/I/71aGRDbG9WL.jpg', 'Chyna Bernhard'),
(197, 25, 'sed', 'Consequatur voluptas sed ex voluptates eligendi et laboriosam. Cum adipisci necessitatibus mollitia voluptates voluptatem quisquam modi. Magnam illum nostrum officia quidem autem dolorem. Sit distinctio quia odio dicta porro. Qui sed quod et iusto et.', 'https://cdnb.artstation.com/p/assets/images/images/012/822/497/large/alex-loken-cover.jpg?1536692282&dl=1', 'Delilah Zulauf'),
(198, 21, 'explicabo quidem placeat', 'Soluta ut inventore fugiat optio debitis odio corrupti. Quaerat fugiat optio autem et enim. Nihil qui necessitatibus non perspiciatis quis. Sed quia ipsa ut repellendus quo est. Facere numquam libero sit nobis illum minus non rem.', 'https://terrigen-cdn-dev.marvel.com/content/prod/1x/avengers50_infinitysaga_variant.jpg', 'Coy Klocko'),
(199, 29, 'aliquid dolores', 'Eum quo ut necessitatibus sequi odit ipsa. Rerum aliquid maxime molestias sed quasi numquam quia. Est occaecati repudiandae corporis est repellat voluptatem consequatur amet.', 'https://cdn2.originalcomics.fr/26776/buffy-contre-les-vampires-saison-8-tome-1-vf.jpg', 'Leonard Wilkinson'),
(200, 22, 'ducimus corporis dolorem est', 'Id delectus voluptas officiis accusamus. Mollitia consequatur molestiae hic quia fuga ut impedit. Tempore officiis odit aliquid expedita repellat.', 'https://cdn2.originalcomics.fr/26776/buffy-contre-les-vampires-saison-8-tome-1-vf.jpg', 'Orin Towne');

-- --------------------------------------------------------

--
-- Structure de la table `comic_category`
--

CREATE TABLE `comic_category` (
  `id` int(11) NOT NULL,
  `name` varchar(50) COLLATE utf8mb4_unicode_ci NOT NULL
) ENGINE=InnoDB DEFAULT CHARSET=utf8mb4 COLLATE=utf8mb4_unicode_ci;

--
-- Déchargement des données de la table `comic_category`
--

INSERT INTO `comic_category` (`id`, `name`) VALUES
(19, 'Action / Aventure'),
(20, 'Humoristique'),
(21, 'Fantastique'),
(22, 'Heroic Fantasy'),
(23, 'Policier / Enquête'),
(24, 'Historique'),
(25, 'Horreur'),
(26, 'Arts Martiaux'),
(27, 'Musical'),
(28, 'Romance'),
(29, 'Science Fiction'),
(30, 'Sports'),
(31, 'Espionnage'),
(32, 'Steampunk'),
(33, 'Superhero'),
(34, 'Ados'),
(35, 'Guerre'),
(36, 'Western');

-- --------------------------------------------------------

--
-- Structure de la table `doctrine_migration_versions`
--

CREATE TABLE `doctrine_migration_versions` (
  `version` varchar(191) COLLATE utf8_unicode_ci NOT NULL,
  `executed_at` datetime DEFAULT NULL,
  `execution_time` int(11) DEFAULT NULL
) ENGINE=InnoDB DEFAULT CHARSET=utf8 COLLATE=utf8_unicode_ci;

--
-- Déchargement des données de la table `doctrine_migration_versions`
--

INSERT INTO `doctrine_migration_versions` (`version`, `executed_at`, `execution_time`) VALUES
('DoctrineMigrations\\Version20220110220327', '2022-01-10 22:03:51', 1035);

-- --------------------------------------------------------

--
-- Structure de la table `event`
--

CREATE TABLE `event` (
  `id` int(11) NOT NULL,
  `category_id` int(11) NOT NULL,
  `place_id` int(11) DEFAULT NULL,
  `owner_id` int(11) NOT NULL,
  `name` varchar(100) COLLATE utf8mb4_unicode_ci NOT NULL,
  `description` longtext COLLATE utf8mb4_unicode_ci NOT NULL,
  `picture` varchar(255) COLLATE utf8mb4_unicode_ci NOT NULL,
  `start_at` datetime NOT NULL,
  `end_at` datetime NOT NULL,
  `capacity` int(11) DEFAULT NULL,
  `game_level` varchar(50) COLLATE utf8mb4_unicode_ci DEFAULT NULL
) ENGINE=InnoDB DEFAULT CHARSET=utf8mb4 COLLATE=utf8mb4_unicode_ci;

--
-- Déchargement des données de la table `event`
--

INSERT INTO `event` (`id`, `category_id`, `place_id`, `owner_id`, `name`, `description`, `picture`, `start_at`, `end_at`, `capacity`, `game_level`) VALUES
(1, 12, 148, 267, 'temporibus veritatis ab tempore minima natus veniam qui ex nam', 'Qui necessitatibus voluptatem voluptatem. Corrupti rerum totam et. Qui deserunt tempore vitae iusto maiores quo. Pariatur placeat laboriosam maxime. Et inventore at quia nihil sunt. Molestiae magni hic facilis sapiente velit magnam deserunt. Dolores magni quos accusamus praesentium minus dolor pariatur dolor. Consequatur praesentium enim aut consequuntur voluptate consectetur. Est voluptatum voluptas similique esse et non. Laudantium aut ut cupiditate. Quidem facere nesciunt ut deleniti quia laboriosam. Non cum voluptatem consequatur consectetur commodi. Et id ut voluptatibus sunt quo.', 'https://fr.web.img2.acsta.net/newsv7/20/06/30/12/28/5740456.jpg', '2022-03-06 21:45:16', '2022-03-07 06:46:13', 82, 'Professionnel'),
(2, 14, 130, 32, 'perspiciatis ut eos explicabo omnis rerum', 'Est accusantium excepturi ut facilis explicabo recusandae ipsam. In iusto qui cumque sit. Natus quia laborum enim sed asperiores. Eveniet omnis maxime odit qui suscipit. Non dolor ut atque quam quia eaque aut ut. Commodi nihil sint neque sed voluptatibus. Qui dolore qui quod tenetur molestiae necessitatibus tempore voluptatem. Voluptas reiciendis dolorem et laboriosam ex sint. Praesentium porro sapiente et ipsum est dolorem. Maxime in beatae error maxime nemo. Illum rem dicta doloribus non. Qui eum excepturi voluptatem qui. Ipsum praesentium error itaque aut dolore et. Blanditiis illo quis iste libero sequi dolores dolor. Hic facere ut id occaecati. Temporibus eveniet aspernatur qui porro libero. Et assumenda fugiat sit aut. Est qui necessitatibus iste culpa fuga id sequi.', 'https://i0.wp.com/www.nintendo-town.fr/wp-content/uploads/2019/04/H2x1_NSwitch_MortalKombat11_image1600w.jpg?fit=1600%2C800&ssl=1', '2022-06-28 21:39:24', '2022-06-30 04:51:15', 74, 'Occasionnel'),
(3, 9, 155, 412, 'aspernatur eum quis', 'Animi est nam maiores voluptatem quos cum. Praesentium cupiditate id libero labore dolores ipsum est. Sit iusto qui dignissimos dolores sint. Quidem adipisci laudantium velit tempora maxime. Assumenda eos voluptatem qui cumque explicabo sed. Qui facilis nesciunt vero qui quia quas eaque. Quia quo non nobis unde. Inventore laboriosam ut aut cumque saepe quisquam consequatur veritatis. Laboriosam temporibus eos accusantium est velit. Voluptatibus aut ut tempora qui et earum tempora. Ea non similique veritatis quis debitis. Suscipit non non omnis. Esse commodi officiis a possimus totam modi esse. Aliquam aperiam assumenda doloremque. Aut ut et sed ut. Quidem velit amet saepe est.', 'https://www.presse-citron.net/app/uploads/2021/05/koch-media-e3-conference.jpeg', '2022-01-29 13:30:07', '2022-01-30 04:31:31', 202, 'Professionnel'),
(4, 13, 139, 424, 'ut aperiam in illum distinctio molestiae quibusdam', 'Repellendus eveniet sunt nisi minus sint consequatur fuga. Et eos qui quasi fugit. Ut cum aut ratione ut consequatur distinctio. Fugit officia voluptas non. Ut aut earum tempora sed illo dolorem. Culpa eaque illo fuga blanditiis. Eos saepe tempore commodi. Rerum ab rerum laborum perferendis repellat et impedit nulla. Sequi voluptas repellendus inventore unde perferendis. Quod eos molestiae ut similique vitae aspernatur reiciendis. Perspiciatis ut cupiditate enim velit eaque sunt. Non labore consequatur dolor ex labore magni ab. Est qui dolores voluptatum a quae animi dolores. Et non distinctio dolor cum. Nihil maiores magnam et optio harum.', 'https://data.1freewallpapers.com/download/dota-2-1280x720.jpg', '2022-04-06 01:37:53', '2022-04-08 02:53:21', 387, 'Intermédiaire'),
(5, 14, NULL, 88, 'voluptatem blanditiis quis est eos accusamus est', 'Laborum necessitatibus eveniet molestias quos. Sequi ea in aliquam nemo architecto. Odio modi sit nobis. Molestiae consequuntur molestias praesentium perferendis. Eos consequatur atque sunt voluptas qui nisi. Odio natus voluptatem minima dolores. Tempore fuga neque facilis. Quia eos sapiente distinctio iusto debitis dignissimos in. Libero fugit hic magni nam. Culpa numquam molestiae sequi corrupti tenetur suscipit ratione. Porro commodi nam id hic enim. Adipisci doloribus occaecati nobis fugit doloremque voluptas. Blanditiis quia aut sit officia. Dolores est minus eum quia quis. Quia numquam in rerum asperiores. Asperiores qui quasi ipsa eos. Vitae consectetur inventore officiis qui accusantium praesentium dicta.', 'https://images.ctfassets.net/s5n2t79q9icq/114xMnrR6RiLD15UxL8LYZ/ca73ec9fe59f654a150b543e05979181/Meta-Homepage.jpg', '2022-07-01 11:42:48', '2022-07-02 19:32:05', 465, 'Confirmé'),
(6, 12, 107, 418, 'quod officia numquam quaerat deleniti id', 'Sequi et nihil consequatur quia quis officia. Aut cupiditate recusandae sint iusto. Dolor qui qui a illo. Voluptas est consectetur consequatur modi. Eius perferendis et qui incidunt nulla. Est et corrupti voluptatem. Hic est sequi commodi eius. Eligendi quia distinctio quasi rem laboriosam maxime saepe. Fuga suscipit et illo quia quis inventore. Atque voluptate reprehenderit hic quam qui aliquid. Eum eius sit dicta molestiae aut quo. Nihil neque explicabo ipsum autem. Doloribus earum officiis autem et occaecati maiores. Unde praesentium quidem eum vel deserunt quaerat architecto. Cupiditate cum dolore qui voluptatem id iure.', 'https://i.ytimg.com/vi/TFZacjKUlic/maxresdefault.jpg', '2022-01-30 23:50:24', '2022-02-01 14:01:37', 366, 'Débutant'),
(7, 13, 135, 75, 'nesciunt culpa vel vel atque consequatur', 'Eum blanditiis placeat aliquid esse perferendis doloremque. Odit occaecati consequuntur recusandae sint aliquam aperiam unde. Beatae est numquam ad veritatis sed omnis. Aut sunt quo aperiam modi facere. Excepturi et rerum consequuntur modi incidunt et voluptatem. Tempore laudantium asperiores et sed ratione. Enim eum odio dicta explicabo. Architecto eaque est sint quae est eligendi deserunt est. Esse voluptatem architecto ab sapiente eligendi. Dolores et aut nulla necessitatibus dolor optio quam. Molestias quam tempore placeat debitis atque et. Vitae sed unde sunt in debitis consectetur. Dolorum sed vitae debitis. Porro voluptatum architecto eum maxime. In dignissimos eligendi ut incidunt ipsam eum similique ut.', 'https://i.ytimg.com/vi/gjVtbJkKQbo/maxresdefault.jpg', '2022-01-09 11:20:38', '2022-01-10 02:14:51', 76, 'Occasionnel'),
(8, 9, 163, 380, 'qui aspernatur qui quaerat eos voluptatem nisi saepe quo', 'Et aut non enim dolorum. Laborum qui eum aut veritatis aperiam et similique. Alias et sunt qui molestias quo cumque numquam. Dolor assumenda nobis provident culpa est. Officia ducimus quasi laudantium alias perspiciatis. Nisi repudiandae atque rerum modi. Beatae id laboriosam ea et. Non et nulla aut dolorem. Porro nesciunt quos fugiat quia. Necessitatibus aut corrupti ut illo. A corrupti quis neque perferendis iure maiores mollitia. Porro in ratione facere voluptas perspiciatis suscipit. Eligendi molestiae exercitationem dolores autem. Aliquid molestiae modi deleniti officia aut. Saepe temporibus tenetur a quis recusandae. Voluptate error saepe earum odit.', 'https://happydays365.org/wp-content/uploads/2020/05/Geek-Pride-Day-1080x630.jpg', '2022-05-11 07:59:41', '2022-05-12 18:32:03', 327, 'Professionnel'),
(9, 12, 182, 191, 'cupiditate mollitia dicta consequatur aliquid veniam autem tempore', 'Blanditiis mollitia consequatur iste nostrum nobis. Sit in quia pariatur quibusdam sint ut nam. Doloribus quaerat qui tenetur error. Odio praesentium error alias in quidem vel voluptas. Ut omnis quis est provident voluptatem. Velit ea et eligendi vel. Amet quis quidem mollitia nulla et modi enim. Cupiditate nam earum fugiat soluta. Fugiat maiores consequatur magnam illum dolorem. Recusandae repudiandae quia animi id sit accusamus quis. Blanditiis omnis iusto qui. Eligendi reprehenderit minima commodi. Fuga ut ipsum eligendi ea. Similique non molestiae placeat sunt ea aliquam autem. Est facilis rerum voluptatem repudiandae sint ut sint.', 'https://www.presse-citron.net/app/uploads/2020/04/e3-online.jpg', '2022-04-10 07:35:11', '2022-04-12 01:17:39', 200, 'Débutant'),
(10, 12, NULL, 461, 'qui sunt consequatur vero qui', 'Excepturi eaque facilis debitis eveniet in. Alias minus aliquam atque omnis eius eveniet enim. Eligendi qui suscipit sunt nam. Velit ea voluptas tenetur dolores omnis odio nam. Esse molestias aliquid quia sunt. Quos dolorem impedit at sunt officia molestiae. Sit amet laudantium nulla quibusdam quisquam ut perspiciatis. Placeat repellat dolorem et. Et odit quae voluptas et. Deserunt quo ipsa ab qui. In corporis aut dolores atque. Rem ad illo minima dolore molestiae accusamus exercitationem. Excepturi ipsa sit maiores dolorum expedita in. Quos sed aut facilis. Quia dignissimos illum doloremque nostrum. Ratione ex vitae non doloremque omnis. Repellendus fugit sint a placeat veniam non. Quis expedita quae et molestias sunt. Non ea illo sequi ratione facilis dolores molestiae.', 'https://img.redbull.com/images/c_limit,w_1500,h_1000,f_auto,q_auto/redbullcom/2019/11/08/fc0f91de-3998-4be5-b50e-96d8d9e0cd45/lol-10-ans-league-of-legends', '2022-05-27 13:36:37', '2022-05-29 22:12:30', 1, 'Intermédiaire'),
(11, 11, 124, 320, 'rerum dolores sunt quo minima rerum', 'Natus temporibus quas unde et eum qui odio. Non voluptatibus aliquam cupiditate sit vero laboriosam quasi. Est asperiores minus dolorem saepe quasi iusto accusamus possimus. Quam nobis temporibus ea perferendis. Impedit quod magni minus impedit aliquam sapiente. Id rem dolor quae qui. Aut ea perspiciatis quo aut assumenda odit in. Doloribus tempore dolore in aut ut. Natus et nemo alias aperiam aut quia. Est a quisquam eligendi pariatur. Quis iure id maxime error impedit veniam error. Nisi quidem sed necessitatibus at incidunt perspiciatis. Sint eum quam libero est ut libero aliquam. Id ea similique et. Et omnis est quia quis exercitationem. Saepe veritatis numquam eos tenetur nihil. Harum quibusdam voluptas sed quia omnis.', 'https://pbs.twimg.com/media/EECAyk7W4AAQP9w.jpg', '2022-01-18 11:35:17', '2022-01-19 01:21:49', 326, 'Tous niveaux'),
(12, 13, 101, 120, 'rerum necessitatibus consectetur qui non qui aliquam suscipit nobis error', 'Quae quasi et quo nulla qui architecto. Omnis ad et rem. Quod consequuntur praesentium dolorem laborum aliquid fugit. Ipsa vero soluta aut eligendi nobis. Ullam libero qui et et quia. Et eum iusto voluptatem sint dolores rerum. Ab rerum quia similique sit eum esse cum. Necessitatibus et molestias aut rem quia. Nam quod reiciendis eveniet aut. Quis architecto facere alias unde sapiente molestias hic. Sunt dolores ut ipsa maxime repellendus totam nam. Corporis sit molestias autem qui quo quia. Sint tenetur ipsa nam quo. Quos recusandae nihil beatae. Et quia mollitia dolore adipisci ut est dolorem. Expedita quia ut minus pariatur quia. Dolor magnam vel laborum maxime magni necessitatibus.', 'https://pbs.twimg.com/media/EECAyk7W4AAQP9w.jpg', '2022-06-01 19:01:53', '2022-06-02 14:13:20', 46, 'Intermédiaire'),
(13, 12, 192, 419, 'sapiente maxime ducimus ullam', 'Quo modi eveniet et repellendus atque et fugit. Sint at quaerat est quidem sint enim. Porro unde sapiente voluptas est reiciendis qui. Ex ex accusamus voluptas aut dolor distinctio velit. Debitis quo et aut eligendi. Praesentium et et ducimus culpa ducimus quam ut. Veritatis ea eos aut dolor ratione hic doloribus et. Modi assumenda sit sint impedit nostrum. Et sunt ut maxime. Optio eveniet quidem quia sed vero quo. Aut maiores distinctio deleniti tempore sit. Beatae fugiat quisquam fugit. Distinctio voluptas sed et vel. Quibusdam laudantium dolor quisquam. Et quaerat error sint recusandae et adipisci. Nihil officia officia eius non. Illo quia tempora consequuntur voluptatem.', 'https://img.redbull.com/images/c_limit,w_1500,h_1000,f_auto,q_auto/redbullcom/2019/11/08/fc0f91de-3998-4be5-b50e-96d8d9e0cd45/lol-10-ans-league-of-legends', '2022-02-14 07:22:40', '2022-02-16 09:28:41', 461, 'Intermédiaire'),
(14, 9, 104, 70, 'accusantium aut nihil enim eveniet', 'Esse qui velit vel recusandae. Ipsa quia nemo libero id voluptatem. Voluptatem sed ipsam natus dolorum et maxime ea. Laudantium dolore animi beatae velit ex. Omnis esse qui deserunt cumque. Sint ullam qui sunt impedit ullam ea. In vitae minus fuga illum quisquam et eveniet modi. Blanditiis officiis corrupti ut consequuntur. Minima id provident aliquam reprehenderit expedita ab. At eveniet quam dolorem in perferendis. Nemo impedit quia dolor consequatur. Ratione quia quia dolorum. Et distinctio quia sed. Exercitationem et tenetur ratione autem voluptatum sed voluptas. Ut ut impedit ipsum. Recusandae laudantium autem asperiores neque animi repellat. Ab ut quasi dolorem quidem odio ducimus minima.', 'https://www.miraigamers.com/wp-content/uploads/2021/07/Yu-Gi-Oh-Master-Duel-arrive-sur-tous-les-supports-pret-pour-le-Duel.jpg', '2022-06-02 01:52:41', '2022-06-02 10:08:50', 465, 'Confirmé'),
(15, 13, NULL, 3, 'voluptas et eaque error ex cum excepturi', 'Reprehenderit autem et facilis. Praesentium nisi doloribus quis aspernatur et molestiae. Consequatur sequi architecto corrupti et voluptatem. Et labore facilis ipsam fuga. Sint voluptatem quidem rerum eius repudiandae aut. Eum voluptas ut ullam eum et. Rerum quo facilis dolores natus quod et. Mollitia consequatur quibusdam cumque consequatur quo tenetur sed. Ipsa nam modi maxime. Molestiae error sint tempora et debitis dolores. Optio quo aut enim molestiae. Laborum est quos ducimus nostrum. Qui asperiores dolor accusantium. Deserunt commodi incidunt aut qui eaque magni. Unde sunt ullam vel. Laboriosam et in sed distinctio quo aspernatur aut. Sint hic ratione doloremque deserunt illum. Delectus iusto repellendus ea similique qui commodi ipsum quas.', 'https://data.1freewallpapers.com/download/dota-2-1280x720.jpg', '2022-03-22 18:18:28', '2022-03-25 17:53:17', 243, 'Intermédiaire'),
(16, 9, 125, 455, 'repellendus odio vero et dolorem', 'Et minima voluptates unde. At repellat quia voluptates quis asperiores accusantium corporis. Laudantium ipsam aut incidunt esse. Beatae asperiores sed distinctio doloribus dolor ut. Fuga aperiam qui ut necessitatibus placeat. Laboriosam in nihil tenetur ut voluptatibus laboriosam fugiat. Nisi praesentium fugit deserunt doloremque qui libero. Omnis non sit et et impedit. Iste quae consequatur rerum. Sapiente animi consequuntur quia excepturi fuga. Voluptatem vero dolores aperiam voluptatem et. Nostrum et rerum adipisci et voluptate expedita laudantium magni. Est qui debitis deserunt eveniet rerum enim ad. Officia sint voluptas ut quia facere repellendus.', 'https://i0.wp.com/www.nintendo-town.fr/wp-content/uploads/2019/04/H2x1_NSwitch_MortalKombat11_image1600w.jpg?fit=1600%2C800&ssl=1', '2022-05-08 11:57:41', '2022-05-08 16:02:32', 6, 'Confirmé'),
(17, 11, 149, 333, 'accusantium enim recusandae sint recusandae odit dolorum aut doloremque adipisci', 'Quam tempora eos et qui. Est commodi eos qui fugiat in accusantium. Velit atque delectus sit eveniet saepe rem hic. Nostrum voluptas consectetur et id. Delectus explicabo voluptatum sed rerum voluptate. Voluptate voluptas facere sequi suscipit repellat quas. Optio sunt totam aut eum. Nisi accusantium in voluptatem ut. Doloribus laborum dolor nostrum alias dignissimos at. Temporibus quia iste odit doloremque et. Qui dicta numquam aut rerum sint ullam optio quas. Impedit natus eligendi sit rerum ducimus hic. Odit commodi omnis debitis. Consequatur non voluptatem cumque est sunt et. Est esse et nihil eum. Veniam et non aut incidunt laudantium. Non debitis repellendus velit ut quaerat. Ipsam est consequuntur repellat in est quam magnam suscipit.', 'https://images.ctfassets.net/s5n2t79q9icq/114xMnrR6RiLD15UxL8LYZ/ca73ec9fe59f654a150b543e05979181/Meta-Homepage.jpg', '2022-03-21 16:42:14', '2022-03-23 03:08:45', 303, 'Tous niveaux'),
(18, 13, 190, 29, 'animi consequatur id eaque', 'Eum eligendi ut magni sit labore qui. Qui error id atque modi qui dolorem. Aut in doloremque quibusdam est sed alias. Et eligendi natus eaque asperiores consequatur iste quis. Quis voluptas voluptates hic ratione. Tempora reiciendis illo quidem voluptatem repellendus modi necessitatibus. Totam maiores velit praesentium qui adipisci ut molestias. Eius dolorem voluptatem similique et ut. Voluptatem ut voluptatibus fugit error recusandae possimus eaque quisquam. Sequi nostrum assumenda sed explicabo consectetur in. Ratione ducimus laudantium ut alias. Rerum provident et enim dolorem tempora dolore ut aut. Harum ab aut inventore. Voluptas quibusdam et reprehenderit omnis dicta.', 'https://happydays365.org/wp-content/uploads/2020/05/Geek-Pride-Day-1080x630.jpg', '2022-06-07 03:07:36', '2022-06-08 12:26:17', 362, 'Tous niveaux'),
(19, 13, 193, 219, 'enim voluptatum in est tempora dicta dolore id autem', 'Dolorum iure nostrum quos tempore. Eum sed voluptas harum quam. Dolore tempore quis quo. Et omnis sit quod ut illum. Sed aut deleniti recusandae. Fugit provident deserunt amet delectus et amet aut. Omnis unde ratione reiciendis ea eveniet. Voluptatibus qui reiciendis odit. Dolores ex sunt facere harum. Laboriosam necessitatibus vero et. Voluptatem itaque non aut dolor. Aut nulla magnam molestiae optio. Placeat quia omnis quos aspernatur ipsam. Nostrum consectetur alias aut mollitia. Nostrum esse doloribus minus quia et temporibus iusto. Ut dolor expedita ex debitis temporibus consequatur. Voluptate ut voluptas nemo ipsa. Magnam minus eum corporis omnis expedita. Repellat harum nisi illum ut. Iste a tempore facere vitae non rerum est.', 'https://data.1freewallpapers.com/download/dota-2-1280x720.jpg', '2022-01-08 18:24:03', '2022-01-09 23:36:30', 441, 'Professionnel'),
(20, 13, NULL, 375, 'error autem voluptas', 'Aliquid enim rerum sit modi et ea ullam. Tempora similique est esse mollitia. Libero ex ut ut qui culpa esse. Et nihil dolorem qui adipisci aut dolores qui. Voluptatem rerum modi velit. Aut corrupti nam quis nesciunt. Nisi harum dolores modi fugiat. Quis itaque non voluptatem in ut quia voluptas. Alias sed porro corrupti praesentium dolorum saepe. Nostrum vitae cumque autem ea odit architecto assumenda cum. Culpa asperiores repellendus dignissimos illum cupiditate. Praesentium incidunt id voluptates. Occaecati dignissimos voluptates non provident ipsum numquam voluptatum officia.', 'https://www.presse-citron.net/app/uploads/2021/05/koch-media-e3-conference.jpeg', '2022-02-03 13:05:18', '2022-02-03 20:36:40', 396, 'Tous niveaux'),
(21, 11, 115, 81, 'et consequatur voluptatem qui', 'Dolores saepe sint tenetur fuga. Molestiae earum quia ut aliquam porro explicabo. Quibusdam tempora quia sapiente voluptates optio corporis. Voluptas doloribus quis accusamus consequatur modi. Voluptas alias voluptatum et eum similique ea qui. Qui non laudantium distinctio aut quibusdam sint. Et id enim necessitatibus inventore occaecati. Quasi autem vitae officiis molestiae. Eum aut quos numquam similique est dignissimos consequuntur. Non aut vero quos consequatur itaque non. Nisi fugiat deleniti mollitia in molestiae. Recusandae dolores eveniet at illo aliquam. Rerum enim doloribus expedita est. Cupiditate harum architecto praesentium sunt dolorum necessitatibus et.', 'https://previews.123rf.com/images/microone/microone2006/microone200600047/148520518-board-game-evening-friends-meeting-happy-players-characters-isolated-teenagers-or-adults-playing-car.jpg', '2022-06-10 10:27:25', '2022-06-12 18:22:10', 58, 'Intermédiaire'),
(22, 12, 192, 134, 'quas at accusantium laboriosam dolores amet et', 'Dolores provident minus illo voluptas aliquam nulla. Ea sapiente aspernatur hic ut delectus. Mollitia quod eius ea ab placeat itaque. Reprehenderit rerum natus neque nostrum debitis reiciendis qui. Doloremque nisi sed qui cupiditate est dolores. Aspernatur laudantium asperiores minima voluptate adipisci architecto cupiditate harum. Aut labore suscipit aliquid ea. Soluta culpa aliquid dolor sunt debitis ipsa nisi. Maxime consequuntur aut non. Accusamus quo fugit eum voluptatem ea doloribus perspiciatis. Rerum et at et sed saepe. Quia non unde ipsam. Recusandae qui tempore doloremque non quia. Qui totam odio sed molestias ut maiores. Vel perferendis natus quia placeat quisquam labore. Quas rerum quae reprehenderit. Inventore at voluptatum ullam delectus.', 'https://i.ytimg.com/vi/gjVtbJkKQbo/maxresdefault.jpg', '2022-01-26 03:02:14', '2022-01-26 23:51:47', 438, 'Débutant'),
(23, 14, 149, 382, 'necessitatibus doloribus voluptatum', 'Et eos sed modi velit pariatur. Qui omnis asperiores sed ducimus. Omnis similique aut quidem minima vitae est. Minus iste quisquam quae porro similique eos. Itaque et ipsum tempore modi aperiam voluptatem placeat consequatur. Dolorum amet veniam cum aspernatur tempore similique saepe. Minima cumque et fuga aut vero maxime aliquid repellat. Nisi laborum eius iusto minima repellendus. Autem nostrum sed pariatur repellat non cum amet. Consequatur ut nulla itaque corrupti. Et et libero consequuntur ipsa esse quidem tempore. Quia ex libero commodi quis tempore. Aliquid et vel modi et. Sint aperiam et voluptas laboriosam autem quia et. Assumenda quae facere debitis impedit qui.', 'https://www.poilsdemartre.fr/medias/images/japan-touch.jpg', '2022-02-02 18:12:27', '2022-02-05 17:05:20', 341, 'Occasionnel'),
(24, 13, 182, 5, 'sed id et nihil aliquid dolorum', 'Harum numquam aliquam animi atque sapiente eligendi voluptatum atque. Facilis nulla veniam doloremque officia provident laudantium qui animi. Sunt ab corporis est qui est eveniet voluptas. Sed veniam adipisci aperiam assumenda necessitatibus dolores vel quis. Vel nostrum atque et sed ea qui molestiae qui. Impedit rerum commodi atque corrupti natus. Id aut ea tempora dolore ea. Nostrum vero eius eos ea tenetur facilis. Illo minima quisquam culpa mollitia reprehenderit iste autem. Quis dolores modi minus explicabo. Magnam aut repellendus voluptate voluptatem quod totam ut. Consequatur recusandae consequatur velit consequatur est consectetur quibusdam. Nemo recusandae odio laboriosam totam aut dolorem. Laboriosam delectus dolorem quaerat deleniti qui.', 'https://images.ctfassets.net/s5n2t79q9icq/114xMnrR6RiLD15UxL8LYZ/ca73ec9fe59f654a150b543e05979181/Meta-Homepage.jpg', '2022-01-11 21:13:36', '2022-01-14 10:42:02', 379, 'Professionnel'),
(25, 11, NULL, 30, 'dolorem repellendus iure excepturi', 'Fugiat itaque sed distinctio optio. Sit voluptatum molestiae quia voluptas. Neque non atque nemo soluta cupiditate impedit temporibus minus. Et commodi soluta aliquam repellendus quam. Ex earum rerum iste eos excepturi vel. Deleniti molestiae laborum nobis. Rem illum nihil a nihil quos quia dolorem. Laboriosam est inventore quo natus numquam ea culpa. Reprehenderit quia occaecati dicta incidunt et vel neque perferendis. Iusto maxime est distinctio sed. Sint tempora repellat ipsam itaque assumenda adipisci assumenda. Recusandae illum animi veniam ab itaque natus. Tenetur odit eius et tempora. Omnis nemo sunt necessitatibus quas atque. Omnis adipisci unde alias et enim. Maxime repellat esse nisi doloremque omnis et neque.', 'https://fr.web.img2.acsta.net/newsv7/20/06/30/12/28/5740456.jpg', '2022-05-09 02:18:35', '2022-05-11 23:03:13', 315, 'Confirmé'),
(26, 11, 192, 101, 'nesciunt voluptatem ut cumque possimus enim rerum', 'Enim tempora odit et voluptas modi laborum natus. Enim ea ducimus incidunt reiciendis. Non quaerat consequatur libero in aperiam officia. Reprehenderit omnis illum vero. Et tempora quia amet nesciunt earum. Et recusandae quod quos. Aut provident sunt vel unde soluta cumque adipisci perferendis. Fugiat veniam commodi nihil magnam aut. Qui aperiam non quaerat placeat. Facere animi culpa modi ut. Officiis laboriosam natus quidem repudiandae. Quaerat repellat fugit odit ipsum ex quo et. Nesciunt qui quisquam officiis. Maxime repellendus ut qui illo odio. Sed tenetur facere ea similique natus magni esse. Labore illo quasi cum enim reprehenderit dignissimos qui. Cum rerum ipsa non sit unde dolore.', 'https://i0.wp.com/www.nintendo-town.fr/wp-content/uploads/2019/04/H2x1_NSwitch_MortalKombat11_image1600w.jpg?fit=1600%2C800&ssl=1', '2022-03-12 08:15:09', '2022-03-14 20:43:19', 360, 'Professionnel'),
(27, 11, 196, 72, 'quis repellat tempora quidem', 'Eaque dolore enim quod. Velit id consequatur et dolor occaecati ut et. Omnis eos placeat modi non. Maxime veniam qui dolor eum. Earum dolorum et maiores aut et quia. Vitae ex excepturi voluptas repudiandae labore voluptas. Non perspiciatis aut et repudiandae et unde minus rerum. Omnis ad accusantium ab perferendis. Assumenda commodi autem cum dicta. Beatae molestias aut voluptatem nisi aut. Perspiciatis molestiae quia omnis minima sed nihil iusto. Dolores voluptatem suscipit aut qui dolore architecto vero. In autem facere perferendis et et laboriosam ducimus consequuntur. Voluptatem in sed expedita fugit laboriosam delectus. Aspernatur facilis harum fugit dolores dolorem a. Non sunt quis unde aut aperiam repudiandae. Harum non ut sit quod dolores sunt laudantium.', 'https://images.ctfassets.net/s5n2t79q9icq/114xMnrR6RiLD15UxL8LYZ/ca73ec9fe59f654a150b543e05979181/Meta-Homepage.jpg', '2022-05-23 18:18:04', '2022-05-23 21:13:05', 387, 'Intermédiaire'),
(28, 13, 171, 324, 'officiis qui hic voluptas deserunt', 'Aut est molestias labore ipsum fugiat dicta. Laborum ut animi ea et odit aut. Cum consequatur fuga eaque est ut. Nulla et similique recusandae et optio quos in. Tenetur eum ipsa magnam doloremque non. Sit id exercitationem vel libero. Odio occaecati consequatur asperiores dolor et id. Qui qui eaque sed quisquam deserunt eaque ipsa. Modi earum dolor est ut. Similique nihil ut commodi incidunt. Architecto illo officia molestiae dolorum labore perspiciatis aliquid. Et qui ducimus voluptas aliquam aut. Dolores ratione qui ipsum porro. Quas eum repellat est amet ea. Eius dignissimos quisquam sed totam et laudantium occaecati quasi. Perspiciatis et in sunt maiores voluptate temporibus laudantium. Ratione non aliquid adipisci accusantium. Suscipit fugit sunt inventore reiciendis sit.', 'https://www.rom-game.fr/multimedia/agenda/211005_videgreniergeekpampuyre2022.jpg', '2022-03-18 05:20:41', '2022-03-20 05:55:36', 319, 'Débutant'),
(29, 10, 190, 100, 'molestiae ipsa laboriosam ducimus fugit accusantium et omnis dolor', 'Amet similique vero quos nihil quia ullam. Amet cum ab ex in nihil incidunt expedita. Doloremque eaque quo qui autem et sed consequatur sunt. Cum ut doloremque eius enim necessitatibus. Et voluptatem dolorem ab tempora accusantium sit. Non quis explicabo autem eligendi enim. Minima labore aut minima qui. Voluptatibus perspiciatis aut qui eum aspernatur esse tempora. Voluptatem saepe quia consectetur quibusdam quo soluta. Et quae et cupiditate fuga et occaecati maxime sit. Sit nulla debitis saepe quia autem accusantium. Possimus debitis mollitia nesciunt non aut officia. Ut aut veritatis voluptatem repudiandae. Quas quo quis omnis ullam. Est officia minima eaque aliquam ut illum. Dolorem nihil dignissimos maxime sed ut temporibus.', 'https://www.manga-news.com/public/images/events/geek-unchained-4.jpg', '2022-03-17 03:10:13', '2022-03-18 07:02:16', 181, 'Occasionnel'),
(30, 9, NULL, 188, 'et sed ipsum dicta nesciunt et molestiae deserunt', 'Ea cum et maxime qui quia labore. Velit quibusdam quibusdam culpa consectetur. Voluptatibus animi culpa libero. Ad reprehenderit fugiat ut consequatur. Voluptatibus aperiam laborum numquam ab beatae quae corporis. Corrupti at molestiae esse nemo velit. Et porro maxime sunt occaecati cupiditate asperiores et modi. Et eum dolorem voluptas rerum. Tenetur est accusantium quis sed neque animi eaque ad. Culpa non accusamus esse debitis doloribus velit. Quo est accusantium animi sequi reiciendis quasi. Autem velit est itaque ut distinctio quos. Quidem sequi quia explicabo sed voluptas. In quia eum est ut temporibus. Quibusdam tempore sunt quis voluptate explicabo odit. Sit sunt incidunt possimus.', 'https://cdn.akamai.steamstatic.com/steam/apps/851590/capsule_616x353.jpg?t=1631538454', '2022-02-20 08:29:03', '2022-02-22 17:24:54', 129, 'Débutant'),
(31, 9, 167, 441, 'labore corporis reiciendis officiis eveniet debitis nulla debitis voluptatibus', 'Soluta ipsum itaque et et reprehenderit. Laboriosam quae et occaecati excepturi ipsam explicabo harum. Dolores magnam cumque reiciendis saepe fuga. Et optio et qui in omnis perspiciatis nostrum. Qui nemo dolorem quis magnam. Asperiores necessitatibus molestiae sit optio eveniet eum. Perferendis aspernatur ratione soluta. Optio voluptatem architecto dolorem rerum aperiam quia. A nulla consequatur ullam perferendis sed. Accusamus et qui deleniti occaecati inventore amet quia. Qui soluta rerum dolores culpa enim aliquam. Inventore hic at tempore fugit. Eum iusto sunt quibusdam aut veniam est ullam. Optio quaerat repellendus nihil tempora quod voluptatem doloribus repellat.', 'https://i0.wp.com/www.nintendo-town.fr/wp-content/uploads/2019/04/H2x1_NSwitch_MortalKombat11_image1600w.jpg?fit=1600%2C800&ssl=1', '2022-03-19 06:20:03', '2022-03-19 09:44:20', 443, 'Intermédiaire'),
(32, 12, 161, 181, 'ut sapiente porro non', 'Ab recusandae in qui qui aut quisquam exercitationem est. Est nesciunt alias maiores ad excepturi quis non. Consequatur tempora amet doloremque illum id vel. Tempora sequi qui sit harum omnis. Velit dignissimos et dolorem ea sunt aliquam autem. Fugit nemo perspiciatis dicta quasi autem voluptas fuga. Dolorem nobis maiores nostrum ea distinctio dolores ut voluptas. Aut dolor quas vitae corporis optio. Ratione quaerat porro at ab blanditiis et. Laborum consectetur non sed qui. Cum ut illo sed ipsam veniam. Illum quo reiciendis atque et iusto deserunt aliquid. Cupiditate expedita ullam ipsum dolorem est voluptas ullam. Omnis qui consectetur earum dolore.', 'https://pbs.twimg.com/media/EECAyk7W4AAQP9w.jpg', '2022-02-17 11:12:46', '2022-02-19 08:34:48', 483, 'Confirmé'),
(33, 9, 176, 435, 'dignissimos impedit magni officia sit hic quis dolorem eos', 'Ut quam voluptas dignissimos error voluptas nisi temporibus accusantium. Consequatur delectus nisi sunt natus nostrum eum possimus sint. Quibusdam corrupti necessitatibus numquam est. Eaque corporis et dolorum. Numquam enim excepturi nisi maiores. Corporis molestiae aliquam est quo corrupti unde totam. Soluta sit sint quidem accusantium veritatis veniam. Autem officiis porro molestiae ipsam sit. Quod voluptatum numquam perferendis sint aliquid quod. Blanditiis est et eum modi et. A deserunt et sint nisi. Eius expedita quisquam aliquam blanditiis commodi hic magni. Dolores iure nostrum magnam quis. Qui amet exercitationem fugiat debitis incidunt ipsam saepe. A vero nesciunt sunt animi impedit.', 'https://www.realite-virtuelle.com/wp-content/uploads/2020/11/pokemon-go-milliard-revenus.jpg', '2022-04-07 21:41:20', '2022-04-08 07:22:44', 118, 'Tous niveaux'),
(34, 10, 131, 170, 'cupiditate illo et', 'Officiis odit aspernatur ut deserunt laborum ea illo. Dolorem minus ea vitae eaque quia exercitationem. Quam molestiae qui quaerat voluptatum incidunt ipsam voluptas. Nisi rerum cupiditate saepe quis omnis. Blanditiis modi consectetur facilis incidunt expedita suscipit incidunt. Et facilis eaque cumque harum nobis quo. Rerum molestias enim eos maxime aut tempore sunt. Harum omnis amet et sunt. Repellendus ea veniam totam id eveniet enim est. Est officia nemo rem molestiae ipsa molestias. Error et explicabo facilis. Consectetur et tempora repellendus perspiciatis sed ut. Aliquam inventore sapiente repudiandae dignissimos et. Autem et nisi sit ut. Aliquid inventore et ipsam molestiae. Qui sit cumque eligendi harum perspiciatis.', 'https://www.manga-news.com/public/images/events/geek-unchained-4.jpg', '2022-05-06 08:21:42', '2022-05-09 04:42:13', 303, 'Tous niveaux'),
(35, 9, NULL, 145, 'in corporis officia nihil provident', 'Ipsum quasi quis repudiandae ipsam. Sunt possimus magni voluptatem. Aut modi distinctio et architecto. Sit sed possimus amet aut nemo. Explicabo omnis id itaque explicabo quam reiciendis distinctio. Modi ratione est hic error. Voluptate velit ullam ut cupiditate velit ut quis similique. Voluptatem fugit ratione totam rerum. Dolores molestias vel fugit at. Quas excepturi ut eum qui suscipit quaerat. Eligendi et blanditiis iste nihil eos occaecati nemo. Ea perferendis dignissimos ut aliquam excepturi quia. Dolorum similique sit est neque deleniti rerum suscipit. Iste et voluptatem cum voluptatem similique enim sit.', 'https://www.presse-citron.net/app/uploads/2020/04/e3-online.jpg', '2022-04-16 06:48:54', '2022-04-16 10:57:05', 133, 'Confirmé'),
(36, 12, 160, 30, 'voluptas provident et quo', 'Maiores nobis qui veritatis quo. Omnis veritatis qui dolores libero ea. Repudiandae adipisci laboriosam et qui tempora praesentium. Nam voluptates quaerat et. Quia optio quibusdam eligendi quia necessitatibus. Quidem saepe sed et voluptatem nihil laborum inventore id. Officia ut facere esse eveniet consequatur id sit doloremque. Ad vitae aut fugiat sapiente excepturi tempore. Minus ullam enim aut et vero. Omnis ipsum sapiente ea quas dolorum enim molestiae. Suscipit quae eum atque natus dignissimos at. Ad atque et quo et minima laudantium. Corrupti qui sint et itaque repellat non id voluptates. Qui voluptas fugit dicta. Et laboriosam commodi odit explicabo. Non ullam asperiores hic exercitationem totam aperiam quaerat. Nulla amet non rem ipsum et qui.', 'https://i.ytimg.com/vi/TFZacjKUlic/maxresdefault.jpg', '2022-06-04 22:04:36', '2022-06-05 01:24:07', 485, 'Professionnel'),
(37, 10, 166, 283, 'aperiam velit laboriosam at officia dolorem perferendis', 'Omnis esse nihil rerum animi dolorem veniam. Unde odio quia facere ratione consectetur odio nihil. Ut voluptatem minima modi ea deserunt deserunt. Doloremque nostrum laudantium illum voluptate quae harum alias. Quia id officia deserunt odit dolor temporibus. Odit soluta possimus aliquid assumenda qui non suscipit. Dolor est iure repellat quibusdam quia eligendi. Aut expedita suscipit tempore occaecati et tempora. Consequatur culpa dolorem quidem autem necessitatibus eius. Numquam quas ducimus dicta ut expedita magnam soluta. Fugit sed nam ea velit. Sint optio incidunt soluta repudiandae esse. Est deleniti excepturi veritatis explicabo deserunt eum sed. Omnis voluptate maxime ut qui. Quam nobis aut voluptate ea.', 'https://data.1freewallpapers.com/download/dota-2-1280x720.jpg', '2022-03-24 12:31:31', '2022-03-26 08:25:29', 377, 'Confirmé'),
(38, 9, 148, 49, 'qui eos aut ipsa fugiat aspernatur doloribus', 'Aut voluptas sapiente sed nesciunt. Dolores harum voluptas et nihil qui ullam quia. Rerum odio doloribus veniam qui porro odit. Minima optio in cupiditate pariatur numquam commodi excepturi. Amet repellendus architecto laboriosam laudantium asperiores dolorum. Et laborum quos id sunt suscipit sed nostrum. Accusamus ut sed earum eveniet quia. Natus voluptatem accusamus voluptatum iste debitis libero nostrum. Quia est earum rem asperiores mollitia. Aperiam deleniti est ipsam consectetur eveniet. Autem molestiae voluptate vitae excepturi non reprehenderit ut. Enim eos unde itaque est excepturi delectus exercitationem. Iste quis fugiat qui culpa officia natus molestias. Quia quaerat consequuntur tempore nihil qui similique et. Velit architecto consequatur alias fugit eos voluptas.', 'https://cdn.arstechnica.net/wp-content/uploads/2021/07/legend-of-zelda-nes-gold-800x450.jpg', '2022-05-25 22:01:50', '2022-05-27 04:26:29', 209, 'Professionnel'),
(39, 9, 151, 249, 'et impedit iure aut', 'Inventore ut voluptates beatae officiis sed dolorum sit sunt. Nulla recusandae omnis et. Et voluptatem ut eveniet et. Quo atque aut totam. Voluptatem quis dolorem error placeat deleniti quia. Tempore necessitatibus expedita odit expedita cum nobis rerum dolores. Illum qui voluptatum modi quia pariatur voluptas illum. Debitis et accusantium iusto tempora necessitatibus aut perspiciatis. Quia saepe repellat molestiae rem est. Dicta odit est natus illo sequi magni assumenda. Et perferendis dicta praesentium voluptates ullam error quae. Iusto et cupiditate et et iste omnis.', 'https://www.poilsdemartre.fr/medias/images/japan-touch.jpg', '2022-01-29 23:53:01', '2022-01-31 11:54:30', 411, 'Tous niveaux'),
(40, 11, NULL, 79, 'rerum rem sint consequatur ipsa', 'Id sapiente dolor sed distinctio temporibus. Sunt debitis nemo illo aperiam qui. Nihil omnis cumque mollitia unde tempore impedit. Nulla quidem ipsam ut exercitationem ex rem. Voluptas sit est nihil adipisci. Architecto nihil tenetur quia dolorum et non unde dolor. Et magnam dicta qui possimus. Culpa quia et ut eius. Quia nisi molestiae perspiciatis est eum nulla tempora. Et totam aspernatur qui magnam accusamus eveniet. Accusantium accusantium dolores corporis recusandae iusto qui animi. Repellat vitae vel consequuntur dolor. Vero omnis maxime consequatur odit. Velit dolores corporis minus fuga. Quia sunt ut et asperiores. Laboriosam laborum neque mollitia.', 'https://images.ctfassets.net/s5n2t79q9icq/114xMnrR6RiLD15UxL8LYZ/ca73ec9fe59f654a150b543e05979181/Meta-Homepage.jpg', '2022-03-11 06:15:57', '2022-03-12 17:33:32', 102, 'Occasionnel'),
(41, 12, 160, 367, 'voluptas ut quasi saepe aut', 'Quos veritatis vitae et ut non debitis vitae odit. Et tempora saepe explicabo neque. Neque voluptatem dicta aut sapiente qui quo quae. Qui ab aut repudiandae dolorum porro. Consequuntur nulla quasi quia ullam. Maxime ab consequuntur natus aliquid. Mollitia blanditiis sit voluptas eligendi perferendis velit qui. Et dicta odio exercitationem qui et id et atque. Id qui non iure vel et asperiores dolorum. In suscipit aut est fugiat sunt. Laudantium ea aperiam aut modi quaerat perferendis. Hic sapiente dicta ipsam officiis maiores enim. Laborum quam non minus asperiores qui natus nihil eos. Ut odit sint suscipit inventore quis animi. Reiciendis consequatur ipsum in cum.', 'https://www.rostercon.com/wp-content/uploads/2021/09/dcfandome-2021.jpg', '2022-03-13 12:32:14', '2022-03-13 14:01:30', 430, 'Confirmé'),
(42, 12, 153, 371, 'enim sequi atque ut sunt voluptas qui est', 'Quaerat assumenda impedit aperiam vel. Ipsum cupiditate laudantium voluptas rerum id et. Excepturi nisi laborum laborum nisi temporibus amet. Beatae quo voluptate rerum nihil ut quasi. Cum et velit nulla temporibus impedit suscipit veniam. Temporibus enim atque in quo ut. Asperiores explicabo repudiandae omnis ab qui unde. Eum aut fugiat esse minima illum temporibus. Quaerat dolores consequuntur dolores voluptates eos dolorem accusamus. Vel in aut consequatur laborum omnis voluptas voluptas. Accusamus libero id assumenda aut ut officiis consequatur. Corrupti voluptatum voluptatibus nisi ut dolores vel et. Qui nulla ea sint provident. Temporibus autem quis eius in laboriosam ratione qui.', 'https://pbs.twimg.com/media/EECAyk7W4AAQP9w.jpg', '2022-03-08 02:53:55', '2022-03-09 02:35:47', 409, 'Professionnel'),
(43, 9, 154, 380, 'dolorem minima incidunt possimus non nisi', 'Voluptas est et quia sequi labore delectus maxime aut. Sequi animi explicabo et tempore voluptas dolore. Autem non quas est rerum. Ut molestias sed hic beatae explicabo. Soluta repellendus molestiae vitae et quia. Maxime molestias possimus quia eos sit. Consequatur qui ut quia eaque aut. Fugiat ea possimus cupiditate alias ut. Odit aut culpa praesentium nulla ipsum quia. Repellat rerum expedita illum quae nihil ipsam iste. Nam tenetur nemo itaque amet. Temporibus qui aspernatur molestiae est fugit. Velit ipsam libero sed sint. Aliquid ut libero quo eligendi. Quod ducimus eligendi impedit omnis.', 'https://www.presse-citron.net/app/uploads/2021/05/koch-media-e3-conference.jpeg', '2022-02-19 07:38:57', '2022-02-22 07:22:52', 313, 'Intermédiaire'),
(44, 10, 135, 405, 'id quas et odio et id quas sunt', 'Numquam soluta molestiae rem voluptas. Dicta quos non mollitia. Quae porro laudantium quae maiores ipsum perspiciatis aspernatur. Similique nam illum asperiores omnis iusto pariatur quas voluptate. Molestiae voluptates voluptas dolore earum quibusdam. Quaerat modi omnis voluptatibus ullam dolorum similique. Dicta est omnis reprehenderit commodi. Ad voluptatem sint rerum eos commodi odio necessitatibus. Assumenda magni minus exercitationem et quisquam. Voluptate officiis et nesciunt accusamus repellendus possimus. Et sit inventore omnis autem in. Exercitationem qui pariatur molestiae rerum sed vitae fugit quia. Quia ut voluptas possimus iusto repudiandae.', 'https://www.presse-citron.net/app/uploads/2020/04/e3-online.jpg', '2022-06-17 04:06:24', '2022-06-19 11:10:09', 446, 'Débutant'),
(45, 9, NULL, 446, 'saepe occaecati et molestiae laborum molestias', 'Dolor aut odit ad dolorum maxime autem consequatur ut. Nesciunt adipisci odit sed excepturi. Voluptatem reprehenderit maxime dolorem labore explicabo voluptatem. Temporibus maxime error vitae voluptas excepturi. Illo aut et distinctio. Quisquam quis non et ea sequi vel. Sit non ut mollitia expedita porro saepe. Consequatur magnam aliquid voluptas quo. Provident nemo hic id dolor iure iure aperiam. Nihil magni deserunt quis dolores. Vel libero impedit voluptatem magni. Quasi optio quisquam odit voluptates. Maxime omnis quas placeat quia libero nulla. Voluptas nihil in error molestiae quisquam quo fugiat. In excepturi asperiores at doloremque facilis. Voluptas repellat iure voluptatem sequi ducimus saepe aliquam.', 'https://data.1freewallpapers.com/download/dota-2-1280x720.jpg', '2022-02-05 05:37:59', '2022-02-07 03:48:46', 61, 'Intermédiaire'),
(46, 13, 111, 160, 'quia officiis perspiciatis nam aut possimus assumenda', 'In itaque iure quod odit. Cupiditate labore suscipit doloremque totam saepe. Voluptate dolorum qui similique doloribus recusandae non. Et reprehenderit eum quis cumque assumenda. Sed quo esse id quo natus nulla nisi inventore. Architecto saepe placeat est impedit autem. Autem ullam provident necessitatibus tempore odio culpa laborum explicabo. Aut tempore sit molestiae a ducimus mollitia ab. Id voluptatibus corporis quasi dolorem aut. Error praesentium consequuntur consequatur dolores laboriosam. Animi ut rerum sit consequatur. Est debitis enim rem ea cupiditate similique fuga. Est quo consequatur aut et. Est odit libero explicabo deserunt incidunt. Laboriosam quae ad officiis et sit officia. Tenetur enim molestiae et ex error.', 'https://cdn.arstechnica.net/wp-content/uploads/2021/07/legend-of-zelda-nes-gold-800x450.jpg', '2022-01-11 01:40:24', '2022-01-11 03:15:24', 11, 'Intermédiaire'),
(47, 10, 126, 71, 'magni et rerum', 'Voluptatem veniam ea eos doloremque sequi. Perferendis mollitia repudiandae consequatur. Cum velit occaecati velit fuga debitis consequatur blanditiis. Sit sint ad necessitatibus deleniti vel. Et non minima perferendis. Dicta sed distinctio quae sit sequi officia non nostrum. Quod expedita sequi vitae corrupti itaque. Alias ut quae voluptas qui officia voluptates nihil. Voluptate voluptatem sunt sit facilis iure voluptas dolorem. Impedit consectetur animi neque qui. Error voluptatum deleniti vitae. Velit atque fugit laudantium fugiat sed ea eius minus. Non libero ut distinctio eum dolorem repellendus. Distinctio voluptate blanditiis perferendis debitis quis iste et.', 'https://data.1freewallpapers.com/download/dota-2-1280x720.jpg', '2022-06-13 11:40:27', '2022-06-13 17:38:32', 458, 'Tous niveaux'),
(48, 10, 150, 302, 'accusamus minus odit qui modi voluptate labore', 'Officia harum vel in aperiam. Est excepturi dolor dicta sit odio nobis. Sunt ea voluptatem minima consectetur voluptas cum. Quaerat dolorum ut et repudiandae expedita esse ratione. Quia libero ea eum consequatur est. Autem porro aut incidunt cupiditate non voluptas fugiat tenetur. Qui omnis aperiam dolor pariatur sed et nam. Nesciunt omnis rerum perspiciatis ullam. Ipsam quia repellendus et alias. Dolores natus quae sunt nihil. Ipsam delectus cupiditate eum voluptas perspiciatis. Amet et nostrum voluptatum distinctio. Dolorem in dolore illo quis et tenetur nulla. Molestiae qui quia corporis. Autem voluptas voluptatem recusandae temporibus rerum dolor. Enim eligendi et natus aut. Soluta sed ut itaque. Consequuntur praesentium iste natus magni eligendi et.', 'https://pbs.twimg.com/media/EECAyk7W4AAQP9w.jpg', '2022-06-22 20:03:27', '2022-06-24 13:23:16', 200, 'Occasionnel'),
(49, 13, 105, 79, 'impedit totam et quia iure deleniti', 'Exercitationem perferendis dicta earum sed. Et voluptatibus dolore rem quia consequatur. Placeat similique voluptas ut velit quo. Quis repellat rerum vero consequatur aut qui pariatur. Necessitatibus deserunt autem exercitationem quia dolorum. Magni rerum enim eos ut eum possimus. Explicabo itaque modi eius unde non qui. Sunt beatae maxime quae autem accusamus recusandae et. Et enim accusantium voluptas impedit iure autem ad sit. Voluptatem rerum porro incidunt est rerum aut officiis ut. Nesciunt et reprehenderit ullam sunt nisi cupiditate nisi. Cupiditate tenetur explicabo qui nihil corporis eligendi. Et quisquam qui odio voluptatum dolores. Ab vel voluptatem aut minima molestias dolore.', 'https://fr.web.img2.acsta.net/newsv7/20/06/30/12/28/5740456.jpg', '2022-05-07 04:13:00', '2022-05-08 20:13:44', 382, 'Professionnel'),
(50, 13, NULL, 289, 'est velit voluptatibus rerum', 'Unde ut aut in dolores. Praesentium distinctio dolorum provident ipsa qui facere mollitia. Rerum dolorem quia beatae earum in explicabo explicabo. Saepe ipsum tempora officiis qui officiis suscipit. Occaecati debitis iure labore aut neque eos aut. Ut minima et numquam dolorem non. Architecto architecto velit doloribus aut recusandae in et. Repudiandae minima eius quo impedit blanditiis reprehenderit omnis. Maiores in ut vel commodi numquam deleniti. Et a et autem eius expedita. Odit optio quisquam qui et eum. Dolores laborum assumenda exercitationem voluptatem aut qui consequatur. Beatae pariatur tenetur beatae non et ut perferendis corrupti. Delectus harum aut molestias neque dolor nihil. Vero quis voluptate quis voluptate rerum cumque. Ab tempora voluptatem et nihil sed temporibus et.', 'https://img.redbull.com/images/c_limit,w_1500,h_1000,f_auto,q_auto/redbullcom/2019/11/08/fc0f91de-3998-4be5-b50e-96d8d9e0cd45/lol-10-ans-league-of-legends', '2022-06-23 18:22:07', '2022-06-24 04:01:26', 64, 'Occasionnel'),
(51, 11, 121, 369, 'repudiandae eius ex', 'Aut temporibus qui harum molestiae. Ut deleniti repudiandae delectus ea. Totam voluptatem dolores distinctio tenetur et optio. Neque at repudiandae vel sint optio. Aliquam doloribus iusto voluptatem vel molestiae. Quod illo earum consequatur aut in recusandae. Aut quos architecto molestiae ullam rem suscipit hic. Doloremque atque cumque nisi facere non laboriosam et. Optio rerum minima aut explicabo placeat. Non deleniti in voluptates consectetur odio ea. Voluptate velit est in alias consequatur sit. Est exercitationem facere reiciendis hic est. Qui tempora nesciunt sunt rem voluptate illum. Omnis similique magni nulla velit fugiat quam illo. Error laudantium dolor repellendus molestias animi et. Quia aut ullam rerum voluptates enim laboriosam labore.', 'https://www.presse-citron.net/app/uploads/2020/04/e3-online.jpg', '2022-05-06 01:50:14', '2022-05-08 19:54:42', 165, 'Confirmé'),
(52, 9, 135, 203, 'facilis in quae nihil voluptas voluptatem vel voluptatem blanditiis', 'Et velit assumenda dolore nisi. Deserunt in possimus mollitia et. Porro eos eum quisquam. Ut dicta eius blanditiis sit cumque ut quia. Natus consequatur autem vitae. Voluptatum magnam porro eos nemo dolore facere nam. Est eaque doloribus sit dolorem quas aliquid alias. Explicabo animi assumenda eaque dolores ipsam voluptatem nostrum. Corrupti quam et assumenda in. Ad et autem sapiente praesentium itaque ratione eum. Exercitationem ut facere animi occaecati rerum consequuntur. Quia quia cupiditate at vel qui enim. Nam laborum tempore est et praesentium aut accusamus. Est modi fuga dicta quam porro dolorem dicta. Vitae libero sapiente et eum non ea necessitatibus debitis. Ut veniam quis quod explicabo. Aperiam aut nam aut aut earum et modi distinctio. Rerum repudiandae rerum ipsa eos.', 'https://cdn.arstechnica.net/wp-content/uploads/2021/07/legend-of-zelda-nes-gold-800x450.jpg', '2022-03-10 01:27:50', '2022-03-10 09:01:40', 137, 'Intermédiaire'),
(53, 13, 154, 367, 'architecto ab voluptatem ullam reiciendis dolorem', 'Quis aut nobis ducimus reiciendis enim molestiae iste at. Delectus perspiciatis voluptatem vero sit exercitationem. Beatae repellendus aut libero ab voluptatem eum aut. Modi aut itaque omnis dolor consequatur illum. Voluptate quos eaque omnis quos error. Minus eum assumenda ratione. Quisquam ducimus et ut voluptas nemo reprehenderit. Harum placeat eius iste harum exercitationem ut modi. A et dolor quo pariatur et enim. Est non voluptatem doloribus quidem sit aperiam reprehenderit. Facilis laboriosam officiis facilis itaque rerum. Consequatur laborum eum totam voluptatem culpa. Quod omnis expedita veniam id. Consequatur quam omnis et a. Ut odio voluptates vero alias ut. Nesciunt eum blanditiis doloremque sapiente velit omnis nemo aut.', 'https://www.poilsdemartre.fr/medias/images/japan-touch.jpg', '2022-05-21 05:33:59', '2022-05-22 14:37:00', 235, 'Débutant');
INSERT INTO `event` (`id`, `category_id`, `place_id`, `owner_id`, `name`, `description`, `picture`, `start_at`, `end_at`, `capacity`, `game_level`) VALUES
(54, 13, 191, 127, 'corporis qui possimus ad quae non qui molestias sunt', 'Ea ea est nam exercitationem fugit ipsa ab. Atque et maiores blanditiis aliquam ut. Non ducimus in aut dolor. Itaque quia tempore provident veritatis et. Voluptates dolores blanditiis dicta eaque quia doloremque aliquid. Pariatur sed recusandae ut. At consequatur cumque ea est. Fugit eum autem nihil voluptatibus porro repellat est. Omnis et quos occaecati sed ut facere nihil qui. Est error odio et quia occaecati dolores. Impedit necessitatibus est eligendi placeat est. Eius recusandae earum atque inventore. Repellendus suscipit eos dolorem praesentium repellendus suscipit expedita maxime. Iure natus voluptatem eaque dolorum atque quae. Architecto quasi pariatur odio consequatur ut et.', 'https://www.miraigamers.com/wp-content/uploads/2021/07/Yu-Gi-Oh-Master-Duel-arrive-sur-tous-les-supports-pret-pour-le-Duel.jpg', '2022-01-11 11:47:03', '2022-01-13 15:30:11', 446, 'Débutant'),
(55, 11, NULL, 260, 'temporibus soluta enim', 'Molestiae quidem omnis molestiae adipisci. Pariatur ea dolore sed est aut. Voluptates aliquam ducimus ut. Perferendis quaerat voluptatibus harum reprehenderit officiis mollitia eos rem. Magni asperiores sed deserunt qui ducimus. Modi libero et unde aut. Quis voluptas omnis ab molestiae non repudiandae rerum ipsa. Omnis voluptatem voluptatem a recusandae. Nihil maxime itaque magni dolorem. Rem cupiditate nihil eligendi fugiat. Voluptate harum aut qui quo molestias dolorem. Voluptas et vitae dolores laboriosam voluptas occaecati. Voluptatem impedit neque sit nam porro minima. Nesciunt enim inventore sit illo et. Qui error iusto voluptatibus provident quis non possimus.', 'https://www.rostercon.com/wp-content/uploads/2021/09/dcfandome-2021.jpg', '2022-02-01 19:56:56', '2022-02-03 16:22:18', 381, 'Occasionnel'),
(56, 10, 192, 229, 'suscipit et ut possimus quia', 'Itaque maxime saepe molestiae. Corrupti soluta sed sit dolor dolore et id a. Occaecati tempore magnam nostrum dignissimos dolores totam pariatur. Est eius culpa provident vero qui nihil. Cum ut tempore dolores enim eos similique. Doloribus maiores sapiente dolores sit maxime sunt repudiandae. Expedita laboriosam qui vel est facilis. Sunt veniam amet doloribus eum ullam sint. Sed voluptatem quas vel ut error iste porro. Aspernatur hic consequuntur est eius vel autem tempore est. Est voluptas est perferendis saepe. Culpa temporibus facere pariatur itaque aut voluptas nulla voluptate. Culpa ut autem ipsum eligendi rerum.', 'https://images.ctfassets.net/s5n2t79q9icq/114xMnrR6RiLD15UxL8LYZ/ca73ec9fe59f654a150b543e05979181/Meta-Homepage.jpg', '2022-01-16 17:08:31', '2022-01-17 15:04:05', 321, 'Tous niveaux'),
(57, 14, 116, 363, 'earum et id corporis vero autem odio dignissimos', 'Dolores maxime ad quia rem. Fuga corporis et asperiores minima ut. Est maxime exercitationem non provident rem beatae dolor. Fugiat qui sit vero dolor et quidem eum. Placeat eos facere ullam fuga rerum. Iure iure voluptas distinctio consequatur est. Amet quaerat at est officia. Et optio sed ipsam voluptatibus aliquid. Neque est officia itaque reiciendis. Neque quae dolores quia id. Vel praesentium natus est aut et iste dolores incidunt. Voluptatem temporibus unde id ullam optio repudiandae et. Perspiciatis ipsa officia tempore in et dolor. Expedita similique qui eos cupiditate repudiandae fuga aut. Provident repellat eos occaecati repudiandae. Deleniti esse quas pariatur dolor. Vel cupiditate sunt repellat fuga rerum nihil ducimus. Omnis optio consequatur fugit earum consequatur.', 'https://happydays365.org/wp-content/uploads/2020/05/Geek-Pride-Day-1080x630.jpg', '2022-04-10 08:14:09', '2022-04-11 16:47:34', 247, 'Intermédiaire'),
(58, 13, 126, 327, 'aspernatur ipsa occaecati hic quo aliquam', 'Modi cumque cupiditate praesentium nisi omnis consectetur. Accusamus in eum at et enim in veritatis. Ut odio modi ea velit sit. Quas libero id aut nemo. Cupiditate recusandae est omnis facilis. Eaque error quia non vero dolorem molestiae. Fugit blanditiis eaque voluptatem mollitia optio. Ullam architecto in consequatur facere similique nobis in quia. Consequuntur omnis qui sunt suscipit. Laudantium atque quis nam est aut sequi autem. Ipsam sunt quia voluptatem asperiores iusto vel magnam. Error ab dolores perferendis aut et sequi. Et aut dolorem voluptas. Suscipit consequuntur nihil libero illum aut consequatur. Officiis dolores magni ad quae dolore fugiat.', 'https://pbs.twimg.com/media/EECAyk7W4AAQP9w.jpg', '2022-01-29 01:36:57', '2022-01-29 17:49:59', 382, 'Professionnel'),
(59, 10, 154, 222, 'quaerat laboriosam quam culpa consectetur', 'Illum dolores ipsa beatae impedit iste. Nobis blanditiis in non rerum nesciunt. Et delectus quaerat alias assumenda aut. Minus ex quis dolore qui corrupti est voluptatem. Dolores nisi est veritatis odio aut. Qui fugiat et quis pariatur a est illo. Aut enim quaerat repudiandae dolores. Ipsum dignissimos vero magni enim iusto voluptas. Est adipisci adipisci sint quibusdam. Ipsam odio sed et ad nihil illum. Sed voluptas temporibus ipsa et. Nostrum consequuntur officiis fugiat doloribus ab sit. Error exercitationem nemo ratione aut. Assumenda perspiciatis consectetur eum qui tempora beatae voluptas. Alias cumque quia ullam. Sed quia beatae accusantium eos veniam blanditiis consequuntur voluptatibus.', 'https://pbs.twimg.com/media/EECAyk7W4AAQP9w.jpg', '2022-07-10 15:15:37', '2022-07-11 13:08:53', 310, 'Débutant'),
(60, 10, NULL, 162, 'facilis quam ullam sint amet odit ea', 'Aliquid et accusantium laudantium. Dolore omnis quibusdam tempora et ad sed. Sequi totam dolores consequatur eum recusandae autem molestiae. Cupiditate aliquam aut hic veritatis eos quod. Officiis in perspiciatis sequi nemo quis. Qui quod quia ut praesentium expedita quis. Ut voluptas et eaque sint repudiandae saepe. Omnis ratione sed itaque temporibus suscipit et. Tempore harum eos placeat fugit ullam sed quia deserunt. Et repellendus officia blanditiis doloribus. Aliquam omnis eos rem laboriosam. Corrupti quo cupiditate voluptatem totam beatae id ipsam. Ut qui laudantium rerum quos. Amet eius rerum veritatis ducimus inventore est. Voluptatem non nesciunt sit dolore amet quia.', 'https://i.ytimg.com/vi/TFZacjKUlic/maxresdefault.jpg', '2022-05-27 08:53:37', '2022-05-29 11:35:07', 35, 'Tous niveaux'),
(61, 12, 170, 158, 'nihil est animi iure incidunt', 'Molestias eum maiores velit ipsa natus laborum veniam. Et molestiae minima minima. Rerum ut cum est quis quo omnis. Debitis perferendis quo illo aliquam et ullam incidunt. Quos vitae veritatis pariatur consequatur harum laboriosam. Sed nam tempore voluptatem rerum error eligendi assumenda. Quis quod qui in ipsa commodi pariatur. Et est et repellendus iste. Optio et quam molestiae occaecati illo voluptatem et. Fugit sit quam earum dolorem sed sit beatae qui. Rerum deserunt perferendis culpa quisquam rerum accusamus nobis. Debitis et modi voluptas impedit ipsum eius quia. Unde assumenda sunt quas eveniet. Quidem corporis ea sint soluta atque. Amet autem amet ut in quos porro corporis autem. Culpa consequuntur veniam rerum ut. Qui mollitia facilis neque illo nostrum beatae.', 'https://images.ctfassets.net/s5n2t79q9icq/114xMnrR6RiLD15UxL8LYZ/ca73ec9fe59f654a150b543e05979181/Meta-Homepage.jpg', '2022-01-11 14:30:15', '2022-01-13 11:31:57', 256, 'Intermédiaire'),
(62, 13, 188, 319, 'aperiam autem aliquid in quasi reprehenderit sed repellat temporibus', 'Nam explicabo adipisci sequi voluptatem ea vero sint. Dignissimos est est et. Autem voluptatum non animi sit ratione quis. Consectetur et exercitationem et quisquam sapiente omnis esse aliquam. Perferendis eaque corporis necessitatibus a voluptates veritatis. Rem similique similique accusamus numquam ut ut expedita. Nemo itaque sunt dolorem consequatur impedit. In beatae eos tempora ullam. Voluptas et recusandae accusamus laborum voluptatem rem aut. Quia praesentium illum aliquid sit voluptatum laboriosam excepturi. Assumenda dicta provident vel laborum laborum fugiat est. Et placeat eum sit quas laboriosam provident. Ullam ipsa voluptates maxime excepturi nisi debitis.', 'https://cdn.arstechnica.net/wp-content/uploads/2021/07/legend-of-zelda-nes-gold-800x450.jpg', '2022-03-13 01:54:06', '2022-03-14 11:14:58', 478, 'Professionnel'),
(63, 11, 188, 194, 'maxime est natus deleniti ab accusamus', 'Aut quis non eveniet qui. In numquam molestiae est possimus tempore. Quia inventore repellat alias eos officiis rerum. Placeat nobis voluptates rerum nam. Iure et nihil consequatur consequatur corrupti autem soluta. Facilis commodi dolore sed dolorum. Labore ut id perspiciatis quia accusantium maiores. Praesentium et omnis qui et id. Eum dolores modi placeat deserunt corrupti est voluptate totam. Harum sunt ut at harum ut eos. Qui et expedita laborum quia aut. Voluptas rem modi unde. Dignissimos sit sunt aspernatur velit aut autem corrupti esse. Expedita minima nulla rerum libero voluptas porro odio. Reiciendis recusandae libero quo ad reprehenderit quibusdam. Labore suscipit suscipit adipisci voluptas ut omnis.', 'https://www.rom-game.fr/multimedia/agenda/211005_videgreniergeekpampuyre2022.jpg', '2022-05-12 21:01:32', '2022-05-13 08:40:39', 115, 'Débutant'),
(64, 13, 190, 121, 'officiis itaque quos facere reiciendis', 'Unde adipisci ipsum sit eligendi nihil. Praesentium cum nemo ipsa ut commodi. Nostrum expedita sed rerum in nihil voluptatem. Officia est culpa ratione esse fugiat. Est odit accusantium et sapiente provident non. Officiis doloremque ut nam molestiae ut molestias ea. Tenetur rerum quae et facilis. Dolorem dicta quia magni tempore reprehenderit. Ut ratione explicabo ut quos provident est. Sed reprehenderit reiciendis perspiciatis molestias sit. Rerum eligendi ut qui dolor. Quos enim consequatur maxime culpa recusandae iste quia. Sed et veritatis quia odit quam. Quos est impedit hic est sit esse et autem. Laboriosam quia incidunt rerum cumque nesciunt sequi occaecati. Incidunt deleniti non at dignissimos beatae et aut qui. Alias assumenda nobis tempora officia eum.', 'https://pbs.twimg.com/media/EECAyk7W4AAQP9w.jpg', '2022-05-11 00:46:52', '2022-05-12 12:12:47', 364, 'Professionnel'),
(65, 11, NULL, 212, 'deleniti dolores cum atque officiis quis', 'Ut ducimus saepe sit non eligendi magnam laboriosam. Qui eos vitae tempora voluptatem non tempora aut. Excepturi doloribus voluptas aut perferendis nobis fugiat. Error voluptatem minus laboriosam velit assumenda deleniti. Nesciunt omnis excepturi quod sed optio architecto qui. Perspiciatis possimus eum soluta repellendus autem. Beatae explicabo et odit sint. Veniam qui cumque qui minima sit vel illo. Aut et magnam quia nihil. Sapiente fugit distinctio aut cumque vel omnis. Ut quas in voluptates pariatur voluptatem ad nostrum. Hic id fuga cumque cum est beatae. Fugit qui molestiae iure vel blanditiis. Fugit consequuntur excepturi et incidunt. Facilis ab consequuntur ut maxime quo. Voluptas delectus qui sit amet a et.', 'https://www.miraigamers.com/wp-content/uploads/2021/07/Yu-Gi-Oh-Master-Duel-arrive-sur-tous-les-supports-pret-pour-le-Duel.jpg', '2022-01-27 06:26:16', '2022-01-29 12:52:37', 105, 'Débutant'),
(66, 12, 136, 46, 'voluptatem quo suscipit officia unde numquam iure error', 'Sint est libero aliquid. Illum harum veritatis consequuntur doloribus asperiores laborum. Sit quidem quasi dolores id voluptate corporis molestiae. Dignissimos fuga quos omnis omnis quo. Veritatis quia impedit nihil et dolorem vel laborum. Nobis eligendi et praesentium atque deleniti magnam debitis. Laudantium nihil sit ut accusamus accusamus quidem totam. Quibusdam laborum ut sit velit exercitationem consequatur. Ea inventore ducimus incidunt voluptatem ut. Aliquid blanditiis quidem provident accusantium doloribus. Sequi aliquid alias qui earum amet nostrum non. Aut dicta libero temporibus. Nihil et temporibus aliquid occaecati quam non eum quibusdam. Eveniet quia ut deleniti ea optio. Placeat aut consequatur aspernatur beatae. Non tenetur perspiciatis numquam molestias cum omnis aut.', 'https://www.manga-news.com/public/images/events/geek-unchained-4.jpg', '2022-04-22 04:48:52', '2022-04-23 03:45:14', 271, 'Débutant'),
(67, 11, 175, 390, 'aut veritatis magni natus', 'Qui iure neque eveniet accusantium itaque. Repellat earum quis nesciunt magnam aut. Voluptate eum sed magnam minima officia et. Reprehenderit accusamus dicta officiis culpa voluptates quis deleniti. Voluptate ipsa laborum voluptates in. Vero enim eos harum magni harum. Aspernatur sint enim ut et ut quia vel. Dolor expedita aut et quas animi sit. Amet nihil eum enim unde dicta deleniti animi omnis. Assumenda autem quidem harum aspernatur distinctio. Delectus omnis id ut qui suscipit rerum. Molestias suscipit commodi cumque ab. Aut expedita ad et aspernatur quis veniam. Omnis voluptas reprehenderit et atque. Optio ad est dolores sunt laborum. Consequatur numquam beatae explicabo alias. Sit sequi nisi dolores vel ad voluptas eius. Rerum consectetur consequatur autem exercitationem.', 'https://previews.123rf.com/images/microone/microone2006/microone200600047/148520518-board-game-evening-friends-meeting-happy-players-characters-isolated-teenagers-or-adults-playing-car.jpg', '2022-05-12 07:08:08', '2022-05-12 21:09:04', 384, 'Confirmé'),
(68, 10, 112, 454, 'consequuntur voluptatibus ipsa rerum nihil est libero eligendi facilis voluptatem', 'Dolorem hic iste dolore sit et. Aut dolores vero velit quia. Fugit quis autem similique cum. Quis et pariatur vero accusantium. Itaque id numquam aperiam qui enim non. Quasi officiis debitis ab exercitationem. Laborum sapiente sint qui et. Consequatur iure qui magni tempora. Illo ducimus ipsam sit delectus. Et et praesentium aut et cumque harum est. Ipsum voluptatem neque error laudantium tenetur sed. Nihil voluptas rerum minus. Sint eos quo corporis ut autem minus dolorem. Corporis cumque ea ullam amet totam error omnis. Iusto ipsum hic dolores omnis sint et. Excepturi doloribus quam aut quam qui atque. Quisquam dolores aut dolor. Qui illum est eos dicta aut et dolorem. Qui eveniet illo in. Qui sapiente accusantium dolor voluptas laboriosam.', 'https://www.realite-virtuelle.com/wp-content/uploads/2020/11/pokemon-go-milliard-revenus.jpg', '2022-02-21 21:26:13', '2022-02-23 09:20:59', 279, 'Occasionnel'),
(69, 13, 199, 277, 'illo sed minima quo ab rerum quasi', 'Qui et saepe repellendus et impedit quidem. Velit cupiditate sunt velit nam porro repudiandae voluptatem. Ab dignissimos nam quia facere. Fuga eligendi eum sit quam consequuntur. Tempora nulla minus accusantium suscipit. Dolorem numquam mollitia nesciunt inventore aut eos cumque et. Aliquid animi exercitationem tempora qui quaerat ut. Omnis voluptatem omnis ut. Recusandae omnis facere non adipisci. Sed quidem vel omnis aperiam beatae facere dolor ab. Blanditiis autem repudiandae et voluptatem quis impedit nostrum voluptate. Doloribus commodi temporibus consequatur. Recusandae et aut maxime eveniet aliquid eum qui quia. Maxime impedit omnis tempora sunt officiis. Velit et consequatur vel earum.', 'https://previews.123rf.com/images/microone/microone2006/microone200600047/148520518-board-game-evening-friends-meeting-happy-players-characters-isolated-teenagers-or-adults-playing-car.jpg', '2022-06-16 10:44:34', '2022-06-17 20:35:47', 421, 'Tous niveaux'),
(70, 11, NULL, 249, 'esse praesentium minima sit atque in quo', 'Enim adipisci consequuntur eum consequatur. Iure quo nihil incidunt et et at odio. Et aut sint cum sit quia autem. Consequatur quod modi voluptas quae explicabo voluptatum. Labore nobis rerum sit et delectus similique fuga. Quod ratione odit ut fugit sunt voluptatum. Autem ullam laborum sit in qui enim odio. Dolorum modi esse rerum qui ab quia. Velit nam sit odit distinctio alias. Ut ut consequatur optio aut numquam aut sunt. Sit eius ducimus neque saepe sint. Et labore ducimus reprehenderit cum aliquam minus et et. Voluptatem quis nemo nobis. Eveniet nihil exercitationem repudiandae quo et. Dolorum molestias voluptate eum molestias. Consequuntur et dolores eveniet consequuntur sint fugit.', 'https://cdn.akamai.steamstatic.com/steam/apps/851590/capsule_616x353.jpg?t=1631538454', '2022-04-08 21:26:09', '2022-04-11 15:11:06', 64, 'Débutant'),
(71, 11, 119, 257, 'suscipit cupiditate dolore natus ut voluptas harum voluptatem molestiae', 'Deserunt eos distinctio rerum et temporibus. Vel sit dignissimos rem. Doloremque similique ipsa dignissimos et error aperiam voluptas. Ducimus autem vel totam ab tempora qui molestiae. Consequatur illo illum dolorum dolorum. Mollitia eum impedit ut quasi. Expedita ea hic rerum aut quibusdam fugit laudantium perspiciatis. Et quis occaecati sit assumenda. Ut aut ut omnis. Et est rerum reiciendis omnis. Minima dolores beatae at iusto est. Accusantium alias accusamus iure sunt quos. Similique quo atque occaecati qui. Eum perferendis quis esse. Cumque error dolorem dolorem dolores tenetur.', 'https://i0.wp.com/www.nintendo-town.fr/wp-content/uploads/2019/04/H2x1_NSwitch_MortalKombat11_image1600w.jpg?fit=1600%2C800&ssl=1', '2022-07-07 07:35:33', '2022-07-09 07:13:35', 181, 'Confirmé'),
(72, 12, 190, 296, 'corporis enim in aliquid eum fugiat vitae quos', 'Dolorem expedita provident laudantium. Totam laboriosam ut est. In alias dolorem cum quidem repellendus dolor facere. Numquam deleniti qui accusantium hic error distinctio natus dolore. Sed porro facilis vel et corrupti modi distinctio enim. Neque consequuntur nulla eius alias. Qui ad soluta et aut. Voluptas sint laboriosam a consequatur. At quia ea sapiente. Veniam quae unde quo sequi. Quo optio iure quis odio laboriosam qui dolores. Occaecati est impedit quasi magni illo sint voluptatem iste. Reprehenderit et perspiciatis aut neque. Expedita assumenda repellat repellat quia itaque. Optio consequatur quia repellat autem omnis. Inventore ad suscipit tempora.', 'https://www.manga-news.com/public/images/events/geek-unchained-4.jpg', '2022-03-29 03:11:20', '2022-03-30 08:33:31', 376, 'Professionnel'),
(73, 13, 152, 80, 'dolor harum ut et', 'Dolorum molestiae reiciendis laudantium repellat officiis ipsam cumque. Id sequi ex beatae. Soluta cumque commodi fuga consequuntur mollitia. Commodi dignissimos minima aut expedita ipsam voluptatem. Aliquam suscipit nostrum enim quisquam minus neque dicta. Blanditiis ea occaecati magni vel esse quo. Molestiae quaerat dignissimos aut et culpa quaerat explicabo. Natus ea sunt et tempora et. Rerum ut fuga temporibus mollitia. Deleniti ut sapiente in eveniet facilis totam. Non velit assumenda iusto molestiae nihil eaque deserunt repellat. Aspernatur voluptatem in molestiae quisquam at. Commodi voluptas numquam dolorem aspernatur. Omnis harum dolores dolores. Facilis ipsa recusandae eum dolorum et voluptatem. Deserunt nobis voluptatibus fuga. Aliquid saepe deserunt debitis odit.', 'https://www.miraigamers.com/wp-content/uploads/2021/07/Yu-Gi-Oh-Master-Duel-arrive-sur-tous-les-supports-pret-pour-le-Duel.jpg', '2022-03-22 06:48:47', '2022-03-24 07:21:40', 103, 'Tous niveaux'),
(74, 13, 198, 302, 'blanditiis suscipit suscipit sed omnis consequatur', 'Quasi quia in soluta nihil nihil iusto harum. Esse laudantium ducimus velit exercitationem. Cum consequuntur molestias sint. Nihil consequatur voluptatem doloribus cum est. Harum consequatur et quam recusandae. Adipisci error magnam velit nihil laborum architecto et. Omnis sunt ipsum rerum consequuntur. Iure eum vero eius explicabo dolor rem. Et dicta saepe temporibus officia. Et beatae ut qui dolor magnam aliquam qui voluptas. Quis voluptatem explicabo aspernatur enim odio ipsa. Ab corporis non voluptatem quos hic quo et minus. Dolorem ratione quo distinctio eaque molestias. Est rerum nam ipsum corrupti. Quia amet corrupti consectetur expedita. Dolorem aut et voluptatem et. Saepe itaque atque voluptatem similique non voluptas consequatur. Et quidem enim alias est et fuga veniam.', 'https://pbs.twimg.com/media/EECAyk7W4AAQP9w.jpg', '2022-03-06 01:11:40', '2022-03-07 05:12:39', 336, 'Intermédiaire'),
(75, 13, NULL, 106, 'odio aut vero beatae minima', 'Nostrum repellat suscipit reprehenderit placeat error. Eum eos qui vero. Aut ut ut rerum impedit voluptas laboriosam eveniet. Culpa cum omnis accusamus temporibus laboriosam aut itaque. Dolor quibusdam aut quia veniam commodi voluptatem exercitationem. Mollitia nihil omnis neque ab voluptatem sequi et vitae. Eligendi voluptatibus voluptatem magnam veritatis. Quia eius repellendus neque qui officia ipsam iste aut. Incidunt saepe magnam quae sequi et. Et aut natus exercitationem veniam sapiente expedita repellendus et. Omnis quia ducimus quae possimus iure et totam architecto. Quia quasi accusantium et velit et. Blanditiis iure temporibus pariatur consequatur eaque itaque expedita. Ad aspernatur ipsa qui quod neque sint voluptas. Iste sint eligendi placeat.', 'https://www.manga-news.com/public/images/events/geek-unchained-4.jpg', '2022-06-12 21:12:58', '2022-06-14 12:48:39', 358, 'Confirmé'),
(76, 14, 170, 228, 'ut consequuntur aliquid necessitatibus perferendis quis aspernatur molestiae tempora', 'In et hic et sequi. Aut totam ducimus aperiam voluptatum asperiores iste. Adipisci voluptates atque sed fuga est. Sunt repellat ad soluta aut. Omnis dolores rerum mollitia corrupti molestias exercitationem. Error autem quisquam corporis. Consequatur omnis enim ex est. Officiis et nihil recusandae incidunt sed ut. Et distinctio perspiciatis mollitia quibusdam qui. Ea ipsum itaque nostrum placeat aut ut. Ad qui nesciunt est molestiae ad quibusdam. Dolor quam atque optio voluptatem. Sequi quaerat explicabo id. Molestiae voluptates quos sunt ut. Et quasi aut sapiente nesciunt. Est nihil qui libero ab. Ducimus cumque nostrum et saepe ab perspiciatis. Veniam autem qui voluptatibus vitae. Nam sed ut voluptas optio.', 'https://www.presse-citron.net/app/uploads/2021/05/koch-media-e3-conference.jpeg', '2022-06-06 08:00:40', '2022-06-06 14:31:16', 251, 'Tous niveaux'),
(77, 12, 156, 423, 'autem est molestiae doloremque sunt harum consequatur ea sapiente', 'Culpa temporibus alias consequatur eum qui. Dolorem dolores est ipsam autem. Aut soluta eum doloremque commodi autem sit dignissimos. Eligendi hic et reprehenderit molestiae placeat sit. Tempore voluptate porro eaque aut deleniti fugit dignissimos. Porro porro quo ab blanditiis illo. Sint et voluptas qui qui. Pariatur debitis quas omnis asperiores inventore ducimus. Voluptates culpa eius voluptas sed reiciendis. Impedit error est qui veritatis. Id ex dolores et omnis fugiat ipsa. Consequatur in repudiandae vitae exercitationem id unde. Nulla nulla deleniti eos qui suscipit. Libero laborum aperiam nemo quam voluptas voluptatem. Ipsam cumque qui eius ut. Eaque natus voluptatibus veniam sint voluptatem. Dicta ea dolorem aut voluptatem. Sit sit quam quo suscipit dolor eos nulla.', 'https://data.1freewallpapers.com/download/dota-2-1280x720.jpg', '2022-02-18 05:00:06', '2022-02-19 07:03:23', 398, 'Confirmé'),
(78, 13, 169, 441, 'temporibus deleniti magnam sint', 'Cum cumque eos illo voluptatem. Dolores facere sint nobis repudiandae doloribus. Omnis voluptas vel et laborum quod nihil minima. Vero similique dolorum error blanditiis. Natus ex non rerum nam. Quibusdam id qui dolor aut. Sit quia quas perspiciatis illum voluptate. Inventore harum quia ipsa fugiat. Ut iure omnis ut perferendis possimus nihil. Eveniet aut dicta voluptatibus perferendis aut nihil nihil. Eum magni quo aliquam quibusdam itaque ut rem. Omnis modi aliquid a sit. Sit est ut accusamus ad distinctio harum neque. Qui nihil atque qui exercitationem voluptatem adipisci non. Amet corrupti hic modi voluptatem officiis est quam. Non nam hic facilis voluptates. Aut reprehenderit consequatur quidem cumque velit omnis cumque voluptatem.', 'https://www.presse-citron.net/app/uploads/2021/06/netflix-geeked-week-summer-game-fest-2021.jpeg', '2022-04-23 21:04:36', '2022-04-24 03:54:53', 482, 'Débutant'),
(79, 9, 155, 285, 'nam amet quos voluptas', 'Esse accusamus itaque iste. Et provident in sed vel vel et quasi. Dolor sequi sed nostrum molestiae quibusdam cupiditate sit. Beatae tenetur nemo sit voluptatem cupiditate eveniet quaerat officia. Sed omnis corrupti illum dolores ipsum qui voluptas. Porro qui quia distinctio ut ipsa. Corrupti esse veritatis atque sint in aliquam. Magni voluptas possimus porro saepe. Ab est vitae voluptatem aut odit et ullam aut. Similique libero est nulla unde repellendus perferendis. Laboriosam labore ab non voluptatem est. Repellat deserunt facere minima sed non. Rerum adipisci voluptas voluptas assumenda ratione rerum. Molestias error harum impedit inventore sunt ad vel. Nihil animi sed qui vero nisi fuga et beatae.', 'https://fr.web.img2.acsta.net/newsv7/20/06/30/12/28/5740456.jpg', '2022-06-13 14:23:14', '2022-06-14 22:43:56', 356, 'Professionnel'),
(80, 14, NULL, 16, 'eius explicabo et non facilis', 'Quae ipsum maxime vel doloribus ut dolores modi voluptatum. Id aut et ducimus qui suscipit animi nostrum. Deserunt aut minima perspiciatis quis. Illo debitis vel rerum aut. Illum quo nesciunt quos fugiat. Qui velit cum cum temporibus delectus similique eum. Maxime omnis consequatur ad. Culpa et et inventore aut animi. Aspernatur omnis aperiam excepturi nihil. Et mollitia nihil ad consectetur et deleniti unde. Eveniet reprehenderit laudantium enim quaerat porro sapiente aut. Sint reprehenderit et modi perspiciatis consequuntur. Deserunt ipsam earum voluptatum nisi in deleniti voluptas est. Consequatur ea ut qui ducimus architecto labore quis. Voluptates error sed deserunt commodi. Nihil sed sapiente vitae reprehenderit sint.', 'https://i0.wp.com/www.nintendo-town.fr/wp-content/uploads/2019/04/H2x1_NSwitch_MortalKombat11_image1600w.jpg?fit=1600%2C800&ssl=1', '2022-01-06 04:15:23', '2022-01-06 14:12:14', 488, 'Confirmé'),
(81, 10, 120, 26, 'est atque similique unde ut in', 'Id voluptas aut aut ex quo omnis accusantium atque. Excepturi nobis perferendis quo eum corrupti molestias aut. Non et asperiores quibusdam voluptates. Occaecati dolores est unde quia. Qui voluptates culpa quia maxime. Quam sapiente consequatur nemo occaecati corrupti dolores aut. Non quo dolorem molestiae ratione. Qui et repellendus voluptate ut autem deleniti. Perspiciatis reiciendis libero molestias sit. Qui aut non sed consequatur expedita esse optio. Necessitatibus nisi minima quis voluptates modi cum. Reprehenderit consequatur molestiae quia itaque vel rem. Et vel inventore nostrum autem quia ea sed. Doloribus unde delectus itaque fuga cum commodi ratione.', 'https://www.presse-citron.net/app/uploads/2020/04/e3-online.jpg', '2022-04-21 18:24:43', '2022-04-24 02:14:58', 190, 'Professionnel'),
(82, 14, 184, 392, 'perferendis praesentium dolorum aut aliquam exercitationem ipsa dolor quod qui', 'Corrupti accusantium error aspernatur. Corrupti eaque et laudantium consequatur repellat omnis. Expedita molestiae in sit vel porro assumenda porro. Aut est quod quos totam voluptas non. Ipsa ratione explicabo nihil ut ipsum eum voluptatem non. Quis minus sed harum beatae. Voluptatum dolore sequi iure error. Et voluptate nihil harum accusantium ex earum. Voluptatem ut et quidem aut sed possimus. Debitis ad consectetur eum ratione velit commodi. Repellat nam sunt ex. Sit enim tenetur tempore enim vel quas tempora. Ratione sed sit qui quia neque inventore voluptatem. Blanditiis vel rerum similique non debitis. Et eos et animi voluptatem. Amet iure dolor ut magni voluptate et. Temporibus sed deserunt enim et. Aut quam ut et.', 'https://i0.wp.com/www.nintendo-town.fr/wp-content/uploads/2019/04/H2x1_NSwitch_MortalKombat11_image1600w.jpg?fit=1600%2C800&ssl=1', '2022-03-23 14:36:52', '2022-03-24 04:21:00', 64, 'Confirmé'),
(83, 10, 175, 228, 'saepe nostrum sunt deserunt cum distinctio', 'Quisquam corporis amet repellat corporis praesentium optio. Et et dolorum fugit in. Beatae asperiores harum consequuntur velit labore quisquam est voluptatibus. Facere delectus reiciendis sunt laudantium autem occaecati. Perspiciatis provident placeat est. Non dolorem optio dolore. Consequatur veniam omnis voluptates officia rem corrupti. Qui quia optio et velit ut. Amet placeat aut id recusandae. Qui impedit sit maxime omnis nulla qui. Quasi mollitia facilis accusamus expedita. Molestias id non nam voluptatibus repudiandae temporibus enim. Rerum delectus aspernatur labore vel. Cupiditate vel perspiciatis ut sequi. Expedita esse nobis sed quo. Accusamus laboriosam minus mollitia repudiandae consequatur earum. Quisquam quas eum dolorum sed molestiae tempora corrupti.', 'https://www.rom-game.fr/multimedia/agenda/211005_videgreniergeekpampuyre2022.jpg', '2022-02-16 23:02:10', '2022-02-17 04:49:02', 477, 'Intermédiaire'),
(84, 13, 114, 58, 'magni qui at', 'Ut atque ducimus facilis culpa molestiae dicta. Adipisci dolorem voluptatem et. Dignissimos in non ut possimus. Porro repellat quod reprehenderit quis adipisci voluptas. Harum repudiandae fugit recusandae. Dicta et voluptas voluptate inventore. Pariatur laboriosam omnis officia laudantium blanditiis eius. Ut id unde dolore commodi nisi molestias eum enim. Necessitatibus accusamus ipsam ut ducimus at. Id officia vel quod dolorem. Voluptates neque in placeat repudiandae qui fugit. Nulla beatae quisquam temporibus nisi voluptates sequi blanditiis. Sint magnam dolorem possimus in incidunt et. Non enim ab et illum. Aut sequi minima aperiam dolorem. Cupiditate in ea porro dolor non. Sint sunt qui ut autem deserunt.', 'https://www.miraigamers.com/wp-content/uploads/2021/07/Yu-Gi-Oh-Master-Duel-arrive-sur-tous-les-supports-pret-pour-le-Duel.jpg', '2022-04-28 16:48:57', '2022-04-30 04:59:31', 375, 'Confirmé'),
(85, 11, NULL, 68, 'voluptates nihil porro nam optio recusandae', 'Magni consequatur est alias ad nihil dolor voluptate. Voluptatem rerum non voluptatem. Et officia est unde qui voluptatem quod. Omnis sed id rerum necessitatibus quod quia. Tempore cumque autem voluptatem id quaerat sint est. Quia libero et recusandae eius velit. Rerum repellendus ut quisquam ducimus qui inventore animi. Vitae necessitatibus nostrum velit iusto sequi corporis eos. Et officiis minima sunt voluptas est illo perspiciatis. Aliquam possimus nobis excepturi et est. Et quia assumenda quaerat explicabo eos autem quod consectetur. Laborum ipsam praesentium aspernatur nulla. Soluta iste iure voluptatem neque sed saepe nam. Nisi et dicta sapiente animi vitae.', 'https://data.1freewallpapers.com/download/dota-2-1280x720.jpg', '2022-01-17 22:58:38', '2022-01-20 19:51:57', 255, 'Professionnel'),
(86, 10, 161, 22, 'ea in et laboriosam', 'Et in consequuntur quis ut. Eligendi id maxime sapiente necessitatibus qui ex ad. Est enim enim repudiandae iste et eum est. Earum non dolor facere cum nam qui ex. Blanditiis officiis qui ut molestiae facilis. Consequatur iste quia in officia omnis unde modi. Est laboriosam est ea blanditiis ut debitis. Temporibus rerum vitae omnis nihil dolor. Quibusdam voluptas ut atque ea quaerat et. Quae maxime enim amet doloribus cum nam accusamus. Quia fugiat reiciendis id consequatur dignissimos et. Non consequatur eveniet veritatis in quas. Soluta repellendus laborum et ea. Sit quia eius voluptatem et asperiores. Sunt natus quia sit hic id eveniet. Quasi voluptas voluptatem quae pariatur nostrum vitae.', 'https://i.ytimg.com/vi/TFZacjKUlic/maxresdefault.jpg', '2022-06-09 12:00:48', '2022-06-11 01:22:56', 450, 'Occasionnel'),
(87, 11, 136, 350, 'rerum fugiat atque autem necessitatibus ut quam id et', 'Vitae qui occaecati fugiat sit nostrum deleniti. Non rerum reiciendis et modi. Nulla impedit ea sed beatae aut provident. Et adipisci quibusdam quis odit vitae consequuntur. Asperiores nobis beatae perspiciatis ullam iure. Alias accusantium excepturi expedita fugiat necessitatibus voluptas. Dolorem provident qui quam. Maxime qui eveniet nisi libero. Consequatur qui tenetur illum voluptas quia distinctio. Rerum quod a est iure iste nostrum. Maiores distinctio rem corrupti rerum. Nulla voluptatem est iusto consequatur debitis eveniet quo. Mollitia distinctio voluptatem sit itaque. Est esse consequatur ut est harum corrupti omnis. Iure eum quod quis vel. Minus reiciendis accusamus expedita voluptatem excepturi esse.', 'https://previews.123rf.com/images/microone/microone2006/microone200600047/148520518-board-game-evening-friends-meeting-happy-players-characters-isolated-teenagers-or-adults-playing-car.jpg', '2022-07-03 00:50:49', '2022-07-05 12:59:31', 299, 'Débutant'),
(88, 13, 192, 234, 'molestiae architecto aliquam facilis repudiandae in aut tenetur ut possimus', 'Magnam aliquid quasi ab eius recusandae. Quo rem eveniet similique molestias et qui. Enim fugiat soluta ipsam autem ipsam vero. Autem aut excepturi et suscipit sunt eaque. Voluptas quidem corrupti ad perspiciatis. Culpa quis voluptate quo animi autem nemo. Et tenetur voluptas quidem est. Minus alias inventore et dolore voluptatibus. Ut ea explicabo sit aliquid quis molestiae. Doloribus facilis debitis sunt a voluptas nisi. Minus quae suscipit velit iste molestiae consequatur cum. Asperiores sit possimus aut ipsam esse aliquid. Eligendi eos ad incidunt et. Quia magnam earum deserunt blanditiis ullam.', 'https://pbs.twimg.com/media/EECAyk7W4AAQP9w.jpg', '2022-04-10 17:36:25', '2022-04-11 11:14:04', 408, 'Intermédiaire'),
(89, 14, 122, 331, 'molestias aliquid voluptate et delectus', 'Hic molestias quia mollitia repellendus sequi illo officia eos. Consequuntur repudiandae saepe blanditiis nobis. Quo aut aliquid eum ipsum tempora nihil et. Repellendus velit et voluptatibus consequatur suscipit dignissimos est velit. Ipsam saepe ut iusto omnis ex et architecto. Architecto possimus aut est natus labore deserunt. Provident quod eius libero harum occaecati deleniti. Repudiandae rerum voluptatem nesciunt voluptatibus. Quia voluptas aut iste molestiae aut dolore. Est quia accusamus et ut maiores. Et velit necessitatibus veritatis. At optio officiis provident. Qui culpa quo vero consequatur provident.', 'https://happydays365.org/wp-content/uploads/2020/05/Geek-Pride-Day-1080x630.jpg', '2022-05-15 11:04:31', '2022-05-17 18:23:28', 192, 'Occasionnel'),
(90, 13, NULL, 232, 'sunt est qui quidem nesciunt', 'Ut dolores qui tempore eos commodi autem. Hic hic et nobis laborum maiores deleniti beatae. Quo mollitia blanditiis quis et sunt. Itaque ratione consequatur ut doloribus voluptatem similique. Repellendus facilis est dolore ullam est exercitationem. Temporibus et corrupti ea mollitia error illum quod. Delectus velit sunt qui adipisci voluptatibus incidunt a. Iusto animi sequi praesentium molestiae nostrum quisquam. Error tempora quis voluptatibus corporis. Laborum nobis illo itaque corrupti sit laboriosam minus vitae. Est placeat labore consectetur. Iure voluptatem quae voluptatem ipsum accusamus recusandae facilis. Veritatis assumenda neque reprehenderit doloremque nesciunt placeat. Rerum ea dolores exercitationem qui accusantium cupiditate. Possimus dolor amet eius modi non magnam.', 'https://www.presse-citron.net/app/uploads/2021/05/koch-media-e3-conference.jpeg', '2022-05-17 06:12:55', '2022-05-17 20:30:08', 22, 'Occasionnel'),
(91, 14, 191, 217, 'recusandae laborum quidem', 'Ea tempore voluptatem eius blanditiis. Cum illo fuga ab et est rerum. Quo eaque labore aperiam et nihil temporibus. Aut fuga expedita ipsam tenetur ullam. Quidem vel velit amet amet et fugiat. Minus commodi magni fugit neque facilis non harum. Occaecati fuga excepturi molestias molestiae voluptatum. Ea quibusdam qui accusantium veniam tempora voluptas modi. Eaque quaerat expedita voluptas aliquid. Laboriosam et qui et officia vero beatae. Alias magnam dignissimos animi odio. Officia vero iusto ad tempore et. Ea quas voluptas rerum sunt vel. Recusandae id voluptatibus suscipit accusamus illo est. Et et dignissimos distinctio explicabo explicabo omnis. Fuga voluptatibus praesentium consequatur. Et deserunt totam ut sed. Culpa nostrum sequi et quaerat officia eaque necessitatibus.', 'https://img.redbull.com/images/c_limit,w_1500,h_1000,f_auto,q_auto/redbullcom/2019/11/08/fc0f91de-3998-4be5-b50e-96d8d9e0cd45/lol-10-ans-league-of-legends', '2022-06-18 10:41:16', '2022-06-19 05:18:30', 82, 'Confirmé'),
(92, 13, 156, 197, 'ducimus distinctio quisquam repellat amet molestias velit', 'Nostrum id quis dolorem placeat sunt aut soluta. Adipisci blanditiis voluptas a explicabo repellat aut itaque id. Necessitatibus dolorem aut voluptas consequatur omnis. Perferendis provident voluptate sint ea aut. Rem deleniti quas in earum. Optio dolor enim magni et et. Voluptatem est a aut labore maxime voluptatibus. Saepe quae eaque et consectetur voluptatem. Magnam dolor suscipit minima ratione exercitationem molestias. Aut tempora voluptas sit ut ipsam suscipit distinctio. Asperiores dolore molestiae eius enim ad possimus exercitationem. Provident commodi voluptate voluptates est et aut. Odio esse eos ut voluptas est pariatur qui. Necessitatibus voluptatem consequatur dolore perferendis nostrum est.', 'https://img.redbull.com/images/c_limit,w_1500,h_1000,f_auto,q_auto/redbullcom/2019/11/08/fc0f91de-3998-4be5-b50e-96d8d9e0cd45/lol-10-ans-league-of-legends', '2022-01-27 00:36:10', '2022-01-27 11:39:02', 22, 'Professionnel'),
(93, 9, 108, 353, 'accusantium praesentium sit praesentium quis accusamus', 'Expedita repudiandae incidunt beatae et hic amet. Distinctio ut eos magni nihil autem ut ut. Pariatur occaecati iste libero facilis. Sit quaerat tempora animi asperiores. Consequatur at aperiam voluptas non voluptatem qui. Minima assumenda et ea accusamus labore quia dolorum. Id iusto delectus odio deleniti. Ab enim eius voluptates reiciendis quibusdam fugiat sint. Laborum labore quos rerum accusamus quod. Totam error aperiam consequatur error. Non eius quasi et vero enim deserunt. Corporis saepe sit maxime reprehenderit. Animi occaecati at architecto corporis ut sapiente. Odio sint sed molestias ut aut nostrum. Nobis veritatis magnam non perspiciatis est. Cumque id assumenda voluptatem impedit. Aut omnis architecto nesciunt. Non quis sit quae natus. Culpa et dicta enim ratione est.', 'https://www.presse-citron.net/app/uploads/2020/04/e3-online.jpg', '2022-03-10 23:30:52', '2022-03-13 18:12:53', 310, 'Débutant'),
(94, 13, 108, 152, 'id ipsam necessitatibus voluptatibus natus non ab expedita ut perspiciatis', 'Quam debitis sed omnis veniam provident. Fugit nobis dolorum laudantium culpa exercitationem. Dolores nulla inventore eaque quo iste totam eligendi. Excepturi et alias aliquid nostrum. Omnis quis quaerat at earum. Omnis fugiat enim aut eligendi culpa hic. Aspernatur nulla nobis corporis optio itaque ea similique. A dolor quas sapiente voluptas aut dolor expedita. Officia ut et sit excepturi placeat perferendis. Aut fuga velit rerum vero alias quaerat. Quis molestiae veniam quo veniam et nihil. Sunt ea sed qui quidem delectus enim dolore. Ut voluptas omnis at officia sint quia exercitationem. Non corporis ut omnis hic odit omnis. Sit at temporibus repudiandae delectus consequatur.', 'https://happydays365.org/wp-content/uploads/2020/05/Geek-Pride-Day-1080x630.jpg', '2022-06-26 22:21:33', '2022-06-27 20:34:31', 427, 'Tous niveaux'),
(95, 9, NULL, 370, 'quibusdam quae est eaque animi', 'Et est vero voluptate vel est et sapiente. Quisquam non temporibus et sit est deserunt excepturi. Eligendi vel omnis amet dolorum. Voluptates aliquam et aut aliquam. Corporis est voluptatem esse omnis a sunt. Necessitatibus voluptas accusantium inventore pariatur culpa suscipit autem. Repellat dicta consequatur odio nisi illum asperiores. Doloribus et assumenda optio aliquid dolorem magnam. Minus sit esse ut harum. Nemo sed distinctio fuga placeat molestiae adipisci et. Recusandae ut aut quos nisi. Consequatur similique est sint eum. Est quos error doloremque cum qui et. Earum totam vel molestias qui. Consectetur nisi ex error numquam possimus unde consectetur.', 'https://cdn.akamai.steamstatic.com/steam/apps/851590/capsule_616x353.jpg?t=1631538454', '2022-03-26 11:12:16', '2022-03-28 23:23:58', 166, 'Intermédiaire'),
(96, 13, 112, 413, 'sit excepturi repellendus fuga dolore aut suscipit sint eos omnis', 'Nisi expedita eveniet deleniti quas. Nam qui ut enim expedita aspernatur. Nostrum omnis nulla voluptatem et at modi autem. Velit nostrum consequatur maxime. Veritatis a quisquam odit molestias. Alias libero ea enim ratione. Soluta eos eos nam possimus aliquam. Exercitationem vel harum nulla. Iusto deleniti odit iusto nihil ut. Eos consequatur alias vero nihil assumenda vero. Quas quo dignissimos eveniet laborum et. Sint similique quo dolorum consequatur. Harum velit quo facilis mollitia ad et voluptatem natus. Qui sequi autem similique modi voluptates. Quia ut ab in sit numquam sint in. Architecto tenetur omnis voluptas quisquam est. Harum qui dolor nihil. Voluptatem rerum sequi doloribus incidunt voluptatem recusandae non.', 'https://happydays365.org/wp-content/uploads/2020/05/Geek-Pride-Day-1080x630.jpg', '2022-06-28 08:00:08', '2022-06-30 05:13:36', 257, 'Professionnel'),
(97, 10, 198, 252, 'nihil quae perspiciatis ex est ut enim laudantium quidem', 'Sapiente in sed natus asperiores tenetur a in rem. Modi dolorum a consequatur voluptatem voluptatibus. Nobis numquam et ipsa quasi qui expedita. Voluptatum illum laboriosam ipsa eos. Suscipit quisquam illum cumque illum voluptate et. Eius et eaque numquam. Voluptas excepturi odio dicta velit. Accusamus quam possimus dolor atque ullam consectetur voluptate. Corporis blanditiis officia sit labore et similique ut voluptates. Vel aut provident voluptas. Eius molestiae sint a quia recusandae maiores perferendis. Consectetur accusantium cum aspernatur est provident enim vitae quia. Alias adipisci illo et. Dolor quis id architecto incidunt temporibus sed aut. Sint ut expedita incidunt perferendis facilis velit.', 'https://www.rostercon.com/wp-content/uploads/2021/09/dcfandome-2021.jpg', '2022-04-02 03:34:42', '2022-04-02 14:47:13', 451, 'Intermédiaire'),
(98, 9, 123, 184, 'vel inventore vel', 'Quam ut temporibus hic adipisci. Cupiditate laboriosam officia eius. Voluptatibus pariatur et nemo deserunt inventore blanditiis. Odit sunt sed quaerat autem. Velit veniam enim nobis officia praesentium qui qui. Repellendus adipisci voluptates rem quibusdam ut. Sapiente repudiandae asperiores explicabo ipsum eos. Aliquam voluptatibus placeat velit voluptates quisquam illo quo. Reiciendis quaerat officia tempore nobis. Dolorem quas molestiae doloribus eius non numquam. Quia omnis sint dolore fugit. Et tenetur enim veritatis consequuntur dicta praesentium in. Consequatur explicabo iure aliquam deleniti quos qui vitae. Et magni aliquid est est corrupti modi. Facilis ut tempore praesentium qui quaerat.', 'https://cdn.akamai.steamstatic.com/steam/apps/851590/capsule_616x353.jpg?t=1631538454', '2022-04-08 21:17:54', '2022-04-10 15:38:46', 363, 'Intermédiaire'),
(99, 11, 183, 50, 'sint ea expedita expedita ut molestiae', 'Quibusdam sit quae eligendi sit ex occaecati. Quas sunt repellat aut doloribus dolore. Molestiae ut et est et qui. Quo et repellat aliquam impedit ut iure impedit. Maiores enim earum mollitia molestiae expedita. Mollitia exercitationem temporibus odit delectus repellendus expedita nihil illum. Possimus eos quisquam optio. Laboriosam aut enim omnis. Explicabo error cupiditate minima libero aut inventore aperiam. Autem et aut explicabo sapiente. Inventore laborum error voluptas sequi officia. Odit ut aspernatur at corporis error nihil aut. Aspernatur dolore molestias dolorem rerum. Perspiciatis perspiciatis at porro iste nemo animi. Rerum et ea harum incidunt.', 'https://previews.123rf.com/images/microone/microone2006/microone200600047/148520518-board-game-evening-friends-meeting-happy-players-characters-isolated-teenagers-or-adults-playing-car.jpg', '2022-05-07 04:44:41', '2022-05-08 02:53:08', 104, 'Intermédiaire'),
(100, 12, NULL, 209, 'ut et ut', 'Corrupti et non consequuntur non delectus eos nesciunt explicabo. Totam facilis facere est consequuntur. Rerum debitis provident non sit rerum iure esse. Fugiat quas non eos iste. Et molestiae cupiditate quia voluptatibus. Voluptatem dolorum sit voluptatem adipisci suscipit porro omnis. Quo atque corporis aut neque sit repellat vitae laboriosam. Qui sunt consequatur commodi deserunt. Aut tenetur quis ratione at unde. Et velit et corrupti est. Quae sint non impedit tempora illum non velit. Sint sed a vero molestiae. Consequatur non in voluptas vitae. Ipsam dolorum omnis et laudantium. Voluptatibus reiciendis illum omnis est.', 'https://www.manga-news.com/public/images/events/geek-unchained-4.jpg', '2022-06-28 09:25:45', '2022-06-29 10:03:08', 42, 'Débutant');

-- --------------------------------------------------------

--
-- Structure de la table `event_category`
--

CREATE TABLE `event_category` (
  `id` int(11) NOT NULL,
  `name` varchar(50) COLLATE utf8mb4_unicode_ci NOT NULL
) ENGINE=InnoDB DEFAULT CHARSET=utf8mb4 COLLATE=utf8mb4_unicode_ci;

--
-- Déchargement des données de la table `event_category`
--

INSERT INTO `event_category` (`id`, `name`) VALUES
(8, 'Convention'),
(9, 'Partie en ligne'),
(10, 'Partie en local (LAN Party)'),
(11, 'Tournoi'),
(12, 'Meeting'),
(13, 'Vente aux enchères / troc'),
(14, 'Conférence');

-- --------------------------------------------------------

--
-- Structure de la table `manga`
--

CREATE TABLE `manga` (
  `id` int(11) NOT NULL,
  `category_id` int(11) NOT NULL,
  `name` varchar(50) COLLATE utf8mb4_unicode_ci NOT NULL,
  `description` longtext COLLATE utf8mb4_unicode_ci NOT NULL,
  `picture` varchar(255) COLLATE utf8mb4_unicode_ci NOT NULL,
  `author` varchar(50) COLLATE utf8mb4_unicode_ci NOT NULL
) ENGINE=InnoDB DEFAULT CHARSET=utf8mb4 COLLATE=utf8mb4_unicode_ci;

--
-- Déchargement des données de la table `manga`
--

INSERT INTO `manga` (`id`, `category_id`, `name`, `description`, `picture`, `author`) VALUES
(101, 8, 'mollitia', 'At tempore consequuntur est quo voluptatem sint at. Itaque sunt non laboriosam nostrum illum architecto laudantium. Itaque quis distinctio eum ut porro magnam voluptas. Et amet qui nostrum voluptas sed magnam culpa.', 'https://www.pika.fr/sites/default/files/images/livres/couv/9782811607135-T.jpg', 'Destinee Heller'),
(102, 7, 'nihil praesentium consequatur', 'Fuga quos culpa quisquam eum. Fuga excepturi nihil et molestiae aut soluta. Repellendus eaque consequuntur eius et qui aut. Earum officia quia est aut error omnis.', 'https://images-na.ssl-images-amazon.com/images/I/91xNW4qPPfL.jpg', 'Nia Stiedemann'),
(103, 9, 'molestiae', 'Debitis id architecto id. Facere molestiae odio ab et aut quia. Ut ullam quisquam distinctio perferendis.', 'https://images-na.ssl-images-amazon.com/images/I/91a19RuprqL.jpg', 'Kurt Abernathy'),
(104, 9, 'animi voluptatem non', 'Deserunt at dolore libero totam pariatur autem. Minima quasi vero et itaque aut ducimus placeat. Dolorem itaque iusto velit ipsa accusamus fugit. Omnis aperiam ipsam deleniti provident accusantium nostrum et.', 'https://images-na.ssl-images-amazon.com/images/I/918Ai9a893L.jpg', 'Orion Lind'),
(105, 9, 'accusamus ullam', 'Autem atque quis officia ex. Quae praesentium et illo praesentium enim repellat quis et. Cupiditate corrupti enim ut et repudiandae natus placeat. Minus autem facilis porro velit.', 'https://images-na.ssl-images-amazon.com/images/I/71iPhxzPaoL.jpg', 'Leta Jones'),
(106, 9, 'facere', 'Repellat quibusdam vero a. Ut ut et cum dolores voluptas. Ipsum maxime voluptatibus qui earum sed velit ullam iure. Vitae doloremque dolor est qui cumque expedita ut. Ratione cumque similique fuga ducimus rerum non hic. Magnam molestiae blanditiis eos.', 'https://images-na.ssl-images-amazon.com/images/I/91xNW4qPPfL.jpg', 'Cortez Koelpin'),
(107, 7, 'iure', 'Dolorem consequatur veniam quaerat perferendis qui veritatis ad. Dolorem officia error aut ut et non. Quia laudantium nam quibusdam eos ad praesentium. Recusandae tempora sint excepturi temporibus sed magni. Fugit eos omnis architecto.', 'https://images-na.ssl-images-amazon.com/images/I/913g8zhpCYL.jpg', 'Malcolm Welch'),
(108, 10, 'et ab aut', 'Porro placeat cum aut sint voluptas. Fugit et amet voluptatem voluptatibus. Nihil similique ullam ea et similique. Velit atque qui aut. Molestias ab delectus rerum modi consequatur tempore eum voluptatem. Aut delectus quae nostrum totam. A sunt odit et occaecati aut.', 'https://images-na.ssl-images-amazon.com/images/I/71LrevXJ4UL.jpg', 'Curt Volkman'),
(109, 10, 'et libero', 'Qui et id perspiciatis corrupti minus occaecati voluptatibus. Necessitatibus porro sunt totam et voluptate soluta natus. Voluptas voluptatum occaecati nihil numquam. Nemo esse suscipit atque amet earum. Cupiditate animi similique ut.', 'https://images-na.ssl-images-amazon.com/images/I/91hcXocudXL.jpg', 'Jasen Kertzmann'),
(110, 7, 'consequatur', 'Illo accusantium saepe pariatur a ut qui. Autem ab voluptatum quibusdam aut. Nobis nisi quidem eos. Sint enim rerum maiores qui. Aspernatur dolore dolore adipisci facere est numquam. Minus asperiores sequi impedit commodi itaque. Expedita aut officia sapiente eum voluptatem dolores iste ex.', 'https://images-na.ssl-images-amazon.com/images/I/913g8zhpCYL.jpg', 'Estevan Marquardt'),
(111, 8, 'sit veritatis sint minima', 'Omnis et temporibus ratione sit dolores ut dolorem. Laudantium error corporis est nisi ad quos dolores praesentium. Neque vero quos ab. Numquam rem molestiae similique error.', 'https://images-na.ssl-images-amazon.com/images/I/71V1kRB2fTL.jpg', 'Keeley Bashirian'),
(112, 10, 'exercitationem praesentium saepe nihil', 'Consectetur deserunt quia dolores deleniti voluptas. Illum officia eius nihil perspiciatis. Et quidem optio ex. Ipsum similique ad vel eligendi. Esse et ipsa nobis optio rerum quia. Architecto dolorum quod voluptatum at delectus impedit. Nihil impedit ab vel provident.', 'https://images-na.ssl-images-amazon.com/images/I/91hcXocudXL.jpg', 'Orville Kling'),
(113, 10, 'commodi ad nesciunt hic', 'Eaque enim et quasi dolore sit. Nobis voluptas deleniti quibusdam ipsa. Quia qui odio dolore sint laborum veniam. Doloremque consectetur ratione cupiditate possimus magnam laboriosam rerum. Est magnam quam praesentium quasi repudiandae.', 'https://images-na.ssl-images-amazon.com/images/I/81Z5oMQHqaL.jpg', 'Alessandra Hayes'),
(114, 7, 'aut perspiciatis', 'Iusto et et natus qui sit nam ut. Voluptas sint ad debitis voluptas iure et voluptatum. Placeat cumque sit aliquid soluta est. Nobis ipsa nam laborum magni et quisquam commodi. Nulla nam est quia non in.', 'https://images-na.ssl-images-amazon.com/images/I/91yiBtD0imL.jpg', 'Phyllis Lang'),
(115, 7, 'pariatur ea velit ratione', 'Est sequi provident nemo eaque placeat. Quo placeat doloribus voluptate repudiandae esse. Animi quisquam minus perferendis et voluptatibus in dignissimos.', 'https://www.pika.fr/sites/default/files/images/livres/couv/9782811607135-T.jpg', 'Keyon Koepp'),
(116, 9, 'impedit aut totam', 'Quo autem ducimus dolores sapiente beatae. Molestiae sunt cupiditate consequatur et in aut placeat. Dolorum aut sunt non. Tempore blanditiis qui culpa molestias dignissimos veritatis. Sed id et sit dolor. Dolor sint eius quaerat autem excepturi.', 'https://images-na.ssl-images-amazon.com/images/I/81H14PAKlPL.jpg', 'Donato Gerlach'),
(117, 10, 'recusandae sunt et', 'Quia sunt consequatur temporibus consequuntur necessitatibus consequatur sit. Maiores expedita saepe maiores doloremque consequatur. Iste facere molestiae iste atque commodi aut. Nulla asperiores et accusantium sit est. Ut unde et voluptatum officiis doloremque.', 'https://m.media-amazon.com/images/I/81zUMXGbNGL._AC_SL1500_.jpg', 'Brant Cole'),
(118, 8, 'impedit', 'Nisi ut rerum et quos tempora repudiandae impedit. Ducimus aut aperiam quaerat est. Recusandae ratione dolores quia placeat. Cupiditate itaque autem quis corrupti sed. Ut commodi doloribus voluptate ipsum. Enim est amet doloribus sequi quae saepe. Quis omnis nihil sit est corrupti voluptatem.', 'https://images-na.ssl-images-amazon.com/images/I/81H14PAKlPL.jpg', 'Aniyah Sipes'),
(119, 9, 'deserunt esse minus', 'Iste id modi et aut natus quia qui delectus. Modi impedit ut et labore. Corrupti ipsam velit a quo rerum fuga esse. Similique similique id reiciendis accusantium voluptatem. Molestiae sint ipsa incidunt. Ea voluptates eos quas necessitatibus. Voluptas harum nobis omnis vitae ut necessitatibus.', 'https://fr.web.img5.acsta.net/pictures/21/02/16/12/45/5319199.jpg', 'Mariana Willms'),
(120, 8, 'necessitatibus et odit soluta', 'Vitae tenetur repellendus beatae pariatur dolores beatae sit necessitatibus. Quidem velit quisquam explicabo inventore perferendis. Ipsam minus odit itaque laudantium aspernatur praesentium ad. Ea nam in veritatis quo.', 'https://images-na.ssl-images-amazon.com/images/I/91a19RuprqL.jpg', 'Demond Schulist'),
(121, 10, 'at quia aspernatur', 'Dolore adipisci iste sed inventore magnam praesentium dolores aut. Temporibus amet qui voluptas expedita. Ut ipsum debitis quo aliquam et. Sit laboriosam dolorem animi occaecati.', 'https://www.pika.fr/sites/default/files/images/livres/couv/9782811607135-T.jpg', 'Herbert Mayert'),
(122, 9, 'quis et sunt eum', 'Minus quae eligendi repudiandae quo blanditiis mollitia. Voluptate voluptas quam nisi numquam quia. Laboriosam perspiciatis aut dolorum ea eum in minus ea. Reiciendis et ut autem praesentium explicabo.', 'https://images-na.ssl-images-amazon.com/images/I/918Ai9a893L.jpg', 'Jess Rippin'),
(123, 9, 'consequatur asperiores qui', 'Placeat et temporibus aut beatae. Excepturi maxime fuga eaque ducimus. Et illum incidunt vitae sed. Nemo aperiam minus pariatur nulla. Adipisci eligendi et culpa incidunt quia. Illo saepe est eius et. Et sit neque eligendi beatae culpa. Eveniet quae rerum beatae et.', 'https://images-na.ssl-images-amazon.com/images/I/91a19RuprqL.jpg', 'Kamron Hartmann'),
(124, 8, 'ducimus', 'Libero nihil suscipit earum sit qui. Et voluptatibus non et eos nulla. Repellat veritatis quis dolore ea fugit eum pariatur quasi. Quia qui officia nobis aut omnis id nihil.', 'https://images-na.ssl-images-amazon.com/images/I/91xNW4qPPfL.jpg', 'Rashawn Hagenes'),
(125, 9, 'et similique', 'Corrupti voluptas dolores unde perspiciatis. Autem iste iure labore deleniti explicabo optio. Dolore totam et at suscipit veniam ut reiciendis. Laborum voluptatem nemo ad a.', 'https://images-na.ssl-images-amazon.com/images/I/71V1kRB2fTL.jpg', 'Josephine Rolfson'),
(126, 7, 'incidunt suscipit est', 'Rerum rem alias ut perferendis quae exercitationem. Accusantium nobis reiciendis pariatur. Aperiam qui ut at doloremque quibusdam rerum. Voluptas vitae laboriosam labore rem et iste autem.', 'https://images-na.ssl-images-amazon.com/images/I/61BhDFVSCTL.jpg', 'Margaretta Kemmer'),
(127, 9, 'sed temporibus totam ipsam', 'Doloremque mollitia consequuntur magnam qui reiciendis eos. Assumenda sed dolorem quidem ab qui accusamus. Quo ab est quia deserunt. Consectetur qui nesciunt similique cum suscipit velit architecto.', 'https://images-na.ssl-images-amazon.com/images/I/818SKXrgHaL.jpg', 'Javier Jacobson'),
(128, 10, 'quia ipsam', 'Provident omnis ipsam vel a quis. Et sit odit et minus cupiditate. Quis tempore est illum quia tenetur.', 'https://images-na.ssl-images-amazon.com/images/I/81YMjfFuX6L.jpg', 'Monserrate Treutel'),
(129, 9, 'recusandae', 'Assumenda natus ipsam culpa dolorum et iure. Ea quo omnis suscipit fuga.', 'https://images-na.ssl-images-amazon.com/images/I/91yiBtD0imL.jpg', 'Garrick Kertzmann'),
(130, 8, 'quasi earum', 'In quis aut architecto. Voluptate voluptatem perferendis ratione et. Et sed nostrum iure. Nisi voluptas voluptatem ut natus sunt harum. Quo eveniet voluptatem cum ex. Perferendis illum voluptate fugiat. Et quae corporis nihil rerum est.', 'https://images-na.ssl-images-amazon.com/images/I/81YMjfFuX6L.jpg', 'Maiya Schiller'),
(131, 9, 'consectetur voluptatem autem', 'Iure voluptatibus corrupti voluptatem nemo soluta aut. Atque dolorem aut vel est pariatur necessitatibus. Ut suscipit est vel dolores autem necessitatibus dignissimos et.', 'https://images-na.ssl-images-amazon.com/images/I/81H14PAKlPL.jpg', 'Grady Wiegand'),
(132, 9, 'quo assumenda illo tempora', 'Labore et consequatur quia labore quas qui dolor. Qui aut sed et laborum. Voluptatem error labore fugiat nesciunt aspernatur quia nulla autem. Qui nihil ut ipsum eius molestias quia architecto.', 'https://images-na.ssl-images-amazon.com/images/I/918Ai9a893L.jpg', 'Trudie Kilback'),
(133, 7, 'et minus id quis', 'Provident doloribus nostrum consequatur laudantium. Repellat minus quia quis reiciendis vel ut. Placeat dolor cum minus molestiae. Mollitia autem velit numquam in quas exercitationem. Mollitia odio velit similique iste est. Id rerum ut aut quasi atque corrupti sit dolor.', 'https://images-na.ssl-images-amazon.com/images/I/91a19RuprqL.jpg', 'Nicole Hermiston'),
(134, 9, 'odio', 'Consequatur autem praesentium aut accusamus reiciendis. Voluptatibus placeat aut autem nostrum in eaque commodi. In cum laudantium adipisci provident. Voluptas dolor id dolorem placeat consectetur. Ut sit saepe delectus corrupti molestias voluptates.', 'https://images-na.ssl-images-amazon.com/images/I/913g8zhpCYL.jpg', 'Odessa Stark'),
(135, 9, 'est', 'Nobis quia est tempore quis cupiditate maiores. Odio totam rem dicta sapiente rem. Ut enim in quia. Et et sint harum repudiandae. Quia nam aut labore vero odio. Ut pariatur nesciunt inventore exercitationem eaque non et. Ut aut maiores culpa fugiat voluptates sequi. In eos odio a vel.', 'https://images-na.ssl-images-amazon.com/images/I/91hcXocudXL.jpg', 'Gina Rempel'),
(136, 9, 'odio', 'Et sit odio vitae dolorem id ea. Voluptas consequatur ex laboriosam consequatur rerum. Debitis earum cupiditate nulla sapiente pariatur voluptas et aut.', 'https://images-na.ssl-images-amazon.com/images/I/81Z5oMQHqaL.jpg', 'Jaleel Krajcik'),
(137, 7, 'nostrum aut dolores', 'Quaerat id magni doloremque facere alias. Sapiente reiciendis tenetur dolor tempore velit eum debitis molestiae. Veniam natus sequi sunt sit esse iusto.', 'https://fr.web.img5.acsta.net/pictures/21/02/16/12/45/5319199.jpg', 'Linnie Nader'),
(138, 9, 'voluptatum deserunt', 'Iusto ut rem aperiam optio ea. Qui consectetur adipisci voluptatibus omnis est ut ratione. In perferendis doloribus sed reiciendis. Doloremque et ipsa eaque dolorum. Dolor explicabo dolorem molestiae aperiam nisi labore. Quas iure corrupti est neque. Repellendus voluptatibus omnis dolores dolorum.', 'https://images-na.ssl-images-amazon.com/images/I/91hcXocudXL.jpg', 'Kobe Weimann'),
(139, 7, 'qui ut', 'Ut consectetur voluptas voluptas ratione excepturi ut. Ullam excepturi voluptas at reiciendis aliquid sed at dolorum. Et minus sint doloremque molestias est cumque. Quod repellat corrupti est possimus.', 'https://www.pika.fr/sites/default/files/images/livres/couv/9782811607135-T.jpg', 'Gabriella Mohr'),
(140, 10, 'fugiat inventore', 'Atque facere maiores quaerat explicabo molestiae. Hic alias ipsum est explicabo quas dicta sit. Facilis provident doloribus ducimus veniam unde placeat dolorem. Earum nesciunt est nihil aut sit.', 'https://images-na.ssl-images-amazon.com/images/I/81YMjfFuX6L.jpg', 'Westley Champlin'),
(141, 8, 'quo assumenda et', 'Exercitationem pariatur tempore odio sunt ut possimus fugiat. Autem cumque repudiandae a voluptas velit fugiat eos. Sit aut et esse officiis. Nulla omnis natus aut aut qui provident veniam quis.', 'https://images-na.ssl-images-amazon.com/images/I/91a19RuprqL.jpg', 'Melvin Crooks'),
(142, 10, 'non', 'Saepe aperiam tempore repudiandae aliquam accusantium. Aut voluptatem aut fugit adipisci voluptatem quia sit sed. Ut aspernatur aut earum laudantium. Veniam repudiandae molestiae reprehenderit dicta id dolorem.', 'https://images-na.ssl-images-amazon.com/images/I/81YMjfFuX6L.jpg', 'Elouise Deckow'),
(143, 8, 'ut vel accusamus', 'Vitae et et adipisci dignissimos laborum voluptas. Illum non alias et. Distinctio velit et est ad iure. Reiciendis unde quod impedit placeat. Nulla magni commodi sit repellat. Quia laudantium qui cum omnis ullam voluptatem qui. Et voluptas voluptate dignissimos saepe et magnam consequuntur nihil.', 'https://m.media-amazon.com/images/I/81zUMXGbNGL._AC_SL1500_.jpg', 'Loyal Kutch'),
(144, 7, 'debitis corrupti', 'Eius voluptatem voluptatem quis ut. Id ab magnam animi. Pariatur est ipsum sed et. Amet in iste aut. A rerum quis eligendi omnis. Autem iste eos numquam. Deserunt temporibus est veniam vel. Voluptatem qui dignissimos nemo.', 'https://images-na.ssl-images-amazon.com/images/I/918Ai9a893L.jpg', 'Bradford Mueller'),
(145, 10, 'ea sint numquam magni', 'Consequatur sit rerum rerum corporis. Autem sequi explicabo recusandae et quaerat sint eaque. Officiis culpa dolores qui possimus nemo voluptates. Animi dolor tempora nulla quisquam sit consequatur quidem maxime. Omnis dolores facilis maiores aut fugiat illo deserunt. Est nemo possimus quis dolore.', 'https://images-na.ssl-images-amazon.com/images/I/71V1kRB2fTL.jpg', 'Brown Ferry'),
(146, 9, 'qui', 'Molestiae possimus dolorem voluptas dolorem quos minus perspiciatis consequatur. Laudantium iure omnis dolor. Ex consectetur omnis magni earum.', 'https://images-na.ssl-images-amazon.com/images/I/71FH4o9mO3S.jpg', 'Clay Fadel'),
(147, 9, 'quae', 'Inventore beatae officiis optio ratione. Et harum repellendus totam sunt. Laudantium voluptatum et qui doloribus deserunt eos nisi. Nihil porro facere excepturi aliquid unde.', 'https://images-na.ssl-images-amazon.com/images/I/71LrevXJ4UL.jpg', 'Moses Collier'),
(148, 10, 'neque rerum', 'Quia eius eaque eum est. Eos vel id aut quod qui tempora nobis. Fuga saepe ipsa voluptatem maiores. Repudiandae maxime hic dolore aut fuga non est. Veniam illo velit sapiente accusantium qui eligendi.', 'https://images-na.ssl-images-amazon.com/images/I/91xNW4qPPfL.jpg', 'Baylee Harber'),
(149, 8, 'qui sit', 'Sequi omnis est aspernatur molestiae et quis illum. Vel modi voluptatum magni qui. Blanditiis sint doloremque sint voluptates. Nisi blanditiis quia delectus quos non. Quia possimus quia natus nesciunt aperiam. Corporis itaque impedit dolorem perspiciatis et saepe suscipit.', 'https://images-na.ssl-images-amazon.com/images/I/81VDeAyH1GL.jpg', 'Green Mills'),
(150, 7, 'similique ea repellendus', 'Consequatur et atque nam et ut. Delectus accusantium voluptatem similique qui. Dolorum qui dignissimos rerum.', 'https://images-na.ssl-images-amazon.com/images/I/81dfhgbb2qL.jpg', 'Patricia Hegmann'),
(151, 8, 'et', 'Nemo est quod et velit. Consectetur omnis doloribus velit eos alias velit dignissimos. Architecto ut eaque omnis sit suscipit consequatur odio similique. Labore tempora aut sit enim reprehenderit ipsam.', 'https://images-na.ssl-images-amazon.com/images/I/71iPhxzPaoL.jpg', 'Jamarcus Gusikowski'),
(152, 10, 'enim in atque provident', 'Fugiat corporis aut sapiente vero nobis saepe accusamus. Voluptas incidunt consequatur corporis ut deleniti amet. Quidem et accusamus placeat. Enim ut vel enim nihil vel.', 'https://images-na.ssl-images-amazon.com/images/I/91yiBtD0imL.jpg', 'Patrick Stokes'),
(153, 8, 'quaerat eos ipsum sint', 'Alias rerum rerum in earum et nulla illo. Aut id ipsa voluptate doloribus consequatur expedita. Quia atque ut et placeat. Minus deserunt voluptas ab numquam. Exercitationem quia fugiat blanditiis autem aut dolor consequatur quia. Aspernatur et commodi expedita aspernatur.', 'https://images-na.ssl-images-amazon.com/images/I/91yiBtD0imL.jpg', 'Adan Kuhlman'),
(154, 9, 'mollitia culpa nihil', 'Ut sequi et ullam eos eum. Commodi quisquam iure est earum voluptatem. Est ab placeat est tempore rerum delectus. Vel rerum veniam delectus eveniet quasi qui architecto.', 'https://images-na.ssl-images-amazon.com/images/I/81Z5oMQHqaL.jpg', 'Titus Doyle'),
(155, 10, 'rerum impedit suscipit', 'Nisi et nemo quae aut et quia. Sed qui ea assumenda. Illum deleniti aliquam non a temporibus. Dolorem velit molestiae excepturi dolor provident. Fugiat eos est et iusto aut. Eos excepturi necessitatibus aperiam ut culpa. Officia nam autem iusto in numquam magni. Omnis vitae enim ex ex totam soluta.', 'https://images-na.ssl-images-amazon.com/images/I/81mWACgHKxL.jpg', 'Darwin Tromp'),
(156, 9, 'laboriosam', 'Cupiditate dolores pariatur consequatur omnis aut. Id ut qui expedita unde ut enim vel. Sed nam facilis architecto est rerum omnis aut.', 'https://images-na.ssl-images-amazon.com/images/I/91tYV+R03kL.jpg', 'Darby Mueller'),
(157, 7, 'aut suscipit officiis in', 'At ut officia consectetur doloremque commodi omnis. Voluptatem consectetur architecto consequatur enim. Saepe non illo voluptatibus odio. Et recusandae tempora aliquam est. Et et ut ut ut tenetur est et rerum. Maxime facilis quas sed. Rerum libero perferendis quasi sit.', 'https://www.pika.fr/sites/default/files/images/livres/couv/9782811607135-T.jpg', 'Madyson Mitchell'),
(158, 9, 'non voluptas dignissimos', 'Harum et quo quam dolor voluptas expedita. Inventore cumque dolores ipsam dolor. Eum iusto iure natus velit. Dolores similique omnis iusto vero odit sed praesentium doloribus.', 'https://images-na.ssl-images-amazon.com/images/I/61BhDFVSCTL.jpg', 'Kylie Mills'),
(159, 9, 'corporis sed omnis', 'Qui nihil dolorem harum. Fugiat vel suscipit vitae dolorem. Illum fugiat officia expedita delectus. Dolore omnis omnis vero.', 'https://images-na.ssl-images-amazon.com/images/I/71V1kRB2fTL.jpg', 'Alexandre Gaylord'),
(160, 8, 'nihil aspernatur aut autem', 'Officiis culpa tempore natus. Possimus rerum optio est molestiae voluptatum tenetur. Blanditiis et illo sunt ipsa dolorum sint. Qui ipsa vitae eius qui. Dolor reiciendis quam maiores sequi aspernatur.', 'https://images-na.ssl-images-amazon.com/images/I/61BhDFVSCTL.jpg', 'Nels Mayer'),
(161, 8, 'eum', 'Eius voluptatem sint praesentium quas velit. Dolores hic deserunt voluptate vel corrupti odio. Ea animi velit enim ut sed et non aspernatur. Exercitationem placeat distinctio illum dolorum voluptatem.', 'https://images-na.ssl-images-amazon.com/images/I/913g8zhpCYL.jpg', 'Tyree Walker'),
(162, 10, 'ad repellendus impedit ipsam', 'Ipsam ex nulla voluptatem molestias odit cupiditate et. Ducimus ut nulla voluptatem quas ea natus sed nostrum. Quaerat molestiae sint officiis qui sit. Aut modi ut autem commodi ut rerum eius ipsum.', 'https://images-na.ssl-images-amazon.com/images/I/81H14PAKlPL.jpg', 'George Schumm'),
(163, 10, 'quod', 'Sint accusamus omnis aliquam nisi optio. Aliquam culpa accusantium similique consectetur debitis aut molestiae. Fuga culpa officiis et fugit quibusdam placeat nisi.', 'https://images-na.ssl-images-amazon.com/images/I/91OuigKWs+L.jpg', 'Shayne Terry'),
(164, 10, 'qui', 'Voluptas dolores dicta delectus est atque error delectus. Recusandae omnis saepe id quo. Exercitationem sequi libero nostrum voluptatum est assumenda tempore dolores.', 'https://images-na.ssl-images-amazon.com/images/I/71LrevXJ4UL.jpg', 'Orrin Rice'),
(165, 7, 'et', 'Voluptates ab commodi natus et unde itaque repellat. Minus consequatur vero enim maiores consequatur culpa placeat. Placeat aliquid nemo quia sit maiores.', 'https://images-na.ssl-images-amazon.com/images/I/91tYV+R03kL.jpg', 'Helmer Schultz'),
(166, 8, 'dolorum porro ut beatae', 'Delectus modi deleniti molestias ad quibusdam unde nesciunt. Odio veniam non provident est atque.', 'https://images-na.ssl-images-amazon.com/images/I/818SKXrgHaL.jpg', 'Brice Rogahn'),
(167, 10, 'adipisci', 'Facere ipsam nihil nam quam. Earum repellat excepturi sunt voluptatem omnis aut tempora. Non eos amet impedit est. Vero atque perferendis molestiae.', 'https://images-na.ssl-images-amazon.com/images/I/91OuigKWs+L.jpg', 'Jewel Batz'),
(168, 7, 'placeat natus ducimus voluptas', 'Ab laudantium aperiam a eos et autem non dolores. Rerum nostrum eum quo officiis deleniti beatae. Possimus esse quis error voluptatem voluptatum expedita accusamus. Id quia vitae fugiat.', 'https://fr.web.img5.acsta.net/pictures/21/02/16/12/45/5319199.jpg', 'Marlin Quitzon'),
(169, 10, 'autem eum iure', 'Ducimus dolore atque accusantium et voluptatem. Nihil corrupti itaque blanditiis vel. Quam vero autem beatae fugit.', 'https://images-na.ssl-images-amazon.com/images/I/81mWACgHKxL.jpg', 'Zola Frami'),
(170, 7, 'facilis', 'Quasi consequatur amet et voluptate at blanditiis provident aut. Et labore ad illo quasi veniam. Impedit et beatae iste placeat quia alias.', 'https://images-na.ssl-images-amazon.com/images/I/918Ai9a893L.jpg', 'Buford Labadie'),
(171, 8, 'voluptate facilis praesentium', 'Commodi dignissimos provident odio nihil veniam. Minus ipsam in reprehenderit omnis perspiciatis et eum. Et vel sit dolor iste. Sapiente sit laboriosam quam fugiat sit. Distinctio iste veritatis debitis aut quam minima sed.', 'https://images-na.ssl-images-amazon.com/images/I/71LrevXJ4UL.jpg', 'Kenny Dibbert'),
(172, 7, 'et est', 'Enim sunt qui ab animi molestias deserunt illum. Non numquam et saepe quibusdam debitis aut. Ea quia officia at eveniet suscipit. Alias animi aut laboriosam et ipsum. Occaecati omnis inventore dolorum velit. Itaque quod placeat vero.', 'https://images-na.ssl-images-amazon.com/images/I/71LrevXJ4UL.jpg', 'Thalia Hudson'),
(173, 9, 'omnis', 'Sed necessitatibus in aut cupiditate. Illo qui sint quo aut ullam fugiat sed. Nemo tenetur aut ut ea aut optio perferendis. Et deleniti minus voluptatem quo. Quis quam vel consequatur hic possimus sint. Perspiciatis odit suscipit nihil est corrupti repellat et.', 'https://images-na.ssl-images-amazon.com/images/I/81Z5oMQHqaL.jpg', 'Pierce McKenzie'),
(174, 7, 'placeat', 'Et nesciunt dolores voluptas harum modi tempore enim. Est suscipit vitae numquam tempora quia dolorum aliquid. Eum et dolores perspiciatis explicabo consequuntur. Eum quo et necessitatibus esse aut non. Sit illum atque sint veritatis est vel maiores. Vitae in voluptatem voluptas corrupti.', 'https://m.media-amazon.com/images/I/81zUMXGbNGL._AC_SL1500_.jpg', 'Laurianne Kovacek'),
(175, 10, 'nobis quia eos ducimus', 'Earum et possimus voluptate consectetur. Corrupti tempora aspernatur ut dolore dolores libero. Eum tempora occaecati autem aut reprehenderit est. Voluptas et in sit.', 'https://images-na.ssl-images-amazon.com/images/I/81Z5oMQHqaL.jpg', 'Brendan Roob'),
(176, 8, 'cupiditate', 'Aperiam nostrum explicabo soluta vel commodi. Beatae repellendus quia asperiores sit voluptatem. Et quas ut eum quibusdam nihil totam dolores. Saepe ut doloribus quis labore doloribus.', 'https://images-na.ssl-images-amazon.com/images/I/81dfhgbb2qL.jpg', 'Makenna Bernier'),
(177, 8, 'nihil', 'Quo asperiores et sint. Minima et optio consectetur ipsam qui et voluptas praesentium. Quod culpa quam maxime et. Sint animi earum reprehenderit earum quidem voluptatum. Quia delectus voluptas earum nihil. Tenetur voluptatem sapiente necessitatibus delectus sint voluptas.', 'https://fr.web.img5.acsta.net/pictures/21/02/16/12/45/5319199.jpg', 'Trey O\'Keefe'),
(178, 9, 'debitis et', 'In soluta laboriosam eum corrupti atque ipsam mollitia. Ut alias sapiente aut rerum officia saepe. Laboriosam minima adipisci omnis esse distinctio et. Aut ut et saepe suscipit et maxime. Error ut quae ea blanditiis quisquam ea.', 'https://images-na.ssl-images-amazon.com/images/I/918Ai9a893L.jpg', 'Dominique Okuneva'),
(179, 8, 'et nobis ipsa doloremque', 'Dolorum repellendus et quibusdam eos fugiat minus. Vel tenetur et non. Facilis accusantium dignissimos id quae similique. Qui sint nobis non numquam voluptates enim quae. Veniam sunt esse sit velit. Harum dolore aut culpa aut.', 'https://images-na.ssl-images-amazon.com/images/I/71V1kRB2fTL.jpg', 'Beverly Carter'),
(180, 8, 'laborum sed et odio', 'Reprehenderit deserunt et et id. Dolores quos et quis. Quasi fuga eius eligendi maiores reprehenderit. Pariatur consequatur qui nemo.', 'https://images-na.ssl-images-amazon.com/images/I/91xNW4qPPfL.jpg', 'Will Rau'),
(181, 7, 'deleniti', 'Vel aut facilis amet omnis incidunt dolores. Voluptas quod nulla minima nemo totam odio. Et quo similique neque consequatur delectus facilis. Quisquam veniam nostrum sunt officiis earum. Et et ducimus velit sed dolorum accusamus. Repellat soluta ut et illo nulla.', 'https://images-na.ssl-images-amazon.com/images/I/81mWACgHKxL.jpg', 'Caleigh Vandervort'),
(182, 7, 'est dolor ut omnis', 'Saepe et modi expedita quam quia. Non necessitatibus necessitatibus quo at voluptatem laboriosam. Ipsa quod blanditiis dignissimos laudantium odio.', 'https://images-na.ssl-images-amazon.com/images/I/61BhDFVSCTL.jpg', 'Curtis Nolan'),
(183, 7, 'a commodi cum sed', 'Eveniet ipsa aut qui qui. Aliquam dolorum dolorem non delectus qui dolorum sequi. Ullam molestias sint totam dicta deleniti sunt. Et quo corrupti nesciunt nisi sit. Vero magni reprehenderit animi natus. Aliquid corrupti et tenetur autem autem cumque harum.', 'https://images-na.ssl-images-amazon.com/images/I/81VDeAyH1GL.jpg', 'Freeda Dare'),
(184, 9, 'odit sunt facere', 'Laborum est qui hic nam nihil cupiditate. Voluptatem ut numquam quis veniam et molestiae maiores.', 'https://images-na.ssl-images-amazon.com/images/I/91hcXocudXL.jpg', 'Emmanuelle Kerluke'),
(185, 10, 'voluptas aliquam', 'Quia neque commodi voluptas rem laborum possimus. Non doloremque earum odit quam. Qui voluptas ut voluptatem non aut tenetur. Eum exercitationem necessitatibus magnam eos velit quidem. Voluptatem consequatur ipsam facere ea. Nisi omnis mollitia qui maiores accusantium. Sint dolor numquam debitis.', 'https://images-na.ssl-images-amazon.com/images/I/71V1kRB2fTL.jpg', 'Freddie Turcotte'),
(186, 9, 'nobis', 'Et cumque dolores recusandae voluptas vitae quis. Similique ab rerum quae asperiores quis commodi illo. Ut saepe ipsam et repellendus cupiditate possimus hic cum. In ratione mollitia voluptates vitae distinctio quam.', 'https://fr.web.img5.acsta.net/pictures/21/02/16/12/45/5319199.jpg', 'Jammie Lockman'),
(187, 10, 'nemo nemo', 'Error et dolore et labore. Est quae qui sint. Magnam repellendus nam magnam officiis ut vitae. Possimus ut eveniet ut corporis. Dolor aliquam qui sed aut in. Provident voluptas quasi officia officiis sed ipsa minima.', 'https://images-na.ssl-images-amazon.com/images/I/71LrevXJ4UL.jpg', 'Tina Franecki'),
(188, 8, 'quia accusantium', 'Sunt eius quia voluptas autem similique quae. Quas provident nostrum assumenda omnis quia. Veniam itaque eligendi culpa repellendus. Similique iure ut ab vel ipsa. Voluptas expedita velit quidem nobis ut id. Soluta voluptatibus ut repudiandae officiis debitis. Possimus nulla optio qui.', 'https://images-na.ssl-images-amazon.com/images/I/91a19RuprqL.jpg', 'Mathilde Rippin'),
(189, 8, 'dolor esse', 'Eaque dolor iste recusandae ipsam non autem quam. In repudiandae quia et aut asperiores ut. Nihil aut adipisci nulla sint eos. Laborum quia quis est iure.', 'https://images-na.ssl-images-amazon.com/images/I/61BhDFVSCTL.jpg', 'Geo Johnson'),
(190, 8, 'labore natus officiis', 'Eaque dolores dolorem molestiae qui corporis culpa. Aliquam unde sint provident reprehenderit ut. Facere optio iste velit et. Eum necessitatibus debitis et voluptatibus saepe qui. Enim culpa deserunt voluptas odio voluptates ut. Rerum repudiandae voluptate earum aut.', 'https://images-na.ssl-images-amazon.com/images/I/913g8zhpCYL.jpg', 'Casandra Davis'),
(191, 8, 'tenetur voluptas perferendis', 'Est libero minus dolorem voluptate ad atque. Ad accusamus est a tempora tenetur accusantium possimus dolores. Harum maxime necessitatibus ea dicta eum magnam.', 'https://www.gbposters.com/media/catalog/product/cache/2/image/9df78eab33525d08d6e5fb8d27136e95/f/a/fairy-tail-quad-maxi-poster-1.133.jpg', 'Lillian Adams'),
(192, 10, 'ea', 'Molestiae tempora doloremque cumque est quaerat. Atque tempore tempora nihil nobis molestiae ea. Voluptatem inventore nisi cumque ut placeat rerum rerum. Adipisci et commodi molestias dolorem commodi et maiores. Vel non cupiditate vel in voluptas.', 'https://www.pika.fr/sites/default/files/images/livres/couv/9782811607135-T.jpg', 'Arnaldo Cruickshank'),
(193, 10, 'libero', 'Distinctio dolore aut consequatur modi. Quaerat deserunt autem ea libero. Consequatur nam doloremque porro iure tempore voluptatem. Qui ratione est aut vel quis. Suscipit tempora architecto beatae error. Est esse dolor consequatur vel qui quas consequatur.', 'https://fr.web.img5.acsta.net/pictures/21/02/16/12/45/5319199.jpg', 'Eulah Nitzsche'),
(194, 9, 'illum recusandae', 'Natus nisi nihil et nam et illum. Et non asperiores enim. Explicabo architecto tempora omnis magni iste. Non qui provident et earum sed qui. Omnis et ut odio numquam fugiat. Sint beatae alias sit adipisci. Non quis voluptatum cum nulla.', 'https://images-na.ssl-images-amazon.com/images/I/71V1kRB2fTL.jpg', 'Carmine Stiedemann'),
(195, 7, 'quo quisquam porro', 'Veniam et dolores rem ipsa sed est sit eveniet. Possimus inventore enim in nostrum quo dolores et nam. Corporis illum eum laboriosam qui sed enim ab. Necessitatibus illo facere quis.', 'https://images-na.ssl-images-amazon.com/images/I/81dfhgbb2qL.jpg', 'Aimee Zemlak'),
(196, 9, 'numquam iure', 'Dignissimos dolorum aspernatur atque voluptate tempora. Dolorem recusandae facilis eum voluptas placeat voluptatibus. Quia dignissimos aperiam nisi neque similique ipsa quisquam dolorum.', 'https://images-na.ssl-images-amazon.com/images/I/81mWACgHKxL.jpg', 'Jaida Towne'),
(197, 7, 'amet commodi dolorem', 'Rem fugiat unde est quae. Nihil sunt harum molestiae sint totam nam. Cupiditate temporibus perspiciatis nulla et sunt dolorem rerum. Dolore voluptates quos neque enim voluptas. Et itaque voluptatem aliquam libero soluta est.', 'https://images-na.ssl-images-amazon.com/images/I/91yiBtD0imL.jpg', 'Bonnie Stanton'),
(198, 10, 'fuga', 'Sit dolores velit sint sequi. Est rerum quis nihil deserunt nobis consequatur ut. Vel cupiditate voluptatem quo sed. Aut et saepe assumenda nihil ab.', 'https://images-na.ssl-images-amazon.com/images/I/91xNW4qPPfL.jpg', 'Kaitlin Langosh'),
(199, 7, 'vel dolorem ipsa', 'Eum consequatur amet aut ab itaque nihil. Vitae veniam optio voluptates id ratione ipsum qui. Sint sapiente qui aliquid impedit inventore enim. Laudantium aut asperiores temporibus laudantium rerum et quia.', 'https://images-na.ssl-images-amazon.com/images/I/91hcXocudXL.jpg', 'Ramiro Baumbach'),
(200, 8, 'id vitae libero', 'Beatae ea adipisci eveniet numquam sunt aliquam. Dolorum qui aut rerum et id ratione reprehenderit. Esse nostrum et quis soluta incidunt. Sunt et reiciendis libero vel doloremque autem.', 'https://images-na.ssl-images-amazon.com/images/I/81VDeAyH1GL.jpg', 'Darien Hintz');

-- --------------------------------------------------------

--
-- Structure de la table `manga_category`
--

CREATE TABLE `manga_category` (
  `id` int(11) NOT NULL,
  `name` varchar(50) COLLATE utf8mb4_unicode_ci NOT NULL
) ENGINE=InnoDB DEFAULT CHARSET=utf8mb4 COLLATE=utf8mb4_unicode_ci;

--
-- Déchargement des données de la table `manga_category`
--

INSERT INTO `manga_category` (`id`, `name`) VALUES
(6, 'Kodomo'),
(7, 'Shonen'),
(8, 'Shojo'),
(9, 'Seinen'),
(10, 'Josei');

-- --------------------------------------------------------

--
-- Structure de la table `place`
--

CREATE TABLE `place` (
  `id` int(11) NOT NULL,
  `name` varchar(50) COLLATE utf8mb4_unicode_ci NOT NULL,
  `street` varchar(120) COLLATE utf8mb4_unicode_ci NOT NULL,
  `zipcode` varchar(12) COLLATE utf8mb4_unicode_ci NOT NULL,
  `city` varchar(60) COLLATE utf8mb4_unicode_ci NOT NULL,
  `country` varchar(50) COLLATE utf8mb4_unicode_ci NOT NULL
) ENGINE=InnoDB DEFAULT CHARSET=utf8mb4 COLLATE=utf8mb4_unicode_ci;

--
-- Déchargement des données de la table `place`
--

INSERT INTO `place` (`id`, `name`, `street`, `zipcode`, `city`, `country`) VALUES
(101, 'Lucas', '1, impasse Nath Marion', '49353', 'GrosVille', 'France'),
(102, 'Devaux SARL', '38, rue Rodriguez', '06479', 'Hernandez-sur-Bonnin', 'France'),
(103, 'Coste', '64, chemin de Renault', '66869', 'Ferreira', 'France'),
(104, 'Arnaud Lefebvre SA', '132, chemin Jean', '17773', 'Toussaint-la-Forêt', 'France'),
(105, 'Brunet SAS', '92, rue Jacquet', '08 163', 'Guillaumedan', 'France'),
(106, 'Turpin Merle S.A.R.L.', '285, rue Salmon', '61658', 'Pinto', 'France'),
(107, 'Cousin Marion SA', '31, place Pelletier', '63796', 'BigotBourg', 'France'),
(108, 'Fernandes', '991, rue Alfred Marty', '32815', 'Le Gall', 'France'),
(109, 'Chartier', '37, rue Guillaume Schneider', '56 292', 'Jacobboeuf', 'France'),
(110, 'Besson', '12, avenue François Ruiz', '39 412', 'Schmittboeuf', 'France'),
(111, 'Noel Gonzalez et Fils', '16, place Legrand', '29348', 'Vincent', 'France'),
(112, 'Noel Pasquier SAS', '217, avenue de Leroy', '37869', 'Faivre', 'France'),
(113, 'Cousin', '10, avenue de Pierre', '60 741', 'Mendes', 'France'),
(114, 'Faure', '45, avenue Denis Marty', '37 389', 'Lemaireboeuf', 'France'),
(115, 'Maillot', '38, rue de Guillet', '94 566', 'Schneider', 'France'),
(116, 'Delannoy', 'place Christelle Delmas', '23 914', 'Mercier', 'France'),
(117, 'Humbert SARL', '52, avenue Valentin', '61 557', 'Techer-les-Bains', 'France'),
(118, 'Robin', '695, place de Dos Santos', '58 742', 'ThibaultVille', 'France'),
(119, 'Leblanc Maillot S.A.S.', '109, place de Gonzalez', '15 694', 'Deschamps', 'France'),
(120, 'Da Costa Remy SAS', '29, chemin de Gilles', '62235', 'Gillet-sur-Gilbert', 'France'),
(121, 'Joubert', '846, rue Gosselin', '71545', 'Teixeiradan', 'France'),
(122, 'Alves', '692, impasse de Aubry', '54407', 'Barre', 'France'),
(123, 'Lesage', '12, rue de David', '50 677', 'Laine', 'France'),
(124, 'Dumas', '667, avenue David Bodin', '78 880', 'DelaunayBourg', 'France'),
(125, 'Martin', 'place Fontaine', '61550', 'Deschamps-la-Forêt', 'France'),
(126, 'Mendes', '93, avenue Édith Rousset', '59 650', 'Maillard', 'France'),
(127, 'Hoarau Barre S.A.', 'rue Hardy', '88 282', 'Peltier', 'France'),
(128, 'Gallet', '83, chemin Patrick Legros', '79323', 'Thierry', 'France'),
(129, 'Lemaitre', '2, place Olivier Diaz', '47234', 'Royerdan', 'France'),
(130, 'Bigot Meyer SAS', '20, boulevard Eugène Le Roux', '99189', 'Seguin', 'France'),
(131, 'Guyot SAS', '60, place Lucy Poulain', '53932', 'BouvetVille', 'France'),
(132, 'Joly', '751, boulevard Anne Vallet', '19 911', 'Hamel-la-Forêt', 'France'),
(133, 'Charrier Marchal S.A.', '507, impasse de Brunet', '75 019', 'Laurent-sur-Poulain', 'France'),
(134, 'Lombard', 'boulevard Verdier', '49974', 'Renard-sur-Allard', 'France'),
(135, 'Chevallier Lacroix SA', 'boulevard Renée Barbier', '02606', 'Marchal', 'France'),
(136, 'Germain', '56, avenue de Joly', '48247', 'Michaud', 'France'),
(137, 'Clerc', '22, rue de Francois', '62173', 'Coste', 'France'),
(138, 'Pineau Berthelot S.A.', '88, avenue Perrot', '90759', 'Antoine', 'France'),
(139, 'Germain', 'rue de Bertrand', '42608', 'Joubertnec', 'France'),
(140, 'Becker', '49, place François Michel', '12 644', 'GaudinBourg', 'France'),
(141, 'Toussaint', '83, impasse de Masson', '00 766', 'Diaz', 'France'),
(142, 'Dias et Fils', '65, place de Mendes', '23781', 'Coulonboeuf', 'France'),
(143, 'Boulanger Duval SAS', '603, boulevard Gilles Martel', '08756', 'Lopez', 'France'),
(144, 'Chretien Perret SARL', 'rue de Pires', '19452', 'Jourdan', 'France'),
(145, 'Bouchet', '8, impasse de Bouvier', '03121', 'Denis-sur-Arnaud', 'France'),
(146, 'Leger Nguyen S.A.R.L.', 'avenue de Legros', '96382', 'Jacques', 'France'),
(147, 'Martel Martins et Fils', 'chemin Adèle Devaux', '69 631', 'Arnaud', 'France'),
(148, 'Blanc', '6, rue de Bourdon', '18 942', 'Vidal', 'France'),
(149, 'Vallee SA', '83, avenue Yves Allard', '83 503', 'Marin', 'France'),
(150, 'Ferreira', '43, rue de Peltier', '57523', 'Carrenec', 'France'),
(151, 'Riou', '711, boulevard de Alexandre', '68977', 'Guyot', 'France'),
(152, 'Berthelot', '76, impasse Maillot', '25410', 'Louis', 'France'),
(153, 'Bonnet Lucas SAS', '98, boulevard Cohen', '13 964', 'Grosboeuf', 'France'),
(154, 'Colin SA', 'chemin Hugues Rodriguez', '39 627', 'Ferreira-les-Bains', 'France'),
(155, 'Ferreira Pages SA', '563, impasse Matthieu Denis', '24906', 'Mathieu-sur-Grondin', 'France'),
(156, 'Lefebvre et Fils', '813, place Élisabeth Martins', '20 078', 'Laroche-les-Bains', 'France'),
(157, 'Picard', '82, impasse Roger', '90 366', 'Bertin', 'France'),
(158, 'Renault', 'chemin de Renault', '59432', 'VoisinVille', 'France'),
(159, 'Samson Lacroix SA', '69, rue de Didier', '38978', 'BernardBourg', 'France'),
(160, 'Andre', 'place Lemonnier', '24 156', 'Laurent-sur-Mer', 'France'),
(161, 'Rey', '42, impasse de Moulin', '03513', 'Moreno', 'France'),
(162, 'Carpentier', '36, impasse Sébastien Langlois', '13675', 'Salmon-sur-Brunet', 'France'),
(163, 'Le Gall', '55, rue Aimée Pages', '63869', 'Gallet-sur-Maillard', 'France'),
(164, 'Raynaud S.A.', '118, avenue de Texier', '31 090', 'Lemaire', 'France'),
(165, 'Martel SA', 'avenue Henri Philippe', '04 151', 'Rousseau', 'France'),
(166, 'Michel', '82, boulevard de Lucas', '58 961', 'Riou', 'France'),
(167, 'Morin Gautier et Fils', '22, rue Martinez', '51089', 'Camusnec', 'France'),
(168, 'Launay', '97, place Valentine Lamy', '95540', 'Rey-sur-Couturier', 'France'),
(169, 'Simon Merle S.A.', 'chemin Godard', '18 398', 'Blanchard-la-Forêt', 'France'),
(170, 'Lacombe', '446, rue Aurélie Carpentier', '91 921', 'Gauthierboeuf', 'France'),
(171, 'Benoit', '11, rue Denise Alves', '81524', 'Caron', 'France'),
(172, 'Andre', '277, rue Jacquot', '80 300', 'Georges-sur-Fontaine', 'France'),
(173, 'Marques SAS', '8, rue Lorraine Payet', '64018', 'Lombard', 'France'),
(174, 'Petit Mendes S.A.S.', '42, impasse de Dos Santos', '35 808', 'Brun-la-Forêt', 'France'),
(175, 'Dupont S.A.R.L.', '80, avenue Bernard', '28 628', 'Bonneau', 'France'),
(176, 'Daniel', '46, avenue de Payet', '58 714', 'Pons', 'France'),
(177, 'Ledoux S.A.R.L.', '10, avenue de Lopes', '28115', 'BonninBourg', 'France'),
(178, 'Duhamel', '8, place de Giraud', '36360', 'Leroyboeuf', 'France'),
(179, 'Samson', '91, rue Simone Lesage', '99452', 'Lebreton', 'France'),
(180, 'Munoz', '7, rue Arthur Gautier', '71 416', 'Pascal', 'France'),
(181, 'Simon S.A.S.', '84, impasse Laine', '02051', 'Schmitt', 'France'),
(182, 'Pires SA', '72, rue de Delannoy', '57061', 'Leduc-les-Bains', 'France'),
(183, 'Berger', '1, rue Franck Thierry', '77 330', 'Etienne', 'France'),
(184, 'Couturier', '63, rue Hélène Chevallier', '16445', 'Colin-la-Forêt', 'France'),
(185, 'Roger', '25, place Robin', '48599', 'Fabre', 'France'),
(186, 'Bertin', '39, place Leclerc', '91773', 'Lefebvre', 'France'),
(187, 'Raynaud Blanc S.A.', 'avenue Renée Martins', '23 392', 'Leclercdan', 'France'),
(188, 'Grondin', '79, rue Costa', '25011', 'Techer-sur-Bertin', 'France'),
(189, 'Gilbert SAS', '19, chemin Lefort', '25502', 'Moulin-les-Bains', 'France'),
(190, 'Laporte Marty S.A.', '80, avenue Rémy Le Goff', '26029', 'Barthelemy', 'France'),
(191, 'Guichard', '75, impasse Teixeira', '81917', 'Da Costa', 'France'),
(192, 'Barbe', '64, avenue Normand', '94 211', 'Fernandez', 'France'),
(193, 'Guichard Legendre et Fils', '332, place William Mallet', '08 252', 'Seguin-les-Bains', 'France'),
(194, 'Remy', '11, impasse Antoine', '66 985', 'Prevost-sur-Lelievre', 'France'),
(195, 'Lambert Le Roux S.A.', '3, place de Colas', '26894', 'Laporte-la-Forêt', 'France'),
(196, 'Pelletier S.A.S.', '480, avenue Audrey Nicolas', '37632', 'Thierry', 'France'),
(197, 'Mahe', '43, rue Céline Guichard', '06503', 'BonneauBourg', 'France'),
(198, 'Perret Fouquet S.A.R.L.', '230, place de Guillaume', '40971', 'Germaindan', 'France'),
(199, 'Pruvost Lebon SAS', '35, boulevard Paris', '27 121', 'Dufour-la-Forêt', 'France'),
(200, 'Fischer SAS', '104, rue de Laurent', '42 310', 'BretonBourg', 'France');

-- --------------------------------------------------------

--
-- Structure de la table `platform`
--

CREATE TABLE `platform` (
  `id` int(11) NOT NULL,
  `name` varchar(50) COLLATE utf8mb4_unicode_ci NOT NULL
) ENGINE=InnoDB DEFAULT CHARSET=utf8mb4 COLLATE=utf8mb4_unicode_ci;

--
-- Déchargement des données de la table `platform`
--

INSERT INTO `platform` (`id`, `name`) VALUES
(10, 'Playstation 4'),
(11, 'Playstation 5'),
(12, 'Xbox One'),
(13, 'Xbox Series'),
(14, 'Nintendo Switch'),
(15, 'PC'),
(16, 'MAC'),
(17, 'Stadia'),
(18, 'Wii U');

-- --------------------------------------------------------

--
-- Structure de la table `user`
--

CREATE TABLE `user` (
  `id` int(11) NOT NULL,
  `email` varchar(180) COLLATE utf8mb4_unicode_ci NOT NULL,
  `roles` json NOT NULL,
  `password` varchar(255) COLLATE utf8mb4_unicode_ci NOT NULL,
  `username` varchar(50) COLLATE utf8mb4_unicode_ci NOT NULL,
  `birthdate` date NOT NULL,
  `profile` varchar(50) COLLATE utf8mb4_unicode_ci DEFAULT NULL
) ENGINE=InnoDB DEFAULT CHARSET=utf8mb4 COLLATE=utf8mb4_unicode_ci;

--
-- Déchargement des données de la table `user`
--

INSERT INTO `user` (`id`, `email`, `roles`, `password`, `username`, `birthdate`, `profile`) VALUES
(1, 'adelaide.dupre@garnier.fr', '[\"ROLE_USER\"]', '$2y$10$tBzgtOVyAdPSEEf310w2zufXee7vFmMirlREdy0ubYjwhEDikDVae', 'fdevaux', '1964-06-15', 'Joueur de jeux de société'),
(2, 'gregoire.adele@berger.fr', '[\"ROLE_USER\"]', '$2y$10$iPvXpEgiGEPj7HnR2B.dQOwyWI4.yTcDILxMzItpvqhXvRjeV82uS', 'dominique31', '2007-05-04', 'Lecteur de mangas'),
(3, 'luc.voisin@brunel.fr', '[\"ROLE_USER\"]', '$2y$10$kZlC0CzB09WrNDaLitjS6u1xDcg5SgELqmrIFsOjzpXvCMqalRR2.', 'wtessier', '1993-06-25', 'Lecteur de mangas'),
(4, 'royer.philippe@wanadoo.fr', '[\"ROLE_USER\"]', '$2y$10$cRVXcTosJLY.pI13K6XLneMZ0X67jIlexS.YsReFxDM4HibXWoEw6', 'dorothee.mendes', '1982-08-14', 'Joueur de jeux de société'),
(5, 'brun.adele@roy.fr', '[\"ROLE_USER\"]', '$2y$10$1d8bghSQf9pqM17Yhs6yNOJc2Yq6uve3VAjN0XvgRzQbEQL4wHfFC', 'catherine19', '1996-12-23', 'Gamer'),
(6, 'louis25@wanadoo.fr', '[\"ROLE_USER\"]', '$2y$10$5QTkGfv9XEG.LhrSH/c2hOoJ/pVqW2XN.6cAVyClSlNeCCOLwPrJe', 'agnes.baron', '1968-07-03', 'Gamer'),
(7, 'drossi@georges.com', '[\"ROLE_USER\"]', '$2y$10$q9iHzV5X0.bg38vEEl6H6uAC37zjbikHwwp349rp.leHvFhxG4HDm', 'christelle42', '2002-05-02', 'Joueur de jeux de société'),
(8, 'smartins@bernard.com', '[\"ROLE_USER\"]', '$2y$10$DHisZR.CsPff8QaKUzWB8.jO84MOEf/cGLTgNR3iQOmFeZS6TNrKO', 'xbouchet', '1980-10-19', 'Lecteur de comics'),
(9, 'aime02@dbmail.com', '[\"ROLE_USER\"]', '$2y$10$X5Ngi5jyqsdIOmO20IG.x.KAOR4P9yAk0QYN.oCP2Uyun8yh6P2dG', 'xlaunay', '1991-06-15', 'Gamer'),
(10, 'valentin.marine@peltier.fr', '[\"ROLE_USER\"]', '$2y$10$nUO419iwWIETgWEisznDu.Q9YH6q0IVYAej/.lV3a3oaT8qM6LW4e', 'nath50', '1992-05-22', 'Joueur de jeux de société'),
(11, 'qreynaud@sfr.fr', '[\"ROLE_USER\"]', '$2y$10$xULg2bT4YjkdoWo2irWZCOv/5utkmajmhHtH4uZZPx5Ucz5rewg3O', 'fclement', '1962-02-28', 'Gamer'),
(12, 'arthur98@live.com', '[\"ROLE_USER\"]', '$2y$10$dP43DZ4OABN.tTHjx6NOv..V1YmIdBS.nfcg/U3vzO.DcWfrsOc/2', 'zacharie65', '1993-07-08', 'Joueur de jeux de société'),
(13, 'loiseau.aurelie@wanadoo.fr', '[\"ROLE_USER\"]', '$2y$10$XR6Xnb68N71pIoc/22aokefb4DUzsthOxNgohu6JNqt68XSnmr7pO', 'adam.richard', '1964-01-30', 'Joueur de jeux de société'),
(14, 'tjoubert@chauveau.org', '[\"ROLE_USER\"]', '$2y$10$FRLsHpZVkir1FA.Mw2MhPee5zdrerHDwfTIo2M8zTLHGWzkToYwyC', 'gallet.david', '1991-11-22', 'Lecteur de comics'),
(15, 'alain51@dacosta.com', '[\"ROLE_USER\"]', '$2y$10$YFpKFFvZBzjhkaTVDmLeeu7nEyTjVvMTqtkBmTCgUOzJagnHNflby', 'jerome.maillot', '1969-08-11', 'Joueur de jeux de société'),
(16, 'michele06@michaud.com', '[\"ROLE_USER\"]', '$2y$10$zDqDf6741QTI3dyvlLHjxeg/Mya.XGHeXjF0Z8DpfxsKP.BwRd4hO', 'laurence46', '2004-12-22', 'Joueur de jeux de société'),
(17, 'andre.dominique@baron.fr', '[\"ROLE_USER\"]', '$2y$10$GzuiWEn33PtQMCqlJPMtXujSvowv7sllCmcBmLdPQnADqLribF9Ju', 'zdupuis', '1987-04-23', 'Joueur de jeux de société'),
(18, 'julie.tessier@wanadoo.fr', '[\"ROLE_USER\"]', '$2y$10$SZfFeVbA.tM5LEU/.Csfse35fWK44EiqAKgW3OLSYzvO/PKL5LShe', 'bazin.mathilde', '1987-05-08', 'Lecteur de mangas'),
(19, 'legendre.christiane@blot.fr', '[\"ROLE_USER\"]', '$2y$10$NiulXhCTj5V.K/EXsBBW0OXaS27ftfs5G0d4l3EqVhi28WF5o.sOm', 'denise81', '1971-09-23', 'Gamer'),
(20, 'theodore44@orange.fr', '[\"ROLE_USER\"]', '$2y$10$s2AjY93z9/qPvM3K9SEClucPXXLygd22ypMZc1HCjOC/ZZBkDmM3i', 'jacquot.louise', '1974-05-08', 'Lecteur de comics'),
(21, 'amunoz@rodrigues.fr', '[\"ROLE_USER\"]', '$2y$10$.6iD5TiPWjE10TBQVbjQDOqbwfndT0L/GrHln57VUtQCBkRCovhSW', 'theophile52', '1971-09-30', 'Joueur de jeux de société'),
(22, 'laporte.olivier@martel.org', '[\"ROLE_USER\"]', '$2y$10$i48PAdrWIhdtYA4lPH/qQ.JuIybM4Ou8O6M561lwJz5Gn6d6M5f5G', 'navarro.olivier', '2005-10-08', 'Lecteur de comics'),
(23, 'awagner@duval.org', '[\"ROLE_USER\"]', '$2y$10$T5irGuCX6vT.f3as8W7KNe7Iz9477rxkiXzh26eqy89.JGFmx6GAO', 'jbousquet', '1967-04-18', 'Lecteur de comics'),
(24, 'thibault.gilbert@orange.fr', '[\"ROLE_USER\"]', '$2y$10$2eKj3m6cxi4VfOWU12yVpuMysn7POM2fI.3sF3ol1YYSRC.TAns62', 'nathalie.bernier', '1968-06-08', 'Lecteur de mangas'),
(25, 'franck.hamel@club-internet.fr', '[\"ROLE_USER\"]', '$2y$10$Mp5Pwujj41sxyHhV3usmF.9ICC0.BWXF/AYyJz5RTBVigcTQarN/6', 'menard.andre', '1995-09-08', 'Gamer'),
(26, 'henriette.meunier@hotmail.fr', '[\"ROLE_USER\"]', '$2y$10$gAYoKx6ZbieTT0V83Mf/XufvUr52NCO.LyaxzMN6UcYlu6/1GMlze', 'ogerard', '1967-03-01', 'Gamer'),
(27, 'yfabre@didier.net', '[\"ROLE_USER\"]', '$2y$10$hhR973WDq3NAj2QNdfHhIusePwoqhz6GxYEn8q1YoJR00M4bCUg2G', 'josephine.albert', '1965-10-03', 'Lecteur de comics'),
(28, 'jlelievre@orange.fr', '[\"ROLE_USER\"]', '$2y$10$g/JORYiQXsfe8UOxTxcSwO5TbFey2470ErHtGeJGbLqRb5/cWTvz6', 'adelaide12', '1966-10-01', 'Joueur de jeux de société'),
(29, 'joseph.eugene@traore.org', '[\"ROLE_USER\"]', '$2y$10$hkJ3rzOMY0mpl9pdoahRvOpjUPjwbBqljZgxQLO8WE.J1kSnPD.5C', 'audrey92', '2003-02-13', 'Gamer'),
(30, 'perrier.marcelle@neveu.fr', '[\"ROLE_USER\"]', '$2y$10$sAixdpzXpcOLA2RYbdwUVuKPIkqGWrnOgT0WAGmoBlkYMLNJzXKUm', 'vhenry', '1976-04-19', 'Joueur de jeux de société'),
(31, 'oceane09@bodin.fr', '[\"ROLE_USER\"]', '$2y$10$ru7jyFEMtj1pBsSC5MU.9e0v5i9iBl.mGQufVB.Gkketpf9Gwgr6G', 'william.morin', '1966-05-17', 'Lecteur de comics'),
(32, 'lucie35@arnaud.fr', '[\"ROLE_USER\"]', '$2y$10$hsuNjb1mbm5J/gKGnPC8/.3VXd9blsg8wP4yb1pTNPVH0WICi1sNG', 'simone49', '1970-06-09', 'Gamer'),
(33, 'renee56@free.fr', '[\"ROLE_USER\"]', '$2y$10$NMpqKj4vILgJll.zvAnqreUe6lzC0IJV1oJ4nS1QQjO6pcHBW3ZWO', 'luc91', '1967-12-31', 'Lecteur de comics'),
(34, 'bernadette.bodin@bazin.com', '[\"ROLE_USER\"]', '$2y$10$kZOOnkXcYnpNnSsfk86U3.vHBmsu1KCrHlcop76uLBkCf84Z83lq6', 'hugues.vasseur', '1974-04-13', 'Lecteur de comics'),
(35, 'eric77@dbmail.com', '[\"ROLE_USER\"]', '$2y$10$TUCxlBp43QBBn59GczC.uewaduRxIeokiZHDgsyVtnErLFb1YG3LW', 'tjoubert', '1971-08-30', 'Gamer'),
(36, 'olivier.lopez@gmail.com', '[\"ROLE_USER\"]', '$2y$10$x4iq7S8LkRwnT9zR.r7JIu7oEI8irIaEHfaCoSya.byZHxRI9Dnzm', 'noemi14', '2006-11-27', 'Gamer'),
(37, 'antoine.marthe@marty.com', '[\"ROLE_USER\"]', '$2y$10$1bvOfUqEcm4abX3A8omvd.6Nppe2Bsllq1989Li75nQwgdPsXPUvG', 'vbruneau', '1983-06-28', 'Lecteur de mangas'),
(38, 'lacombe.alex@wanadoo.fr', '[\"ROLE_USER\"]', '$2y$10$Z.ap3NA.bEZs9VlM9wZHgO36C4KnUfEqwmCCBrmxHS2570jdu4M/G', 'desousa.clemence', '1999-07-24', 'Lecteur de comics'),
(39, 'hortense17@simon.fr', '[\"ROLE_USER\"]', '$2y$10$UiCEeruxSSpdxG9BEnl.9uIrQaZ79UQGxLjLjQ7lPtWl.wYufpjum', 'mendes.bertrand', '1998-12-15', 'Joueur de jeux de société'),
(40, 'theophile14@ruiz.fr', '[\"ROLE_USER\"]', '$2y$10$YSexHHtYyMHTPvdR3yk0hOCsuzLjxj0hSz5Lcnn0cscO2WrFEjNbO', 'susan96', '1971-04-04', 'Gamer'),
(41, 'riviere.roland@renault.com', '[\"ROLE_USER\"]', '$2y$10$GM9WoQI8JgnPGXXzNgONwOz63QQUf.ytYU84zA70UT3APIKX9AXC6', 'perez.maurice', '1990-06-04', 'Lecteur de mangas'),
(42, 'henriette.coste@torres.net', '[\"ROLE_USER\"]', '$2y$10$fHgT5q84M.NhcDJyX2ArcuZUPJnjZFXv5yPZD2jkpFywPIrQDsAtG', 'odette08', '1967-08-18', 'Lecteur de mangas'),
(43, 'roux.juliette@club-internet.fr', '[\"ROLE_USER\"]', '$2y$10$44fIQck/D7nXE4aJMU1ubOxOFs/rEXogmEw3ZCUHCWtYtPF3SWpfe', 'dchauvet', '1995-12-27', 'Lecteur de mangas'),
(44, 'rene.vidal@marques.fr', '[\"ROLE_USER\"]', '$2y$10$w26ywoTldPbQEC2rmH1MmOalmVZ05Pfie01yKV9t2R4pQy263FlIG', 'vperrot', '1995-07-25', 'Joueur de jeux de société'),
(45, 'wantoine@orange.fr', '[\"ROLE_USER\"]', '$2y$10$zNVQcbcYO6Qr2xMvcpzuAeiC1ZRQz5GXzamDE.JgYEPOE3azHWynq', 'monique.potier', '1989-05-12', 'Gamer'),
(46, 'theophile.moulin@albert.fr', '[\"ROLE_USER\"]', '$2y$10$AGVnORVoLqYdTVoB.Fb9e.LwElaCnXzUNkRW4SZ5VjPs4NjAOCtfG', 'fraymond', '1995-07-22', 'Joueur de jeux de société'),
(47, 'alexandria.salmon@hernandez.fr', '[\"ROLE_USER\"]', '$2y$10$gflbPH1kLtFXhHMivuj5xOVHn/8f7aHV6CmHQqQgqP3C0srmEbCfC', 'arodrigues', '1986-01-03', 'Lecteur de comics'),
(48, 'etienne90@mahe.fr', '[\"ROLE_USER\"]', '$2y$10$zUAOzsr.2CF5ifrDOXxBsuDFctIrQOs699jyW0rA9JvAaum07/X3G', 'girard.zoe', '1962-02-22', 'Gamer'),
(49, 'ebouchet@wanadoo.fr', '[\"ROLE_USER\"]', '$2y$10$eh2bM5yXWf.GkuB8DjS6u.bHK1nmZm/f6HkIGCVUhvVVBmediuhCa', 'margaret.mallet', '1966-04-01', 'Gamer'),
(50, 'cfrancois@free.fr', '[\"ROLE_USER\"]', '$2y$10$1t4hEfl17jZagbLfuteHHuo/up6miW4cuH/F/wXgVBY0JyFg/DaWG', 'laurent.catherine', '1965-02-08', 'Gamer'),
(51, 'caroline.rolland@tessier.fr', '[\"ROLE_USER\"]', '$2y$10$JXuetCzUKsvcTeH79qKmj.V5.58i39jZd7H6Y2QgRlScw.QXmXmvO', 'roche.maurice', '1972-05-13', 'Joueur de jeux de société'),
(52, 'olivie.lacroix@tessier.net', '[\"ROLE_USER\"]', '$2y$10$2spFJqR.GJ1Lz4YYtDnfVeuDcVH1Btk23TMGQR9mmcoySRsB3gUO2', 'marie33', '1964-01-28', 'Lecteur de mangas'),
(53, 'gilles47@wanadoo.fr', '[\"ROLE_USER\"]', '$2y$10$drv4f1cbEbnPu4NXkGGwuOVBWW5T7n2OOP/QR0BtgeJAjqB/bGl92', 'renault.philippe', '1984-09-13', 'Gamer'),
(54, 'oberthelot@noos.fr', '[\"ROLE_USER\"]', '$2y$10$gJSjKS4p/FXeKDx6fitOD.LDATr1PPmfBQ36Ufx0zY6uIov9I.ZMq', 'guillaume.joly', '1981-01-08', 'Joueur de jeux de société'),
(55, 'cohen.simone@wanadoo.fr', '[\"ROLE_USER\"]', '$2y$10$PEhqs.WmGm.q1C1N9onpAuHmQQs9x/NT8Gi9ZpzjVUulziH4iTVUm', 'genevieve74', '1982-10-05', 'Gamer'),
(56, 'meunier.frederique@lefort.com', '[\"ROLE_USER\"]', '$2y$10$wZ2fK85xhBTfNkl/4mEbSukIfMJ12LQ4dmg2Q74dAf0Z2.PzH48EC', 'raynaud.isabelle', '1987-12-20', 'Joueur de jeux de société'),
(57, 'igaudin@tanguy.net', '[\"ROLE_USER\"]', '$2y$10$hStNtEEuDa8kv4DJEH/1.e82MTrbyO99LupE3AhbRwdzkzGaqKxWK', 'pierre89', '1990-10-12', 'Joueur de jeux de société'),
(58, 'maury.hortense@hotmail.fr', '[\"ROLE_USER\"]', '$2y$10$MoVKVkTDMMDZEEwk6WA4JO/8dJBh/sNtjqtzbGc8PJYptZbGvqeWa', 'rtoussaint', '1989-01-28', 'Gamer'),
(59, 'henriette59@yahoo.fr', '[\"ROLE_USER\"]', '$2y$10$Itzu2a2PESMBHfS8NBy.h.LFjySm2DMuDOahYD2PG2DOBt1w0mOmi', 'chartier.adrien', '1966-06-17', 'Lecteur de mangas'),
(60, 'thomas.maillot@hotmail.fr', '[\"ROLE_USER\"]', '$2y$10$gQUD0v03S59do5kL6X4qtuKTpPV9s0vKduvh.qTEK2mWGv.O5nKb.', 'rene.delaunay', '1972-04-07', 'Lecteur de comics'),
(61, 'didier.therese@laposte.net', '[\"ROLE_USER\"]', '$2y$10$MD8SrDAmTQi0L7CNOwPyBONL20jURvuJZyH3tAJpRgEURxI2sIMKe', 'arnaude17', '1992-05-05', 'Lecteur de comics'),
(62, 'delannoy.cecile@sfr.fr', '[\"ROLE_USER\"]', '$2y$10$o6zD.M9tLpiN7UFwWzF0U.H4EMlc12YpxaK/RXie2SxKPFZGmXsWC', 'dias.thibaut', '1975-10-05', 'Lecteur de comics'),
(63, 'michelle.laroche@orange.fr', '[\"ROLE_USER\"]', '$2y$10$64ROrUw5KyGnIkIWlgjzXOI0J02vFIhUQX4fgOARGO792mpCuhETK', 'dubois.alphonse', '1975-08-28', 'Lecteur de mangas'),
(64, 'ybourgeois@noos.fr', '[\"ROLE_USER\"]', '$2y$10$rjRP3UX2u1yjMbjs3smuI.gdQAkuB91uezhy5s9grG5MLPPT6N.G6', 'erenaud', '1967-09-19', 'Lecteur de comics'),
(65, 'claudine26@live.com', '[\"ROLE_USER\"]', '$2y$10$O609HWfaVFzx6gySbI0RrelaaOK9UTTWyLGZSEJL0WJoJKRc.0wue', 'theodore67', '1964-12-08', 'Gamer'),
(66, 'jerome87@bernard.net', '[\"ROLE_USER\"]', '$2y$10$acyWLc1UqZoADiJIplF.ieNKp8eIK7eytJTTW1dW3Cfcx.bXF9qZC', 'vidal.aimee', '1981-02-18', 'Joueur de jeux de société'),
(67, 'christiane67@orange.fr', '[\"ROLE_USER\"]', '$2y$10$H205DkEVzKDSBG9vsuT1buq4m42sbvHZQ8Ybzu/ksKBC94opBiLmi', 'marchand.amelie', '2003-03-17', 'Gamer'),
(68, 'qguyot@guerin.com', '[\"ROLE_USER\"]', '$2y$10$2Z3.Ou687qZtp8S4oXew0uQhxd5CV8C098DzRQIEx5X8qKSNsx50u', 'sylvie.alexandre', '1974-07-12', 'Lecteur de comics'),
(69, 'aurelie.royer@free.fr', '[\"ROLE_USER\"]', '$2y$10$n2Gig/by/22AqOI1wiCJ9uMlo3HWGsrSYkGhuNew/W.bdiOE3gARC', 'bertrand.antoine', '1995-10-20', 'Lecteur de comics'),
(70, 'rbriand@pires.com', '[\"ROLE_USER\"]', '$2y$10$oXMaUBv3BYhJpfnJK3iv4u7FAefQf3rQxfsPeWxt0V9.2nsCPtoHW', 'traore.dominique', '1985-11-02', 'Joueur de jeux de société'),
(71, 'margaux33@hotmail.fr', '[\"ROLE_USER\"]', '$2y$10$RxjAuJARgmKG6yKPxEAGQeQ6/hAfFJWVhi7He22LPqmzn/jd6JEcq', 'reynaud.thibaut', '1993-10-22', 'Joueur de jeux de société'),
(72, 'hamon.jeanne@sfr.fr', '[\"ROLE_USER\"]', '$2y$10$FdyY9jeF5Tcd2iM25f/Qme65BhbQuCJY/gmcjNvF8htFTcoyjBU.O', 'anne.jacques', '1975-05-07', 'Lecteur de comics'),
(73, 'anne74@orange.fr', '[\"ROLE_USER\"]', '$2y$10$4Bv6nvnGndPZ8y5eOfVsPu5aJC7Ad71uZmKr1ElsHlFImrgiWZzCC', 'nathalie47', '1998-02-20', 'Lecteur de mangas'),
(74, 'ndacosta@wanadoo.fr', '[\"ROLE_USER\"]', '$2y$10$oYyqhdg4a8R6Dtqy9PfzlOY8uzWMKqElAMEgcMJUkJi/OrEd1NQOy', 'sebastien27', '1964-02-15', 'Gamer'),
(75, 'ines.guillet@free.fr', '[\"ROLE_USER\"]', '$2y$10$rYiSfzE.IsQvSYxB.lEGs.R5iwWQRzpctFWTPaDrPAxfuNsYDFtsW', 'pons.philippine', '1994-09-02', 'Gamer'),
(76, 'cousin.jerome@boulanger.net', '[\"ROLE_USER\"]', '$2y$10$iayiCQ7LoGlaq9QeIYU1J.w7xNTgHoAnSs.8XzsRz1TMoyMd5oTrS', 'uweiss', '1999-09-29', 'Gamer'),
(77, 'pires.julie@gmail.com', '[\"ROLE_USER\"]', '$2y$10$XVHVbqEzqobbuM/ovbo0xOOxugxu/emUzHEMytdsKZv3ts81hhGIW', 'xriou', '2002-10-02', 'Joueur de jeux de société'),
(78, 'jerome.lambert@wanadoo.fr', '[\"ROLE_USER\"]', '$2y$10$GCu1EUlyguhoImgnX4VkVuE8fbwj6ekWKgIXHVX7Z1LWCtRp6WQta', 'bernadette01', '1977-02-01', 'Gamer'),
(79, 'claudine86@bazin.com', '[\"ROLE_USER\"]', '$2y$10$SkY3rpnTdTiZmGEYg9JCu.1VIEs7ykf03/edpdaI0owm8sdueplRm', 'sbertin', '1986-12-07', 'Lecteur de mangas'),
(80, 'alexandria.letellier@noos.fr', '[\"ROLE_USER\"]', '$2y$10$SJyyKqcOPK6z7cxnN.0xOeESfjy6P1MW.VWo/CFBvjk5OR.rHLzOC', 'penelope84', '1966-03-29', 'Lecteur de mangas'),
(81, 'ubaron@orange.fr', '[\"ROLE_USER\"]', '$2y$10$.RAX/8yxwWnRgYzRyRJRE.wuL3.pbs6gQegRWz8.wfEJheR1QIqOi', 'qleblanc', '1995-05-16', 'Joueur de jeux de société'),
(82, 'constance47@dbmail.com', '[\"ROLE_USER\"]', '$2y$10$mROnSE1P0Ed3RLaSubWv/udV0XK48VHkQ3MzstsEWdq5z.TW9uLN6', 'honore.legros', '1990-08-28', 'Lecteur de comics'),
(83, 'philippine09@fleury.com', '[\"ROLE_USER\"]', '$2y$10$LgOOmGY3bTX5HQKSBZiOTeAcHlzmXPs/DsUCEzGocl3LzebMF1JOq', 'michaud.honore', '1976-12-25', 'Lecteur de comics'),
(84, 'sdavid@marchand.net', '[\"ROLE_USER\"]', '$2y$10$qPv3vvQ548Cfz5YST1hx.uGiXtQ4a/AR7jl9mRqN4cKSkLD7LELby', 'germain.victoire', '1971-09-01', 'Joueur de jeux de société'),
(85, 'victor33@free.fr', '[\"ROLE_USER\"]', '$2y$10$ILpzL2WJqFZBp3wDReZYQenucqXi.dAXrTrW33Gj8a1eoYEDzKScO', 'benoit.joseph', '2007-04-04', 'Lecteur de comics'),
(86, 'hernandez.mathilde@orange.fr', '[\"ROLE_USER\"]', '$2y$10$vy7JbB8.8yMW6ZZbo16vl.7KlWNfJqFmYb317PNQWxPhcF/OwmdaS', 'picard.madeleine', '1973-02-12', 'Joueur de jeux de société'),
(87, 'alves.helene@vaillant.com', '[\"ROLE_USER\"]', '$2y$10$RZLDM2nT2qePtr18gtiSfePsr.jorfKeAueRO.VMHhjJzA5TWJVVu', 'jtexier', '1988-04-23', 'Lecteur de mangas'),
(88, 'remy23@fabre.com', '[\"ROLE_USER\"]', '$2y$10$RCuhB5P/hLT6d/O8qFVx8uDAeCL6VoZOx4xZ/h3sSN/Gmu/DMy8Hu', 'amoreau', '2003-01-02', 'Gamer'),
(89, 'knormand@gmail.com', '[\"ROLE_USER\"]', '$2y$10$cVj9AqWAwQ3seF1WefTQ9OicahiGzp/VlA1pCyEsFtzz36ezk5nUi', 'barthelemy.henri', '1994-07-01', 'Gamer'),
(90, 'pierre.alain@perrot.net', '[\"ROLE_USER\"]', '$2y$10$ELuoQoG56c5Une77XsqAGuLi71LFEGq/Acdr/kA9OZFTCF6h97B1S', 'mathilde07', '1995-11-21', 'Lecteur de mangas'),
(91, 'gilbert48@gros.org', '[\"ROLE_USER\"]', '$2y$10$Tzqg6JnfXPzKdCI7FRMmsOoUmmyLZrScqdFnz5co.dIFbkUozOyeG', 'durand.bernadette', '1972-02-20', 'Gamer'),
(92, 'henriette66@gomez.com', '[\"ROLE_USER\"]', '$2y$10$4vnkEa06uqmQyNVctJiJbOm.Zj/WxGHyjuGrvpd0qWlrgifRpJ6mC', 'adele.rossi', '1984-06-12', 'Lecteur de mangas'),
(93, 'guillet.aimee@gmail.com', '[\"ROLE_USER\"]', '$2y$10$Pxr8RoHXq4Kmy4nBKg0YYemHy/iKFErxQkDDuw6yObfaB68jdxCSO', 'lopez.denise', '1975-07-20', 'Lecteur de comics'),
(94, 'adrien36@hotmail.fr', '[\"ROLE_USER\"]', '$2y$10$Vi/nn2rZ9NSyH4U0w221FeL8RlUuDZ52AfvFcH5CfCvHjlJi95VjS', 'philippine.vallee', '2008-08-15', 'Lecteur de mangas'),
(95, 'edeoliveira@lucas.org', '[\"ROLE_USER\"]', '$2y$10$2roA42rVvPW4YyiYXCnvPeHEpqNZyucgS/nrjrFDn6bmzHwRv0TDO', 'vallet.denise', '1986-11-18', 'Gamer'),
(96, 'paul46@live.com', '[\"ROLE_USER\"]', '$2y$10$urv1eOdudKxKN5/lixFha.859hFeQaRyCoBx2cSn6PaLGghlGWK7S', 'hleveque', '1991-08-25', 'Lecteur de mangas'),
(97, 'michelle77@dbmail.com', '[\"ROLE_USER\"]', '$2y$10$ZqDqHQ7sxUSTKlmPfNDBoOk9J2OFeNij55VhztXJz4OYl1CoUTmru', 'joseph63', '1998-06-18', 'Lecteur de comics'),
(98, 'imace@noos.fr', '[\"ROLE_USER\"]', '$2y$10$7LhKqu4W426i.LDn0qKN5.s9svdiFSB5TGiBv1niSzWkZ8vkhjoQu', 'prevost.helene', '1978-12-10', 'Gamer'),
(99, 'jreynaud@roussel.fr', '[\"ROLE_USER\"]', '$2y$10$HmgIK.XJBZD/5OMXsCRTyOjtBZzZGPWX5j2cQRpnd1Rn0VKu8hxhK', 'zmoreau', '2008-02-02', 'Joueur de jeux de société'),
(100, 'boutin.margaux@guillon.fr', '[\"ROLE_USER\"]', '$2y$10$WgxqXrXujM3ai.wBYTqcnu22u/xhJz3UKXe8uczDm6COLbisxU8OO', 'josette22', '1986-10-02', 'Lecteur de comics'),
(101, 'nicolas.auger@yahoo.fr', '[\"ROLE_USER\"]', '$2y$10$CsYHKumXh92F3WiYXsDNZeUnM1a2gaCPaYPAV64Xe65rX9wPkaJky', 'techer.charles', '1963-01-03', 'Lecteur de mangas'),
(102, 'thierry48@tele2.fr', '[\"ROLE_USER\"]', '$2y$10$YNAlR5HD9176suFYTuFDle19jfcAbmYNGgNU2M0llIF8zgoHmpbru', 'michele.ruiz', '1964-01-08', 'Lecteur de comics'),
(103, 'dominique88@morel.fr', '[\"ROLE_USER\"]', '$2y$10$QWTGGANKXYmFExMZLjQbL.lTXvhHkZktp5ng4qr1UwhqOtE2/jyFe', 'cfaure', '1982-02-11', 'Lecteur de mangas'),
(104, 'nlegall@noos.fr', '[\"ROLE_USER\"]', '$2y$10$daqopPEe0oQsLz4Uha2sNOSVZ3uxK3ZiDIYfDK.2mHurUEILe1FDS', 'eguillon', '1986-03-22', 'Lecteur de mangas'),
(105, 'matthieu.renard@potier.com', '[\"ROLE_USER\"]', '$2y$10$Mjiz/E9J8HqnATlStFUXp.DE5a2iDavCH7QCJjJwK/8mZH4CGv/YK', 'deschamps.arnaude', '1992-07-28', 'Gamer'),
(106, 'suzanne.baudry@sfr.fr', '[\"ROLE_USER\"]', '$2y$10$JEy7ce0YQvShZcueKcI4gux59UUVcJLHAwVUNjhTqyXacxbS6VHQu', 'oceane64', '1964-10-08', 'Gamer'),
(107, 'charles.dufour@dijoux.com', '[\"ROLE_USER\"]', '$2y$10$TbDPMylUnLkzFCpv6dtMweYm2HqE88kN2zPBkKm3JOeta7U055pgm', 'zgautier', '2006-12-11', 'Lecteur de mangas'),
(108, 'dchevalier@gmail.com', '[\"ROLE_USER\"]', '$2y$10$zjXUUoMDKk8SKSSPf06fX.guAEYiB7zCYouQC0EQAsdbacAUnd7C.', 'etienne35', '1972-10-13', 'Lecteur de mangas'),
(109, 'fraymond@daniel.org', '[\"ROLE_USER\"]', '$2y$10$O5ygNAmsfHFCwJRqK2uOW.iW47VfAPj8t5sdXbkfNRs3D9Rt0jSbi', 'qlacombe', '1975-04-30', 'Lecteur de mangas'),
(110, 'therese30@gmail.com', '[\"ROLE_USER\"]', '$2y$10$BGwiDTofuAnLbBwrB4abxeSnuwnBqaGOZhO7qImCmi8eN.Nh8Lngy', 'louise.blanchard', '1986-02-15', 'Lecteur de mangas'),
(111, 'emilie25@rodrigues.com', '[\"ROLE_USER\"]', '$2y$10$BUGjT3tJ7w.jiri8Q06pWuCEGgZrfDz0mTXpXz5zgw1u9v.LrNhKe', 'emile.torres', '1995-02-20', 'Lecteur de mangas'),
(112, 'henri.marques@marin.org', '[\"ROLE_USER\"]', '$2y$10$20/YfOEoPIOdjPB/wuFDNepNKpxNfmh5uP7jswZsRiQZzOANJLlGO', 'noemi18', '1971-09-24', 'Lecteur de mangas'),
(113, 'kpaul@wanadoo.fr', '[\"ROLE_USER\"]', '$2y$10$/A123vkr0.oqgf04CtuEaOIPVXQBKbjT9R5c5MS5KqwUwtrJaQhXW', 'maurice.bonnet', '1980-07-02', 'Lecteur de mangas'),
(114, 'amillet@free.fr', '[\"ROLE_USER\"]', '$2y$10$sbFYUIGN8vV9K10O/L8k/OY9ItQVXWN71O7kWh7gTPaRkHrAXDJzC', 'btessier', '1996-01-15', 'Gamer'),
(115, 'lecoq.adele@gmail.com', '[\"ROLE_USER\"]', '$2y$10$dWFD9haOc8mhG3Smh/4DPeEFakrErVWvAmnUOIeYAzHs0xUGflt6e', 'paulette.courtois', '1965-10-26', 'Joueur de jeux de société'),
(116, 'hoarau.matthieu@sfr.fr', '[\"ROLE_USER\"]', '$2y$10$mRMCCVBmmzvp9nXYtLYbY.1urDoVXXftgIGGec.kzuGYTWJeTnDCi', 'claire04', '1995-07-12', 'Gamer'),
(117, 'bthibault@mahe.fr', '[\"ROLE_USER\"]', '$2y$10$qOIOVybkdomKtbkHUm/DBuPzinJ9JCVg7QjGVAZ1.SGzDWYZkwrhq', 'michelle.millet', '2003-03-05', 'Gamer'),
(118, 'kdacosta@gmail.com', '[\"ROLE_USER\"]', '$2y$10$UNVaEZUuJ/EPT6zsfiIQsOSGOykYVUjqQkzEj/8/Mv/o2mfSYCXLW', 'daniel.weber', '1963-02-16', 'Lecteur de comics'),
(119, 'ines.lefort@perez.fr', '[\"ROLE_USER\"]', '$2y$10$VyXzxLORrhWurkIITxaxkeJi.GA7PzHxQZ4vSSJbES6V7qti0JI1q', 'caroline29', '1997-07-15', 'Lecteur de mangas'),
(120, 'bonnet.michel@leblanc.fr', '[\"ROLE_USER\"]', '$2y$10$RF6wZI0WDJKN6ewuhhT1AOutX3/dOn7mv9DkdUbX2VYUdDSLgWrRa', 'hugues.cohen', '1990-06-04', 'Joueur de jeux de société'),
(121, 'morel.lorraine@tele2.fr', '[\"ROLE_USER\"]', '$2y$10$mJBZhqM5Ir8KYpfV1o2KM.9FpaSBDCgbn1ek65nw2O2azYG6G6C16', 'bguibert', '1997-05-24', 'Joueur de jeux de société'),
(122, 'raymond.perret@sfr.fr', '[\"ROLE_USER\"]', '$2y$10$W68KVpqI2JeX.jFp3Upxk.fCH0UWTH5Dke78yvmySSwpPr0PZpr0q', 'leon.bonnin', '1970-07-15', 'Gamer'),
(123, 'friviere@thierry.fr', '[\"ROLE_USER\"]', '$2y$10$aq3FjxpwcnHFUPAg86FZaONnhjGhsZh3DtfDydyqVVAEEoi51sELC', 'tleroux', '1979-01-07', 'Lecteur de mangas'),
(124, 'cleveque@club-internet.fr', '[\"ROLE_USER\"]', '$2y$10$aylP0TZkmP/voCIZ.KW/BO15nCGd1DgVRS3KX76CvAncXOKeDRI.G', 'cdasilva', '1979-01-07', 'Lecteur de mangas'),
(125, 'edouard.muller@chauvin.net', '[\"ROLE_USER\"]', '$2y$10$jdO.mEVyxJf.M/AcAypj3u.0RmDuXdvYSt8sF3VsrAHwRrp4iRxiS', 'irichard', '1965-08-30', 'Gamer'),
(126, 'mallet.gerard@gmail.com', '[\"ROLE_USER\"]', '$2y$10$LTq1lCwxhAs3hZMz/0s.n.yeMvRsPNy6YszQOxLLXqDxSdYw1YM9i', 'juliette63', '1986-12-10', 'Lecteur de comics'),
(127, 'foucher.jules@david.net', '[\"ROLE_USER\"]', '$2y$10$bzdlXiDekWBfikz7LM4DJex2lq7IWxLaLOheuHKQh77hLelYheZtG', 'trenard', '1973-04-24', 'Lecteur de mangas'),
(128, 'alexandre.maryse@antoine.net', '[\"ROLE_USER\"]', '$2y$10$uzmQQhSuAUNfwshQq5lLfe5b7CgmFuJ3GuslyqqlMM8lCjYh1VTEe', 'nchevalier', '2008-09-07', 'Lecteur de comics'),
(129, 'henri.etienne@live.com', '[\"ROLE_USER\"]', '$2y$10$DLlIqwRFzojONKfpbh1bgecDXOSvNuTbukjnsS8n6uiO9B9MF4SlG', 'suzanne.lejeune', '1997-05-18', 'Lecteur de mangas'),
(130, 'rmichel@lamy.net', '[\"ROLE_USER\"]', '$2y$10$wNEfBqkccVtsNsK6aoQMDOhPhcfPluwFZchoVDe3aSlLzXoeS2SIC', 'emorin', '1982-06-13', 'Gamer'),
(131, 'glaurent@noos.fr', '[\"ROLE_USER\"]', '$2y$10$2teMt05sYXNyf56JbNoq1.S965wSe9Nt0a6o0.nhq7/F/Ru7FkqGy', 'jerome.baudry', '2007-11-21', 'Gamer'),
(132, 'imarques@foucher.net', '[\"ROLE_USER\"]', '$2y$10$K4jhTFEqyoK5P0lK7GK7TOGqA9/YEK99DT.IcwHGGXThuiSqE9Nyu', 'marchal.francois', '2008-04-14', 'Lecteur de mangas'),
(133, 'lemaitre.veronique@hotmail.fr', '[\"ROLE_USER\"]', '$2y$10$SUPperh2J0sDDMoe.Gcd2en0gqNexgOKex4fSQYqcS50qfEdWV3b2', 'renard.alexandrie', '1993-09-12', 'Lecteur de mangas'),
(134, 'mgonzalez@grondin.fr', '[\"ROLE_USER\"]', '$2y$10$pcP5.aGDn.32NbdMkoFO1eJRNOqgQlpCcjh.7vDdu38Pvu2CppIrW', 'hamel.thomas', '1976-07-08', 'Gamer'),
(135, 'laure.richard@noos.fr', '[\"ROLE_USER\"]', '$2y$10$dnseHj96d/12PDdx/ixk5OAj49EwrNy7qYNLnyE4fc1zJSHSpCjuC', 'patrick.klein', '1980-11-14', 'Lecteur de comics'),
(136, 'agnes70@hardy.fr', '[\"ROLE_USER\"]', '$2y$10$1xoaDFaDUVz5QW1Urj8yvOdVI8YvO4yLMehiEJHaqP9s56/nuN0iW', 'perez.lorraine', '1964-11-23', 'Lecteur de mangas'),
(137, 'alexandria50@noos.fr', '[\"ROLE_USER\"]', '$2y$10$b35bHhimjA6hX3P0Q2MxJeAPAe63xqb0nwFHANy9tGpFACK8lHYYm', 'patrick.briand', '1996-05-21', 'Gamer'),
(138, 'rene24@marchal.fr', '[\"ROLE_USER\"]', '$2y$10$uqme8vMOgcUogj6JuTRLke5lJovmY4fmKDOzcOmgtLMoaLlAWAxwe', 'henri40', '1987-11-28', 'Lecteur de mangas'),
(139, 'diaz.laure@yahoo.fr', '[\"ROLE_USER\"]', '$2y$10$F4Ln.JVH6aVdxICnxqpRm.gcMjJ15dD7YKTFHRYTZB1Ff2/iEMHam', 'francoise.collin', '1993-06-28', 'Joueur de jeux de société'),
(140, 'marion.isaac@sfr.fr', '[\"ROLE_USER\"]', '$2y$10$IFe7qf61o1MIOXYbuoN/AuhM.olvcmDrxUaczdblHpBoGjy7WQuNu', 'victor.leclercq', '1984-09-02', 'Lecteur de comics'),
(141, 'paul.philippe@orange.fr', '[\"ROLE_USER\"]', '$2y$10$y7fGR5hfoisef.uhR2rqmeN5E9rYsecmf25RhJsmVCnJYOLPFXJsC', 'daniel.garcia', '2004-10-27', 'Gamer'),
(142, 'marty.raymond@laposte.net', '[\"ROLE_USER\"]', '$2y$10$4LagrSOz16DnJ9ygKVD5buTpU2/TNG8RAE7mTnztncNwKa/76lEa6', 'hernandez.paul', '1969-01-04', 'Lecteur de mangas'),
(143, 'joseph03@lecoq.com', '[\"ROLE_USER\"]', '$2y$10$gkH2CEuMS0E4cg07hewYUeAruYV5h7Yk7Fh5dB9Vzj1nKy9vX04uq', 'bertrand92', '2002-02-04', 'Gamer'),
(144, 'thomas45@club-internet.fr', '[\"ROLE_USER\"]', '$2y$10$lHBdT3Bh4Zh0mSU3.KQlSOChDRLG01AlP54pRtf8UAAr5h25LK0W2', 'arthur.dossantos', '1968-11-14', 'Joueur de jeux de société'),
(145, 'christophe04@olivier.com', '[\"ROLE_USER\"]', '$2y$10$VbX505z4nugR7Vmk4zNZFuF7u4I6ytgOtCm9GHJFuiZ8W3XX.kAzm', 'asamson', '2001-02-27', 'Joueur de jeux de société'),
(146, 'robert.pereira@hotmail.fr', '[\"ROLE_USER\"]', '$2y$10$J5HUj4Iz34uzrHoLUztsuuqD62X26gPCvLRksAJiOd80S9V8urAw2', 'gabriel85', '1995-02-25', 'Lecteur de mangas'),
(147, 'roy.bertrand@joly.com', '[\"ROLE_USER\"]', '$2y$10$d1icEtStz84Dvw1zWdQLcObWLk4An/ehyioosiVi.S0Ar7iccml5K', 'potier.theodore', '1977-04-15', 'Lecteur de mangas'),
(148, 'laetitia.peron@mahe.fr', '[\"ROLE_USER\"]', '$2y$10$WdD1YYGrulyseWcw5sXjd.m.jGPxVg/DR/KFml3XJTVUxQq8zL02C', 'duhamel.vincent', '1979-08-23', 'Gamer'),
(149, 'letellier.alfred@barbier.org', '[\"ROLE_USER\"]', '$2y$10$5AW3vqVA3HRi7eai3FjT6uF5sXYWMOdcEw37n7vycOv4rDwqQxria', 'nicolas43', '1990-09-15', 'Joueur de jeux de société'),
(150, 'lejeune.vincent@laposte.net', '[\"ROLE_USER\"]', '$2y$10$QoA6uCbVQ8Ii.0aTWr/zIulZxf3U.TLWzOI6KdwyWrHDgpFW1tUlS', 'gjean', '1975-11-30', 'Gamer'),
(151, 'fgosselin@sfr.fr', '[\"ROLE_USER\"]', '$2y$10$DWTMhQd.zEoRIx.e1E6aE.B1UAU.4gAGO5Kciuwv0gBItVTTSz2VO', 'mdelmas', '1990-03-19', 'Joueur de jeux de société'),
(152, 'chauveau.henri@masson.com', '[\"ROLE_USER\"]', '$2y$10$gdpCFe/Yp6uPOMVS0SxsIuTFYO6NxW0Rjhr0KtK8GeWmSyuG7uzW6', 'torres.jules', '1977-10-14', 'Lecteur de comics'),
(153, 'zoe.perez@hotmail.fr', '[\"ROLE_USER\"]', '$2y$10$rhqsd7XPMRyxpG8tts3U6eJuTunCbagf835.bMqZPvVXUwJXuTEry', 'nguyen.josephine', '1989-05-06', 'Lecteur de comics'),
(154, 'alfred06@bazin.com', '[\"ROLE_USER\"]', '$2y$10$P6QbDJQULhvx0OsMQjY7P.kIp.jwcLXqvTAgq7vRtUnO4D//KwcZ6', 'luce78', '1988-12-30', 'Lecteur de comics'),
(155, 'david.hebert@sfr.fr', '[\"ROLE_USER\"]', '$2y$10$zehpa3w2eelIeUqgPi6QsuSXQiSjBnx.ad0x.hFD7i24mTK3FzI6m', 'pasquier.camille', '1991-09-03', 'Joueur de jeux de société'),
(156, 'bertrand58@noos.fr', '[\"ROLE_USER\"]', '$2y$10$mCls5ehq6MPyZis7dbWjPeidqIMva0vLhZEymoihtyYPSnCH6VPp.', 'colette.mathieu', '1963-07-20', 'Lecteur de comics'),
(157, 'apeltier@techer.fr', '[\"ROLE_USER\"]', '$2y$10$RdqefYCBAtHfJlRtU0iVAOH/05tHbkAUYIYmUUQ8VSHDPD5R9.X2m', 'antoinette.monnier', '1980-07-18', 'Lecteur de comics'),
(158, 'seguin.rene@yahoo.fr', '[\"ROLE_USER\"]', '$2y$10$IQhPlGhdTy0.0QNgoB5NYeES9C.ROkpfGjmu6rvzMiUYiQvx1pZ6e', 'germain.danielle', '1985-02-18', 'Joueur de jeux de société'),
(159, 'alexandria83@denis.fr', '[\"ROLE_USER\"]', '$2y$10$JeKexdgcXx2GE9YiFijlmukzG.2YeEQdqb7iAWZnLogQHZ2V0bQ4a', 'alphonse.barbier', '1968-05-12', 'Lecteur de comics'),
(160, 'zmonnier@orange.fr', '[\"ROLE_USER\"]', '$2y$10$UGXZkJO7fMJlRStoThLXfOI3wn1ArZtXDXzKE/wq7MAyoeqoeI/y2', 'wlecomte', '2000-11-23', 'Lecteur de comics'),
(161, 'fpotier@live.com', '[\"ROLE_USER\"]', '$2y$10$/UlqgpwzbJbh5HLD9qFFrO.xCvSuQFserpnLRF6M5A4ljJiID2VLC', 'hjacques', '1984-07-13', 'Lecteur de comics'),
(162, 'caron.frederique@chevalier.com', '[\"ROLE_USER\"]', '$2y$10$XNyobDWzONH6HnKESzLbbuAbuKh/SG0wnQMrkYkhI0SHG831DYTsG', 'marcel.gimenez', '1967-07-29', 'Gamer'),
(163, 'xleveque@antoine.com', '[\"ROLE_USER\"]', '$2y$10$cq7.djp2.oAsTUuoRy.KFOQBOO0jYtS/IMHuDYu469Aour5Be9t1u', 'dominique.guilbert', '1999-06-09', 'Lecteur de mangas'),
(164, 'louis34@barre.fr', '[\"ROLE_USER\"]', '$2y$10$rw7RBrQOq7.FBIMQP5QKEOE2aYQ5bQgbijJMBkm4S7ceEcvF1WlNG', 'ugimenez', '1970-04-13', 'Lecteur de comics'),
(165, 'gilles.caron@bertrand.org', '[\"ROLE_USER\"]', '$2y$10$ZTqQ7FNqU.CMfovOKl8pkuVwnWbjkNuW//mVWDnQG.k6wgwjGO5jq', 'thierry.roger', '1982-03-19', 'Lecteur de comics'),
(166, 'pinto.alain@orange.fr', '[\"ROLE_USER\"]', '$2y$10$l0mGUsKMYczn3pkBcyu6UOypQr3xQdMlGeA/X0o9/cBJ50jL8Y/p2', 'marin.camille', '2001-01-04', 'Joueur de jeux de société'),
(167, 'eugene73@briand.net', '[\"ROLE_USER\"]', '$2y$10$TcISYpANiUBT022MN6WBj.VgcupC8BBiZX5hrDyKIEBdaeWgsNORa', 'hugues65', '1976-05-01', 'Lecteur de comics'),
(168, 'claire05@laposte.net', '[\"ROLE_USER\"]', '$2y$10$9RXTCWghZoH9XzAAf56EfuwEFpPcHxcCjUAgjNxakoLwAJzGDvLRK', 'neveu.theodore', '1970-05-25', 'Joueur de jeux de société'),
(169, 'cdasilva@wanadoo.fr', '[\"ROLE_USER\"]', '$2y$10$Cq5P..ypg.8WoAJqOj4mauUXY2.n2bB6dHi0Qfc0YlfVIlGeeMFNq', 'tristan.thomas', '1981-09-23', 'Gamer'),
(170, 'bguillot@free.fr', '[\"ROLE_USER\"]', '$2y$10$yo9nzGyq8NsQT7m1KIkfKurbsQJDmk69NJKFYTFczBZDUZVNu2s.q', 'mmarty', '1966-06-18', 'Lecteur de comics'),
(171, 'edouard13@noos.fr', '[\"ROLE_USER\"]', '$2y$10$rD25rLHj/xQPxTgTr7VZl.l.Lv5nSa3hUIXl9n..MSyBjGRqBWGl6', 'josephine10', '1996-10-06', 'Joueur de jeux de société'),
(172, 'eric.rey@allain.fr', '[\"ROLE_USER\"]', '$2y$10$p8TUkeL9mw0/m7N0r9oUbeD4F9z1WZ35J.rc0o8J.EzN9a0PFzWiO', 'vpayet', '1974-11-20', 'Joueur de jeux de société'),
(173, 'mendes.celine@mahe.net', '[\"ROLE_USER\"]', '$2y$10$5CHmH3k4tXh8cyLgkS/kAOA6g0zBT2KOP9CUkHNdAnSAFqRgdmoX.', 'xhubert', '1980-07-02', 'Joueur de jeux de société'),
(174, 'charles53@arnaud.com', '[\"ROLE_USER\"]', '$2y$10$mRw.LMRhFxRmYmBCx1mkJeNcDxL8cxnQ0Ij7qgABTJs.XVkiylwQq', 'auger.william', '1970-08-26', 'Joueur de jeux de société'),
(175, 'kcourtois@gerard.fr', '[\"ROLE_USER\"]', '$2y$10$IuCo17CAz5gk36k9s4536ek4lIZQGhXMcdtjAkdwWncsvo8JEEZLe', 'dhamon', '1996-02-06', 'Lecteur de mangas'),
(176, 'william15@live.com', '[\"ROLE_USER\"]', '$2y$10$5iIXzOrXSaLpRzyCA7DJLeY9jfIn9XTRJuCUTDPPZkDTEm.oHoPii', 'jacquet.emilie', '1987-08-17', 'Lecteur de mangas'),
(177, 'xhenry@bigot.fr', '[\"ROLE_USER\"]', '$2y$10$l1NbnZGyYoKZx5Nbj2FKaefkToQaMa9dqNR58EzEJjEUFInZJpWDe', 'sleveque', '2005-11-22', 'Lecteur de comics'),
(178, 'rrenaud@hoareau.fr', '[\"ROLE_USER\"]', '$2y$10$EdngCXpsEXgBg/A1u2fM/eU9YWgjSv1tTs6.33Eo88VTuFtGZh7r6', 'olivier.dossantos', '1983-01-19', 'Gamer'),
(179, 'edouard53@gillet.fr', '[\"ROLE_USER\"]', '$2y$10$t3vEYl..wOZty3zy.kAwjOhDDJKC2xkWvsYJ6K4Vgvs8cyuOIQHA.', 'zleroux', '1963-12-15', 'Lecteur de comics'),
(180, 'robert.legall@gmail.com', '[\"ROLE_USER\"]', '$2y$10$SPfaj5jCwhVhCmI0v/kTNOAGyjIPng0R/C7wi1xMPtTZggdEIP0VK', 'aime97', '1997-10-04', 'Lecteur de comics'),
(181, 'ferrand.henri@tele2.fr', '[\"ROLE_USER\"]', '$2y$10$bHsOl8XucRzaMWVjAtdZTetNM/UT8o2E2fjBkRLfDUQv4tPSsXbz6', 'jlegendre', '2002-08-08', 'Joueur de jeux de société'),
(182, 'louis47@bonnet.com', '[\"ROLE_USER\"]', '$2y$10$dwTvVXGSN.m8O7i5gHlhYeCUnOQ2RwWmBcM4jNGyrSL/od9pw/l6i', 'lemoine.antoine', '1999-09-28', 'Joueur de jeux de société'),
(183, 'etienne.margaret@launay.com', '[\"ROLE_USER\"]', '$2y$10$QkCFR/t3FURlxOnCn0QY6u/HXMQ3Bu2mDJI2vxmxAzDOrEh8t.n/G', 'hraynaud', '1996-04-29', 'Gamer'),
(184, 'benard.gregoire@tele2.fr', '[\"ROLE_USER\"]', '$2y$10$70.X5pewXU97ni/jsKuGv.EgBGO1awI36ALHVKlQSYTh1oDuG9frG', 'jacques.michaud', '1962-04-07', 'Joueur de jeux de société'),
(185, 'yparis@lenoir.com', '[\"ROLE_USER\"]', '$2y$10$726BUnY4m9OrrprLCOHKoejmasmEZ0Z6MKf3zguYUCZff0gspfwFa', 'weiss.lucie', '2004-01-20', 'Lecteur de comics'),
(186, 'xlefevre@moulin.fr', '[\"ROLE_USER\"]', '$2y$10$t1BYxxVBXkqFyy3zlP635OES3bL4q.15x.0CNn4LCgHRg2.bEzEqu', 'martin.boutin', '1967-09-09', 'Gamer'),
(187, 'constance.mary@noos.fr', '[\"ROLE_USER\"]', '$2y$10$VIPsgJ3SFsdxmwOeKny3T.sYnEprzD9VEdeMJbXr/ylUKhrk80pn6', 'stephane.jacob', '1971-02-12', 'Gamer'),
(188, 'rperrin@yahoo.fr', '[\"ROLE_USER\"]', '$2y$10$s3AR/NRBocVcEYzLbKmShOb26v3c8P2k.ZXJcMG7YXZQuBZo6ceKK', 'dominique.lacroix', '1965-05-21', 'Gamer'),
(189, 'spichon@masse.fr', '[\"ROLE_USER\"]', '$2y$10$MuUtHyzsGwflQpMh/UzhrOJkefLof2nnEpk1zOoxN5R7A4kJfPn7.', 'marcel.paris', '1962-04-16', 'Gamer'),
(190, 'alain67@club-internet.fr', '[\"ROLE_USER\"]', '$2y$10$brYfYmkuI9.1bRia9kywHeqrKq4Rg1dvejmZ9BISNoM7eFYnH7Cuu', 'henri83', '1976-11-21', 'Joueur de jeux de société'),
(191, 'chartier.eric@gmail.com', '[\"ROLE_USER\"]', '$2y$10$0LRD66FkBMs.qJXWnhY0SuTqF/HyTItiPlInE7fUz.a/p0X4GAj3e', 'rweiss', '1969-01-22', 'Lecteur de comics'),
(192, 'ethomas@vaillant.com', '[\"ROLE_USER\"]', '$2y$10$YxACosG1qCdH0i7gjHUvy.e/sOgsh.XQTxrsej3kgY0BTWnQXpZIW', 'pierre06', '1988-11-03', 'Gamer'),
(193, 'pierre98@noos.fr', '[\"ROLE_USER\"]', '$2y$10$Nv1XEs/XnmzVyzdPZWeGxum0V69z2NyTVTs7oCJt9HiVTikY571nO', 'jbenoit', '1990-02-01', 'Gamer'),
(194, 'zthierry@leclercq.org', '[\"ROLE_USER\"]', '$2y$10$oNgNobRVHxQNLLh.lbYmn..Rt5tjDuCbVyhqBx0SVZo0CD3P7VC9C', 'frederique.ollivier', '2005-04-18', 'Gamer'),
(195, 'hortense.baudry@noos.fr', '[\"ROLE_USER\"]', '$2y$10$b4C8uvuPrDhN4QVfGTmzPeDxFNyWJx43HHZh/HrtN5dgPcmZY35J.', 'maillet.philippine', '2002-11-03', 'Lecteur de comics'),
(196, 'jpasquier@maury.fr', '[\"ROLE_USER\"]', '$2y$10$ans/S1wfjco3cFpyce6akeTAg2/veKoaGXef/Zx/WED/zvbyQBHmm', 'briand.dominique', '1989-05-15', 'Gamer'),
(197, 'dollivier@texier.fr', '[\"ROLE_USER\"]', '$2y$10$vCkHkvaIwXYPfRSyeaAe..wT.ks9uWjYLYLZ9VGFKmy3EkaBxkH06', 'peltier.yves', '1986-05-19', 'Lecteur de mangas'),
(198, 'helene.cordier@humbert.fr', '[\"ROLE_USER\"]', '$2y$10$7D0Su04lVstDXWUX4z60V.v8cTcxIBS3qfeCE4pUIy6/wHgJNTJ3y', 'chevalier.claude', '1972-09-18', 'Joueur de jeux de société'),
(199, 'louis.ollivier@leroux.fr', '[\"ROLE_USER\"]', '$2y$10$5nHwqMZQytw2nxkxsNPhGOX9N3h5wWpND8MTzDcNq6MsK4ISIwH0G', 'arthur25', '1963-12-18', 'Lecteur de comics'),
(200, 'daubry@sfr.fr', '[\"ROLE_USER\"]', '$2y$10$Ykx1PUIVZPrliMxAdS/0VOlc01rJfoabiAfkpZ.DVtdNs4JUzwrFK', 'sleclercq', '1991-01-11', 'Lecteur de mangas'),
(201, 'adrien.renaud@becker.fr', '[\"ROLE_USER\"]', '$2y$10$HKvLqOEWgqiHQ33SCiG90eItr7.F0etv185xuV2OKGDb6X8x9XqUa', 'arthur.grenier', '1974-11-25', 'Lecteur de mangas'),
(202, 'dsamson@hamon.net', '[\"ROLE_USER\"]', '$2y$10$19W1KHtdy8tf2GgGfMVP.uHuvJfd2TIg9ltHcIPWNBhp9T12Eni46', 'ycarlier', '1992-01-11', 'Gamer'),
(203, 'claire.lebrun@laposte.net', '[\"ROLE_USER\"]', '$2y$10$2rfwoTKbQSgeL86dObZ0jOtju/fgdgSbhqS9AMfAuGw9Piz9En.vy', 'hlemaitre', '1963-01-06', 'Lecteur de mangas'),
(204, 'leroux.andree@guerin.org', '[\"ROLE_USER\"]', '$2y$10$dnIInp08IbQ6cuvesieRie041r7xrc6PEL5i/uqAI7jcZh05G2RtW', 'maurice.guichard', '2008-04-07', 'Joueur de jeux de société'),
(205, 'joseph81@raymond.org', '[\"ROLE_USER\"]', '$2y$10$w2W/dEnL4N7W9YwEaDoFi.vhi3d6V4KzNDdED0rkRikY.HrSHKLOm', 'launay.gregoire', '2004-12-11', 'Lecteur de comics'),
(206, 'paul.hugues@mercier.net', '[\"ROLE_USER\"]', '$2y$10$ToJEArGJ17nKgaYZT8Fe6uSmcsLWdeUoZFsw//hOxYhkLp74RuTRe', 'emmanuel50', '2008-01-09', 'Joueur de jeux de société'),
(207, 'bernard18@marie.com', '[\"ROLE_USER\"]', '$2y$10$LHexQr56mXgFANVSr5Xmpe.lcnN/wHqArPFtK4sOs.KgHAU8cPv4S', 'edumont', '1978-05-07', 'Lecteur de mangas'),
(208, 'frederic.coulon@etienne.net', '[\"ROLE_USER\"]', '$2y$10$vcOZqlpH4CJGwr.qlcuh7Ol5V4zAZ5ALPehOL4DZ38vYGIUToEW8m', 'suzanne.gregoire', '1980-12-11', 'Gamer'),
(209, 'wleger@bouvier.com', '[\"ROLE_USER\"]', '$2y$10$GDwum5KKAbNc7mHob1qise/xEONajzDtczC0EUkUXeBeok0BlBS5G', 'joseph.gaillard', '1984-06-23', 'Lecteur de mangas'),
(210, 'margaret24@charles.com', '[\"ROLE_USER\"]', '$2y$10$t4z8LLvnedd7tlvtQJqOZ.J4HYKd4oTsdN0eXltykvvJIU.7JjL/2', 'duhamel.celina', '1988-03-13', 'Joueur de jeux de société'),
(211, 'hgermain@guibert.fr', '[\"ROLE_USER\"]', '$2y$10$zeCw1x9l8oYrbSGhzefsgeXmiTVDAOqkt8Ff1Ib.P4N.PEdfF/BLG', 'uledoux', '1993-01-06', 'Gamer'),
(212, 'chantal60@leger.com', '[\"ROLE_USER\"]', '$2y$10$CQhtV3Dl8PrECYff/L0HIOGJDRY0cNjqAKATqNlg.GNDtquC7VEsK', 'celina.rousset', '1965-06-20', 'Joueur de jeux de société'),
(213, 'ypasquier@fleury.com', '[\"ROLE_USER\"]', '$2y$10$Ygp/IDx8024wXVgdE.ITtOVgnPvuo264wpZpXQWG1ZHmkD9KuJlFm', 'martine11', '2005-10-23', 'Gamer'),
(214, 'vaillant.amelie@wanadoo.fr', '[\"ROLE_USER\"]', '$2y$10$ioyDjirhi3jXwAXQN1eCROFXTu3ZntrLVbX6.KBek82DplZNQpDyi', 'olopez', '1992-04-28', 'Joueur de jeux de société'),
(215, 'qrossi@tanguy.fr', '[\"ROLE_USER\"]', '$2y$10$ti6aA8.jATNeqsMWtQyrSOfuiA6JzMBP3JykHTgr.qdukQzdvayHm', 'bernard.goncalves', '2006-11-17', 'Gamer'),
(216, 'marchal.agathe@germain.net', '[\"ROLE_USER\"]', '$2y$10$SwJGTB7Vo..ArCV/OOJFZ.eFkvctwOjW1qzTun8N2K3Xg7xsarKxK', 'flambert', '1964-09-27', 'Joueur de jeux de société'),
(217, 'camille.philippe@tele2.fr', '[\"ROLE_USER\"]', '$2y$10$7eNgNqqhMV8WD5Rr8.NK0OzJ5rCSgs6do9grOumF8r6Xm/dExdrv6', 'eschneider', '1970-03-19', 'Lecteur de mangas'),
(218, 'gmarechal@free.fr', '[\"ROLE_USER\"]', '$2y$10$dKjkWNq2dz8X39GrqTxKyuxG0ql59CfZFIyFEjIeNFaSoe74Ceem2', 'capucine.payet', '1990-06-22', 'Gamer'),
(219, 'pgodard@yahoo.fr', '[\"ROLE_USER\"]', '$2y$10$JR/oTm56xLM78r3lB.vi/u1klavhXv/q2lnLjZg1JSHiFvmaX03yK', 'charles.dorothee', '1963-12-11', 'Gamer'),
(220, 'zacharie.joubert@hotmail.fr', '[\"ROLE_USER\"]', '$2y$10$29RfOO6G1FKYiUJFFttrf.0jvhgg7ZW1J.91DbG8awHXeM0rqnrqO', 'mdumont', '1991-06-10', 'Joueur de jeux de société'),
(221, 'bernard.valentine@hotmail.fr', '[\"ROLE_USER\"]', '$2y$10$GPr/Bb9npbLwcxRt6PtEdetXprWmvFz/KhOYoJkQ2nfzQVQTxuVla', 'remy04', '1974-06-06', 'Lecteur de mangas'),
(222, 'lacroix.dominique@blot.fr', '[\"ROLE_USER\"]', '$2y$10$YfyyQbxfeMsj..B6ztpe7u1IiMRsH7Xc3vBnle8V41X3PWDGxX/eu', 'dossantos.charles', '1981-11-25', 'Gamer'),
(223, 'renard.paul@live.com', '[\"ROLE_USER\"]', '$2y$10$XzlSn4O6jAQU0KVjx/ok6Oowg4VRF.QfJ0KCyAbHd2tovef8PL316', 'dominique.etienne', '1971-10-21', 'Lecteur de mangas'),
(224, 'jbodin@orange.fr', '[\"ROLE_USER\"]', '$2y$10$zoQiWwwke3Bk4lQDbhheA.9svONcch7UVv1BqCEYAmmQDhPYS2xgK', 'joubert.madeleine', '1965-04-26', 'Lecteur de mangas'),
(225, 'jeannine.leblanc@gmail.com', '[\"ROLE_USER\"]', '$2y$10$G4kMqjpRdRpundC.FyhxZu4v3KIBXExA0yJJZX4Bn3BURTgCL3ns2', 'scharrier', '1996-11-11', 'Gamer'),
(226, 'neveu.nicole@wanadoo.fr', '[\"ROLE_USER\"]', '$2y$10$UhB.c7Dp5Nd0s0.bkCOHKeHTGTQHP80O0Wt5otnlVndN2qSPzyHVu', 'alain.guilbert', '1975-01-30', 'Lecteur de comics'),
(227, 'zmeyer@sfr.fr', '[\"ROLE_USER\"]', '$2y$10$Mof0FfZngf0LYMoBzr6r5.USJHMSn3qBplFkse01MDeFG8Pqe3Uvu', 'luce53', '1979-02-25', 'Joueur de jeux de société'),
(228, 'gdelannoy@philippe.fr', '[\"ROLE_USER\"]', '$2y$10$P2TTezoF0BtMR4dRTNdxkOnpK8tRSNXbaI848s5.awdrctAiAAR8C', 'madeleine.leclerc', '1995-10-17', 'Lecteur de comics'),
(229, 'agnes.couturier@marchand.fr', '[\"ROLE_USER\"]', '$2y$10$s8y4GCQfSCbo/wRxkYvCKORlCTqE3fRsgxN85BQLlJ/WWGEnsYr9i', 'lberthelot', '2008-01-06', 'Lecteur de comics'),
(230, 'suzanne.guillon@vasseur.com', '[\"ROLE_USER\"]', '$2y$10$9.R0AQ1ufQvmohs575TS..KAItSJ7r/iuJOZ8UpjLIx57r8dJtpma', 'vdumas', '1997-12-03', 'Lecteur de comics'),
(231, 'guillet.chantal@blanc.com', '[\"ROLE_USER\"]', '$2y$10$y5.ps7b2o8JEBJiLUEvWkeiklYXRKiYpY5dor3DCzVw8Z/zbrJUs6', 'etorres', '1969-04-03', 'Lecteur de comics'),
(232, 'lopez.jules@sfr.fr', '[\"ROLE_USER\"]', '$2y$10$DK7IXLLwl1WBXJm3NFAqVeejbm60yuJoq4mo.o2JUBd6j7GZx7zg2', 'celine48', '1981-10-18', 'Gamer'),
(233, 'henriette.clement@petit.com', '[\"ROLE_USER\"]', '$2y$10$G8Y9SeKRmMDpfUVTiLDWQ.VO02i/mfeQzgTSP0tROsNuLQtEohjzW', 'sebastien47', '1977-04-07', 'Joueur de jeux de société'),
(234, 'obarbier@thierry.com', '[\"ROLE_USER\"]', '$2y$10$ZEAAYWL4pO1CCpgfI5A3dOO8Ut2q6JOp91jOgBRlFxK0Gw.2Di6dO', 'laroche.nicole', '1974-01-17', 'Lecteur de mangas'),
(235, 'emmanuel97@noos.fr', '[\"ROLE_USER\"]', '$2y$10$1wQmxcUHYvzxtFs8jPMPYuqIJZeGN20JYBUCtgm7FI4Tw8bMeG0L.', 'guyon.raymond', '2005-06-29', 'Lecteur de mangas'),
(236, 'odette.blanchard@hubert.net', '[\"ROLE_USER\"]', '$2y$10$ZQhi2sdqsCxs63Nj0YGt5uzAeiajW2JPmlvt.PT5DcWMKVQvQ9Xr2', 'etienne.perrot', '1972-09-10', 'Gamer'),
(237, 'nicole.monnier@sfr.fr', '[\"ROLE_USER\"]', '$2y$10$GxtVW5yTpJvDTuBmQbClE./NvSnP6OhxMMnJcMWuCrWBJjTYuWvn2', 'matthieu49', '1978-10-26', 'Gamer'),
(238, 'margot.guillon@club-internet.fr', '[\"ROLE_USER\"]', '$2y$10$fgxPs54XisV0i48wspTMZOsrdJtclw84yYbMDJXBoz.0W9amtIVbi', 'mathilde.turpin', '1983-05-18', 'Lecteur de mangas'),
(239, 'celina.collet@sfr.fr', '[\"ROLE_USER\"]', '$2y$10$22g6R9U3il56f/5ShYZdF.Qqxyh3wEFJSaLSEHt0C9vD6ngrhZ7n.', 'perrot.laurence', '1975-12-31', 'Lecteur de mangas'),
(240, 'lelievre.louise@lefebvre.fr', '[\"ROLE_USER\"]', '$2y$10$mPMvDYqvkPTk08YrIpcgYONcXcrtYgudDLUwLII9ZUguUBwdYavEu', 'odette32', '1999-12-20', 'Gamer'),
(241, 'wcaron@pires.com', '[\"ROLE_USER\"]', '$2y$10$VYaaTkSD4GzpRJ69Z3ph3.CPDJGApVE0WgDKsjSq68Fb9uiQv.Swu', 'elodie.humbert', '1964-05-19', 'Lecteur de comics'),
(242, 'fgrondin@gmail.com', '[\"ROLE_USER\"]', '$2y$10$g8hEjtlD5Qp4XkYhaYIk.eRzpI9MNHtUKLP0/un5KdzdKReARG15m', 'hpierre', '1982-05-05', 'Gamer'),
(243, 'denis.albert@roche.fr', '[\"ROLE_USER\"]', '$2y$10$/tzfR.omL1jlDJeOrlHy0eZzpcfVeL2aOjHuDVrDc2rhcoc1iFXCK', 'vdubois', '1996-01-03', 'Gamer'),
(244, 'nmeunier@dupuis.net', '[\"ROLE_USER\"]', '$2y$10$dKSaHwwrhHEvlZSYhFUUVe117qWClnvBL/wOAyrUf.Stc33FTmP4C', 'bouvier.jean', '1975-04-21', 'Joueur de jeux de société'),
(245, 'margot84@orange.fr', '[\"ROLE_USER\"]', '$2y$10$bVSz59Q4E3m.cFQPFFcjVOkz9M83OCfSylTXDfGHSUsOiQ1jDLeqK', 'humbert.michele', '1992-05-30', 'Gamer'),
(246, 'jbaron@dumont.com', '[\"ROLE_USER\"]', '$2y$10$Yt44S27Mx2/2vlb9CoaCC.biynu.Uu5Rg82bskN2DAykMAdjV3HUm', 'aime12', '1982-01-13', 'Gamer'),
(247, 'nguyen.charles@traore.net', '[\"ROLE_USER\"]', '$2y$10$jwd.tUGaQKHF8aYjg4/cQ.5yhxC.UOPClmJaWgYUjhqndokD5fKo2', 'igirard', '1999-02-28', 'Lecteur de mangas'),
(248, 'patrick72@hotmail.fr', '[\"ROLE_USER\"]', '$2y$10$DQcejxF/p9Zl3hokdOJgwOMezxvqycXJOr618n4/g4HrdFgCTsbZm', 'honore.lemonnier', '1970-06-13', 'Joueur de jeux de société'),
(249, 'qmarchand@dupont.fr', '[\"ROLE_USER\"]', '$2y$10$Ov8UXEpc8cdRC52yWLolCuOGiCctblxHZhi/yejwIIj7TOphR.JTq', 'honore31', '1994-12-31', 'Lecteur de mangas'),
(250, 'marc78@tele2.fr', '[\"ROLE_USER\"]', '$2y$10$EsyJYhxn81g0eKhyAr4hvecqwDD2bq73IajR/C3feaOWYX2Z1b5jK', 'honore.garnier', '1964-12-18', 'Gamer'),
(251, 'rleclerc@gmail.com', '[\"ROLE_USER\"]', '$2y$10$qtAY8zTX.PLUXcBMxAJdPeL4bcy6/2/1lT0r9GXsuNlYFfFUCWT7a', 'roux.laure', '1974-11-15', 'Lecteur de comics'),
(252, 'astrid62@free.fr', '[\"ROLE_USER\"]', '$2y$10$mrXu07GkZo/Wi.R1JMMJZO5j2VaX8OB9I37FFvHV5GNKI3iUGISJW', 'gilles.samson', '1982-07-28', 'Lecteur de comics'),
(253, 'ollivier.marine@martinez.com', '[\"ROLE_USER\"]', '$2y$10$NQPosNnp5NQhytDgxHaHteA/onXRhX4pPDr9DJ3cPQQZ13IGUS5Uq', 'abenard', '2008-08-11', 'Gamer'),
(254, 'ebouchet@lefort.com', '[\"ROLE_USER\"]', '$2y$10$50zP3vOT03LQXFgzV1snUu9xWQf2BQU72rHcwFzv10dKeDPhu1Une', 'delahaye.rene', '2006-09-01', 'Lecteur de mangas'),
(255, 'colivier@bernard.com', '[\"ROLE_USER\"]', '$2y$10$rX2.FjTD48U.GXT.xWrwXuLSEuelOBPrE7trNMRQ0XhsYkl0aY00.', 'jules.gauthier', '1975-08-14', 'Lecteur de mangas'),
(256, 'eric.baudry@peltier.fr', '[\"ROLE_USER\"]', '$2y$10$z5bJjn7I3P5hWWb4qQhx7.2iMN0VXXMutQQS9Nbmaqn7DUQNMBdwW', 'moreno.david', '1982-03-16', 'Lecteur de mangas'),
(257, 'guy76@tele2.fr', '[\"ROLE_USER\"]', '$2y$10$gw5x6x1TZPnkRI/iDbUgdOwygMXe5xkaQgSr.f2mciiqq4vz5foiK', 'zgarcia', '1972-05-19', 'Joueur de jeux de société'),
(258, 'mmartel@laposte.net', '[\"ROLE_USER\"]', '$2y$10$enH1l50b2znNkC0hWQ/x8eTEsgIm2GzceD0MOz9KXGBp52vz5tpRC', 'david61', '1991-11-10', 'Gamer'),
(259, 'amartins@tessier.com', '[\"ROLE_USER\"]', '$2y$10$yb8EMgHyht0nry5LF.xWpuXxhiyizyTUeH697YE.4ewLaIpaSrRMi', 'mahe.francois', '1990-03-17', 'Lecteur de mangas'),
(260, 'mneveu@perrier.net', '[\"ROLE_USER\"]', '$2y$10$bNvy0bj.EZ1jtLvS5Quxous04GL.2jvtims3dUX2YXEa1vQctr8Ru', 'perrin.lucy', '1994-08-09', 'Joueur de jeux de société'),
(261, 'llegros@orange.fr', '[\"ROLE_USER\"]', '$2y$10$xmVej7Wcau02BHZkLFMEmOYLVg9QJu6p.3SVjJHbeAGzlzArDCq8q', 'zcharrier', '1978-12-03', 'Joueur de jeux de société'),
(262, 'franck02@sfr.fr', '[\"ROLE_USER\"]', '$2y$10$vKTNdf9i1upZde2lHPbDwOykES5EV9jzGGnJ3HdHMoRVqyh57wh6S', 'bertrand.vincent', '1980-08-12', 'Joueur de jeux de société'),
(263, 'zperrot@diaz.fr', '[\"ROLE_USER\"]', '$2y$10$HGwGycQe7ehTj0xtCp76a.UCQpG6C8GWZYXeQwEi.s4zrGUDn9QtO', 'foucher.penelope', '2002-12-13', 'Gamer'),
(264, 'raynaud.adele@yahoo.fr', '[\"ROLE_USER\"]', '$2y$10$wAEPH/jzAS9vnaNrEYDdue3AaNm3.ktqbcRcITF/m/saJSnzKg9Ya', 'qleroux', '1978-05-18', 'Gamer'),
(265, 'barthelemy.christiane@munoz.fr', '[\"ROLE_USER\"]', '$2y$10$zqcxyhXwqZftnCGMdq6YGu8CioGQW751OsfBOVBv9XA5yKGMH8Zxy', 'lemonnier.agathe', '1984-12-15', 'Gamer'),
(266, 'meyer.cecile@wanadoo.fr', '[\"ROLE_USER\"]', '$2y$10$P7Oymne7q.RBvAkksWGEPu3rE1W4Us1BptXdITynmHMPrECjJBLhC', 'michel.meunier', '1973-11-23', 'Lecteur de comics'),
(267, 'jfouquet@gaillard.com', '[\"ROLE_USER\"]', '$2y$10$PAi93ZZmt9wCEkjT.KS8OeX.SUgwzZKHczyXB1Gn/8wbIel81PhRG', 'lucy.dubois', '2007-09-29', 'Lecteur de comics'),
(268, 'victoire.renard@wanadoo.fr', '[\"ROLE_USER\"]', '$2y$10$2eBjO1QJ42WOO/6Mgoy18.44U0EwMFJYsdWtoRuVUj1DiSp1XaF2y', 'lecoq.georges', '1963-08-04', 'Lecteur de mangas'),
(269, 'constance.colin@club-internet.fr', '[\"ROLE_USER\"]', '$2y$10$FFN6C2mXg7cujOY3/ItsE.N5Dod7nOwj91Bndnkd1OLTabV9H5VQ2', 'benjamin35', '1994-11-04', 'Gamer'),
(270, 'perrin.christiane@guillet.com', '[\"ROLE_USER\"]', '$2y$10$EOVNRFIi1pNHKkwAL22uD.HVyD3XHhId1k8YV9TAmF.aRlkf512Uy', 'morvan.frederique', '1986-11-09', 'Lecteur de mangas'),
(271, 'charles67@wanadoo.fr', '[\"ROLE_USER\"]', '$2y$10$MWzOB6VIjkm5JMfz/Q5a8.Occa4kbycqOs2ZWrFP3U95LhX5jK45m', 'gmerle', '1985-08-20', 'Joueur de jeux de société'),
(272, 'lucas.valentine@live.com', '[\"ROLE_USER\"]', '$2y$10$//rukuioX7t.i1/uz6dYq.4BBwPW3yxSzK/9FQS0LwZWR9.xS2P7i', 'brun.aimee', '1967-04-21', 'Gamer'),
(273, 'dbouvet@hotmail.fr', '[\"ROLE_USER\"]', '$2y$10$DybPTx0Pe4GDHKVjZ95ZwOFEiydcaoTIr5mLLGSabGq9fxaM7eXEu', 'fpayet', '1994-01-05', 'Gamer'),
(274, 'leleu.maggie@noos.fr', '[\"ROLE_USER\"]', '$2y$10$RvZ11o4R26k2iMmcZHfWqOa.RQgvojX/Hgy4C3KNVjrKS6YouZJbi', 'joseph10', '1973-11-24', 'Joueur de jeux de société'),
(275, 'guillot.gilles@guillot.fr', '[\"ROLE_USER\"]', '$2y$10$Fd1AA8g9So.EVwX.SuPD6.T3Jj9pxSEx3VPwpTcWDcoIUDvUdjkvS', 'apetit', '2001-04-21', 'Lecteur de mangas'),
(276, 'francoise.peltier@laposte.net', '[\"ROLE_USER\"]', '$2y$10$//uqRTy9CxLFNKbgdUxWJOaLah3PQYeTFSukYQchzzwUemLOVNZrG', 'celine.valentin', '1995-12-16', 'Joueur de jeux de société'),
(277, 'udiaz@dbmail.com', '[\"ROLE_USER\"]', '$2y$10$qgmK39JZZrT0nGHhJoeXl.GhatnGtC8u7i5PYTvflp.w4Cl9QE.qG', 'moreno.timothee', '1981-07-29', 'Joueur de jeux de société'),
(278, 'legoff.gilbert@wanadoo.fr', '[\"ROLE_USER\"]', '$2y$10$qR.XloW0D2Gt4F1ivFuQVeRLm.moJe7m7k9yPsYUVMMSKCt2PCrfy', 'guillaume55', '1993-07-21', 'Lecteur de mangas'),
(279, 'christine96@fleury.com', '[\"ROLE_USER\"]', '$2y$10$uOBS39vLR3QlfG5edA.5eOda.milVFNU9SQHR8xilaU.d/oEi0JAS', 'juliette.jacob', '1968-06-13', 'Gamer'),
(280, 'lucy.dubois@dupont.fr', '[\"ROLE_USER\"]', '$2y$10$xEUJRdEitaSzqRspsKyBdeTNwVZXaeFm0zRZRgZ68/WReXlH9PDRS', 'dasilva.claudine', '1967-04-12', 'Lecteur de comics'),
(281, 'deschamps.pauline@laposte.net', '[\"ROLE_USER\"]', '$2y$10$Oy0ZRD5Cvsr9xcqAGIuS2OcTv5o108rUmf1KQL0ESBPpBycG5xgX6', 'arthur57', '1982-10-28', 'Lecteur de comics'),
(282, 'mmaurice@tessier.com', '[\"ROLE_USER\"]', '$2y$10$A0LjJOzrzNDcoSQxPiu1WuJVjd7YM/POddLhqo.6hRr00xoR3Cmga', 'theophile64', '2003-07-08', 'Gamer'),
(283, 'martine.fischer@renault.com', '[\"ROLE_USER\"]', '$2y$10$l3GHKoIK0081MkMwRT0eCO8I8eWD92nVM8WOb50kS9boNomAc0oKC', 'camus.marguerite', '1984-03-12', 'Gamer'),
(284, 'matthieu57@muller.fr', '[\"ROLE_USER\"]', '$2y$10$4awUcqPucl8jds9XQ.PMXuIFTYbpehhKzBwE0oMEB/n4uONhkikN.', 'marthe36', '1964-04-16', 'Lecteur de mangas'),
(285, 'aimee13@gmail.com', '[\"ROLE_USER\"]', '$2y$10$pqWP3KhhMUi9MlxWaQeafu.Oqu1hfojxqdjTBZKFEr8SjuAqfD7ey', 'rousset.frederique', '1990-07-02', 'Gamer'),
(286, 'lebon.alphonse@delattre.com', '[\"ROLE_USER\"]', '$2y$10$tmkQGApbALAr9nbjuylLq.A.5UM5bMiumNjErBS14CiqhN4Oh0Gi6', 'thierry59', '2005-09-18', 'Lecteur de mangas'),
(287, 'lorraine.renaud@free.fr', '[\"ROLE_USER\"]', '$2y$10$He4686gECRhsV0s0ffBzqunlirFdGllo9Cqc7AXZC7aMOnW0D3Rlm', 'roussel.denise', '1968-11-06', 'Joueur de jeux de société'),
(288, 'framos@yahoo.fr', '[\"ROLE_USER\"]', '$2y$10$0xzUv6n0sEddpeih.ygA6u5Y04XKnvWzcl0iveMInEauzPHatKao.', 'capucine.robert', '2001-05-25', 'Lecteur de mangas'),
(289, 'gregoire27@live.com', '[\"ROLE_USER\"]', '$2y$10$nRQ6lSBxPxVX/p8Q8mXteeW3SP0b0WxLukFL0KKgX70pCGqYRk5Zm', 'jules.millet', '1968-05-04', 'Lecteur de comics'),
(290, 'fvallet@pasquier.fr', '[\"ROLE_USER\"]', '$2y$10$5X/vG1.Xvp1QiX07mhBM2u8m.8Op2DhS1QxkNfqZpNo/4xt2s7obS', 'timothee.pinto', '2003-09-27', 'Gamer'),
(291, 'pierre.hoarau@club-internet.fr', '[\"ROLE_USER\"]', '$2y$10$93YshSBvRZmZ9kBVwLCi2eBHgtZIn8TFy1f3VX1DHsVUayCnHZ8By', 'alphonse.masson', '1976-08-22', 'Lecteur de comics'),
(292, 'raymond.seguin@martins.com', '[\"ROLE_USER\"]', '$2y$10$x95DxC81.bOi6du6wzZOx.GF1Ex0PWd/WTqnJ/mMIg2R4KxMfv2Au', 'martine.fischer', '1998-09-02', 'Lecteur de mangas'),
(293, 'xmarchand@live.com', '[\"ROLE_USER\"]', '$2y$10$JyMVUh8xZrbNQlhA.jSPeOJthPVMBC2.Vr3B5W2b9iGcDobjKoEei', 'denis.thierry', '1982-03-19', 'Joueur de jeux de société'),
(294, 'gregoire62@wanadoo.fr', '[\"ROLE_USER\"]', '$2y$10$BLUyzIL1AutiqS7fqDamYuq4FgyAVox.xjP9mjIUIzJz5aFGqJQtO', 'rocher.dominique', '1970-03-24', 'Lecteur de comics'),
(295, 'noel.boulanger@sfr.fr', '[\"ROLE_USER\"]', '$2y$10$NGMLaqkAUfOt9V7mj7sC7uLmqpvPPkpY28sJupO1X2ZORaGWbsMGe', 'vjoubert', '1969-08-07', 'Lecteur de comics'),
(296, 'bernier.alfred@dijoux.com', '[\"ROLE_USER\"]', '$2y$10$7yThylqgh6TEUgsfMXW3d..Wd9EpMUK7vJfiCVerBYxpQEFRuBZGm', 'laurent96', '1978-01-25', 'Lecteur de comics'),
(297, 'patrick.gerard@seguin.com', '[\"ROLE_USER\"]', '$2y$10$DlNjFCn.n0vsQ7lE8xUINuQ2MeK5TsTP1S5JbRmzaEn9oruoRT8rK', 'ugautier', '1971-01-14', 'Joueur de jeux de société'),
(298, 'luc25@hotmail.fr', '[\"ROLE_USER\"]', '$2y$10$5kYLYWIRoSeddmssqiVO5u3wcIu5tBXmkcp2c17/.gFZLyL7X5pha', 'isabelle.ledoux', '2007-02-14', 'Gamer'),
(299, 'danielle.laporte@texier.com', '[\"ROLE_USER\"]', '$2y$10$NvAE14THVcVhEpfyVEkA4OykhyJsClCL27.HkSIV18VG9Wj2mIalS', 'normand.luc', '2007-06-15', 'Lecteur de mangas'),
(300, 'pbazin@albert.org', '[\"ROLE_USER\"]', '$2y$10$39hbJpFOOY13QKBNjD3HreLZf0TzyMeYp9y5ziYCco4/nhwbQ9Kde', 'lefort.marc', '1997-06-10', 'Lecteur de comics'),
(301, 'aime.fontaine@evrard.com', '[\"ROLE_USER\"]', '$2y$10$cji060X4ICH4AISNHJ64ruxSqK74SyCcRxtOyKmaNJwsykpb/iMQS', 'roy.roger', '1993-07-15', 'Lecteur de mangas'),
(302, 'elise84@sfr.fr', '[\"ROLE_USER\"]', '$2y$10$hdoHPkP2iyYX.7qNFIshauYVsd6GvdppMhwX8ZtXPHcaLJhjOAWRG', 'umorel', '1984-11-02', 'Joueur de jeux de société'),
(303, 'danielle.marchal@gilbert.fr', '[\"ROLE_USER\"]', '$2y$10$3JpU/43rvnr31g1ERE9RDuQW1qaUkcOrWUj9fN.7hYmmBLqRPXOqi', 'noel.perrin', '1990-11-27', 'Lecteur de mangas'),
(304, 'kmerle@tele2.fr', '[\"ROLE_USER\"]', '$2y$10$SHZisWA9JGlQ7Vvk2BgxbO56DBDFUDhk51qYdKOkQnXkvyPgjRHFq', 'ngaillard', '1979-08-20', 'Lecteur de comics'),
(305, 'edouard76@gerard.fr', '[\"ROLE_USER\"]', '$2y$10$p7lfPq//CGvPIiIxswGXhuY.maBraG1CpR7OYaeWmTomUqd8dSbWi', 'laetitia72', '2005-12-13', 'Gamer'),
(306, 'fdasilva@dbmail.com', '[\"ROLE_USER\"]', '$2y$10$CsuZ.9VA6sf/lgaX3wFZx.jREC2iWi9tLEKtv7Qyjc2hzwrs.JWIm', 'philippine.meyer', '1986-10-18', 'Lecteur de comics'),
(307, 'bonnin.joseph@yahoo.fr', '[\"ROLE_USER\"]', '$2y$10$6yWW.tY0/k8kMDipuwaFxuCz6hHmCFvvfvIzeqZFwhatW201pD69u', 'cboulanger', '1986-11-20', 'Gamer'),
(308, 'picard.guy@hamon.fr', '[\"ROLE_USER\"]', '$2y$10$lsCmCkdiVy37rTvrEhRHmeUWyXD6R9Tp67TEF8jcGxv.U/JyIwQE6', 'zoe65', '1983-01-17', 'Gamer'),
(309, 'honore46@dbmail.com', '[\"ROLE_USER\"]', '$2y$10$LAu4lG3okrUMO/xh0ppJ5eyoAmpYPsuYkDMgVHKHFixK0OLIkCYfe', 'roger05', '1983-04-21', 'Lecteur de mangas');
INSERT INTO `user` (`id`, `email`, `roles`, `password`, `username`, `birthdate`, `profile`) VALUES
(310, 'roland.peltier@orange.fr', '[\"ROLE_USER\"]', '$2y$10$XTjp0rItjci3fZTnXfBBFue/Q6MeLID04qsv8ONloZ4toIOUEc7J2', 'pascal.benoit', '2000-04-06', 'Lecteur de mangas'),
(311, 'philippe.andree@rey.net', '[\"ROLE_USER\"]', '$2y$10$lz.1T3.LN.wpymc3McjexO3pi3ddkPlfc3XyilU6E4TUqgkjJndWy', 'olivier37', '1974-03-06', 'Lecteur de comics'),
(312, 'vguillaume@andre.com', '[\"ROLE_USER\"]', '$2y$10$gmnqsWWCbj7q8Ja3Vk0VSOKnWYA2DJdM7oTVcn95b7R2qy7TPt2hu', 'jerome.collin', '1996-07-26', 'Joueur de jeux de société'),
(313, 'roussel.valentine@lesage.fr', '[\"ROLE_USER\"]', '$2y$10$XpRAGsikgQ2/fD0f30VUc.Hrfh7vMUmTns6IaEuDfm9sqm6onm9Uu', 'qmarques', '1979-09-21', 'Gamer'),
(314, 'alfred76@orange.fr', '[\"ROLE_USER\"]', '$2y$10$yYaoYRqpi.jRptRtGXPulez.67XXvLcuoYhjYMobgsiG9/Ztp8URG', 'zoe.martin', '1977-07-29', 'Joueur de jeux de société'),
(315, 'alexandre26@berger.fr', '[\"ROLE_USER\"]', '$2y$10$l0AzdB6/B8kjjnWntRO4YODyjtZZKHuGjwRokgyv9BI/CudvCNCEa', 'dupont.anastasie', '2000-03-21', 'Lecteur de mangas'),
(316, 'roux.michel@delorme.fr', '[\"ROLE_USER\"]', '$2y$10$hWIG7zXMNCO6q1vTtic7b.uTxruaya.vok/KZxcSIEQ.M4TTfY0Lm', 'gjulien', '1985-07-04', 'Lecteur de mangas'),
(317, 'francois.henri@laposte.net', '[\"ROLE_USER\"]', '$2y$10$98uQktvpA/gpOAodbX1Z5OC2niuVyF8CzSNhGlaUZX/UiZkohNQ2a', 'breton.jeannine', '1977-04-23', 'Gamer'),
(318, 'remy.nathalie@live.com', '[\"ROLE_USER\"]', '$2y$10$SrlGC2Dac2DML9tESm4QZ.xUBOQj8D1IwpKmg7wnnm3/ztrp8ogKy', 'capucine.guichard', '1984-02-23', 'Lecteur de mangas'),
(319, 'marianne.pierre@roger.fr', '[\"ROLE_USER\"]', '$2y$10$n/RjnoUZbkkjTeiPgOn9aufP.fY4Wplq4OoV669g7JpBO6rlJb2YO', 'marthe89', '1992-12-07', 'Lecteur de mangas'),
(320, 'collin.colette@dbmail.com', '[\"ROLE_USER\"]', '$2y$10$zmF4MexLkUKxY.hWLmEdWOD3DBkz89fWdGMXg/R5aFVT5CHeRZMlO', 'paul77', '2003-02-27', 'Lecteur de comics'),
(321, 'jgaillard@orange.fr', '[\"ROLE_USER\"]', '$2y$10$7zi3WExgysyu9an6.aCILuajjwg17pA7ZXJkd84TADvwRA2RZKj2.', 'alfred04', '1983-05-12', 'Lecteur de comics'),
(322, 'alain.antoine@hotmail.fr', '[\"ROLE_USER\"]', '$2y$10$krIPf3ecqkGDjNjdHCHEPOcRsPEeFSDsr/CISr4wqeytlIbmBwtKy', 'cecile.paris', '2008-09-22', 'Gamer'),
(323, 'leon59@evrard.fr', '[\"ROLE_USER\"]', '$2y$10$sHrsjUK95QurZJehagGQ3.zg3k4uQjquzVf0k5f6G6LdQzBc74bqq', 'pierre.denis', '1991-05-24', 'Lecteur de mangas'),
(324, 'emartins@wanadoo.fr', '[\"ROLE_USER\"]', '$2y$10$8iIV5O9ryFsSd1IhlBGqIOUXV/9HVNYhk7XdOog3hmTdSaGL53fia', 'emmanuel47', '1992-02-01', 'Lecteur de comics'),
(325, 'adele82@club-internet.fr', '[\"ROLE_USER\"]', '$2y$10$HHq3juFo5ChVWXu4epZGyu/.3wxft6yLGvPklIIGJsPLgOIrPA0y6', 'hmarechal', '1970-10-14', 'Gamer'),
(326, 'michele.wagner@hotmail.fr', '[\"ROLE_USER\"]', '$2y$10$cDlzeHMlQbRtz96KabcqZ.eUxAsr6eAOrkoTrMgaVCnuPUMAN4/CG', 'agnes.evrard', '1977-07-18', 'Gamer'),
(327, 'glemonnier@gmail.com', '[\"ROLE_USER\"]', '$2y$10$DnVthE/j.vEDGl5/U2U7yuBk831SHWy5dNOOFhMB6PcSX50NVNNSq', 'nathalie.lenoir', '1980-04-06', 'Joueur de jeux de société'),
(328, 'philippe.chauvin@weber.net', '[\"ROLE_USER\"]', '$2y$10$dq8PybMWySnRytXxhOQxDeadcielxVUxj.K/DeUAmDL2ThzXmUgtW', 'mpicard', '1994-08-08', 'Lecteur de mangas'),
(329, 'deschamps.gerard@wanadoo.fr', '[\"ROLE_USER\"]', '$2y$10$l1aazyFIE1IYkXwrwybtGuIeh//DVznHajaCYRRpALKOz11Rzltoi', 'guibert.alex', '1994-01-11', 'Gamer'),
(330, 'gdiallo@joubert.fr', '[\"ROLE_USER\"]', '$2y$10$WJtb5EUUDfp3OLy1UeciqOmj8Zumtc.Hy2FXH/.59PYjAs1VoUOO.', 'laurence.duhamel', '1969-04-06', 'Lecteur de comics'),
(331, 'gdelmas@guillou.net', '[\"ROLE_USER\"]', '$2y$10$l.hVEjcmLompGGALAMRUS.fe.hI4W6/oGmEYN6K82PyoA6TJNrstG', 'hamel.claire', '1968-05-26', 'Joueur de jeux de société'),
(332, 'dnguyen@club-internet.fr', '[\"ROLE_USER\"]', '$2y$10$xg.RUOke0jsQMUHcC4l.3.THBSHUVIJGugNtHznlaQe3uKL4rbzmm', 'parent.joseph', '2008-03-19', 'Gamer'),
(333, 'tmorvan@gay.org', '[\"ROLE_USER\"]', '$2y$10$dXv09DeDBsmXKNyAOZPp8.6PGdRV4bvv3/Kt9Zm4Lj0loBfMeyxHm', 'mguyot', '1986-10-04', 'Lecteur de comics'),
(334, 'lorraine.colin@perez.com', '[\"ROLE_USER\"]', '$2y$10$gQBknlaNIUm/pjzYUb5Sy.ru4BKUVZcoqGhISdpfE4u/v173i..hu', 'audrey.hubert', '2002-10-05', 'Gamer'),
(335, 'ferrand.jacques@chartier.fr', '[\"ROLE_USER\"]', '$2y$10$PK0VY8/xURyWssnLBrVJe.vKnmtmMOk1IkNm6WgHlTgIrr9ew/LGm', 'rremy', '1963-12-23', 'Gamer'),
(336, 'arnaude.garnier@tele2.fr', '[\"ROLE_USER\"]', '$2y$10$vEtkqQ1vm0dTo0ZjZkahcOajcGENQxoMk2ztCyhJmCe7J1JtGTGmi', 'aime46', '1995-10-12', 'Lecteur de comics'),
(337, 'claude30@begue.com', '[\"ROLE_USER\"]', '$2y$10$pUehZFvQvRtf3mmmtTdr1eAkiNXV78watemMMLlf9He6EBxW0Pfe6', 'wletellier', '1996-03-04', 'Joueur de jeux de société'),
(338, 'huet.alexandria@orange.fr', '[\"ROLE_USER\"]', '$2y$10$6H7layMhbCEC2yQjPQTXHuyjbD5lBQDyF/C8lTQ08GShvy9GDETp6', 'marechal.martin', '1964-11-12', 'Lecteur de mangas'),
(339, 'nsimon@noos.fr', '[\"ROLE_USER\"]', '$2y$10$hGNVd.0nfoVwYHTaahB4ruCTIUOcO4CHY7QkpEfXmCKFGtBeH5lwu', 'luce.carpentier', '2006-06-14', 'Joueur de jeux de société'),
(340, 'michel42@boulanger.com', '[\"ROLE_USER\"]', '$2y$10$IOA14nhJgoAjqsc2r2RSQOP5waMseaUYGV/a6Ci6lRk.h2t/.kpWe', 'laurent.sanchez', '2006-03-21', 'Joueur de jeux de société'),
(341, 'jmaury@guibert.com', '[\"ROLE_USER\"]', '$2y$10$uVX4HjadIukNDlqU9GKn/.0HUnF53kKlHyTyGnp7b./kU3SLM69jC', 'ferreira.alex', '2004-07-24', 'Gamer'),
(342, 'legrand.renee@wanadoo.fr', '[\"ROLE_USER\"]', '$2y$10$QazkZEi3HPn3kmwuvCOCjuT6hIQYhRBE3aSEpZOTDE2lF2RPJ8Bmi', 'baudry.matthieu', '1966-11-08', 'Joueur de jeux de société'),
(343, 'leveque.jacques@lefevre.fr', '[\"ROLE_USER\"]', '$2y$10$XR/UOzQeODHyolTXuOt5OuiY7K7y.3qcFQeEWJLbK2wyXvmR6EBya', 'denise56', '1997-04-08', 'Lecteur de comics'),
(344, 'ediallo@hotmail.fr', '[\"ROLE_USER\"]', '$2y$10$R67NCUgMjY.X1UtUjcsUaexkcG4brRS9KZ7IshxuE3pAMyfUPxUEa', 'valentine.barre', '1972-10-25', 'Joueur de jeux de société'),
(345, 'bonnin.thomas@dbmail.com', '[\"ROLE_USER\"]', '$2y$10$tkcDcgpihKdNncoCJaRt5O11iGiAqsj.EfW6sjpwZRcvOuOvHFtRi', 'jguyot', '1989-02-16', 'Lecteur de mangas'),
(346, 'ofouquet@collet.fr', '[\"ROLE_USER\"]', '$2y$10$ObiVoivOzZ3s8HWznuEQWeQLPmmn5KYkcW75uSZeENnoABSk6e9Mu', 'georges27', '1980-05-01', 'Gamer'),
(347, 'aurore.alexandre@gmail.com', '[\"ROLE_USER\"]', '$2y$10$KmAYygHB.5HXPnK8NBPGFe1CvWamdxo5utgZTqFzYv5C9ywhDvZui', 'roche.aurore', '1985-09-04', 'Lecteur de mangas'),
(348, 'jacob.caroline@rousset.fr', '[\"ROLE_USER\"]', '$2y$10$VN8W9.PtBYFjq9NgaGABw.xCEv.iiR5vvZx3nm.agUwhVHtkT8qxu', 'charrier.jacqueline', '1985-06-06', 'Gamer'),
(349, 'jmarchal@live.com', '[\"ROLE_USER\"]', '$2y$10$UsboqURAPdmL3zccgQFk2./gx5wyOTsDiRUC2VXyQXpgBiQrKn.hu', 'rousseau.virginie', '1963-07-04', 'Joueur de jeux de société'),
(350, 'danielle.nicolas@lagarde.com', '[\"ROLE_USER\"]', '$2y$10$oxoeynpDPNH8Y8e.vf6J4ud2g3hcb9T2y7GWCos703rrNYIu47TBi', 'alain.peltier', '1977-01-29', 'Joueur de jeux de société'),
(351, 'ramos.theodore@voisin.com', '[\"ROLE_USER\"]', '$2y$10$ZbEYYor/HIwrRxCzKOouYuXMiu8692z16ev4eoemfA/YPH40Exvw2', 'charles.coulon', '2006-09-18', 'Gamer'),
(352, 'lebreton.juliette@joubert.fr', '[\"ROLE_USER\"]', '$2y$10$Ed6jj..kfyPFSoAdC5bLPuwmSl4ZT6ZgEfwkSNrMJOjH5BKKCP6B2', 'lneveu', '1965-09-23', 'Joueur de jeux de société'),
(353, 'tolivier@francois.com', '[\"ROLE_USER\"]', '$2y$10$6HqatOO9FvLU30hD731IEuTjYD.BZ2nx6mU1DIM0MP8kbMkt5dcB.', 'laurence.pereira', '1975-07-17', 'Joueur de jeux de société'),
(354, 'jbarbier@club-internet.fr', '[\"ROLE_USER\"]', '$2y$10$5eJZfcSAvtkxWMa/PXcwiuNFY9G.eyFIHGotN6GKOeEM5RJdhjdD.', 'marcel.joseph', '1986-11-04', 'Lecteur de mangas'),
(355, 'royer.marcelle@bailly.net', '[\"ROLE_USER\"]', '$2y$10$SIXCWvr1YyYmiDq3yVzrROoxP93gKD9E1W3EjXgfpXObyVbgDFdUy', 'alphonse57', '2007-08-31', 'Lecteur de mangas'),
(356, 'anais.lemaire@orange.fr', '[\"ROLE_USER\"]', '$2y$10$vlHgpDWCWsc8bZb1E0VqvuglqBk605zvGQIU1/V2ooB9wT3tEKgMC', 'humbert.luc', '2001-01-17', 'Lecteur de mangas'),
(357, 'joseph76@wanadoo.fr', '[\"ROLE_USER\"]', '$2y$10$Qm6rEYgIYxLoSO7OsEUa6.n1JMZlkM55EosLoXuEZnl.nUIn/fB02', 'boulay.cecile', '1975-01-10', 'Joueur de jeux de société'),
(358, 'pgiraud@gmail.com', '[\"ROLE_USER\"]', '$2y$10$M89IRQiousC2c2GGnjgIGORYgx5CN3Sf6e5/OnAG/2VA7izj.r3z2', 'ines50', '1968-07-31', 'Lecteur de mangas'),
(359, 'alfred.morvan@orange.fr', '[\"ROLE_USER\"]', '$2y$10$v1X/OpwMksEBFnp/mLMCfOtHvUsHhATREfVCqnSNsA4hDOXZL2kyq', 'pmarty', '1985-09-07', 'Gamer'),
(360, 'richard.giraud@laposte.net', '[\"ROLE_USER\"]', '$2y$10$KhwGlK/YB5A1KqdLsVa3yuWoQEMAnQqViOfiP/gtPD4Ocjv3Jcg6e', 'baudry.maurice', '2004-09-18', 'Lecteur de mangas'),
(361, 'qalves@gmail.com', '[\"ROLE_USER\"]', '$2y$10$b3MnbQsPpoYpLRl9kiOYHOBPUkDptNrqc3NKQzf9NJbDMLTxxdgW6', 'claudine79', '2007-01-09', 'Joueur de jeux de société'),
(362, 'patrick.raymond@club-internet.fr', '[\"ROLE_USER\"]', '$2y$10$zsYQxNTBU6UyDw9ljGRi4.Q30ttLlY/IYqYW.b0qdZwEH6Ra3tLKe', 'morel.audrey', '2007-11-24', 'Gamer'),
(363, 'josephine.weiss@gomes.com', '[\"ROLE_USER\"]', '$2y$10$TtNXKy8ZyBJT6ans.rcp5e2YqxOq1trr0fAzlebe4qedoK8.j7b92', 'suzanne.regnier', '1975-12-03', 'Lecteur de mangas'),
(364, 'rcarpentier@millet.com', '[\"ROLE_USER\"]', '$2y$10$ueTbbJDpCg9limXMZgMpw.RIf4hhfS.kxZ.21Rjvcx8d78J9QEjti', 'lefort.nicolas', '1967-06-11', 'Joueur de jeux de société'),
(365, 'chantal07@wanadoo.fr', '[\"ROLE_USER\"]', '$2y$10$z8m5OaWwE/Kd7RenwrKsKOVPzAPv5iWlAuY1flGjB7HnrPhRwkkei', 'therese.dasilva', '1988-08-30', 'Joueur de jeux de société'),
(366, 'cousin.laurence@collet.fr', '[\"ROLE_USER\"]', '$2y$10$yaUwhS9cuyhtYQYneTnZjunDkrl/APQn2f1S8cAbqN3r/OmDBT.jW', 'elodie46', '1964-08-08', 'Joueur de jeux de société'),
(367, 'mathilde04@free.fr', '[\"ROLE_USER\"]', '$2y$10$cjOSR9QwoMuBQlMqp0LhBegX7FCfWuif6vO8.ZIVND99pI0OQxlZ2', 'xavier.moreau', '1971-01-03', 'Joueur de jeux de société'),
(368, 'vcharpentier@gmail.com', '[\"ROLE_USER\"]', '$2y$10$QS9RPp/Tl6ELu5NKuGZnYePSYMy4lussXFzsqedhW8LnSZ1ncn5XO', 'rene.foucher', '1967-10-14', 'Gamer'),
(369, 'josephine.gilles@free.fr', '[\"ROLE_USER\"]', '$2y$10$MFJlbg6FTSJ4lo4AuyYQFOfW.7.Bp1wqujWeE01edRu4W3f.pm6LC', 'michel.mathieu', '1966-10-05', 'Joueur de jeux de société'),
(370, 'glouis@hamel.fr', '[\"ROLE_USER\"]', '$2y$10$9u.jkAPQzlo8e4jUOtU58es1QMoO66ZTM8gNGQri1xpp69qzbuJKO', 'alexandria.roche', '1984-09-30', 'Lecteur de mangas'),
(371, 'ejacquot@noos.fr', '[\"ROLE_USER\"]', '$2y$10$0bEXxhCDs8VrwVAQ6.Vu5eqa2dHB8140KY0tKcqWqzFikB/luh53K', 'nicole38', '1994-06-15', 'Gamer'),
(372, 'robert.leleu@laposte.net', '[\"ROLE_USER\"]', '$2y$10$1BjS97ZRIubKXnl.zPxZn.IBUGUl0f9pMcc2NmtlJOOlxjisETUbm', 'marcel.lopez', '1970-06-01', 'Lecteur de mangas'),
(373, 'limbert@yahoo.fr', '[\"ROLE_USER\"]', '$2y$10$D.yABLoMrImpev5Dg/gp5u8HnqTN5JsuZ811feK8ly7vHyotHvlMC', 'camille39', '1973-04-06', 'Lecteur de mangas'),
(374, 'daniel.auguste@rodriguez.fr', '[\"ROLE_USER\"]', '$2y$10$qrCGX5eWNIjXGRvH8RzLIez1lcvpPnYcfqKTd4xOVIkryyHDKAGkS', 'sebastien.antoine', '1997-08-11', 'Lecteur de mangas'),
(375, 'antoine.renault@wanadoo.fr', '[\"ROLE_USER\"]', '$2y$10$Dwet.SgtDqjW2kjO6ty70.Z833sRra9eOse6UUlHnu.Mfb3PnA2Vy', 'alexandre53', '1993-06-23', 'Gamer'),
(376, 'guy.ferrand@fernandes.com', '[\"ROLE_USER\"]', '$2y$10$E1sRlAwRi7amykpgF1icEuIosCBHP1hlJaxXypm0jTatM3g208H0i', 'martinez.adelaide', '2004-12-02', 'Lecteur de comics'),
(377, 'michel.chevallier@lefevre.com', '[\"ROLE_USER\"]', '$2y$10$Uk9.GI0oEgDfSe8heZog.OL1b3lMzP3NkZOUcFuHdNR5WY91M2aBm', 'sgrenier', '1963-05-06', 'Lecteur de comics'),
(378, 'charrier.leon@gmail.com', '[\"ROLE_USER\"]', '$2y$10$YxTr6N.vz.DA1kW3UikMB.1O.UM/wiLH6umw/mCPG0.FfYuAetDaS', 'kruiz', '1992-09-16', 'Lecteur de comics'),
(379, 'vallet.luc@orange.fr', '[\"ROLE_USER\"]', '$2y$10$otbahbshTK6BdYD6O9NY6.HUGmlsbxlygZmM9SP/QPnrBnOHzkzJa', 'delattre.adrienne', '1970-09-10', 'Joueur de jeux de société'),
(380, 'fvallet@club-internet.fr', '[\"ROLE_USER\"]', '$2y$10$UKidd1FmkegBmKvceQypGeu2gEIHInBr9nzrt5rEqZ61yU7/tTzvS', 'alain28', '1985-09-16', 'Lecteur de mangas'),
(381, 'laporte.cecile@leveque.com', '[\"ROLE_USER\"]', '$2y$10$U0nt93n5ktIXk/3szvvpPeSg4j5AaVsKjj3OGH40TC3EC57awh9wu', 'andree.lecoq', '1998-07-07', 'Lecteur de comics'),
(382, 'alexandre29@yahoo.fr', '[\"ROLE_USER\"]', '$2y$10$8o42aOuzf5jUEP/AWJgENugJy9n2AHLzvJqmQG7JW.eXSN2py5uEu', 'susanne.muller', '1966-07-19', 'Lecteur de comics'),
(383, 'vgautier@yahoo.fr', '[\"ROLE_USER\"]', '$2y$10$VXEJmJgiTaI32vBLC1wqWOck6MXYzO5t6dBJPEXvmdYTr4K7ZN2Z2', 'andre.girard', '1981-11-16', 'Joueur de jeux de société'),
(384, 'hugues87@thierry.fr', '[\"ROLE_USER\"]', '$2y$10$jStTqyID7vOg4YX7o2taGudFbU5Zkjc209txZBNU8DPY4xH5GBER.', 'hardy.margaux', '2001-04-21', 'Lecteur de mangas'),
(385, 'alexandrie43@adam.com', '[\"ROLE_USER\"]', '$2y$10$i//jdRMWn0ve0Te4/vXNyufOWzrsojb64nGWXtLa35Lx8g9RPNyQ2', 'victoire59', '1978-06-10', 'Gamer'),
(386, 'smartins@live.com', '[\"ROLE_USER\"]', '$2y$10$sOtxlA5B3N7rVY9pc7Y8y.cvmpDTmKosiQX.XVvV3b2aM/rShU3tG', 'gilbert.peltier', '2005-06-05', 'Gamer'),
(387, 'celina20@orange.fr', '[\"ROLE_USER\"]', '$2y$10$NJSa0kVawE6CggPJKCUefeR/oxdd3ZI6b/eXh7joDMzHv/wTjeWTu', 'lecoq.arthur', '2001-09-13', 'Joueur de jeux de société'),
(388, 'mathieu.claude@noos.fr', '[\"ROLE_USER\"]', '$2y$10$vArsLhei2I465e/Fd3MR3e3U5/E814YEtt4SS5zv6hbFuD80O7Dqm', 'claude50', '1987-12-13', 'Gamer'),
(389, 'roland.rolland@rocher.org', '[\"ROLE_USER\"]', '$2y$10$LEiooeDemyVYrtX.syNjJ.lzmr/8YB/vOpB6HhcCYF0x5wibiZBrW', 'mdiaz', '1970-12-24', 'Gamer'),
(390, 'becker.suzanne@schmitt.fr', '[\"ROLE_USER\"]', '$2y$10$idVk5EjVhjhaKnZZlNTyY.Nr1tEZ0O7HdRrgwhptRT11Rpk0jlAEu', 'odette.leclercq', '1970-12-31', 'Lecteur de mangas'),
(391, 'genevieve90@laposte.net', '[\"ROLE_USER\"]', '$2y$10$.ypZQCNhmBX4VmH9sX.ByeFG3NvbVwMGuEfUSfAL1qkU0R8MtHoMO', 'pierre83', '1965-10-04', 'Joueur de jeux de société'),
(392, 'nicole04@orange.fr', '[\"ROLE_USER\"]', '$2y$10$pPwlJAeOLftHv.fzTc8qzOwu6MYA7Is9m66FVx/MSZWBfM.Izf0SC', 'laine.sebastien', '1975-10-08', 'Gamer'),
(393, 'alexandre.marianne@wanadoo.fr', '[\"ROLE_USER\"]', '$2y$10$ohSr/GqU7psJXjxMBPuE8.RoZYG2DLHC3x4lyuVJ/uVlnPEU6msJu', 'mathilde.michel', '1995-03-06', 'Lecteur de mangas'),
(394, 'martel.marthe@live.com', '[\"ROLE_USER\"]', '$2y$10$tJdW36uQZuoxNLYvcaFDoOJmLzT8ZGOhXtAQQUuSjE3qrMVlDK7eO', 'bertin.isabelle', '1988-02-29', 'Lecteur de comics'),
(395, 'leroux.maggie@pierre.fr', '[\"ROLE_USER\"]', '$2y$10$TiXqtN.HbuSNFASswVJhBe2iJD8xV5dC/5Kq3jL.T4hZzDnNqPk8u', 'martel.charles', '1977-08-06', 'Lecteur de mangas'),
(396, 'adrien78@millet.com', '[\"ROLE_USER\"]', '$2y$10$griB30KKWXl98WUUgM7qz.5VPqoVj.n86RdLTDmbVh86ixH9w2vJO', 'alexandrie12', '2001-05-15', 'Lecteur de mangas'),
(397, 'charles14@guichard.fr', '[\"ROLE_USER\"]', '$2y$10$SOGdlSdxJEPPp2WvFQy7Ge5wG8dYTC4XkKUge3bP7vBaw4dWYCoYe', 'frederic01', '1987-03-31', 'Joueur de jeux de société'),
(398, 'bousquet.nicolas@carlier.org', '[\"ROLE_USER\"]', '$2y$10$IxUmJd0L0S3ji7tkNyId..sjlNBMXWUx96naM.igEr0jomOo7i1Oq', 'pierre.dumas', '1983-12-17', 'Lecteur de mangas'),
(399, 'sebastien97@toussaint.fr', '[\"ROLE_USER\"]', '$2y$10$IlUb7fdvF7ZJ9h0VTnQNnORzLldqbZpFu3bCLovXZtX3NtKSbaNbG', 'scohen', '1988-04-28', 'Lecteur de comics'),
(400, 'treynaud@orange.fr', '[\"ROLE_USER\"]', '$2y$10$KiUk1SoYz0lq8i3B8c19qucBgfDtkurS54OzQsLAymFdMuGO6aqUy', 'hoarau.vincent', '1999-10-17', 'Joueur de jeux de société'),
(401, 'daniel64@orange.fr', '[\"ROLE_USER\"]', '$2y$10$e6kVhY0XUy6ifTQRFfeXXuUrDaC6LLiJHCB3TAxmDZhdeDHirjR..', 'yves.olivier', '2003-03-19', 'Lecteur de comics'),
(402, 'aroux@noos.fr', '[\"ROLE_USER\"]', '$2y$10$YWWtTU9wJRqqnwz3VO2bOuq7omHX68dXGoBm5ZaiH6R4wDmR97vFW', 'dleduc', '2007-11-12', 'Joueur de jeux de société'),
(403, 'mathilde.raymond@orange.fr', '[\"ROLE_USER\"]', '$2y$10$qso9hdaKDRq0chD4v8CbSOAayjNODzacosYUhtvC4Pf96sPf0aY6W', 'freynaud', '1976-04-19', 'Gamer'),
(404, 'simone69@torres.fr', '[\"ROLE_USER\"]', '$2y$10$9has.yzTD1ht8AI9U/.Rlu.eoyi9x.cX7fy/Nv4W11nLJ8rA7hbtW', 'luce.delorme', '1985-07-07', 'Lecteur de comics'),
(405, 'etienne.legall@laposte.net', '[\"ROLE_USER\"]', '$2y$10$DD.Nr1AuCwh8R9FfU.4ROuVwvOETzMbSgODrGfysQFSYwesOcTW3u', 'jlecoq', '1985-08-23', 'Gamer'),
(406, 'vallard@guyon.com', '[\"ROLE_USER\"]', '$2y$10$YqxJMGRi1s8iBZ.EX.QOK.kQopYlKp4lKgOT.v0W.4vsmFe91hRyS', 'luc58', '2001-06-16', 'Gamer'),
(407, 'marthe81@dbmail.com', '[\"ROLE_USER\"]', '$2y$10$mO7pQ00a8RpaQdYO8JBN3.mLVOBrgZ/LOVM2dUTl48tkVJypPTkRW', 'guillaume.juliette', '1999-08-14', 'Gamer'),
(408, 'adrien01@free.fr', '[\"ROLE_USER\"]', '$2y$10$uVDBlAudiube/Id5xip1qe/lfYLZ.DOrF4snYFKS9001Y2TqUAHKe', 'olivier.dossantos', '1964-01-14', 'Lecteur de comics'),
(409, 'camille05@renard.com', '[\"ROLE_USER\"]', '$2y$10$THZl9jhPq.wTDckT0PGFXuWJ3Eayov1P9jjt0zm1.83Yl7HpIeGmK', 'udupre', '1983-07-15', 'Lecteur de comics'),
(410, 'aimee.hamon@yahoo.fr', '[\"ROLE_USER\"]', '$2y$10$EjmjkOvoNZ/Yh58RkwzkuejCnggtO.iLVsDQDgFhwbZ99ksaaSRKW', 'gdupre', '1995-04-17', 'Lecteur de comics'),
(411, 'fabre.aurelie@live.com', '[\"ROLE_USER\"]', '$2y$10$fgOnI9iZG7p.YWt/TjM.MemsihRGWdssPsRg2gt6ZiKMwlEYAWqdy', 'margot86', '2003-02-21', 'Lecteur de comics'),
(412, 'simone.dupont@marty.com', '[\"ROLE_USER\"]', '$2y$10$T8YPi7bPF/s4JPeH/6B/gO81Lyxv/El4MdsnuvOXDj1r.Nt73BwYG', 'marthe77', '1983-12-19', 'Lecteur de mangas'),
(413, 'juliette.verdier@sfr.fr', '[\"ROLE_USER\"]', '$2y$10$JSHtBgHzYVmoh13.Za5w/ufLCsRsty8/ft0zFcS570fz2H4mlJVcq', 'patrick.joseph', '1981-11-08', 'Lecteur de comics'),
(414, 'vbesnard@dbmail.com', '[\"ROLE_USER\"]', '$2y$10$SrdLiTHxqApLz9Y9OdV03uVAy3e63SUOlpTS5KtpjH3eyFdd6W3x.', 'techer.paulette', '1964-08-06', 'Lecteur de mangas'),
(415, 'fleury.odette@free.fr', '[\"ROLE_USER\"]', '$2y$10$2Gc7Qcamf8aZTXt0PFmzDOZ1ekEDMdPkvrNcmgsHZJueHHwhvRuOK', 'humbert.alice', '1988-09-27', 'Gamer'),
(416, 'renard.thibaut@gaudin.fr', '[\"ROLE_USER\"]', '$2y$10$UVTKo1XK0.rkBh2IEoCxkOvRAvMYpYZRU0btiHyX9M9efqjJRy9Ym', 'jacques56', '1969-11-26', 'Lecteur de comics'),
(417, 'valentin.martin@giraud.fr', '[\"ROLE_USER\"]', '$2y$10$mU73pgQ.CRC7DlXrWMB5eOEtxovo3vpaLchTs7sT86PSxj7.I.IXG', 'avoisin', '1979-08-09', 'Joueur de jeux de société'),
(418, 'marechal.laetitia@laposte.net', '[\"ROLE_USER\"]', '$2y$10$VgQ/4Kn1xK75vUg48B.ZtuEv7pXo5dqJuIIy6FX3Yhm7SFFaUjL0y', 'ojacques', '1998-11-08', 'Lecteur de mangas'),
(419, 'bernard.laroche@lambert.com', '[\"ROLE_USER\"]', '$2y$10$4Kdi5dP5a4oRg928dItjtObrYjRe107TXvU5HR6A7fWHsTjCIN4FW', 'denis25', '1986-10-09', 'Gamer'),
(420, 'vgillet@cohen.com', '[\"ROLE_USER\"]', '$2y$10$YrjWW/Rga4y2d5wjFdNs6OnTJteufYDE7j55/J93zJaEVKfwz1d82', 'dbernard', '1994-12-24', 'Joueur de jeux de société'),
(421, 'stephane.rousset@gmail.com', '[\"ROLE_USER\"]', '$2y$10$5n0J5v2oNbB.s3YoOYT4H.uXk.YSC1M0CJOCZRc4LmZZ1557yz5Ja', 'richard.adele', '2006-04-29', 'Gamer'),
(422, 'alphonse.hebert@orange.fr', '[\"ROLE_USER\"]', '$2y$10$rgIjrH5R/DokPI2IhhNoWu/.X69tcpUEthdiVDmYUepFlfQZ9SKf.', 'victor92', '1974-11-30', 'Lecteur de mangas'),
(423, 'cboulay@pascal.org', '[\"ROLE_USER\"]', '$2y$10$8zMAap4s0lgVOU1brDBsF.4hTIVHLHVrQaqNWWrUU92e8r4yzgbG6', 'ejacquot', '1968-05-15', 'Joueur de jeux de société'),
(424, 'eric.faure@wanadoo.fr', '[\"ROLE_USER\"]', '$2y$10$Kc5g/dVollcLZxxm1yE/4.2Pb1Usxj57xeqD9YSiKg1w2Idh8uGxe', 'obriand', '1987-04-24', 'Lecteur de comics'),
(425, 'tdupont@club-internet.fr', '[\"ROLE_USER\"]', '$2y$10$yKL1c2ED1240SAPllVGPY..I85lxge/kzegVzdiyFJOU4VlgWsAnO', 'dorothee.lacombe', '1968-09-08', 'Lecteur de mangas'),
(426, 'odette63@pascal.org', '[\"ROLE_USER\"]', '$2y$10$6V7Uu79Jg9FcLaXivIqHzOE0mvrnK9UtcZOZ9NRKi3X.tmpBGBjKW', 'laetitia16', '2001-03-17', 'Gamer'),
(427, 'alexandre.daniel@guibert.net', '[\"ROLE_USER\"]', '$2y$10$980kUYVXqhEj2LlU302Il./PaedHL/ir4tvVQUlnlMJJ8HijL/CB6', 'alexandrie.blot', '1989-10-08', 'Gamer'),
(428, 'leclerc.eric@jourdan.fr', '[\"ROLE_USER\"]', '$2y$10$wVNtcjnIq48yWd2LxpgjOOVfxKaXuT2IxGdJqPYih8eiPnecUDzZC', 'peron.agnes', '2001-03-04', 'Lecteur de comics'),
(429, 'lopez.emmanuelle@laposte.net', '[\"ROLE_USER\"]', '$2y$10$XPrAuUMJj8tUMzkDiQ1Eueesmo7rQw7x6oyw0d4NC1Pe8r7a3suuO', 'gilbert.rey', '1974-06-06', 'Gamer'),
(430, 'chantal04@dbmail.com', '[\"ROLE_USER\"]', '$2y$10$lVXcNPPZAud6/4qAg6iLVOqJ.Dkee4oPDJLtOa0IBFFrAYJVTc7bS', 'paul80', '1974-03-15', 'Joueur de jeux de société'),
(431, 'laurent.joseph@millet.com', '[\"ROLE_USER\"]', '$2y$10$5sVW/tIjsjlXSTAnPcDpHeeEDAOPGJpU6AZCwlyEPONPekQAIUsZe', 'danielle.leclercq', '1999-07-23', 'Joueur de jeux de société'),
(432, 'xramos@sfr.fr', '[\"ROLE_USER\"]', '$2y$10$K093lJcKCDXLDF16Gdt0oObjDl0QqYOvUzkbMQG5t2wtVGs6913rO', 'ocarlier', '1964-02-16', 'Lecteur de comics'),
(433, 'gabriel.chevalier@nicolas.fr', '[\"ROLE_USER\"]', '$2y$10$4hyQGvK6kUzUMS3/XDzUI.4qfQZ/9MxFbskDNbDFelH.nkdn80QJO', 'dasilva.gerard', '1964-04-21', 'Lecteur de comics'),
(434, 'andre.boutin@denis.com', '[\"ROLE_USER\"]', '$2y$10$zyOhZBUhY/NeEoLT6t31MOagvH7jgY/JfZ32klSSgW0f7m1SA7xIK', 'aimee.pons', '1968-04-18', 'Joueur de jeux de société'),
(435, 'bbonneau@salmon.fr', '[\"ROLE_USER\"]', '$2y$10$p.ohPVV59cLRJwphbvJi/OHsO8GXl8HC1hPod8cR2HH8q2ERVCOO2', 'legros.jean', '2000-06-11', 'Joueur de jeux de société'),
(436, 'laroche.gabrielle@barbe.com', '[\"ROLE_USER\"]', '$2y$10$zm81AoTElD8xWd.R3bmtDu2N66MrpTFukMax7.0TkRvJJ2nMm68g.', 'hamel.etienne', '1975-05-10', 'Joueur de jeux de société'),
(437, 'hlopes@laposte.net', '[\"ROLE_USER\"]', '$2y$10$cjeoRCg4o/PRe42Vq2EffevC4P000LNgf6W.uIT4d2SG8UKpSO2Mq', 'aime.perez', '2003-06-15', 'Lecteur de mangas'),
(438, 'bouchet.oceane@free.fr', '[\"ROLE_USER\"]', '$2y$10$aw3vucjY68YUYS4ta3Occe4B5PtkmDIWIyeo1TuM47m14vDdf.2Y.', 'ablanc', '1995-12-26', 'Lecteur de mangas'),
(439, 'ldelattre@club-internet.fr', '[\"ROLE_USER\"]', '$2y$10$E3cwqg8Bbx/pAjuUnQSTE.V3dgNSkNyb7CTbuJYv3QvOuX/7DHFyC', 'guillaume.gillet', '1989-11-30', 'Lecteur de comics'),
(440, 'louise.guyon@wanadoo.fr', '[\"ROLE_USER\"]', '$2y$10$fi2eMP7A3SDfGjOKorvqBeU7Dnv3ZSbs2b1PsqPn5o07kflIHmNNC', 'valves', '1982-02-01', 'Lecteur de comics'),
(441, 'deschamps.jacques@dbmail.com', '[\"ROLE_USER\"]', '$2y$10$IfbQSzcsmnpKSfYORoizku3A7jljUO5tpAMDz8cRGFnF3MlMT25ze', 'dossantos.gregoire', '1988-01-02', 'Gamer'),
(442, 'bchartier@free.fr', '[\"ROLE_USER\"]', '$2y$10$MTELBJ371WFKDB3HpU7F0OvufiL6kP0LtjBzFOnFd/zMmJ.cdN.CW', 'unormand', '1991-06-13', 'Joueur de jeux de société'),
(443, 'guillaume.marchand@daniel.net', '[\"ROLE_USER\"]', '$2y$10$ec9SkHw8FIzxCnT26aApSuQ6mjC6IG1ymYRcMzGFVc4rBbkaPMbUi', 'garnier.matthieu', '1980-04-19', 'Lecteur de mangas'),
(444, 'paris.yves@tele2.fr', '[\"ROLE_USER\"]', '$2y$10$pENeBgYt8BiymsmwH0USAOK500PEU5DhQK/F.TPUWAzKxPqazVOFe', 'rmichaud', '1976-08-29', 'Lecteur de comics'),
(445, 'luc02@yahoo.fr', '[\"ROLE_USER\"]', '$2y$10$SEEg9J2Ok8Z.MfHsLSMdX.nenPuku8oJcaBUFQLON1/JhwqpO6pCW', 'masson.caroline', '1997-05-17', 'Lecteur de comics'),
(446, 'royer.olivier@live.com', '[\"ROLE_USER\"]', '$2y$10$UgH./mptTKiYp3bSbIWnU.bw/rxMTXxxg99M6.ypsONPxAhNfRwWW', 'gperrier', '1979-12-09', 'Joueur de jeux de société'),
(447, 'xleleu@free.fr', '[\"ROLE_USER\"]', '$2y$10$9pSPAGpk.3V9fdX7dtkHTe2Y5UxQTA0faLfxsLF6L8dArzwR71vXC', 'alphonse03', '1981-11-08', 'Joueur de jeux de société'),
(448, 'lucie.tanguy@guillaume.com', '[\"ROLE_USER\"]', '$2y$10$ARKdhSdNtFBXte1xLpu2ye/ymLRd7hZ2Qdyo6/meQIPHAKKMjgW92', 'hoarau.antoine', '1962-06-19', 'Lecteur de mangas'),
(449, 'potier.alfred@yahoo.fr', '[\"ROLE_USER\"]', '$2y$10$P3Lb4TmeO2d6cnVkdTzbh.zDVU2Z6iO6BlWkd/zwkaWWTHfJLWBZa', 'gilles91', '1971-10-01', 'Lecteur de mangas'),
(450, 'benoit05@dufour.fr', '[\"ROLE_USER\"]', '$2y$10$E3dNRzghrq/mmk.NYmShheGE.vesnk1io6yA3DNoVuHh3aZSUTfoW', 'thomas05', '1963-04-01', 'Lecteur de mangas'),
(451, 'martinez.william@hotmail.fr', '[\"ROLE_USER\"]', '$2y$10$0IdChJaybftghoiWNSbWZuoFX5nMjhm/HV9BPwGM3rmQotlQLNPcC', 'edith56', '1975-04-25', 'Joueur de jeux de société'),
(452, 'alex.guillet@yahoo.fr', '[\"ROLE_USER\"]', '$2y$10$BQ9pxPyxg/XPAXL63cE2wOUh580N8T039aEhEcC7GlYHrJbTz1DbW', 'opetitjean', '1979-12-28', 'Joueur de jeux de société'),
(453, 'josephine.tanguy@sfr.fr', '[\"ROLE_USER\"]', '$2y$10$/7XGDKdUXYz5nBOpeG9X3.XreXrn7DrmUiBPwRxNfJu.kpbpFdJWG', 'genevieve74', '1975-05-25', 'Joueur de jeux de société'),
(454, 'alain15@hotmail.fr', '[\"ROLE_USER\"]', '$2y$10$aB6h4cJJQBI6a4iyyhvKI.HBpJqN6Rkg.vKX/No1RqkQVrEJPoIcy', 'danielle.legendre', '1962-03-23', 'Gamer'),
(455, 'thibault26@sfr.fr', '[\"ROLE_USER\"]', '$2y$10$66aK00FPTgLSUCg05CMRV.WGuj5PPsSSSdTUZroRU.P8o4mrWgJfC', 'bernard.labbe', '1993-10-15', 'Gamer'),
(456, 'germain.thierry@salmon.net', '[\"ROLE_USER\"]', '$2y$10$u.BCx0bZN080sadGhomNJewk6iNtAogyD.mNd11ien1REfWyO.s6G', 'qhernandez', '1970-05-21', 'Lecteur de comics'),
(457, 'emile46@dbmail.com', '[\"ROLE_USER\"]', '$2y$10$MjfuAgvzIdtEcTkgdAJ7XeJ22634/.ka83KnS/aj5ClTRh2TMRHYO', 'michele.samson', '1994-03-16', 'Lecteur de mangas'),
(458, 'rarnaud@fabre.fr', '[\"ROLE_USER\"]', '$2y$10$BhNcNOK8EYxbT.dWZZp/1uhy1MnEiBjDV9ykYIcLF5lGEUQS94FMu', 'jmasse', '1964-03-03', 'Gamer'),
(459, 'patrick.andre@laposte.net', '[\"ROLE_USER\"]', '$2y$10$ddnzAqzkZS.A64bpZEO.N.Iam4PAZHlR0H5Q.3BAnc3cgWF2WKhhK', 'antoine16', '1976-10-02', 'Gamer'),
(460, 'rguichard@dbmail.com', '[\"ROLE_USER\"]', '$2y$10$n4ckf.1CiWo5gUT.K7ryvuK/9y0FsZCJD1uhSL3gnVNweS5iv/sEu', 'roger.gregoire', '1999-07-11', 'Lecteur de mangas'),
(461, 'wagner.rene@hotmail.fr', '[\"ROLE_USER\"]', '$2y$10$SDS.sVZgbsCbrMI2I1HiGOCXFh1aUrjp3SInuUnFeOxZwSfvXIKZG', 'fernandes.jules', '1976-03-10', 'Lecteur de mangas'),
(462, 'claudine03@hotmail.fr', '[\"ROLE_USER\"]', '$2y$10$Tgwilod4Vzx2M12HkhxxXujiyAXAEV4WiNsukzr5ubYelviYE.kOK', 'jean38', '1972-10-02', 'Lecteur de mangas'),
(463, 'noel92@allard.org', '[\"ROLE_USER\"]', '$2y$10$uBtiaIAxB3HdCdpS0N9QN.vW6qXKxk04eqM119TxZlGkWZWpawLMW', 'launay.matthieu', '2007-06-23', 'Joueur de jeux de société'),
(464, 'bmaury@pages.net', '[\"ROLE_USER\"]', '$2y$10$RNe2Y9z0sERw0epyDu10HOUJ6U3oa9mBrTCiXyYtmr0H4h8MTjIbu', 'gonzalez.frederique', '1966-10-29', 'Lecteur de comics'),
(465, 'nicole.coulon@lejeune.fr', '[\"ROLE_USER\"]', '$2y$10$H/VadlGpdOXF2nHmPqSY3.I6MkSEHAaxPFulWkIf3LoZ4RxUnxc96', 'marcel.royer', '1974-06-15', 'Gamer'),
(466, 'philippine05@club-internet.fr', '[\"ROLE_USER\"]', '$2y$10$ZKvhehPrSOUVCBXaIpGleu/JON6sPHDEhv43F0lI78TMJqInBdAgK', 'veronique59', '1969-10-18', 'Gamer'),
(467, 'dletellier@fabre.com', '[\"ROLE_USER\"]', '$2y$10$SRH3h6R6JWybI/s7oQmFSufWsI3mpS9p/pE3bKljv/mUErPqU1zZG', 'timothee20', '2008-07-13', 'Lecteur de mangas'),
(468, 'nfernandes@hotmail.fr', '[\"ROLE_USER\"]', '$2y$10$dphy00VF7NJB/l4skue3geGn1IOA3hDtQwxZZ924sY.24uNbIBNFO', 'xavier.hernandez', '1964-04-23', 'Gamer'),
(469, 'stephane.marion@clerc.com', '[\"ROLE_USER\"]', '$2y$10$iMbrCNW5d37WegTmsXaV7OD7lohcuwJtVPRMiI7bO41bD/gAkkCSK', 'zadam', '1962-03-30', 'Gamer'),
(470, 'martine.lenoir@club-internet.fr', '[\"ROLE_USER\"]', '$2y$10$zQLabyIVHNggf71rtWpe5O/BgHHV3KRam6b5dswSPEWBZS92OeJA6', 'renault.remy', '1989-04-03', 'Gamer'),
(471, 'henri.barbe@sfr.fr', '[\"ROLE_USER\"]', '$2y$10$l47DKWk0Yg1BRX8RzpWJr.SF45I1iXs2AZRDHb377VhMt9xuRVTvO', 'sophie.barre', '1965-11-19', 'Lecteur de mangas'),
(472, 'jacqueline68@wanadoo.fr', '[\"ROLE_USER\"]', '$2y$10$etlCK4.C8K0a9rnRXWx1R.ElysQXsWCDx0su27Qdd2hglIghuatIC', 'tblanchet', '1990-07-22', 'Joueur de jeux de société'),
(473, 'olefebvre@wanadoo.fr', '[\"ROLE_USER\"]', '$2y$10$yK0WpEeZrrVLZxmZ.q2Zouaf6UZeSFKsuj/Pqd2r8vekHAXu81Eki', 'techer.diane', '1970-04-09', 'Lecteur de comics'),
(474, 'henri27@mace.com', '[\"ROLE_USER\"]', '$2y$10$P1rqT54Tp7Im0Uo4Z3RIZ.5v0ZinPxkDhU4ac7tyLa5xdK0.3xKJi', 'adele.dubois', '1977-10-03', 'Gamer'),
(475, 'udupuis@orange.fr', '[\"ROLE_USER\"]', '$2y$10$Y.aH2Dqa3Cd7Ekkvfdr5SOaffMq/F1cvgepVVZ3kiImBIWg80a7x6', 'gregoire.fournier', '1965-08-16', 'Lecteur de mangas'),
(476, 'celina.leleu@club-internet.fr', '[\"ROLE_USER\"]', '$2y$10$hvnWC86sjz5puypuuqeqL.MPHWnteYG.3dJfD2/WzW7upLI4D2Dbi', 'descamps.agathe', '1964-08-16', 'Lecteur de mangas'),
(477, 'raymond14@tele2.fr', '[\"ROLE_USER\"]', '$2y$10$5hckYytC1tKKhP2QBUyEuuzB.nOmQOwJFuQ3VbqOQWiMMb1fVyogG', 'adele.guilbert', '1980-11-05', 'Joueur de jeux de société'),
(478, 'ledoux.guillaume@barbier.net', '[\"ROLE_USER\"]', '$2y$10$ANARvim4U1CrvrdA2WnTOuZ0VaxilnfhMUtsYoZrYDZmA8ej1VoVy', 'marion.marc', '1988-10-25', 'Gamer'),
(479, 'hortense80@live.com', '[\"ROLE_USER\"]', '$2y$10$sDyr/0fJFfDCPnAQ6Dp1uuj1mZYZyV54OanLmhHi692xw0Ah79twO', 'adelaide00', '1997-09-24', 'Lecteur de mangas'),
(480, 'goncalves.suzanne@noos.fr', '[\"ROLE_USER\"]', '$2y$10$sGCUYSV2zebhkDZlGu5MI.c7xt6SnFSjuy4iuU43Hlc/k1hnw3lk2', 'kmaury', '1987-01-17', 'Joueur de jeux de société'),
(481, 'dominique.roche@tele2.fr', '[\"ROLE_USER\"]', '$2y$10$pdKryr84DQ.T/DjyTC0EjOqRC.D7fhqdbhzA9fef1BC2QazJsmehe', 'ldelmas', '1972-09-04', 'Lecteur de mangas'),
(482, 'francoise.delahaye@sfr.fr', '[\"ROLE_USER\"]', '$2y$10$BzZoS9y6BasmL9c9ae7k7OVTJ.kNcv4RnCUxavnFWYidiN6bX.8Fq', 'lboyer', '2001-03-14', 'Gamer'),
(483, 'sylvie53@navarro.com', '[\"ROLE_USER\"]', '$2y$10$40mh0kG2XljKlHI0v7fLt.hJrCMr4GuJ4geiSCmc4xrc8r2zazX1W', 'laurent04', '1977-01-20', 'Lecteur de mangas'),
(484, 'navarro.pierre@salmon.org', '[\"ROLE_USER\"]', '$2y$10$fsKJPQxrNLh77fHZenqj.OhY98NKO3MwZUaSgdMK2nm8SS7k.b1r6', 'henriette56', '1964-06-08', 'Joueur de jeux de société'),
(485, 'wbesnard@yahoo.fr', '[\"ROLE_USER\"]', '$2y$10$dr6zaq4ljFoSPBoikzijNuDjJfOnzR15tM5nk0s2YDNn9tUDpe7Be', 'victor.legall', '1993-09-04', 'Gamer'),
(486, 'christophe.martineau@tele2.fr', '[\"ROLE_USER\"]', '$2y$10$4iYpdADcMwTqVNl6ku.FaO8gGIli7ckekNQhEftykxEJtX.WS7.H2', 'xaubert', '1998-04-07', 'Joueur de jeux de société'),
(487, 'riviere.charlotte@poirier.org', '[\"ROLE_USER\"]', '$2y$10$ChXzSB4QDkDIymyeFB/doepwVZ7LOP2I4sxL/VIiypjRCCnVmdWx.', 'monique05', '2006-12-04', 'Gamer'),
(488, 'garnier.theodore@bertin.fr', '[\"ROLE_USER\"]', '$2y$10$uqQHt6p6mRi63pBRuZiwNeKpW.sriwLyfm82ilH2kpD3VCnUA6w3m', 'gerard53', '1983-11-04', 'Gamer'),
(489, 'simon.ines@perrier.fr', '[\"ROLE_USER\"]', '$2y$10$/TBAweREUklf9wV3yQ09C.Zp3.s5OSs04SB1fsDBmAUZN6/YOQrYe', 'rocher.jeannine', '1999-08-10', 'Joueur de jeux de société'),
(490, 'bpires@noos.fr', '[\"ROLE_USER\"]', '$2y$10$EI98tKPztlAWuFztZXPLx.f9Z9vWZuI7pbWQJebk7l1uL.coJwiSy', 'mendes.alex', '1995-06-16', 'Gamer'),
(491, 'vlecoq@albert.org', '[\"ROLE_USER\"]', '$2y$10$YQZQmkB9LScPnbptv2aDpeIjgK4OrvZFUmRTb6Ct8dkQ1dOxVlJlK', 'marc.gaudin', '1965-08-16', 'Lecteur de mangas'),
(492, 'fgaillard@wanadoo.fr', '[\"ROLE_USER\"]', '$2y$10$LphL5FX6lL2MrcCWEyGn7Oi5kLW967bX67C0Jny97rVPlRjUwwc7i', 'ledoux.christine', '2002-05-13', 'Lecteur de comics'),
(493, 'alain.grondin@laposte.net', '[\"ROLE_USER\"]', '$2y$10$KfXYL2vX5NMT3KiP40X/a.NrvG.W7NXPztRcK8.RsWTqCe1VBI2mK', 'kjacquot', '2002-04-24', 'Gamer'),
(494, 'stephane.blot@barthelemy.org', '[\"ROLE_USER\"]', '$2y$10$mFrWOfETPYlHtILNXBbHpuAQH0mnxwuZNvk8GF3i.JawKFG0lj9Ia', 'germain.celina', '1968-01-07', 'Joueur de jeux de société'),
(495, 'caroline.seguin@noos.fr', '[\"ROLE_USER\"]', '$2y$10$DSMpdVeKo.WHx0dbkjXc7.OKQQkwzxeR1jqS6th7hksdaEo1XBCTK', 'simone.ollivier', '1994-07-13', 'Lecteur de comics'),
(496, 'valentine37@charpentier.org', '[\"ROLE_USER\"]', '$2y$10$2RcyyCKPXZFQIkxNnJoAl.4G3rQ/AVRMtDzpIP5ah/PNWwa9oQgTC', 'joly.andre', '1984-05-28', 'Joueur de jeux de société'),
(497, 'maillard.maurice@leclercq.com', '[\"ROLE_USER\"]', '$2y$10$zfFbxPqJSTfNtazojmYqpePegwPMDAqybWHSPu3WtUxM70ynQxgd.', 'parent.helene', '1971-09-11', 'Lecteur de mangas'),
(498, 'anne30@chauvet.fr', '[\"ROLE_USER\"]', '$2y$10$DX5anpZuq4mG2I2mSyNXj.uXbmcnLfk3hKHZat2.1W1kW6jM/Biv6', 'agathe.berthelot', '1998-02-23', 'Lecteur de comics'),
(499, 'francoise26@perrier.net', '[\"ROLE_USER\"]', '$2y$10$sG21aHu5RGgjYONLOHmJQuhMrZRYLBfW8zibOLb19tl8cmHjCH4ZS', 'hlefebvre', '1967-06-29', 'Joueur de jeux de société'),
(500, 'guy.teixeira@dbmail.com', '[\"ROLE_USER\"]', '$2y$10$K/suBo9vansBT6fevoYN6Ogwm7wVcmRNYRxnrJnTjY4GK262AdnIC', 'vincent.marine', '1965-07-05', 'Joueur de jeux de société');

-- --------------------------------------------------------

--
-- Structure de la table `user_board_game`
--

CREATE TABLE `user_board_game` (
  `user_id` int(11) NOT NULL,
  `board_game_id` int(11) NOT NULL
) ENGINE=InnoDB DEFAULT CHARSET=utf8mb4 COLLATE=utf8mb4_unicode_ci;

--
-- Déchargement des données de la table `user_board_game`
--

INSERT INTO `user_board_game` (`user_id`, `board_game_id`) VALUES
(1, 181),
(2, 196),
(3, 162),
(4, 156),
(5, 198),
(6, 147),
(8, 147),
(9, 158),
(10, 113),
(11, 138),
(12, 183),
(13, 131),
(15, 147),
(16, 127),
(17, 107),
(18, 194),
(19, 122),
(20, 142),
(22, 148),
(23, 136),
(24, 131),
(25, 151),
(26, 165),
(27, 114),
(29, 105),
(30, 147),
(31, 112),
(32, 130),
(33, 126),
(34, 157),
(36, 160),
(37, 150),
(38, 186),
(39, 149),
(40, 117),
(41, 170),
(43, 195),
(44, 126),
(45, 164),
(46, 125),
(47, 169),
(48, 174),
(50, 112),
(51, 151),
(52, 152),
(53, 136),
(54, 106),
(55, 147),
(57, 151),
(58, 181),
(59, 112),
(60, 112),
(61, 119),
(62, 148),
(64, 177),
(65, 170),
(66, 180),
(67, 104),
(68, 152),
(69, 169),
(71, 152),
(72, 197),
(73, 183),
(74, 193),
(75, 159),
(76, 140),
(78, 117),
(79, 121),
(80, 138),
(81, 175),
(82, 111),
(83, 108),
(85, 143),
(86, 102),
(87, 186),
(88, 183),
(89, 118),
(90, 179),
(92, 161),
(93, 187),
(94, 106),
(95, 114),
(96, 195),
(97, 187),
(99, 192),
(100, 115),
(101, 171),
(102, 151),
(103, 111),
(104, 121),
(106, 143),
(107, 120),
(108, 131),
(109, 151),
(110, 129),
(111, 108),
(113, 174),
(114, 181),
(115, 144),
(116, 149),
(117, 199),
(118, 197),
(120, 165),
(121, 150),
(122, 114),
(123, 146),
(124, 107),
(125, 143),
(127, 144),
(128, 167),
(129, 132),
(130, 164),
(131, 166),
(132, 120),
(134, 191),
(135, 136),
(136, 184),
(137, 123),
(138, 106),
(139, 175),
(141, 162),
(142, 193),
(143, 187),
(144, 128),
(145, 119),
(146, 196),
(148, 111),
(149, 106),
(150, 135),
(151, 178),
(152, 157),
(153, 137),
(155, 194),
(156, 131),
(157, 185),
(158, 172),
(159, 141),
(160, 166),
(162, 199),
(163, 170),
(164, 118),
(165, 130),
(166, 164),
(167, 115),
(169, 192),
(170, 194),
(171, 193),
(172, 118),
(173, 160),
(174, 191),
(176, 103),
(177, 171),
(178, 108),
(179, 195),
(180, 124),
(181, 189),
(183, 116),
(184, 164),
(185, 168),
(186, 148),
(187, 152),
(188, 159),
(190, 141),
(191, 148),
(192, 163),
(193, 112),
(194, 135),
(195, 107),
(197, 105),
(198, 160),
(199, 109),
(200, 158),
(201, 122),
(202, 109),
(204, 119),
(205, 109),
(206, 168),
(207, 105),
(208, 130),
(209, 120),
(211, 195),
(212, 199),
(213, 185),
(214, 182),
(215, 142),
(216, 183),
(218, 187),
(219, 135),
(220, 191),
(221, 128),
(222, 136),
(223, 110),
(225, 172),
(226, 142),
(227, 159),
(228, 177),
(229, 138),
(230, 128),
(232, 129),
(233, 174),
(234, 113),
(235, 120),
(236, 196),
(237, 119),
(239, 154),
(240, 160),
(241, 198),
(242, 130),
(243, 120),
(244, 136),
(246, 172),
(247, 138),
(248, 158),
(249, 142),
(250, 105),
(251, 181),
(253, 103),
(254, 176),
(255, 161),
(256, 123),
(257, 119),
(258, 178),
(260, 178),
(261, 117),
(262, 128),
(263, 116),
(264, 101),
(265, 112),
(267, 138),
(268, 142),
(269, 197),
(270, 138),
(271, 188),
(272, 127),
(274, 150),
(275, 103),
(276, 165),
(277, 187),
(278, 130),
(279, 165),
(281, 144),
(282, 142),
(283, 135),
(284, 117),
(285, 115),
(286, 149),
(288, 125),
(289, 156),
(290, 184),
(291, 162),
(292, 133),
(293, 183),
(295, 120),
(296, 197),
(297, 150),
(298, 141),
(299, 116),
(300, 126),
(302, 168),
(303, 117),
(304, 167),
(305, 143),
(306, 161),
(307, 177),
(309, 150),
(310, 175),
(311, 132),
(312, 200),
(313, 119),
(314, 173),
(316, 198),
(317, 167),
(318, 141),
(319, 117),
(320, 146),
(321, 176),
(323, 126),
(324, 115),
(325, 183),
(326, 117),
(327, 144),
(328, 193),
(330, 152),
(331, 147),
(332, 163),
(333, 191),
(334, 143),
(335, 176),
(337, 189),
(338, 146),
(339, 197),
(340, 175),
(341, 103),
(342, 154),
(344, 126),
(345, 153),
(346, 119),
(347, 178),
(348, 178),
(349, 124),
(351, 109),
(352, 123),
(353, 176),
(354, 131),
(355, 102),
(356, 191),
(358, 167),
(359, 152),
(360, 160),
(361, 193),
(362, 124),
(363, 156),
(365, 183),
(366, 186),
(367, 185),
(368, 189),
(369, 174),
(370, 190),
(372, 107),
(373, 134),
(374, 165),
(375, 193),
(376, 111),
(377, 141),
(379, 153),
(380, 133),
(381, 122),
(382, 132),
(383, 154),
(384, 196),
(386, 148),
(387, 107),
(388, 131),
(389, 150),
(390, 128),
(391, 148),
(393, 163),
(394, 136),
(395, 152),
(396, 110),
(397, 157),
(398, 117),
(400, 145),
(401, 171),
(402, 192),
(403, 101),
(404, 114),
(405, 121),
(407, 192),
(408, 184),
(409, 118),
(410, 118),
(411, 151),
(412, 140),
(414, 200),
(415, 147),
(416, 167),
(417, 117),
(418, 105),
(419, 190),
(421, 196),
(422, 165),
(423, 125),
(424, 142),
(425, 140),
(426, 200),
(428, 184),
(429, 200),
(430, 192),
(431, 156),
(432, 186),
(433, 102),
(435, 185),
(436, 146),
(437, 140),
(438, 164),
(439, 160),
(440, 151),
(442, 177),
(443, 181),
(444, 153),
(445, 118),
(446, 139),
(447, 121),
(449, 193),
(450, 114),
(451, 161),
(452, 161),
(453, 200),
(454, 147),
(456, 196),
(457, 186),
(458, 139),
(459, 117),
(460, 132),
(461, 101),
(463, 176),
(464, 134),
(465, 133),
(466, 148),
(467, 134),
(468, 146),
(470, 173),
(471, 142),
(472, 195),
(473, 120),
(474, 152),
(475, 148),
(477, 148),
(478, 189),
(479, 101),
(480, 139),
(481, 137),
(482, 150),
(484, 182),
(485, 198),
(486, 145),
(487, 182),
(488, 200),
(489, 152),
(491, 138),
(492, 103),
(493, 113),
(494, 142),
(495, 115),
(496, 164),
(498, 128),
(499, 107),
(500, 175);

-- --------------------------------------------------------

--
-- Structure de la table `user_comic`
--

CREATE TABLE `user_comic` (
  `user_id` int(11) NOT NULL,
  `comic_id` int(11) NOT NULL
) ENGINE=InnoDB DEFAULT CHARSET=utf8mb4 COLLATE=utf8mb4_unicode_ci;

--
-- Déchargement des données de la table `user_comic`
--

INSERT INTO `user_comic` (`user_id`, `comic_id`) VALUES
(1, 181),
(2, 109),
(3, 132),
(5, 119),
(6, 160),
(7, 143),
(9, 183),
(10, 154),
(11, 102),
(13, 105),
(14, 162),
(15, 115),
(17, 115),
(18, 182),
(19, 182),
(21, 102),
(22, 118),
(23, 102),
(25, 172),
(26, 124),
(27, 157),
(29, 148),
(30, 187),
(31, 142),
(33, 199),
(34, 170),
(35, 116),
(37, 171),
(38, 161),
(39, 151),
(41, 184),
(42, 168),
(43, 195),
(45, 110),
(46, 112),
(47, 148),
(49, 167),
(50, 115),
(51, 104),
(53, 154),
(54, 119),
(55, 137),
(57, 137),
(58, 116),
(59, 199),
(61, 151),
(62, 155),
(63, 188),
(65, 147),
(66, 186),
(67, 172),
(69, 139),
(70, 155),
(71, 103),
(73, 162),
(74, 188),
(75, 196),
(77, 132),
(78, 167),
(79, 193),
(81, 139),
(82, 108),
(83, 117),
(85, 143),
(86, 164),
(87, 190),
(89, 193),
(90, 166),
(91, 161),
(93, 147),
(94, 185),
(95, 131),
(97, 166),
(98, 129),
(99, 109),
(101, 159),
(102, 136),
(103, 106),
(105, 147),
(106, 144),
(107, 172),
(109, 152),
(110, 147),
(111, 165),
(113, 192),
(114, 134),
(115, 145),
(117, 128),
(118, 192),
(119, 101),
(121, 166),
(122, 146),
(123, 153),
(125, 159),
(126, 157),
(127, 162),
(129, 142),
(130, 188),
(131, 199),
(133, 179),
(134, 190),
(135, 112),
(137, 191),
(138, 141),
(139, 103),
(141, 157),
(142, 190),
(143, 121),
(145, 164),
(146, 200),
(147, 195),
(149, 197),
(150, 143),
(151, 154),
(153, 155),
(154, 106),
(155, 166),
(157, 168),
(158, 134),
(159, 115),
(161, 187),
(162, 195),
(163, 191),
(165, 120),
(166, 138),
(167, 127),
(169, 173),
(170, 102),
(171, 135),
(173, 160),
(174, 128),
(175, 168),
(177, 181),
(178, 172),
(179, 133),
(181, 146),
(182, 186),
(183, 147),
(185, 157),
(186, 183),
(187, 152),
(189, 185),
(190, 115),
(191, 160),
(193, 110),
(194, 146),
(195, 199),
(197, 134),
(198, 157),
(199, 171),
(201, 132),
(202, 148),
(203, 135),
(205, 146),
(206, 174),
(207, 198),
(209, 101),
(210, 168),
(211, 158),
(213, 113),
(214, 198),
(215, 142),
(217, 150),
(218, 181),
(219, 166),
(221, 150),
(222, 104),
(223, 137),
(225, 120),
(226, 148),
(227, 178),
(229, 133),
(230, 111),
(231, 165),
(233, 185),
(234, 152),
(235, 124),
(237, 123),
(238, 104),
(239, 138),
(241, 111),
(242, 129),
(243, 144),
(245, 154),
(246, 174),
(247, 124),
(249, 130),
(250, 121),
(251, 194),
(253, 102),
(254, 133),
(255, 165),
(257, 199),
(258, 188),
(259, 135),
(261, 161),
(262, 162),
(263, 175),
(265, 200),
(266, 125),
(267, 161),
(269, 118),
(270, 184),
(271, 179),
(273, 171),
(274, 117),
(275, 117),
(277, 196),
(278, 116),
(279, 129),
(281, 124),
(282, 156),
(283, 139),
(285, 146),
(286, 124),
(287, 136),
(289, 157),
(290, 181),
(291, 120),
(293, 150),
(294, 114),
(295, 164),
(297, 128),
(298, 160),
(299, 159),
(301, 145),
(302, 107),
(303, 108),
(305, 192),
(306, 162),
(307, 154),
(309, 102),
(310, 132),
(311, 149),
(313, 146),
(314, 187),
(315, 115),
(317, 115),
(318, 167),
(319, 188),
(321, 183),
(322, 105),
(323, 169),
(325, 123),
(326, 102),
(327, 187),
(329, 169),
(330, 162),
(331, 198),
(333, 133),
(334, 110),
(335, 123),
(337, 122),
(338, 119),
(339, 182),
(341, 181),
(342, 116),
(343, 169),
(345, 192),
(346, 145),
(347, 141),
(349, 141),
(350, 191),
(351, 171),
(353, 197),
(354, 119),
(355, 140),
(357, 180),
(358, 136),
(359, 117),
(361, 160),
(362, 139),
(363, 193),
(365, 143),
(366, 178),
(367, 165),
(369, 174),
(370, 143),
(371, 112),
(373, 143),
(374, 105),
(375, 166),
(377, 198),
(378, 122),
(379, 128),
(381, 189),
(382, 122),
(383, 199),
(385, 197),
(386, 111),
(387, 102),
(389, 181),
(390, 115),
(391, 111),
(393, 166),
(394, 197),
(395, 155),
(397, 193),
(398, 188),
(399, 158),
(401, 151),
(402, 188),
(403, 196),
(405, 164),
(406, 188),
(407, 124),
(409, 193),
(410, 159),
(411, 123),
(413, 167),
(414, 129),
(415, 138),
(417, 142),
(418, 191),
(419, 147),
(421, 159),
(422, 181),
(423, 195),
(425, 151),
(426, 132),
(427, 197),
(429, 106),
(430, 154),
(431, 187),
(433, 152),
(434, 145),
(435, 129),
(437, 123),
(438, 170),
(439, 156),
(441, 196),
(442, 190),
(443, 131),
(445, 103),
(446, 145),
(447, 139),
(449, 112),
(450, 157),
(451, 181),
(453, 105),
(454, 183),
(455, 110),
(457, 104),
(458, 159),
(459, 157),
(461, 140),
(462, 158),
(463, 178),
(465, 150),
(466, 114),
(467, 140),
(469, 191),
(470, 151),
(471, 103),
(473, 108),
(474, 112),
(475, 116),
(477, 130),
(478, 149),
(479, 183),
(481, 195),
(482, 143),
(483, 101),
(485, 160),
(486, 144),
(487, 119),
(489, 106),
(490, 172),
(491, 124),
(493, 125),
(494, 110),
(495, 183),
(497, 157),
(498, 160),
(499, 173);

-- --------------------------------------------------------

--
-- Structure de la table `user_manga`
--

CREATE TABLE `user_manga` (
  `user_id` int(11) NOT NULL,
  `manga_id` int(11) NOT NULL
) ENGINE=InnoDB DEFAULT CHARSET=utf8mb4 COLLATE=utf8mb4_unicode_ci;

--
-- Déchargement des données de la table `user_manga`
--

INSERT INTO `user_manga` (`user_id`, `manga_id`) VALUES
(1, 115),
(2, 124),
(3, 109),
(4, 111),
(6, 183),
(7, 130),
(8, 183),
(9, 147),
(11, 171),
(12, 104),
(13, 130),
(14, 170),
(16, 134),
(17, 168),
(18, 106),
(19, 146),
(21, 115),
(22, 181),
(23, 161),
(24, 113),
(26, 155),
(27, 112),
(28, 146),
(29, 130),
(31, 118),
(32, 165),
(33, 158),
(34, 200),
(36, 134),
(37, 166),
(38, 135),
(39, 177),
(41, 155),
(42, 146),
(43, 111),
(44, 149),
(46, 198),
(47, 138),
(48, 196),
(49, 170),
(51, 160),
(52, 155),
(53, 166),
(54, 191),
(56, 178),
(57, 192),
(58, 195),
(59, 154),
(61, 147),
(62, 148),
(63, 162),
(64, 199),
(66, 200),
(67, 117),
(68, 143),
(69, 197),
(71, 145),
(72, 193),
(73, 116),
(74, 181),
(76, 179),
(77, 141),
(78, 155),
(79, 161),
(81, 166),
(82, 151),
(83, 161),
(84, 187),
(86, 181),
(87, 141),
(88, 124),
(89, 135),
(91, 101),
(92, 108),
(93, 159),
(94, 172),
(96, 180),
(97, 173),
(98, 163),
(99, 169),
(101, 192),
(102, 116),
(103, 121),
(104, 151),
(106, 199),
(107, 122),
(108, 200),
(109, 123),
(111, 189),
(112, 192),
(113, 165),
(114, 106),
(116, 111),
(117, 166),
(118, 106),
(119, 126),
(121, 186),
(122, 158),
(123, 110),
(124, 182),
(126, 148),
(127, 155),
(128, 163),
(129, 177),
(131, 105),
(132, 163),
(133, 195),
(134, 127),
(136, 188),
(137, 134),
(138, 149),
(139, 185),
(141, 194),
(142, 126),
(143, 142),
(144, 186),
(146, 184),
(147, 168),
(148, 188),
(149, 180),
(151, 102),
(152, 137),
(153, 108),
(154, 108),
(156, 165),
(157, 190),
(158, 194),
(159, 188),
(161, 113),
(162, 139),
(163, 154),
(164, 192),
(166, 118),
(167, 159),
(168, 153),
(169, 122),
(171, 113),
(172, 159),
(173, 145),
(174, 157),
(176, 122),
(177, 104),
(178, 200),
(179, 142),
(181, 102),
(182, 197),
(183, 136),
(184, 107),
(186, 173),
(187, 179),
(188, 200),
(189, 173),
(191, 199),
(192, 152),
(193, 123),
(194, 106),
(196, 174),
(197, 197),
(198, 147),
(199, 140),
(201, 171),
(202, 105),
(203, 151),
(204, 191),
(206, 122),
(207, 188),
(208, 167),
(209, 171),
(211, 134),
(212, 184),
(213, 189),
(214, 112),
(216, 139),
(217, 104),
(218, 125),
(219, 112),
(221, 140),
(222, 145),
(223, 189),
(224, 178),
(226, 168),
(227, 140),
(228, 119),
(229, 145),
(231, 188),
(232, 150),
(233, 137),
(234, 164),
(236, 169),
(237, 124),
(238, 140),
(239, 197),
(241, 183),
(242, 113),
(243, 109),
(244, 117),
(246, 106),
(247, 127),
(248, 190),
(249, 144),
(251, 172),
(252, 147),
(253, 184),
(254, 134),
(256, 118),
(257, 169),
(258, 130),
(259, 178),
(261, 133),
(262, 114),
(263, 129),
(264, 102),
(266, 146),
(267, 194),
(268, 172),
(269, 151),
(271, 190),
(272, 122),
(273, 128),
(274, 120),
(276, 174),
(277, 119),
(278, 131),
(279, 184),
(281, 185),
(282, 148),
(283, 185),
(284, 155),
(286, 190),
(287, 114),
(288, 184),
(289, 108),
(291, 149),
(292, 199),
(293, 198),
(294, 125),
(296, 136),
(297, 199),
(298, 141),
(299, 199),
(301, 123),
(302, 115),
(303, 102),
(304, 140),
(306, 172),
(307, 135),
(308, 173),
(309, 186),
(311, 181),
(312, 173),
(313, 192),
(314, 170),
(316, 122),
(317, 190),
(318, 192),
(319, 199),
(321, 146),
(322, 123),
(323, 162),
(324, 154),
(326, 111),
(327, 155),
(328, 121),
(329, 193),
(331, 163),
(332, 137),
(333, 141),
(334, 148),
(336, 116),
(337, 106),
(338, 162),
(339, 102),
(341, 179),
(342, 153),
(343, 168),
(344, 151),
(346, 134),
(347, 118),
(348, 129),
(349, 183),
(351, 132),
(352, 161),
(353, 190),
(354, 169),
(356, 180),
(357, 105),
(358, 119),
(359, 140),
(361, 189),
(362, 181),
(363, 180),
(364, 118),
(366, 187),
(367, 183),
(368, 111),
(369, 193),
(371, 107),
(372, 157),
(373, 134),
(374, 134),
(376, 101),
(377, 140),
(378, 107),
(379, 168),
(381, 158),
(382, 166),
(383, 103),
(384, 188),
(386, 169),
(387, 124),
(388, 161),
(389, 103),
(391, 190),
(392, 176),
(393, 147),
(394, 197),
(396, 133),
(397, 107),
(398, 122),
(399, 175),
(401, 179),
(402, 130),
(403, 187),
(404, 103),
(406, 137),
(407, 161),
(408, 173),
(409, 140),
(411, 155),
(412, 162),
(413, 160),
(414, 118),
(416, 176),
(417, 145),
(418, 164),
(419, 151),
(421, 125),
(422, 199),
(423, 146),
(424, 113),
(426, 197),
(427, 196),
(428, 105),
(429, 110),
(431, 182),
(432, 170),
(433, 109),
(434, 183),
(436, 119),
(437, 141),
(438, 197),
(439, 101),
(441, 198),
(442, 180),
(443, 178),
(444, 106),
(446, 164),
(447, 174),
(448, 130),
(449, 125),
(451, 180),
(452, 187),
(453, 187),
(454, 152),
(456, 151),
(457, 150),
(458, 109),
(459, 143),
(461, 129),
(462, 167),
(463, 101),
(464, 171),
(466, 148),
(467, 153),
(468, 105),
(469, 107),
(471, 102),
(472, 169),
(473, 193),
(474, 179),
(476, 158),
(477, 137),
(478, 131),
(479, 117),
(481, 137),
(482, 197),
(483, 117),
(484, 116),
(486, 159),
(487, 127),
(488, 172),
(489, 189),
(491, 164),
(492, 192),
(493, 140),
(494, 170),
(496, 198),
(497, 176),
(498, 127),
(499, 169);

-- --------------------------------------------------------

--
-- Structure de la table `user_video_game`
--

CREATE TABLE `user_video_game` (
  `user_id` int(11) NOT NULL,
  `video_game_id` int(11) NOT NULL
) ENGINE=InnoDB DEFAULT CHARSET=utf8mb4 COLLATE=utf8mb4_unicode_ci;

--
-- Déchargement des données de la table `user_video_game`
--

INSERT INTO `user_video_game` (`user_id`, `video_game_id`) VALUES
(1, 134),
(2, 143),
(4, 182),
(5, 200),
(7, 110),
(8, 112),
(10, 154),
(11, 146),
(13, 145),
(14, 130),
(16, 164),
(17, 110),
(19, 191),
(20, 105),
(22, 149),
(23, 194),
(25, 140),
(26, 167),
(28, 115),
(29, 182),
(31, 136),
(32, 191),
(34, 171),
(35, 121),
(37, 131),
(38, 140),
(40, 145),
(41, 163),
(43, 181),
(44, 142),
(46, 137),
(47, 156),
(49, 133),
(50, 189),
(52, 149),
(53, 193),
(55, 187),
(56, 178),
(58, 104),
(59, 163),
(61, 200),
(62, 113),
(64, 176),
(65, 197),
(67, 138),
(68, 116),
(70, 152),
(71, 126),
(73, 193),
(74, 169),
(76, 194),
(77, 161),
(79, 104),
(80, 111),
(82, 145),
(83, 113),
(85, 170),
(86, 172),
(88, 176),
(89, 142),
(91, 150),
(92, 196),
(94, 167),
(95, 156),
(97, 200),
(98, 125),
(100, 154),
(101, 170),
(103, 168),
(104, 123),
(106, 182),
(107, 149),
(109, 141),
(110, 173),
(112, 139),
(113, 165),
(115, 125),
(116, 145),
(118, 181),
(119, 194),
(121, 181),
(122, 152),
(124, 187),
(125, 123),
(127, 167),
(128, 148),
(130, 118),
(131, 186),
(133, 192),
(134, 182),
(136, 116),
(137, 185),
(139, 165),
(140, 199),
(142, 167),
(143, 181),
(145, 152),
(146, 161),
(148, 127),
(149, 157),
(151, 196),
(152, 117),
(154, 166),
(155, 138),
(157, 173),
(158, 179),
(160, 184),
(161, 132),
(163, 162),
(164, 159),
(166, 144),
(167, 126),
(169, 146),
(170, 174),
(172, 120),
(173, 179),
(175, 148),
(176, 193),
(178, 113),
(179, 189),
(181, 123),
(182, 187),
(184, 127),
(185, 200),
(187, 117),
(188, 114),
(190, 183),
(191, 133),
(193, 146),
(194, 157),
(196, 161),
(197, 200),
(199, 126),
(200, 116),
(202, 121),
(203, 112),
(205, 172),
(206, 161),
(208, 199),
(209, 154),
(211, 196),
(212, 130),
(214, 185),
(215, 120),
(217, 102),
(218, 128),
(220, 191),
(221, 132),
(223, 158),
(224, 165),
(226, 111),
(227, 132),
(229, 128),
(230, 180),
(232, 187),
(233, 107),
(235, 134),
(236, 146),
(238, 160),
(239, 186),
(241, 112),
(242, 106),
(244, 106),
(245, 132),
(247, 169),
(248, 155),
(250, 115),
(251, 112),
(253, 124),
(254, 127),
(256, 162),
(257, 180),
(259, 122),
(260, 135),
(262, 116),
(263, 124),
(265, 179),
(266, 127),
(268, 107),
(269, 189),
(271, 144),
(272, 149),
(274, 135),
(275, 160),
(277, 116),
(278, 191),
(280, 150),
(281, 199),
(283, 175),
(284, 153),
(286, 136),
(287, 170),
(289, 137),
(290, 196),
(292, 189),
(293, 181),
(295, 165),
(296, 120),
(298, 139),
(299, 187),
(301, 175),
(302, 170),
(304, 165),
(305, 159),
(307, 104),
(308, 166),
(310, 125),
(311, 128),
(313, 109),
(314, 179),
(316, 167),
(317, 137),
(319, 197),
(320, 171),
(322, 111),
(323, 119),
(325, 136),
(326, 142),
(328, 108),
(329, 192),
(331, 196),
(332, 149),
(334, 123),
(335, 104),
(337, 120),
(338, 161),
(340, 187),
(341, 132),
(343, 138),
(344, 109),
(346, 135),
(347, 174),
(349, 195),
(350, 152),
(352, 136),
(353, 103),
(355, 141),
(356, 158),
(358, 148),
(359, 198),
(361, 129),
(362, 137),
(364, 183),
(365, 188),
(367, 181),
(368, 182),
(370, 139),
(371, 157),
(373, 159),
(374, 179),
(376, 123),
(377, 133),
(379, 193),
(380, 183),
(382, 114),
(383, 199),
(385, 105),
(386, 196),
(388, 159),
(389, 197),
(391, 147),
(392, 183),
(394, 195),
(395, 129),
(397, 136),
(398, 138),
(400, 182),
(401, 110),
(403, 131),
(404, 122),
(406, 138),
(407, 144),
(409, 131),
(410, 188),
(412, 113),
(413, 144),
(415, 164),
(416, 123),
(418, 136),
(419, 127),
(421, 154),
(422, 150),
(424, 152),
(425, 173),
(427, 138),
(428, 117),
(430, 176),
(431, 129),
(433, 141),
(434, 146),
(436, 146),
(437, 184),
(439, 196),
(440, 177),
(442, 115),
(443, 187),
(445, 102),
(446, 107),
(448, 162),
(449, 191),
(451, 195),
(452, 129),
(454, 117),
(455, 103),
(457, 199),
(458, 152),
(460, 110),
(461, 178),
(463, 183),
(464, 153),
(466, 155),
(467, 104),
(469, 182),
(470, 197),
(472, 162),
(473, 177),
(475, 185),
(476, 171),
(478, 136),
(479, 111),
(481, 111),
(482, 171),
(484, 186),
(485, 189),
(487, 192),
(488, 110),
(490, 121),
(491, 110),
(493, 113),
(494, 107),
(496, 195),
(497, 197),
(499, 199),
(500, 145);

-- --------------------------------------------------------

--
-- Structure de la table `video_game`
--

CREATE TABLE `video_game` (
  `id` int(11) NOT NULL,
  `category_id` int(11) NOT NULL,
  `name` varchar(50) COLLATE utf8mb4_unicode_ci NOT NULL,
  `description` longtext COLLATE utf8mb4_unicode_ci NOT NULL,
  `picture` varchar(255) COLLATE utf8mb4_unicode_ci NOT NULL
) ENGINE=InnoDB DEFAULT CHARSET=utf8mb4 COLLATE=utf8mb4_unicode_ci;

--
-- Déchargement des données de la table `video_game`
--

INSERT INTO `video_game` (`id`, `category_id`, `name`, `description`, `picture`) VALUES
(101, 27, 'porro est', 'Tempore aut ea cum totam nihil. Recusandae qui dolorem et voluptates voluptates autem saepe et. Ad sunt fugit est dolores. Quam in pariatur inventore ut dolorum culpa quia. Similique excepturi omnis dolores laudantium. Adipisci distinctio odio dolores tenetur placeat facilis.', 'https://image.jeuxvideo.com/medias/163214/1632143636-6808-jaquette-avant.jpg'),
(102, 36, 'sed consequuntur', 'Facere ut et corporis ab. Quia et cum possimus hic. Ratione eos ut iste non quidem nulla quod nulla. Tempore laborum nemo ratione molestiae debitis aperiam. Eveniet quas molestiae ut. Excepturi consequuntur saepe accusantium.', 'https://image.jeuxvideo.com/images/jaquettes/00048634/jaquette-les-sims-4-pc-cover-avant-g-1409904702.jpg'),
(103, 24, 'doloribus', 'Sint quo repellat laboriosam et exercitationem necessitatibus non. Quod sequi placeat ut eum sint tenetur. Porro nisi quis sed illum sed. Quibusdam adipisci voluptatum laboriosam repellat veritatis rerum dolores.', 'https://image.jeuxvideo.com/medias/151689/1516893501-9622-jaquette-avant.jpg'),
(104, 37, 'consequatur sunt tenetur ipsum', 'Placeat officia necessitatibus voluptates harum soluta. Consequatur ut harum magni id. Et occaecati reprehenderit officia non culpa dignissimos ullam. Similique repellendus voluptas architecto blanditiis quibusdam. Sint omnis reiciendis omnis tenetur consequatur veritatis.', 'https://image.jeuxvideo.com/medias/161277/1612766574-6606-jaquette-avant.png'),
(105, 36, 'libero at dolore', 'Sunt quis animi aut labore nisi sint odio. Consequatur et voluptatum dolor esse et. Sit assumenda harum dolorum. Nihil iure dicta in voluptatem esse dolor. Labore quidem facere non magnam expedita explicabo. Tempore voluptatem debitis ut adipisci. Exercitationem sunt vel et sed commodi.', 'https://image.jeuxvideo.com/medias/163129/1631285061-4363-jaquette-avant.jpg'),
(106, 30, 'ut vero', 'Et labore ut dolores et laboriosam ex aperiam necessitatibus. Voluptate doloremque omnis officia excepturi impedit occaecati. Aliquid aut placeat consectetur officia et facilis aut repellendus. Veniam cum suscipit aut voluptatibus esse accusamus consequatur.', 'https://image.jeuxvideo.com/medias/150166/1501664378-9988-jaquette-avant.jpg'),
(107, 33, 'deleniti unde', 'Perspiciatis et vero unde quae rem. Nihil atque eveniet rerum numquam quod nisi iure quos. Nihil minima non illum. Est occaecati cupiditate voluptate. Unde unde placeat qui culpa ab nam. Iusto sit repellat earum repellat.', 'https://image.jeuxvideo.com/medias/163162/1631620218-5546-jaquette-avant.gif'),
(108, 24, 'autem et veritatis', 'Iste nostrum consequatur reprehenderit nam. Architecto iusto temporibus fugit quos tempora asperiores amet. Alias nihil quia dolor libero eius accusantium doloremque. Nihil aliquam harum quidem.', 'https://image.jeuxvideo.com/medias/163708/1637080607-7753-jaquette-avant.gif'),
(109, 24, 'numquam minima repudiandae', 'Veritatis incidunt aspernatur voluptatem quis consequatur. Labore quidem aut voluptatem et. Architecto rem et qui possimus.', 'https://image.jeuxvideo.com/medias/163154/1631541998-5162-jaquette-avant.jpg'),
(110, 31, 'distinctio', 'Praesentium delectus dolor ad dolorem. Nulla perferendis sit dolores magnam dicta enim consectetur. Earum reprehenderit ipsum architecto et recusandae. Et qui quisquam aut sed et.', 'https://paradoxetemporel.fr/wp-content/uploads/2020/06/jaquette-the-last-of-us-part-2.jpg'),
(111, 28, 'dolores explicabo sed ut', 'Et ipsa autem perferendis tenetur quos. Ipsum cumque tempore et. Aliquam quos aliquam eum ut soluta eum aut ut. Ipsum autem ab quod. Vero aut enim id consequuntur. Ut et quisquam at velit. Dolore ab quia pariatur ea. Assumenda similique saepe illum. Nisi ut ut nihil voluptatum iste.', 'https://image.jeuxvideo.com/medias/163214/1632143636-6808-jaquette-avant.jpg'),
(112, 36, 'amet maxime nisi', 'Fugit voluptatum et nihil architecto. Ducimus quasi et adipisci magnam dolorem dolorem laudantium. Cupiditate dolore magnam rerum nulla incidunt quasi. At omnis eos nihil pariatur aut consequatur similique.', 'https://image.jeuxvideo.com/medias/161616/1616164719-8684-jaquette-avant.jpg'),
(113, 24, 'perspiciatis veritatis harum', 'Dolores ea necessitatibus non est. Amet ut qui accusamus consequuntur ut sit. Molestias et architecto dicta facilis. Quis sint a aut qui. Nobis sequi dolor ullam consequatur officiis.', 'https://image.jeuxvideo.com/images/jaquettes/00027602/jaquette-league-of-legends-pc-cover-avant-g.jpg'),
(114, 23, 'reiciendis doloribus', 'Nesciunt laborum nemo consequatur libero veniam voluptatem ut. Eos sint illo voluptatum culpa harum distinctio commodi. Voluptate eius sed et provident nemo et. Saepe nihil beatae voluptates eligendi.', 'https://image.jeuxvideo.com/medias/163154/1631535511-3744-jaquette-avant.jpg'),
(115, 33, 'et voluptate suscipit explicabo', 'Quod quaerat iure aut labore molestias odio quaerat. In et laudantium qui quia eum voluptatem. Et qui rerum tempore dolor velit ut. Quia itaque ut enim autem aut. Sit inventore voluptate quia odio.', 'https://image.jeuxvideo.com/medias/163342/1633418743-1593-jaquette-avant.gif'),
(116, 38, 'est id amet esse', 'Sed sed quibusdam sint non soluta. Cumque aut molestias similique quos esse provident ea. Et hic est corporis aut placeat.', 'https://image.jeuxvideo.com/medias/163129/1631285061-4363-jaquette-avant.jpg'),
(117, 31, 'non', 'Et molestiae animi non non id facilis nesciunt. Amet recusandae quasi deleniti. Fugiat placeat enim exercitationem placeat. Laborum deserunt et omnis et adipisci exercitationem occaecati.', 'https://image.jeuxvideo.com/medias/163708/1637080607-7753-jaquette-avant.gif'),
(118, 39, 'eius', 'Qui autem excepturi iure qui. Quis numquam dolor iure consequatur. Perferendis ea vel laborum quasi et illo qui corrupti. Ea at quidem qui accusantium. Sint eum nostrum minus. Voluptas veniam tempora aut quia harum. Sequi possimus a minus accusamus perspiciatis culpa sapiente ipsa.', 'https://image.jeuxvideo.com/medias/163154/1631541998-5162-jaquette-avant.jpg'),
(119, 22, 'mollitia unde', 'Aut et qui error quia id error est. Quas quo repellendus repudiandae quis.', 'https://image.jeuxvideo.com/medias/150166/1501664378-9988-jaquette-avant.jpg'),
(120, 32, 'ut quas excepturi est', 'Incidunt architecto velit quo est quibusdam quo. Enim totam voluptas non in laboriosam. Modi et quidem est repellendus. Quia itaque sunt repellendus nostrum porro alias eligendi eligendi. Recusandae natus ullam ex dolores dignissimos sint. Voluptas quidem et aut itaque qui dolorum.', 'https://image.jeuxvideo.com/medias/163342/1633418743-1593-jaquette-avant.gif'),
(121, 24, 'natus eius ut', 'Molestiae qui quis pariatur porro quisquam incidunt. Non itaque aut eius praesentium aliquid corporis. Ut qui possimus quis expedita. Qui fugit alias error eveniet.', 'https://image.jeuxvideo.com/medias/152899/1528990462-7760-jaquette-avant.jpg'),
(122, 27, 'saepe dolore fugiat fugit', 'Officiis et soluta magni nihil explicabo optio. Beatae est quae beatae cumque ut temporibus magni. At quia occaecati velit est ipsam qui. Porro qui facilis suscipit odio dolores veritatis dicta quidem. Accusantium explicabo quia omnis ea consequuntur laborum quaerat.', 'https://image.jeuxvideo.com/medias/150166/1501664378-9988-jaquette-avant.jpg'),
(123, 33, 'nobis vel', 'Asperiores accusantium omnis numquam autem ut perspiciatis. Vel quam debitis rerum voluptatem. Id sit consequatur adipisci sit exercitationem et.', 'https://image.jeuxvideo.com/medias/161277/1612766574-6606-jaquette-avant.png'),
(124, 28, 'excepturi totam', 'Rem aut hic eaque magnam quia blanditiis. Commodi similique voluptatem voluptatem nesciunt distinctio at est. Nobis vitae occaecati similique voluptates. Placeat iure dolor ratione possimus neque est. Dolorum quas minima ut sint. Autem consequatur illo et excepturi.', 'https://image.jeuxvideo.com/medias/163342/1633418743-1593-jaquette-avant.gif'),
(125, 23, 'quis qui et', 'Ipsum pariatur quisquam qui aut ducimus. Quo nihil fugit numquam sed eum sit assumenda. Et repellat non sequi consequatur nam excepturi. Suscipit assumenda earum necessitatibus in incidunt.', 'https://image.jeuxvideo.com/medias/163154/1631535511-3744-jaquette-avant.jpg'),
(126, 26, 'maxime voluptates labore', 'Neque consectetur aut neque sint aut repellendus. Est sint aut nobis et praesentium. Voluptatum aut soluta voluptatum esse quam occaecati. Cumque nesciunt fugit laborum aspernatur dolor repellat. Voluptas qui cupiditate in quod suscipit facilis omnis.', 'https://global-img.gamergen.com/red-dead-redemption-2-pc-mediamarkt_0900909672.jpg'),
(127, 26, 'illum sed voluptatem fugit', 'Sed nesciunt quibusdam in omnis. Magni quod voluptas libero aut autem. Est natus repudiandae ut ea ullam et. Doloribus soluta beatae ad dicta.', 'https://image.jeuxvideo.com/medias/148285/1482854953-4348-jaquette-avant.jpg'),
(128, 30, 'natus a tempora', 'Cum illum quia quis est. Eum repellendus consequuntur dignissimos eaque eos dicta ut voluptatem. Vero quia cum omnis aut. Quis non vel quo quia. Mollitia repellat est neque omnis. In commodi dignissimos aut ut non.', 'https://image.jeuxvideo.com/images/jaquettes/00027602/jaquette-league-of-legends-pc-cover-avant-g.jpg'),
(129, 25, 'hic nulla', 'Omnis ad quis qui est qui necessitatibus. Ad omnis officiis velit mollitia est pariatur. Nihil nemo quis nulla id consectetur. Ut vel voluptatem dolor enim dolor ab vero. Ipsam esse ea sequi error animi sint laborum.', 'https://image.jeuxvideo.com/medias/163129/1631285061-4363-jaquette-avant.jpg'),
(130, 24, 'qui veritatis sequi', 'Impedit rerum dolorem rem et enim accusamus sit. Occaecati aspernatur sit architecto voluptatum similique quidem. Quo nobis vero aut at et accusantium. Nesciunt et beatae nihil temporibus incidunt. Sed quia eos voluptatum nulla.', 'https://image.jeuxvideo.com/medias/163299/1632989749-6428-jaquette-avant.gif'),
(131, 23, 'dicta dolorem', 'Ut tempore optio quas nulla. Ipsa saepe quis quasi doloribus sit dolores ipsum ipsam. Exercitationem libero repellat excepturi asperiores exercitationem soluta.', 'https://image.jeuxvideo.com/medias/163299/1632989599-6459-jaquette-avant.gif'),
(132, 24, 'recusandae ab et', 'Error esse nostrum omnis sed neque adipisci perspiciatis. Beatae voluptas exercitationem quia sed aperiam. Magnam voluptatem distinctio ipsam ea veniam sit tenetur.', 'https://image.jeuxvideo.com/medias/163187/1631865000-7055-jaquette-avant.jpg'),
(133, 40, 'aut eveniet non', 'Harum eum atque sint aperiam voluptates nemo consequatur. Est et quas ea dolorem. Inventore reprehenderit id temporibus dolores. Vero et similique qui. Aut sed et voluptatem consequuntur veritatis et. Aliquam aspernatur suscipit error eum porro molestiae. Eaque dolorem nihil nisi nemo est est est.', 'https://image.jeuxvideo.com/medias/163664/1636636223-8849-jaquette-avant.jpg'),
(134, 40, 'enim', 'Quidem assumenda totam libero voluptas est consequatur saepe laborum. Quibusdam sed ut in neque ex quia doloribus provident. Itaque eaque modi quaerat et. Dicta accusantium magni sequi dolore.', 'https://image.jeuxvideo.com/medias/163299/1632989749-6428-jaquette-avant.gif'),
(135, 31, 'et quidem sed dicta', 'Ut amet quia tempore corporis error eius. Necessitatibus laudantium quo dolores et. Nemo ut mollitia qui explicabo repudiandae. Sapiente repellat saepe ullam voluptates et temporibus aliquam vitae. Cum ut commodi maiores ducimus. Et expedita nam repellendus.', 'https://image.jeuxvideo.com/medias/163708/1637080607-7753-jaquette-avant.gif'),
(136, 31, 'numquam molestias laboriosam', 'Molestiae eligendi tenetur ut neque impedit nesciunt iste. Optio laborum ipsum id assumenda aut. Sapiente molestias ut est eius id sit. Culpa nostrum earum suscipit. Dolore autem iure sint. Quo iste sed praesentium et vitae. Ut atque corporis earum est repellat beatae dolor.', 'https://image.jeuxvideo.com/medias/163342/1633418743-1593-jaquette-avant.gif'),
(137, 34, 'repellat ut magnam', 'Eos quam consequuntur architecto in in. Saepe fugiat aut voluptatem repudiandae praesentium quis. Eos sed quo iusto quia. Rerum quis quo fugit animi necessitatibus.', 'https://global-img.gamergen.com/red-dead-redemption-2-pc-mediamarkt_0900909672.jpg'),
(138, 40, 'amet veniam consequuntur', 'Consequuntur dolorem asperiores dolorum quae omnis unde. Et iste facere autem sunt ea. Doloribus dolore molestiae architecto voluptate et consequatur ut voluptas. Soluta repellat reiciendis vero nobis. In in doloremque et. Nostrum est minus aut rerum a. Ullam quidem incidunt qui suscipit.', 'https://global-img.gamergen.com/red-dead-redemption-2-pc-mediamarkt_0900909672.jpg'),
(139, 38, 'praesentium molestiae eum', 'Tempore qui quo sed nihil eaque id. Quasi veritatis aut similique omnis blanditiis iste. A quo officiis sint atque aspernatur libero. Saepe consequatur sed numquam enim ut veritatis neque.', 'https://image.jeuxvideo.com/medias/163161/1631607413-3853-jaquette-avant.jpg'),
(140, 37, 'quibusdam', 'Eveniet cupiditate minus asperiores quae. Corrupti modi mollitia aut debitis. Neque enim quo nostrum ipsa fugit.', 'https://letempscompere.fr/wp-content/uploads/2021/08/KyBRbcz5wCqPrdr7QFfUniEg-2048x1536.webp'),
(141, 22, 'ut rerum sunt', 'Veniam maiores cum ut praesentium vitae sed cumque libero. Iure enim consequatur sequi adipisci totam perspiciatis. Vero eligendi ipsum consectetur ut voluptatem omnis. Magni recusandae voluptatum necessitatibus repellat eveniet iure. Eveniet modi commodi voluptatibus non molestias asperiores est.', 'https://image.jeuxvideo.com/medias/158826/1588264397-5261-jaquette-avant.jpg'),
(142, 36, 'mollitia iure blanditiis aut', 'In dolor consequatur qui. Sint ea qui et. Est sequi saepe occaecati molestias et. Rerum sapiente est vel et. Nesciunt alias modi facilis est vel quam laudantium. Sit et exercitationem incidunt asperiores doloribus ullam dolor.', 'https://image.jeuxvideo.com/medias/163342/1633418743-1593-jaquette-avant.gif'),
(143, 39, 'qui', 'Maxime alias eum molestias alias voluptates sit. Temporibus dolor earum repudiandae beatae numquam. Ut delectus perferendis libero natus non voluptatem. Deleniti aut magni sunt quam pariatur ut adipisci.', 'https://image.jeuxvideo.com/medias/148285/1482854953-4348-jaquette-avant.jpg'),
(144, 28, 'unde laborum quae voluptas', 'Accusamus voluptatem eaque ipsum ut perspiciatis corporis. Iusto et natus recusandae repellat quia omnis voluptatem ut. Ut quas in molestiae perferendis ratione natus sit. Voluptate vero dolores aut blanditiis.', 'https://image.jeuxvideo.com/medias/161277/1612766574-6606-jaquette-avant.png'),
(145, 39, 'fuga unde quod hic', 'Autem culpa facilis delectus minima. Rerum ut enim dolor pariatur. Aut eius ut ad commodi. Id cum sed distinctio suscipit.', 'https://image.jeuxvideo.com/medias/163299/1632989749-6428-jaquette-avant.gif'),
(146, 33, 'velit nulla', 'Eligendi quibusdam eos cupiditate saepe ratione dolores. Nobis ea doloribus possimus quo debitis dolores. Maiores est non eligendi cum quibusdam rem. Repudiandae sit fuga omnis illum dignissimos ut deserunt. Rerum maiores ab pariatur cupiditate ipsa.', 'https://image.jeuxvideo.com/medias/163708/1637080607-7753-jaquette-avant.gif'),
(147, 25, 'consequatur at', 'Et aut vitae natus nam. Enim vel et et odit earum. Dolor soluta voluptates debitis. Nisi voluptatem in nam necessitatibus aliquam eum quo. Facere maiores doloribus quo repellat sit. Cum non nihil distinctio. Aliquam molestias voluptas doloremque non.', 'https://image.jeuxvideo.com/medias/163214/1632143636-6808-jaquette-avant.jpg'),
(148, 27, 'dolores soluta', 'Sunt eligendi et saepe modi occaecati. Dolorem porro nam iste. At similique minima amet cupiditate illo molestiae eum ut. Quibusdam fugiat officia quo qui. Dolorem sequi dolor dolor.', 'https://image.jeuxvideo.com/medias/163881/1638806697-8764-jaquette-avant.gif'),
(149, 40, 'cum voluptatibus et', 'Qui minus voluptatem voluptatum molestiae. Cum omnis aut delectus reiciendis. Et velit qui magni voluptatem reprehenderit voluptatem provident. Similique quis velit nam ut dolorem cum.', 'https://media.senscritique.com/media/000020040912/source_big/Resident_Evil_Village.png'),
(150, 36, 'mollitia aut', 'Et id repellat et. Corrupti tenetur quia nemo et ipsa labore. Aspernatur optio ab vel expedita reprehenderit voluptatem nihil. Perspiciatis aliquid rerum at fugiat ut. Esse voluptate officia saepe et expedita natus. Voluptatem unde in reiciendis recusandae voluptatem eaque dolores eaque.', 'https://image.jeuxvideo.com/medias/149432/1494322310-8900-jaquette-avant.jpg'),
(151, 22, 'eum aliquid', 'Voluptas et asperiores praesentium minus enim delectus repellendus. Hic et ipsum numquam qui dolore quis. Ea exercitationem velit numquam qui tenetur autem omnis. Nostrum mollitia sed ex aut illum adipisci quibusdam non. Nesciunt dignissimos laborum ut. At omnis commodi est qui qui.', 'https://image.jeuxvideo.com/images/jaquettes/00048634/jaquette-les-sims-4-pc-cover-avant-g-1409904702.jpg'),
(152, 39, 'quaerat omnis aliquam sit', 'Vitae voluptatum consequuntur nihil. Repellendus fugiat voluptatibus at ullam facilis rem vel. Autem et tenetur eaque ab quae inventore totam. Ullam officia non at et nulla id facere eum. Qui modi quasi aliquam iure. Eveniet debitis et eius et quia.', 'https://image.jeuxvideo.com/images/jaquettes/00027602/jaquette-league-of-legends-pc-cover-avant-g.jpg'),
(153, 33, 'velit', 'Illum facilis nisi repellendus fugit quis. Possimus ut officiis sed minus dolor est omnis tenetur. Sit id quo totam blanditiis.', 'https://image.jeuxvideo.com/medias/163353/1633528483-9809-jaquette-avant.jpg'),
(154, 26, 'nobis magnam velit animi', 'Fugiat at qui quas earum dolorem molestiae. Quae quaerat placeat unde ut optio unde. Quia suscipit doloribus enim consequatur qui. Odit quo qui eligendi dolorem. Qui sed eos molestiae ut atque accusamus. Eligendi non officia temporibus adipisci.', 'https://image.jeuxvideo.com/medias/150166/1501664378-9988-jaquette-avant.jpg'),
(155, 23, 'autem quasi cumque fugit', 'Error ab consequatur accusamus exercitationem quia. Dolorem quia voluptas fuga perferendis. Voluptatem et deserunt nobis iste sit ut rerum.', 'https://image.jeuxvideo.com/medias/163335/1633353168-8875-jaquette-avant.gif'),
(156, 36, 'atque et ut', 'Animi laudantium sed vel excepturi ullam porro ipsam. Ut dolorem voluptatibus occaecati ipsam et dolores.', 'https://image.jeuxvideo.com/medias/163335/1633353168-8875-jaquette-avant.gif'),
(157, 25, 'non', 'Ipsam expedita sit excepturi molestiae illo libero. Ut iste esse sunt dolorem architecto. Consequatur sequi qui quis et autem ad. Eum autem aspernatur esse vel id.', 'https://image.jeuxvideo.com/medias/163214/1632143636-6808-jaquette-avant.jpg'),
(158, 38, 'eaque similique unde architecto', 'Similique quis aut voluptatem ullam et illo tenetur. Ut voluptas amet animi molestias quia. Ratione repudiandae omnis ut consequatur nobis natus tempora. Quis maiores id nostrum.', 'https://image.jeuxvideo.com/medias/150166/1501664378-9988-jaquette-avant.jpg'),
(159, 23, 'doloribus', 'Et at molestias placeat qui qui. Sunt officia non quo perspiciatis. Est quibusdam est reiciendis veritatis laboriosam eum totam. Quia repellat in atque id rerum ut fugit atque. Et et magni aut sint at explicabo enim.', 'https://image.jeuxvideo.com/medias/163162/1631620218-5546-jaquette-avant.gif'),
(160, 23, 'aut ipsa beatae', 'Quam et repellendus laborum dignissimos quia. Deserunt hic dolor sit odit aliquam reiciendis molestias. Nesciunt libero dolorum id repellat quisquam deleniti beatae. Eligendi omnis sequi commodi voluptas voluptatem possimus tempora. Aperiam vero eos cumque id quia eaque.', 'https://paradoxetemporel.fr/wp-content/uploads/2020/06/jaquette-the-last-of-us-part-2.jpg'),
(161, 35, 'rem nesciunt sunt laboriosam', 'Voluptatem modi nihil libero consequatur excepturi totam ex eius. Eius sint perferendis dolorem perferendis. Alias et minus maxime ullam. Esse est rerum reprehenderit iste laboriosam. Nihil facilis autem et. Odit praesentium dolores nisi hic. Porro enim et quasi sit eum vero rerum.', 'https://image.jeuxvideo.com/medias-sm/163396/1633959248-729-jaquette-avant.gif'),
(162, 32, 'delectus maxime id repellendus', 'Illo numquam perferendis eos iusto officiis. Consequatur consequatur corrupti vel neque dicta dolorem. Dolor modi quidem consequatur vel consequuntur autem. Pariatur nam ea sint nulla non ad.', 'https://image.jeuxvideo.com/images/jaquettes/00027602/jaquette-league-of-legends-pc-cover-avant-g.jpg'),
(163, 36, 'quos esse recusandae', 'Laboriosam voluptatem perferendis sed est. Perferendis porro sunt non ullam qui beatae. Facilis ut pariatur eum illum. Ut consequatur odio accusantium enim iure blanditiis odit.', 'https://image.jeuxvideo.com/medias/163161/1631607413-3853-jaquette-avant.jpg'),
(164, 34, 'architecto non dolor', 'In eum sed est quia beatae. Id aperiam voluptatem asperiores id voluptatum itaque provident est. Aut id sit et non et ut labore. Voluptates ducimus numquam accusantium omnis. Commodi eius quos expedita eveniet. Sequi eveniet et est id consequatur hic doloremque.', 'https://image.jeuxvideo.com/medias/159403/1594028554-187-jaquette-avant.jpg'),
(165, 40, 'facilis', 'Quae et porro reprehenderit similique aut. Veniam id accusantium impedit. Dolor numquam adipisci minus et quas quidem voluptatibus. Sit maxime non distinctio rem quaerat eos. Rerum voluptas pariatur illum facilis eaque.', 'https://image.jeuxvideo.com/medias/152899/1528990462-7760-jaquette-avant.jpg'),
(166, 40, 'quaerat', 'Iste odio nisi suscipit optio. Veritatis est aliquid aut eos id. Voluptatem et commodi officiis eius vel nam dolore. Totam tempora ut nemo. Officiis sapiente aut et. Voluptas et placeat vitae vel. Voluptatem est et alias sunt harum aut rem.', 'https://media.senscritique.com/media/000020040912/source_big/Resident_Evil_Village.png'),
(167, 27, 'minima illo', 'Quibusdam qui accusantium sunt distinctio nobis. Dolores sit error eum praesentium porro non. Qui eum qui necessitatibus. Aut aut doloribus iste repudiandae sit quidem.', 'https://image.jeuxvideo.com/medias/163342/1633418743-1593-jaquette-avant.gif'),
(168, 34, 'modi quod', 'Rerum necessitatibus nam molestiae tempore ipsam. Provident dolor dolorem itaque repellat quo. Ut sapiente voluptatem inventore modi iusto non praesentium.', 'https://image.jeuxvideo.com/medias-sm/163396/1633959248-729-jaquette-avant.gif'),
(169, 33, 'et aut tempore ab', 'Magnam voluptas quasi recusandae aut. Libero expedita et nemo enim in cum iusto. Tenetur corrupti earum commodi ipsum quibusdam dicta vel. Architecto corporis neque rerum molestiae.', 'https://image.jeuxvideo.com/medias/149432/1494322310-8900-jaquette-avant.jpg'),
(170, 39, 'non facilis non veritatis', 'Quaerat eligendi fuga facere et. Dolor quod cupiditate velit nostrum. Sit deleniti iste deserunt minus voluptatum sed itaque. Dolores ut eos quos aut ea repellat. Et quasi est tempora et. Voluptas explicabo eius autem. Aliquid enim nihil illo sunt. Odio aut impedit assumenda eligendi.', 'https://image.jeuxvideo.com/medias/163154/1631535511-3744-jaquette-avant.jpg'),
(171, 26, 'vel debitis enim', 'Culpa illum iste aut vel. Commodi eveniet voluptatem quasi dolore odit nihil autem. Quibusdam expedita id laboriosam. Possimus numquam facilis ipsa saepe voluptas.', 'https://image.jeuxvideo.com/medias/163161/1631607413-3853-jaquette-avant.jpg'),
(172, 24, 'velit nihil', 'Nemo odio architecto architecto iusto enim alias sunt. Laudantium repudiandae sint sit voluptatem voluptate aliquid ex dolore. Quam molestias reprehenderit nesciunt dolorem eaque a fugiat. Possimus dolorem saepe aliquam incidunt quo.', 'https://image.jeuxvideo.com/medias/163881/1638806697-8764-jaquette-avant.gif'),
(173, 40, 'officiis omnis', 'Neque earum repudiandae dignissimos ducimus. Voluptatibus fugit eum ut ut et iusto optio. Quis nisi tenetur temporibus tempore. Nisi explicabo qui et nulla et et illum. Sed in reprehenderit et est corrupti. Ipsum non vero quisquam impedit distinctio error sit.', 'https://image.jeuxvideo.com/medias/163299/1632989749-6428-jaquette-avant.gif'),
(174, 33, 'eos maxime placeat architecto', 'Deserunt ipsum nisi dolorum consequatur cumque sed assumenda culpa. Mollitia quia qui molestiae voluptas non. Reiciendis neque molestias nisi distinctio sint eligendi.', 'https://image.jeuxvideo.com/medias/150166/1501664378-9988-jaquette-avant.jpg'),
(175, 25, 'id blanditiis saepe tempore', 'Aut odio omnis dolor est laudantium quasi. Aut qui voluptatem recusandae dolores. Quidem eos at debitis consequatur. Aut a porro libero placeat quod.', 'https://image.jeuxvideo.com/medias/148285/1482854953-4348-jaquette-avant.jpg'),
(176, 25, 'adipisci assumenda quae', 'Occaecati itaque iusto laudantium sunt. Omnis vel explicabo sequi sequi alias. Vel in est minima quaerat. Vitae magni aliquid optio et quo vitae eum inventore.', 'https://image.jeuxvideo.com/medias/158826/1588264397-5261-jaquette-avant.jpg'),
(177, 38, 'voluptatem nihil et et', 'Quia voluptatem accusantium quas atque quam. Et possimus quas natus. Esse est illum beatae ab labore velit impedit. Soluta aut et magni. Possimus neque cum impedit ut voluptatem a libero. Illo sunt earum quo facilis.', 'https://image.jeuxvideo.com/medias/163214/1632143636-6808-jaquette-avant.jpg'),
(178, 30, 'distinctio', 'Consequatur omnis ut ut earum consequatur ratione. Neque deserunt molestiae laudantium labore sed fugit. Dicta enim sed ut eligendi ullam libero veritatis.', 'https://image.jeuxvideo.com/medias/163342/1633418743-1593-jaquette-avant.gif'),
(179, 26, 'eveniet', 'Doloremque libero ea quo voluptatibus rerum neque. Tempore aut laboriosam vel excepturi aut eaque suscipit. Quae eos quae aliquam. Totam quam rem esse sapiente. Doloremque quae labore ea possimus beatae. Tempore vero iure molestiae rem. Asperiores sunt suscipit et repellat praesentium aut.', 'https://image.jeuxvideo.com/medias-sm/163396/1633959248-729-jaquette-avant.gif'),
(180, 36, 'animi sed magnam', 'Corrupti amet voluptatem sit minus. Voluptatem alias ad officia ut et. Voluptatem quo ullam veniam et. Illo nam asperiores modi quae sequi quos. Distinctio et et facere nisi quas. Repudiandae animi beatae earum hic voluptates fuga.', 'https://image.jeuxvideo.com/medias/163299/1632989599-6459-jaquette-avant.gif'),
(181, 37, 'nulla ducimus', 'Inventore est nihil ut incidunt dolor id. Provident eaque eos inventore dolorem amet doloribus. Accusantium in provident id ullam id facilis a. Maiores cum laborum porro at.', 'https://image.jeuxvideo.com/medias/151689/1516893501-9622-jaquette-avant.jpg'),
(182, 37, 'mollitia voluptatem aut odio', 'Hic sit occaecati necessitatibus voluptas. Aliquam nulla at sunt amet numquam reiciendis accusantium a.', 'https://image.jeuxvideo.com/medias/163162/1631620218-5546-jaquette-avant.gif'),
(183, 33, 'harum voluptas', 'Sit qui odio cupiditate harum quos fugiat blanditiis. Aut velit sed aut corrupti ut qui quo repellat. Enim enim voluptas voluptatem culpa placeat aut placeat aspernatur. Ut sint tenetur esse.', 'https://image.jeuxvideo.com/medias/158826/1588264397-5261-jaquette-avant.jpg'),
(184, 24, 'voluptate', 'Ut eum magni repellendus repellendus. Eius ullam sequi ipsum dolorum aliquam dolorem. Non id recusandae totam in tenetur sint eos.', 'https://image.jeuxvideo.com/medias/163335/1633353168-8875-jaquette-avant.gif'),
(185, 40, 'expedita ea eius', 'Aut error inventore voluptas quasi repudiandae dolorem fugit. Facilis quas aut dolorum quisquam illo odit atque quasi. Ullam corrupti dolorem et voluptates omnis aut iste. Eos ratione unde soluta cum.', 'https://image.jeuxvideo.com/medias/158826/1588264397-5261-jaquette-avant.jpg'),
(186, 25, 'officiis quas', 'Quia explicabo sunt est at pariatur vero labore. Possimus nesciunt consequuntur dolorem quisquam. Delectus in animi vitae. Nisi quod officiis voluptates et dicta. Et doloremque architecto explicabo occaecati. Quae ullam quo debitis fuga non sed molestias.', 'https://image.jeuxvideo.com/medias/161616/1616164719-8684-jaquette-avant.jpg'),
(187, 25, 'amet maiores sint vel', 'Dolor voluptas voluptate eveniet rerum occaecati consectetur. Magnam minima atque illum molestiae reiciendis blanditiis quo quia. Quis sequi optio nesciunt autem. Sequi placeat dolorem beatae porro architecto rerum blanditiis cupiditate.', 'https://image.jeuxvideo.com/medias/163162/1631620218-5546-jaquette-avant.gif'),
(188, 39, 'totam tenetur expedita vitae', 'Aut corrupti velit dolor consequatur suscipit. Omnis facere et id ullam et at est. Excepturi hic hic facilis. Non assumenda illum beatae quas enim. Iure perspiciatis vel non quia. Voluptatem impedit nostrum culpa esse veniam. Natus incidunt tempora delectus veritatis.', 'https://image.jeuxvideo.com/medias/163214/1632142889-7692-jaquette-avant.jpg'),
(189, 24, 'ratione nesciunt architecto laborum', 'Provident doloremque tenetur distinctio sint laudantium reprehenderit ea. Voluptas quia amet omnis consectetur omnis. Excepturi voluptas explicabo quidem. Provident vitae id cum esse voluptatum doloribus.', 'https://media.senscritique.com/media/000020040912/source_big/Resident_Evil_Village.png'),
(190, 22, 'et', 'Amet et ducimus optio perferendis rem. Voluptatibus voluptas corrupti minima perspiciatis cupiditate accusamus quos. Repudiandae doloremque iure ipsa laudantium aut debitis nobis.', 'https://image.jeuxvideo.com/medias/148285/1482854953-4348-jaquette-avant.jpg'),
(191, 32, 'expedita dolor porro id', 'Praesentium harum minima nobis omnis sit dolor fuga. Soluta est illum placeat tempore esse maiores blanditiis. Et qui autem porro in ullam ipsam labore. Repellat voluptate ex velit veritatis maiores et iure. Iste minus vero ut repellat architecto. Suscipit culpa et est optio est nihil repellendus.', 'https://media.senscritique.com/media/000020040912/source_big/Resident_Evil_Village.png'),
(192, 23, 'sapiente saepe', 'In quasi beatae dolor veniam nisi tempora magni. Soluta temporibus qui quibusdam sit. Velit non assumenda dignissimos et sunt. Ab ab velit voluptas quidem. Dolores rerum eos quidem repudiandae omnis dolore. Eum rerum ratione possimus esse. Incidunt cum non provident sunt occaecati doloribus.', 'https://image.jeuxvideo.com/medias/152899/1528990462-7760-jaquette-avant.jpg'),
(193, 34, 'alias', 'Corrupti dolores illum ad et deleniti. Est quia dolorum et dolor perferendis excepturi voluptatem. Minus eos sit quas minus hic inventore eligendi. Cum nostrum veritatis quidem vero exercitationem.', 'https://image.jeuxvideo.com/medias/163161/1631607413-3853-jaquette-avant.jpg'),
(194, 25, 'quia aliquam aperiam vero', 'Et et dolore facilis. Ipsa aperiam expedita quia laudantium. Qui ex hic sint tempore sequi aut et. Exercitationem autem fugiat reiciendis reprehenderit recusandae officiis. Voluptate accusantium ipsa est voluptate tenetur impedit iusto. Consectetur sint recusandae esse aut.', 'https://image.jeuxvideo.com/medias/163353/1633528483-9809-jaquette-avant.jpg'),
(195, 37, 'consequatur voluptatem et nulla', 'Libero est repellendus quis. Sit quaerat cum maxime et perspiciatis accusamus et natus. Est earum molestiae et repudiandae. Minus omnis dolores aliquid voluptatem cum voluptates. Illum esse quod qui porro dolores harum.', 'https://image.jeuxvideo.com/medias/163129/1631285061-4363-jaquette-avant.jpg'),
(196, 38, 'iure', 'Adipisci fuga laborum sunt non dolore. Fuga excepturi beatae assumenda incidunt et mollitia. Quo sit ea odit qui aut doloremque libero. Officia aut aut et et ut. Et unde id ut est ducimus rerum consectetur. Debitis qui omnis earum temporibus.', 'https://image.jeuxvideo.com/medias/163299/1632989599-6459-jaquette-avant.gif'),
(197, 23, 'temporibus', 'Consectetur pariatur sit magni odio et dolor. Omnis qui tempore blanditiis asperiores. Sed hic eos tenetur quis ea odit.', 'https://image.jeuxvideo.com/medias/163335/1633353168-8875-jaquette-avant.gif'),
(198, 22, 'dignissimos commodi assumenda autem', 'Vero ut voluptates occaecati et dolore. Quia tempore maxime sit illo. Et deserunt quod aliquam exercitationem blanditiis sed. Enim et laborum vitae. Qui consectetur est eius voluptatem. In reiciendis dolor id provident iure qui. Qui ut qui et autem minima. Illo sit perferendis officia nihil.', 'https://image.jeuxvideo.com/medias/163353/1633528483-9809-jaquette-avant.jpg'),
(199, 23, 'facilis delectus', 'Inventore ipsam nemo rem sapiente. At totam blanditiis a cupiditate dolorem. Optio expedita et aut vitae eos minus eum. Esse minima et autem dolor blanditiis. Ad et ut suscipit possimus.', 'https://media.senscritique.com/media/000020040912/source_big/Resident_Evil_Village.png'),
(200, 37, 'reiciendis nisi', 'Tempora omnis similique impedit dignissimos et esse assumenda. Nostrum eveniet ut unde dolorem maiores qui. Assumenda nihil repellat facilis. Excepturi et architecto sequi illum quae.', 'https://global-img.gamergen.com/red-dead-redemption-2-pc-mediamarkt_0900909672.jpg');

-- --------------------------------------------------------

--
-- Structure de la table `video_game_category`
--

CREATE TABLE `video_game_category` (
  `id` int(11) NOT NULL,
  `name` varchar(50) COLLATE utf8mb4_unicode_ci NOT NULL
) ENGINE=InnoDB DEFAULT CHARSET=utf8mb4 COLLATE=utf8mb4_unicode_ci;

--
-- Déchargement des données de la table `video_game_category`
--

INSERT INTO `video_game_category` (`id`, `name`) VALUES
(21, 'FPS / TPS'),
(22, 'Combat'),
(23, 'RTS'),
(24, 'Simulation'),
(25, 'Plateforme'),
(26, 'RPG'),
(27, 'MMORPG'),
(28, 'Sandbox'),
(29, 'MOBA'),
(30, 'Battle Royals'),
(31, 'Action / Aventure'),
(32, 'Beat Them All'),
(33, 'Puzzlers'),
(34, 'Réflexion'),
(35, 'Survival Horror'),
(36, 'Hack’n’slash'),
(37, 'Party Games'),
(38, 'Rythme'),
(39, 'Course'),
(40, 'Sports');

-- --------------------------------------------------------

--
-- Structure de la table `video_game_platform`
--

CREATE TABLE `video_game_platform` (
  `video_game_id` int(11) NOT NULL,
  `platform_id` int(11) NOT NULL
) ENGINE=InnoDB DEFAULT CHARSET=utf8mb4 COLLATE=utf8mb4_unicode_ci;

--
-- Déchargement des données de la table `video_game_platform`
--

INSERT INTO `video_game_platform` (`video_game_id`, `platform_id`) VALUES
(101, 11),
(101, 12),
(101, 13),
(101, 14),
(101, 15),
(102, 11),
(102, 12),
(102, 13),
(102, 14),
(102, 15),
(102, 16),
(102, 17),
(102, 18),
(103, 11),
(103, 12),
(103, 13),
(103, 14),
(103, 15),
(104, 11),
(104, 12),
(104, 13),
(104, 14),
(104, 15),
(104, 16),
(104, 17),
(104, 18),
(105, 11),
(105, 12),
(105, 13),
(105, 14),
(105, 15),
(105, 16),
(105, 17),
(105, 18),
(106, 11),
(106, 12),
(106, 13),
(106, 14),
(106, 15),
(106, 16),
(106, 17),
(106, 18),
(107, 11),
(107, 12),
(107, 13),
(107, 14),
(107, 15),
(108, 11),
(108, 12),
(108, 13),
(108, 14),
(108, 15),
(108, 16),
(108, 17),
(108, 18),
(109, 11),
(109, 12),
(109, 13),
(109, 14),
(109, 15),
(109, 16),
(109, 17),
(109, 18),
(110, 11),
(110, 12),
(110, 14),
(110, 15),
(111, 11),
(112, 11),
(112, 12),
(112, 13),
(112, 14),
(112, 15),
(112, 16),
(112, 17),
(112, 18),
(113, 11),
(113, 12),
(113, 13),
(113, 14),
(113, 15),
(113, 16),
(113, 17),
(113, 18),
(114, 11),
(114, 12),
(114, 13),
(114, 14),
(114, 15),
(114, 16),
(115, 11),
(115, 12),
(115, 13),
(115, 14),
(115, 15),
(116, 11),
(116, 12),
(116, 13),
(116, 14),
(116, 15),
(116, 16),
(116, 17),
(116, 18),
(117, 11),
(117, 12),
(117, 13),
(117, 14),
(117, 15),
(118, 11),
(118, 12),
(118, 13),
(118, 14),
(118, 15),
(119, 11),
(119, 12),
(119, 13),
(119, 14),
(119, 15),
(120, 11),
(121, 11),
(122, 11),
(122, 12),
(122, 13),
(122, 14),
(122, 15),
(122, 16),
(122, 17),
(122, 18),
(123, 11),
(123, 12),
(123, 13),
(123, 14),
(123, 15),
(123, 16),
(123, 17),
(123, 18),
(124, 11),
(124, 12),
(124, 13),
(124, 14),
(124, 15),
(125, 11),
(126, 11),
(126, 12),
(126, 13),
(126, 14),
(126, 15),
(126, 16),
(126, 17),
(126, 18),
(127, 11),
(127, 12),
(127, 13),
(127, 14),
(127, 15),
(127, 16),
(127, 17),
(127, 18),
(128, 11),
(128, 12),
(128, 13),
(128, 14),
(128, 15),
(128, 16),
(129, 11),
(129, 12),
(129, 13),
(129, 14),
(129, 15),
(129, 16),
(130, 11),
(130, 12),
(130, 13),
(130, 14),
(130, 15),
(130, 16),
(130, 17),
(130, 18),
(131, 11),
(131, 12),
(131, 13),
(131, 14),
(131, 15),
(131, 16),
(131, 17),
(131, 18),
(132, 11),
(132, 12),
(132, 13),
(132, 14),
(132, 15),
(132, 16),
(132, 17),
(132, 18),
(133, 11),
(133, 12),
(133, 13),
(133, 14),
(133, 15),
(134, 11),
(134, 12),
(134, 13),
(134, 14),
(134, 15),
(134, 16),
(135, 11),
(135, 12),
(135, 14),
(135, 15),
(136, 11),
(136, 12),
(136, 13),
(136, 14),
(136, 15),
(136, 16),
(136, 17),
(136, 18),
(137, 11),
(137, 12),
(137, 13),
(137, 14),
(137, 15),
(138, 11),
(138, 12),
(138, 13),
(138, 14),
(138, 15),
(138, 16),
(138, 17),
(138, 18),
(139, 11),
(139, 12),
(139, 13),
(139, 14),
(139, 15),
(139, 16),
(139, 17),
(139, 18),
(140, 11),
(140, 12),
(140, 14),
(140, 15),
(141, 11),
(141, 12),
(141, 13),
(141, 14),
(141, 15),
(141, 16),
(141, 17),
(141, 18),
(142, 11),
(142, 12),
(142, 13),
(142, 14),
(142, 15),
(142, 16),
(143, 11),
(143, 12),
(143, 13),
(143, 14),
(143, 15),
(143, 16),
(143, 17),
(143, 18),
(144, 11),
(144, 12),
(144, 13),
(144, 14),
(144, 15),
(144, 16),
(144, 17),
(144, 18),
(145, 11),
(145, 12),
(145, 13),
(145, 14),
(145, 15),
(145, 16),
(145, 17),
(145, 18),
(146, 11),
(146, 12),
(146, 13),
(146, 14),
(146, 15),
(146, 16),
(146, 17),
(146, 18),
(147, 11),
(147, 12),
(147, 13),
(147, 14),
(147, 15),
(147, 16),
(148, 11),
(148, 12),
(148, 13),
(148, 14),
(148, 15),
(148, 16),
(148, 17),
(148, 18),
(149, 11),
(149, 12),
(149, 13),
(149, 14),
(149, 15),
(149, 16),
(149, 17),
(149, 18),
(150, 11),
(150, 12),
(150, 13),
(150, 14),
(150, 15),
(151, 11),
(151, 12),
(151, 13),
(151, 14),
(151, 15),
(151, 16),
(151, 17),
(151, 18),
(152, 11),
(152, 12),
(152, 13),
(152, 14),
(152, 15),
(153, 11),
(153, 12),
(153, 14),
(153, 15),
(154, 11),
(154, 12),
(154, 13),
(154, 14),
(154, 15),
(154, 16),
(155, 11),
(155, 12),
(155, 14),
(155, 15),
(156, 11),
(156, 12),
(156, 13),
(156, 14),
(156, 15),
(157, 11),
(157, 12),
(157, 13),
(157, 14),
(157, 15),
(157, 16),
(157, 17),
(157, 18),
(158, 11),
(158, 12),
(158, 13),
(158, 14),
(158, 15),
(158, 16),
(159, 11),
(159, 12),
(159, 13),
(159, 14),
(159, 15),
(160, 11),
(160, 12),
(160, 13),
(160, 14),
(160, 15),
(161, 11),
(161, 12),
(161, 13),
(161, 14),
(161, 15),
(161, 16),
(161, 17),
(161, 18),
(162, 11),
(162, 12),
(162, 13),
(162, 14),
(162, 15),
(163, 11),
(163, 12),
(163, 14),
(163, 15),
(164, 11),
(164, 12),
(164, 13),
(164, 14),
(164, 15),
(164, 16),
(165, 11),
(166, 11),
(166, 12),
(166, 13),
(166, 14),
(166, 15),
(166, 16),
(166, 17),
(166, 18),
(167, 11),
(167, 12),
(167, 14),
(167, 15),
(168, 11),
(169, 11),
(169, 12),
(169, 13),
(169, 14),
(169, 15),
(169, 16),
(169, 17),
(169, 18),
(170, 11),
(170, 12),
(170, 13),
(170, 14),
(170, 15),
(171, 11),
(171, 12),
(171, 13),
(171, 14),
(171, 15),
(172, 11),
(172, 12),
(172, 13),
(172, 14),
(172, 15),
(172, 16),
(172, 17),
(172, 18),
(173, 11),
(173, 12),
(173, 13),
(173, 14),
(173, 15),
(174, 11),
(174, 12),
(174, 13),
(174, 14),
(174, 15),
(175, 11),
(175, 12),
(175, 13),
(175, 14),
(175, 15),
(175, 16),
(176, 11),
(176, 12),
(176, 13),
(176, 14),
(176, 15),
(176, 16),
(176, 17),
(176, 18),
(177, 11),
(177, 12),
(177, 13),
(177, 14),
(177, 15),
(177, 16),
(178, 11),
(178, 12),
(178, 13),
(178, 14),
(178, 15),
(178, 16),
(178, 17),
(178, 18),
(179, 11),
(179, 12),
(179, 13),
(179, 14),
(179, 15),
(179, 16),
(179, 17),
(179, 18),
(180, 11),
(180, 12),
(180, 13),
(180, 14),
(180, 15),
(181, 11),
(181, 12),
(181, 13),
(181, 14),
(181, 15),
(182, 11),
(183, 11),
(183, 12),
(183, 14),
(183, 15),
(184, 11),
(184, 12),
(184, 14),
(184, 15),
(185, 11),
(186, 11),
(186, 12),
(186, 13),
(186, 14),
(186, 15),
(186, 16),
(186, 17),
(186, 18),
(187, 11),
(187, 12),
(187, 13),
(187, 14),
(187, 15),
(187, 16),
(187, 17),
(187, 18),
(188, 11),
(188, 12),
(188, 13),
(188, 14),
(188, 15),
(188, 16),
(188, 17),
(188, 18),
(189, 11),
(189, 12),
(189, 13),
(189, 14),
(189, 15),
(189, 16),
(189, 17),
(189, 18),
(190, 11),
(190, 12),
(190, 13),
(190, 14),
(190, 15),
(190, 16),
(190, 17),
(190, 18),
(191, 11),
(191, 12),
(191, 13),
(191, 14),
(191, 15),
(192, 11),
(192, 12),
(192, 13),
(192, 14),
(192, 15),
(193, 11),
(193, 12),
(193, 13),
(193, 14),
(193, 15),
(193, 16),
(193, 17),
(193, 18),
(194, 11),
(194, 12),
(194, 13),
(194, 14),
(194, 15),
(194, 16),
(194, 17),
(194, 18),
(195, 11),
(195, 12),
(195, 13),
(195, 14),
(195, 15),
(195, 16),
(195, 17),
(195, 18),
(196, 11),
(196, 12),
(196, 14),
(196, 15),
(197, 11),
(197, 12),
(197, 13),
(197, 14),
(197, 15),
(198, 11),
(198, 12),
(198, 13),
(198, 14),
(198, 15),
(198, 16),
(198, 17),
(198, 18),
(199, 11),
(199, 12),
(199, 13),
(199, 14),
(199, 15),
(199, 16),
(200, 11),
(200, 12),
(200, 13),
(200, 14),
(200, 15),
(200, 16),
(200, 17),
(200, 18);

--
-- Index pour les tables déchargées
--

--
-- Index pour la table `board_game`
--
ALTER TABLE `board_game`
  ADD PRIMARY KEY (`id`),
  ADD KEY `IDX_F9BD68AF12469DE2` (`category_id`);

--
-- Index pour la table `board_game_category`
--
ALTER TABLE `board_game_category`
  ADD PRIMARY KEY (`id`);

--
-- Index pour la table `booking`
--
ALTER TABLE `booking`
  ADD PRIMARY KEY (`id`),
  ADD KEY `IDX_E00CEDDE71F7E88B` (`event_id`),
  ADD KEY `IDX_E00CEDDEA76ED395` (`user_id`);

--
-- Index pour la table `comic`
--
ALTER TABLE `comic`
  ADD PRIMARY KEY (`id`),
  ADD KEY `IDX_5B7EA5AA12469DE2` (`category_id`);

--
-- Index pour la table `comic_category`
--
ALTER TABLE `comic_category`
  ADD PRIMARY KEY (`id`);

--
-- Index pour la table `doctrine_migration_versions`
--
ALTER TABLE `doctrine_migration_versions`
  ADD PRIMARY KEY (`version`);

--
-- Index pour la table `event`
--
ALTER TABLE `event`
  ADD PRIMARY KEY (`id`),
  ADD KEY `IDX_3BAE0AA712469DE2` (`category_id`),
  ADD KEY `IDX_3BAE0AA7DA6A219` (`place_id`),
  ADD KEY `IDX_3BAE0AA77E3C61F9` (`owner_id`);

--
-- Index pour la table `event_category`
--
ALTER TABLE `event_category`
  ADD PRIMARY KEY (`id`);

--
-- Index pour la table `manga`
--
ALTER TABLE `manga`
  ADD PRIMARY KEY (`id`),
  ADD KEY `IDX_765A9E0312469DE2` (`category_id`);

--
-- Index pour la table `manga_category`
--
ALTER TABLE `manga_category`
  ADD PRIMARY KEY (`id`);

--
-- Index pour la table `place`
--
ALTER TABLE `place`
  ADD PRIMARY KEY (`id`);

--
-- Index pour la table `platform`
--
ALTER TABLE `platform`
  ADD PRIMARY KEY (`id`);

--
-- Index pour la table `user`
--
ALTER TABLE `user`
  ADD PRIMARY KEY (`id`),
  ADD UNIQUE KEY `UNIQ_8D93D649E7927C74` (`email`);

--
-- Index pour la table `user_board_game`
--
ALTER TABLE `user_board_game`
  ADD PRIMARY KEY (`user_id`,`board_game_id`),
  ADD KEY `IDX_5EDAAE43A76ED395` (`user_id`),
  ADD KEY `IDX_5EDAAE43AC91F10A` (`board_game_id`);

--
-- Index pour la table `user_comic`
--
ALTER TABLE `user_comic`
  ADD PRIMARY KEY (`user_id`,`comic_id`),
  ADD KEY `IDX_B9BC5EF2A76ED395` (`user_id`),
  ADD KEY `IDX_B9BC5EF2D663094A` (`comic_id`);

--
-- Index pour la table `user_manga`
--
ALTER TABLE `user_manga`
  ADD PRIMARY KEY (`user_id`,`manga_id`),
  ADD KEY `IDX_9498655BA76ED395` (`user_id`),
  ADD KEY `IDX_9498655B7B6461` (`manga_id`);

--
-- Index pour la table `user_video_game`
--
ALTER TABLE `user_video_game`
  ADD PRIMARY KEY (`user_id`,`video_game_id`),
  ADD KEY `IDX_83DBAABCA76ED395` (`user_id`),
  ADD KEY `IDX_83DBAABC16230A8` (`video_game_id`);

--
-- Index pour la table `video_game`
--
ALTER TABLE `video_game`
  ADD PRIMARY KEY (`id`),
  ADD KEY `IDX_24BC6C5012469DE2` (`category_id`);

--
-- Index pour la table `video_game_category`
--
ALTER TABLE `video_game_category`
  ADD PRIMARY KEY (`id`);

--
-- Index pour la table `video_game_platform`
--
ALTER TABLE `video_game_platform`
  ADD PRIMARY KEY (`video_game_id`,`platform_id`),
  ADD KEY `IDX_996C03DD16230A8` (`video_game_id`),
  ADD KEY `IDX_996C03DDFFE6496F` (`platform_id`);

--
-- AUTO_INCREMENT pour les tables déchargées
--

--
-- AUTO_INCREMENT pour la table `board_game`
--
ALTER TABLE `board_game`
  MODIFY `id` int(11) NOT NULL AUTO_INCREMENT, AUTO_INCREMENT=201;

--
-- AUTO_INCREMENT pour la table `board_game_category`
--
ALTER TABLE `board_game_category`
  MODIFY `id` int(11) NOT NULL AUTO_INCREMENT, AUTO_INCREMENT=35;

--
-- AUTO_INCREMENT pour la table `booking`
--
ALTER TABLE `booking`
  MODIFY `id` int(11) NOT NULL AUTO_INCREMENT, AUTO_INCREMENT=51;

--
-- AUTO_INCREMENT pour la table `comic`
--
ALTER TABLE `comic`
  MODIFY `id` int(11) NOT NULL AUTO_INCREMENT, AUTO_INCREMENT=201;

--
-- AUTO_INCREMENT pour la table `comic_category`
--
ALTER TABLE `comic_category`
  MODIFY `id` int(11) NOT NULL AUTO_INCREMENT, AUTO_INCREMENT=37;

--
-- AUTO_INCREMENT pour la table `event`
--
ALTER TABLE `event`
  MODIFY `id` int(11) NOT NULL AUTO_INCREMENT, AUTO_INCREMENT=101;

--
-- AUTO_INCREMENT pour la table `event_category`
--
ALTER TABLE `event_category`
  MODIFY `id` int(11) NOT NULL AUTO_INCREMENT, AUTO_INCREMENT=15;

--
-- AUTO_INCREMENT pour la table `manga`
--
ALTER TABLE `manga`
  MODIFY `id` int(11) NOT NULL AUTO_INCREMENT, AUTO_INCREMENT=201;

--
-- AUTO_INCREMENT pour la table `manga_category`
--
ALTER TABLE `manga_category`
  MODIFY `id` int(11) NOT NULL AUTO_INCREMENT, AUTO_INCREMENT=11;

--
-- AUTO_INCREMENT pour la table `place`
--
ALTER TABLE `place`
  MODIFY `id` int(11) NOT NULL AUTO_INCREMENT, AUTO_INCREMENT=201;

--
-- AUTO_INCREMENT pour la table `platform`
--
ALTER TABLE `platform`
  MODIFY `id` int(11) NOT NULL AUTO_INCREMENT, AUTO_INCREMENT=19;

--
-- AUTO_INCREMENT pour la table `user`
--
ALTER TABLE `user`
  MODIFY `id` int(11) NOT NULL AUTO_INCREMENT, AUTO_INCREMENT=501;

--
-- AUTO_INCREMENT pour la table `video_game`
--
ALTER TABLE `video_game`
  MODIFY `id` int(11) NOT NULL AUTO_INCREMENT, AUTO_INCREMENT=201;

--
-- AUTO_INCREMENT pour la table `video_game_category`
--
ALTER TABLE `video_game_category`
  MODIFY `id` int(11) NOT NULL AUTO_INCREMENT, AUTO_INCREMENT=41;

--
-- Contraintes pour les tables déchargées
--

--
-- Contraintes pour la table `board_game`
--
ALTER TABLE `board_game`
  ADD CONSTRAINT `FK_F9BD68AF12469DE2` FOREIGN KEY (`category_id`) REFERENCES `board_game_category` (`id`);

--
-- Contraintes pour la table `booking`
--
ALTER TABLE `booking`
  ADD CONSTRAINT `FK_E00CEDDE71F7E88B` FOREIGN KEY (`event_id`) REFERENCES `event` (`id`),
  ADD CONSTRAINT `FK_E00CEDDEA76ED395` FOREIGN KEY (`user_id`) REFERENCES `user` (`id`);

--
-- Contraintes pour la table `comic`
--
ALTER TABLE `comic`
  ADD CONSTRAINT `FK_5B7EA5AA12469DE2` FOREIGN KEY (`category_id`) REFERENCES `comic_category` (`id`);

--
-- Contraintes pour la table `event`
--
ALTER TABLE `event`
  ADD CONSTRAINT `FK_3BAE0AA712469DE2` FOREIGN KEY (`category_id`) REFERENCES `event_category` (`id`),
  ADD CONSTRAINT `FK_3BAE0AA77E3C61F9` FOREIGN KEY (`owner_id`) REFERENCES `user` (`id`),
  ADD CONSTRAINT `FK_3BAE0AA7DA6A219` FOREIGN KEY (`place_id`) REFERENCES `place` (`id`);

--
-- Contraintes pour la table `manga`
--
ALTER TABLE `manga`
  ADD CONSTRAINT `FK_765A9E0312469DE2` FOREIGN KEY (`category_id`) REFERENCES `manga_category` (`id`);

--
-- Contraintes pour la table `user_board_game`
--
ALTER TABLE `user_board_game`
  ADD CONSTRAINT `FK_5EDAAE43A76ED395` FOREIGN KEY (`user_id`) REFERENCES `user` (`id`) ON DELETE CASCADE,
  ADD CONSTRAINT `FK_5EDAAE43AC91F10A` FOREIGN KEY (`board_game_id`) REFERENCES `board_game` (`id`) ON DELETE CASCADE;

--
-- Contraintes pour la table `user_comic`
--
ALTER TABLE `user_comic`
  ADD CONSTRAINT `FK_B9BC5EF2A76ED395` FOREIGN KEY (`user_id`) REFERENCES `user` (`id`) ON DELETE CASCADE,
  ADD CONSTRAINT `FK_B9BC5EF2D663094A` FOREIGN KEY (`comic_id`) REFERENCES `comic` (`id`) ON DELETE CASCADE;

--
-- Contraintes pour la table `user_manga`
--
ALTER TABLE `user_manga`
  ADD CONSTRAINT `FK_9498655B7B6461` FOREIGN KEY (`manga_id`) REFERENCES `manga` (`id`) ON DELETE CASCADE,
  ADD CONSTRAINT `FK_9498655BA76ED395` FOREIGN KEY (`user_id`) REFERENCES `user` (`id`) ON DELETE CASCADE;

--
-- Contraintes pour la table `user_video_game`
--
ALTER TABLE `user_video_game`
  ADD CONSTRAINT `FK_83DBAABC16230A8` FOREIGN KEY (`video_game_id`) REFERENCES `video_game` (`id`) ON DELETE CASCADE,
  ADD CONSTRAINT `FK_83DBAABCA76ED395` FOREIGN KEY (`user_id`) REFERENCES `user` (`id`) ON DELETE CASCADE;

--
-- Contraintes pour la table `video_game`
--
ALTER TABLE `video_game`
  ADD CONSTRAINT `FK_24BC6C5012469DE2` FOREIGN KEY (`category_id`) REFERENCES `video_game_category` (`id`);

--
-- Contraintes pour la table `video_game_platform`
--
ALTER TABLE `video_game_platform`
  ADD CONSTRAINT `FK_996C03DD16230A8` FOREIGN KEY (`video_game_id`) REFERENCES `video_game` (`id`) ON DELETE CASCADE,
  ADD CONSTRAINT `FK_996C03DDFFE6496F` FOREIGN KEY (`platform_id`) REFERENCES `platform` (`id`) ON DELETE CASCADE;
COMMIT;

/*!40101 SET CHARACTER_SET_CLIENT=@OLD_CHARACTER_SET_CLIENT */;
/*!40101 SET CHARACTER_SET_RESULTS=@OLD_CHARACTER_SET_RESULTS */;
/*!40101 SET COLLATION_CONNECTION=@OLD_COLLATION_CONNECTION */;
