-- phpMyAdmin SQL Dump
-- version 5.1.1
-- https://www.phpmyadmin.net/
--
-- Hôte : localhost:8889
-- Généré le : lun. 10 jan. 2022 à 13:38
-- Version du serveur : 5.7.34
-- Version de PHP : 8.0.8

SET SQL_MODE = "NO_AUTO_VALUE_ON_ZERO";
START TRANSACTION;
SET time_zone = "+00:00";


/*!40101 SET @OLD_CHARACTER_SET_CLIENT=@@CHARACTER_SET_CLIENT */;
/*!40101 SET @OLD_CHARACTER_SET_RESULTS=@@CHARACTER_SET_RESULTS */;
/*!40101 SET @OLD_COLLATION_CONNECTION=@@COLLATION_CONNECTION */;
/*!40101 SET NAMES utf8mb4 */;

--
-- Base de données : `wonderGeek`
--

-- --------------------------------------------------------

--
-- Structure de la table `board_game`
--

CREATE TABLE `board_game` (
  `id` int(11) NOT NULL,
  `category_id` int(11) NOT NULL,
  `name` varchar(50) COLLATE utf8mb4_unicode_ci NOT NULL,
  `description` longtext COLLATE utf8mb4_unicode_ci NOT NULL,
  `picture` varchar(255) COLLATE utf8mb4_unicode_ci NOT NULL
) ENGINE=InnoDB DEFAULT CHARSET=utf8mb4 COLLATE=utf8mb4_unicode_ci;

--
-- Déchargement des données de la table `board_game`
--

INSERT INTO `board_game` (`id`, `category_id`, `name`, `description`, `picture`) VALUES
(3701, 1040, 'distinctio repudiandae', 'Omnis voluptatem debitis non non adipisci cumque natus. Ut delectus fuga repudiandae eveniet perspiciatis. Quo ut non vel repellat perferendis. In quae repudiandae dolorem sunt. Inventore est recusandae quaerat aut nisi illo unde.', 'https://cdn1.philibertnet.com/343934-thickbox_default/7-wonders-duel.jpg'),
(3702, 1042, 'neque veniam velit', 'Eaque est quis doloribus cupiditate sunt ad est. Dolore tempora laborum officiis impedit. Vitae cum voluptatibus et voluptate rerum iusto molestiae. Et delectus et reiciendis est magni possimus.', 'https://cdn3.philibertnet.com/520955-thickbox_default/unlock-game-adventures.jpg'),
(3703, 1041, 'modi quos', 'Aliquam dolorem minus porro tenetur. Exercitationem consectetur eos iste atque. Est nesciunt accusamus consectetur hic consequuntur.', 'https://cdn3.philibertnet.com/353015-thickbox_default/codenames-vf.jpg'),
(3704, 1053, 'perspiciatis sint dignissimos', 'Corrupti doloremque architecto sit. Rem facere modi velit omnis. Placeat aut provident quis dignissimos et. Tenetur eius voluptatem quo atque odio officiis. Totam porro molestias culpa. Laudantium enim tempore voluptatem et nam dolorum. Aut ducimus aut neque facilis.', 'https://cdn1.philibertnet.com/521033-thickbox_default/kingdomino-origins.jpg'),
(3705, 1041, 'ut', 'Occaecati sint vel ex labore maiores recusandae alias. Quis illum soluta sed nobis sit totam. Rerum odit eveniet explicabo. Enim enim eaque voluptates est aut suscipit. Ut vero esse et et sequi voluptas soluta. Officiis unde vel quibusdam vitae. Aut sit quas repellendus rem vel quia.', 'https://cdn3.philibertnet.com/520955-thickbox_default/unlock-game-adventures.jpg'),
(3706, 1044, 'est maiores delectus', 'Eaque vero ut recusandae in quod nobis ut. Iusto incidunt architecto assumenda eligendi blanditiis non. Rem repellat accusamus odit. Nulla commodi dolor fuga quae et eos possimus. Perspiciatis non nihil recusandae aliquid. Qui ut hic neque accusantium debitis perspiciatis.', 'https://cdn1.philibertnet.com/375938-thickbox_default/monopoly-classique.jpg'),
(3707, 1054, 'exercitationem corporis qui', 'Minima vitae est assumenda quidem non minima nihil autem. Earum nam deserunt saepe. Saepe necessitatibus et rerum exercitationem omnis. Vitae tenetur quo saepe ut eius.', 'https://cdn1.philibertnet.com/494838-thickbox_default/marvel-champions-le-jeu-de-cartes-convoitise-galactique.jpg'),
(3708, 1048, 'sint nostrum', 'Eveniet praesentium eius laborum dolores. Nihil eum suscipit quisquam amet soluta sunt suscipit. Voluptatem iusto labore voluptas dolorum et ut. Perspiciatis consequatur omnis placeat aut possimus excepturi animi. Corporis at illum possimus quaerat. Iste quis minima alias voluptas sed officiis.', 'https://cdn2.philibertnet.com/524668-thickbox_default/les-aventures-de-robin-des-bois.jpg'),
(3709, 1041, 'et', 'Iure assumenda architecto voluptatem architecto officiis. Asperiores hic veniam aut ea dolores voluptatibus dolores. Suscipit eveniet doloremque quis voluptatem. In nihil rem sed et animi tenetur. Expedita voluptas in molestiae alias. Ut facere aliquid et dolorem ut.', 'https://cdn3.philibertnet.com/515898-thickbox_default/7-wonders-architects.jpg'),
(3710, 1040, 'quia aut saepe nostrum', 'Iusto animi quod repellendus. Quia dolor reprehenderit itaque veniam qui placeat. Voluptas occaecati aut odio illo at. Sint autem minima consequuntur voluptatem laboriosam sunt. Recusandae aut ut unde recusandae error molestias odit provident.', 'https://cdn2.philibertnet.com/456053-thickbox_default/skyjo.jpg'),
(3711, 1052, 'tenetur', 'Rerum sit ratione magni. Aut et autem ratione excepturi doloremque. Unde impedit accusantium adipisci autem autem in et voluptatum. Iure voluptas quia dignissimos nobis asperiores ipsum. Qui sunt et qui dolorem id qui nihil. Et architecto omnis eos asperiores maxime.', 'https://cdn2.philibertnet.com/524668-thickbox_default/les-aventures-de-robin-des-bois.jpg'),
(3712, 1045, 'et aspernatur nihil minima', 'Omnis ea praesentium numquam assumenda autem. Praesentium aut a quod. Velit quo officia accusamus eum voluptatem corrupti illum. Distinctio aut aut quis eum. Incidunt voluptatem vel vel rerum voluptatem numquam eos.', 'https://cdn3.philibertnet.com/515898-thickbox_default/7-wonders-architects.jpg'),
(3713, 1053, 'eius rerum', 'Nam nostrum aut quis sapiente sed. Minima iusto autem quam minima. Exercitationem totam ipsam nam velit corrupti.', 'https://cdn2.philibertnet.com/523790-thickbox_default/micromacro-crime-city.jpg'),
(3714, 1049, 'quia labore', 'Reprehenderit accusantium tempore ut consequatur quidem facere dicta suscipit. Quia est rerum nam. Voluptatem est eos dolores aliquid sit laudantium. Quas qui omnis dolores dignissimos eaque suscipit impedit. Ipsam vel hic laudantium.', 'https://cdn2.philibertnet.com/305958-thickbox_default/uno.jpg'),
(3715, 1048, 'quia omnis', 'Ipsa ea nemo eos occaecati fugiat. Quia suscipit aut ea dolorem qui aliquid. Veniam velit fuga ea velit ut omnis animi.', 'https://cdn1.philibertnet.com/494838-thickbox_default/marvel-champions-le-jeu-de-cartes-convoitise-galactique.jpg'),
(3716, 1046, 'quibusdam quod delectus', 'Omnis aut perspiciatis voluptatem voluptatibus aut. Ut aliquam doloribus aut iste aut. Molestiae non cum qui porro perferendis.', 'https://cdn1.philibertnet.com/375938-thickbox_default/monopoly-classique.jpg'),
(3717, 1051, 'qui aspernatur sint impedit', 'Omnis dolor eaque ipsam non dolor libero dolor. Alias mollitia blanditiis et aut. Occaecati et aut ipsam magnam animi. Iure rerum ullam nesciunt repudiandae quos deleniti.', 'https://cdn1.philibertnet.com/521033-thickbox_default/kingdomino-origins.jpg'),
(3718, 1049, 'rem neque veniam', 'Neque officia doloremque omnis id excepturi aut. Deserunt non similique et dolorem molestiae et vel.', 'https://cdn1.philibertnet.com/494838-thickbox_default/marvel-champions-le-jeu-de-cartes-convoitise-galactique.jpg'),
(3719, 1040, 'molestiae', 'Amet dolor omnis dolorem porro sapiente. Voluptatem perferendis tempore sint sapiente vitae. Nihil id aliquam facere dolor. Pariatur quo ad est molestiae facere nulla eos dolores.', 'https://cdn2.philibertnet.com/523790-thickbox_default/micromacro-crime-city.jpg'),
(3720, 1049, 'velit', 'Aliquid explicabo aliquam voluptates consectetur. Nesciunt corporis repudiandae incidunt dolorem impedit. Sit modi deleniti facilis et. Dicta in repellendus sequi eligendi in. Illum et deleniti itaque quia. Perferendis adipisci suscipit molestiae vero hic.', 'https://cdn3.philibertnet.com/472228-thickbox_default/the-crew.jpg'),
(3721, 1052, 'labore suscipit optio', 'Quia consequatur explicabo non consequatur repellendus soluta. Nam id possimus cum dolor. Voluptate qui consequatur ex. Iste a soluta explicabo. Eos et ipsam ex at expedita quis. Est voluptas harum est.', 'https://cdn2.philibertnet.com/524668-thickbox_default/les-aventures-de-robin-des-bois.jpg'),
(3722, 1040, 'dolorem aperiam', 'Quis eum nihil maiores aut. Non molestiae dolor id explicabo. Quis et dicta nobis placeat id ut qui magni. Voluptatem facilis perspiciatis corrupti tempora esse nisi tenetur libero. Neque natus similique laboriosam facere. Cupiditate ratione voluptas consequatur. Repudiandae in ut vitae omnis nemo.', 'https://cdn3.philibertnet.com/503205-thickbox_default/magic-the-gathering-horizons-du-modern-2-bundle.jpg'),
(3723, 1040, 'praesentium', 'Hic incidunt adipisci qui maxime ut corporis. Animi quidem repudiandae nihil quo quia vel. Doloremque est in et magni illum porro voluptatem et. Aspernatur et esse ullam itaque eveniet accusantium maxime.', 'https://cdn2.philibertnet.com/513139-thickbox_default/assassin-s-creed-valhalla-orlog-dice-game.jpg'),
(3724, 1053, 'et dolore eligendi non', 'Qui illo nisi quae omnis dolor fuga expedita. Ducimus fuga ipsam soluta dolorum magni facilis beatae. Ullam illo incidunt eos molestiae aliquam accusamus. Quibusdam similique nobis nostrum laudantium.', 'https://cdn1.philibertnet.com/375938-thickbox_default/monopoly-classique.jpg'),
(3725, 1042, 'quis', 'Perspiciatis cumque iure accusamus officiis odit laboriosam sed. Culpa eum in vel ut quod architecto. Veritatis ut id numquam. Non dolorem quibusdam distinctio eum. Ut ex et sed amet delectus necessitatibus omnis. Consequatur possimus placeat est non.', 'https://cdn3.philibertnet.com/515976-thickbox_default/world-of-warcraft-wrath-of-the-lich-king-a-pandemic-system-board-game.jpg'),
(3726, 1042, 'est', 'Aut aperiam temporibus soluta atque enim fugit. Est inventore sint voluptas. Asperiores ut quod et. Quis corrupti et iste accusamus velit est. Ea voluptas itaque vel fugit sunt. Aliquid aut architecto ut. Doloremque pariatur id dolorum. Consequatur repellat velit eos dolores.', 'https://cdn1.philibertnet.com/521033-thickbox_default/kingdomino-origins.jpg'),
(3727, 1048, 'deleniti', 'Velit excepturi necessitatibus repudiandae tempora reprehenderit. Non soluta nostrum et ea non ad quam corrupti. Laboriosam voluptatibus et sed ullam harum ea distinctio maxime.', 'https://cdn3.philibertnet.com/503205-thickbox_default/magic-the-gathering-horizons-du-modern-2-bundle.jpg'),
(3728, 1039, 'nostrum est', 'Odit similique a soluta magnam quo. Quis rem tempora nam consequuntur qui dolorem. Quis ad sunt qui aut dolores impedit deleniti. Dolor aut dolorum illum. Est quia quo magni placeat et. Aut reprehenderit et sunt. Ex doloremque accusantium quasi ut illum.', 'https://cdn2.philibertnet.com/527633-thickbox_default/scrabble-deluxe.jpg'),
(3729, 1045, 'tempore', 'Ad necessitatibus placeat harum eveniet. Autem et nulla magnam dolores ipsam consequatur corporis. Molestiae tenetur quos debitis ut accusamus. Perferendis voluptas dolorem et. Velit consectetur nulla aut provident molestiae numquam.', 'https://cdn2.philibertnet.com/516468-thickbox_default/saint-seiya-le-jeu-de-deckbuilding-poseidon.jpg'),
(3730, 1054, 'ea quia', 'Commodi et velit qui in. Minus et dolores eius adipisci error. Sed optio dolore eligendi omnis. Velit aliquam dolores error odit ea veritatis est. A dolorem quo illum velit minus recusandae nisi. Qui soluta eum ex eveniet rerum. Saepe recusandae commodi inventore enim nihil nulla fugit.', 'https://cdn3.philibertnet.com/503205-thickbox_default/magic-the-gathering-horizons-du-modern-2-bundle.jpg'),
(3731, 1043, 'neque nemo', 'Asperiores non tempora cum nobis. Aut repellat id eos deleniti nam delectus architecto. Incidunt aspernatur consequuntur ea aut et et vel.', 'https://cdn1.philibertnet.com/494838-thickbox_default/marvel-champions-le-jeu-de-cartes-convoitise-galactique.jpg'),
(3732, 1044, 'veniam', 'Odio magnam et voluptatibus. Deleniti nemo illum est impedit. Voluptas voluptate fugiat itaque accusamus sed consectetur vitae. Nobis occaecati maiores distinctio voluptate consequatur qui laboriosam.', 'https://cdn1.philibertnet.com/375938-thickbox_default/monopoly-classique.jpg'),
(3733, 1049, 'ab', 'Totam illum adipisci officia dolore maxime voluptas reprehenderit corporis. Ut qui voluptatem nostrum nisi odio. Doloremque eaque totam vitae mollitia mollitia commodi dignissimos. Maxime fugiat enim nobis culpa.', 'https://cdn2.philibertnet.com/522703-thickbox_default/terraforming-mars.jpg'),
(3734, 1044, 'saepe voluptas odit ducimus', 'Ullam laudantium quo facere dignissimos. Voluptatem quasi dolor et fugiat eaque enim accusantium asperiores. Omnis ea necessitatibus voluptatem molestias ut eveniet reiciendis et. Sunt a placeat ex et ipsum.', 'https://cdn3.philibertnet.com/515976-thickbox_default/world-of-warcraft-wrath-of-the-lich-king-a-pandemic-system-board-game.jpg'),
(3735, 1040, 'exercitationem', 'Ea molestiae labore non vel at id est in. Possimus quo eos optio sit dolor. Amet nobis doloremque eaque cum praesentium itaque. Nemo nemo aperiam et error aut distinctio.', 'https://cdn2.philibertnet.com/513139-thickbox_default/assassin-s-creed-valhalla-orlog-dice-game.jpg'),
(3736, 1050, 'atque', 'Aut nemo quia assumenda omnis consequuntur nostrum eos. Vel id dolor eum repudiandae facere ipsum commodi ipsum. Voluptatem saepe facilis recusandae nihil omnis sed et.', 'https://cdn2.philibertnet.com/524668-thickbox_default/les-aventures-de-robin-des-bois.jpg'),
(3737, 1051, 'optio', 'Aperiam repudiandae deserunt nulla esse qui quisquam. Expedita sunt et voluptate vel iusto est voluptatum. Est aut eos accusamus expedita. Dolores vel autem temporibus ex. Quae nulla delectus excepturi voluptas illum. Sint laboriosam ut qui sint sit quae.', 'https://cdn3.philibertnet.com/515898-thickbox_default/7-wonders-architects.jpg'),
(3738, 1049, 'qui vel atque', 'Necessitatibus saepe est provident est magnam. Voluptatem illo reiciendis magni saepe sed. Aliquid iure ad maxime sit voluptatum. Ducimus ex ratione aut assumenda. Et modi maxime aut consequatur qui. Illo pariatur pariatur rerum aperiam atque dolore quod deleniti. Suscipit sed expedita et.', 'https://cdn3.philibertnet.com/353015-thickbox_default/codenames-vf.jpg'),
(3739, 1044, 'iure repudiandae facilis', 'Qui cupiditate omnis non. Quia deleniti qui nesciunt fugit voluptates nostrum. Minus voluptate vel nam dignissimos ipsa. Ducimus eum libero sed rerum iure reprehenderit sint eos.', 'https://cdn3.philibertnet.com/525941-thickbox_default/harry-potter-bataille-a-poudlard-extension-sortileges-et-potions.jpg'),
(3740, 1043, 'autem voluptatem non assumenda', 'Eveniet cumque dolor voluptatem facilis consequatur. Sit amet excepturi placeat facilis vero aut. Voluptas eos modi illo aut vel repellendus. Amet sit enim saepe ut similique. Eveniet voluptates dolore est numquam vel quasi. Consequatur nostrum non et ut repellendus quasi distinctio.', 'https://cdn3.philibertnet.com/353015-thickbox_default/codenames-vf.jpg'),
(3741, 1054, 'quia voluptatibus', 'Temporibus consequatur odio illum commodi sapiente. Omnis error perferendis autem numquam expedita libero. Animi officiis nihil sed non. Cumque quaerat praesentium eaque dolores sint.', 'https://cdn2.philibertnet.com/516904-thickbox_default/le-seigneur-des-anneaux-voyages-en-terre-du-milieu-guerre-ouverte.jpg'),
(3742, 1051, 'soluta ad', 'Sint quidem eos nemo magni aut molestiae corrupti ducimus. Aut iste impedit est vitae. Illum debitis ad aut quia consectetur voluptatum iure. Ipsa dolorum nisi magni dolores. Quo repellat ut et a magni autem. Dolorem aut expedita quia et vitae.', 'https://cdn2.philibertnet.com/522703-thickbox_default/terraforming-mars.jpg'),
(3743, 1051, 'sit aut dolor', 'Aut eius deserunt quam officia atque ab facilis. Et magni dolore et sapiente. Voluptatem aperiam magnam sit velit velit. Quia et impedit veritatis occaecati explicabo quia.', 'https://cdn3.philibertnet.com/503205-thickbox_default/magic-the-gathering-horizons-du-modern-2-bundle.jpg'),
(3744, 1039, 'dolores', 'Delectus illum sequi id nulla et harum. Nobis aliquam qui facilis quo. Porro aut et nostrum. Dolor sed et et. Enim ratione amet libero at fugiat eaque tempora a. Distinctio ut sequi et ipsa qui. Quibusdam occaecati omnis non.', 'https://cdn1.philibertnet.com/343934-thickbox_default/7-wonders-duel.jpg'),
(3745, 1047, 'natus suscipit dolor consequatur', 'Minus odio laborum commodi dolores non veniam id. Labore animi quo sunt doloribus architecto. Qui quibusdam ea ut. Dicta eius sint minima ullam ut quibusdam. Natus quaerat nobis ipsa nostrum.', 'https://cdn3.philibertnet.com/515976-thickbox_default/world-of-warcraft-wrath-of-the-lich-king-a-pandemic-system-board-game.jpg'),
(3746, 1043, 'veritatis aliquam fuga', 'Labore quia eveniet iste et reprehenderit repudiandae qui officia. Sunt sunt nam quia sit. Laborum officiis expedita ea deleniti officia. Et sint pariatur dolor rerum voluptatem aut neque amet.', 'https://cdn3.philibertnet.com/515898-thickbox_default/7-wonders-architects.jpg'),
(3747, 1039, 'maxime provident magnam', 'Odit molestiae excepturi atque nihil. Voluptatem aut mollitia quis sit quia voluptatum neque. Deleniti officia eum repudiandae officiis laboriosam illo.', 'https://cdn3.philibertnet.com/525941-thickbox_default/harry-potter-bataille-a-poudlard-extension-sortileges-et-potions.jpg'),
(3748, 1053, 'debitis molestiae voluptatem', 'Voluptas fugit est autem eos sint. Et omnis alias ut temporibus. Quod unde eum qui autem. Aut placeat quia animi ipsam quia. Ea ut esse commodi laudantium modi quasi repudiandae. Maxime quia facilis unde labore.', 'https://cdn3.philibertnet.com/515976-thickbox_default/world-of-warcraft-wrath-of-the-lich-king-a-pandemic-system-board-game.jpg'),
(3749, 1039, 'voluptas cumque', 'Officia veritatis corporis enim recusandae et est atque. Reiciendis aliquam et sunt quo. Sunt ad ipsa dolores voluptatum. Laudantium consequatur quo laboriosam. Porro temporibus reiciendis consequatur quis a.', 'https://cdn2.philibertnet.com/516468-thickbox_default/saint-seiya-le-jeu-de-deckbuilding-poseidon.jpg'),
(3750, 1052, 'in aspernatur', 'Rem est dignissimos tempore aut ducimus ut quisquam. Ea ex hic minima nam. Eligendi ipsa tempore quod perferendis debitis omnis. Porro itaque distinctio reiciendis tempora.', 'https://cdn2.philibertnet.com/456053-thickbox_default/skyjo.jpg'),
(3751, 1049, 'deleniti numquam maxime architecto', 'Temporibus facere nihil autem omnis consectetur et. Molestiae aliquid asperiores minus adipisci aut sapiente. Quia pariatur dolores sunt et soluta quasi iste. Ut qui et numquam hic. Adipisci et non iusto. Recusandae dolores pariatur voluptatem ullam impedit natus sunt ut.', 'https://cdn1.philibertnet.com/375938-thickbox_default/monopoly-classique.jpg'),
(3752, 1040, 'natus', 'Reprehenderit ut voluptate sed vero. Dolorem possimus voluptas deserunt rerum aut sit. Qui ipsa et molestiae praesentium vero. Aut rem cumque eaque commodi excepturi commodi deserunt dolores.', 'https://cdn2.philibertnet.com/523790-thickbox_default/micromacro-crime-city.jpg'),
(3753, 1050, 'placeat totam', 'Ipsum ut quam qui. Corrupti voluptatem deleniti delectus et. Expedita molestiae et qui. Hic quasi aut unde deserunt qui sed optio. Sapiente sed iusto provident ab qui cum et. Explicabo omnis deleniti ut rerum odio ea.', 'https://cdn3.philibertnet.com/515976-thickbox_default/world-of-warcraft-wrath-of-the-lich-king-a-pandemic-system-board-game.jpg'),
(3754, 1048, 'iste nihil reiciendis', 'Neque est est sunt aliquam. Quia ullam nemo ut. Et ut ea quia totam sit quod vero. Nihil accusamus minima consequatur qui veritatis itaque id. Sint reprehenderit sed nobis ut officiis. Laudantium molestias ea fugiat laudantium quaerat quia. Tempore laudantium quasi voluptatem laborum odio minima.', 'https://cdn2.philibertnet.com/516468-thickbox_default/saint-seiya-le-jeu-de-deckbuilding-poseidon.jpg'),
(3755, 1053, 'quidem totam minus', 'Temporibus eum exercitationem iusto quos. Quia veritatis reiciendis saepe sit. Dolore minus quos autem labore. Eum qui pariatur maiores sint qui culpa. Hic quas autem vel et. Deserunt libero asperiores et consequatur sunt. Cumque quis deleniti debitis.', 'https://cdn3.philibertnet.com/525941-thickbox_default/harry-potter-bataille-a-poudlard-extension-sortileges-et-potions.jpg'),
(3756, 1039, 'et animi', 'Minima dolorum quia recusandae inventore impedit. Voluptas voluptatibus totam labore incidunt assumenda laudantium. In hic magnam voluptatem voluptas rerum sed maiores.', 'https://cdn2.philibertnet.com/516904-thickbox_default/le-seigneur-des-anneaux-voyages-en-terre-du-milieu-guerre-ouverte.jpg'),
(3757, 1054, 'consequatur quidem adipisci aut', 'Accusamus dolorem error consequatur corrupti cum rem placeat. Vel cumque sint aperiam eius eos officia reprehenderit consequatur. Rem eos pariatur quos aut mollitia dicta.', 'https://cdn2.philibertnet.com/456053-thickbox_default/skyjo.jpg'),
(3758, 1049, 'ad alias inventore', 'Natus enim in officiis perferendis. Eaque est et nostrum voluptatem. Quasi non libero quod consequatur molestias quisquam. Nihil et reprehenderit quasi enim cumque. Cum enim sint quasi sunt occaecati atque fugiat. Voluptatem sit culpa architecto unde. Fugit dignissimos quis dolor porro.', 'https://cdn3.philibertnet.com/525941-thickbox_default/harry-potter-bataille-a-poudlard-extension-sortileges-et-potions.jpg'),
(3759, 1054, 'eum', 'Omnis et amet molestiae et illo qui perferendis quo. Sit dolorem praesentium aut vel.', 'https://cdn2.philibertnet.com/522703-thickbox_default/terraforming-mars.jpg'),
(3760, 1046, 'totam', 'Et perferendis eum vitae pariatur. Quia aperiam deserunt id ea voluptas blanditiis nisi iste. Voluptatem nostrum sint voluptatum voluptate explicabo. Laudantium quibusdam sit vel impedit eaque minus hic. Odit eveniet soluta quo sint.', 'https://cdn3.philibertnet.com/516145-thickbox_default/nouvelles-contrees.jpg'),
(3761, 1048, 'provident', 'Eius voluptas et doloremque eius maxime nesciunt. Velit quo in minus voluptatum qui exercitationem. Maiores non recusandae excepturi voluptas facere ipsa quae. Repudiandae nemo ea voluptatem enim aut est rerum deserunt.', 'https://cdn3.philibertnet.com/515976-thickbox_default/world-of-warcraft-wrath-of-the-lich-king-a-pandemic-system-board-game.jpg'),
(3762, 1049, 'perferendis ut', 'Omnis suscipit distinctio laudantium aliquid et. Nesciunt sapiente est qui dolores quam in. Ad sit et deserunt iusto harum sit ut. Molestiae et reprehenderit sed vitae.', 'https://cdn2.philibertnet.com/516904-thickbox_default/le-seigneur-des-anneaux-voyages-en-terre-du-milieu-guerre-ouverte.jpg'),
(3763, 1048, 'est omnis provident', 'Sed provident nulla perferendis nobis. Distinctio voluptatem sed placeat reiciendis. Quam qui quia labore ex quae et quia.', 'https://cdn2.philibertnet.com/456053-thickbox_default/skyjo.jpg'),
(3764, 1050, 'totam consequuntur unde', 'Quia quis id magni minus temporibus voluptatem. Error a qui sit consequatur est fugiat magni neque. Nesciunt eum nemo sit. Iusto at non voluptatum officia consequatur odio libero. Aut rerum velit rerum sed dolorem.', 'https://cdn3.philibertnet.com/520955-thickbox_default/unlock-game-adventures.jpg'),
(3765, 1043, 'explicabo', 'Sed quidem eum totam accusantium nobis molestias. Eum inventore tempore voluptatem rerum delectus aut. Occaecati molestiae sit magnam adipisci iusto molestias. Eveniet impedit iste inventore officiis sint illum numquam.', 'https://cdn2.philibertnet.com/516468-thickbox_default/saint-seiya-le-jeu-de-deckbuilding-poseidon.jpg'),
(3766, 1042, 'voluptas et', 'Ad quae numquam rerum quo temporibus delectus id. Doloribus minus sit cumque eaque eos ut est. Quibusdam vel est libero qui rem tempore. Qui fugiat non rerum qui. Ea recusandae nihil odit nisi quia quis placeat illo. Explicabo dolore eligendi quis cumque dicta hic exercitationem.', 'https://cdn2.philibertnet.com/522703-thickbox_default/terraforming-mars.jpg'),
(3767, 1043, 'laudantium et quaerat', 'Qui quasi quas saepe fugiat fugiat voluptatum dolor. Architecto voluptatem et enim quo. Quam ipsum ipsum dolorem culpa at assumenda. Delectus quae voluptatem ea eum ea. Voluptatem ab aut enim hic omnis maiores amet. Illo quae architecto voluptate iusto aperiam. Et non consequuntur cupiditate.', 'https://cdn2.philibertnet.com/305958-thickbox_default/uno.jpg'),
(3768, 1041, 'corrupti doloribus autem aut', 'Et aut magni quo neque porro et consequatur. Corporis maxime corrupti libero ducimus ipsam possimus. Aspernatur reiciendis neque omnis magnam qui. Rerum labore amet quasi eum rerum.', 'https://cdn3.philibertnet.com/353015-thickbox_default/codenames-vf.jpg'),
(3769, 1049, 'consequatur magni dicta sit', 'Dolores laudantium consequatur sit voluptate quam. Magnam quas repellat amet consectetur ducimus exercitationem vel. Sed quo optio enim quia voluptas dicta reprehenderit. Quo eum sint minus sed. Qui incidunt dolore voluptates neque.', 'https://cdn2.philibertnet.com/456053-thickbox_default/skyjo.jpg'),
(3770, 1040, 'est tenetur velit quo', 'Pariatur aut natus deleniti libero nostrum. Quisquam ad quod illo id recusandae. Et esse non rem vel eaque.', 'https://cdn2.philibertnet.com/516468-thickbox_default/saint-seiya-le-jeu-de-deckbuilding-poseidon.jpg'),
(3771, 1044, 'accusamus', 'Blanditiis ducimus et non. Facere officiis corrupti id doloremque provident cupiditate. Minus exercitationem recusandae illo asperiores ratione delectus explicabo aut.', 'https://cdn1.philibertnet.com/521033-thickbox_default/kingdomino-origins.jpg'),
(3772, 1043, 'pariatur doloremque', 'Assumenda fugiat porro quaerat architecto accusamus illum. Labore itaque illum aliquid saepe reiciendis culpa. Ut dolore omnis accusamus dolorem nulla aut possimus. Neque sed voluptatem qui nesciunt magnam. Facere maxime ut eos fugit et. Officiis cumque pariatur et.', 'https://cdn3.philibertnet.com/515976-thickbox_default/world-of-warcraft-wrath-of-the-lich-king-a-pandemic-system-board-game.jpg'),
(3773, 1041, 'asperiores ducimus', 'Voluptatem quasi dolorem occaecati maiores eveniet. Voluptatum voluptas non modi id. Quia quia pariatur blanditiis et aperiam. Nesciunt esse aspernatur dolores doloremque est. Totam eius tenetur et natus dicta molestiae. Voluptatibus a amet inventore exercitationem non omnis eum reprehenderit.', 'https://cdn2.philibertnet.com/524668-thickbox_default/les-aventures-de-robin-des-bois.jpg'),
(3774, 1052, 'libero quos sit possimus', 'Voluptatem qui molestiae ipsum veritatis. Tempore qui repellendus quia temporibus et doloremque. Maxime provident molestias earum quidem at. Aut eius id quia sit.', 'https://cdn2.philibertnet.com/527633-thickbox_default/scrabble-deluxe.jpg'),
(3775, 1051, 'totam dolor doloribus', 'Qui expedita provident beatae ut. Et explicabo error laudantium id cum in. Quam aut voluptas suscipit commodi et est quis. Tenetur suscipit illo doloribus est nihil aut nulla.', 'https://cdn1.philibertnet.com/521033-thickbox_default/kingdomino-origins.jpg'),
(3776, 1041, 'molestiae corporis harum laborum', 'Ullam et et mollitia rerum est esse. Non minus qui fugiat omnis dolorem. Nesciunt sapiente hic tempora voluptates in dolorum ea. Non voluptates placeat aut voluptas adipisci dolores ipsa corrupti.', 'https://cdn2.philibertnet.com/516468-thickbox_default/saint-seiya-le-jeu-de-deckbuilding-poseidon.jpg'),
(3777, 1046, 'fugiat', 'Non unde perspiciatis vitae tempora vel. Sed nesciunt reprehenderit sapiente ipsam et pariatur. Alias aut illum laudantium cum reprehenderit. Voluptas voluptatem error mollitia qui tempora sint.', 'https://cdn3.philibertnet.com/503205-thickbox_default/magic-the-gathering-horizons-du-modern-2-bundle.jpg'),
(3778, 1039, 'ab', 'Rem autem nam non fugit eaque suscipit. Assumenda tempora porro qui quos. Omnis consequatur iste quam sunt consequatur est perspiciatis. Numquam at assumenda similique accusantium et.', 'https://cdn1.philibertnet.com/521033-thickbox_default/kingdomino-origins.jpg'),
(3779, 1051, 'modi', 'In enim nesciunt reiciendis dignissimos sed et unde. Doloremque animi consequatur optio molestiae ratione aspernatur eos. Culpa magni consequuntur accusamus porro ipsam error labore.', 'https://cdn2.philibertnet.com/527633-thickbox_default/scrabble-deluxe.jpg'),
(3780, 1054, 'laboriosam ut placeat nam', 'Voluptatibus et ratione ab est beatae et ut. Dolor qui facere sunt repellendus et. Optio repellat molestiae reprehenderit unde. Fugit odio unde sit quis corrupti. Animi nihil velit dolorem expedita minus voluptatum qui. Saepe et tempora error fuga consequatur.', 'https://cdn3.philibertnet.com/515898-thickbox_default/7-wonders-architects.jpg'),
(3781, 1044, 'ipsum aut consectetur', 'Rerum deleniti eius aliquid nesciunt dolorum omnis quia optio. Accusamus voluptatem cum consequatur consectetur voluptatem. Eius expedita distinctio vero tempora explicabo architecto. Omnis ut voluptatum aut sint voluptatum.', 'https://cdn2.philibertnet.com/516468-thickbox_default/saint-seiya-le-jeu-de-deckbuilding-poseidon.jpg'),
(3782, 1054, 'sunt modi', 'In velit voluptatibus non doloribus excepturi et aut. Eos sed dolores cupiditate quia ipsam eos maxime ut. Quibusdam quia sed consectetur aut voluptatum non quos.', 'https://cdn3.philibertnet.com/516145-thickbox_default/nouvelles-contrees.jpg'),
(3783, 1039, 'et ducimus nemo', 'Alias iusto illum et velit odio nobis. Sed quis doloremque sit voluptate aut aperiam sit. Cumque sint fuga rerum. Quis dolore natus eius. Fugit molestias qui rem et ad in eligendi. Itaque sit quis non. Saepe et maiores nihil voluptatem nihil beatae doloribus.', 'https://cdn1.philibertnet.com/375938-thickbox_default/monopoly-classique.jpg'),
(3784, 1053, 'nostrum aut quia', 'Enim ut dolorum in. Porro aperiam quia et est velit odit atque. Molestiae eveniet quasi eum eos aliquid quas harum inventore.', 'https://cdn2.philibertnet.com/516468-thickbox_default/saint-seiya-le-jeu-de-deckbuilding-poseidon.jpg'),
(3785, 1040, 'asperiores', 'Quo facilis totam perspiciatis animi dolorum. Aut voluptas aut molestiae sapiente sit. Quis ea illo sit aliquam enim aut dignissimos.', 'https://cdn3.philibertnet.com/515976-thickbox_default/world-of-warcraft-wrath-of-the-lich-king-a-pandemic-system-board-game.jpg'),
(3786, 1051, 'cupiditate qui', 'Voluptatem laboriosam consectetur est minus voluptas. Similique qui eius est omnis dolore delectus placeat eligendi. Explicabo non est voluptate perspiciatis. Perferendis natus molestiae dicta debitis.', 'https://cdn2.philibertnet.com/513139-thickbox_default/assassin-s-creed-valhalla-orlog-dice-game.jpg'),
(3787, 1040, 'distinctio', 'Repellat qui est rerum. Quis temporibus ex quasi ut. Ut voluptates beatae est minus ut. Animi officia velit quia reiciendis nobis. Mollitia aliquid tempore hic veniam numquam facilis et laboriosam. Cumque adipisci quaerat voluptas similique harum nihil nihil.', 'https://cdn2.philibertnet.com/516468-thickbox_default/saint-seiya-le-jeu-de-deckbuilding-poseidon.jpg'),
(3788, 1041, 'veritatis rerum ad', 'Et ab excepturi laboriosam velit ex dolorum. Consequatur est et quia et corporis. Aut dolorem veritatis labore dolorem.', 'https://cdn1.philibertnet.com/521033-thickbox_default/kingdomino-origins.jpg'),
(3789, 1054, 'sed velit', 'Nemo dolor quasi labore debitis expedita inventore. Harum dignissimos dolorem non aut est harum ut. Reiciendis aut est labore natus iure sint ducimus.', 'https://cdn3.philibertnet.com/503205-thickbox_default/magic-the-gathering-horizons-du-modern-2-bundle.jpg'),
(3790, 1046, 'ipsam pariatur consequatur numquam', 'Consequatur facilis voluptatem quo sed omnis. Odit dolor deserunt totam accusamus mollitia hic mollitia. Tempore rerum nobis et dolor excepturi ex omnis.', 'https://cdn2.philibertnet.com/456053-thickbox_default/skyjo.jpg'),
(3791, 1053, 'nisi', 'Nam inventore labore voluptatem totam error architecto sunt. Nisi totam magnam laudantium hic fugiat. Doloremque facere dolorem qui inventore modi. Ad quo molestiae dolorem repellendus aperiam reiciendis.', 'https://cdn2.philibertnet.com/523790-thickbox_default/micromacro-crime-city.jpg'),
(3792, 1039, 'beatae illum accusantium', 'Dolorem quod tenetur sint consequatur excepturi molestiae soluta. Iure qui adipisci debitis necessitatibus animi. Atque voluptatem qui sunt odit numquam ducimus non.', 'https://cdn2.philibertnet.com/522703-thickbox_default/terraforming-mars.jpg'),
(3793, 1040, 'necessitatibus voluptates', 'Hic libero aliquid perferendis consequatur tenetur. Corporis hic commodi est sapiente. Ea dolore repellat commodi provident similique ut consequatur.', 'https://cdn2.philibertnet.com/516468-thickbox_default/saint-seiya-le-jeu-de-deckbuilding-poseidon.jpg'),
(3794, 1045, 'officia unde', 'Possimus deserunt quasi quasi sequi assumenda vel. Qui voluptas aspernatur placeat nobis odit rem repellendus. Reprehenderit laudantium amet eos enim blanditiis. Sit consequatur quidem provident nihil.', 'https://cdn2.philibertnet.com/305958-thickbox_default/uno.jpg'),
(3795, 1046, 'officia', 'Asperiores voluptas et ea occaecati ab consequuntur. Facere quia aut possimus cum harum itaque. Pariatur maiores iste molestiae deserunt. Modi id quod distinctio dolor a sit perspiciatis. Nemo et nisi fugit sed id voluptates.', 'https://cdn2.philibertnet.com/456053-thickbox_default/skyjo.jpg'),
(3796, 1040, 'molestias deleniti', 'Quae voluptatum quia voluptate odit nam earum quia. Suscipit et consequatur laboriosam ratione esse debitis alias quaerat. Accusantium optio eligendi tempora quisquam eos ea alias.', 'https://cdn2.philibertnet.com/516468-thickbox_default/saint-seiya-le-jeu-de-deckbuilding-poseidon.jpg'),
(3797, 1043, 'in dolorem', 'Aut quasi nisi quis laborum. Et enim et qui expedita ut corporis reprehenderit ea. Tempore pariatur sapiente doloremque. Nam distinctio temporibus quisquam magni sint. Dolorem harum eos facere deserunt maiores est soluta. Minima non earum sit nisi. Quia nam laborum rerum voluptas molestias.', 'https://cdn1.philibertnet.com/494838-thickbox_default/marvel-champions-le-jeu-de-cartes-convoitise-galactique.jpg'),
(3798, 1040, 'quam', 'Laboriosam architecto labore non sed voluptas voluptas. Qui facilis rerum dolorem veritatis odio qui. Nihil qui autem ea tempore tenetur qui. Possimus molestiae veniam reprehenderit nesciunt. Laborum ab explicabo deleniti illo dolores voluptas.', 'https://cdn1.philibertnet.com/494838-thickbox_default/marvel-champions-le-jeu-de-cartes-convoitise-galactique.jpg'),
(3799, 1044, 'nisi est quaerat nulla', 'Id voluptates dolor molestiae quisquam. Unde deserunt ut ab adipisci aliquam. Tempore enim dignissimos atque. Quia impedit qui ut sit voluptatem et error voluptas. Quibusdam aliquam quis saepe aut non recusandae.', 'https://cdn2.philibertnet.com/523790-thickbox_default/micromacro-crime-city.jpg'),
(3800, 1051, 'atque perferendis', 'Placeat ratione pariatur harum illum aliquam quo non. Voluptatibus nam autem sunt ipsum dolorum et. Facere consequuntur ab quaerat sit quia. Ea et quis nesciunt deleniti sint. Provident sequi fuga praesentium accusamus voluptas quaerat enim dolores. Sunt enim deserunt distinctio rerum nihil sequi.', 'https://cdn2.philibertnet.com/513139-thickbox_default/assassin-s-creed-valhalla-orlog-dice-game.jpg');

-- --------------------------------------------------------

--
-- Structure de la table `board_game_category`
--

CREATE TABLE `board_game_category` (
  `id` int(11) NOT NULL,
  `name` varchar(50) COLLATE utf8mb4_unicode_ci NOT NULL
) ENGINE=InnoDB DEFAULT CHARSET=utf8mb4 COLLATE=utf8mb4_unicode_ci;

--
-- Déchargement des données de la table `board_game_category`
--

INSERT INTO `board_game_category` (`id`, `name`) VALUES
(1038, 'Jeu de dés'),
(1039, 'Jeu d\'adresse'),
(1040, 'Jeu d\'ambiance'),
(1041, 'Jeu de cartes'),
(1042, 'Jeu de plateau'),
(1043, 'Jeu de mémoire'),
(1044, 'Jeu de connaissance'),
(1045, 'Jeu de lettres'),
(1046, 'Jeu de logique'),
(1047, 'Jeu de pions'),
(1048, 'Jeu d\'enquête'),
(1049, 'Jeu de coopération'),
(1050, 'Jeu de bluff'),
(1051, 'Jeu de stratégie'),
(1052, 'Jeu de gestion'),
(1053, 'Jeu de hasard'),
(1054, 'Jeu de rôle');

-- --------------------------------------------------------

--
-- Structure de la table `booking`
--

CREATE TABLE `booking` (
  `id` int(11) NOT NULL,
  `event_id` int(11) NOT NULL,
  `user_id` int(11) NOT NULL,
  `reference` binary(16) NOT NULL COMMENT '(DC2Type:uuid)'
) ENGINE=InnoDB DEFAULT CHARSET=utf8mb4 COLLATE=utf8mb4_unicode_ci;

--
-- Déchargement des données de la table `booking`
--

INSERT INTO `booking` (`id`, `event_id`, `user_id`, `reference`) VALUES
(1051, 4545, 42676, 0x3ab00d59c98a33e680098e46bc61040a),
(1052, 4545, 43048, 0x2ed16e08cbac30bda4e5b2fd98be930a),
(1053, 4602, 42773, 0x2ca2601a728e39d8b08879d018eb09d8),
(1054, 4615, 43006, 0x76e9a262b6093360be619184c78cab6a),
(1055, 4612, 43101, 0x149e921913493d74a1d9d4b2ac07c038),
(1056, 4520, 43019, 0x3f24cae9df5632208780c5bd132bc35c),
(1057, 4601, 42650, 0x9fc8cd1aa28232bfa1c4d542c560eac7),
(1058, 4561, 43015, 0x420ea5bb12463977b4724a4ecc040689),
(1059, 4528, 43009, 0xefbef01992f1353cbc2216ac308c42d6),
(1060, 4574, 43109, 0x05b50cc4492932b69f84ddd839dd7944),
(1061, 4544, 42656, 0x36b17d83dc763928b602546a430275f3),
(1062, 4525, 42969, 0xab7eab72fbe63a1da4a5f83e58ad1147),
(1063, 4577, 42996, 0xa922ad167993389cb22b7ccd84671082),
(1064, 4570, 42934, 0x026da2da4ed23829a74310ef66a40de3),
(1065, 4526, 42970, 0x225a0a5b17c53640ab2c1dae83f29042),
(1066, 4588, 42866, 0xe01f9cd106063d2da0ca488222b8b137),
(1067, 4574, 42908, 0xac9796ff5c443fa8a533e987a514c496),
(1068, 4604, 42660, 0xfaa64fa6f5ab3cf4a8921829221cac1e),
(1069, 4600, 42848, 0xeef3657a72e631e491f25394706fec51),
(1070, 4614, 42794, 0xa56ed3c8f76734bd95eb1a33319717c7),
(1071, 4602, 43049, 0x65d843c381a93ba48ad65ec603620a23),
(1072, 4553, 43133, 0x45575f1cf80c30d1967f00defe6d3e76),
(1073, 4544, 42753, 0x2201c245e03f3e678c7d36b3266c236c),
(1074, 4536, 42752, 0xb74793e6b5fa33019272b99d536dc08c),
(1075, 4572, 42799, 0xcc2b1b8190713a49a5853f9a2f9bda28),
(1076, 4568, 43131, 0x5de5d849769c300183d3ab10bc0817a6),
(1077, 4601, 42875, 0x2c92974303123230b949facb967ed6c7),
(1078, 4538, 42962, 0xf3cc5f57846a3459a9fe780a723363b0),
(1079, 4568, 43113, 0x4fc18a8b94ab34eb933571651cb85c8e),
(1080, 4599, 43084, 0xd974cda8140530a5b420a54d52117dc8),
(1081, 4530, 43089, 0xfd5d427f68a232349fdfde397cb8979f),
(1082, 4519, 42891, 0x6abb3b2b1306314baf2fa6d97efa7f95),
(1083, 4547, 42688, 0xdbf2f72cafea38ddb4a5975a37496a2f),
(1084, 4605, 42951, 0xa66caa350046318abb6bc1b4aeb91a76),
(1085, 4544, 43081, 0x086a3402ca7a35608fbbfaf19faeff05),
(1086, 4582, 42870, 0x8e343b4ed4ae38a18018c6589dce917e),
(1087, 4532, 42818, 0xae9046ad8416323890529b7fa601bcac),
(1088, 4536, 42639, 0x9bc543163fcd37558688d44badc43298),
(1089, 4569, 42804, 0x22aea7f477b13764ada81d7b3b26a712),
(1090, 4610, 42946, 0x633aaef7b4da395fa09efe1e2013099d),
(1091, 4530, 43056, 0xa8d20e9b3c0d3c7ea41889fe6ba6e974),
(1092, 4547, 43048, 0x53ffde6dbfae3245bf0e8ef648ee69cc),
(1093, 4540, 42752, 0x2707956e5f67323d8a263af3b2345e6c),
(1094, 4600, 42969, 0xc4a23fd280333e77bd2e672ddfeb2a97),
(1095, 4612, 42996, 0xe8379ae6701637f98aafee1d32d1b65a),
(1096, 4556, 43107, 0x088b6082cad13cd69bf1f7550060ee7d),
(1097, 4605, 42929, 0x4645bbd90b3b379f84908543fc134142),
(1098, 4521, 42727, 0x576611ecbac63b748696fa5e1a78410d),
(1099, 4601, 42961, 0xf3a1fab489bf3c3fba71963dd4af386b),
(1100, 4584, 43134, 0xf3ad58e32ee93b50bf0dba7ebec26c32);

-- --------------------------------------------------------

--
-- Structure de la table `comic`
--

CREATE TABLE `comic` (
  `id` int(11) NOT NULL,
  `category_id` int(11) NOT NULL,
  `name` varchar(50) COLLATE utf8mb4_unicode_ci NOT NULL,
  `description` longtext COLLATE utf8mb4_unicode_ci NOT NULL,
  `picture` varchar(255) COLLATE utf8mb4_unicode_ci NOT NULL,
  `author` varchar(50) COLLATE utf8mb4_unicode_ci NOT NULL
) ENGINE=InnoDB DEFAULT CHARSET=utf8mb4 COLLATE=utf8mb4_unicode_ci;

--
-- Déchargement des données de la table `comic`
--

INSERT INTO `comic` (`id`, `category_id`, `name`, `description`, `picture`, `author`) VALUES
(4101, 1053, 'beatae', 'Hic impedit quis tempora omnis hic voluptate. Autem qui consequatur veniam qui non voluptas. Quis perspiciatis recusandae tempore necessitatibus et. Natus odit corporis quos eum. Enim enim est quia officia eos. Magni laborum similique voluptatem explicabo fuga et delectus rem.', 'https://images-na.ssl-images-amazon.com/images/I/71aGRDbG9WL.jpg', 'Vena Kshlerin'),
(4102, 1050, 'fuga aut eum amet', 'Enim repellendus ut ab qui ut perferendis. Et et nisi voluptatum quo inventore. Nam deserunt enim autem eum voluptates modi qui fugit. Sit ut accusantium ut quam magni. Voluptatum perferendis perspiciatis non voluptatibus. Sit voluptatum est quia ab. Modi qui maxime assumenda inventore voluptas.', 'https://static.wikia.nocookie.net/marveldatabase/images/d/d8/Deadpool_Vol_3_1.jpg/revision/latest?cb=20191227043225', 'Elsa Beer'),
(4103, 1062, 'cumque', 'Nisi est praesentium sed et inventore eveniet qui. Ut sit autem tempora. Odit expedita mollitia nihil vel voluptatem voluptatem voluptas. Eos quis odio eaque. Quod est dolores iste quasi ut quis reprehenderit. Architecto dolores deserunt eaque modi est. Aperiam error velit qui molestiae.', 'https://cdn2.originalcomics.fr/26776/buffy-contre-les-vampires-saison-8-tome-1-vf.jpg', 'Rocio Prohaska'),
(4104, 1049, 'quam eum aliquid', 'Tempora natus nobis suscipit doloribus expedita est sed. Unde atque qui cupiditate distinctio distinctio ab. Dolores odio aperiam ut nihil.', 'https://i0.wp.com/www.superpouvoir.com/wp-content/uploads/2021/04/Action-Comics-1033-cov-Sampere.jpg?resize=970%2C1491&ssl=1', 'Bryce Blanda'),
(4105, 1052, 'in voluptas et sequi', 'Cumque quas enim excepturi quia vero atque molestias. Magni non voluptas nostrum sunt. Ut rerum libero quibusdam facilis ipsum. Vel ratione nihil blanditiis esse. Omnis animi commodi iusto autem aut omnis dolores nam.', 'https://images.omerlocdn.com/resize?url=https%3A%2F%2Fgcm.omerlocdn.com%2Fproduction%2Fglobal%2Ffiles%2Fimage%2Fb4ddd4dd-70a1-4977-8a46-559f77b48ccc.jpg&width=1200&type=jpeg&stripmeta=true', 'Carson Ankunding'),
(4106, 1055, 'molestiae laboriosam', 'Ut odit iure ut. Rerum inventore esse reiciendis ut commodi consequuntur non. Porro ducimus molestiae id dignissimos fugiat quod. Qui magni iure architecto quibusdam officia.', 'https://i0.wp.com/www.superpouvoir.com/wp-content/uploads/2021/04/Action-Comics-1033-cov-Sampere.jpg?resize=970%2C1491&ssl=1', 'Keyshawn Cummerata'),
(4107, 1055, 'qui tempore exercitationem vel', 'Qui vel eum est et. Fugit molestiae eligendi commodi tempora. Ipsam enim laudantium animi iure. Provident quo adipisci est et. Delectus dolores numquam vel ut dolores.', 'https://i0.wp.com/www.superpouvoir.com/wp-content/uploads/2021/04/Action-Comics-1033-cov-Sampere.jpg?resize=970%2C1491&ssl=1', 'Devan Anderson'),
(4108, 1061, 'placeat', 'Ut a praesentium natus eius sapiente ut possimus in. Exercitationem vero nihil voluptatibus reprehenderit qui ullam modi. Et architecto deleniti earum.', 'https://bddi.2dcom.fr/LocalImageExists.php?ean=9782811215620&isize=full&gencod=3027166420000&key=DimetGmAYGQEsjiN', 'Alex Schaden'),
(4109, 1048, 'quia rerum', 'Aut dicta voluptate qui voluptatem. Recusandae autem qui voluptas officiis blanditiis explicabo. Distinctio et omnis magnam deleniti commodi. Maxime quia rerum iure neque reiciendis rerum dignissimos culpa. Consequatur aut recusandae dolores dolores voluptatum est consequatur atque.', 'https://cdnb.artstation.com/p/assets/images/images/012/822/497/large/alex-loken-cover.jpg?1536692282&dl=1', 'Maya Ortiz'),
(4110, 1053, 'temporibus accusamus suscipit quibusdam', 'Vitae quis sit fugiat ut quia. Occaecati voluptatem pariatur non sit vitae. Ut soluta et ipsam qui perspiciatis consectetur. Harum repudiandae quis et. Voluptas natus porro similique ullam vel est quis. Excepturi aliquid perspiciatis assumenda esse. Temporibus quis quia corrupti omnis.', 'https://images-na.ssl-images-amazon.com/images/I/81KsPBgzmtL.jpg', 'Rollin Marvin'),
(4111, 1047, 'non reiciendis neque adipisci', 'Dolorum autem labore adipisci numquam. Non quaerat culpa molestias rerum rem. Est omnis vel officiis id. Magnam dolorem recusandae velit velit quo qui aut est. Neque sunt vel consequatur tenetur quibusdam nihil voluptatem. Perspiciatis incidunt consequatur a fugit commodi.', 'https://terrigen-cdn-dev.marvel.com/content/prod/1x/avengers50_infinitysaga_variant.jpg', 'Bella Dach'),
(4112, 1059, 'beatae ea corrupti autem', 'Fugiat odio sint corrupti enim quaerat tenetur nobis. Sit quaerat saepe vel illo. Sint a architecto omnis molestiae ut fuga. At modi numquam beatae cumque. Optio et recusandae ut sit aut.', 'https://terrigen-cdn-dev.marvel.com/content/prod/1x/avengers50_infinitysaga_variant.jpg', 'Reva Harber'),
(4113, 1050, 'maxime voluptatem voluptatem atque', 'Id eius nihil dolorum. Sint aut totam quod. Excepturi ut incidunt rerum qui maiores. Ut omnis accusantium esse nostrum.', 'https://www.gamespot.com/a/uploads/original/1562/15626911/3002107-5032115-04-variant.jpg', 'Camden Kunde'),
(4114, 1061, 'quod', 'Voluptas ut et sint. Qui omnis qui ducimus fugiat facere dolorum dolore quia. Distinctio eum sit qui quo ut velit velit. Sed esse sint ipsum quis atque. Aperiam assumenda autem minus corporis. Ratione nam facilis tenetur.', 'https://c8.alamy.com/compfr/t27dd2/italie-1973-premiere-edition-de-marvel-comic-books-couvrir-de-captain-america-t27dd2.jpg', 'Marisol Leffler'),
(4115, 1062, 'aut', 'Qui pariatur necessitatibus illo dolorem ad natus nesciunt. Omnis optio ab ab sed ea omnis. Aut rem sed exercitationem qui molestiae et quos. Unde facere rerum ut molestiae similique.', 'https://i0.wp.com/www.superpouvoir.com/wp-content/uploads/2021/04/Action-Comics-1033-cov-Sampere.jpg?resize=970%2C1491&ssl=1', 'Pierce Brekke'),
(4116, 1056, 'quia', 'Nam veritatis aperiam nisi omnis reiciendis et. Nam maxime aliquid repellendus modi corporis consequatur. Similique eaque doloremque aperiam repellendus neque atque. Magnam labore ut suscipit est est veniam non.', 'https://c8.alamy.com/compfr/t27dd2/italie-1973-premiere-edition-de-marvel-comic-books-couvrir-de-captain-america-t27dd2.jpg', 'Mavis Moore'),
(4117, 1056, 'cupiditate voluptatem officia cupiditate', 'Possimus et officia qui aut ipsa. Rem necessitatibus qui consequatur qui molestiae quia autem enim. Ullam est distinctio quo iure laborum ut est. Asperiores nihil id est labore error. Atque modi vitae quas ut libero. Sed aut quos quia.', 'https://bddi.2dcom.fr/LocalImageExists.php?ean=9782811215620&isize=full&gencod=3027166420000&key=DimetGmAYGQEsjiN', 'Alyson Rolfson'),
(4118, 1049, 'amet amet in porro', 'Nihil est temporibus molestiae porro autem magnam. Ducimus provident et sint nobis est. Ut molestiae id ut cumque. Voluptatum voluptatem earum ut officia non.', 'https://terrigen-cdn-dev.marvel.com/content/prod/1x/avengers50_infinitysaga_variant.jpg', 'Cruz McDermott'),
(4119, 1053, 'quaerat corporis', 'Pariatur maiores totam ut in. Et eveniet saepe aspernatur officiis nisi est autem. Ad optio pariatur neque quis autem temporibus. Qui est est voluptatem porro delectus odit. Id voluptatem voluptatem aspernatur velit sit dolorum voluptas. Perspiciatis necessitatibus vero animi est eum.', 'https://cdn-products.eneba.com/resized-products/5jDEHg3wge1U7YZJVCOM2BTq98NC5lraxlc__mT3bIg_350x200_3x-0.jpeg', 'Brandyn Gaylord'),
(4120, 1049, 'voluptas eius', 'Delectus ut magnam aperiam qui enim. Dolorem qui aut aut ut delectus magni aut distinctio. Omnis laboriosam explicabo enim ut eos repudiandae. Dolorem et culpa quidem et perspiciatis ut. Tempora eligendi nihil repellat.', 'https://images-na.ssl-images-amazon.com/images/I/71aGRDbG9WL.jpg', 'Jerel Rice'),
(4121, 1061, 'qui accusamus vero quisquam', 'Optio vero perspiciatis inventore repellat aut ut. Fugiat quaerat voluptatem blanditiis unde atque velit est. Maiores quasi sit dolorum suscipit laboriosam.', 'https://www.gamespot.com/a/uploads/original/1562/15626911/3002107-5032115-04-variant.jpg', 'Mateo Wiegand'),
(4122, 1054, 'vero rerum accusamus dolor', 'Consequuntur natus cupiditate hic inventore totam tenetur similique. Molestiae maxime repellat totam expedita. In suscipit aliquid illo quibusdam. Ab porro error placeat aspernatur ab ut minus tempora.', 'https://cdn001.tintin.com/public/tintin/img/static/the-shooting-star/the-shooting-star.jpg', 'Lonny Frami'),
(4123, 1048, 'non magni', 'Sint odio nihil ea vel eum nulla. Ea illum minus voluptas aut neque dolorum totam voluptas. Eum temporibus id neque qui est. Voluptas quia praesentium perspiciatis in voluptas.', 'https://images-na.ssl-images-amazon.com/images/I/71aGRDbG9WL.jpg', 'Katrina Tremblay'),
(4124, 1047, 'voluptas nostrum aut magni', 'Error accusantium adipisci facilis. Ea rem incidunt necessitatibus sed labore. Quaerat repellendus perferendis et expedita. Fuga quod eaque ullam sit dolore.', 'https://terrigen-cdn-dev.marvel.com/content/prod/1x/avengers50_infinitysaga_variant.jpg', 'Chandler Lebsack'),
(4125, 1057, 'in', 'Voluptate molestiae sed ut. Quo eum est facilis aut velit voluptatem. Error eum dolor provident a. Nihil alias totam incidunt voluptatem autem. Et consequuntur beatae iure saepe quia sint at.', 'https://images-na.ssl-images-amazon.com/images/I/81KsPBgzmtL.jpg', 'Dorthy Walker'),
(4126, 1056, 'ut necessitatibus atque', 'Quas consequatur natus fugit vero. In fuga eos ipsa voluptatem fuga vel quibusdam. Et illo quis quos nesciunt nihil velit et. Voluptas quia officiis ducimus quo velit soluta qui. Nihil quis autem ipsum dolores incidunt sed. Corporis dolore in enim reiciendis.', 'https://images-na.ssl-images-amazon.com/images/S/cmx-images-prod/Item/279507/279507._SX1280_QL80_TTD_.jpg', 'Britney Gibson'),
(4127, 1060, 'quasi', 'Dolor error enim tempora itaque iusto. Labore iure assumenda facilis sequi optio et nesciunt. Laboriosam et dolorem sed adipisci ut. Dolorem voluptas aperiam quia amet atque.', 'https://shop.sergiobonelli.it/resizer/1000/-1/true/1491832832859.jpg--le_dieci_tribu___martin_mystere_350_cover.jpg?1491832835000', 'Albina Kuvalis'),
(4128, 1054, 'eos', 'Iusto dolore nobis et facilis et. Qui qui aut deserunt quae reprehenderit. Minima possimus aut vel ducimus non. Quo voluptatem totam aut similique. Numquam voluptatum a earum et. Rerum eligendi et eos quis. Nam cumque voluptas id fugit rerum. Ut voluptatem qui assumenda unde sequi aut vitae.', 'https://images-na.ssl-images-amazon.com/images/I/81KsPBgzmtL.jpg', 'Russel Steuber'),
(4129, 1058, 'voluptate eos', 'Est fugiat maiores voluptatem. Unde tenetur vero sed voluptatum quia. Quo quidem et exercitationem dolor nostrum iusto voluptates repellendus.', 'https://images-na.ssl-images-amazon.com/images/I/71aGRDbG9WL.jpg', 'Olin Legros'),
(4130, 1050, 'facere quia et', 'Ex quod voluptatem possimus molestiae. Et illo eligendi totam doloribus aliquid omnis. Blanditiis non quis nobis aliquam quia. Voluptatem eos dignissimos velit quasi ipsa. Qui quis sed dolores doloremque deserunt doloribus aut. Distinctio sunt iusto qui et doloribus quod animi dolor.', 'https://images-na.ssl-images-amazon.com/images/S/cmx-images-prod/Item/279507/279507._SX1280_QL80_TTD_.jpg', 'Christop Will'),
(4131, 1058, 'non impedit', 'Enim distinctio fuga corrupti sit ut dicta. Est repellendus autem sunt qui qui eaque. Voluptatem occaecati nihil eveniet nulla.', 'https://i0.wp.com/www.superpouvoir.com/wp-content/uploads/2021/04/Action-Comics-1033-cov-Sampere.jpg?resize=970%2C1491&ssl=1', 'Hubert Grant'),
(4132, 1048, 'tenetur', 'Est quia doloremque possimus nemo vitae. Facere eos aut iusto molestias dolor. Sit accusantium sed voluptatibus quo ut.', 'https://images-na.ssl-images-amazon.com/images/I/71aGRDbG9WL.jpg', 'Skyla Heathcote'),
(4133, 1046, 'voluptatibus magni ut', 'Nihil rerum voluptas sapiente natus nemo quia. Ab aliquam molestiae illum rerum labore. Sunt minus omnis a aperiam porro rerum adipisci nihil. Sunt qui aut omnis neque vel aut. Perspiciatis ut optio veritatis nisi ut ut et.', 'https://www.hallmark.com/dw/image/v2/AALB_PRD/on/demandware.static/-/Sites-hallmark-master/default/dw8ba9f1e5/images/finished-goods/Marvel-The-Amazing-SpiderMan-Comic-Book-Cover-Fathers-Day-Card-root-599FHE8966_PV.1.FHE8966.jpg_Source_Image.jpg?sw=1920', 'Roy Thiel'),
(4134, 1060, 'doloribus rerum', 'Possimus architecto dicta reiciendis ratione voluptas est. Exercitationem amet molestiae vel blanditiis totam sit. Dolor numquam quia sit odit praesentium quibusdam. Autem nostrum velit cumque et. Dolores recusandae ipsam error itaque numquam natus.', 'https://terrigen-cdn-dev.marvel.com/content/prod/1x/avengers50_infinitysaga_variant.jpg', 'Jennings Kohler'),
(4135, 1062, 'architecto corrupti et quos', 'Dolorem sed ab corrupti ut beatae et. Laudantium maiores laudantium provident nihil placeat. Ut minima quam odit accusantium eaque.', 'https://www.gamespot.com/a/uploads/original/1562/15626911/3002107-5032115-04-variant.jpg', 'Lou Nader'),
(4136, 1047, 'quo voluptatem incidunt aperiam', 'Numquam et et quidem qui ad numquam vero. Qui numquam veritatis rerum. Voluptate omnis dolor voluptate explicabo in a et. Animi fugiat ratione et quibusdam facilis. Totam minima quidem vitae nisi. Eveniet eos natus occaecati veritatis tenetur et veritatis. Sapiente voluptates facilis culpa non est.', 'https://cdn001.tintin.com/public/tintin/img/static/the-shooting-star/the-shooting-star.jpg', 'Leopoldo Gibson'),
(4137, 1051, 'omnis reiciendis nisi', 'Nisi quaerat voluptatem perferendis omnis. Porro ea qui rerum pariatur et officia quos. Est sit voluptatem deleniti suscipit optio ut facere. Molestiae minima quidem rerum tenetur qui recusandae. Eos odio in ut totam magni.', 'https://cdn001.tintin.com/public/tintin/img/static/the-shooting-star/the-shooting-star.jpg', 'Trever Sipes'),
(4138, 1051, 'recusandae nihil', 'Doloremque dicta quasi animi ducimus sed. Perspiciatis architecto quasi sed ut laudantium necessitatibus. Nam repellendus magnam libero ratione. Qui molestiae sed quia. Est non possimus voluptate voluptatem.', 'https://mlpnk72yciwc.i.optimole.com/cqhiHLc.WqA8~2eefa/w:auto/h:auto/q:75/https://bleedingcool.com/wp-content/uploads/2020/09/TWDDLX01_Adams-Cover.jpg', 'Ryan Legros'),
(4139, 1061, 'veritatis sed dolore aliquid', 'Eaque quisquam repellendus quia ipsam et. Voluptatibus molestiae corrupti velit perferendis ullam facere. Ullam voluptas repellat explicabo id ut voluptatum error qui.', 'https://bddi.2dcom.fr/LocalImageExists.php?ean=9782811215620&isize=full&gencod=3027166420000&key=DimetGmAYGQEsjiN', 'Ines Koch'),
(4140, 1059, 'culpa maxime', 'Sunt dignissimos dolore quis voluptatem sed. Ad a nulla vel porro. Quod aliquam veniam quas sequi voluptas dolores. Autem et amet nostrum veniam.', 'https://cdnb.artstation.com/p/assets/images/images/012/822/497/large/alex-loken-cover.jpg?1536692282&dl=1', 'Narciso McDermott'),
(4141, 1054, 'tempore officiis et', 'Facere est consequuntur quam ut. Commodi qui esse nam. Consequuntur dolores omnis enim repellat. Omnis eveniet quas architecto ducimus consequuntur commodi molestiae placeat. Excepturi architecto saepe itaque voluptates. Officiis consequatur quia deleniti. Voluptatem blanditiis et sint commodi.', 'https://cdn-products.eneba.com/resized-products/5jDEHg3wge1U7YZJVCOM2BTq98NC5lraxlc__mT3bIg_350x200_3x-0.jpeg', 'Noah Metz'),
(4142, 1058, 'qui omnis et cum', 'Tempore et dolore delectus aliquam exercitationem. Ut quo rerum aut. Eos aut reiciendis atque et. Et accusantium minus sit. Rerum praesentium modi eos et minus. Vel sed id est laborum. Fugiat tenetur odit vero. Libero labore amet sequi voluptatum quas perferendis.', 'https://static.wikia.nocookie.net/marveldatabase/images/d/d8/Deadpool_Vol_3_1.jpg/revision/latest?cb=20191227043225', 'Wilber Kutch'),
(4143, 1057, 'rerum', 'Iusto rerum ea accusamus ipsam quis. Blanditiis unde aut labore quis illum ipsa ut. Ab dolores molestiae porro repudiandae dignissimos. Illum vero quia incidunt laudantium. Iure odio maxime molestiae reprehenderit est odio enim.', 'https://cdn001.tintin.com/public/tintin/img/static/the-shooting-star/the-shooting-star.jpg', 'Jaylen Ebert'),
(4144, 1060, 'magni at velit', 'Et totam quae maiores. Distinctio et qui pariatur ut omnis aut vel.', 'https://www.dccomics.com/sites/default/files/imce/2021/11-NOV/BM_Cv118_1in25_var_618447d1a5e754.72998228.jpg', 'Alfred Kilback'),
(4145, 1062, 'enim', 'Sed non commodi doloremque quibusdam alias. Praesentium iusto amet alias earum aliquam aliquid repellat. Ut dicta rem eos soluta sit soluta.', 'https://cdnb.artstation.com/p/assets/images/images/012/822/497/large/alex-loken-cover.jpg?1536692282&dl=1', 'Rachel Kilback'),
(4146, 1058, 'adipisci odio', 'Illum nihil molestiae maiores fuga ullam quas aut. Ipsa itaque impedit nihil vel dolorem velit non. Maiores enim aut ut. Non est qui vel. Sint explicabo qui nulla ad. At sapiente id magni nihil cumque ut.', 'https://shop.sergiobonelli.it/resizer/1000/-1/true/1491832832859.jpg--le_dieci_tribu___martin_mystere_350_cover.jpg?1491832835000', 'Destini Haag'),
(4147, 1059, 'ipsum sit', 'At quos possimus eum ut rerum. Nam aperiam et voluptates nisi autem explicabo enim officiis. Magnam at quod deserunt in quasi quidem sint. Soluta nobis ipsam soluta sint dicta ut et.', 'https://c8.alamy.com/compfr/t27dd2/italie-1973-premiere-edition-de-marvel-comic-books-couvrir-de-captain-america-t27dd2.jpg', 'Burley Farrell'),
(4148, 1050, 'mollitia', 'Omnis quis soluta rerum corporis quibusdam non. Dolorem eos est quia doloremque ad dignissimos debitis. Dolorem dolor itaque fugiat ut. Et id ut quia in excepturi. Modi et fugit quia rerum quis. Consectetur numquam minus optio explicabo repellat sed quis vel. Similique et fuga et id earum et.', 'https://cdn-products.eneba.com/resized-products/5jDEHg3wge1U7YZJVCOM2BTq98NC5lraxlc__mT3bIg_350x200_3x-0.jpeg', 'America Hauck'),
(4149, 1058, 'at quia mollitia', 'Quod neque id et. Repellendus dolorem alias aperiam odio. Voluptas ex pariatur earum voluptatum mollitia rem facilis. Corporis nam eveniet provident similique praesentium. Vitae a qui quod incidunt voluptatem nisi. Modi soluta similique libero expedita.', 'https://www.dccomics.com/sites/default/files/imce/2021/11-NOV/BM_Cv118_1in25_var_618447d1a5e754.72998228.jpg', 'Fredy Cremin'),
(4150, 1056, 'delectus est est nihil', 'Commodi ipsum aliquam cupiditate et cumque magnam. Sit ad itaque sed excepturi blanditiis consequatur. Ea quibusdam quaerat aut natus quo aut a. Officiis voluptas corrupti distinctio quo. Architecto ut neque voluptas dolorum asperiores.', 'https://images-na.ssl-images-amazon.com/images/S/cmx-images-prod/Item/279507/279507._SX1280_QL80_TTD_.jpg', 'Sally Casper'),
(4151, 1050, 'repellendus', 'Excepturi vitae ut facere incidunt. Dolore ratione est ex odio eum. In aliquid iste aut. Architecto molestiae quisquam odit esse. Repellat et tenetur et ut minus ex est. Excepturi possimus et sint quo inventore officiis adipisci.', 'https://bddi.2dcom.fr/LocalImageExists.php?ean=9782811215620&isize=full&gencod=3027166420000&key=DimetGmAYGQEsjiN', 'Samir Swaniawski'),
(4152, 1051, 'aut sed', 'Alias et sit voluptates sequi non numquam quo. Ut est quod vitae sed cupiditate quod. Animi consequuntur fuga ut voluptatem quia iure nobis. Eaque deleniti voluptatem et et et dolores placeat.', 'https://bddi.2dcom.fr/LocalImageExists.php?ean=9782811215620&isize=full&gencod=3027166420000&key=DimetGmAYGQEsjiN', 'Dave Lynch'),
(4153, 1047, 'ut nam', 'Distinctio magni optio facere consequuntur impedit. Enim deleniti officiis autem doloremque possimus. Dolorem beatae dicta officia magnam dolore rerum ut. Quae ea in laboriosam eos laborum. Maxime corporis impedit doloribus. Et minus in magnam sequi necessitatibus iste labore eaque.', 'https://c8.alamy.com/compfr/t27dd2/italie-1973-premiere-edition-de-marvel-comic-books-couvrir-de-captain-america-t27dd2.jpg', 'Gwen Sipes'),
(4154, 1061, 'eveniet reiciendis fugit', 'Corporis iste eveniet dolore. Voluptas aperiam dolore sunt natus. Consectetur enim excepturi qui pariatur. Blanditiis vitae rerum exercitationem odio. Qui ut in aperiam voluptatibus asperiores iste repellat. Omnis mollitia ut delectus nihil nisi aut esse.', 'https://images-na.ssl-images-amazon.com/images/S/cmx-images-prod/Item/279507/279507._SX1280_QL80_TTD_.jpg', 'Edyth Harris'),
(4155, 1049, 'et aspernatur', 'Ullam libero officiis nemo similique quae iusto quia. Autem quas voluptatem sit neque sed deleniti. Porro impedit libero velit dolorem autem. Non in enim id qui odit.', 'https://images-na.ssl-images-amazon.com/images/S/cmx-images-prod/Item/279507/279507._SX1280_QL80_TTD_.jpg', 'Raphael Ankunding'),
(4156, 1062, 'incidunt', 'Eos dolor a dolorum aut in nemo repudiandae sit. Non possimus quo mollitia ipsa dolor dolores qui. Id sint eligendi commodi nulla inventore. Beatae qui velit omnis in inventore molestiae quod. Qui tenetur quo est fuga nesciunt. Delectus corrupti voluptas expedita.', 'https://www.gamespot.com/a/uploads/original/1562/15626911/3002107-5032115-04-variant.jpg', 'Mark Jacobi'),
(4157, 1047, 'vel', 'Architecto corporis eveniet itaque maxime ut eum. Delectus enim dolor consequuntur et. Nihil a laborum id voluptatum dolore harum. Quia animi fugit eaque sed quas et ut fugiat. Dignissimos quia eaque doloremque. Sit inventore libero provident neque ratione aliquid.', 'https://www.dccomics.com/sites/default/files/imce/2021/11-NOV/BM_Cv118_1in25_var_618447d1a5e754.72998228.jpg', 'Leanna Pfeffer'),
(4158, 1062, 'in quam atque molestiae', 'Quia culpa nesciunt incidunt hic dolorem quia aut aut. Ea voluptatem veniam corrupti vitae perferendis quis. Amet minus molestias impedit doloribus nihil. Et esse reprehenderit quasi molestiae sit qui.', 'https://shop.sergiobonelli.it/resizer/1000/-1/true/1491832832859.jpg--le_dieci_tribu___martin_mystere_350_cover.jpg?1491832835000', 'Tracey Bernier'),
(4159, 1057, 'facere eum autem praesentium', 'Ut et nostrum temporibus ullam pariatur velit omnis. Possimus sed dicta reprehenderit rerum id aut ut libero. Vitae corporis assumenda et voluptatem nesciunt. Tempore delectus quia et voluptas explicabo et. Natus dolorum nihil quia est.', 'https://shop.sergiobonelli.it/resizer/1000/-1/true/1491832832859.jpg--le_dieci_tribu___martin_mystere_350_cover.jpg?1491832835000', 'Zoie Hoeger'),
(4160, 1059, 'animi', 'Voluptatum voluptatem et totam quos. Et ipsum aliquam aut modi magnam. Commodi sint assumenda et. Officiis rerum nostrum reiciendis voluptas.', 'https://images-na.ssl-images-amazon.com/images/I/81KsPBgzmtL.jpg', 'Maureen Muller'),
(4161, 1060, 'qui suscipit minima', 'Dolor et ipsam sed eos. Quod assumenda et ipsum et deserunt commodi nobis. Est cupiditate facilis hic vitae quidem aut doloremque. Quia aut dolores totam cum corporis fugiat. Voluptas quo voluptate numquam. Quam nam facilis quisquam. Accusamus sit totam ut vel aspernatur odio.', 'https://images-na.ssl-images-amazon.com/images/I/71aGRDbG9WL.jpg', 'Pete Hand'),
(4162, 1058, 'provident', 'Eius laudantium dignissimos magnam harum corrupti asperiores. Id asperiores accusamus fugit molestiae molestiae. Molestiae tempora id modi perspiciatis quis. Aut quidem suscipit eveniet. Quisquam in vel necessitatibus.', 'https://static.wikia.nocookie.net/marveldatabase/images/d/d8/Deadpool_Vol_3_1.jpg/revision/latest?cb=20191227043225', 'Velma Kuhic'),
(4163, 1062, 'eos assumenda quia', 'Voluptates eaque eum quas quasi qui ea ducimus placeat. Quasi ducimus expedita magnam cumque sequi sunt.', 'https://c8.alamy.com/compfr/t27dd2/italie-1973-premiere-edition-de-marvel-comic-books-couvrir-de-captain-america-t27dd2.jpg', 'Helmer Schowalter'),
(4164, 1053, 'quia', 'Inventore qui id eaque repellat consequatur accusamus. Illum et earum non excepturi. Quam non veritatis id ut commodi officiis maiores.', 'https://i0.wp.com/www.superpouvoir.com/wp-content/uploads/2021/04/Action-Comics-1033-cov-Sampere.jpg?resize=970%2C1491&ssl=1', 'Josie Pfannerstill'),
(4165, 1054, 'necessitatibus deserunt vel incidunt', 'Numquam exercitationem dignissimos sed repudiandae occaecati labore sint. Voluptatem voluptas voluptas cupiditate quisquam. Labore quae itaque optio at ipsum consequatur et.', 'https://i0.wp.com/www.superpouvoir.com/wp-content/uploads/2021/04/Action-Comics-1033-cov-Sampere.jpg?resize=970%2C1491&ssl=1', 'Brielle Maggio'),
(4166, 1056, 'non sed iure nesciunt', 'Rerum recusandae ducimus amet est. Vero sed aut magni. Cumque consequuntur eaque incidunt dolorum non id saepe. Eveniet odio doloribus et. Quod quia explicabo eum ut qui et. Saepe ut et vero incidunt omnis illo. Illum eos assumenda iure molestiae vel vitae et.', 'https://www.gamespot.com/a/uploads/original/1562/15626911/3002107-5032115-04-variant.jpg', 'Helmer Gibson'),
(4167, 1049, 'recusandae et qui sapiente', 'Aut voluptatibus omnis sunt non dolorum itaque sit. Ducimus sit asperiores et provident ea odit. Atque velit quas reiciendis et voluptatibus perspiciatis. Ex soluta expedita esse vel sed placeat repudiandae.', 'https://images-na.ssl-images-amazon.com/images/I/71aGRDbG9WL.jpg', 'Aiyana Walsh'),
(4168, 1046, 'omnis ex quod', 'Qui eveniet ullam odio sed. Tenetur eveniet consequatur aperiam. Ab dolorem voluptatibus non similique fugit architecto temporibus. Tempore ut maiores recusandae veniam perspiciatis non error dolor.', 'https://www.dccomics.com/sites/default/files/imce/2021/11-NOV/BM_Cv118_1in25_var_618447d1a5e754.72998228.jpg', 'Asia Rempel'),
(4169, 1047, 'cum odio', 'Minus modi dicta aut qui qui aspernatur. Doloremque quos magni nam ex. Omnis eum veniam tempore quo totam eligendi. Sint totam velit reprehenderit voluptatem id. Sit aut vero dolorum. Omnis quo illum est.', 'https://cdn-products.eneba.com/resized-products/5jDEHg3wge1U7YZJVCOM2BTq98NC5lraxlc__mT3bIg_350x200_3x-0.jpeg', 'Christ Donnelly'),
(4170, 1056, 'officia unde', 'Cumque vel molestias dolores. Sapiente autem quo occaecati neque facilis. Et incidunt dignissimos est et ratione ad. Quod et repellat accusamus reiciendis architecto. Et ut non quis tempore. Quia est non rem est. Sit ipsam voluptates aut voluptas praesentium tempore.', 'https://cdn001.tintin.com/public/tintin/img/static/the-shooting-star/the-shooting-star.jpg', 'Ruthe Thompson'),
(4171, 1054, 'sit minus', 'Est iste et fugit tempora ipsum rerum. Placeat dignissimos dolore beatae possimus quo sed. Est distinctio voluptas laboriosam aut sit veniam odit in. Excepturi architecto consectetur quia eum dignissimos est voluptatem.', 'https://bddi.2dcom.fr/LocalImageExists.php?ean=9782811215620&isize=full&gencod=3027166420000&key=DimetGmAYGQEsjiN', 'Lina Kessler'),
(4172, 1054, 'iste non dolor', 'Natus consequatur ipsa sequi rerum suscipit error. Minus officiis doloremque reprehenderit suscipit. Incidunt corrupti sunt voluptatem itaque. Earum velit assumenda eum officiis.', 'https://www.gamespot.com/a/uploads/original/1562/15626911/3002107-5032115-04-variant.jpg', 'Ayana Stiedemann'),
(4173, 1062, 'odio ea', 'Dolores hic quidem minus quo quia saepe. Omnis autem distinctio velit ut sunt. Occaecati saepe qui atque totam deserunt non. Eos ipsam aliquam error nesciunt. Fugiat quasi qui incidunt assumenda. Impedit vel qui aut quas sit et. Ut quia minima repellendus accusantium asperiores dolorem atque.', 'https://bddi.2dcom.fr/LocalImageExists.php?ean=9782811215620&isize=full&gencod=3027166420000&key=DimetGmAYGQEsjiN', 'Adriana Gislason'),
(4174, 1052, 'quos omnis voluptas nobis', 'Vel consequatur ut qui distinctio aspernatur necessitatibus. Excepturi sequi odio non tenetur hic perferendis. Laboriosam consequatur quam labore dolorem consectetur commodi odio. Placeat porro qui velit. Qui sapiente enim earum velit non. Quod autem quisquam rerum natus unde.', 'https://images-na.ssl-images-amazon.com/images/I/71aGRDbG9WL.jpg', 'Madison Mraz'),
(4175, 1055, 'dolorum corrupti qui', 'Dolore sed qui hic impedit est dolorem deserunt. Et culpa at delectus. Veritatis aut sunt ipsum et. Saepe eius eius veritatis. Quam veniam alias laboriosam corporis neque in illum. Et laudantium adipisci earum non. Cupiditate voluptatibus necessitatibus at velit libero soluta.', 'https://bddi.2dcom.fr/LocalImageExists.php?ean=9782811215620&isize=full&gencod=3027166420000&key=DimetGmAYGQEsjiN', 'Sandra Bashirian'),
(4176, 1058, 'et quae quasi', 'Aspernatur nostrum non quibusdam quia placeat tenetur. Ut et iste distinctio eligendi est. Vero quisquam sint exercitationem non non sint officia. Recusandae id dolores est dicta minima dolores in.', 'https://shop.sergiobonelli.it/resizer/1000/-1/true/1491832832859.jpg--le_dieci_tribu___martin_mystere_350_cover.jpg?1491832835000', 'Ashly Kunde'),
(4177, 1056, 'eligendi dolorum', 'Accusantium fugit omnis quas tenetur. Ut quae nemo nulla iste. Iure sed alias quia quia consectetur quae et accusantium. Non dolores sed sunt. Veritatis est aliquid et sit. Placeat aut repellat iste vel. Nihil officiis est cupiditate laudantium aut aut.', 'https://images-na.ssl-images-amazon.com/images/S/cmx-images-prod/Item/279507/279507._SX1280_QL80_TTD_.jpg', 'Rose Nader'),
(4178, 1054, 'excepturi', 'Officiis ut magni numquam consequatur dignissimos doloremque ut voluptates. Libero quasi totam tempore temporibus cumque veritatis eius. Tempora molestiae cupiditate iste doloribus.', 'https://terrigen-cdn-dev.marvel.com/content/prod/1x/avengers50_infinitysaga_variant.jpg', 'Lillie Rath'),
(4179, 1047, 'corrupti', 'Provident deleniti omnis quasi necessitatibus numquam. Error molestiae at recusandae aliquam. Omnis illum omnis magnam aliquid aut. Id beatae et rerum tempore rerum eum. Facilis quo aut neque ut. Laborum magnam asperiores quis incidunt. Vitae similique amet qui et.', 'https://c8.alamy.com/compfr/t27dd2/italie-1973-premiere-edition-de-marvel-comic-books-couvrir-de-captain-america-t27dd2.jpg', 'Gennaro Mitchell'),
(4180, 1046, 'aliquid sunt debitis', 'Est rem possimus exercitationem corrupti fugiat voluptatem. Odio totam architecto adipisci excepturi nisi dicta est. Consequatur aut voluptate vero temporibus. Ut enim delectus hic et maxime omnis cumque.', 'https://www.gamespot.com/a/uploads/original/1562/15626911/3002107-5032115-04-variant.jpg', 'Sigurd Schmitt'),
(4181, 1051, 'iure consectetur officiis doloribus', 'Temporibus nesciunt excepturi aut placeat dolores itaque quaerat esse. Repudiandae reprehenderit et adipisci ut. Totam veniam est quibusdam sed corrupti nobis. Praesentium natus eius corrupti in voluptatem.', 'https://images-na.ssl-images-amazon.com/images/I/81KsPBgzmtL.jpg', 'Jasper Hills'),
(4182, 1052, 'provident quasi', 'Est iure praesentium voluptatibus neque quidem. Laboriosam omnis ipsa ipsam. Praesentium id quibusdam error excepturi cumque.', 'https://cdn-products.eneba.com/resized-products/5jDEHg3wge1U7YZJVCOM2BTq98NC5lraxlc__mT3bIg_350x200_3x-0.jpeg', 'Dagmar Terry'),
(4183, 1050, 'vitae optio', 'Sit facere cupiditate accusamus qui magni et. Eum hic est ut doloremque rerum voluptatibus. Ducimus delectus eum magni eveniet officia numquam qui. A voluptatem maxime nesciunt est quisquam similique laborum.', 'https://www.gamespot.com/a/uploads/original/1562/15626911/3002107-5032115-04-variant.jpg', 'Jefferey Cruickshank'),
(4184, 1053, 'hic dolores', 'Est odit fugit earum aliquid. Quisquam voluptatum sit voluptates quae. Corrupti voluptate voluptatum accusantium ea dolores id. Sed consequatur sunt asperiores vero eligendi in repudiandae.', 'https://www.dccomics.com/sites/default/files/imce/2021/11-NOV/BM_Cv118_1in25_var_618447d1a5e754.72998228.jpg', 'Bell Torp'),
(4185, 1051, 'voluptatem libero earum rem', 'Incidunt sit placeat natus et nemo voluptatem. Facere tempore ut saepe assumenda quidem accusamus autem. Quaerat et laboriosam sapiente.', 'https://cdnb.artstation.com/p/assets/images/images/012/822/497/large/alex-loken-cover.jpg?1536692282&dl=1', 'Judy West'),
(4186, 1053, 'corrupti', 'Soluta nam veritatis maxime et ut et rerum. Asperiores error adipisci blanditiis molestias tempore hic nulla. Et maiores in repudiandae sed. Quam nam dolorem dignissimos quas qui ea quasi. Quasi est porro sunt quae enim. Voluptas accusamus omnis explicabo ut. Vero rem delectus cum sed.', 'https://shop.sergiobonelli.it/resizer/1000/-1/true/1491832832859.jpg--le_dieci_tribu___martin_mystere_350_cover.jpg?1491832835000', 'Sigurd Hermann'),
(4187, 1058, 'quis doloribus expedita', 'Fugit et a accusantium ab officiis. Quae iste temporibus ut. Iure esse fuga autem est molestiae et a quo. Et quia ea at reprehenderit aut iste officiis.', 'https://mlpnk72yciwc.i.optimole.com/cqhiHLc.WqA8~2eefa/w:auto/h:auto/q:75/https://bleedingcool.com/wp-content/uploads/2020/09/TWDDLX01_Adams-Cover.jpg', 'Lemuel McClure'),
(4188, 1046, 'id', 'Consequatur aliquid odit aut numquam. Neque aut quisquam dolor fuga ut sunt aliquam. Quam et est et facilis iste voluptate. Magni doloribus sit voluptas voluptatibus non voluptatem.', 'https://c8.alamy.com/compfr/t27dd2/italie-1973-premiere-edition-de-marvel-comic-books-couvrir-de-captain-america-t27dd2.jpg', 'Lera Macejkovic'),
(4189, 1062, 'magnam incidunt asperiores', 'Ut ex deleniti laudantium pariatur. Sed facilis dolorem possimus repellendus vel repellat at. Placeat consequatur eaque et laboriosam vero in veritatis quia. Omnis harum ducimus sit fugit culpa non ut.', 'https://images-na.ssl-images-amazon.com/images/S/cmx-images-prod/Item/279507/279507._SX1280_QL80_TTD_.jpg', 'Amya Howe'),
(4190, 1057, 'sequi iusto qui', 'Aliquam veritatis cumque est soluta ut quia incidunt. Dolorem id ut saepe qui corrupti error. Est nostrum alias sunt odit dolores rerum voluptate.', 'https://bddi.2dcom.fr/LocalImageExists.php?ean=9782811215620&isize=full&gencod=3027166420000&key=DimetGmAYGQEsjiN', 'Darron Bernhard'),
(4191, 1055, 'aut', 'Voluptatem optio ratione neque. Perspiciatis vel et asperiores. Harum et consequatur dolorem inventore totam id ullam. Minus magnam voluptate possimus. Modi voluptatem est ut iure. Natus veritatis fugiat error dicta dolores quos.', 'https://static.wikia.nocookie.net/marveldatabase/images/d/d8/Deadpool_Vol_3_1.jpg/revision/latest?cb=20191227043225', 'Candida Douglas'),
(4192, 1060, 'et id assumenda sunt', 'Asperiores corporis magni sed explicabo qui. Sit et animi consequatur dolore quas fuga eaque.', 'https://cdn2.originalcomics.fr/26776/buffy-contre-les-vampires-saison-8-tome-1-vf.jpg', 'Kacey DuBuque'),
(4193, 1054, 'neque', 'Magni aut doloremque optio minus. Deserunt dolor reprehenderit cumque provident accusamus. Possimus aliquam ea dolore quisquam fugit laudantium. Perspiciatis expedita vel magnam qui recusandae rerum qui.', 'https://cdn2.originalcomics.fr/26776/buffy-contre-les-vampires-saison-8-tome-1-vf.jpg', 'Whitney Zboncak'),
(4194, 1051, 'doloribus veritatis', 'Perferendis debitis dolorum nisi et. Amet illo architecto atque. Deleniti temporibus quo et sit omnis suscipit voluptatum. Quasi porro ad repellendus laborum. Nam et nihil voluptatem consequatur. Perspiciatis est aut illo et eum aspernatur. Unde dolor voluptas neque.', 'https://cdn-products.eneba.com/resized-products/5jDEHg3wge1U7YZJVCOM2BTq98NC5lraxlc__mT3bIg_350x200_3x-0.jpeg', 'Anne Bednar'),
(4195, 1061, 'dolor voluptatem rem ut', 'Accusantium nobis quo molestiae fuga omnis. Distinctio et porro voluptas velit voluptatem nulla. Veritatis ipsa excepturi harum qui. Exercitationem sapiente illo eius corporis consequatur eos cum.', 'https://mlpnk72yciwc.i.optimole.com/cqhiHLc.WqA8~2eefa/w:auto/h:auto/q:75/https://bleedingcool.com/wp-content/uploads/2020/09/TWDDLX01_Adams-Cover.jpg', 'Skyla Ferry'),
(4196, 1054, 'repellendus fuga officia', 'Et enim magnam ratione voluptas. Consequatur velit omnis pariatur cum. Asperiores laudantium soluta atque ut. Quos et sed omnis. A consequuntur odit autem ullam sint quia et. Ratione qui est similique rerum nihil expedita quis.', 'https://cdn001.tintin.com/public/tintin/img/static/the-shooting-star/the-shooting-star.jpg', 'Chesley Ankunding'),
(4197, 1049, 'omnis ipsum', 'Et omnis voluptas animi aut ut eum sapiente. Id aut nam molestiae laborum. Quas et aut a cupiditate aliquam odit quo. Dolor harum exercitationem corporis et mollitia est est.', 'https://c8.alamy.com/compfr/t27dd2/italie-1973-premiere-edition-de-marvel-comic-books-couvrir-de-captain-america-t27dd2.jpg', 'Joana Schroeder'),
(4198, 1053, 'modi quos velit voluptatem', 'Recusandae quia et exercitationem possimus soluta. Ex optio perspiciatis voluptatem non. Pariatur laudantium beatae inventore perspiciatis. Libero pariatur enim eaque ut. Facere voluptas nihil consequatur dignissimos perferendis. Est iusto autem qui omnis asperiores quia.', 'https://terrigen-cdn-dev.marvel.com/content/prod/1x/avengers50_infinitysaga_variant.jpg', 'Bernie Bayer'),
(4199, 1047, 'nulla ipsum', 'Eos quam exercitationem placeat nihil non at aut. Earum quisquam quibusdam voluptates consequatur odit velit dolorem. Deleniti labore ullam eligendi odit cumque.', 'https://images.omerlocdn.com/resize?url=https%3A%2F%2Fgcm.omerlocdn.com%2Fproduction%2Fglobal%2Ffiles%2Fimage%2Fb4ddd4dd-70a1-4977-8a46-559f77b48ccc.jpg&width=1200&type=jpeg&stripmeta=true', 'Deron Olson'),
(4200, 1060, 'et quia officia', 'Cumque et libero delectus sed qui ex. Ipsa ex ut accusamus odit. Placeat ducimus quidem nisi harum autem inventore cum.', 'https://shop.sergiobonelli.it/resizer/1000/-1/true/1491832832859.jpg--le_dieci_tribu___martin_mystere_350_cover.jpg?1491832835000', 'Faustino Simonis');

-- --------------------------------------------------------

--
-- Structure de la table `comic_category`
--

CREATE TABLE `comic_category` (
  `id` int(11) NOT NULL,
  `name` varchar(50) COLLATE utf8mb4_unicode_ci NOT NULL
) ENGINE=InnoDB DEFAULT CHARSET=utf8mb4 COLLATE=utf8mb4_unicode_ci;

--
-- Déchargement des données de la table `comic_category`
--

INSERT INTO `comic_category` (`id`, `name`) VALUES
(1045, 'Action / Aventure'),
(1046, 'Humoristique'),
(1047, 'Fantastique'),
(1048, 'Heroic Fantasy'),
(1049, 'Policier / Enquête'),
(1050, 'Historique'),
(1051, 'Horreur'),
(1052, 'Arts Martiaux'),
(1053, 'Musical'),
(1054, 'Romance'),
(1055, 'Science Fiction'),
(1056, 'Sports'),
(1057, 'Espionnage'),
(1058, 'Steampunk'),
(1059, 'Superhero'),
(1060, 'Ados'),
(1061, 'Guerre'),
(1062, 'Western');

-- --------------------------------------------------------

--
-- Structure de la table `doctrine_migration_versions`
--

CREATE TABLE `doctrine_migration_versions` (
  `version` varchar(191) COLLATE utf8_unicode_ci NOT NULL,
  `executed_at` datetime DEFAULT NULL,
  `execution_time` int(11) DEFAULT NULL
) ENGINE=InnoDB DEFAULT CHARSET=utf8 COLLATE=utf8_unicode_ci;

--
-- Déchargement des données de la table `doctrine_migration_versions`
--

INSERT INTO `doctrine_migration_versions` (`version`, `executed_at`, `execution_time`) VALUES
('DoctrineMigrations\\Version20220106115344', '2022-01-06 11:55:50', 1060);

-- --------------------------------------------------------

--
-- Structure de la table `event`
--

CREATE TABLE `event` (
  `id` int(11) NOT NULL,
  `category_id` int(11) NOT NULL,
  `place_id` int(11) DEFAULT NULL,
  `owner_id` int(11) NOT NULL,
  `name` varchar(100) COLLATE utf8mb4_unicode_ci NOT NULL,
  `description` longtext COLLATE utf8mb4_unicode_ci NOT NULL,
  `picture` varchar(255) COLLATE utf8mb4_unicode_ci NOT NULL,
  `start_at` datetime NOT NULL,
  `end_at` datetime NOT NULL,
  `capacity` int(11) DEFAULT NULL
) ENGINE=InnoDB DEFAULT CHARSET=utf8mb4 COLLATE=utf8mb4_unicode_ci;

--
-- Déchargement des données de la table `event`
--

INSERT INTO `event` (`id`, `category_id`, `place_id`, `owner_id`, `name`, `description`, `picture`, `start_at`, `end_at`, `capacity`) VALUES
(4517, 643, 8870, 42999, 'explicabo minima atque nostrum quisquam quia', 'Ratione nostrum ad qui non. Hic saepe numquam natus provident similique quis numquam. Pariatur ut ut blanditiis repellat. Autem optio ex quaerat nobis doloribus doloremque illum. Eos vitae rem aut dolor sequi. Tempore molestias ex totam maxime.', 'https://www.poilsdemartre.fr/medias/images/japan-touch.jpg', '2022-05-23 15:59:56', '2022-05-26 09:36:14', 192),
(4518, 642, 8878, 43039, 'quis tenetur eligendi incidunt nihil ex mollitia', 'Rerum nesciunt sunt rerum a dolor. Dicta architecto natus vel. Voluptatem quia et omnis exercitationem voluptatem earum. Officiis eum quae atque suscipit nihil. Id et nobis iure rerum sequi. Ut dolorem ullam qui labore incidunt quasi.', 'https://www.realite-virtuelle.com/wp-content/uploads/2020/11/pokemon-go-milliard-revenus.jpg', '2022-06-02 10:45:57', '2022-06-04 10:33:52', 161),
(4519, 642, 8929, 42953, 'et dolores et sed voluptatem', 'Explicabo et asperiores illo. Magni explicabo sit fugiat vel sed et. Non laborum a porro neque dolores deleniti. Eos et voluptas quam pariatur. Molestiae et suscipit ut non rerum suscipit ex. Rerum soluta in modi amet commodi ut qui. Et vel velit eveniet ea tempora.', 'https://pbs.twimg.com/media/EECAyk7W4AAQP9w.jpg', '2022-05-30 03:40:50', '2022-05-31 21:43:39', 115),
(4520, 642, 8941, 43095, 'ipsam eius ut consequuntur fuga', 'Explicabo quia doloribus iste aliquid ipsam. Quis tempore exercitationem suscipit numquam qui enim. Suscipit non illum quia alias. Nam ut eos soluta nam nulla.', 'https://fr.web.img2.acsta.net/newsv7/20/06/30/12/28/5740456.jpg', '2022-02-07 08:02:25', '2022-02-09 00:12:39', 289),
(4521, 643, NULL, 42684, 'laboriosam est modi nam', 'Inventore nisi fuga distinctio amet doloremque alias. Quisquam sapiente repudiandae asperiores ea sunt vero. Dolores reprehenderit et sapiente aut labore. Voluptatum veritatis voluptatem et quibusdam maxime ut rerum.', 'https://www.miraigamers.com/wp-content/uploads/2021/07/Yu-Gi-Oh-Master-Duel-arrive-sur-tous-les-supports-pret-pour-le-Duel.jpg', '2022-02-24 23:57:46', '2022-02-25 10:30:00', 348),
(4522, 644, 8883, 43125, 'sunt rerum ipsum qui ut', 'Suscipit dolores laboriosam optio blanditiis iure. Itaque dolores eligendi nam. Magnam a ut praesentium nostrum consequatur et. Est vero sit minima laborum. Blanditiis nam quia provident voluptas. Quae quo voluptatibus minima. Ut dolorem asperiores velit.', 'https://www.presse-citron.net/app/uploads/2021/05/koch-media-e3-conference.jpeg', '2022-05-09 17:37:07', '2022-05-10 15:07:32', 228),
(4523, 641, 8855, 43132, 'facilis nihil qui amet ipsam quos rerum dolorem molestiae', 'Consequuntur quaerat aliquam rerum quaerat ut libero. Magni possimus inventore quo quisquam repellendus incidunt. Est quia tempore quod illum. Recusandae dolorem est voluptatibus aut. Ut dignissimos ad molestiae ut ducimus est est.', 'https://previews.123rf.com/images/microone/microone2006/microone200600047/148520518-board-game-evening-friends-meeting-happy-players-characters-isolated-teenagers-or-adults-playing-car.jpg', '2022-05-26 06:45:40', '2022-05-29 01:58:00', 192),
(4524, 644, 8885, 42839, 'ab et ipsum quas aperiam laboriosam rerum enim temporibus', 'Non ex debitis delectus et facere. Veniam quam est est ea eveniet voluptate. Odit et deserunt saepe hic. Doloribus error sed ipsam saepe aspernatur. Id ut et repellat animi voluptatem. Ipsum quia non ex quis. Ut ut alias occaecati. Quo vitae eaque quae dolorem.', 'https://www.miraigamers.com/wp-content/uploads/2021/07/Yu-Gi-Oh-Master-Duel-arrive-sur-tous-les-supports-pret-pour-le-Duel.jpg', '2022-04-07 05:06:54', '2022-04-07 09:30:31', 243),
(4525, 641, 8865, 42755, 'est exercitationem autem dolore omnis', 'Sunt corrupti enim impedit iure qui explicabo. Sequi odit asperiores deleniti placeat qui quia magni. Et delectus quis iste repudiandae dicta. Occaecati nulla aut laborum hic in.', 'https://i.ytimg.com/vi/gjVtbJkKQbo/maxresdefault.jpg', '2022-03-30 19:49:38', '2022-04-01 00:21:39', 200),
(4526, 640, NULL, 42688, 'amet accusamus nemo inventore', 'Quae at voluptatem praesentium omnis sed. Recusandae molestias soluta sed nam laboriosam sapiente. Omnis in sit qui eveniet. Aut exercitationem fuga rerum consequatur consequuntur. Sint quis magnam enim totam repudiandae corporis ut culpa. Numquam voluptatum et dolorem.', 'https://www.rom-game.fr/multimedia/agenda/211005_videgreniergeekpampuyre2022.jpg', '2022-04-13 20:33:43', '2022-04-15 06:59:07', 11),
(4527, 640, 8922, 42910, 'possimus sit quia tempore sed', 'Molestiae inventore soluta sunt magni aspernatur quod. Reprehenderit enim enim ad quia voluptas. Facilis sunt numquam nemo aut non molestias. Dignissimos tempore iure magnam illo pariatur explicabo placeat. Atque porro eos provident quo. Quo velit consequatur nesciunt facilis.', 'https://www.rostercon.com/wp-content/uploads/2021/09/dcfandome-2021.jpg', '2022-03-06 14:29:07', '2022-03-07 21:07:55', 242),
(4528, 641, 8949, 42974, 'ipsam harum minima laudantium inventore facilis nihil sunt rem', 'Quis aspernatur dolore non consequatur. Praesentium ut enim architecto sequi unde quisquam. Commodi dolore qui laborum voluptatem. Similique qui sed nisi voluptates quam alias molestiae.', 'https://i.ytimg.com/vi/TFZacjKUlic/maxresdefault.jpg', '2022-04-29 01:00:00', '2022-05-01 20:17:17', 64),
(4529, 640, 8880, 43061, 'non cupiditate laboriosam quam sed', 'Aut possimus quo dolores sed sit assumenda rerum. Commodi consequatur aut soluta pariatur cupiditate velit et. Ullam et quos adipisci explicabo perferendis rerum.', 'https://www.miraigamers.com/wp-content/uploads/2021/07/Yu-Gi-Oh-Master-Duel-arrive-sur-tous-les-supports-pret-pour-le-Duel.jpg', '2022-06-23 00:53:30', '2022-06-24 03:08:11', 99),
(4530, 641, 8854, 42960, 'laudantium eius dolorem et rem unde temporibus repellat consequuntur', 'Cum sint accusantium fuga temporibus consequatur beatae quia. Repellat facere quia quia rerum qui velit. Quo magnam nihil adipisci quas qui voluptates ut. Laboriosam dolorum modi et voluptate sint optio. Similique consequuntur velit et sapiente facere. Natus dolor rem rerum porro est ea pariatur.', 'https://www.presse-citron.net/app/uploads/2021/06/netflix-geeked-week-summer-game-fest-2021.jpeg', '2022-02-14 08:21:53', '2022-02-14 16:19:25', 423),
(4531, 641, NULL, 42771, 'nulla quod quo voluptate eligendi veniam sed', 'Quia sit nostrum consequatur qui commodi aperiam. Et vel quasi blanditiis quo accusamus ducimus. Ut non aliquid esse praesentium optio consequatur. Eligendi autem et dolorem perspiciatis fugit ipsum. Dicta non ut et expedita.', 'https://www.rom-game.fr/multimedia/agenda/211005_videgreniergeekpampuyre2022.jpg', '2022-06-05 02:13:41', '2022-06-06 18:22:17', 436),
(4532, 640, 8906, 42813, 'doloremque dolores itaque rerum vel est aperiam labore', 'Laboriosam similique maiores in et ipsa. Explicabo architecto sunt cupiditate officia et eum quibusdam. In fugit rem occaecati placeat reprehenderit est facilis. Dolorem quasi fugiat et et.', 'https://www.miraigamers.com/wp-content/uploads/2021/07/Yu-Gi-Oh-Master-Duel-arrive-sur-tous-les-supports-pret-pour-le-Duel.jpg', '2022-04-02 11:49:48', '2022-04-03 19:00:11', 126),
(4533, 639, 8851, 42718, 'ratione maxime et doloremque est consequuntur est', 'Iste corporis ratione est necessitatibus eligendi esse aliquam. Deserunt iusto fugiat voluptatum dicta. Dicta libero eos sit sed est ipsum. Minima eum veritatis perferendis et amet ipsum. Non id consequatur suscipit itaque corporis. Ut ea atque tempora doloremque mollitia.', 'https://images.ctfassets.net/s5n2t79q9icq/114xMnrR6RiLD15UxL8LYZ/ca73ec9fe59f654a150b543e05979181/Meta-Homepage.jpg', '2022-04-16 11:43:21', '2022-04-18 09:34:32', 474),
(4534, 639, 8893, 42666, 'dolorum maiores provident qui reiciendis deleniti sed ad corporis', 'Consequatur nostrum dolorem et rem nam. Sint autem eius est est qui voluptas est. Qui distinctio sed aut distinctio quia et adipisci.', 'https://data.1freewallpapers.com/download/dota-2-1280x720.jpg', '2022-07-08 04:28:21', '2022-07-08 17:20:49', 163),
(4535, 643, 8921, 42933, 'et in doloribus iusto eveniet quisquam esse rem exercitationem libero', 'Mollitia dolores alias repellat animi voluptatem a nemo. Delectus dolor repellat fuga. Et ipsam doloribus et sed illum. Et nesciunt hic repudiandae qui ex. Libero accusantium in libero voluptas dicta. Quibusdam labore natus dolor odio minus.', 'https://www.miraigamers.com/wp-content/uploads/2021/07/Yu-Gi-Oh-Master-Duel-arrive-sur-tous-les-supports-pret-pour-le-Duel.jpg', '2022-03-22 10:59:06', '2022-03-22 14:45:23', 366),
(4536, 644, NULL, 42801, 'sunt aut atque molestiae voluptatum', 'Ut quae facilis provident aut. Unde sit aut qui inventore dignissimos enim quis. Cum vitae dolorum doloremque eaque quidem voluptatem eos. Dolor vel ratione occaecati qui assumenda facere voluptatem. Et culpa exercitationem atque distinctio ut pariatur illum.', 'https://happydays365.org/wp-content/uploads/2020/05/Geek-Pride-Day-1080x630.jpg', '2022-06-26 06:23:45', '2022-06-28 10:20:37', 391),
(4537, 644, 8941, 42888, 'libero voluptatem et sunt hic exercitationem', 'Quae ratione est excepturi rem. Praesentium cumque earum et. Dolor fugit culpa nemo iusto. Eum magnam non asperiores pariatur qui impedit ut.', 'https://www.presse-citron.net/app/uploads/2021/06/netflix-geeked-week-summer-game-fest-2021.jpeg', '2022-03-15 17:47:02', '2022-03-17 06:12:18', 169),
(4538, 643, 8945, 42742, 'aliquam dignissimos aut qui et at', 'Voluptates error libero et expedita. Repellat placeat aut a eum velit. Quo nemo architecto nostrum est. Aut earum aperiam est quia occaecati quod voluptas nam. Debitis dolore consequuntur quos. Perspiciatis ut saepe numquam.', 'https://img.redbull.com/images/c_limit,w_1500,h_1000,f_auto,q_auto/redbullcom/2019/11/08/fc0f91de-3998-4be5-b50e-96d8d9e0cd45/lol-10-ans-league-of-legends', '2022-02-27 02:21:35', '2022-02-27 23:03:40', 308),
(4539, 643, 8923, 42675, 'nihil mollitia a', 'Laborum molestias accusantium quo quia illum ex debitis magnam. Cupiditate architecto aliquam beatae maiores non deserunt. Distinctio adipisci praesentium minima velit. Aliquid nam nemo maiores vel odio laborum.', 'https://www.poilsdemartre.fr/medias/images/japan-touch.jpg', '2022-06-30 04:58:35', '2022-07-02 20:39:50', 449),
(4540, 644, 8921, 42908, 'omnis dolor optio sapiente maiores beatae accusamus', 'A repellendus pariatur doloribus. Aspernatur vel reprehenderit nam. Error incidunt quam quia incidunt. Rem qui voluptatum fugit vero eum nisi aliquam cum.', 'https://images.ctfassets.net/s5n2t79q9icq/114xMnrR6RiLD15UxL8LYZ/ca73ec9fe59f654a150b543e05979181/Meta-Homepage.jpg', '2022-02-05 08:43:06', '2022-02-06 21:37:03', 126),
(4541, 643, NULL, 42842, 'earum nemo ab aspernatur neque doloremque ut et', 'Quas aut quia sit dolore omnis et qui. Nisi impedit omnis ut. Voluptatem itaque molestiae corrupti delectus odio soluta. Numquam nemo labore aut necessitatibus ad sapiente molestias.', 'https://i.ytimg.com/vi/gjVtbJkKQbo/maxresdefault.jpg', '2022-03-30 13:36:03', '2022-04-02 02:35:21', 222),
(4542, 643, 8853, 42872, 'voluptatem velit quaerat sunt dolor hic', 'Velit qui magni voluptas. Cum cum sit sapiente quas ex voluptatibus. Non deserunt hic culpa natus quam. Quo quia sed consectetur dolorum doloremque et reiciendis. In sit in est impedit aut dolorum harum. Delectus harum debitis similique iste dolores culpa.', 'https://www.presse-citron.net/app/uploads/2020/04/e3-online.jpg', '2022-02-06 14:14:41', '2022-02-08 23:24:38', 117),
(4543, 643, 8897, 43085, 'qui sunt alias id quia ut', 'Sapiente dicta quod vitae voluptate totam labore ad aut. Dolor perferendis neque omnis est porro sed. Sit possimus id magni excepturi ullam.', 'https://www.realite-virtuelle.com/wp-content/uploads/2020/11/pokemon-go-milliard-revenus.jpg', '2022-01-29 13:33:57', '2022-01-31 04:55:20', 408),
(4544, 642, 8897, 43027, 'maiores et voluptas et tenetur nemo quia molestiae vel', 'Repellat voluptas vero et expedita vero. Corrupti aliquid et et iure ducimus ipsum. A numquam facilis aliquid ducimus. Recusandae et repellendus et eveniet quis aut. Natus omnis in ipsa accusantium sapiente quibusdam et illo. Provident sed ea optio dolorum quia. Sint magni aut iure autem amet aut.', 'https://www.poilsdemartre.fr/medias/images/japan-touch.jpg', '2022-05-03 18:05:07', '2022-05-05 13:47:07', 373),
(4545, 641, 8860, 43008, 'nihil est fugiat', 'Consequuntur et dicta non similique ipsam accusantium. Fuga et quod eos. Accusamus harum ipsum eligendi laudantium a. Et eaque omnis similique eaque sint. Aliquid ab et voluptates dicta eum ut. Ea qui et possimus accusamus eligendi non quia. Ut impedit blanditiis quis aut accusantium.', 'https://happydays365.org/wp-content/uploads/2020/05/Geek-Pride-Day-1080x630.jpg', '2022-05-08 00:30:30', '2022-05-10 17:27:07', 343),
(4546, 641, NULL, 42882, 'tenetur eum necessitatibus ut eum minima id', 'Consequatur et sequi labore et iure. Provident voluptas minus quis. Ea excepturi in similique aut quasi quod. Iste magnam modi reiciendis sit. Dolore voluptatem maxime sed voluptatem suscipit et. Maiores delectus dolores sunt odio. Rem sed et dolores recusandae similique et fugit.', 'https://www.presse-citron.net/app/uploads/2020/04/e3-online.jpg', '2022-06-02 11:35:36', '2022-06-03 10:19:59', 116),
(4547, 641, 8904, 42873, 'inventore officiis culpa quia ab repellat', 'Neque accusamus minima et nobis. Quos iste et et illum. Aspernatur iure corporis et voluptas. Ea voluptatum veritatis fuga autem. Ea qui nesciunt in id dicta recusandae.', 'https://happydays365.org/wp-content/uploads/2020/05/Geek-Pride-Day-1080x630.jpg', '2022-02-03 15:30:42', '2022-02-05 16:40:46', 498),
(4548, 641, 8863, 43107, 'totam tempore blanditiis dolor dolor itaque', 'Quo doloremque nam quidem autem. Et quia eum mollitia voluptatem qui. Velit nemo labore eos officiis dolorum esse nemo. Magnam assumenda iure ipsum iure.', 'https://data.1freewallpapers.com/download/dota-2-1280x720.jpg', '2022-01-06 07:01:11', '2022-01-07 20:44:59', 106),
(4549, 641, 8935, 42863, 'nostrum est repudiandae nesciunt omnis soluta ea autem nobis quae', 'Iure voluptatem illum doloremque asperiores occaecati odit quia. Fugit laborum sit molestiae. Sed molestiae est minus officiis voluptatibus.', 'https://previews.123rf.com/images/microone/microone2006/microone200600047/148520518-board-game-evening-friends-meeting-happy-players-characters-isolated-teenagers-or-adults-playing-car.jpg', '2022-02-21 09:12:24', '2022-02-22 08:00:53', 416),
(4550, 644, 8879, 42754, 'facere fuga repellat qui nam', 'Consequatur modi et ad ullam laborum ea. Qui ab nemo ex eos sit rem. Et doloremque illo eligendi eius dolores aspernatur ut. Ipsa aut quis omnis.', 'https://previews.123rf.com/images/microone/microone2006/microone200600047/148520518-board-game-evening-friends-meeting-happy-players-characters-isolated-teenagers-or-adults-playing-car.jpg', '2022-05-13 02:47:21', '2022-05-14 03:26:53', 218),
(4551, 639, NULL, 42808, 'asperiores ipsa perferendis accusantium eligendi', 'Officia quam praesentium aut a nam voluptas mollitia. Nihil ab doloribus deleniti sit minus saepe. Quidem consequatur et porro dolor consequatur et. Voluptas soluta placeat quaerat qui sapiente et quod placeat.', 'https://previews.123rf.com/images/microone/microone2006/microone200600047/148520518-board-game-evening-friends-meeting-happy-players-characters-isolated-teenagers-or-adults-playing-car.jpg', '2022-04-26 17:27:11', '2022-04-27 23:16:32', 94),
(4552, 642, 8885, 42926, 'rerum ab molestiae perferendis non nemo sit nesciunt aut', 'Sed quos distinctio sequi fuga vel quos ut culpa. Est ipsa distinctio illo est. Non quibusdam quaerat debitis. Officia omnis voluptates eum qui perferendis debitis magnam. Reiciendis qui in deleniti ea. Et voluptate cum in veniam culpa debitis. Sint asperiores amet et.', 'https://www.realite-virtuelle.com/wp-content/uploads/2020/11/pokemon-go-milliard-revenus.jpg', '2022-03-20 14:47:13', '2022-03-20 23:54:06', 319),
(4553, 643, 8929, 42717, 'consectetur vel ut vel', 'Et quos qui quia. Quis sed numquam nisi expedita voluptas natus. Corrupti voluptatum sapiente temporibus voluptate. Veritatis omnis molestiae ad aliquid veniam iure architecto. Ad maiores illo sequi similique.', 'https://happydays365.org/wp-content/uploads/2020/05/Geek-Pride-Day-1080x630.jpg', '2022-03-22 22:53:54', '2022-03-25 08:16:30', 115),
(4554, 642, 8859, 42885, 'maxime rerum reprehenderit provident expedita dicta eum magni vel omnis', 'Et vel est ut culpa maxime. Sapiente ut est sunt magnam mollitia consequatur. Odio est soluta odio nisi repudiandae molestiae dignissimos. Velit qui excepturi sapiente et et. Debitis consequatur nobis consectetur accusamus. Repudiandae laborum architecto similique eius ea aliquam.', 'https://i0.wp.com/www.nintendo-town.fr/wp-content/uploads/2019/04/H2x1_NSwitch_MortalKombat11_image1600w.jpg?fit=1600%2C800&ssl=1', '2022-04-06 05:48:24', '2022-04-08 22:28:01', 224),
(4555, 644, 8934, 42929, 'laboriosam debitis vel laborum hic sit eligendi', 'Illum tenetur ipsa excepturi est similique eum porro in. Labore laudantium deleniti modi porro. Velit voluptates occaecati molestias quo sit quo. Repellat est quos placeat aut sint ut. Aut odio eum omnis nesciunt voluptatem voluptatibus et.', 'https://cdn.akamai.steamstatic.com/steam/apps/851590/capsule_616x353.jpg?t=1631538454', '2022-06-07 14:43:38', '2022-06-10 03:50:16', 324),
(4556, 643, NULL, 42811, 'eos iusto eos', 'Accusamus sunt nesciunt exercitationem. In nisi qui vel ipsum et ut. Et ullam et reiciendis reprehenderit fugit pariatur nam. Cum et sint ab aut in. Autem neque reiciendis magni voluptas non in ut ad. Voluptatum dicta nemo autem aut dolor.', 'https://www.realite-virtuelle.com/wp-content/uploads/2020/11/pokemon-go-milliard-revenus.jpg', '2022-05-04 11:41:53', '2022-05-05 00:44:06', 169),
(4557, 644, 8936, 43091, 'porro quaerat voluptates dolorum cum ipsum sit iure doloribus fugit', 'Totam quia voluptatem ratione consectetur quia aut nulla. Ex est quibusdam eveniet. Id expedita omnis accusantium consectetur consequatur.', 'https://cdn.arstechnica.net/wp-content/uploads/2021/07/legend-of-zelda-nes-gold-800x450.jpg', '2022-03-10 00:06:15', '2022-03-10 00:59:18', 140),
(4558, 642, 8854, 42970, 'culpa quod aliquam mollitia cupiditate et', 'Quo animi et sunt eligendi ut quos soluta. Id voluptatem sint itaque optio. Cupiditate aliquid aliquam quia autem voluptas. Aliquid facere neque qui est consequuntur. Ad sint perspiciatis qui odit et. Consequuntur illo nobis non nulla minus. Iusto illum et aut sed consequatur eos.', 'https://www.presse-citron.net/app/uploads/2021/05/koch-media-e3-conference.jpeg', '2022-01-31 04:10:19', '2022-02-01 15:43:04', 479),
(4559, 639, 8895, 42778, 'laboriosam ad et magni nihil repudiandae esse', 'Quaerat distinctio possimus recusandae rem animi. Id iste enim repudiandae vel recusandae. Qui reprehenderit reprehenderit dolorem. Quia iusto qui voluptatem voluptatem nam. Dolores in atque veritatis molestiae quis. Nobis rerum voluptatem labore et deserunt incidunt.', 'https://i0.wp.com/www.nintendo-town.fr/wp-content/uploads/2019/04/H2x1_NSwitch_MortalKombat11_image1600w.jpg?fit=1600%2C800&ssl=1', '2022-03-25 10:21:58', '2022-03-28 10:15:50', 73),
(4560, 644, 8892, 42836, 'fugiat distinctio quibusdam libero veniam dolor asperiores tenetur nulla', 'Eligendi iste ipsum in ducimus omnis. Libero libero nisi unde alias. Facere voluptatibus saepe commodi et id hic nulla. Eum iure sunt deleniti nesciunt laborum corporis quidem.', 'https://www.manga-news.com/public/images/events/geek-unchained-4.jpg', '2022-03-07 07:47:18', '2022-03-09 21:33:52', 226),
(4561, 642, NULL, 43048, 'enim unde porro distinctio quo accusamus', 'Ullam consequatur repellat cum et officiis qui. Commodi velit rerum explicabo sed. Exercitationem aut sint quae ullam recusandae voluptas. Cum sequi neque nisi numquam fugit quisquam velit.', 'https://previews.123rf.com/images/microone/microone2006/microone200600047/148520518-board-game-evening-friends-meeting-happy-players-characters-isolated-teenagers-or-adults-playing-car.jpg', '2022-04-08 05:52:41', '2022-04-09 21:18:07', 392),
(4562, 640, 8868, 42923, 'tempore voluptas odio quas nesciunt', 'Odio sequi quia magni magnam. Ratione quia illo laudantium voluptatem ipsam sequi iusto. Temporibus id nemo at expedita. Impedit labore blanditiis repudiandae incidunt in.', 'https://i0.wp.com/www.nintendo-town.fr/wp-content/uploads/2019/04/H2x1_NSwitch_MortalKombat11_image1600w.jpg?fit=1600%2C800&ssl=1', '2022-05-19 06:31:13', '2022-05-20 04:57:51', 162),
(4563, 643, 8921, 42880, 'harum alias dolore consequatur modi doloribus sit fuga', 'Quo quos ad laborum non error rem maxime animi. Culpa illum in inventore dolores quidem voluptas. Quas quo et officia. Eaque earum voluptatem quidem dolores consequatur qui similique. Dicta cupiditate qui est sit impedit delectus maiores tempore.', 'https://img.redbull.com/images/c_limit,w_1500,h_1000,f_auto,q_auto/redbullcom/2019/11/08/fc0f91de-3998-4be5-b50e-96d8d9e0cd45/lol-10-ans-league-of-legends', '2022-01-11 23:34:18', '2022-01-14 12:53:25', 190),
(4564, 644, 8891, 42895, 'qui odit sequi perspiciatis voluptas qui neque', 'Quo aliquam voluptate ipsam dolor accusamus placeat. Facilis eaque sequi animi. Tempora voluptatem aut consequatur ipsa vel. Rerum explicabo non ducimus et non fuga. Aliquam tenetur molestiae voluptas.', 'https://img.redbull.com/images/c_limit,w_1500,h_1000,f_auto,q_auto/redbullcom/2019/11/08/fc0f91de-3998-4be5-b50e-96d8d9e0cd45/lol-10-ans-league-of-legends', '2022-04-07 02:42:42', '2022-04-08 08:23:05', 301),
(4565, 644, 8943, 43001, 'natus expedita mollitia molestiae', 'Accusantium doloremque debitis excepturi totam. Quo voluptas molestias accusamus. Culpa repellat rerum vel sit ab possimus. Repellat tempore dolores perferendis.', 'https://cdn.arstechnica.net/wp-content/uploads/2021/07/legend-of-zelda-nes-gold-800x450.jpg', '2022-02-18 12:00:11', '2022-02-21 06:16:59', 448),
(4566, 640, NULL, 42982, 'cupiditate eos ad', 'Facilis similique enim et nobis quo quod. Ut occaecati pariatur nulla vel ipsa voluptate et. Veritatis dolor dolor facere ipsam autem rerum. Earum eveniet aut doloremque aut magni iste.', 'https://www.presse-citron.net/app/uploads/2021/06/netflix-geeked-week-summer-game-fest-2021.jpeg', '2022-02-14 03:20:54', '2022-02-16 18:50:53', 257),
(4567, 639, 8922, 43051, 'minus voluptas mollitia et sed', 'Voluptates voluptas exercitationem pariatur ex enim ut. Ullam error inventore assumenda officia. Quas velit consequuntur est voluptates necessitatibus vel. Quia ipsam nobis aliquid qui tenetur repellendus ipsum. Recusandae sit voluptate vel rerum.', 'https://images.ctfassets.net/s5n2t79q9icq/114xMnrR6RiLD15UxL8LYZ/ca73ec9fe59f654a150b543e05979181/Meta-Homepage.jpg', '2022-02-28 09:18:28', '2022-03-01 11:00:52', 130),
(4568, 643, 8938, 42777, 'ut quibusdam mollitia', 'Cumque fuga assumenda quaerat non. Blanditiis debitis facere qui velit qui dolor non. Sed iusto sunt officiis provident itaque. Culpa corrupti doloribus cupiditate ipsum qui. Id nihil voluptas quidem rerum omnis. Reiciendis voluptas eos eos velit nihil. Incidunt iure officiis qui asperiores quia.', 'https://img.redbull.com/images/c_limit,w_1500,h_1000,f_auto,q_auto/redbullcom/2019/11/08/fc0f91de-3998-4be5-b50e-96d8d9e0cd45/lol-10-ans-league-of-legends', '2022-02-27 10:45:02', '2022-03-01 22:06:05', 57),
(4569, 641, 8883, 42844, 'aut aliquid dicta placeat qui', 'Aspernatur ex adipisci est perspiciatis porro. Minus iusto quaerat voluptas nam iure odio.', 'https://i0.wp.com/www.nintendo-town.fr/wp-content/uploads/2019/04/H2x1_NSwitch_MortalKombat11_image1600w.jpg?fit=1600%2C800&ssl=1', '2022-03-16 11:35:21', '2022-03-18 03:19:47', 277),
(4570, 644, 8917, 42860, 'sapiente doloribus nam nobis quis mollitia quo', 'Ipsa ut beatae ea dignissimos commodi. Suscipit quod in dolores omnis quibusdam eum omnis itaque. Ex est harum deserunt quis qui autem odio in. Reprehenderit dolorem illo voluptatem quibusdam pariatur temporibus.', 'https://img.redbull.com/images/c_limit,w_1500,h_1000,f_auto,q_auto/redbullcom/2019/11/08/fc0f91de-3998-4be5-b50e-96d8d9e0cd45/lol-10-ans-league-of-legends', '2022-05-11 17:28:29', '2022-05-13 04:10:58', 329),
(4571, 639, NULL, 43119, 'et ab dicta quibusdam deleniti ut', 'Voluptas ipsum sint sunt sequi est aliquid inventore. Qui maiores eligendi debitis cum ipsa cupiditate sunt. Quia labore cumque laboriosam aut. Id illum consequuntur et rerum eveniet. Minima quibusdam id sequi fuga.', 'https://cdn.arstechnica.net/wp-content/uploads/2021/07/legend-of-zelda-nes-gold-800x450.jpg', '2022-04-12 11:56:35', '2022-04-12 18:04:27', 294),
(4572, 643, 8895, 42749, 'eveniet dolor accusamus qui reiciendis quisquam eos', 'Hic est provident libero provident. Aliquid debitis harum sequi quaerat rerum perferendis. Consectetur accusamus et amet iure et ut dolore. Distinctio ipsam nesciunt eum minus non. Optio non ab autem autem fuga quia.', 'https://www.miraigamers.com/wp-content/uploads/2021/07/Yu-Gi-Oh-Master-Duel-arrive-sur-tous-les-supports-pret-pour-le-Duel.jpg', '2022-03-27 02:09:34', '2022-03-29 07:57:36', 452),
(4573, 641, 8901, 42949, 'tempore molestiae optio sequi quas dolorem blanditiis minus voluptate id', 'Necessitatibus quis vel nemo. Vel cupiditate qui placeat. Accusantium ex sed cupiditate nisi autem. Iusto et qui consequuntur qui eos repudiandae earum deserunt.', 'https://www.manga-news.com/public/images/events/geek-unchained-4.jpg', '2022-01-31 06:49:24', '2022-01-31 08:27:29', 186),
(4574, 643, 8860, 42796, 'recusandae cum quia ducimus natus minus rerum', 'Aliquid mollitia eos enim exercitationem eum error fuga. Cum sunt molestiae repellendus in ut aut. Est necessitatibus ut vitae beatae minima. Qui natus incidunt fugiat hic.', 'https://www.miraigamers.com/wp-content/uploads/2021/07/Yu-Gi-Oh-Master-Duel-arrive-sur-tous-les-supports-pret-pour-le-Duel.jpg', '2022-01-30 18:43:07', '2022-02-02 09:35:38', 153),
(4575, 640, 8891, 42769, 'debitis consequatur incidunt consectetur harum dolores', 'Earum in velit eum. Nam sequi voluptas dolores assumenda est. Vel eveniet non debitis quia nemo amet. Quas repudiandae exercitationem harum at neque a. Dolor ullam omnis vel quisquam eos alias. Ut nam qui laudantium non nemo sed. Illo quis aut voluptas ex sint molestiae.', 'https://www.rostercon.com/wp-content/uploads/2021/09/dcfandome-2021.jpg', '2022-06-16 03:56:59', '2022-06-16 13:49:15', 38),
(4576, 640, NULL, 42811, 'repellat nobis sint tenetur sit ut nihil repellendus nisi maxime', 'Tenetur suscipit natus aliquid adipisci ipsam. Odio officia cumque consequatur facilis perspiciatis occaecati voluptatibus temporibus. Dolores velit veritatis qui minima. Laboriosam consequatur est et in incidunt molestias.', 'https://cdn.akamai.steamstatic.com/steam/apps/851590/capsule_616x353.jpg?t=1631538454', '2022-04-20 16:19:39', '2022-04-21 10:20:23', 413),
(4577, 642, 8922, 42959, 'eos voluptatem ratione et tempore quod molestiae', 'Maiores molestiae dolorem itaque voluptatibus temporibus. Ipsam in aut recusandae error fugit aut. Voluptatem corrupti consequatur velit aut voluptatem assumenda. Soluta voluptates officiis ipsam modi rerum rerum.', 'https://i.ytimg.com/vi/gjVtbJkKQbo/maxresdefault.jpg', '2022-07-07 23:05:25', '2022-07-08 18:23:33', 461),
(4578, 642, 8901, 43110, 'qui eligendi animi accusamus eligendi quas omnis et est', 'Pariatur minima asperiores suscipit laborum eius. Nemo repellendus a iusto quibusdam libero esse non. Ut eos quia tempore nobis. Molestiae non dicta quod. Sapiente laborum id asperiores fugit. Sit dolore alias qui deleniti qui et.', 'https://data.1freewallpapers.com/download/dota-2-1280x720.jpg', '2022-05-19 11:22:02', '2022-05-19 13:48:16', 27),
(4579, 640, 8910, 42986, 'aliquam ratione est', 'Sed eos sint et qui doloribus laboriosam voluptatem in. Perspiciatis minus odio corporis rerum. Ea optio cum earum vero. Reiciendis in omnis aliquam et voluptatum.', 'https://cdn.arstechnica.net/wp-content/uploads/2021/07/legend-of-zelda-nes-gold-800x450.jpg', '2022-03-03 23:34:52', '2022-03-04 22:45:14', 290),
(4580, 643, 8884, 42972, 'incidunt enim cumque voluptatem vel', 'Dolorem necessitatibus aperiam iste eum reiciendis. Doloribus quia in ut quis consequatur tenetur voluptate. Rerum cum corporis ea illo qui. Cum porro fuga aliquam quia et minima vel.', 'https://www.presse-citron.net/app/uploads/2021/05/koch-media-e3-conference.jpeg', '2022-03-22 04:56:09', '2022-03-24 15:09:27', 436),
(4581, 644, NULL, 42811, 'a et ratione alias laudantium ut a ipsa omnis autem', 'Voluptatem enim odit in et. Qui vel quae aliquam. Consequuntur qui ea voluptates corrupti voluptas itaque. Qui asperiores quod qui quo non. Placeat animi expedita magni ut. Qui cum quis voluptatem quis pariatur. Soluta voluptate nostrum dolorem quod voluptas voluptates quos a.', 'https://www.presse-citron.net/app/uploads/2020/04/e3-online.jpg', '2022-01-28 09:30:01', '2022-01-29 07:07:08', 374),
(4582, 641, 8890, 43100, 'quia enim id quae iste laudantium voluptatem dolor ex', 'Rerum ipsa distinctio dolor in ipsum eligendi sit. Sit rerum itaque aut porro vitae sunt hic aliquid. Deserunt iste magni earum sunt. Occaecati ea molestias veniam doloribus.', 'https://www.miraigamers.com/wp-content/uploads/2021/07/Yu-Gi-Oh-Master-Duel-arrive-sur-tous-les-supports-pret-pour-le-Duel.jpg', '2022-07-03 12:55:01', '2022-07-06 12:22:10', 139),
(4583, 639, 8920, 42980, 'non sint libero', 'Aspernatur id consequatur nihil natus ab ut. Officia repellat repudiandae nihil. Commodi sed molestias dolor similique autem quos aperiam. Dolorem magnam ea ea aut aut saepe.', 'https://www.presse-citron.net/app/uploads/2021/05/koch-media-e3-conference.jpeg', '2022-02-04 06:33:42', '2022-02-05 05:21:09', 150),
(4584, 641, 8889, 42935, 'delectus et libero fugit quam', 'Hic alias et reprehenderit voluptas. Autem dolor dolore laudantium. Tempora cumque voluptas ut error sapiente sit odit exercitationem. Quia error ut sit tenetur et.', 'https://happydays365.org/wp-content/uploads/2020/05/Geek-Pride-Day-1080x630.jpg', '2022-05-11 20:59:27', '2022-05-13 16:21:55', 169),
(4585, 642, 8858, 43122, 'earum nesciunt velit nihil', 'Molestias odio nam non cupiditate est consequuntur esse labore. Et vitae sit et dolores illum. Dolorum error eligendi voluptates voluptatem non rerum. Et enim quis ipsa. Et amet molestiae quisquam temporibus.', 'https://img.redbull.com/images/c_limit,w_1500,h_1000,f_auto,q_auto/redbullcom/2019/11/08/fc0f91de-3998-4be5-b50e-96d8d9e0cd45/lol-10-ans-league-of-legends', '2022-01-07 00:57:37', '2022-01-08 09:37:05', 110),
(4586, 640, NULL, 42687, 'nobis ut mollitia et iusto', 'Dolores a et facere sunt provident ut ut velit. Et natus id mollitia ducimus cumque. Facilis mollitia non et itaque praesentium quisquam veritatis.', 'https://www.rostercon.com/wp-content/uploads/2021/09/dcfandome-2021.jpg', '2022-07-03 06:42:42', '2022-07-03 09:51:04', 491),
(4587, 641, 8858, 43064, 'possimus quis ut totam adipisci nulla', 'Ducimus et minus mollitia velit qui adipisci qui. Perferendis qui occaecati quia ut. Dolorem tempora iusto ut ut. Dolorem voluptatibus et atque qui unde qui hic et. Voluptas ut qui doloremque illo vero minus. Nisi repudiandae molestiae occaecati totam et consequatur.', 'https://www.realite-virtuelle.com/wp-content/uploads/2020/11/pokemon-go-milliard-revenus.jpg', '2022-07-02 11:42:45', '2022-07-05 08:47:35', 279),
(4588, 643, 8879, 42957, 'aut mollitia cumque alias assumenda alias eum voluptatem impedit sunt', 'Temporibus et a praesentium eos. Molestias error quia omnis sit inventore excepturi id. Nihil id natus nam et. Molestiae delectus blanditiis culpa sequi provident itaque exercitationem.', 'https://pbs.twimg.com/media/EECAyk7W4AAQP9w.jpg', '2022-06-14 22:03:58', '2022-06-17 03:49:16', 198),
(4589, 640, 8946, 43110, 'sit est sit consequuntur molestiae doloremque occaecati dolore', 'Tempore nulla reiciendis quidem natus molestiae est quo non. Atque est voluptates accusantium inventore qui. Recusandae deleniti ipsum enim reiciendis. Architecto dolor iste unde suscipit voluptas.', 'https://data.1freewallpapers.com/download/dota-2-1280x720.jpg', '2022-06-28 09:29:29', '2022-06-30 09:04:34', 278),
(4590, 643, 8919, 43103, 'natus quas odit dicta eos', 'Dolor quis temporibus reprehenderit aut. Nam ut sed praesentium repudiandae est iusto reiciendis. Sunt non officiis ut ut. Quam tempore veritatis omnis minus veniam. Dicta modi fugit nesciunt mollitia.', 'https://www.rom-game.fr/multimedia/agenda/211005_videgreniergeekpampuyre2022.jpg', '2022-03-26 10:11:41', '2022-03-27 17:05:12', 191),
(4591, 640, NULL, 42898, 'officia omnis et a', 'Dolor optio aut deserunt cupiditate doloremque ipsum natus. Quos eum quo ipsam et deleniti. Explicabo iure molestiae libero reiciendis nemo est ut. Consequuntur quasi in et sunt voluptas qui. Quasi est neque rerum magnam quaerat ea autem.', 'https://www.rostercon.com/wp-content/uploads/2021/09/dcfandome-2021.jpg', '2022-02-04 23:16:44', '2022-02-05 08:48:15', 497),
(4592, 643, 8933, 43094, 'error tempore libero vitae ut incidunt quasi', 'Eaque vel alias omnis iusto iure id. Sint voluptas quia ad labore harum officia. Et eius ut autem incidunt vitae consequatur dolor quam. Illum suscipit sunt ratione reiciendis et.', 'https://data.1freewallpapers.com/download/dota-2-1280x720.jpg', '2022-06-22 16:46:25', '2022-06-23 02:25:23', 491),
(4593, 639, 8929, 43035, 'culpa et mollitia vel delectus consequatur ipsam fugiat', 'Rerum rerum sed ullam sit. Voluptatem doloremque tempore qui fugiat nam voluptatem sit blanditiis. Vero impedit facilis aut ad sit pariatur veniam. Nostrum et praesentium sed cum velit. Quos est et voluptates iusto deleniti qui magni. Sit ipsum possimus et ullam aliquam consectetur.', 'https://data.1freewallpapers.com/download/dota-2-1280x720.jpg', '2022-05-17 10:04:07', '2022-05-19 05:24:04', 207),
(4594, 640, 8868, 42839, 'eius cum minus qui pariatur', 'Est quia quo ad error aspernatur est. Delectus culpa et facere earum quasi possimus quos. Est rerum nihil dolores fugiat. Sed et molestiae velit ipsa deleniti eum.', 'https://www.realite-virtuelle.com/wp-content/uploads/2020/11/pokemon-go-milliard-revenus.jpg', '2022-01-07 00:22:23', '2022-01-08 22:06:10', 335),
(4595, 643, 8893, 42907, 'voluptas qui voluptatem animi voluptatem sunt eaque maiores molestiae autem', 'Vitae harum iure voluptatem provident ducimus. Ut excepturi incidunt reiciendis dignissimos quia. Adipisci voluptatem sequi rem numquam omnis eius voluptatibus. Qui possimus natus ea voluptatem est id quasi explicabo. Aut est non laborum eius. Dolores ea dolores numquam non non aut.', 'https://img.redbull.com/images/c_limit,w_1500,h_1000,f_auto,q_auto/redbullcom/2019/11/08/fc0f91de-3998-4be5-b50e-96d8d9e0cd45/lol-10-ans-league-of-legends', '2022-01-19 01:19:46', '2022-01-20 17:01:21', 410),
(4596, 643, NULL, 42762, 'alias omnis reprehenderit quia ut doloribus doloremque', 'Magnam qui consequatur quibusdam recusandae sit dolorum. Sunt aut fugiat dolorem exercitationem consectetur. Qui nesciunt eum animi ab dolor. Aut qui sapiente et numquam ad nam.', 'https://fr.web.img2.acsta.net/newsv7/20/06/30/12/28/5740456.jpg', '2022-05-01 01:04:27', '2022-05-01 09:58:37', 415),
(4597, 643, 8944, 42806, 'voluptas dolorum voluptatum', 'Quia impedit non quaerat maiores. Veniam molestias nulla necessitatibus.', 'https://www.presse-citron.net/app/uploads/2021/05/koch-media-e3-conference.jpeg', '2022-06-02 08:38:56', '2022-06-03 10:45:28', 300),
(4598, 639, 8873, 42721, 'consequatur quidem quia non facilis', 'Et magnam ad iure quis est eveniet. Tempora necessitatibus aperiam est reiciendis. Eligendi necessitatibus sit magnam quas.', 'https://www.manga-news.com/public/images/events/geek-unchained-4.jpg', '2022-01-20 01:10:03', '2022-01-21 12:14:49', 414),
(4599, 641, 8913, 42714, 'est libero itaque aut rerum dolor ut voluptate', 'Nostrum non in quia illo ut. Voluptas porro ratione sit quia qui labore. Temporibus corporis et occaecati et aut id quo. Qui earum labore nam et.', 'https://www.presse-citron.net/app/uploads/2021/06/netflix-geeked-week-summer-game-fest-2021.jpeg', '2022-05-05 20:13:42', '2022-05-08 01:00:38', 322),
(4600, 644, 8856, 42903, 'quibusdam rerum nam assumenda dolore eaque quasi aut beatae', 'A consequuntur cupiditate iure voluptatem itaque. Dolorum quam illo praesentium et maiores laboriosam. Autem ut autem reprehenderit qui. Suscipit eligendi nostrum ut deserunt.', 'https://www.rostercon.com/wp-content/uploads/2021/09/dcfandome-2021.jpg', '2022-03-19 07:33:00', '2022-03-20 14:49:33', 251),
(4601, 639, NULL, 42818, 'earum mollitia laborum mollitia fugiat ut tempore', 'Labore quis et sit id doloremque sit sint ad. Aut aspernatur praesentium quas repudiandae qui. Et id velit veniam possimus iusto quibusdam. Sit quia repellat similique dolorem aut vel. Natus aliquid odit officia eius quibusdam. Sed tempora id doloribus in. Natus aut et et dignissimos a ea.', 'https://www.presse-citron.net/app/uploads/2020/04/e3-online.jpg', '2022-01-08 09:55:24', '2022-01-11 01:38:13', 168),
(4602, 642, 8897, 43061, 'rerum qui at', 'Iste vel eaque sapiente nihil enim. Aut placeat possimus sit eos id animi atque. Consequatur blanditiis et laudantium quas itaque ut eveniet. Reprehenderit inventore possimus et velit quae.', 'https://www.presse-citron.net/app/uploads/2021/05/koch-media-e3-conference.jpeg', '2022-01-16 10:36:16', '2022-01-17 01:03:45', 305),
(4603, 642, 8877, 42947, 'et fugit officia aliquam autem culpa et pariatur minima', 'Exercitationem minus cumque laborum voluptas illum. Atque sunt neque sunt dolore quia est nesciunt. Iusto mollitia pariatur eum quae. Dolores nulla reiciendis praesentium molestiae ratione consequuntur.', 'https://cdn.akamai.steamstatic.com/steam/apps/851590/capsule_616x353.jpg?t=1631538454', '2022-07-03 06:08:09', '2022-07-06 01:55:52', 245),
(4604, 643, 8931, 42877, 'rerum nemo eaque', 'Velit nisi odio nulla placeat et autem voluptatem id. Ut est ipsam nostrum. Inventore animi dolore rerum nobis laborum magnam et blanditiis. Et non quis esse sint ut. Nesciunt autem dolor magni quam.', 'https://pbs.twimg.com/media/EECAyk7W4AAQP9w.jpg', '2022-04-20 19:23:46', '2022-04-22 02:58:09', 92),
(4605, 643, 8889, 43080, 'facilis quis autem deleniti reprehenderit dolorum ipsam occaecati', 'Maiores laborum ullam architecto quasi fugit ratione cum. Nemo esse quo beatae dignissimos sed molestiae quidem. Facere facilis at libero culpa dolorem quia repudiandae. Fuga enim magnam placeat.', 'https://images.ctfassets.net/s5n2t79q9icq/114xMnrR6RiLD15UxL8LYZ/ca73ec9fe59f654a150b543e05979181/Meta-Homepage.jpg', '2022-02-23 15:48:29', '2022-02-24 09:58:24', 467),
(4606, 641, NULL, 42984, 'consequatur dolor facilis omnis odio laborum repellat sunt', 'Non laborum hic saepe ut sed. Nobis dolorem est quisquam autem dolor vero. Ducimus culpa assumenda quis sit est. In sit qui voluptas fugit dignissimos facilis. Eos ut aut sit ea. Autem voluptatum architecto recusandae. Velit sunt in repellendus similique necessitatibus.', 'https://www.manga-news.com/public/images/events/geek-unchained-4.jpg', '2022-04-07 12:01:33', '2022-04-08 11:36:52', 314),
(4607, 639, 8879, 42916, 'et unde et est assumenda asperiores rem quis nobis consequuntur', 'Doloremque culpa deleniti quis nobis. Nisi tempora nihil illum rerum laboriosam dolorum modi. Ea amet quibusdam architecto dicta voluptatem. Culpa rerum aut occaecati magnam et aut perferendis.', 'https://images.ctfassets.net/s5n2t79q9icq/114xMnrR6RiLD15UxL8LYZ/ca73ec9fe59f654a150b543e05979181/Meta-Homepage.jpg', '2022-06-30 07:51:09', '2022-06-30 19:34:52', 314),
(4608, 643, 8886, 42817, 'eius illum rerum et dolorem eum qui beatae odit molestiae', 'Nesciunt occaecati officiis quo eum sit nihil. Nesciunt quos eos similique vel. Amet dolores impedit quo. Repudiandae dolor ipsam doloribus. Quis voluptate quas deleniti neque assumenda expedita officia at. Qui consequatur minima neque quas id. Ut eligendi et molestias dolore.', 'https://www.presse-citron.net/app/uploads/2020/04/e3-online.jpg', '2022-04-12 23:08:03', '2022-04-15 10:16:01', 16),
(4609, 642, 8933, 43004, 'repudiandae deserunt praesentium velit hic sint', 'Ipsum itaque tenetur aut minus libero sit ea. Qui est animi minus qui earum. Ut qui similique ea rerum. Totam fuga architecto aut vel et earum impedit. Consequuntur nesciunt possimus omnis quis.', 'https://www.poilsdemartre.fr/medias/images/japan-touch.jpg', '2022-02-17 11:57:47', '2022-02-20 01:25:48', 400),
(4610, 641, 8884, 43089, 'dolorem dolor sint voluptatibus vero et voluptatem deleniti', 'Et aperiam dolorum consequatur ducimus eius consequatur placeat rem. Nisi vitae saepe sunt esse deleniti consectetur ratione ut. Vel optio aut ipsa fugiat amet debitis id. Dolore doloremque quidem magni est fugit velit quibusdam.', 'https://www.presse-citron.net/app/uploads/2021/06/netflix-geeked-week-summer-game-fest-2021.jpeg', '2022-05-13 15:38:32', '2022-05-15 11:29:55', 81),
(4611, 640, NULL, 42846, 'quo accusantium possimus architecto voluptatem et voluptas recusandae tenetur consequatur', 'Nihil nostrum quo dolores consequatur non quisquam voluptate. Vitae natus et consectetur quia consequatur enim voluptatem. Vero aliquid suscipit reprehenderit iste et velit fuga. Itaque facere quaerat repellat dolor perferendis.', 'https://happydays365.org/wp-content/uploads/2020/05/Geek-Pride-Day-1080x630.jpg', '2022-01-13 01:51:03', '2022-01-13 08:27:37', 448),
(4612, 639, 8879, 42998, 'odio delectus vitae rerum laudantium dolorem', 'Quam totam nisi laboriosam ad cumque explicabo. Vel et reiciendis totam et. Dolorum dolorum assumenda ratione iusto omnis. Mollitia et laboriosam quod hic numquam similique quos.', 'https://www.rostercon.com/wp-content/uploads/2021/09/dcfandome-2021.jpg', '2022-01-22 01:42:14', '2022-01-23 23:30:03', 124),
(4613, 641, 8897, 43079, 'enim saepe autem', 'Perspiciatis molestiae ullam delectus. Nostrum sit ex aut. Soluta repudiandae unde id culpa. Qui est dolores dicta optio voluptatem. Nemo aut voluptatem nihil maiores odio ea magni. Neque voluptatibus quas molestias laborum rerum assumenda reiciendis.', 'https://www.presse-citron.net/app/uploads/2021/05/koch-media-e3-conference.jpeg', '2022-06-02 06:49:45', '2022-06-03 17:52:26', 496),
(4614, 641, 8947, 43081, 'soluta illum placeat aperiam omnis vel eum aperiam quisquam enim', 'Voluptate odit dolores ex minus. Ullam expedita quam quia vel necessitatibus sint. Nemo fuga in earum mollitia est laborum corrupti fugiat. Aliquid quia veniam dolores sit incidunt qui. Velit et minima culpa ut.', 'https://www.rom-game.fr/multimedia/agenda/211005_videgreniergeekpampuyre2022.jpg', '2022-02-10 17:11:25', '2022-02-13 13:08:03', 476),
(4615, 642, 8922, 43130, 'quis id assumenda id voluptatem animi ea unde', 'Dicta aut nostrum laboriosam sit dignissimos veritatis doloremque. Dolores accusamus dicta culpa et. Quis omnis fugiat ut quasi. Eveniet corrupti eaque dolor reiciendis laboriosam. Dicta ut dolor debitis saepe est numquam omnis. Consequatur voluptatem iste culpa eius.', 'https://www.poilsdemartre.fr/medias/images/japan-touch.jpg', '2022-04-12 16:40:45', '2022-04-14 17:03:08', 396),
(4616, 641, NULL, 42725, 'consectetur illo tenetur iste esse', 'Ut et quis ipsa qui. Numquam voluptatem et neque quam ab. Qui animi quia autem excepturi. Voluptatem accusamus tempore veniam delectus. Inventore ipsam voluptatem ipsam id. Et enim eum temporibus a laudantium occaecati id.', 'https://www.presse-citron.net/app/uploads/2021/05/koch-media-e3-conference.jpeg', '2022-04-11 03:22:17', '2022-04-11 19:06:54', 205);

-- --------------------------------------------------------

--
-- Structure de la table `event_category`
--

CREATE TABLE `event_category` (
  `id` int(11) NOT NULL,
  `name` varchar(50) COLLATE utf8mb4_unicode_ci NOT NULL
) ENGINE=InnoDB DEFAULT CHARSET=utf8mb4 COLLATE=utf8mb4_unicode_ci;

--
-- Déchargement des données de la table `event_category`
--

INSERT INTO `event_category` (`id`, `name`) VALUES
(638, 'Convention'),
(639, 'Partie en ligne'),
(640, 'Partie en local (LAN Party)'),
(641, 'Tournoi'),
(642, 'Meeting'),
(643, 'Vente aux enchères / troc'),
(644, 'Conférence');

-- --------------------------------------------------------

--
-- Structure de la table `manga`
--

CREATE TABLE `manga` (
  `id` int(11) NOT NULL,
  `category_id` int(11) NOT NULL,
  `name` varchar(50) COLLATE utf8mb4_unicode_ci NOT NULL,
  `description` longtext COLLATE utf8mb4_unicode_ci NOT NULL,
  `picture` varchar(255) COLLATE utf8mb4_unicode_ci NOT NULL,
  `author` varchar(50) COLLATE utf8mb4_unicode_ci NOT NULL
) ENGINE=InnoDB DEFAULT CHARSET=utf8mb4 COLLATE=utf8mb4_unicode_ci;

--
-- Déchargement des données de la table `manga`
--

INSERT INTO `manga` (`id`, `category_id`, `name`, `description`, `picture`, `author`) VALUES
(4131, 297, 'id inventore', 'Rerum sequi officia veniam ratione. Consequatur molestiae impedit voluptatum. Quos dolor fuga consequatur facilis dolores. Voluptatem quis ipsam perspiciatis tempore aspernatur natus dolorum. Consequatur amet voluptas amet quo beatae provident sit saepe. Aut ab libero fuga harum sunt ut.', 'https://images-na.ssl-images-amazon.com/images/I/71FH4o9mO3S.jpg', 'Paris Schmidt'),
(4132, 295, 'et ad', 'Sint deleniti aliquid qui ullam et molestiae nesciunt dignissimos. Dolor possimus cumque aspernatur quam. Sed dicta incidunt ut veritatis sequi sit aut aut. Vitae inventore voluptatibus est deserunt hic vero ut. Molestias quia perspiciatis placeat qui.', 'https://images-na.ssl-images-amazon.com/images/I/81VDeAyH1GL.jpg', 'Jaren Bruen'),
(4133, 295, 'reprehenderit voluptatem ut', 'Reprehenderit dolorem mollitia aut ad ea rerum repellendus. Error magnam magnam dolorum consectetur quibusdam. Sit explicabo est earum molestias voluptas. Aut quos laborum ut sed dolores voluptas.', 'https://images-na.ssl-images-amazon.com/images/I/81H14PAKlPL.jpg', 'Kennedi Russel'),
(4134, 297, 'officia', 'Id pariatur odio quis iste voluptatem. Eius dolores ipsum voluptatem consectetur. Laboriosam quis eaque quas rerum non nesciunt. Facere debitis adipisci dolores quo. Vitae delectus unde assumenda vitae enim est quia. Voluptatum explicabo in consequatur odio et.', 'https://images-na.ssl-images-amazon.com/images/I/913g8zhpCYL.jpg', 'Aniya Langworth'),
(4135, 297, 'illo', 'Natus porro doloribus quis saepe. Quo voluptatem est dolor labore quasi. Voluptates dolorem quo quod consequatur quod officiis. Aut sapiente quo cumque fugiat suscipit suscipit. Exercitationem iusto repellat magni et. Sunt quidem quisquam voluptatem aliquid. Occaecati iste mollitia vitae est.', 'https://images-na.ssl-images-amazon.com/images/I/81Z5oMQHqaL.jpg', 'Minnie Bernier'),
(4136, 294, 'qui quos voluptas rem', 'Modi voluptatem voluptates aut et in voluptatem reprehenderit. Enim sunt et iste aperiam ad. Recusandae non odit aliquam non asperiores. Accusamus mollitia voluptas atque accusamus ducimus ducimus aspernatur. Ex animi ut blanditiis ipsam totam. Nobis odit dolore ut ut ducimus dolores.', 'https://images-na.ssl-images-amazon.com/images/I/81dfhgbb2qL.jpg', 'Emmet Lesch'),
(4137, 295, 'error quidem ut perferendis', 'Qui quia harum explicabo cupiditate. Et architecto in rerum nulla. Vitae illum ex veniam placeat eaque quibusdam. Adipisci est totam perferendis cumque molestias. Deleniti rerum veritatis et reiciendis magni sapiente id. Laboriosam quia accusamus nisi officiis libero.', 'https://images-na.ssl-images-amazon.com/images/I/91tYV+R03kL.jpg', 'Ariane Upton'),
(4138, 294, 'laboriosam officiis necessitatibus', 'Quaerat sunt quis enim aut aut magnam soluta. Numquam aliquam doloremque quis quasi. Vero sed aut nihil harum. Numquam explicabo et iusto incidunt fuga odit. Consequatur ut dolor illo vitae. Harum atque non doloribus voluptatem amet dolorem earum. Neque at sint a quibusdam nihil modi est.', 'https://images-na.ssl-images-amazon.com/images/I/91yiBtD0imL.jpg', 'Eula Botsford'),
(4139, 297, 'explicabo velit expedita', 'Harum ut omnis architecto. Debitis dolores qui aspernatur alias dicta fugiat. Enim aut temporibus placeat et sunt nihil cum quo. Qui enim cum nostrum sed fuga. Fugiat sit enim soluta numquam eos. Eum eos dolor quod officia ipsa facilis repellendus. Eaque illo nobis odit qui.', 'https://images-na.ssl-images-amazon.com/images/I/91OuigKWs+L.jpg', 'Carley Orn'),
(4140, 294, 'itaque cum aut quia', 'Soluta non quisquam veritatis qui. Porro optio magnam aut adipisci rerum ratione rem. Asperiores vero tempora voluptatem impedit. Nihil totam veniam iusto suscipit labore perspiciatis numquam.', 'https://images-na.ssl-images-amazon.com/images/I/91xNW4qPPfL.jpg', 'Leonel Ratke'),
(4141, 297, 'eum reiciendis impedit ratione', 'Magni necessitatibus vel consequatur. Quia cumque asperiores accusamus voluptatem dolore. Et quis est aspernatur nihil cumque. Sequi animi eos sit ut sunt et ut facilis. Ab non quisquam consectetur autem adipisci. Blanditiis totam optio voluptatem corporis.', 'https://images-na.ssl-images-amazon.com/images/I/91xNW4qPPfL.jpg', 'Kiel Gottlieb'),
(4142, 296, 'quia harum', 'Et quidem debitis sit rem sint officiis in neque. Velit deserunt molestias vitae consequatur. Et nam rerum cupiditate veritatis voluptate a. Labore eos placeat possimus nemo non. Ad est ut ut omnis doloremque esse. Odit provident consequatur rerum dolorum ut voluptates voluptatem.', 'https://images-na.ssl-images-amazon.com/images/I/91yiBtD0imL.jpg', 'Henri Johns'),
(4143, 295, 'id in et', 'Rerum aut impedit porro nihil a. Itaque qui atque quisquam consequatur. Dolorem atque consequatur vitae odio numquam possimus. Est dolorem facere est magni quod. Numquam ut consequatur voluptatibus at. Ut nulla est necessitatibus eius laborum.', 'https://m.media-amazon.com/images/I/81zUMXGbNGL._AC_SL1500_.jpg', 'Dock Rath'),
(4144, 295, 'eius magnam', 'Voluptates et voluptatem explicabo perspiciatis voluptate quo. Aperiam iste animi asperiores sunt. Ipsam ut rerum et occaecati rerum doloremque explicabo. Enim perspiciatis eius architecto accusantium vitae sit qui. Saepe ea esse et repudiandae sit fugiat.', 'https://images-na.ssl-images-amazon.com/images/I/91yiBtD0imL.jpg', 'Jacklyn Daugherty'),
(4145, 296, 'ut voluptas velit tenetur', 'Ut saepe quam quod sapiente repudiandae quo rerum tempora. Consequatur autem omnis esse voluptatem. Asperiores neque illo vel. Maxime dolores voluptatem debitis non quas. Magni ipsa consequatur fuga corporis. Aut esse sed rerum rerum. Veniam nisi repellendus ex.', 'https://images-na.ssl-images-amazon.com/images/I/818SKXrgHaL.jpg', 'Henderson Sauer'),
(4146, 297, 'rem voluptate', 'Incidunt et asperiores perferendis laboriosam animi eligendi ut doloribus. Est voluptatem nulla accusantium tempore id sint consequatur. Corporis minima tenetur rerum id illum ut vero. Beatae maiores ipsa recusandae provident at enim. Iure atque soluta hic iure qui vero.', 'https://images-na.ssl-images-amazon.com/images/I/61BhDFVSCTL.jpg', 'Maybell Block'),
(4147, 294, 'aut alias quasi', 'Velit sed quidem et perspiciatis doloribus temporibus. Maxime reprehenderit pariatur ipsam. Sunt ut quaerat voluptas odit soluta omnis qui.', 'https://images-na.ssl-images-amazon.com/images/I/91yiBtD0imL.jpg', 'Violet Oberbrunner'),
(4148, 294, 'ducimus architecto non est', 'Repellendus eos quisquam dolorem sit aut doloribus. Aspernatur delectus rem soluta ullam. Cum voluptas aut repudiandae est et officia veritatis. Necessitatibus maxime illo et dolor. Tempore reiciendis possimus delectus reprehenderit in amet.', 'https://images-na.ssl-images-amazon.com/images/I/81mWACgHKxL.jpg', 'Stanford Stanton'),
(4149, 295, 'adipisci', 'Vero in nostrum sunt suscipit in. Eaque quis quaerat accusantium eius perspiciatis dolorem repudiandae. Quos sequi velit voluptatem rem. Delectus consectetur voluptatem autem. Qui ab error dolor eos. Eos ea consectetur sit molestiae nemo deserunt. Qui sunt non eaque eveniet nam enim.', 'https://www.gbposters.com/media/catalog/product/cache/2/image/9df78eab33525d08d6e5fb8d27136e95/f/a/fairy-tail-quad-maxi-poster-1.133.jpg', 'Marietta Krajcik'),
(4150, 295, 'molestiae', 'Voluptatibus sit ut pariatur accusamus et eum soluta. Quas inventore consectetur commodi nisi excepturi quibusdam. Aut voluptas voluptates nemo.', 'https://images-na.ssl-images-amazon.com/images/I/91a19RuprqL.jpg', 'Doris Bayer'),
(4151, 296, 'modi et fugit', 'Cum ipsam et quam est nulla. Vero aut rerum commodi animi rem tempora autem. Accusantium quam officia fugit consequatur in. Ut quos unde explicabo magnam sapiente. Et maiores nostrum pariatur aut magni alias molestiae. Unde officia voluptatem nam.', 'https://images-na.ssl-images-amazon.com/images/I/91a19RuprqL.jpg', 'Rose Bashirian'),
(4152, 295, 'exercitationem', 'Soluta et dicta sunt et veritatis. Eum est qui voluptates fuga. Veritatis et corrupti ut sed dolores distinctio. Sint ea quisquam earum similique. Reprehenderit aut est eligendi ut doloribus sint id. Autem qui omnis voluptatibus maiores tempora eos aut fuga. Omnis ipsum et quam unde eos.', 'https://www.gbposters.com/media/catalog/product/cache/2/image/9df78eab33525d08d6e5fb8d27136e95/f/a/fairy-tail-quad-maxi-poster-1.133.jpg', 'Juliana Prohaska'),
(4153, 294, 'repellendus commodi', 'Natus atque sit repellendus nostrum qui velit. Vel tenetur ut velit quo fuga quibusdam quia. Tenetur consequatur consequatur dolor cupiditate voluptatem possimus animi animi. Aut quam sed mollitia natus. Fuga consequuntur est neque repudiandae qui velit enim dolorem.', 'https://images-na.ssl-images-amazon.com/images/I/81Z5oMQHqaL.jpg', 'Asha Yost'),
(4154, 295, 'ex', 'Consequuntur perferendis magnam iusto saepe culpa. Deserunt aut ipsam aut eos enim qui itaque necessitatibus. Praesentium eaque error perferendis fugiat.', 'https://images-na.ssl-images-amazon.com/images/I/91OuigKWs+L.jpg', 'Freeda Ritchie'),
(4155, 296, 'explicabo', 'Eligendi corporis sed nostrum quae. Modi odio et animi et quos adipisci qui. Et maiores omnis et dignissimos. Et dolore tempore eaque deserunt in vitae. Quis veniam qui consequuntur voluptatem molestiae est dignissimos. Eius saepe necessitatibus beatae placeat soluta est consequatur.', 'https://images-na.ssl-images-amazon.com/images/I/913g8zhpCYL.jpg', 'Rossie Jast'),
(4156, 297, 'eum quia recusandae quaerat', 'Qui aut ipsa repellat molestias corrupti dignissimos magnam beatae. Laborum repellat facere et rerum ad. Nisi cum earum earum dolorem doloremque. Consequatur unde exercitationem neque similique omnis maiores reprehenderit incidunt.', 'https://images-na.ssl-images-amazon.com/images/I/91xNW4qPPfL.jpg', 'Josiah Doyle'),
(4157, 296, 'neque molestiae consequatur', 'Consequatur quibusdam numquam voluptas et numquam asperiores magni. Nisi amet ut molestiae quia. Illum quis ea unde maxime enim. Sint molestiae natus molestias totam.', 'https://images-na.ssl-images-amazon.com/images/I/81dfhgbb2qL.jpg', 'Gabrielle Oberbrunner'),
(4158, 294, 'repellat et nostrum', 'Vel iure iste ullam velit ut cumque reiciendis. Cum qui tempora architecto dignissimos hic. Cum quas a ipsa tempora esse quibusdam minima est. Modi deserunt qui natus mollitia.', 'https://images-na.ssl-images-amazon.com/images/I/71FH4o9mO3S.jpg', 'Axel Donnelly'),
(4159, 295, 'molestiae minima', 'Voluptas velit provident ea deserunt eius et. Qui nobis libero pariatur dolor. Commodi omnis ratione ipsam provident dolorum. Esse laudantium molestias nobis et doloremque ducimus similique.', 'https://www.pika.fr/sites/default/files/images/livres/couv/9782811607135-T.jpg', 'Orval Weissnat'),
(4160, 294, 'nulla exercitationem fugiat reprehenderit', 'Ipsa pariatur voluptatem quia laborum libero aspernatur natus. Repudiandae aut quia culpa nemo soluta sit. In quo tempore veniam numquam excepturi sed quam. Vel ut illo quia ut qui. Modi officia aliquam rerum sint. Aliquam fugiat inventore fuga harum enim officia dolorem.', 'https://images-na.ssl-images-amazon.com/images/I/91hcXocudXL.jpg', 'Elijah Little'),
(4161, 295, 'ullam exercitationem blanditiis porro', 'Expedita id exercitationem dolor voluptatem quo. Omnis consequuntur est provident autem vero voluptatem id. Rerum quia rerum ex ut est reiciendis dicta.', 'https://images-na.ssl-images-amazon.com/images/I/918Ai9a893L.jpg', 'Justen Nienow'),
(4162, 296, 'qui minus et natus', 'Laboriosam deserunt cum praesentium. Et et ratione eligendi illo. Id vel rerum blanditiis tempore esse magnam dignissimos. Voluptas ullam recusandae architecto vitae numquam.', 'https://images-na.ssl-images-amazon.com/images/I/81Z5oMQHqaL.jpg', 'Magdalen Swaniawski'),
(4163, 296, 'in', 'Totam nihil excepturi recusandae vel nesciunt dolor officia. Sit nulla dolores est possimus reiciendis earum. Eius quos voluptas nam quas molestiae rerum odio. Aspernatur veniam quam iusto vero magnam voluptate qui.', 'https://images-na.ssl-images-amazon.com/images/I/61BhDFVSCTL.jpg', 'Liam Kertzmann'),
(4164, 294, 'quia nesciunt eos', 'Omnis similique neque voluptatem. Rerum in non debitis illum minima provident cum. Iure eaque exercitationem debitis autem. Eveniet tempore ea in distinctio aut voluptatem.', 'https://fr.web.img5.acsta.net/pictures/21/02/16/12/45/5319199.jpg', 'Nyah Abshire'),
(4165, 295, 'praesentium', 'Voluptatem delectus alias temporibus nihil at provident minus. Sit voluptatum itaque voluptatem dolores excepturi. Placeat est ipsam voluptatem voluptatum ducimus perferendis dolorem. Qui delectus totam asperiores id non voluptas sit.', 'https://www.gbposters.com/media/catalog/product/cache/2/image/9df78eab33525d08d6e5fb8d27136e95/f/a/fairy-tail-quad-maxi-poster-1.133.jpg', 'Hank Bergnaum'),
(4166, 297, 'sequi', 'Laudantium quibusdam neque asperiores sint. Corrupti sed minima molestiae quae quam enim dolor. Hic explicabo eum necessitatibus rerum perspiciatis. Et vel qui id rerum magnam doloremque quia ad. Culpa architecto in tempore non sit sunt consequatur.', 'https://fr.web.img5.acsta.net/pictures/21/02/16/12/45/5319199.jpg', 'Karine Beatty'),
(4167, 294, 'autem placeat', 'Voluptas voluptatibus error perferendis corporis delectus corrupti. Optio non deleniti blanditiis iure. Repellat quia ipsam maxime incidunt vel. Dignissimos sint eum architecto modi alias quia.', 'https://images-na.ssl-images-amazon.com/images/I/91yiBtD0imL.jpg', 'Gennaro Bergnaum'),
(4168, 295, 'est', 'Dicta beatae voluptates ut aut quia eveniet. Tempore et eligendi voluptas molestias placeat dolorum animi. Enim eos dolorem omnis et eveniet molestiae impedit. Exercitationem doloremque et aut ut enim a eos. Vitae quisquam maiores voluptates.', 'https://images-na.ssl-images-amazon.com/images/I/91tYV+R03kL.jpg', 'Jaron Lebsack'),
(4169, 296, 'qui placeat omnis aut', 'Nesciunt autem mollitia vitae aut possimus id ipsa. Ut voluptas ut dolorem. Eos est et et quam et ad. Ea ex doloremque unde rerum fugiat. Suscipit molestias facere eveniet corrupti et totam ea. Fugit esse mollitia id ipsa.', 'https://images-na.ssl-images-amazon.com/images/I/81dfhgbb2qL.jpg', 'Kelsi Kertzmann'),
(4170, 295, 'modi eaque deserunt', 'Incidunt accusamus voluptatum nulla quo eveniet. Ab consectetur facilis culpa voluptas consequatur tenetur. Earum dolorem est dicta corrupti tempore exercitationem.', 'https://www.pika.fr/sites/default/files/images/livres/couv/9782811607135-T.jpg', 'Herman Bosco'),
(4171, 297, 'vero', 'Alias est velit ut neque eum incidunt iste. Asperiores hic ut quo autem nihil. Amet quasi et accusantium aperiam sit perspiciatis odit qui. Ad neque vero voluptatem consectetur qui laborum itaque sint. Perspiciatis doloribus numquam et et. Perferendis recusandae perspiciatis eos tenetur id.', 'https://images-na.ssl-images-amazon.com/images/I/81Z5oMQHqaL.jpg', 'Piper Ledner'),
(4172, 294, 'exercitationem necessitatibus', 'Labore ipsa ipsa cumque dolore. Libero qui ex nulla sunt et. Quae voluptatum possimus sit omnis. Nam incidunt voluptas perspiciatis odio repellendus exercitationem.', 'https://images-na.ssl-images-amazon.com/images/I/71V1kRB2fTL.jpg', 'Verda Bogan'),
(4173, 295, 'perspiciatis corrupti quo est', 'Quia qui et qui tenetur rerum laudantium voluptatem. Velit et ipsam sequi id labore mollitia ratione. Rerum sapiente odio omnis repellat consequuntur.', 'https://www.pika.fr/sites/default/files/images/livres/couv/9782811607135-T.jpg', 'Krystel Beer'),
(4174, 295, 'ut', 'Omnis porro et rerum. Architecto alias facere inventore eos consequatur. Facilis sunt iste ab omnis ad blanditiis. Quaerat aspernatur tempora aperiam est ullam laborum qui.', 'https://images-na.ssl-images-amazon.com/images/I/818SKXrgHaL.jpg', 'Pascale Pfeffer'),
(4175, 294, 'voluptatem ea', 'Est et neque dolores quasi. Vitae dolorem culpa voluptatem non exercitationem. Veritatis a modi doloremque suscipit. Ut ut quos aut dolores porro aut est. Minus alias dignissimos quod velit. Perferendis ea asperiores atque. Aut pariatur id quo nobis.', 'https://m.media-amazon.com/images/I/81zUMXGbNGL._AC_SL1500_.jpg', 'Vernon Upton'),
(4176, 295, 'tempore quidem id voluptatum', 'Ullam velit possimus hic consequatur. Dolores voluptas excepturi deleniti animi id sit. Doloremque soluta et hic laborum. Libero aut officia voluptatem ipsam. Blanditiis quos nihil sint saepe. Et recusandae neque fuga voluptatem nihil autem voluptate. Sapiente et accusamus ut et eum cumque nulla.', 'https://images-na.ssl-images-amazon.com/images/I/81YMjfFuX6L.jpg', 'Jadyn Lubowitz'),
(4177, 296, 'voluptas', 'Quasi quisquam quis repellat ut. Sed vel beatae quia consequatur cumque accusantium eius ut. Velit in voluptas eos voluptates. Praesentium praesentium voluptatum molestiae. Reiciendis corrupti sunt placeat in doloremque ullam repellat. Voluptatibus autem quod ut quae.', 'https://images-na.ssl-images-amazon.com/images/I/71iPhxzPaoL.jpg', 'Ena Lindgren'),
(4178, 297, 'dolorum beatae sint', 'Magni sed expedita aut error odit reiciendis. Omnis magnam odit voluptate excepturi aut voluptatibus quidem. Modi ratione inventore nihil dolorem assumenda consequatur sit quos.', 'https://images-na.ssl-images-amazon.com/images/I/81YMjfFuX6L.jpg', 'Josefina Zulauf'),
(4179, 297, 'reprehenderit hic', 'Ut sunt sequi omnis nobis facilis laborum. Labore nihil magni recusandae debitis. Omnis ad at doloremque ut blanditiis vel. Sit dolores quibusdam fugiat. Blanditiis et similique qui alias voluptas dolores et. Cupiditate voluptatem dolorum blanditiis iure numquam molestiae dolorem.', 'https://images-na.ssl-images-amazon.com/images/I/61BhDFVSCTL.jpg', 'Cara Schmidt'),
(4180, 294, 'nostrum et voluptates', 'Qui voluptas doloremque nemo eius iure necessitatibus unde dolores. Quae illum dolor non rerum voluptate accusamus. Ab harum odio aut voluptatem dolor. Accusantium quidem provident eaque sequi inventore libero. Commodi autem doloribus qui provident. Omnis quae animi quia dolorem.', 'https://images-na.ssl-images-amazon.com/images/I/71V1kRB2fTL.jpg', 'Joey Steuber'),
(4181, 294, 'quis aut officiis', 'Sed iure aut ut cumque fugiat dignissimos atque. Magni non aliquid qui consequatur. Voluptas in repellendus rerum nobis odio possimus voluptatem pariatur.', 'https://images-na.ssl-images-amazon.com/images/I/81YMjfFuX6L.jpg', 'Savanah Kihn'),
(4182, 297, 'rerum', 'Molestiae quo laborum enim totam corrupti. Similique odio et iure totam. Eum repellendus et neque provident quia dolor. Optio optio totam est nam hic expedita reprehenderit necessitatibus. Accusamus vel odit dicta enim iste id nam.', 'https://images-na.ssl-images-amazon.com/images/I/91OuigKWs+L.jpg', 'Makenna Huel'),
(4183, 295, 'est', 'Soluta est fugit cumque deserunt dolor quo nemo ut. Facilis magnam excepturi quibusdam omnis. Praesentium repudiandae voluptatum autem ut quidem minus.', 'https://images-na.ssl-images-amazon.com/images/I/91hcXocudXL.jpg', 'Camylle Reichert'),
(4184, 295, 'quo in non blanditiis', 'Asperiores repellat voluptate consequatur voluptatem. Voluptatum ut facilis voluptates officia eos atque voluptates. Nihil voluptatem quo est aut tenetur facilis sed quia.', 'https://images-na.ssl-images-amazon.com/images/I/81VDeAyH1GL.jpg', 'Kathryn D\'Amore'),
(4185, 297, 'magni ipsam', 'Voluptatum rerum rem facere eum recusandae aliquam. Excepturi delectus vero quia. Nostrum atque reiciendis quas ut. A omnis dignissimos quisquam sit numquam impedit.', 'https://images-na.ssl-images-amazon.com/images/I/91OuigKWs+L.jpg', 'Gus Corwin'),
(4186, 297, 'qui tempore', 'Ea excepturi deleniti id atque commodi officiis. Et quibusdam et rerum et. Qui dolor earum sit numquam ut. Hic et voluptas asperiores culpa suscipit perferendis sit. Id at unde enim. Ut est vitae doloremque magni et voluptatem. Fugit dicta nisi architecto non in.', 'https://images-na.ssl-images-amazon.com/images/I/81YMjfFuX6L.jpg', 'Jayda Willms'),
(4187, 294, 'in', 'Earum est veniam voluptatem voluptates commodi repellendus. Quod nobis sequi omnis iste voluptatem porro. Odit itaque quia labore et optio. Fuga impedit laboriosam omnis debitis. Perspiciatis sint voluptatem atque ut tempore. Eligendi reprehenderit eius id qui natus necessitatibus.', 'https://images-na.ssl-images-amazon.com/images/I/913g8zhpCYL.jpg', 'Cicero Feil'),
(4188, 296, 'recusandae', 'Ut quod rem magnam qui at qui dolor perferendis. Est illo necessitatibus doloremque id porro. Ut tempora dicta eum maiores voluptates molestiae sequi. Debitis delectus et voluptatibus aut ut et ut.', 'https://images-na.ssl-images-amazon.com/images/I/91tYV+R03kL.jpg', 'Bobby Beatty'),
(4189, 297, 'enim', 'Commodi vel provident cupiditate accusantium. Odio repudiandae aperiam corrupti nemo. Illo eveniet ab reprehenderit ducimus aut voluptatibus. Exercitationem quo sint est vero inventore vel. Enim tenetur inventore eos architecto. Voluptatem iste sit et esse autem illum labore.', 'https://images-na.ssl-images-amazon.com/images/I/918Ai9a893L.jpg', 'Krystel Gottlieb'),
(4190, 295, 'est voluptatem ratione', 'Ut nisi est sequi blanditiis voluptatem nihil explicabo. Sit architecto nisi deserunt vero reiciendis. Dolor consectetur consequatur itaque dicta ad. Perspiciatis qui consequatur tempora accusamus. Quam iste qui velit. Quasi aspernatur ex praesentium aut. Consequatur corrupti et sint nulla.', 'https://images-na.ssl-images-amazon.com/images/I/91tYV+R03kL.jpg', 'Brennon Larson'),
(4191, 295, 'pariatur necessitatibus', 'Atque iusto autem provident. Est vel sunt ab. Quia qui impedit aliquid cum fuga soluta qui sequi. Est est repudiandae neque sunt voluptates et. Non commodi excepturi aut et dolorum quaerat.', 'https://images-na.ssl-images-amazon.com/images/I/71iPhxzPaoL.jpg', 'Abby Williamson'),
(4192, 294, 'ea', 'Enim dolore magnam labore ipsa sed sed. Deleniti repellendus fugit expedita dolorem tempora similique. Sed earum officiis voluptate culpa. Nemo aut ex nemo quisquam magnam. Non officiis est cum. Amet autem rerum dicta quia.', 'https://images-na.ssl-images-amazon.com/images/I/61BhDFVSCTL.jpg', 'Mike Barrows'),
(4193, 295, 'quo', 'Ipsam molestias asperiores voluptatem quisquam optio molestiae. Sunt nobis error explicabo. Nesciunt ut deleniti consequatur delectus iste rerum. Vel nam illo possimus doloribus ratione.', 'https://images-na.ssl-images-amazon.com/images/I/91xNW4qPPfL.jpg', 'Robyn Hettinger'),
(4194, 297, 'quo reiciendis repellat quasi', 'Aut quibusdam rerum nam ea eos aut. Quo et corrupti maiores repellendus incidunt. Ab atque ullam nemo inventore est. Sapiente numquam nisi velit qui aperiam architecto a. Commodi qui consequatur aut ipsa quibusdam quia neque. Voluptatem consequatur atque eos deserunt.', 'https://images-na.ssl-images-amazon.com/images/I/91a19RuprqL.jpg', 'Maximus Grady'),
(4195, 295, 'aut et aliquid beatae', 'Quis est corrupti neque porro exercitationem. Error voluptas et molestiae et. Ratione adipisci similique quia culpa ab placeat rerum voluptas. Sunt laborum porro cupiditate iste reprehenderit delectus dignissimos. Molestias eos sint deleniti voluptatem atque et. Eum ea dolor est voluptas.', 'https://images-na.ssl-images-amazon.com/images/I/71FH4o9mO3S.jpg', 'Gunnar Torp'),
(4196, 294, 'consectetur molestias', 'Laborum qui sit inventore soluta. Odio qui rem alias officia dolor autem. Quo facere ad est quisquam qui. Sint vero a sapiente totam quod ad. Corporis voluptate debitis accusamus quam a. Vel voluptatem laborum eum quia neque qui. Non voluptas sunt labore et rerum sit.', 'https://images-na.ssl-images-amazon.com/images/I/81mWACgHKxL.jpg', 'Trycia Mohr'),
(4197, 296, 'quo atque quidem sit', 'Vel fuga nam officiis et iusto fuga sunt. Dolore id commodi aut vel. Ab mollitia ut placeat. Ut dolorem sit dolores. Fugiat quas optio ad est eum facere. Et harum dolor numquam officia fugit. Repellat dolores voluptatum cupiditate sit velit velit.', 'https://images-na.ssl-images-amazon.com/images/I/81Z5oMQHqaL.jpg', 'Tremayne King'),
(4198, 296, 'tenetur quibusdam recusandae', 'Enim laborum iure corrupti dolores. Nihil ab ab et commodi. Enim temporibus hic nihil eveniet. Culpa quod et rem non ut eaque.', 'https://images-na.ssl-images-amazon.com/images/I/91yiBtD0imL.jpg', 'Darrick Brekke'),
(4199, 295, 'error cum', 'Voluptatem veritatis nisi tempore aperiam iusto qui ab est. Vel aut nostrum ad rem. Provident quisquam occaecati dolore molestias aut. Illum voluptate praesentium nemo velit ut doloribus et. Deleniti voluptas qui et impedit iusto. Sit odio dolores cupiditate consequatur molestias.', 'https://images-na.ssl-images-amazon.com/images/I/818SKXrgHaL.jpg', 'Orie Fay'),
(4200, 294, 'rem vitae molestiae aut', 'Quia corporis dolores dolor aliquid fugit. Quam omnis quod repellat impedit iste. Fugiat quia voluptas aut deleniti.', 'https://images-na.ssl-images-amazon.com/images/I/91OuigKWs+L.jpg', 'Myra Davis'),
(4201, 294, 'nihil', 'Quia sed itaque libero harum voluptatem dolores hic. Minus ullam nostrum voluptatem eligendi. Cum eos est sit. Error voluptas quos pariatur illo tenetur quo placeat. Saepe placeat magnam quos vel. Odit et dolorum sapiente. Dicta blanditiis natus ipsa ipsam saepe nisi ipsam.', 'https://images-na.ssl-images-amazon.com/images/I/81mWACgHKxL.jpg', 'Cletus Nienow'),
(4202, 294, 'illo omnis voluptas', 'Adipisci molestiae consequatur minima corrupti veritatis ratione facilis. Quis dolorem qui voluptatem dicta tempora laboriosam atque.', 'https://images-na.ssl-images-amazon.com/images/I/91xNW4qPPfL.jpg', 'Nedra Eichmann'),
(4203, 296, 'non debitis', 'Eius accusantium voluptate et aut laboriosam. Quia odit in asperiores consequuntur sit sint. Occaecati consequatur corporis suscipit. Aut aliquam recusandae et aut odio.', 'https://images-na.ssl-images-amazon.com/images/I/918Ai9a893L.jpg', 'Roma Schumm'),
(4204, 294, 'est', 'Eos ea exercitationem consequatur consequatur minus et quia. Sunt voluptatem sit in consequatur. Placeat quam illo occaecati odit et perferendis. Facere saepe ipsa enim totam quos.', 'https://images-na.ssl-images-amazon.com/images/I/918Ai9a893L.jpg', 'Dashawn Stracke'),
(4205, 297, 'quia', 'Nemo deleniti dolores unde ipsum explicabo quia architecto. Possimus possimus velit ea qui cupiditate. Et maiores nulla recusandae consectetur est qui. At libero est eveniet cumque aut tenetur laborum.', 'https://images-na.ssl-images-amazon.com/images/I/918Ai9a893L.jpg', 'Margarette Kub'),
(4206, 297, 'iusto inventore quidem', 'Nam consequatur quam reiciendis illum. Voluptatem consequatur omnis nihil porro id. Dolorum occaecati veniam qui et sint. Impedit neque beatae facilis et ut.', 'https://www.gbposters.com/media/catalog/product/cache/2/image/9df78eab33525d08d6e5fb8d27136e95/f/a/fairy-tail-quad-maxi-poster-1.133.jpg', 'Horace Cronin'),
(4207, 294, 'nulla quasi quo architecto', 'Aperiam rerum maxime cum dolor. Dolores illo nihil dolorem quia qui. Praesentium nihil soluta facere sit ipsum iusto. Rerum soluta architecto numquam sit sapiente odit suscipit. Culpa impedit alias illo et. Et ea et quia sequi voluptates iste.', 'https://images-na.ssl-images-amazon.com/images/I/71iPhxzPaoL.jpg', 'Mckenzie Hamill'),
(4208, 297, 'vero', 'Tempora quis a nostrum explicabo. Eos sit et sed ut. Sapiente voluptatum nemo tempore. Molestiae modi vel fugit soluta consequuntur ad maxime facere. Aut odio saepe veritatis. Quo repellat debitis aspernatur debitis porro dolorum sequi.', 'https://images-na.ssl-images-amazon.com/images/I/81mWACgHKxL.jpg', 'Marcelo Borer'),
(4209, 296, 'dolores mollitia quo', 'Nihil eaque quia est accusamus quis id. Quia soluta voluptatem explicabo voluptatibus sapiente. Modi magni ipsam provident non aut. Iusto et illum in numquam repellat laboriosam atque ut.', 'https://images-na.ssl-images-amazon.com/images/I/71iPhxzPaoL.jpg', 'Gladys Mills'),
(4210, 294, 'nam omnis quaerat tenetur', 'Quia repellat praesentium quod quibusdam adipisci incidunt dolorum. Laboriosam minus qui adipisci recusandae est. Et eos autem quia aut rem eligendi. Et ullam qui enim. Voluptatem illum sed aut. Eius consequatur tempore maxime numquam optio. Dolores nam vitae est animi.', 'https://images-na.ssl-images-amazon.com/images/I/81mWACgHKxL.jpg', 'Melissa Goodwin'),
(4211, 295, 'accusamus aut eveniet', 'Et accusantium aut id iure sit et sit id. Dolore sit tenetur voluptas similique. Est nihil laborum autem cum consequatur corrupti ut. Non unde eos neque occaecati id ut.', 'https://images-na.ssl-images-amazon.com/images/I/818SKXrgHaL.jpg', 'Imogene Jacobson'),
(4212, 295, 'fugiat quasi sit', 'Ut doloremque a commodi neque quidem aut. Ea consectetur in dolor saepe. Nemo voluptatem quo dolorem nihil provident nostrum tenetur. Aliquid amet sunt sit quibusdam eius culpa quis. Eos minima et repellat ipsa vitae. Nisi voluptates et fuga exercitationem. Maxime delectus omnis aut ipsa.', 'https://images-na.ssl-images-amazon.com/images/I/91a19RuprqL.jpg', 'Luciano Corwin'),
(4213, 297, 'voluptatem', 'Tempora occaecati consequatur voluptates consequuntur perferendis. Exercitationem unde maxime fugit voluptatem. Soluta ipsa consequuntur sit illo eaque.', 'https://www.gbposters.com/media/catalog/product/cache/2/image/9df78eab33525d08d6e5fb8d27136e95/f/a/fairy-tail-quad-maxi-poster-1.133.jpg', 'Jerrod Kuhic'),
(4214, 296, 'enim in aut sunt', 'Minus reprehenderit dolores deleniti excepturi explicabo assumenda praesentium. Ducimus qui rerum animi sequi et quam dolore. Consequuntur doloribus quidem in numquam non modi similique. Asperiores doloribus dolore quia.', 'https://m.media-amazon.com/images/I/81zUMXGbNGL._AC_SL1500_.jpg', 'Kaela Bogan'),
(4215, 297, 'illo', 'Est qui nisi molestiae repudiandae sunt. In earum sint quia voluptas porro sed fugiat suscipit. Repudiandae sed aut autem sunt laborum ex velit. Et autem ut aut aut.', 'https://images-na.ssl-images-amazon.com/images/I/818SKXrgHaL.jpg', 'Barry Gleichner'),
(4216, 295, 'reiciendis fugiat', 'Et delectus cumque molestiae rerum nisi expedita. Facilis non repudiandae in voluptatem ut sequi. Eum ut sed vel expedita. Aliquid doloremque incidunt a nemo aut. Maxime voluptatibus deleniti odit soluta natus unde hic dolorem.', 'https://images-na.ssl-images-amazon.com/images/I/918Ai9a893L.jpg', 'Breana Will'),
(4217, 295, 'dolores nostrum esse numquam', 'Excepturi assumenda neque eligendi quisquam consequatur corporis distinctio. Repudiandae officiis autem ut veniam impedit voluptatem delectus. Consectetur ea voluptatem culpa deleniti cupiditate atque. Numquam quo tempora soluta voluptate autem aliquid atque.', 'https://images-na.ssl-images-amazon.com/images/I/71LrevXJ4UL.jpg', 'Kenyon Weber'),
(4218, 295, 'consequatur', 'Nemo quo et et ipsa illum. Veniam sapiente et omnis quam in et. Sit ut aliquam magni tempore nemo quas officia laborum.', 'https://images-na.ssl-images-amazon.com/images/I/913g8zhpCYL.jpg', 'Alene West'),
(4219, 295, 'sit labore', 'Quia eos vero possimus. Et nulla cum qui consequuntur eos id expedita culpa. Consequatur modi molestias consequatur ea esse atque. Excepturi deserunt harum excepturi reiciendis dolore asperiores. Veritatis neque corrupti aliquid eos. Ea nobis voluptas iure et hic officiis.', 'https://images-na.ssl-images-amazon.com/images/I/91a19RuprqL.jpg', 'Leta Medhurst'),
(4220, 295, 'est tempora voluptatem sed', 'Ipsum vel officia veritatis eveniet sunt. Quibusdam accusamus natus modi dignissimos incidunt laborum sed. Consequatur alias sequi quia qui qui et. Et est sit rerum. Ut praesentium nihil consequatur possimus et cumque. Numquam autem et ratione repellendus.', 'https://images-na.ssl-images-amazon.com/images/I/91tYV+R03kL.jpg', 'Colton O\'Connell'),
(4221, 296, 'sit quas ad', 'Accusamus dolores sed non non ducimus nostrum. Id rerum harum dignissimos ratione magni excepturi earum. Doloremque est dolor et ipsam eum fugit quia odit. Quos odit et et neque amet eum voluptates. Et consequatur similique eius accusantium modi. Distinctio odit ipsam debitis dolor.', 'https://images-na.ssl-images-amazon.com/images/I/81YMjfFuX6L.jpg', 'Aubree Schuppe'),
(4222, 294, 'dolore quasi totam', 'Quod aperiam et velit sunt. Esse impedit amet eaque nihil. Ad eum unde rerum sunt sunt voluptatem. Inventore illum aut quis omnis vel natus qui doloremque.', 'https://fr.web.img5.acsta.net/pictures/21/02/16/12/45/5319199.jpg', 'Damien Bartoletti'),
(4223, 296, 'vel sed', 'Voluptatum repellat dolorem quis asperiores aspernatur impedit est hic. Commodi et ad et quia voluptas facilis. Id molestiae velit quia maiores occaecati ea. Natus odio aut sed omnis. Sit cum natus ut optio nisi quas eos. Porro repellat consequuntur dicta molestiae laborum.', 'https://www.pika.fr/sites/default/files/images/livres/couv/9782811607135-T.jpg', 'Zena Shanahan'),
(4224, 295, 'reprehenderit odit quis excepturi', 'Odio neque ut quidem voluptatem enim. Et et ratione reiciendis accusantium. Neque qui exercitationem occaecati adipisci aspernatur suscipit blanditiis.', 'https://images-na.ssl-images-amazon.com/images/I/61BhDFVSCTL.jpg', 'Myles Kozey'),
(4225, 297, 'unde est nostrum', 'Rerum qui ut ut animi non perferendis explicabo. A dicta dolor eius sint. Eum expedita eveniet sit quis non expedita labore. Accusamus beatae corrupti excepturi et. Rerum autem quo eum cum.', 'https://images-na.ssl-images-amazon.com/images/I/81YMjfFuX6L.jpg', 'Janick Jakubowski'),
(4226, 295, 'eum quia voluptatibus accusantium', 'Mollitia ad consectetur officiis. Et sunt voluptatum eaque error quisquam itaque. Et dolorem velit atque consequatur illum. Accusamus voluptas quo sapiente incidunt. Quasi aliquam consequuntur quis quam ex sit et. Dignissimos qui nisi reiciendis nesciunt voluptatem sequi enim necessitatibus.', 'https://images-na.ssl-images-amazon.com/images/I/91yiBtD0imL.jpg', 'Ike Wyman'),
(4227, 297, 'et et deserunt sed', 'Consequatur et ipsum quod et et. Vitae laboriosam vero minima aut sint. Nobis reiciendis placeat natus perferendis. Laudantium et delectus repellat. Praesentium consequatur cum dolore fuga. Itaque vero saepe similique et animi necessitatibus molestiae.', 'https://images-na.ssl-images-amazon.com/images/I/91hcXocudXL.jpg', 'Melisa Cruickshank'),
(4228, 297, 'doloribus unde nemo', 'Excepturi nisi quas et doloremque sunt. Voluptatem illum similique id saepe omnis autem. Voluptate id fuga nam sint eaque. Ab ad ab illo quia magnam inventore quisquam. Dolor rem repellendus quam corporis id ut. Non dignissimos at sed et quo et dignissimos.', 'https://images-na.ssl-images-amazon.com/images/I/81H14PAKlPL.jpg', 'Lavada Labadie'),
(4229, 295, 'culpa', 'Et atque dolorem qui. Provident voluptate beatae commodi repellendus consequuntur et fuga rerum. Incidunt laborum alias commodi molestias. Rerum qui quasi repellendus rerum et ipsa. Deleniti sit quia facere praesentium.', 'https://images-na.ssl-images-amazon.com/images/I/81Z5oMQHqaL.jpg', 'Jeramie Hegmann'),
(4230, 295, 'ut maxime tempore ex', 'Quas pariatur nobis quia soluta debitis impedit rerum. Ducimus eos corporis dolorum labore ex ut. Omnis est unde sit rerum sit nostrum ut aspernatur. Beatae assumenda rerum alias voluptatem.', 'https://images-na.ssl-images-amazon.com/images/I/81H14PAKlPL.jpg', 'Charles Davis');

-- --------------------------------------------------------

--
-- Structure de la table `manga_category`
--

CREATE TABLE `manga_category` (
  `id` int(11) NOT NULL,
  `name` varchar(50) COLLATE utf8mb4_unicode_ci NOT NULL
) ENGINE=InnoDB DEFAULT CHARSET=utf8mb4 COLLATE=utf8mb4_unicode_ci;

--
-- Déchargement des données de la table `manga_category`
--

INSERT INTO `manga_category` (`id`, `name`) VALUES
(293, 'Kodomo'),
(294, 'Shonen'),
(295, 'Shojo'),
(296, 'Seinen'),
(297, 'Josei');

-- --------------------------------------------------------

--
-- Structure de la table `place`
--

CREATE TABLE `place` (
  `id` int(11) NOT NULL,
  `name` varchar(50) COLLATE utf8mb4_unicode_ci NOT NULL,
  `street` varchar(120) COLLATE utf8mb4_unicode_ci NOT NULL,
  `zipcode` varchar(12) COLLATE utf8mb4_unicode_ci NOT NULL,
  `city` varchar(60) COLLATE utf8mb4_unicode_ci NOT NULL,
  `country` varchar(50) COLLATE utf8mb4_unicode_ci NOT NULL
) ENGINE=InnoDB DEFAULT CHARSET=utf8mb4 COLLATE=utf8mb4_unicode_ci;

--
-- Déchargement des données de la table `place`
--

INSERT INTO `place` (`id`, `name`, `street`, `zipcode`, `city`, `country`) VALUES
(8851, 'Petit S.A.R.L.', '55, rue de Aubry', '29 095', 'Carpentier-sur-Riviere', 'France'),
(8852, 'Boyer', '1, chemin Alfred Moreau', '71667', 'Raymond', 'France'),
(8853, 'Lebon SAS', '105, place Gérard Lefevre', '76 513', 'Martins-sur-Mer', 'France'),
(8854, 'Fischer Rousseau S.A.R.L.', '91, impasse Raymond', '13136', 'Bonnet', 'France'),
(8855, 'Bruneau Fouquet S.A.S.', '65, place de Ruiz', '68327', 'Gauthier-sur-Lefevre', 'France'),
(8856, 'Evrard SAS', '7, boulevard de Munoz', '37178', 'Mace', 'France'),
(8857, 'Royer Faure SARL', '79, chemin Lagarde', '61780', 'Pereira-les-Bains', 'France'),
(8858, 'Hoareau Gonzalez SARL', '5, chemin Philippine Gomez', '87 714', 'Rodrigues-la-Forêt', 'France'),
(8859, 'Nicolas', 'boulevard Colin', '46 032', 'Delattre-sur-Jourdan', 'France'),
(8860, 'Gallet Lambert SARL', '62, boulevard Laure Gaudin', '81514', 'Cohen', 'France'),
(8861, 'Dupont', 'rue Gallet', '78 342', 'Valentindan', 'France'),
(8862, 'Guyon', '2, impasse Margaux Rolland', '38 064', 'Regnier', 'France'),
(8863, 'Vasseur', '41, avenue Alain Barre', '83435', 'Nguyen-sur-Wagner', 'France'),
(8864, 'Remy', 'rue de Blin', '78238', 'Garnier', 'France'),
(8865, 'Charpentier', '203, rue De Sousa', '48230', 'Merle', 'France'),
(8866, 'Le Goff Philippe S.A.S.', '15, rue de Bouvet', '16385', 'Hubertboeuf', 'France'),
(8867, 'Le Roux', '35, rue de Masson', '88069', 'FerreiraVille', 'France'),
(8868, 'Dias et Fils', 'place de Buisson', '12495', 'Joseph-sur-Mer', 'France'),
(8869, 'Martel S.A.S.', '4, impasse Philippe Petitjean', '77664', 'Lenoir-sur-Brunet', 'France'),
(8870, 'Fournier', '5, place Pruvost', '10979', 'PascalVille', 'France'),
(8871, 'Simon', '4, boulevard Chauvet', '30 524', 'Gautier', 'France'),
(8872, 'Benoit SA', '4, place de Gros', '36 111', 'Potier-sur-Berger', 'France'),
(8873, 'Teixeira SA', '6, place Claudine Lejeune', '69 081', 'Martins-sur-Pruvost', 'France'),
(8874, 'Allard et Fils', '86, boulevard Rolland', '97094', 'Grondin-sur-Moreau', 'France'),
(8875, 'Riviere', '95, chemin Thierry Courtois', '06468', 'Tessier-les-Bains', 'France'),
(8876, 'Lacombe', '82, rue Benard', '07 728', 'Coulon', 'France'),
(8877, 'Hamel', '40, chemin Albert', '77 767', 'Lopez-la-Forêt', 'France'),
(8878, 'Ribeiro', '2, chemin Mathilde Payet', '57149', 'Cousin-les-Bains', 'France'),
(8879, 'Schmitt', '77, chemin de Barre', '58 797', 'Coulon-sur-Mer', 'France'),
(8880, 'Bourgeois SAS', 'boulevard Thibaut Millet', '30174', 'Voisin', 'France'),
(8881, 'Pichon SA', 'avenue de Roux', '83874', 'Lecomte-sur-Mer', 'France'),
(8882, 'Leroux', '92, chemin Chauvin', '84160', 'Faure', 'France'),
(8883, 'Bailly et Fils', '54, avenue Agathe Blin', '76027', 'Breton', 'France'),
(8884, 'Hamon S.A.', '24, rue de Chauvet', '15590', 'Guerinboeuf', 'France'),
(8885, 'Germain Poirier S.A.R.L.', 'impasse Philippe', '34 587', 'Guibertnec', 'France'),
(8886, 'Regnier Royer SAS', 'chemin Monnier', '67421', 'Dumont', 'France'),
(8887, 'Colin S.A.R.L.', '39, rue de Joly', '62 824', 'LedouxVille', 'France'),
(8888, 'Blin', '7, place de Chauvin', '82352', 'Cordier', 'France'),
(8889, 'Morel', '30, impasse de Leroy', '27 142', 'Boyer-sur-Lemaire', 'France'),
(8890, 'Blondel', 'avenue Legendre', '36 355', 'Klein-les-Bains', 'France'),
(8891, 'Barthelemy Baudry S.A.S.', '78, boulevard Guilbert', '48 148', 'Marion', 'France'),
(8892, 'Ribeiro', '67, impasse Mercier', '78 143', 'Perez-sur-Mer', 'France'),
(8893, 'Lopez SARL', 'avenue Hoareau', '27756', 'LecoqVille', 'France'),
(8894, 'Gauthier', 'avenue Marin', '40 594', 'Galletdan', 'France'),
(8895, 'Joly et Fils', '22, impasse Blanchard', '32712', 'DescampsVille', 'France'),
(8896, 'Pires', '25, boulevard de Teixeira', '59783', 'Lemairenec', 'France'),
(8897, 'Gosselin S.A.', '81, avenue Cousin', '68527', 'Le Goffnec', 'France'),
(8898, 'Samson', 'place de Boulay', '74911', 'Francois', 'France'),
(8899, 'Marin', '86, chemin Christophe Gillet', '17576', 'Martinsdan', 'France'),
(8900, 'Martel Colin S.A.R.L.', '81, rue de Levy', '09457', 'Lemoine-sur-Rousset', 'France'),
(8901, 'Alexandre', '760, boulevard de Lefort', '90 634', 'Royer', 'France'),
(8902, 'Lecomte Chauvet S.A.S.', 'boulevard de Morel', '95 870', 'Leger', 'France'),
(8903, 'Collet Daniel S.A.R.L.', '4, avenue de Bousquet', '57 689', 'GuichardVille', 'France'),
(8904, 'Boucher Samson SARL', '40, rue Alphonse Letellier', '65607', 'Lefort', 'France'),
(8905, 'Barthelemy Lebreton S.A.R.L.', 'boulevard Moulin', '40 751', 'Dupuis-sur-Berger', 'France'),
(8906, 'Descamps', '64, place Baron', '26725', 'LemaitreBourg', 'France'),
(8907, 'Humbert Maillard S.A.R.L.', '38, impasse de Huet', '82 990', 'Dumas', 'France'),
(8908, 'Martel Mercier SARL', '4, avenue de Blin', '07 636', 'Techer', 'France'),
(8909, 'Noel', '56, avenue de Pottier', '59456', 'Faivre', 'France'),
(8910, 'Roche', '37, rue Victor Deschamps', '85926', 'Vincentdan', 'France'),
(8911, 'Dupuis Lebrun S.A.S.', '80, rue Emmanuelle Labbe', '41190', 'Mendes-sur-Lemaire', 'France'),
(8912, 'Marchal', 'avenue de Pruvost', '08938', 'Guilletdan', 'France'),
(8913, 'Vidal SAS', '50, chemin Sabine Brunel', '91 623', 'Evrard-sur-Bazin', 'France'),
(8914, 'Lesage S.A.R.L.', '53, place Barbier', '62986', 'Martins', 'France'),
(8915, 'Bonnin', '85, chemin Patricia Tanguy', '66564', 'Letellier', 'France'),
(8916, 'Lacombe SARL', '182, chemin Étienne Auger', '38 686', 'Petit-sur-Auger', 'France'),
(8917, 'Legendre', '98, impasse Richard', '79418', 'Royer', 'France'),
(8918, 'Loiseau', '18, rue de Pineau', '41041', 'Traore-sur-Roy', 'France'),
(8919, 'Jacques', 'avenue Breton', '81330', 'Vallet-les-Bains', 'France'),
(8920, 'Toussaint SARL', '2, impasse Chevallier', '84032', 'Leveque-les-Bains', 'France'),
(8921, 'Gosselin', '18, boulevard de Chauveau', '16 818', 'Louis', 'France'),
(8922, 'Meyer Alves S.A.R.L.', '38, boulevard Rodrigues', '37118', 'Colletboeuf', 'France'),
(8923, 'Dijoux', '43, avenue Benoît Garcia', '02 085', 'Alexandre-sur-Bodin', 'France'),
(8924, 'Roy SAS', '98, impasse de Gomes', '46416', 'Costa', 'France'),
(8925, 'Rocher', '90, place Théodore Techer', '01816', 'Chretien', 'France'),
(8926, 'Wagner SA', '40, chemin Colette Gosselin', '19 613', 'Olliviernec', 'France'),
(8927, 'Guibert', '89, impasse de Benoit', '54020', 'Fouquet', 'France'),
(8928, 'Vidal SA', '20, avenue de Guillaume', '12 861', 'Reynaud-sur-Carpentier', 'France'),
(8929, 'Diallo S.A.', '455, impasse de Gregoire', '62 438', 'Michel', 'France'),
(8930, 'Costa', '845, boulevard Jeannine Marin', '58380', 'Massondan', 'France'),
(8931, 'Dumont', '37, impasse de Rolland', '00986', 'Bouvet-sur-Marion', 'France'),
(8932, 'Lemoine', '46, avenue de Fischer', '90613', 'Briand', 'France'),
(8933, 'Bailly SAS', '644, place de Guyon', '17275', 'Royer', 'France'),
(8934, 'Auger', '4, boulevard Becker', '88578', 'RenaudVille', 'France'),
(8935, 'Georges et Fils', '2, rue Lorraine Maillard', '71 522', 'Nguyen', 'France'),
(8936, 'Blanchet SARL', 'rue Chretien', '20398', 'Wagner', 'France'),
(8937, 'Chauveau', '65, place Laurent Klein', '08193', 'Ramos', 'France'),
(8938, 'Antoine', '27, rue Lebrun', '82764', 'Beckernec', 'France'),
(8939, 'Roux SARL', '70, rue Lefort', '49 665', 'Philippe-la-Forêt', 'France'),
(8940, 'Dumas S.A.S.', '77, place de Robin', '60462', 'Bonnin-sur-Marie', 'France'),
(8941, 'Lopez SA', '54, chemin Riou', '00911', 'Traore', 'France'),
(8942, 'Hoareau S.A.S.', '74, place Blanchard', '62971', 'Le Gall', 'France'),
(8943, 'Parent', '99, rue de Marchand', '94814', 'Potier-sur-Mer', 'France'),
(8944, 'Besson', '943, avenue Lecomte', '61 525', 'Robert', 'France'),
(8945, 'Techer S.A.S.', '403, rue Didier', '95 126', 'Leblanc', 'France'),
(8946, 'Alexandre SA', '399, rue Seguin', '55573', 'Martelnec', 'France'),
(8947, 'Pereira et Fils', '527, rue Luce Nguyen', '01017', 'BouvierVille', 'France'),
(8948, 'Delattre Mary et Fils', '18, rue Gonzalez', '83440', 'Bruneau', 'France'),
(8949, 'Maurice', '2, chemin Meyer', '07 644', 'Rousseau', 'France'),
(8950, 'Begue Alves S.A.', '88, impasse Verdier', '99 816', 'LarocheVille', 'France');

-- --------------------------------------------------------

--
-- Structure de la table `platform`
--

CREATE TABLE `platform` (
  `id` int(11) NOT NULL,
  `name` varchar(50) COLLATE utf8mb4_unicode_ci NOT NULL
) ENGINE=InnoDB DEFAULT CHARSET=utf8mb4 COLLATE=utf8mb4_unicode_ci;

--
-- Déchargement des données de la table `platform`
--

INSERT INTO `platform` (`id`, `name`) VALUES
(478, 'Playstation 4'),
(479, 'Playstation 5'),
(480, 'Xbox One'),
(481, 'Xbox Series'),
(482, 'Nintendo Switch'),
(483, 'PC'),
(484, 'MAC'),
(485, 'Stadia'),
(486, 'Wii U');

-- --------------------------------------------------------

--
-- Structure de la table `user`
--

CREATE TABLE `user` (
  `id` int(11) NOT NULL,
  `email` varchar(180) COLLATE utf8mb4_unicode_ci NOT NULL,
  `roles` json NOT NULL,
  `password` varchar(255) COLLATE utf8mb4_unicode_ci NOT NULL,
  `username` varchar(50) COLLATE utf8mb4_unicode_ci NOT NULL,
  `birthdate` date NOT NULL
) ENGINE=InnoDB DEFAULT CHARSET=utf8mb4 COLLATE=utf8mb4_unicode_ci;

--
-- Déchargement des données de la table `user`
--

INSERT INTO `user` (`id`, `email`, `roles`, `password`, `username`, `birthdate`) VALUES
(42636, 'rodriguez.gregoire@guerin.fr', '[\"ROLE_USER\"]', '$2y$10$qMC0tke5pdApasco3TQgOuDrx2fnUTEFVllo1ncBiSLJBBUMcq.yW', 'adrienne34', '1963-05-03'),
(42637, 'frederique67@yahoo.fr', '[\"ROLE_USER\"]', '$2y$10$lrJKXyVVjggjZJIF7edOSOIAMpzU73Waqa2dEP80UP4t7/p2jiTka', 'jean.fleury', '2008-04-07'),
(42638, 'hperrier@sfr.fr', '[\"ROLE_USER\"]', '$2y$10$dLx/Qb/rsUa2Ar/D23i8DORqKxPxj6uhY7J6BBqeW80I0kesEhoIi', 'lucie49', '1987-03-24'),
(42639, 'hebert.jerome@hamon.fr', '[\"ROLE_USER\"]', '$2y$10$Ci3r7V0gbMghpFBPZtEpE.E2Ss0v73UM7m9Sq9LG52W5caJCvDfcS', 'munoz.claudine', '1992-07-12'),
(42640, 'nbrunel@orange.fr', '[\"ROLE_USER\"]', '$2y$10$8lhNeEa8MDeQ1RQx9/pcReqxDGrRvH9z3GZ1YnWmZJvCVSQDB.xe2', 'vdidier', '1993-08-01'),
(42641, 'emile28@gmail.com', '[\"ROLE_USER\"]', '$2y$10$fh7HHDi2JvycUoAmmC0umOgon2I1nKGWxJGMT3PB6gtQrlnL2XjNW', 'richard66', '1985-07-23'),
(42642, 'pmace@hotmail.fr', '[\"ROLE_USER\"]', '$2y$10$BeNLl0JqeOQTQW/Sb7bpYOVSYjKx967CDQ5EO9FUsBnbb.mwxEjhG', 'sauvage.martin', '1977-02-19'),
(42643, 'zoe.hernandez@orange.fr', '[\"ROLE_USER\"]', '$2y$10$ZVJa2FHyTZum3VkOFTOjlOM7MrBKzD46tMYg5xo7ChsYszJlprMNK', 'rodrigues.stephanie', '1998-06-26'),
(42644, 'aimee17@yahoo.fr', '[\"ROLE_USER\"]', '$2y$10$gcPjHG27n/kk0OlUQGqSmeBu/wU6LUs5YCydcPzz8Sg63uCiMLU1e', 'vincent.edouard', '1974-08-24'),
(42645, 'danielle09@carpentier.fr', '[\"ROLE_USER\"]', '$2y$10$eZ9lRDBNkNvSZCYrUCiHhuqMC7TOEwJz.Vye2Ai.9s6YCmGr4YN4a', 'victor.martin', '1999-01-18'),
(42646, 'gabriel66@bertin.com', '[\"ROLE_USER\"]', '$2y$10$DehaSEqqlpKY6nI0JkjnoOhZelCg2vfxH.JNJzSVVrCX70djYleEm', 'marthe93', '2008-07-13'),
(42647, 'adrien.maillet@dbmail.com', '[\"ROLE_USER\"]', '$2y$10$6gNwhEEO5QsAidTxRPlXGOfrY/IQa0uQsNvJJU3lv53zcK.AsOpcu', 'poulain.julien', '1963-11-21'),
(42648, 'gerard29@hamon.fr', '[\"ROLE_USER\"]', '$2y$10$kHQdl5sPM/mD5cG8XF5vpeFnVuDAyqIhRY6kjD8Eg/3YndXD0ZHjy', 'juliette22', '2005-07-08'),
(42649, 'josette24@dbmail.com', '[\"ROLE_USER\"]', '$2y$10$Y2i1PchLfLHXRDJlVaPx5u7dts.eW/GZVNlhStIyZMNJjzZ5cIXhS', 'audrey.potier', '1985-10-04'),
(42650, 'roussel.isabelle@bouvet.fr', '[\"ROLE_USER\"]', '$2y$10$nN1pC0yQ1QVbNf2WOpxiLOce7N9KYIsra2P.yFt38TsalAPnuQ/Iu', 'jules12', '1998-03-18'),
(42651, 'christelle05@gmail.com', '[\"ROLE_USER\"]', '$2y$10$1kBcHxKakUOWdlXkvkIEJ.4wakDZys5lRbhCBu1si13w.eMdpKW9C', 'renault.gregoire', '1986-12-05'),
(42652, 'chauvet.oceane@bertin.com', '[\"ROLE_USER\"]', '$2y$10$Fw68moMTsHdStaIZWwdrnuvpZ57vmWLEHno2zz.wXlkKALdNMNpyS', 'jules.vallet', '1988-08-21'),
(42653, 'yves.dupre@gmail.com', '[\"ROLE_USER\"]', '$2y$10$ycpgUQdFqtcINoPBidfTzu1J5olcTntSnnU5gMJaFKs1K22Kax/v.', 'marthe.dupont', '1967-12-13'),
(42654, 'alexandria11@pereira.com', '[\"ROLE_USER\"]', '$2y$10$A3q/XjfbrnTZKo9BAHjfc.ECCjZFvq0z.gM5LPzib3b8xjA/oSeoa', 'louis.garnier', '1990-07-22'),
(42655, 'lklein@wanadoo.fr', '[\"ROLE_USER\"]', '$2y$10$wJ46wGwHzzbQjr4tBvso2eRZ8d9bJjBkbpTI5vEwiwNNd.NUStqSC', 'elisabeth.pires', '1993-04-23'),
(42656, 'constance52@diallo.org', '[\"ROLE_USER\"]', '$2y$10$4/qE0EE7ogk7yTbIxU9HSuZofH56736twjD0fQcQuS629rteGKOTa', 'frederique03', '1978-07-23'),
(42657, 'richard94@wanadoo.fr', '[\"ROLE_USER\"]', '$2y$10$yKdb5ZzLDodFcj1GZ7pBXe71rYV1cby8Gu12HMY7OSd.0nmravJuq', 'techer.stephanie', '1981-07-14'),
(42658, 'zoe94@noos.fr', '[\"ROLE_USER\"]', '$2y$10$cFN5DI78QNEUq5NAsADowe8UnUWqAXh/ZCmmsV1G1URQiQv16xKKG', 'mathieu.maggie', '1967-05-26'),
(42659, 'xavier77@gmail.com', '[\"ROLE_USER\"]', '$2y$10$RcvdwWa7By5rxerB3f.1JeN6eQc9uJ7XTAQ4dW.3kxvlo7NMLAidW', 'fouquet.theodore', '1975-01-01'),
(42660, 'aime.fouquet@gosselin.com', '[\"ROLE_USER\"]', '$2y$10$OE/5rSSMYaxhD4YNAj9G9eRBQdxRm4rhCiMpc4dSPpVIx7WiLihOW', 'mraynaud', '1992-04-08'),
(42661, 'antoine.hoarau@boulanger.fr', '[\"ROLE_USER\"]', '$2y$10$j4vIlZconWqzAWQJkWET1.dN1cOK6a0gJB8sZetysnc3m/RfasV9q', 'diane.bonnet', '2005-07-09'),
(42662, 'thibault04@leduc.net', '[\"ROLE_USER\"]', '$2y$10$vVXqCQuoLlpO1n7J1XzlSu5ssuzPyr/j1Kc5Ultw2SpifXHMBlNyy', 'qguibert', '2008-04-08'),
(42663, 'theodore.garnier@lamy.org', '[\"ROLE_USER\"]', '$2y$10$4S1jXUXeuzJ.RWu3qZIYYOozMXQPdTefKYn5qZm.Q/ym3t4zc9WVq', 'achevalier', '2005-10-03'),
(42664, 'fischer.pierre@wanadoo.fr', '[\"ROLE_USER\"]', '$2y$10$K47wORB0luFZ3SkxalKgze1NGd.DusbG5aTsw.c7HzxjpYW2wfQhS', 'srodrigues', '1972-03-19'),
(42665, 'nath.joly@alexandre.com', '[\"ROLE_USER\"]', '$2y$10$I.RIwQYgQg8trwPDd3tvueWojcPgcgwLvDM3Gs8FPOIMlKDCvkWvG', 'nicolas.pinto', '2005-06-27'),
(42666, 'hdelattre@noos.fr', '[\"ROLE_USER\"]', '$2y$10$YWbezbof58SYCHlEi7CVtePZv5oKi2BYKYQ3VvqOaZTMOomgfDzDi', 'clevy', '1973-10-17'),
(42667, 'fernandez.anastasie@gmail.com', '[\"ROLE_USER\"]', '$2y$10$a9DLI6XKy0Fr/PiNp.BYL.h0HPBV/sNxYEnmLJk37eOsCJpYLl4Ym', 'hortense08', '1962-06-18'),
(42668, 'frederic.alves@pelletier.fr', '[\"ROLE_USER\"]', '$2y$10$rM/2HAAes1hLp5JPAQH5F.pbs/zWU4xwDj2AuC0ckyKZVOuucGVTW', 'genevieve.lemoine', '2007-08-07'),
(42669, 'techer.margaud@free.fr', '[\"ROLE_USER\"]', '$2y$10$Ost72Cnylbqih0JUQOO6UOlpr61l4lOSQuvOx2KWzBaF6dWwBX8Zq', 'udevaux', '1978-02-16'),
(42670, 'guillaume45@arnaud.org', '[\"ROLE_USER\"]', '$2y$10$zzwosSRw00qjXUoE3v2e9.TwtLAtyqtlZ/OUFKSA8F5RowYDyhute', 'ilacroix', '1962-06-06'),
(42671, 'leon.torres@carpentier.com', '[\"ROLE_USER\"]', '$2y$10$.0ZjHx7YTJWAYKFmsTbRFe7xIWHkP4fEmJsNVLg0xAr8X57cJfvOq', 'gvincent', '1974-02-02'),
(42672, 'marine.bouvier@martin.com', '[\"ROLE_USER\"]', '$2y$10$qsGhDwr9I3QdThFJWzWUB.WyQyUehTL9fb.iAXCTUhBkVyPb9eOV6', 'lemonnier.marthe', '1987-05-27'),
(42673, 'vincent.coulon@wanadoo.fr', '[\"ROLE_USER\"]', '$2y$10$rVl7qu.2QC0qho7da0LCgeEWb8lHxd/BQirC6KYS.i3lFXH3WCWrS', 'louis.sauvage', '1997-03-13'),
(42674, 'arthur.fontaine@levy.org', '[\"ROLE_USER\"]', '$2y$10$mOz.7wVAh.Mq.VRZ1Nkg3enz3CWRm2qrw3sRaBJhiNJHt5n8HIX0y', 'julien52', '2000-06-29'),
(42675, 'perez.dominique@yahoo.fr', '[\"ROLE_USER\"]', '$2y$10$gotZwqUhtYUuxg3.B6weK.ni8UQFIimDz9YGC7WIR4xKxcc6.F5aC', 'alphonse.cordier', '1996-09-11'),
(42676, 'onormand@hotmail.fr', '[\"ROLE_USER\"]', '$2y$10$l8W7N1w.QEmOmTWLzki0y.gsgCR//GoNHjyM0iehflBii.ExdJf0W', 'monique.gomez', '1990-03-21'),
(42677, 'zoe.guibert@gmail.com', '[\"ROLE_USER\"]', '$2y$10$NJAUs2jucqo7wJCTBNxY/ubTSJhpP9S9dt2jd3rDEjgaoJ1xUID3.', 'adrien13', '1995-10-11'),
(42678, 'xmarie@tele2.fr', '[\"ROLE_USER\"]', '$2y$10$UmzS0xZLxfw.It46mRI3X.TlI413XjifPQQI5H/1pww.BomzJyL0.', 'nathalie60', '1990-12-24'),
(42679, 'lagarde.margaud@ribeiro.fr', '[\"ROLE_USER\"]', '$2y$10$C0iKVitEm8Xin8lpsrL1m.yDyow2Gzo.a498dp/657.v2mX4HY7LW', 'pauline.valentin', '1981-10-17'),
(42680, 'foucher.raymond@club-internet.fr', '[\"ROLE_USER\"]', '$2y$10$v9JNdC5IP3/o/UCIxLDu.eH696Ad846aevFGtyc82Xfxdq5pjB5du', 'mmorin', '1974-10-12'),
(42681, 'perrot.arthur@hotmail.fr', '[\"ROLE_USER\"]', '$2y$10$za7y6EB/E8LazFNBim5/wOEZC8ZQOoGBqF8HbbBhKZL.m50ORUUcy', 'legrand.remy', '2003-09-27'),
(42682, 'alice.pichon@etienne.fr', '[\"ROLE_USER\"]', '$2y$10$WUnf77NX1OiQE6m1gbEdK.ZjG9wpTLeG3rYKR3RxrxlXh6qFsJ3qq', 'dominique.mary', '1972-01-17'),
(42683, 'guillet.luce@laurent.com', '[\"ROLE_USER\"]', '$2y$10$6INa3aMdzW9w/7OsZ0IhiezKH2ENMMUCLLeoInnf3Ay6HjpaYLeC2', 'clement.benjamin', '1971-11-02'),
(42684, 'matthieu14@royer.fr', '[\"ROLE_USER\"]', '$2y$10$Ks7zAArDhG9ZsMNoGNKVPuWM1Z5nvVvkLvgB1KDjY2MACn5GyoMTO', 'auguste.peltier', '1998-07-27'),
(42685, 'maurice95@live.com', '[\"ROLE_USER\"]', '$2y$10$AYxJViYhDFjkAR1N/34/TuQvh9EiWMLVjd.ffhW9LRyyeRpcpCVja', 'augustin78', '1969-12-22'),
(42686, 'uperon@free.fr', '[\"ROLE_USER\"]', '$2y$10$18ds5HLpK0GN57NSiH9ZpufLL17Y510Vv.VisfgVh8cQrtbcWChBa', 'berger.susan', '1976-03-01'),
(42687, 'jules26@arnaud.fr', '[\"ROLE_USER\"]', '$2y$10$KJogjUjQCS.1Gesc/V.FWOb13ccTUUmQzA7YCPOft0IvoTNeXihhC', 'nath.traore', '1989-05-14'),
(42688, 'anne.laporte@sfr.fr', '[\"ROLE_USER\"]', '$2y$10$xo5s.JYsY6FjrR4tIgSxLu1gVBe3oVmggmIqENjkXdG4agY7RN1vW', 'jacques87', '1995-01-14'),
(42689, 'anne.joly@club-internet.fr', '[\"ROLE_USER\"]', '$2y$10$v58XNlipSXFkn7Pbrsj6Mev3FY914X/sRLABMv4GY268X12HBOggK', 'jules.bouchet', '1985-10-22'),
(42690, 'umartinez@laposte.net', '[\"ROLE_USER\"]', '$2y$10$xibh4LQq/x7tXINKjGjxheGIHb5JVD6fYDQIwZFAYPt5l5mVyva8u', 'lucy.hoarau', '1994-11-30'),
(42691, 'bernard.allard@sfr.fr', '[\"ROLE_USER\"]', '$2y$10$T2j78CwICYU1cgmX02XI2ervIVsL1MwMM0xz9LjBajIW1EpTueRYi', 'marine.laine', '1964-02-26'),
(42692, 'spages@godard.net', '[\"ROLE_USER\"]', '$2y$10$pFmQrkcniNSvtcVnvGd1YONEmBRs5naUsPgz.DGIvMSc3QiO5a.Y2', 'elodie.julien', '1995-02-10'),
(42693, 'bousquet.gilles@lebreton.com', '[\"ROLE_USER\"]', '$2y$10$.zFQrqG6IPe6zfJVtk2qlOP//3.hg2I52TyPPbWXY.F5OGyoxGJd6', 'stephane07', '2004-11-11'),
(42694, 'jeanne18@club-internet.fr', '[\"ROLE_USER\"]', '$2y$10$278TTxrf7WMovsuLYl2/BeYoLRkUbiS5WjbbNmkMABrCWlcdnGewW', 'lucas.roussel', '1979-10-01'),
(42695, 'bazin.charles@laposte.net', '[\"ROLE_USER\"]', '$2y$10$MrLQRL5AIS8mZgL/LYYJtemUxvqgKbX9bT4axtEWsP.q8NLya5Pfq', 'dorothee08', '1965-10-07'),
(42696, 'sophie.bigot@orange.fr', '[\"ROLE_USER\"]', '$2y$10$2HtJVGr0EhSOMdIsjG7zs.rZy2JvYogoFzBDxwTbJ1v9UBI5tgWmu', 'nicolas31', '1970-12-11'),
(42697, 'smichaud@collet.net', '[\"ROLE_USER\"]', '$2y$10$FYeP9Zi/m3d/r6J529cuAO9C9skhXVqGlgFTpFnD6R8S4Du1jhhVW', 'laurence.carpentier', '1983-02-25'),
(42698, 'colin.olivie@fischer.net', '[\"ROLE_USER\"]', '$2y$10$FNhh2yVs0rQWZxi8ebPZVuLvUJCtwhxcdQLY2hIwvxtrbc/biluGy', 'antoinette23', '1964-12-03'),
(42699, 'marcel61@chauveau.com', '[\"ROLE_USER\"]', '$2y$10$s24jYXd1zL2oyv4tKs/So.lxpu09a8nIXdnVii81k7pYP1N7/F5Nu', 'muller.agnes', '2003-01-06'),
(42700, 'lamy.virginie@pires.net', '[\"ROLE_USER\"]', '$2y$10$j4iFP0G86IRqmlkI0YI3j.K9JkcS.g5EbguZDTgZT6UJltRF.w7.i', 'lemaitre.marine', '2007-03-13'),
(42701, 'noel.david@noel.com', '[\"ROLE_USER\"]', '$2y$10$235fkWJ7HghlrWQwVsjjbODk0swX9O6e5Jr/VzChnMOP82eAkfevK', 'blot.sebastien', '1966-07-25'),
(42702, 'allard.margot@courtois.com', '[\"ROLE_USER\"]', '$2y$10$WtBZEs60UWaAlY07GL/FJeGLk7E4r0VuP/CBCUvELm2jC22MAnXxq', 'fmillet', '1985-04-03'),
(42703, 'renard.veronique@richard.net', '[\"ROLE_USER\"]', '$2y$10$XP4LrkeLBlXEmyBdrab3oOhrk1mV6XRSWsOPQGtZK8sb5svz0Gn/S', 'juliette.caron', '1970-08-19'),
(42704, 'masson.benoit@millet.fr', '[\"ROLE_USER\"]', '$2y$10$s9PXk9YWHkNPincPNSyts.hYqbHAs3IDX89JtH79kdSFHvcWA.lzO', 'edith.lemonnier', '1980-06-23'),
(42705, 'abrun@live.com', '[\"ROLE_USER\"]', '$2y$10$mmMJhO9GPmAG2ThOS2Bxhesi0yJSKLHUVxGADwfRvAdd235lCXQwS', 'pdossantos', '1973-11-03'),
(42706, 'qlambert@fleury.fr', '[\"ROLE_USER\"]', '$2y$10$tyuItJ7Us6gAUJ6us3MInOsTH8g1Erv26INKdJ1Y8l2loHxRedxuK', 'gregoire.gros', '1999-03-05'),
(42707, 'kbrun@chevalier.fr', '[\"ROLE_USER\"]', '$2y$10$LEGdGuM6gqQZqNLkTQ79De02cPcrITu2duKEaywwjuVayxEi2AIZK', 'loiseau.yves', '1998-08-13'),
(42708, 'dias.arthur@club-internet.fr', '[\"ROLE_USER\"]', '$2y$10$bD9MiUOSffcZskiRgDVAEuzQDEF3/DFTpsrtzarg0FSJ5fhcIm8Ji', 'ldavid', '1977-01-22'),
(42709, 'fverdier@free.fr', '[\"ROLE_USER\"]', '$2y$10$1v0iYKmGTTViawPIwnGLCOsW0AznuL00n0AGliLk9H1s5vkGTgtWa', 'launay.manon', '2006-03-02'),
(42710, 'bouvet.denise@gmail.com', '[\"ROLE_USER\"]', '$2y$10$ZGJHaIepE.9xlnvexVv0/OmsFT9lHQyobpYIBm0kdMAVnAqcQNi3C', 'margot81', '1986-03-18'),
(42711, 'cdubois@fischer.org', '[\"ROLE_USER\"]', '$2y$10$LazVWS1ZxTHmYQnrfMp3B.cv81vheaIrVPLd.Uh4jwYs.oE79Ew7i', 'berthelot.david', '1983-07-27'),
(42712, 'bvincent@rousseau.com', '[\"ROLE_USER\"]', '$2y$10$IiKyDuyR9KUhVKpL5fIF4O69URN5YVFP2PHUXnX1Si4nzol9S5T.a', 'yfournier', '1977-03-04'),
(42713, 'louis59@dufour.com', '[\"ROLE_USER\"]', '$2y$10$.kcB6IChLlm7rUaqydpl0.Tfscx3tTd9fdbSm6zgSOvqV9ZdK2sf6', 'honore.lelievre', '1963-03-18'),
(42714, 'fhoarau@gmail.com', '[\"ROLE_USER\"]', '$2y$10$czgJ70bYGZm0SmTS2wsLN.NT/OP8tIFHqN3hG8F.Ikq43UzjH9Jxy', 'vgirard', '1991-06-06'),
(42715, 'andree.caron@orange.fr', '[\"ROLE_USER\"]', '$2y$10$Ni69EknrnqasntW03qvh7OcXL/ujn1UCX8FIUjb6o6/aw2r9wImUW', 'acolas', '1969-07-28'),
(42716, 'ogauthier@hotmail.fr', '[\"ROLE_USER\"]', '$2y$10$kVh3XlL9TuXcNlg/0SOT7OUZdg9BnRYfBazZK4Qmjjeeq3KEqG4Ha', 'helene.dupre', '2008-09-07'),
(42717, 'patricia.schmitt@weber.com', '[\"ROLE_USER\"]', '$2y$10$iB5wBeWJsgYp2l7psFjk3ug31PouMEtdOuIIzm..UtsoOCXhT7e96', 'cecile.martel', '1980-09-06'),
(42718, 'alain31@blin.com', '[\"ROLE_USER\"]', '$2y$10$xUQKyTNOu/vQv3swj4gOO.6LU1WDRzL7ayJnrT1Wowe8reCSihHRK', 'qbecker', '1983-11-03'),
(42719, 'arthur42@evrard.fr', '[\"ROLE_USER\"]', '$2y$10$6L0pq0hWVz/5FGoNi8sHvOY9YGLUVy/EG6XA/MYgRxFM7IeZDDfEm', 'louis.juliette', '1987-07-19'),
(42720, 'dominique.meyer@costa.net', '[\"ROLE_USER\"]', '$2y$10$VpfGO46gIJolam21t5rHMO8fI/MDYi1S1SFWoAT.hGRsz5PDTbYTO', 'julie06', '2006-04-20'),
(42721, 'antoinette.ferreira@blot.fr', '[\"ROLE_USER\"]', '$2y$10$1fuw.bXDW1DWgGfMFP75QugzIvMZ6ho8TtzZzdqWT6nIdu2wkpE7q', 'uhenry', '2001-11-23'),
(42722, 'robert.camus@noos.fr', '[\"ROLE_USER\"]', '$2y$10$9XpKXSLyRhuTeM72M6O8.ucu9Wc9Ver5pPcK/37hyOXdxVVw7MNTO', 'maurice.masson', '1990-11-06'),
(42723, 'emile83@levy.com', '[\"ROLE_USER\"]', '$2y$10$Q85ZmHrhvLYSOomFVMIGK.o0GKUAxhXFJoGBc8PzF0mzyUauExbfm', 'laporte.claude', '1989-07-17'),
(42724, 'rene17@orange.fr', '[\"ROLE_USER\"]', '$2y$10$IqqwK/pcmWuAGzwyRUw3V.z52Ifgc6uOQPv4sjepoDyz95NkJ.7Ta', 'diaz.roger', '1994-06-10'),
(42725, 'faure.therese@yahoo.fr', '[\"ROLE_USER\"]', '$2y$10$OCzzCbnqcv4azltObocBFexH1khs3gPq/2cIDe.T5rJvm0sODiS2q', 'stephane.bruneau', '2007-02-06'),
(42726, 'maggie.turpin@live.com', '[\"ROLE_USER\"]', '$2y$10$ap4fWfzo4JZN0qVGpBNN3uO1O4cn31HYiqUgOWhvONbDOODSWPE32', 'stephane.guillet', '1974-04-26'),
(42727, 'alex.marchand@hotmail.fr', '[\"ROLE_USER\"]', '$2y$10$XDUbwcpxrP0amyYsheOeI.DkZK1nj/qdpPDqyT0idNYUbigew4fSK', 'sauvage.michel', '1990-06-15'),
(42728, 'wdijoux@sauvage.com', '[\"ROLE_USER\"]', '$2y$10$ec8VHB95HzSmldKPJ67/gua29JTICs8KZvYW87nXfIUm3tP5AFGb2', 'marguerite.barbe', '1966-04-30'),
(42729, 'cgodard@dbmail.com', '[\"ROLE_USER\"]', '$2y$10$cltrMxkrx91fZOoNMIKADe0bHrwDaUrsTb2UMo0AZsR/sKX.UBCAa', 'louis24', '1979-12-11'),
(42730, 'josephine.lemoine@martinez.org', '[\"ROLE_USER\"]', '$2y$10$VJJOwYAEBNAWVuqSqilWxeEADaMgGGVESTlUD3YXGwABirLjOw6M.', 'louis.marie', '1972-09-28'),
(42731, 'leblanc.gabrielle@delmas.com', '[\"ROLE_USER\"]', '$2y$10$SomM/csWNJE0iKBmrLbY0Ow9ITFlkp1PGUmOycXavdl6OlO7RKw3i', 'simon.thierry', '1996-03-03'),
(42732, 'grenier.dominique@free.fr', '[\"ROLE_USER\"]', '$2y$10$NivW1eY.5oRBVxbRuNbcqOtPnzXcgALbuV/hydsj8OW868G6l10tC', 'thibault36', '1989-03-04'),
(42733, 'charles.vallee@club-internet.fr', '[\"ROLE_USER\"]', '$2y$10$Q3NDwmleXPGr4zVV0EfTH.yrvqjHR5i0s00.SEjv4CnqK39yA7uAG', 'torres.noel', '2003-08-22'),
(42734, 'luc33@free.fr', '[\"ROLE_USER\"]', '$2y$10$g9MWAie/3pIVqqqOBKAyy.11Bj6v9iF2c9kYffMxCyeOHH6CbeqaC', 'jules.imbert', '1980-09-25'),
(42735, 'dufour.charles@leclercq.com', '[\"ROLE_USER\"]', '$2y$10$3wikfVgCIjqnztpV2.vAzO7bt3oicv/WKsftHfyv7dF8DhnCZnbRO', 'rmarques', '1977-02-27'),
(42736, 'adrien.philippe@barbe.fr', '[\"ROLE_USER\"]', '$2y$10$9p5GHBn6TfJ1nUpf34i3IekF8m.NWSdLrog7taQ0t4D2TuBbty1jG', 'rallain', '1991-12-25'),
(42737, 'olivie35@collin.net', '[\"ROLE_USER\"]', '$2y$10$qN2Bx2XO.fn9A6B868m3ceNlgotQGXBY9.8JpBRJh.RHl3hmCxY12', 'sebastien78', '1999-09-08'),
(42738, 'fchartier@sfr.fr', '[\"ROLE_USER\"]', '$2y$10$U0BFQ034fwK.QN5Xg2ODAedEXZCLbG2k11Cs04wzUo9u25yENeVwS', 'mathilde.brunet', '1977-04-06'),
(42739, 'ruiz.martine@tele2.fr', '[\"ROLE_USER\"]', '$2y$10$V7Audj9Vy6l9iqeNJ9LOZO9YkjXF1UdRZ3NV8JMHxXfiSPdZkFWZW', 'nleduc', '1971-11-27'),
(42740, 'chauveau.dorothee@charrier.fr', '[\"ROLE_USER\"]', '$2y$10$0IRgAQ/ecbvSeQhjVMEOIeApS1RMSDBek4.pcPpZAIwq0hsFnffM.', 'guillaume00', '2001-09-25'),
(42741, 'kauger@tele2.fr', '[\"ROLE_USER\"]', '$2y$10$nptzhVix3L/0MPMMrUaKDu3q17JHUaCBwURM/T2LfUPco3ui3O3hW', 'lefevre.nath', '2004-05-16'),
(42742, 'glacombe@pons.net', '[\"ROLE_USER\"]', '$2y$10$1nzxs1RDH0HN5nrTqKJ76uAv9NG1qxieYMM1VwC/Bf3QskKSART..', 'aurelie26', '2004-08-23'),
(42743, 'william75@guillaume.fr', '[\"ROLE_USER\"]', '$2y$10$27fzwAkZPyLW70AoF6MPbe/Ab9b9kCDuXbAjHbLot4NYfdgyGBDLa', 'barthelemy.roland', '1986-05-05'),
(42744, 'spruvost@lebreton.org', '[\"ROLE_USER\"]', '$2y$10$fwqDh5omF2wXJdKWBvpPp.CwLVrKbI8N5qarx.bvQsbiAGDQpPTcu', 'thibault88', '1970-09-20'),
(42745, 'dubois.zacharie@noel.fr', '[\"ROLE_USER\"]', '$2y$10$zmOhMcsXvwq2amEGEUxyKO0XbdNK.ZsAbjfpf1zrEiYb9EQpm7KFO', 'olivie48', '2007-06-07'),
(42746, 'benoit.william@noos.fr', '[\"ROLE_USER\"]', '$2y$10$4DERlmVuPL0p/zooJ/uLk.9pt1tASiD0c2sVtkbl/zqJsy0MJ2.LC', 'mgiraud', '1983-05-04'),
(42747, 'dupuis.josephine@valentin.fr', '[\"ROLE_USER\"]', '$2y$10$D0UxLvAqtOqHSdLWWm9fNOXjbEZfFBacTrKo.PTOUmHrOyk/v4fM.', 'dperrot', '1978-03-19'),
(42748, 'olivie.rossi@noos.fr', '[\"ROLE_USER\"]', '$2y$10$2EJhLvAeSFoydGv/rfhOue/hgTJQCh3sJDvZjQfaWQidVzfUi0.g6', 'maury.guillaume', '2001-06-12'),
(42749, 'maurice.peltier@deoliveira.fr', '[\"ROLE_USER\"]', '$2y$10$ty4W/4hZzLQ51n2Pk1gY7u2Amm8bLb5MvmYX2PIYT04EHgoto4Tnu', 'leconte.camille', '1979-01-16'),
(42750, 'julien.odette@orange.fr', '[\"ROLE_USER\"]', '$2y$10$ozLTCMB8.nIOUossyrQUJunPs59Hz8ZDpyNbrdwViFcLcoyw5XxH6', 'remy.blanchet', '1981-06-08'),
(42751, 'wmasson@ferrand.com', '[\"ROLE_USER\"]', '$2y$10$0PU52EQGCM/lJZCbX1pDkO39Q7c5y5M9d/cY6xczl2yn1XRXIyJoW', 'paul.faure', '1991-09-06'),
(42752, 'colas.colette@caron.org', '[\"ROLE_USER\"]', '$2y$10$R1o8cHTdC1BHCrb5Tg9DbOOU5ODOccIb8a.AM3uFmBofsCFkct896', 'qgarnier', '1980-09-03'),
(42753, 'theophile.reynaud@bruneau.net', '[\"ROLE_USER\"]', '$2y$10$MXTdw8XHr8trnMOrcSpax.T0zMfPRJLaR4TKBGTTT4OIfeUOEQiFW', 'david.moreau', '1988-09-22'),
(42754, 'jules85@guillou.com', '[\"ROLE_USER\"]', '$2y$10$aNxM3HMA4XEQQYSA9DaRFOn0mUDki/o.8Al/w0J/hUQx4ZWNwmgjS', 'rhumbert', '2007-08-10'),
(42755, 'nathalie.charrier@lacroix.com', '[\"ROLE_USER\"]', '$2y$10$LakGJZk9a9IBccftSXagdu5GrTEa95ItikXOX55Rmp8diykLgRqvu', 'lucas.normand', '1966-09-04'),
(42756, 'lucas23@dbmail.com', '[\"ROLE_USER\"]', '$2y$10$v3eAgB8hFuVUoggxQTa6yerKViibsStcnXGbzpXTO3EnANL0g/vPi', 'mgeorges', '2001-01-22'),
(42757, 'uperrin@hotmail.fr', '[\"ROLE_USER\"]', '$2y$10$4c98svZ0mRmfadqCXowp6eVy3Uw31DCn7OxmWFs3q8nVJYBpbPldW', 'ppierre', '2002-02-28'),
(42758, 'iblanchard@riviere.fr', '[\"ROLE_USER\"]', '$2y$10$rUMxFWFUyNQROwerDSe.teVs9Q/g.Pk12YcZnRtpmwxp.y..nC4rW', 'noel.barbier', '2005-07-21'),
(42759, 'lebrun.richard@live.com', '[\"ROLE_USER\"]', '$2y$10$cCq5CS25iMKonhjoK/8J9.7XX5B8PjHa2bIBuZyS43oLmiaI58rxC', 'jcouturier', '1999-02-20'),
(42760, 'fgiraud@martel.com', '[\"ROLE_USER\"]', '$2y$10$zVwZq1iqmUyvBHR9/5yzXeMJ451FED6Pu1rkXTG6LyOEXIjacWDb2', 'anais.gilbert', '1985-11-21'),
(42761, 'luce.huet@live.com', '[\"ROLE_USER\"]', '$2y$10$eGgR5PLr0CInErmjVcJmyONd/pWWaa3RCod4IlwXVWi7E6IS35BS.', 'leger.marie', '1994-11-11'),
(42762, 'nhuet@noos.fr', '[\"ROLE_USER\"]', '$2y$10$I5CTfMo4dFF1P14/cS9BKue5TO9IlF7bFt4uQN9xq5rWYf08W1vNG', 'vincent25', '2003-06-23'),
(42763, 'lebrun.jerome@lemaire.com', '[\"ROLE_USER\"]', '$2y$10$PM3uzF5LPIoXiPncYykzJOBea.s9Lgpq712/pFmqrmonim8eHFZy.', 'eugene04', '1968-06-26'),
(42764, 'hugues.hubert@legros.com', '[\"ROLE_USER\"]', '$2y$10$H3Y/XrLM0uBDpO/gkiKUCeB16nzbkKvQdr43s8.h/tf5eBK4B0mjm', 'claire.guillot', '1992-03-16'),
(42765, 'renard.theophile@hotmail.fr', '[\"ROLE_USER\"]', '$2y$10$5/JtMDbbNuWMDq8l67qNNeODcERSXiPyF/3s1R5O.4ld9ELbsmC7a', 'dpinto', '1995-02-28'),
(42766, 'hebert.veronique@vasseur.fr', '[\"ROLE_USER\"]', '$2y$10$7kIq1Q7jsqYtrSyFV787rOZLky.jyJ2J3tf46AkQ0LpslBdqC2L/m', 'rmarques', '1981-12-31'),
(42767, 'clemence48@vincent.fr', '[\"ROLE_USER\"]', '$2y$10$XaBZEAQIUVzziZRx52IAe.1kUGVLvfp0lxhLXOjxd1QqkzCkwlkZi', 'moreau.eugene', '1995-05-05'),
(42768, 'leroux.julien@remy.com', '[\"ROLE_USER\"]', '$2y$10$aUbJVVs7VqaOQn0kNXDlzu9s0tpAO4U/9TtnyHbtkU2zxZL4FK3k6', 'mcharles', '1990-07-12'),
(42769, 'gregoire23@laposte.net', '[\"ROLE_USER\"]', '$2y$10$twDKWc39OIlpnBB1G4DSS.OrXSxc6QrxqWQWaSmz9zCr80fPYYAg2', 'ygrenier', '1995-11-07'),
(42770, 'oramos@pires.fr', '[\"ROLE_USER\"]', '$2y$10$.oiNo6MfIS08mm7wSJPwqujRDoroEd8WYFkIwsDD30ikiaTa0WczS', 'fguibert', '2002-07-28'),
(42771, 'christophe.toussaint@free.fr', '[\"ROLE_USER\"]', '$2y$10$3FiVRt2EFptwP87qIYy5texyPivuxHp5UxbTRFwEdnriOVSCuQBTS', 'descamps.monique', '2000-03-19'),
(42772, 'denise87@aubry.com', '[\"ROLE_USER\"]', '$2y$10$zMDFM0SdVqfC1yGyzoopqec5y//8adJRhQHKi57Yy6PE/1J4EYlDK', 'guillaume26', '1985-12-12'),
(42773, 'laurent.hubert@orange.fr', '[\"ROLE_USER\"]', '$2y$10$htlhxeuEhdb3pG6qzkaokOC1tl5726ZdogRrdfgncSSPIaBzocbhm', 'odette33', '2008-06-04'),
(42774, 'madeleine.diallo@noos.fr', '[\"ROLE_USER\"]', '$2y$10$wSt16oYNFwL7z7788FhMzuBfZFXCnS5Mrt55wOIhzEOORAd2jGfvS', 'jean.gerard', '1975-08-14'),
(42775, 'hbrunet@vallet.fr', '[\"ROLE_USER\"]', '$2y$10$qc4bRf.lF4/yOXh3Ew9C2unoqzZsXZHrQDl18FrqfGkaEHAqVUDi6', 'ctecher', '1962-12-15'),
(42776, 'antoinette93@dufour.com', '[\"ROLE_USER\"]', '$2y$10$tC0NldDaU4H3vcLUOpejpuC2yjYXYHT1nZ326LHseliJqZ0wZ9Pta', 'lpaul', '1972-03-22'),
(42777, 'arthur28@wanadoo.fr', '[\"ROLE_USER\"]', '$2y$10$G4A8SLhW4zMO1D4nKftgKem1ngGB7y7eDHl1O.CanNtjGA9etY9py', 'suzanne.jacques', '1989-07-23'),
(42778, 'simon.roger@orange.fr', '[\"ROLE_USER\"]', '$2y$10$xmDH0S7qbTg3SPTjjU/Y/uQNrRU.A7NNF95flYbNfMfCyx8b3ThVm', 'franck89', '1988-07-22'),
(42779, 'oceane.brunet@goncalves.com', '[\"ROLE_USER\"]', '$2y$10$wHKOi1k7hGNAdbN/za45Aui/gh8sbMl6mk4.aABV1ZMfct8F.soF2', 'qjacob', '2007-03-13'),
(42780, 'michaud.tristan@hotmail.fr', '[\"ROLE_USER\"]', '$2y$10$7Ia7JdwUPGnEet2jzCfPXO8aRXLVasrHR0nVbA5KHxsOhniQRAT4O', 'anastasie13', '1971-02-16'),
(42781, 'marthe.charpentier@free.fr', '[\"ROLE_USER\"]', '$2y$10$ZJtIoUbGZuuVDoYy1Vw3bu7yUnb6zLJqFZkjK0GDeT4L8Fe1Mi.wm', 'david29', '1981-08-14'),
(42782, 'maurice.thibault@noos.fr', '[\"ROLE_USER\"]', '$2y$10$gh4AgRviHLXir.xgXhgN7OkQX/bbKhaYZh0GK8Cik.cLn8GXY0lVC', 'pdossantos', '1994-09-16'),
(42783, 'augustin.dasilva@orange.fr', '[\"ROLE_USER\"]', '$2y$10$tS468wpIvYOGqwA5r/Lp3uaqe5Cb9TZw9JB89OjpPxXCq3n1qSPMq', 'francoise.hernandez', '1964-08-12'),
(42784, 'martinez.christophe@vallet.com', '[\"ROLE_USER\"]', '$2y$10$awibM9qUqHHT3C6TfGaPA.sntb67dRvyJYFQSbBOezohwApwL.Xf2', 'mcousin', '1981-04-18'),
(42785, 'zacharie39@leroux.fr', '[\"ROLE_USER\"]', '$2y$10$PlHo/C.ER5jsqnop3cFvEuDILwvdc4Kha2Umk1KRq8/tQmN81Thoa', 'marcelle73', '1964-10-20'),
(42786, 'bertrand.roche@devaux.net', '[\"ROLE_USER\"]', '$2y$10$ptDYvCK8g/EBRl38y/O0Z.qa2X1ahpgHz8yeuEQRcNH1GdXvS2I7O', 'laurence.cousin', '1985-12-05'),
(42787, 'nathalie.morin@yahoo.fr', '[\"ROLE_USER\"]', '$2y$10$veI3FCTRSXrRsvHKeEMlrubmgk8HgWqGXUDRUfTk5eqIrZzkJIZOi', 'cfrancois', '1979-03-05'),
(42788, 'chretien.susan@gmail.com', '[\"ROLE_USER\"]', '$2y$10$kzObAMViwuXgbh3iHJDmwOLcxwKGR.vcxD6CadTrv3bCISIbr4VZ6', 'andre46', '1979-11-27'),
(42789, 'dupuis.edith@dubois.com', '[\"ROLE_USER\"]', '$2y$10$GPWgbDPBQYiXUSkPZMt8G.ky1s3jrCX0HgP3x29WaEFrllWAtCN/q', 'victoire.thomas', '1976-07-15'),
(42790, 'wguichard@dumas.org', '[\"ROLE_USER\"]', '$2y$10$1p2V4N3Lov0mQLv61atSKuYclJDL1rJKVKY26vRGIZrvslfTnWnOW', 'jeannine24', '1963-03-18'),
(42791, 'agnes.gautier@orange.fr', '[\"ROLE_USER\"]', '$2y$10$VuiqadrKeCjMVCcZ1oy6sukuMAbQSSXa6meMRvyiiUYWSYUl/gi7C', 'vblanchet', '1987-12-19'),
(42792, 'christelle.legendre@roy.fr', '[\"ROLE_USER\"]', '$2y$10$SUcyDLmT58CTpyZemD/UeOj6.EXS9v9piwcxWqK8qAvHkC36dVeRm', 'martin.nguyen', '1987-11-29'),
(42793, 'rene.guyot@free.fr', '[\"ROLE_USER\"]', '$2y$10$XEuGMBL7rvTDHK.jlX3Va.k00Q1E1dTuAu7I20Hp59W7naAjEmbfe', 'delorme.mathilde', '2001-01-08'),
(42794, 'susanne.devaux@lecomte.com', '[\"ROLE_USER\"]', '$2y$10$jJGQ4J/zoC70YHrpXu3/B.wexgm2Z.XGLJHXLMikcz96vztliHFM.', 'theodore86', '1999-11-01'),
(42795, 'maryse.bailly@sanchez.fr', '[\"ROLE_USER\"]', '$2y$10$PcZkW9K5OMfNzIpUfBykuORw8XYrmX3vMwxMgiCZ3zGHHsjL54zES', 'emmanuel.dossantos', '1979-03-13'),
(42796, 'jerome01@adam.fr', '[\"ROLE_USER\"]', '$2y$10$yN3kzav6gQiYz4hOgLGzk.5exZSfH2.145vL.Sxjth83XeUtEQK4i', 'perez.jacqueline', '1986-07-05'),
(42797, 'margot97@sfr.fr', '[\"ROLE_USER\"]', '$2y$10$pqEIU6dEA267DhrUEIUNXOJUs5VATzO7Rynset57c6yOQPwtEhtEe', 'edith49', '1977-01-17'),
(42798, 'bernard.giraud@sfr.fr', '[\"ROLE_USER\"]', '$2y$10$hNgZz6ZH0babbfSwN8YqbuBtwQDU2dth4G2i847MdatAJ5xoy/rkO', 'bnoel', '2007-10-27'),
(42799, 'wauger@tele2.fr', '[\"ROLE_USER\"]', '$2y$10$ez6e/aNs9.QUd7dvJtig1OHTHYWVzt1iMOJFeYRJLD.UjM1jEANs2', 'eugene.pruvost', '1973-12-19'),
(42800, 'henriette.raymond@ramos.net', '[\"ROLE_USER\"]', '$2y$10$GEMbN2BZuDbpLIVdmuSURucsacTFFyeFHPTNg0geLq0g12esJzqkq', 'qblanchet', '1972-10-02'),
(42801, 'corinne98@orange.fr', '[\"ROLE_USER\"]', '$2y$10$ZTroDf.yWQP45rzZxAIchOpBfDCU2ZY3QMxzyZumRK2iqE8aEWJum', 'franck25', '1982-02-25'),
(42802, 'jrenard@lopez.net', '[\"ROLE_USER\"]', '$2y$10$MGdNNw7SkMCZNAR0csr75.ZpfXw4n3FhUjbNkDMNnqNz4Xb2trJXq', 'moulin.thomas', '1982-11-18'),
(42803, 'qguibert@orange.fr', '[\"ROLE_USER\"]', '$2y$10$dce.wKiLNSi32ExcTg57Mukdc2kn3DFNBuwj1cxE8qXGnVMzPEXve', 'rgerard', '1976-10-05'),
(42804, 'xgonzalez@fernandes.net', '[\"ROLE_USER\"]', '$2y$10$ckSGANPmg4fiya0gMQ3jheIHUVFmGBI4L25uhjonCTFhqLroCle8i', 'xavier67', '1992-03-03'),
(42805, 'morin.timothee@gay.fr', '[\"ROLE_USER\"]', '$2y$10$ArvbhnuA6qNQoAN2vDPcWullTXS28tSe66fUZBjyAkWciKWXiTsSm', 'tristan.rousseau', '1966-01-10'),
(42806, 'sboutin@sfr.fr', '[\"ROLE_USER\"]', '$2y$10$DCUJKKnUEPz7voOqwF2dEeZdkGp2Ej3G2aUEYgiHGjea2Ce5xggN.', 'xleleu', '1996-03-29'),
(42807, 'sbailly@nicolas.net', '[\"ROLE_USER\"]', '$2y$10$A/gCD9FQYQtWjqX1fSjDgODF.JTLTl5vaZHcjyCXsWqGYm7deeS8q', 'tpeltier', '1993-08-28'),
(42808, 'clemence.georges@texier.com', '[\"ROLE_USER\"]', '$2y$10$iD5vxoFAWqbNy2KJXc0sa.LHHYEqhEm7uY3x5mSTyMD4K/A6HAiR2', 'claude34', '1971-07-05'),
(42809, 'bollivier@gay.fr', '[\"ROLE_USER\"]', '$2y$10$Yo86S8P/fOvg10GN0xeyaup.rz.Rvu6Rdm5wA0wJG/nuK26S9EoYS', 'ofernandez', '1966-05-27'),
(42810, 'thibaut91@gmail.com', '[\"ROLE_USER\"]', '$2y$10$vYrSGvf64slTCG0XRNR11.sFfVOLcDPdc.IuScbXyxUVLFirb02Be', 'dacosta.michel', '1965-08-13'),
(42811, 'thierry79@gaillard.com', '[\"ROLE_USER\"]', '$2y$10$AtzWnklgDDLyg6nPbI5TEen0A6Ae1PjhTeLav18BzoiFpWoxXNhL2', 'denis47', '1987-06-28'),
(42812, 'claire.laporte@orange.fr', '[\"ROLE_USER\"]', '$2y$10$nPSrowCQF/BEX7VWCHUI9ewS5AirWl6zioJ3luZgZ7EcdYQ/t5GN2', 'fpasquier', '1982-06-27'),
(42813, 'gay.adelaide@giraud.net', '[\"ROLE_USER\"]', '$2y$10$4tQRBG18iX9o08lwlD0/yeo9t3LRgWqLZPJZ5cd19h1awiCueC/x2', 'agnes.regnier', '1964-10-30'),
(42814, 'ldelannoy@lambert.net', '[\"ROLE_USER\"]', '$2y$10$FUH3xlsGP8O6rHztUCRq1u..afuck7rAGya59OzHl8LmR7hI.VtyO', 'claire44', '1979-05-05'),
(42815, 'remy58@huet.com', '[\"ROLE_USER\"]', '$2y$10$BtxElldnVFo/dcIChcoi5eeVnO7CXRJmyRYxznw8jy8WwhkRTfarC', 'oblot', '2005-12-02'),
(42816, 'thibault.lorraine@tele2.fr', '[\"ROLE_USER\"]', '$2y$10$h14KMgNWKdQ4v/d/ovSyJuScRMq.ShSEGpyE.5uV3euc3m3pM0s.2', 'audrey91', '1997-08-02'),
(42817, 'martin98@noos.fr', '[\"ROLE_USER\"]', '$2y$10$cRybmnXIArplEHysp0gpruYt9Mb96CtzS/ZIMxy9Nx6ncm7cJT4Fm', 'kgros', '1976-04-12'),
(42818, 'edith.hoareau@renault.com', '[\"ROLE_USER\"]', '$2y$10$4dNO/cGNIqGdJAMDE20QUueO8uC7EXjTEnO/sGAKg/pHqN6CQcvgO', 'lucy.delorme', '1996-09-21'),
(42819, 'trobert@riou.com', '[\"ROLE_USER\"]', '$2y$10$usYhYNPKjvAzgNwIOW/Zp.o71OnXIQwmHoHUR7OomYIHj56hjlo6C', 'margot43', '1981-03-06'),
(42820, 'paul.chartier@costa.net', '[\"ROLE_USER\"]', '$2y$10$EFxcegcg16OnFQ7cu9qLKO/9izSQ6ohgVLVvGTZdpe98.F6oK0BXy', 'lacombe.alain', '1967-02-25'),
(42821, 'umarin@peltier.com', '[\"ROLE_USER\"]', '$2y$10$YzPKvv7Ig.QsILlxCVmpAOmBk6.m09qhOIG2a1urBqXxFXbwNXq9i', 'nath85', '1984-06-27'),
(42822, 'laetitia.goncalves@tele2.fr', '[\"ROLE_USER\"]', '$2y$10$aqfjQcmkb4ic.VcSSlm/iupJ5T0CGBCZzZOgZwv30rbQu3TzonkLK', 'arnaude.roger', '1962-11-05'),
(42823, 'fleury.agathe@martins.org', '[\"ROLE_USER\"]', '$2y$10$9YOQo9gZy7N9LlClyCfd6O6GsAcPvYmMWulCKtmsqdO.uE/NH9vda', 'mary.philippe', '1962-04-23'),
(42824, 'paulette.julien@live.com', '[\"ROLE_USER\"]', '$2y$10$xnlQktU6yvKqQaA8XGK2YO5mFA4nyplYAtvM8.urnhb5Ouh5G0UTu', 'collin.celine', '1986-02-27'),
(42825, 'anne.caron@laposte.net', '[\"ROLE_USER\"]', '$2y$10$dht1LF.e/nIGTe8WhGL0leJt01Sn6SLjH0om0CN4fbjyqQBKAPtFy', 'hugues14', '1971-10-01'),
(42826, 'oraynaud@descamps.net', '[\"ROLE_USER\"]', '$2y$10$lahPiBO0HiXlg8VB55wAcuLLW3bea4dPbAMQQlbu.NLGjO5yFoB.W', 'bhoarau', '1969-01-27'),
(42827, 'margaux12@free.fr', '[\"ROLE_USER\"]', '$2y$10$fRuCrupVeyvYYKBJNKx1JOBo/cWYAjmOrNLK8daQ9Mf0Z4HE9ROTO', 'jacquet.andre', '1966-01-04'),
(42828, 'lucie83@club-internet.fr', '[\"ROLE_USER\"]', '$2y$10$MsPK95STwyOgjk.375ffb.YXhehSbvm3H8ktjyK0K8IwvIbuw0G42', 'louise.morvan', '1976-09-13'),
(42829, 'joubert.lorraine@ruiz.net', '[\"ROLE_USER\"]', '$2y$10$TxVygap2vf5svzniteI2muzA8EcwapM/Mvqx5xwk7MigsSqrQY/au', 'dgomes', '1968-12-29'),
(42830, 'frederique.fournier@live.com', '[\"ROLE_USER\"]', '$2y$10$cJlALk7tM8Dx18/UMRMdseCWs4.Yj5m45DeUUMJNjJ.hZZ4ZIxS6q', 'arthur56', '1982-05-01'),
(42831, 'henri94@riviere.fr', '[\"ROLE_USER\"]', '$2y$10$B6PxewRjDDtfWVccB3AI6.RFA77jMiA2q19dFCHgVhOIaFf774dDS', 'pires.dorothee', '1969-07-29'),
(42832, 'georges.thibault@perret.fr', '[\"ROLE_USER\"]', '$2y$10$sAXGK8c1nIhxHy/zCL7DCuzZo24WM9ZAgXPAmudrGxd4.0XRVOyNq', 'baudry.caroline', '1976-07-28'),
(42833, 'philippe66@dubois.fr', '[\"ROLE_USER\"]', '$2y$10$LZTF3twY2Gx3VX4C0eWKUOpeqTNpwsKaqWwF0zvTWhh8yMvhCx7a.', 'alves.pauline', '2005-09-21'),
(42834, 'elemaire@leroux.com', '[\"ROLE_USER\"]', '$2y$10$UIT6B8TK3RAWaRaPTfWMuuXiaaolroZvPOimo4/.bwcwXlevgXFGm', 'frederic.guillon', '2007-02-18'),
(42835, 'philippe93@laposte.net', '[\"ROLE_USER\"]', '$2y$10$WH.hLpGNYvhWM3VkT4JmgehzBabnag/.zZhLMVmW84bMAewH0YSnC', 'seguin.honore', '1998-12-07'),
(42836, 'franck03@gilbert.com', '[\"ROLE_USER\"]', '$2y$10$Xizq/KKtRUuzjvRsLrk0bOhBIOSjf9X25tJPqlsfkI586fuE8i6U.', 'suzanne18', '1987-07-01'),
(42837, 'emile.petit@orange.fr', '[\"ROLE_USER\"]', '$2y$10$2.vI2ArdDUvhAxxbNwvaaeLdRmIoGzrQRf3QmYHz9pgThGVVNaAEm', 'paulette.deoliveira', '1963-10-22'),
(42838, 'xavier.guerin@cordier.com', '[\"ROLE_USER\"]', '$2y$10$OQOmTQc3sTKXAaG1z5buCe/x8/vIxIY9LdC7ONf4CaNf6KoC9NixW', 'zbodin', '1986-07-12'),
(42839, 'qhamon@sfr.fr', '[\"ROLE_USER\"]', '$2y$10$LAkm2dV/oFaA2a7c63hebekLE5ndxpTYDIU1oT81258lSa40cNgDi', 'paul.lemoine', '1965-10-30'),
(42840, 'lucie.buisson@orange.fr', '[\"ROLE_USER\"]', '$2y$10$MdYu4uDFJY3PYL24P/FIJu.i0MeOsShxZ68zq6nP4Lkok8vBaQoAe', 'hrolland', '1980-05-02'),
(42841, 'suzanne00@live.com', '[\"ROLE_USER\"]', '$2y$10$xGiaemmxolwGrGeJPw2CwOuC6gffA1BNS25nIsFC4rbFnItz1GS5.', 'gomes.guy', '1981-11-25'),
(42842, 'fguillot@lacroix.com', '[\"ROLE_USER\"]', '$2y$10$vIhkwmh4qaTTipeRHTUTH.r2aN/RH4B5OOZ36ODAS9CbHg7MDrcOG', 'hugues.baron', '1982-02-22'),
(42843, 'znicolas@yahoo.fr', '[\"ROLE_USER\"]', '$2y$10$i0xcNxqlsQZLwqy3THUjCujBXWyfXaHJDdxd4cGyXr56AS9lP3DmO', 'henriette.marion', '2008-06-20'),
(42844, 'wlegrand@live.com', '[\"ROLE_USER\"]', '$2y$10$kvpre.vVURMkChu/45QI1ug5fbebYw97qZXEEp56/aq/E00xvtRty', 'claude.thomas', '2005-07-26'),
(42845, 'toussaint.emilie@costa.com', '[\"ROLE_USER\"]', '$2y$10$7vrkaR/ukI.yvwn8xwPWEedt2TPi3LIIlWvO6niZWLrEPTl9F6vfu', 'jbuisson', '1997-10-29'),
(42846, 'tristan.dumas@orange.fr', '[\"ROLE_USER\"]', '$2y$10$3fAWAsHdX0tvT8Apfo.HM.BJ7cnWxHAZGISsVBzRhVF8Vxfz.ii5i', 'egaillard', '1989-10-07'),
(42847, 'dchretien@yahoo.fr', '[\"ROLE_USER\"]', '$2y$10$7rkZyc1HZWLVzkI/Spoz7uMgxLcfYwkZkVfG/bxRWCZqqmEchUVum', 'troyer', '1986-12-24'),
(42848, 'qgaillard@herve.com', '[\"ROLE_USER\"]', '$2y$10$/bwPyWUrxgx.SD8yx8DYR.UZG/ZighUp.AOG5RMzJ9s1UGc3vKWoy', 'simone87', '1966-11-24'),
(42849, 'rbesnard@yahoo.fr', '[\"ROLE_USER\"]', '$2y$10$F.8VvNWa590CMKxInUYS9ug/8I5/UVstKnZYTpDkLc44MQgB7iDHy', 'vdumas', '1989-11-12'),
(42850, 'traore.pierre@live.com', '[\"ROLE_USER\"]', '$2y$10$/rd5tHo587LomQhTnJyr/.SQPHJZReCdfpLimc6tJZo.k/vT8kfSC', 'gerard.remy', '1972-01-06'),
(42851, 'fouquet.susan@hotmail.fr', '[\"ROLE_USER\"]', '$2y$10$m6SKqiEa32WSnHJn1EqW.ete6aButxGJpOBKZQvlHMUknfZKF0yPa', 'lblondel', '1964-10-07'),
(42852, 'mathilde58@adam.com', '[\"ROLE_USER\"]', '$2y$10$orlZdUDzhpq7ZYvnIMeDRODEYbPhzycGAC7UdM0tZfi4k8cJ51BOO', 'dominique37', '1994-05-14'),
(42853, 'aurelie.bruneau@faivre.net', '[\"ROLE_USER\"]', '$2y$10$cx2Z5e0SqFQLvFXnryOnIOEdIIX1arPISMRfvdGI58NmVWmyD6VKe', 'dbonneau', '1963-05-23'),
(42854, 'nathalie72@orange.fr', '[\"ROLE_USER\"]', '$2y$10$vyTXP41yCyk80Zl50LBFz.Yi6ALv5CwuI/joU/EPm.kjZLuqnzQHC', 'qcaron', '1966-11-30'),
(42855, 'vbenard@chartier.fr', '[\"ROLE_USER\"]', '$2y$10$5MoGw6pcZtSCA2BbQAdZxONdX2dzj3.BtnkNYm4IjmkiW0CEfz4Ta', 'ppottier', '1966-04-27'),
(42856, 'dufour.margot@wanadoo.fr', '[\"ROLE_USER\"]', '$2y$10$zDeP/UD8ivRXW.lfteLjaOTLQU6v6TxJGLxlYUnLdLgGUCOBdNFdy', 'dominique.marin', '2004-02-14'),
(42857, 'peltier.amelie@tele2.fr', '[\"ROLE_USER\"]', '$2y$10$m4B/9QFPlwSMvhEwLLcEPe6Pu8THlGKacsyYd2pBIlyr8FjKv/7x2', 'antoine67', '1973-01-10'),
(42858, 'marianne24@dbmail.com', '[\"ROLE_USER\"]', '$2y$10$TfilB8wAKEB.w76ZFjR9a.3tcA2HUqIa/M6wUzQIaGndejCjiI6si', 'caroline00', '1967-11-28'),
(42859, 'laurence54@imbert.com', '[\"ROLE_USER\"]', '$2y$10$4gV1HMVTcoENbhvxQ1WC7eUyCDi.CPKsYBdNxKXgNaY2eknearwiC', 'honore.meyer', '1962-07-20'),
(42860, 'wcourtois@live.com', '[\"ROLE_USER\"]', '$2y$10$CEGrMNWjDbiZ0intyOB4EuSzjpq7ZSDAnf9/ROZWXj2tQhG2LnX06', 'ines90', '1991-11-02'),
(42861, 'hpelletier@baudry.com', '[\"ROLE_USER\"]', '$2y$10$oKHMxjsL4BIvo229V.y0T.uBinrofiaMWUdjtY2RJw7u/OMYPpmbq', 'wgay', '1965-04-05'),
(42862, 'bertrand64@hotmail.fr', '[\"ROLE_USER\"]', '$2y$10$WGADqcNEhVmX6YisL.s/Met/52arPiyR1xN3sGaCAQ.ANx.Nt9Hfq', 'xschmitt', '1969-05-30'),
(42863, 'patricia.renaud@guillon.com', '[\"ROLE_USER\"]', '$2y$10$7F2rcwcNJlq0btPoXtslg.h6/1vfmZIsuNJadedjsRGlLA8pXcUxC', 'yklein', '1985-03-18'),
(42864, 'lorraine97@club-internet.fr', '[\"ROLE_USER\"]', '$2y$10$mj0yEEEHeFYx7XySV5wvkOhOgAk3Fl1RG98IopRugxiCbKflTttc2', 'elodie46', '1973-08-11'),
(42865, 'hugues.verdier@tele2.fr', '[\"ROLE_USER\"]', '$2y$10$s4ryePmqP5aTeOJaniJL4O4PW3qcXCgdk0oviZR81F.hEVhDLAVuK', 'margaret.mathieu', '2008-06-16'),
(42866, 'victoire72@wanadoo.fr', '[\"ROLE_USER\"]', '$2y$10$cF6EenIgW488eBCNsmunReRqKxsfLPkC6TDBfWGGPLhngJgxoDtC2', 'gilbert.leroy', '2007-01-02'),
(42867, 'margot35@perret.fr', '[\"ROLE_USER\"]', '$2y$10$ufuKaVrUjoMZLC42yqEUTeaxe/sA0RTddcdl3JSt0AEBZ/R4BTcru', 'leon.desousa', '1989-10-11'),
(42868, 'guillaume.bouvet@bouchet.fr', '[\"ROLE_USER\"]', '$2y$10$fMe14uCXAgPwZgVUPSq9Gegw0QHgq2iC9O/THRYWaK117/BRpoFuq', 'pascal.isabelle', '1975-06-07'),
(42869, 'bertrand78@paris.net', '[\"ROLE_USER\"]', '$2y$10$TuH6h6.3fuo0rhvPaSGdB.lwwjquu98QPK9U5DEObM8v5kvia0mzy', 'henriette86', '2005-02-22'),
(42870, 'lucy.gomes@noos.fr', '[\"ROLE_USER\"]', '$2y$10$7XkdY6GAc31DZyQfj8Hr.Ob6TDCxfgpD106r49.b/UPofWWOwqelK', 'georges.lombard', '1970-06-16'),
(42871, 'amaurice@dbmail.com', '[\"ROLE_USER\"]', '$2y$10$lkKSgXMo90D9evHuUe99Kezi8TDwMGNpyTDD7a/BeunM8trLT1Ffi', 'gmorvan', '1989-11-26'),
(42872, 'gerard.georges@noos.fr', '[\"ROLE_USER\"]', '$2y$10$i694u6KD0pwhmNVl3azhJ.u/SZXNuiuLUwJlE9.v9i4zUc4Wk8CUG', 'stephane.dossantos', '2002-05-16'),
(42873, 'diane.baron@lopes.fr', '[\"ROLE_USER\"]', '$2y$10$WfGEqlIVBo8r1o7L8xDseOITFJkGUBNnUEgTDUB2mwQLBVxQ793r2', 'thierry.michaud', '1982-06-18'),
(42874, 'wlaurent@yahoo.fr', '[\"ROLE_USER\"]', '$2y$10$52b4wuNpwAB5IUD09HgQFeu2A5aH9C6Z7.UV2/mksEN0WF.lEC.E6', 'kweiss', '1968-01-29'),
(42875, 'laurence.desousa@roux.com', '[\"ROLE_USER\"]', '$2y$10$iSmUPF4I3PgKxVARcuLhre9nW1DMbORDnovD5XezznvHdKKdmCQwC', 'xpeltier', '1998-11-28'),
(42876, 'dlouis@guillet.fr', '[\"ROLE_USER\"]', '$2y$10$F6uugCeP5pBPymarVswrL.3nioQRj7R.s2vuK9udx9fQeIb1lJQQ6', 'hortense.dumas', '1980-10-03'),
(42877, 'gmary@tele2.fr', '[\"ROLE_USER\"]', '$2y$10$md7f37NnxMEV2sBQXqaQVuqTW4BPKWz4UpCVLfxcpupqcrDTWjHJ.', 'leroy.stephane', '1974-12-10'),
(42878, 'lebreton.hugues@sfr.fr', '[\"ROLE_USER\"]', '$2y$10$eE9RPqmLaHz5LJUeLDv.wO749ytyK1zunKnNeBJqEfSUcxLJRWrSW', 'zacharie.rossi', '1973-12-22'),
(42879, 'desousa.virginie@dbmail.com', '[\"ROLE_USER\"]', '$2y$10$vIobpgo8/N04/WyGiTeCKOHrrV8mQP1ofR1bSjyNJek.6rkvoGtS.', 'kdubois', '1985-10-14'),
(42880, 'elise.hamel@tele2.fr', '[\"ROLE_USER\"]', '$2y$10$FGKLKYszORx7DV6Pv8Vgr.DOu6vG1rje1yuGi3sfdJa8F9.tmt41K', 'laurent.renard', '1994-10-20'),
(42881, 'jribeiro@wanadoo.fr', '[\"ROLE_USER\"]', '$2y$10$a3UhhjP86abYP3WCW6qoiuMOif6NxOI/aTNb7Nw/z1eFUVVnDsNmK', 'marcel.charrier', '1962-11-23'),
(42882, 'roger.lesage@noos.fr', '[\"ROLE_USER\"]', '$2y$10$eszVCmLmzr4JzXFelMxPq.F5dq1YVutpfLNXxjIOrgphR174xQjeq', 'timothee69', '1991-11-18'),
(42883, 'mgosselin@humbert.fr', '[\"ROLE_USER\"]', '$2y$10$4Lz73ltLusKjI/nsiqRwAermcgQz2jMTXdyirpkSdNNdtL6D15mpm', 'garcia.cecile', '1992-02-06'),
(42884, 'gilles78@tele2.fr', '[\"ROLE_USER\"]', '$2y$10$EGoF05h9azHYI97ZTimLGegYIYS06LgGcR325sUdYp3UFW7gkNTfG', 'pierre79', '1962-12-10'),
(42885, 'alaroche@perret.net', '[\"ROLE_USER\"]', '$2y$10$Pkv.b3FRm3haD2SNib1uPeRecaUCJ2Tyd8CnRS47i2DwBcvtv5p3W', 'grenier.juliette', '1974-04-13'),
(42886, 'hortense.tanguy@prevost.net', '[\"ROLE_USER\"]', '$2y$10$9QvoovoQwsWDaY6uQMp90uAmyRG5M8hEc8XHWL41LnGbnx61jmHE.', 'croy', '1971-05-06'),
(42887, 'michaud.rene@vallet.fr', '[\"ROLE_USER\"]', '$2y$10$I1ktJqLXhTvPFFM/XTkcquaIIIpjQDSlwGJAazXD4Y4WWkDeOGpHi', 'vschmitt', '1973-09-13'),
(42888, 'dumont.victor@pereira.fr', '[\"ROLE_USER\"]', '$2y$10$RcXfpwpnFxt8YjsiW3D6suxIZsHRp/.SDnXGfAwwzceHxBD0/yayq', 'gilbert65', '1996-12-30'),
(42889, 'marques.gilles@free.fr', '[\"ROLE_USER\"]', '$2y$10$2glnEa6W2ZkeG/R/h2.z3ugqdf8an5N8rZ7R720va1QmRfHRbAPse', 'svaillant', '2006-10-28'),
(42890, 'colette.dupuy@live.com', '[\"ROLE_USER\"]', '$2y$10$4OcTQ8Rs5JP/AAh/9QeDfeF415YEAD1Gya/pN5wDGxvR1Z5BqX/LK', 'carre.adrien', '1996-01-05'),
(42891, 'dorothee.masse@gimenez.fr', '[\"ROLE_USER\"]', '$2y$10$qmZ7uTRx0mZfmTOeRlin4e1MyWO1CqJ9/ZbApcjNc5QvbqMoQd9O.', 'benoit.arnaude', '1974-06-12'),
(42892, 'genevieve04@gmail.com', '[\"ROLE_USER\"]', '$2y$10$y9duYHk2djpQx2GIcyAJzeqGeMZDIwzRziP3mFHHTVt9k6NDbbzfy', 'apeltier', '1977-03-14'),
(42893, 'bigot.josette@thierry.fr', '[\"ROLE_USER\"]', '$2y$10$EqEtQk1rDOeoEPORX1AUX.XA7OY05.VKsw8.CLbJ4puv6y/UUgyRG', 'blanchard.lucy', '1967-03-24'),
(42894, 'hlamy@sfr.fr', '[\"ROLE_USER\"]', '$2y$10$14HMOdoQSp99TarhmkGRJ.kspG7TcTmqj9nwMuDP6Ho5nd9gIlaj.', 'aurore.breton', '1992-08-21'),
(42895, 'colin.philippe@chauvin.com', '[\"ROLE_USER\"]', '$2y$10$1pukgcZuuguUKp.iARbgmeTb89mGz2Mx7SUZNtuPNOjays6oks5dC', 'joseph.regnier', '1983-05-04'),
(42896, 'hcollin@laposte.net', '[\"ROLE_USER\"]', '$2y$10$7oSH9XK4IgroJC0kEW2/P.q1yOPmNn4LzWiy8sNLFUqqbSVx9RNga', 'rreynaud', '1974-02-23'),
(42897, 'peron.valentine@dbmail.com', '[\"ROLE_USER\"]', '$2y$10$iQjDFHxINmdKvBuza148VuDBqWdDBNkfy0UBcmHUlQRjyvODWmHVG', 'thibaut73', '1974-01-15'),
(42898, 'luc77@yahoo.fr', '[\"ROLE_USER\"]', '$2y$10$X/5z/NOF/0Nfbrd2wPIUNekuTAkV.PuO.uhJeHtdlS6wS0Dpfziua', 'martins.jean', '1982-11-20'),
(42899, 'marie.jean@hubert.net', '[\"ROLE_USER\"]', '$2y$10$fehy19iWLLhZUEf.c6hwg.MkHz8Kuz65vaeHNJEvkVa5BttmotI8.', 'ujoseph', '1995-01-17'),
(42900, 'lebon.thibault@laposte.net', '[\"ROLE_USER\"]', '$2y$10$pALHhesoKr91YVxo7G4W4O6vx46jN6a3WFTYnBpE7IocjSAEya1ti', 'dupuis.maggie', '1969-12-16'),
(42901, 'dweiss@wanadoo.fr', '[\"ROLE_USER\"]', '$2y$10$x76lyie0rEpJZtjp6cRP7u1RwL0CgrvFpC9ingf.RnihdwYo7H0Ty', 'leduc.dominique', '1983-03-18'),
(42902, 'dominique37@vaillant.net', '[\"ROLE_USER\"]', '$2y$10$Om2D/Lylt4ojwtAUeZA6IupHDoJlvKb3wz/PxFB3RfX3PfYIbeDFu', 'krobert', '2005-10-12'),
(42903, 'julien76@hebert.com', '[\"ROLE_USER\"]', '$2y$10$c1lPtDiFnZ6o9gQaUgMOV.7jKX2BWyrbLfNiCBOTyODjCESYUi3Q.', 'laetitia.schmitt', '1968-08-04'),
(42904, 'remy.loiseau@yahoo.fr', '[\"ROLE_USER\"]', '$2y$10$njORqFUdhPp6iCgBeYPSHuQGoRyMtqqyM3gtz39OVvtEiEKiR.anW', 'faure.chantal', '2008-11-23'),
(42905, 'bouchet.diane@noos.fr', '[\"ROLE_USER\"]', '$2y$10$kCZgWOXfIejZ7rN9ekanlONQBbxpMeoodvK0//vT6caWOmj4FGpWu', 'sylvie.renault', '1979-05-14'),
(42906, 'kroyer@free.fr', '[\"ROLE_USER\"]', '$2y$10$13TuqMBE20b6Ajh7vTXSZ.0oR/aKK8poE0vMA.ypTMRnOUri5Jtoi', 'waubert', '1984-07-08'),
(42907, 'qloiseau@tele2.fr', '[\"ROLE_USER\"]', '$2y$10$GUZnA72aVHleQai4hiYEUOVYWp96/XmPT1nVwMRIkNfoO0E2bx8rO', 'monique99', '2008-03-10'),
(42908, 'zoe62@antoine.com', '[\"ROLE_USER\"]', '$2y$10$XyrCU0uL05JUe3c.9z8sHu8tQTzpDgtcESWKoS3NPo0xaduxWuLZ.', 'dlabbe', '1968-03-17'),
(42909, 'leon23@boucher.com', '[\"ROLE_USER\"]', '$2y$10$F/GFY92PPIudRqx3oiPkXe97nOQDvltB2i4YBMePEBgvFc0xEA7UC', 'olefebvre', '1965-11-08'),
(42910, 'rpires@ribeiro.org', '[\"ROLE_USER\"]', '$2y$10$EWDGdEwmowNuhaYR0eYaIuOKLD1a/Ezg3pNFhrqcrC7lLqrF3Q9jq', 'gbarbier', '1975-09-03'),
(42911, 'pauline27@tele2.fr', '[\"ROLE_USER\"]', '$2y$10$GIk7nV0A5m244IX7b/CddOtq8JACGFb0FLOX9zqAdqnyxbfv9goW2', 'bvallet', '1966-10-29'),
(42912, 'manon.renaud@wanadoo.fr', '[\"ROLE_USER\"]', '$2y$10$FR0lYkeb9A37.rJ8LFz/8utU6TR9G3B6q8Ubo2lFbOei10gwbB9B2', 'munoz.louise', '2008-04-08'),
(42913, 'evalette@tele2.fr', '[\"ROLE_USER\"]', '$2y$10$H47Tgu9TAh2PyAem5ya9eeWICtY14SQK18M1EKd2Tc69ANCPwbp.W', 'xdelmas', '1992-10-05'),
(42914, 'jbaudry@hamon.com', '[\"ROLE_USER\"]', '$2y$10$9ukvKdmjhQcF33.B3bKC9uKB7ROPMspx6teX0/uttjxf1Xj2hrXhK', 'jacques.reynaud', '1975-09-19'),
(42915, 'marion.francoise@didier.fr', '[\"ROLE_USER\"]', '$2y$10$fUgAPVuYV05BV0T.dyZofeqzBRpeDlLoiC1Akm9GZ7an0SIIjhhqC', 'dumas.joseph', '1987-08-14'),
(42916, 'colin.stephane@sfr.fr', '[\"ROLE_USER\"]', '$2y$10$bWQIXc2/COa.VnTfTfHh3eHTE81xLBpS7dZCngTdWaIujAOO8yAAa', 'neveu.victor', '1986-04-25'),
(42917, 'hcharles@laposte.net', '[\"ROLE_USER\"]', '$2y$10$/F6COMKShzngBg9qRL2Ye./SBCK.ECVg.REuMGX/WTvELil.UUh7y', 'maurice.ferrand', '1988-12-09'),
(42918, 'alice.jourdan@bertin.fr', '[\"ROLE_USER\"]', '$2y$10$xBugioqEvxMPpFERXFYa4.vmC3O9lryc0wr6DQCbrAMKXliYidg/W', 'julie.michaud', '2007-11-14'),
(42919, 'ines.neveu@noos.fr', '[\"ROLE_USER\"]', '$2y$10$0luxP0gvjODOV0JnlR3PWuIObt7P/RIoCkIfL7c4k0dx77O7DHyr2', 'ireynaud', '1998-07-20'),
(42920, 'susan20@orange.fr', '[\"ROLE_USER\"]', '$2y$10$eIXAPLc5vJGdOnq7yPk4..0BVBU0Z4KRt3OGpP/jBYrfyeRW9X/UK', 'bfournier', '1996-02-28'),
(42921, 'emmanuel33@dbmail.com', '[\"ROLE_USER\"]', '$2y$10$wW9gOTzPMlVmh9KZhswYr.j9hlJS.vRQM5A101Wm0kxKK9d4t19tW', 'scharles', '1996-05-28'),
(42922, 'christophe03@leroux.fr', '[\"ROLE_USER\"]', '$2y$10$Yfa6k3ZC.2v0keHb7qjlH.pIBlq3fTjES6xEjjJcYQGljM2zs7kl.', 'giraud.augustin', '1992-01-10'),
(42923, 'camille.legall@yahoo.fr', '[\"ROLE_USER\"]', '$2y$10$DJ/XySMRhZwO.Zvw27VLvO1EfgrNlj4fftAHBMGYleMGByVltp84a', 'timothee25', '1980-10-29'),
(42924, 'lribeiro@desousa.org', '[\"ROLE_USER\"]', '$2y$10$Wkl5aajcKMY42TeQJSgW1uQJSjUemit7XXIaitCvNe8AhgnJXsIxu', 'dupuy.eric', '1996-12-13'),
(42925, 'zacharie59@noos.fr', '[\"ROLE_USER\"]', '$2y$10$HkGGF/IdKXkchhDxFW/Tnebe2maLqUaF/sWdqBCEpXwoilGUp6IVu', 'moreno.daniel', '1969-07-12'),
(42926, 'suzanne44@weiss.net', '[\"ROLE_USER\"]', '$2y$10$V7ulH3RwT8H0GZxG6krj/uzON4o4TfbGunnvCBTVRrAQTv2uMbJzG', 'patricia.pereira', '1982-05-21'),
(42927, 'rnoel@club-internet.fr', '[\"ROLE_USER\"]', '$2y$10$2La0LYTEJni22LdIPqREhOq.YWJm9UEDQi/ZdARWRyqi8G1n0PtSu', 'tristan.salmon', '2002-01-29'),
(42928, 'denis.dorothee@orange.fr', '[\"ROLE_USER\"]', '$2y$10$gZLxiQXg.jU6Urw7lg6M..7WKqM94IRwhzZhVPk2WKLDMnq2BEyOa', 'francois.nicolas', '1965-01-19'),
(42929, 'louise83@gilbert.fr', '[\"ROLE_USER\"]', '$2y$10$x5gkz9rae.pHKE5mFYO.NOjrjyTf6aDigBE02OhvnsN3pHvn/f3uu', 'stephanie43', '1975-12-23'),
(42930, 'hmercier@orange.fr', '[\"ROLE_USER\"]', '$2y$10$I/cog./s8Snc/jriREN6L.m8Imti0x6uwezM8slHubnGiKyotyxJ6', 'camille18', '1965-01-22'),
(42931, 'maggie32@noos.fr', '[\"ROLE_USER\"]', '$2y$10$u4yuUHuA2dpspznALB7QJu4HOj/pvP4TYQ6i4M3ITxkrIz2pf3MMa', 'lbailly', '1995-02-13'),
(42932, 'tgilles@gmail.com', '[\"ROLE_USER\"]', '$2y$10$3H19hOGC/R3ad5s5e9w/ZuQEaGMhO5uu.rwkJ1F/1TOVI.N2k7EIq', 'qblanchard', '1971-03-31'),
(42933, 'ipottier@lemaitre.net', '[\"ROLE_USER\"]', '$2y$10$GRh9TfkbyYqEL/gg7y0QVeRWDuUSoODV2XB.yeuc.mht3QzsrTHvm', 'gbarbe', '1994-01-10'),
(42934, 'zgirard@sfr.fr', '[\"ROLE_USER\"]', '$2y$10$HfcX71cxtukxfJFHVlnGWeMi9JaMeRn3jBDdg1OiPKqyZyhtQ75iS', 'paul.virginie', '1969-06-26'),
(42935, 'caroline.petitjean@dbmail.com', '[\"ROLE_USER\"]', '$2y$10$m/de/AZdBX6MDKtGI6A8V.bdmwvfbRitzGtA/eTAX8oW/33bD0d0K', 'aadam', '1978-03-25'),
(42936, 'ebegue@tele2.fr', '[\"ROLE_USER\"]', '$2y$10$t4h4kpX4cmgE0OL8dCC2muMxqNgyhS/9MOUPYqXJNDSWB8KBUNJVS', 'philippine.cohen', '2002-12-23'),
(42937, 'poulain.bertrand@hotmail.fr', '[\"ROLE_USER\"]', '$2y$10$5Rzz.5CFwFkSmILYKjKpR.rcIr2.RF2WWVyTUJEfsx.UBtubea1Yu', 'patrick39', '2007-04-09'),
(42938, 'delmas.claudine@orange.fr', '[\"ROLE_USER\"]', '$2y$10$mqXO.aEk63UZja40Wevd6u4T/1h4K/e/w2sLTmNuaRyzyF19wawr2', 'rleduc', '1984-10-28'),
(42939, 'gabriel.olivier@noos.fr', '[\"ROLE_USER\"]', '$2y$10$Zvz629oGuzGGyrElt8CbfOlV9BhmYiL2jBQGSJS5akS2Cgg/rI.c6', 'paul80', '1977-06-05'),
(42940, 'roussel.jacques@orange.fr', '[\"ROLE_USER\"]', '$2y$10$b..g4m8Qmkn2IEpAXK2LmOaHVJGbYOovLCuzKyyy1lTbEOi56daVC', 'faure.charles', '1994-12-06'),
(42941, 'tbaron@costa.fr', '[\"ROLE_USER\"]', '$2y$10$EnLqL2Aok8KviNVYi8cTKuP0D5kR0ma7R6w39kTGFO2FoH3dkvoAu', 'michele.gillet', '1965-12-12'),
(42942, 'maggie.dumas@wanadoo.fr', '[\"ROLE_USER\"]', '$2y$10$6Gyy4p9fL8LLarhEun5jiOyjwzkJya0FXNAAl4E9L64jNxaCji43S', 'pjoubert', '1963-12-26'),
(42943, 'igillet@free.fr', '[\"ROLE_USER\"]', '$2y$10$mvMSmexo5NdyFISW6L0.KuEH85ZhOgxKR2vd0SNOty2MKepgYrE1K', 'benoit89', '1972-11-09'),
(42944, 'denis53@germain.com', '[\"ROLE_USER\"]', '$2y$10$ErG2PXfwqlCn2bxb7BMIdODAFWQhSlj8jHgoki2nCupbGfx0GGwD6', 'noemi.martinez', '1983-02-23'),
(42945, 'hrey@dufour.net', '[\"ROLE_USER\"]', '$2y$10$E8R2K0qCioD30LwS3IOO5uAW4moHzjcH5srcnFFPo006awLFsaLwW', 'maurice.becker', '1977-07-28'),
(42946, 'faure.isaac@live.com', '[\"ROLE_USER\"]', '$2y$10$xp5UJF7SAfh/4vWnJWGcQOOT4jd1GoQHJp3cSLN9874DjMeFoBJqq', 'briand.odette', '1971-03-24'),
(42947, 'dloiseau@hotmail.fr', '[\"ROLE_USER\"]', '$2y$10$vkIs4vf60Ebw2QPCsy2zxOedp/C7dDvTuPhC3KhCsp7CVS4hVAZjK', 'iguillet', '1969-11-07'),
(42948, 'robert.anais@sfr.fr', '[\"ROLE_USER\"]', '$2y$10$GKq8F4yaC7tyCyM5HPzLheKSbrTqmggrzhfCr.xXGnEYaEMCh5Jiy', 'durand.louise', '1969-12-11'),
(42949, 'imaurice@gmail.com', '[\"ROLE_USER\"]', '$2y$10$C6bH5Vg618XIo8NHr6gJ1.XXtgywYLwFZuPWcgzv8VTvYg5A/Od8O', 'carlier.penelope', '1976-10-01'),
(42950, 'roux.margot@live.com', '[\"ROLE_USER\"]', '$2y$10$WdfL5CVXoRVyQqy3l0FYNe5T.9oVAVWG8ciHOnfQqVH.WafSRgz1e', 'qpascal', '1962-06-04'),
(42951, 'alain66@hotmail.fr', '[\"ROLE_USER\"]', '$2y$10$df22skgFFHugWdD0LDFa.eFN/jzFZXxzSeuHNSC0yELILirj6kC7i', 'menard.marcelle', '1963-09-20'),
(42952, 'vincent.nicolas@gregoire.com', '[\"ROLE_USER\"]', '$2y$10$xXBRH08nzQrQ78jjsqPh4.T9rBavw1xO7VNhyLp/IPybSjc/78rWO', 'chretien.daniel', '1989-10-05'),
(42953, 'eriviere@perret.fr', '[\"ROLE_USER\"]', '$2y$10$/oCXQiy9EIM4CqqMMMNvlOtadMDosm8.huZ/o2MCQ.Owp5VqoRUsO', 'tcharles', '1964-10-28'),
(42954, 'arnaude71@tele2.fr', '[\"ROLE_USER\"]', '$2y$10$misVI93b0wbPAxu6VXSWQ.0RWQssFv5LCAfNpzeAapyP1kXZCVd7S', 'tbesnard', '1978-06-19'),
(42955, 'adele53@antoine.fr', '[\"ROLE_USER\"]', '$2y$10$Tzc9cLvA43YYJwSMnh/KXOu/zL/49/Vt3/OCuJDrFP.sdtvhAFEeq', 'emile19', '1965-04-10'),
(42956, 'navarro.martin@free.fr', '[\"ROLE_USER\"]', '$2y$10$9OhHwBlsEcDW6xTkXsUykeytcxON0YAMUg/we2ijryKygCkaT26m2', 'clemence.gros', '1971-08-06'),
(42957, 'colin.paul@lenoir.com', '[\"ROLE_USER\"]', '$2y$10$Fh/Q.xvt17kNeru0Oj0eke9k.8R8IR56zPgwVlBDKHSPQsrb3ZyI.', 'louise81', '1980-10-15'),
(42958, 'michelle.gimenez@nicolas.com', '[\"ROLE_USER\"]', '$2y$10$pZZ4z.YkrCAVMObdwrmk8eWwa1FXtsXoewOUUm8/h4GLl7ENqQcua', 'thomas.allain', '1995-05-27'),
(42959, 'christine.hubert@free.fr', '[\"ROLE_USER\"]', '$2y$10$SjZBKtsmQ.pU4FvImO2AT.7y/Z/he7Aaup6soRcCADYEw5vgcneGy', 'emmanuel.lefort', '2004-05-29'),
(42960, 'girard.michelle@collin.com', '[\"ROLE_USER\"]', '$2y$10$Te5l5eJLonpASzkc/xI4duGWTQhddXd0q655LVBbJJDzf0sMEtG4K', 'christine86', '1997-07-12'),
(42961, 'udeoliveira@dbmail.com', '[\"ROLE_USER\"]', '$2y$10$SObhZV3isaUHapMSwF/UFuBplTGpySc40DDKOVJfFe1YSPbkZmkfm', 'ibazin', '1994-02-12'),
(42962, 'maurice.mallet@michaud.com', '[\"ROLE_USER\"]', '$2y$10$kSCZ9Q36SsAUMHpAPufhtOLAhFNMmdcGbJCLZncJTViQNqP35eFM2', 'noel.dacosta', '1979-07-12'),
(42963, 'louis98@laposte.net', '[\"ROLE_USER\"]', '$2y$10$rL8I4rJmuWYhZFlrtgBR6ewktpmQAgtH7pHk6YjXwYfRrR2sx69z.', 'gfernandez', '1982-08-06'),
(42964, 'emmanuel81@orange.fr', '[\"ROLE_USER\"]', '$2y$10$mZRP6bV2rL852OLxns0.LeSuVHdk3VG03HBdrxsmVl0MKsgl/p4ZC', 'jlambert', '1962-04-19'),
(42965, 'ylevy@hotmail.fr', '[\"ROLE_USER\"]', '$2y$10$u4KbkdJNwPZTxr7pER6FYOUAGLwx.vmAiUwVrH3bl4qfKD.Fgiyn6', 'martine99', '1976-05-15'),
(42966, 'virginie27@live.com', '[\"ROLE_USER\"]', '$2y$10$eRF4EsbfrJzUv0RaU.2Uyu98sAep/ZzDnB0QG8f4Mzjs5aVm5jXZu', 'lebreton.thierry', '1964-05-29'),
(42967, 'joseph.julie@noos.fr', '[\"ROLE_USER\"]', '$2y$10$ACGlZJGBm3ULXosph/4IVuiWlIA.Ad63JSqwwvD6o3.P6kfCtm7EO', 'hugues41', '1985-01-20'),
(42968, 'sylvie66@live.com', '[\"ROLE_USER\"]', '$2y$10$d4rtn5nw/cqWoG69aKh05OptvDlalDvCQbjb79GZJJfkwGtsYg.by', 'henri.breton', '1992-01-22'),
(42969, 'michelle68@cousin.com', '[\"ROLE_USER\"]', '$2y$10$t.v3QQCZtav6aUX6VUzjRet1.GV.eVfRKCOS.X2HiSM3hFbPE//h2', 'dacosta.paul', '2007-02-25'),
(42970, 'vweiss@gaudin.fr', '[\"ROLE_USER\"]', '$2y$10$tAUo.hhQJ98kKHQdmf6rZuF8zN2hvr1w/p0rpbzeoZXWvRlpoxKb.', 'caron.charles', '2003-05-05'),
(42971, 'luc.marty@yahoo.fr', '[\"ROLE_USER\"]', '$2y$10$0aFtcXKNpAUT5zdR36sDTuSmDINJxHY5zkpyswbJD.jylJLwQLyDC', 'legendre.suzanne', '1962-10-03'),
(42972, 'fthomas@gmail.com', '[\"ROLE_USER\"]', '$2y$10$jA0emtydO.D7EMGp11BHO.lRlqd/NMtljZwILy6H5vcmxy/9zMnse', 'coulon.jacques', '1988-01-11'),
(42973, 'neveu.nicolas@laposte.net', '[\"ROLE_USER\"]', '$2y$10$X8jM60tHQ7R/hysfz7qdAOYWmoNJeBZpZM8AKb.zyCHVc7XW6UVye', 'idacosta', '1979-02-01'),
(42974, 'cbertrand@yahoo.fr', '[\"ROLE_USER\"]', '$2y$10$lV1wICnK0oqQpURURUI0yuDQcsM6LhLGoryMIhp/WUuODgddzeP9W', 'margaret.boutin', '1997-02-07'),
(42975, 'amelie51@rolland.com', '[\"ROLE_USER\"]', '$2y$10$RlqbD4V/4yjdF4UwZ3jo2eDoc4AT0v5BWv5t0ksgs1g.PvRJFu6Jy', 'besson.lucas', '2006-06-14'),
(42976, 'patricia.louis@tele2.fr', '[\"ROLE_USER\"]', '$2y$10$7ImePS5S73qr8VcDTbq2WuExh023cp2KTVHkDcr/QaooMQWFt37Zu', 'olivier.dubois', '1964-01-03'),
(42977, 'christelle.charrier@laposte.net', '[\"ROLE_USER\"]', '$2y$10$ObJp61mdBEIPg3NmyyfWw.Me8Lklx9T5o94b9lT0LhMp.JOauvB3W', 'penelope92', '1966-12-24'),
(42978, 'danielle.poulain@desousa.fr', '[\"ROLE_USER\"]', '$2y$10$h/UXNPlJGx85zmbp8lbydeDbyjTqHVMkPMyFr1ZFaqwPjS2CvnxZe', 'labbe.bertrand', '1979-03-01'),
(42979, 'clement.patricia@seguin.fr', '[\"ROLE_USER\"]', '$2y$10$YnjzxsVN75X2KFclCZYMtemQsVfn0hvuJ5OT8yajpUvS3XpRe0nRG', 'pierre.maryse', '1979-12-18'),
(42980, 'aimee23@gomez.com', '[\"ROLE_USER\"]', '$2y$10$ZiOaFsjhjM6Em2Vopjwd2e7Yy.tWGUVtdUq3f6XNPPmRXnuoLpTwe', 'gabriel.marion', '1978-01-04'),
(42981, 'alain83@laposte.net', '[\"ROLE_USER\"]', '$2y$10$ayixsep2RXWmUKjadzC4NOqv7n63sUyXhnxlriBGDXK7RuKjhSo.6', 'bhoareau', '1980-03-21');
INSERT INTO `user` (`id`, `email`, `roles`, `password`, `username`, `birthdate`) VALUES
(42982, 'alexandre93@moreno.org', '[\"ROLE_USER\"]', '$2y$10$2pA/XR.p72HoU0qPrEGTYO9X5mDi.Pd0x.h2c0aj9LFjxhDZSQFe6', 'guillet.bertrand', '2003-12-05'),
(42983, 'petit.genevieve@besnard.com', '[\"ROLE_USER\"]', '$2y$10$gFVd.8BNwjt2ngrpSQOfrupRuPm16W2MidLtEiJm.Qf0aU4KKX8Ta', 'nicolas72', '2004-07-28'),
(42984, 'jgermain@wanadoo.fr', '[\"ROLE_USER\"]', '$2y$10$hP0FJtR7i4J.Vi.m0hAca.2FKGsUTu4Nu60CZydK6KyTuTXtlMVxe', 'genevieve79', '1970-11-11'),
(42985, 'mpetitjean@club-internet.fr', '[\"ROLE_USER\"]', '$2y$10$LJNAF.hhCYIuDcE/DC/LTeXcOUD/vQw7MAMrf2NGFxBrkoVbiLsVi', 'eauger', '1970-03-09'),
(42986, 'arthur41@maurice.fr', '[\"ROLE_USER\"]', '$2y$10$RbgtiduZnCdfb2hjDRfR8.cBnbVIhZ0dKdKVis.8YETfXhwLQoFu2', 'paulette.brunel', '1998-04-09'),
(42987, 'aurore31@allard.fr', '[\"ROLE_USER\"]', '$2y$10$C34p8p/VV9PSrzT84R6HgeMHUPXUjMkCk7FoFTYt/0JMo8RAyPV1W', 'durand.rene', '1984-05-03'),
(42988, 'glaporte@live.com', '[\"ROLE_USER\"]', '$2y$10$o/nwsHTM3rCoIgrvOOnkauw0EyQQVjECoMqPUs3ff56iMvM8Zucei', 'capucine.pottier', '2000-07-23'),
(42989, 'sanchez.andree@baron.fr', '[\"ROLE_USER\"]', '$2y$10$df8fCxoh16oYK11.40FIxOptLXY3Cb./54TBsYgKnULRj/KjmpKd6', 'ydias', '1999-07-02'),
(42990, 'juliette36@imbert.fr', '[\"ROLE_USER\"]', '$2y$10$LjLG95qmU1nydoiZd1Huo.ANQVshLoN9wst6bo7vxCpiWzx.hjSse', 'gilbert.elodie', '1974-01-09'),
(42991, 'gpires@free.fr', '[\"ROLE_USER\"]', '$2y$10$uUidYMTOpe06.iP9HlRJRO0Dk785JjTp6v0yJcOHakQKY0NvFOVg6', 'leon37', '1987-11-30'),
(42992, 'honore.bigot@bourgeois.org', '[\"ROLE_USER\"]', '$2y$10$UzBxI7tMgHp1X676pepiGuqUE7wmPZ7O6h.jx..dk/RH5bRiNYBgS', 'coulon.thibault', '1982-06-09'),
(42993, 'uperon@noel.com', '[\"ROLE_USER\"]', '$2y$10$DIf6PvZNWOsGpX73bl6nVejOUkvXj2lYWLZG.bBaAW4p6WP/l8b22', 'glegall', '1999-10-26'),
(42994, 'thumbert@tele2.fr', '[\"ROLE_USER\"]', '$2y$10$LejT.41M8.De/4n/.pxPNu7.I7hAwHVCH7Los5NW2A3dl1Plgou5O', 'tnicolas', '1981-04-26'),
(42995, 'jledoux@andre.fr', '[\"ROLE_USER\"]', '$2y$10$2bno48r52GyoHFs9zzsuAurIDsXojoXDi39crUD4bLbvqrq0RmXpi', 'emmanuel25', '1988-12-23'),
(42996, 'thibault68@girard.fr', '[\"ROLE_USER\"]', '$2y$10$3IaZa6LaVA2s6vM5xsvI1eIAGtvXO41Omj9W/UO6zqRRhiajK3f42', 'gilles35', '1972-07-28'),
(42997, 'wchauvin@noos.fr', '[\"ROLE_USER\"]', '$2y$10$1k3lcAh7R1AT/mJx6m7nG..RkxrwNSnSqggVwDkQlWcugOPyGiAeC', 'hgonzalez', '1992-02-26'),
(42998, 'jleclercq@bonnet.com', '[\"ROLE_USER\"]', '$2y$10$2yghIF7wTC/6r.eS6KPhcuUQkGh45rgebAD8BVsABAkm/F9B2A0vK', 'moulin.david', '1986-10-05'),
(42999, 'nathalie50@noel.com', '[\"ROLE_USER\"]', '$2y$10$F3MDnP3oDuyzgyCqfSHCtus9cqh1I1xRJ26qsyXQSuD1DSFs29ulq', 'camille.legoff', '2000-02-10'),
(43000, 'eugene.gilles@humbert.fr', '[\"ROLE_USER\"]', '$2y$10$mcHgveKNOyFP3pDN1qWyyOWhFgrogEG8Z0ilnL1tag.2ksjbwViaG', 'marchand.noel', '1995-05-26'),
(43001, 'cnicolas@dasilva.fr', '[\"ROLE_USER\"]', '$2y$10$BycCbpWzpu8ukV1/1OmlY.iytK8XvnKOGw3Hwqkdcqyoz7gcCjUJq', 'marc.desousa', '1974-01-16'),
(43002, 'emile28@orange.fr', '[\"ROLE_USER\"]', '$2y$10$a0R4JltgimJNcv2eFxZkFOIJqbvijrSyIxfTK9oP12TeARFTnwRHK', 'uadam', '1965-09-05'),
(43003, 'fguillon@levy.fr', '[\"ROLE_USER\"]', '$2y$10$lmgr3bWAi4aMjeF0PI2qmup1Qu8iDym9NHw0jLyhm3cWJT1ArlRJi', 'nlopes', '1963-09-27'),
(43004, 'matthieu.picard@yahoo.fr', '[\"ROLE_USER\"]', '$2y$10$4/U7ixKbGZcyf1CXfzX8SOwiQURo98u4U2Ft6IboAgVg1FM8PBZb2', 'maggie06', '1983-11-12'),
(43005, 'thomas59@perrier.fr', '[\"ROLE_USER\"]', '$2y$10$F.yLNoqKw1P8nvr9kHg2h.Pzb.p8RnBfxEe/Omd0ccO5STRug7UdS', 'joseph.lesage', '1981-10-30'),
(43006, 'gilbert.isabelle@colas.com', '[\"ROLE_USER\"]', '$2y$10$8Nt8bpyKT4SC9tXjlix6yumO3KSeoPMTF/l27tQh/YA1Oedpl0m4y', 'rene.marie', '1970-01-26'),
(43007, 'hruiz@roussel.org', '[\"ROLE_USER\"]', '$2y$10$rwhTupyfo8IU1T3JRX5N6Ox8Xiu5M3udh76pGYX0qw7VqcQ/.gv1G', 'hperrot', '2000-10-10'),
(43008, 'olivie47@noos.fr', '[\"ROLE_USER\"]', '$2y$10$Abj4BlrnF5iXl8ltsp64J.Wzz.TUJpmjX89Wkbzm/7xDrt/gbT1ym', 'leger.christiane', '2001-07-29'),
(43009, 'jerome.leduc@orange.fr', '[\"ROLE_USER\"]', '$2y$10$suPmj8APRH.bc2w5X9gzSeQ3j6Tx.d1hC6paxqYgtPcybwwXths7i', 'bernier.paulette', '2002-02-07'),
(43010, 'wgerard@live.com', '[\"ROLE_USER\"]', '$2y$10$M6fzPxLHfqOr9amyyl8k1uT.5lsxk9UhxVwunXDNLRY713mYw5CqW', 'pichon.elisabeth', '1991-10-17'),
(43011, 'cjoly@dbmail.com', '[\"ROLE_USER\"]', '$2y$10$5jYUj2z1TFmhEu0kuVFLheMiKArqa5d0KxT6Gw6IupyAMsYrJ3Gw6', 'audrey.maillot', '1986-12-01'),
(43012, 'rlevy@orange.fr', '[\"ROLE_USER\"]', '$2y$10$3z9R/4s0CA4PAq29BY3lC.uyqZey2zF9TmQaqpSvUyW870avaGudS', 'alex.blin', '1967-01-12'),
(43013, 'normand.antoine@wagner.com', '[\"ROLE_USER\"]', '$2y$10$PToFm2VCDhikSpGwE.j/b.sAB6LNA6oS2SWtgIfbGvo2eBa6cx0Fi', 'blanc.leon', '1985-07-20'),
(43014, 'blanc.zoe@dufour.com', '[\"ROLE_USER\"]', '$2y$10$VqLv6AySRwLyeD2KP54Dk.MIR3sp6ZmPjpgdCQBcsJEWuJcFN4py.', 'qgimenez', '1997-01-21'),
(43015, 'claude.teixeira@laposte.net', '[\"ROLE_USER\"]', '$2y$10$y5aw0LgfCFXbmsSbCUp/B.OF5rjMRvlio2jtVIq3vfXr1lHFoCWl2', 'margaret88', '1966-12-31'),
(43016, 'gilbert75@gillet.org', '[\"ROLE_USER\"]', '$2y$10$3wZD5b5v5cVCgFm66rZ67u6.k1cbrRR57nlC82RJ7Zwa4ZckZ//Sq', 'lopez.chantal', '1997-04-10'),
(43017, 'pruvost.elise@orange.fr', '[\"ROLE_USER\"]', '$2y$10$keUym2UJ6WCyZCXFPb5JoO.wdsYEz.9WNjyT6j2C2mI5Efrz5aZtC', 'garcia.edouard', '1999-04-08'),
(43018, 'caroline00@lecoq.com', '[\"ROLE_USER\"]', '$2y$10$wDivytrwnjGKZ4.MkYGqT.TI/V.7jsR5Vt2ldx3fRKXjs5JNKVWCS', 'zlabbe', '2000-10-17'),
(43019, 'wbernard@sfr.fr', '[\"ROLE_USER\"]', '$2y$10$lk77d1QiwqsuyXB35b58huaDSNjUOcnZe4OakR86G8dLW/gCyp0sW', 'adam.patricia', '2006-09-11'),
(43020, 'theophile75@normand.net', '[\"ROLE_USER\"]', '$2y$10$55qVG9UwCpMb8/0VJAmHaOoUVdc5BNTy0nAw6MalHAecxImDugQHG', 'schauvet', '1976-07-11'),
(43021, 'arthur.carre@chauvet.net', '[\"ROLE_USER\"]', '$2y$10$4/GAqDFjBtDBo1m0xDxxleIenVXp0EdeflrHwhVrTpctO5Nkckkia', 'lamy.martin', '1982-01-17'),
(43022, 'christophe15@noos.fr', '[\"ROLE_USER\"]', '$2y$10$8EzmwD6kWqRsxdnrBw/geu1bpY5uIeU9oVondXMl4PFkLp9u5vMT.', 'bernadette53', '2001-12-26'),
(43023, 'pauline54@free.fr', '[\"ROLE_USER\"]', '$2y$10$zMdAB41v4wC.CUk0BIqLpebFUtM9LT7W4zQ7687gDwCXP3a7tAmni', 'garnaud', '1996-09-05'),
(43024, 'jjacquot@benoit.com', '[\"ROLE_USER\"]', '$2y$10$GxhEjy.ZqnvOCusBFlwG6uNzcR5eKBT13Ic50E1dCtaZghumQ7Hb2', 'aguyon', '1986-10-21'),
(43025, 'richard.martinez@wanadoo.fr', '[\"ROLE_USER\"]', '$2y$10$grbvrJNp3EKdIiDl.hvgdenEEksoqH2uoo81vDWuQHk15fJRufEc2', 'denise12', '1994-05-20'),
(43026, 'gosselin.alice@jacquot.org', '[\"ROLE_USER\"]', '$2y$10$DyL50MaB0Y1dUGmrSPZktuZq/.0XbmGRDKkm2AO9roNFYjtaPVA4e', 'veronique.benard', '1984-03-21'),
(43027, 'zcourtois@faure.com', '[\"ROLE_USER\"]', '$2y$10$LZqv0HFvPrT8.wKE6gZ9Hus84mRWI9t5MMwKRKNs4IHWxrvQ4gWt.', 'elise19', '1988-11-12'),
(43028, 'robert94@dupre.com', '[\"ROLE_USER\"]', '$2y$10$keQ19CKQ8cJCN13bQzMmPef6gtiwvOXvABkY549v2sxvzQp8iaHp6', 'alexandre.boulay', '1981-12-08'),
(43029, 'adele51@andre.net', '[\"ROLE_USER\"]', '$2y$10$bSf0kIH8CBBxPOyoM1IGn.2g/rWJRtQjTtkxudZ/vdoA2Wr3YpHbm', 'eleonore.lebrun', '1996-10-14'),
(43030, 'timothee.renard@rolland.fr', '[\"ROLE_USER\"]', '$2y$10$anShMVy8id7IjJQLQtULlePyevK3rW52ZQXE.SUOLXhziO3R/OZu.', 'jacqueline.thibault', '1964-09-05'),
(43031, 'vincent.techer@goncalves.org', '[\"ROLE_USER\"]', '$2y$10$DlHEjF8e1LDMJ5AsVv9jWebPq6RFGotZV88nWF/Cs6RFSJ3Ums0li', 'matthieu84', '1990-09-25'),
(43032, 'elise96@morel.fr', '[\"ROLE_USER\"]', '$2y$10$bO93VVs74IAktnEb2UNOR.qqdD1KrOwVm0mnGCoEUOzqb4PzMTXCy', 'wpages', '2002-03-20'),
(43033, 'patricia21@tele2.fr', '[\"ROLE_USER\"]', '$2y$10$Ci.V3iJ2IeMTS5j9YnwEyOxgNyRe9Bw9mcWBmcShfu701ZMI04KVm', 'jerome.dubois', '1989-03-02'),
(43034, 'collet.dominique@mary.net', '[\"ROLE_USER\"]', '$2y$10$b7wQJX1fzl5EOlqqG3LKCe59uRhdflRG2OfI.vU7PVbnp8gfwDIxG', 'zgonzalez', '1972-03-03'),
(43035, 'carlier.susan@descamps.com', '[\"ROLE_USER\"]', '$2y$10$V0GeAUHd33BfKDB4/OWUdeHjrzGasy.WjpHoNlx4mL2SM92ZZtM7G', 'genevieve.cordier', '1999-01-17'),
(43036, 'remy55@laposte.net', '[\"ROLE_USER\"]', '$2y$10$1SlVj.0cGysgvFdA2Qnhku9SS7DN.DjxFrIxbF4Bvg4VWvzt7AUGS', 'ichevallier', '1966-09-02'),
(43037, 'ididier@gmail.com', '[\"ROLE_USER\"]', '$2y$10$lkiJ4DT4UF1tLeuImQlpLe3EZwMR.zejIPmBKM5igMxqnuULGwzAm', 'vidal.elise', '1980-04-21'),
(43038, 'nath.brun@gmail.com', '[\"ROLE_USER\"]', '$2y$10$wHTOeTryStAwUEyr/tNrIOGEvnkKA3FHukrbPQrLg90YTKxy5OuhG', 'victor.leduc', '2008-11-11'),
(43039, 'laetitia62@free.fr', '[\"ROLE_USER\"]', '$2y$10$UrW4zAMaqIgncRSqE58av.OXdrFNTIP5UIKsJZzrpX9YIt5/amYWa', 'gilbert.pires', '2002-10-06'),
(43040, 'colette.girard@free.fr', '[\"ROLE_USER\"]', '$2y$10$FyuQXK2XFKyKGJqnYOy03u8EWdmyKTu2lhst.G6TpY1xTU9Da4n9W', 'durand.patricia', '1991-05-31'),
(43041, 'timothee43@auger.fr', '[\"ROLE_USER\"]', '$2y$10$6tsEQHAkhoh9IZbMkEreAOL2xyi7s6CMwBYUX/ynKMz4.YLX7zLcO', 'christine.legrand', '1986-02-13'),
(43042, 'sophie.desousa@yahoo.fr', '[\"ROLE_USER\"]', '$2y$10$o6Ik/LlCsZ6dK0LKmFI4auJIU/FKH56TBU2iZAtpAjzbgpqnpX2qC', 'wchretien', '1974-08-27'),
(43043, 'jacquot.rene@guillot.fr', '[\"ROLE_USER\"]', '$2y$10$rw6Y6DG.9OfNPenfUHNQ9uzsmssOLmYvggu5fUFoDDmwNINQRRsyK', 'adelaide22', '1996-06-10'),
(43044, 'egimenez@wanadoo.fr', '[\"ROLE_USER\"]', '$2y$10$q8jEaaGeKCDfANWeKm0EP.Ad0DYC4Erw8PQwxZd6P9CIA7MI/eJyG', 'virginie.lejeune', '1978-11-29'),
(43045, 'xmaurice@live.com', '[\"ROLE_USER\"]', '$2y$10$qSA3icsp5WTYS2Xv2qJT7OWK7mOUD/xQMLYHJDIKM59BA.P8FYkoy', 'qmary', '2005-04-16'),
(43046, 'dlenoir@pons.org', '[\"ROLE_USER\"]', '$2y$10$cCOd3He.1bQkLo0y.E6cSuAhtYHqOICXBttMd5ga5y70Vq5gqsCXm', 'amelie83', '1975-04-05'),
(43047, 'sadam@noos.fr', '[\"ROLE_USER\"]', '$2y$10$0T1wuuNxc0N9v5mYEhul1uCAuZGj5z.h.HEAAVK7eX4OdjwVi9/AG', 'lucy.muller', '1975-01-05'),
(43048, 'ppoirier@sfr.fr', '[\"ROLE_USER\"]', '$2y$10$l975nkLmX.9tu2ztHiXZJOkTyC1UB7mcCJQi//hQPNeM44XA6ne7.', 'francois.gilbert', '1975-08-30'),
(43049, 'luce16@garcia.fr', '[\"ROLE_USER\"]', '$2y$10$oqWbtHiFrc/yt4lNvwVscOjFbAp/OC5Qi85JrGi9KYXjpdxMtJLY.', 'srolland', '2004-02-01'),
(43050, 'hperrin@laine.com', '[\"ROLE_USER\"]', '$2y$10$G3lcEYETKaAcnCV1zL64fu8qqUa8QTgaM5TwuyVTXO9dilJh979f2', 'louise.rousset', '1997-03-22'),
(43051, 'nsanchez@dufour.fr', '[\"ROLE_USER\"]', '$2y$10$mrUPsqatcBZyXOdOxFoJSuEsSm4q.eSciVUs8naVkoz7aPsffcGre', 'antoinette52', '1993-08-05'),
(43052, 'patrick09@briand.fr', '[\"ROLE_USER\"]', '$2y$10$cMYr1rsgOT7BCo0nPzcVAe33rmMNXsy9c5fFN9qtTwHhZaVkAGAqe', 'simone20', '1986-05-31'),
(43053, 'emmanuel.dupont@pons.fr', '[\"ROLE_USER\"]', '$2y$10$5gkq5M4isCWVlG8raKBjpu7UZaX.PdifyVeIE.ZR2Ao12QpzkPDL.', 'nguyen.paul', '1982-10-01'),
(43054, 'dorothee05@boutin.com', '[\"ROLE_USER\"]', '$2y$10$xJQ8AJLFUN7sr7k2UxJCtukc6/k1p.8EBFsteLooWq1RD9uW8ADmK', 'henri.marchal', '1983-07-02'),
(43055, 'lucas.leroux@guillaume.net', '[\"ROLE_USER\"]', '$2y$10$Rwu.TBKuF.uqO94kEnFhauNFLpI8F9ZobI/713114qR7QBst1riGS', 'ncousin', '1970-05-07'),
(43056, 'roy.zacharie@guilbert.com', '[\"ROLE_USER\"]', '$2y$10$vam6.7NrMixR/zbmBn/QZuHRSVfmdJ1Y56h8HcGOI7BCjCP40EKWe', 'pdijoux', '2007-10-11'),
(43057, 'efabre@gmail.com', '[\"ROLE_USER\"]', '$2y$10$HrhJg7AbQp2tC2PtQ3..SuQnF.mimpi3nZpy6fDTW7udZ3o6VEdI6', 'marc00', '1997-10-06'),
(43058, 'svallet@hernandez.com', '[\"ROLE_USER\"]', '$2y$10$94enlP51wLaT8GazRNJDZeMvmwReMAiJMuEwE9STiI2jw0RCK0ncm', 'veronique59', '1996-02-18'),
(43059, 'jpruvost@descamps.fr', '[\"ROLE_USER\"]', '$2y$10$PwJmcJVZWYk02GCsYU7THeWGdZKG8Sbkt8IifltUwxOxaKR.KO3EC', 'lucie36', '1999-01-15'),
(43060, 'bpaul@laposte.net', '[\"ROLE_USER\"]', '$2y$10$isefljSBZ3Nw0gp0trCOueqctFH3KhZvtj7ALLLy.yvBfmQOhhNBe', 'diane03', '2005-03-02'),
(43061, 'honore.chauvin@neveu.org', '[\"ROLE_USER\"]', '$2y$10$y5.KEDXhFG2EiPTB.eMUTeia6TEyeAOlyt1W7GV3rZTS0w8.px3cO', 'marcel19', '1983-12-29'),
(43062, 'roger50@clement.fr', '[\"ROLE_USER\"]', '$2y$10$ha0SobkPVVP/VTizXLHGgegjkdTdZ/vQAv8gcyAN1svj67U7l3ea2', 'auguste52', '2006-02-13'),
(43063, 'adam.frederic@tele2.fr', '[\"ROLE_USER\"]', '$2y$10$iRzdUA7oOoDU0cKTLCH4LOd/JWlnqe6QX8WbjpN4R2jaHfVmMEW/e', 'stephane41', '1975-08-24'),
(43064, 'martine15@free.fr', '[\"ROLE_USER\"]', '$2y$10$ZFGJRdQWgZSjvB/lOVdLYupILc/VXN8isDvW3qXRZJErnc.ITzNmO', 'roger91', '1999-01-27'),
(43065, 'timothee75@durand.net', '[\"ROLE_USER\"]', '$2y$10$1IaJcK58NzoncGCEBsE/0.9vw7LjMvlQd1eHTCZrtts7VnITxGOXS', 'jules.guillet', '1973-08-27'),
(43066, 'brigitte71@loiseau.com', '[\"ROLE_USER\"]', '$2y$10$doA//B84O5tk3BmAbuMPf.VGQKKfqrsALaPH4AcsbnmBvnsNJ9m2e', 'martinez.alain', '1975-08-19'),
(43067, 'blot.charles@yahoo.fr', '[\"ROLE_USER\"]', '$2y$10$OWX8QNLEHpEwSR1xvAj9le/wXiIiVP/7Q7TaFwYa0cDu8CM.UsD2G', 'robert.anastasie', '1981-10-25'),
(43068, 'descamps.aime@noos.fr', '[\"ROLE_USER\"]', '$2y$10$3ggIT53He1.Mj25tSjQZSeYY41ooSXxrodGnUpI/aAFu9gfFelcKq', 'emile19', '1993-04-19'),
(43069, 'marcel58@langlois.com', '[\"ROLE_USER\"]', '$2y$10$B9wSQdbVYtnkhTQtALP4PefTbHcBocsCsBxcBmx1EI3vIl9.VkWqW', 'corinne.chartier', '1996-01-25'),
(43070, 'lmaillard@club-internet.fr', '[\"ROLE_USER\"]', '$2y$10$bml0HknkWqW5r/fLojkwlepNOM995GAGah1w4NImhkyWq2KkyBA7u', 'marty.eugene', '1987-05-11'),
(43071, 'dcourtois@ollivier.com', '[\"ROLE_USER\"]', '$2y$10$XjeiSz2zXBdK9B59AoJj5OZXFPi0lHr/RIwESh34/BQdUvCxDoTxu', 'pascal.camille', '2000-10-13'),
(43072, 'qgeorges@bigot.com', '[\"ROLE_USER\"]', '$2y$10$kWolfvRUi.4LEK1XZEDDJuiK1JWbpReY7U3PtxTORVbjIRA07Swl.', 'trichard', '1969-03-19'),
(43073, 'rene80@sfr.fr', '[\"ROLE_USER\"]', '$2y$10$sBgc77jZh1CB7v.7/rpICOFNifB/AMUVnSy53JTrUpkLce1g1ikcS', 'alice.rossi', '2000-12-17'),
(43074, 'operez@sfr.fr', '[\"ROLE_USER\"]', '$2y$10$7Dyzt/dkILsj7yvimmNmpulqGyPIqg0jQVUJp4b4aUQguAuvSxBNC', 'aubry.theophile', '1968-10-05'),
(43075, 'masse.guy@wanadoo.fr', '[\"ROLE_USER\"]', '$2y$10$jevWfqlaP6MNbLgFNq0Q4eqsnI1QIpE9Y8gjdhnSlyOwoMMT2w64q', 'buisson.christiane', '1966-07-16'),
(43076, 'dominique.leclerc@lucas.com', '[\"ROLE_USER\"]', '$2y$10$eQkKsiFgDegVKzZKroVLnejVbeGUtGH/p84haLBXnSh381U4ay/a2', 'antoine.cousin', '1962-03-26'),
(43077, 'roland.gomes@chevalier.fr', '[\"ROLE_USER\"]', '$2y$10$c2mPMk6l51RAyE6z89Vtl.huWxRRnmV0NNK6vUi0V8mn9/VD8FsqG', 'nicole.ferrand', '2000-10-20'),
(43078, 'adele59@leduc.org', '[\"ROLE_USER\"]', '$2y$10$HBBKs.e6z6aMHAQ4Jr.S/.HsCq26SyYwRSVdEpDcMlHXFLDJK2ysK', 'moreno.marianne', '1965-05-20'),
(43079, 'lombard.william@delannoy.fr', '[\"ROLE_USER\"]', '$2y$10$AOCaeSw79w4aH6JloaRBf.Sr.IB7fcbL1di3FtCtjYbs3trNGLH9e', 'wbesson', '1984-07-24'),
(43080, 'gautier.madeleine@yahoo.fr', '[\"ROLE_USER\"]', '$2y$10$VlCSNRUiXCox6DtGvuUPPeXKoqJj1qi.WFpR2ZgraHUQnsbCoSVh2', 'mathilde41', '1980-01-18'),
(43081, 'eturpin@gmail.com', '[\"ROLE_USER\"]', '$2y$10$mAUZvJby3oPaXqNcGRtmWOYERjL8iKp0BX/D4yZoIIkc4mPDVDbLC', 'pires.eleonore', '1995-04-29'),
(43082, 'spottier@hotmail.fr', '[\"ROLE_USER\"]', '$2y$10$Xu7aj3JbeY.VdD0kdRPAjO/TqG/xHszW0y/9WVpfX6a9VuYdBVCja', 'fleury.chantal', '1966-01-17'),
(43083, 'lucas.guillaume@klein.com', '[\"ROLE_USER\"]', '$2y$10$aMX45baAdzy9v8dQYvs4COdvOmvY.UXXj1bPemj4lAKFPLR5WPhZ.', 'therese.etienne', '1980-12-31'),
(43084, 'rsanchez@roger.fr', '[\"ROLE_USER\"]', '$2y$10$K6hE06juK3r90nyf4Udcxe2D2TV/LfCU4s3aMzYQILQxoWiJEdzFa', 'vaillant.lucie', '1990-09-04'),
(43085, 'zauger@bigot.com', '[\"ROLE_USER\"]', '$2y$10$YZhOv4Me.qvbhYrHEnhBYOZvsYfVdl1ESWekMHtmxSwApyzf/mJSy', 'antoine28', '1992-07-20'),
(43086, 'ghardy@roussel.com', '[\"ROLE_USER\"]', '$2y$10$RsXHJTciDyyEqvx7EUjMQOCXVD9dMATG6Cr2/N3sm8bkylhc8fYMq', 'lacombe.madeleine', '1988-02-04'),
(43087, 'munoz.jean@texier.net', '[\"ROLE_USER\"]', '$2y$10$k0IULCvhF.xS27a1KnxD8uGNf2Z86WC7IRuL7OGLRFS2XBYBawBBO', 'bdupuy', '2001-07-25'),
(43088, 'alfred74@yahoo.fr', '[\"ROLE_USER\"]', '$2y$10$aeIUMwFh96waDAo/HUKf7.2rLNFkzlSxOV/6GWj1nrOLth4aSqmqe', 'riou.gilbert', '1989-05-24'),
(43089, 'lbrun@chevalier.fr', '[\"ROLE_USER\"]', '$2y$10$SjfBGspcBVjlUpJUmKZd8uOHxSpL35KkL8yGGp2yBmbWI2oYoh1/S', 'michelle64', '1994-09-12'),
(43090, 'peltier.amelie@wanadoo.fr', '[\"ROLE_USER\"]', '$2y$10$nwlCV9MnwFDFBrc1HLFKUObDCdRq.Gywz2tQ5nw8D0Ky/iVorBtHS', 'benjamin.lebon', '1993-02-06'),
(43091, 'boucher.eric@tele2.fr', '[\"ROLE_USER\"]', '$2y$10$etDNg5FRQS/xSuc/7PP6X.kkA8vUXUSnL7MfOzcp0eRu1CKjvfh16', 'leroy.elisabeth', '1992-09-26'),
(43092, 'william52@duval.org', '[\"ROLE_USER\"]', '$2y$10$JFWT6Bm3UoF6pY/c2NzEBei6o/Bb614TlkYSG/rYe7B53FLHi.ZDW', 'laetitia57', '1976-02-09'),
(43093, 'francois.bailly@dbmail.com', '[\"ROLE_USER\"]', '$2y$10$pHIRt7BzmBu0CtTnUaIa9eb4jLrHqsnb3foIoplHUsYTysZ3Tyt/q', 'margot.chartier', '1963-11-05'),
(43094, 'lagarde.michelle@prevost.com', '[\"ROLE_USER\"]', '$2y$10$QVj3H5QttYZj8VKaNYKIOuivzc2bsO9B94WwzGMdbWn3FJp/U/aQO', 'gilles.perret', '1998-11-17'),
(43095, 'josette.jean@gmail.com', '[\"ROLE_USER\"]', '$2y$10$slWcnxjHo3QkHvZAR/hqm.WIZFjHkd0smfPLrwlGld/aKleNfTAom', 'remy33', '2007-10-06'),
(43096, 'christelle36@brun.fr', '[\"ROLE_USER\"]', '$2y$10$nwsqo64wmxgyDIpF0zUNoOAD5TjxLxQSZcAtcV7vvugXiRBVcFAba', 'auguste47', '1991-03-04'),
(43097, 'claire77@lefort.com', '[\"ROLE_USER\"]', '$2y$10$j95oc6PjfDxcQa9itZIt3.6r/LDSqYfQYzEGv/i6eyPWHtIeVZsnG', 'aime.vasseur', '2007-12-11'),
(43098, 'rribeiro@laposte.net', '[\"ROLE_USER\"]', '$2y$10$2AiwuTSERKkurqNEiz6rzOsBY6hUwBMAJW9OUv2RgVe7iKCKTJhsy', 'capucine.carpentier', '2002-01-02'),
(43099, 'faivre.guillaume@vallee.com', '[\"ROLE_USER\"]', '$2y$10$kiT5birX2OiG9qXsbxaXb.fnlz39xdccwWPO7QZzngTYXN0k00rHG', 'gilbert.remy', '1995-11-07'),
(43100, 'thibaut53@legros.com', '[\"ROLE_USER\"]', '$2y$10$P5f0b8qRkVDuPJfN1LdS8.d1IXoloFPRpvgJVToTEU/eC/CGLAr9C', 'alexandre.stephanie', '1971-10-07'),
(43101, 'mmasse@diaz.net', '[\"ROLE_USER\"]', '$2y$10$Z1sSK0FMrl5jaPY/swNUnObxdvWkBkSBaGQA7LeTTVqIzjlIdqUTu', 'nathalie.guilbert', '1991-06-27'),
(43102, 'himbert@neveu.org', '[\"ROLE_USER\"]', '$2y$10$ANYCW41rOAjDLOnFNQs.ZO206rgWfys9YJvGaKDCX8sdMwZ3MbcES', 'zoe48', '1977-11-05'),
(43103, 'bernadette.pereira@philippe.com', '[\"ROLE_USER\"]', '$2y$10$WfgCjtb/mNqXbq51cmAI2eKP19nkqvrT7RKgwAi4MP/1SUlROnhHe', 'emilie08', '1966-03-22'),
(43104, 'bernadette.dupre@evrard.fr', '[\"ROLE_USER\"]', '$2y$10$gHVwcG2YNWohUUZrhdGIPu981Z0J5G/GbxqoJQxgDmg0HmJwlnlL6', 'georges.menard', '1990-06-07'),
(43105, 'riviere.margaud@colin.com', '[\"ROLE_USER\"]', '$2y$10$IGhUE/CRrMIfosNVK9Kxieto7EYUjT6QSAKQrQLrq13rzeP6QKGJK', 'rchretien', '1999-10-31'),
(43106, 'arthur.riou@moreno.com', '[\"ROLE_USER\"]', '$2y$10$TUu7j/0fJH02ObDFV6R9G.W9Psgxj2x5oye/gGFxCIoV5wpBNnU32', 'gboulanger', '1988-03-22'),
(43107, 'sebastien.navarro@caron.com', '[\"ROLE_USER\"]', '$2y$10$kivfhmpf0jnMazTRKvG6ruVNRuCRM446dRtGFRMX5.G9nZuK1T6Ae', 'vincent42', '2004-11-06'),
(43108, 'luc70@gmail.com', '[\"ROLE_USER\"]', '$2y$10$jNlhVLP8Y0YSX8QoPJ99deXE3LQtyVsxePguz.D1.TxJIuFBCG95C', 'jgerard', '1993-03-05'),
(43109, 'ilebreton@fabre.net', '[\"ROLE_USER\"]', '$2y$10$CvCl6Ej4wsdYcGpzYvSTJOSUWmuCrZSElzO1yqg1ZDoCqL230uDAq', 'olivier.henri', '1977-02-28'),
(43110, 'adelaide.dufour@sfr.fr', '[\"ROLE_USER\"]', '$2y$10$zOMdMHPP1UYLXZb7IxPs.uuc1va3rbHgtZzl64YijJsAKI5M34yFS', 'margaux.lacroix', '2001-08-03'),
(43111, 'suzanne.bonnin@vidal.fr', '[\"ROLE_USER\"]', '$2y$10$uhONBOCuJIhBaI.GhVF0ee7j1kY/sXxo3M88oaXEitZykJ8yfqGti', 'susan.perez', '1965-12-31'),
(43112, 'pierre49@club-internet.fr', '[\"ROLE_USER\"]', '$2y$10$sfMpiu8hQyQsLKdibfbifOIlXkGpdoarR.995eGoVGJOZqMrkjzfi', 'poirier.olivier', '1974-09-16'),
(43113, 'gaillard.louise@free.fr', '[\"ROLE_USER\"]', '$2y$10$GTxU2Sxsd43W/JJwsaWXPeuj.PhTpF.RLb5sGmTtNw2ao.n1jCxuW', 'benoit.carpentier', '1981-08-07'),
(43114, 'jean.parent@verdier.net', '[\"ROLE_USER\"]', '$2y$10$0N6rjgp5s3ZFH1Hp5UAijOQQF2bHFbbM8ve7./XgM8d7HXUumm9Lq', 'margaud.lopes', '1977-05-25'),
(43115, 'bertin.suzanne@rousset.fr', '[\"ROLE_USER\"]', '$2y$10$5fIBMbN3IwUKbAU54PqzvuIFFkkAWM8KDLQsaPoyoaFb7WumEhy8.', 'payet.benjamin', '1970-07-31'),
(43116, 'charles37@lesage.fr', '[\"ROLE_USER\"]', '$2y$10$O.ewQ7d1UuZZOs.JET6ljuDS11E0ePY6yshMETrxub.ltcyMsEX/e', 'benoit.mahe', '1991-04-03'),
(43117, 'augustin31@club-internet.fr', '[\"ROLE_USER\"]', '$2y$10$a5u3ci/BS8fxXL0m2vUK2OALKi657K7VGVQA1h2cenvqLj/sHqmKS', 'urolland', '1973-06-07'),
(43118, 'thierry.navarro@sanchez.com', '[\"ROLE_USER\"]', '$2y$10$38zE626HThK.qzEqaNxSVe9MGHf7NDCQksSigeF55MOadkNL0bP4u', 'gerard81', '2003-11-25'),
(43119, 'zfernandes@tele2.fr', '[\"ROLE_USER\"]', '$2y$10$yGW.qkoFWQlzQ8McL.dA8ev1MfbMY1KGaRFuhBhhxuekC4vNbhml.', 'louis.noel', '1999-12-26'),
(43120, 'david.courtois@marchal.net', '[\"ROLE_USER\"]', '$2y$10$Vn8A6ctrFoT.//7Wtjn3LuTzQMOXJiVplUFns3UgvcEO8KsG6ulqO', 'lambert.daniel', '2008-06-11'),
(43121, 'tleclerc@gmail.com', '[\"ROLE_USER\"]', '$2y$10$9zeDaKRZ80vxFO/SEr/NIOl7A49H3LIIuB7k.ORVAkXOXN9CE624G', 'patricia61', '1985-05-16'),
(43122, 'morin.honore@orange.fr', '[\"ROLE_USER\"]', '$2y$10$0dcx5WVt3jUb.VwgPorVYuw/sT3cpsPfhy.IIu8I8rEAyLf2VXluy', 'schmitt.susan', '2004-04-02'),
(43123, 'huet.jacqueline@brun.fr', '[\"ROLE_USER\"]', '$2y$10$foo1nWKFVaVkVTXjENcD0eUlhsmBYV6OnkQ3FGdhn8wr.7v.wBbrK', 'claire.mathieu', '1993-07-01'),
(43124, 'jeannine.neveu@dbmail.com', '[\"ROLE_USER\"]', '$2y$10$rFF87hJDor/Qo3j6QNBwFeKfCKRSA1nym6299CsJVz0xkagFIhfdq', 'antoinette.joly', '1990-06-27'),
(43125, 'spayet@bouvet.com', '[\"ROLE_USER\"]', '$2y$10$BVMOsu/opfZKk0reHdP1oO8g045g1UCLwaKu3sIl4Aupwdy8ia8iu', 'philippine.leger', '1980-12-06'),
(43126, 'jacob.aime@noos.fr', '[\"ROLE_USER\"]', '$2y$10$NKKtvA.JVzjXr2BgEgVh7uysr6z0vmx4KRxD41yJBXbrNR8xvLtmi', 'odelaunay', '1970-05-07'),
(43127, 'alex.muller@perrin.net', '[\"ROLE_USER\"]', '$2y$10$LnicXNRctmSnHCSo2jqFreWdBR5hHjhkEKd1A7YDM3VhUa1kTmwGe', 'kriou', '2000-02-16'),
(43128, 'desousa.bernard@collin.fr', '[\"ROLE_USER\"]', '$2y$10$Uswk2c4v2vF1IY0GztrBp.mUm6TK.PnorKTRtTnPdUfbHRJqHmN3m', 'pauline11', '1991-04-11'),
(43129, 'elambert@orange.fr', '[\"ROLE_USER\"]', '$2y$10$NP87YevCR8E8V4e3w4GUjuN8LeJqjy4S9qmmNNJlnuX/Lg.z4E3Iu', 'anastasie19', '1966-08-26'),
(43130, 'yves06@bertrand.fr', '[\"ROLE_USER\"]', '$2y$10$t0DRaANDbKFvUC3H5COFoOro6odptxJ6R6WxJdPsqtb5yEc4rkmUy', 'jules.maillard', '2008-02-25'),
(43131, 'charlotte.denis@laposte.net', '[\"ROLE_USER\"]', '$2y$10$DNmyxDr065JezIrcAFt1UOp1gNJaDeACONfV21CZdEtMUpBWPrOTK', 'nguyen.vincent', '1984-06-10'),
(43132, 'stephanie24@live.com', '[\"ROLE_USER\"]', '$2y$10$wtPDmkpDeZljP.J96rIe3OAtyRAuGp./3q//Tcuoqdy6GTlBtzOtG', 'marthe78', '1967-11-12'),
(43133, 'olivier.alphonse@andre.fr', '[\"ROLE_USER\"]', '$2y$10$TrTWnR8ORzZ5vbPPecXmc.dAwNgNa6hTqMifB8hRYmpZzl46Nc0Ri', 'guibert.benoit', '1980-07-04'),
(43134, 'guy99@dupre.org', '[\"ROLE_USER\"]', '$2y$10$K7tmzmjSsVvJdNNf9VTRoeF7.2ZAfu2G9OJvz0WTPU5tXjTbnDE3C', 'lucas.muller', '1985-04-02'),
(43135, 'antoinette46@sfr.fr', '[\"ROLE_USER\"]', '$2y$10$Ymw.DjaYYxduzh4aZNqj/u.zUCFRxhElugVnfDbq08ex9NAVEWRfe', 'hpicard', '1992-04-21');

-- --------------------------------------------------------

--
-- Structure de la table `user_board_game`
--

CREATE TABLE `user_board_game` (
  `user_id` int(11) NOT NULL,
  `board_game_id` int(11) NOT NULL
) ENGINE=InnoDB DEFAULT CHARSET=utf8mb4 COLLATE=utf8mb4_unicode_ci;

--
-- Déchargement des données de la table `user_board_game`
--

INSERT INTO `user_board_game` (`user_id`, `board_game_id`) VALUES
(42636, 3784),
(42637, 3789),
(42638, 3747),
(42639, 3796),
(42640, 3790),
(42641, 3703),
(42643, 3795),
(42644, 3778),
(42645, 3712),
(42646, 3769),
(42647, 3775),
(42648, 3737),
(42650, 3771),
(42651, 3752),
(42652, 3739),
(42653, 3725),
(42654, 3719),
(42655, 3757),
(42657, 3748),
(42658, 3735),
(42659, 3772),
(42660, 3772),
(42661, 3714),
(42662, 3779),
(42664, 3765),
(42665, 3714),
(42666, 3791),
(42667, 3786),
(42668, 3788),
(42669, 3734),
(42671, 3762),
(42672, 3766),
(42673, 3774),
(42674, 3706),
(42675, 3706),
(42676, 3709),
(42678, 3791),
(42679, 3734),
(42680, 3735),
(42681, 3781),
(42682, 3778),
(42683, 3730),
(42685, 3777),
(42686, 3783),
(42687, 3719),
(42688, 3735),
(42689, 3767),
(42690, 3776),
(42692, 3762),
(42693, 3703),
(42694, 3763),
(42695, 3749),
(42696, 3764),
(42697, 3735),
(42699, 3706),
(42700, 3771),
(42701, 3797),
(42702, 3729),
(42703, 3798),
(42704, 3791),
(42706, 3737),
(42707, 3776),
(42708, 3795),
(42709, 3764),
(42710, 3747),
(42711, 3782),
(42713, 3785),
(42714, 3719),
(42715, 3753),
(42716, 3799),
(42717, 3717),
(42718, 3711),
(42720, 3745),
(42721, 3730),
(42722, 3781),
(42723, 3705),
(42724, 3765),
(42725, 3749),
(42727, 3743),
(42728, 3757),
(42729, 3737),
(42730, 3792),
(42731, 3703),
(42732, 3777),
(42734, 3785),
(42735, 3730),
(42736, 3780),
(42737, 3721),
(42738, 3712),
(42739, 3734),
(42741, 3720),
(42742, 3767),
(42743, 3763),
(42744, 3772),
(42745, 3723),
(42746, 3755),
(42748, 3763),
(42749, 3721),
(42750, 3792),
(42751, 3715),
(42752, 3791),
(42753, 3706),
(42755, 3706),
(42756, 3742),
(42757, 3752),
(42758, 3729),
(42759, 3779),
(42760, 3749),
(42762, 3765),
(42763, 3748),
(42764, 3779),
(42765, 3710),
(42766, 3799),
(42767, 3798),
(42769, 3767),
(42770, 3779),
(42771, 3740),
(42772, 3704),
(42773, 3733),
(42774, 3769),
(42776, 3766),
(42777, 3782),
(42778, 3748),
(42779, 3772),
(42780, 3754),
(42781, 3763),
(42783, 3794),
(42784, 3767),
(42785, 3757),
(42786, 3752),
(42787, 3702),
(42788, 3794),
(42790, 3756),
(42791, 3790),
(42792, 3751),
(42793, 3711),
(42794, 3751),
(42795, 3744),
(42797, 3701),
(42798, 3788),
(42799, 3723),
(42800, 3800),
(42801, 3751),
(42802, 3768),
(42804, 3718),
(42805, 3772),
(42806, 3791),
(42807, 3799),
(42808, 3757),
(42809, 3751),
(42811, 3705),
(42812, 3726),
(42813, 3791),
(42814, 3783),
(42815, 3723),
(42816, 3712),
(42818, 3727),
(42819, 3791),
(42820, 3769),
(42821, 3716),
(42822, 3736),
(42823, 3797),
(42825, 3722),
(42826, 3776),
(42827, 3730),
(42828, 3795),
(42829, 3782),
(42830, 3708),
(42832, 3708),
(42833, 3772),
(42834, 3789),
(42835, 3736),
(42836, 3763),
(42837, 3720),
(42839, 3769),
(42840, 3770),
(42841, 3716),
(42842, 3777),
(42843, 3716),
(42844, 3735),
(42846, 3725),
(42847, 3730),
(42848, 3791),
(42849, 3740),
(42850, 3726),
(42851, 3745),
(42853, 3755),
(42854, 3797),
(42855, 3715),
(42856, 3768),
(42857, 3742),
(42858, 3720),
(42860, 3735),
(42861, 3751),
(42862, 3744),
(42863, 3725),
(42864, 3772),
(42865, 3706),
(42867, 3791),
(42868, 3758),
(42869, 3754),
(42870, 3748),
(42871, 3753),
(42872, 3736),
(42874, 3791),
(42875, 3796),
(42876, 3754),
(42877, 3779),
(42878, 3759),
(42879, 3756),
(42881, 3743),
(42882, 3717),
(42883, 3773),
(42884, 3756),
(42885, 3779),
(42886, 3751),
(42888, 3727),
(42889, 3733),
(42890, 3792),
(42891, 3763),
(42892, 3753),
(42893, 3779),
(42895, 3750),
(42896, 3728),
(42897, 3757),
(42898, 3772),
(42899, 3718),
(42900, 3778),
(42902, 3760),
(42903, 3718),
(42904, 3748),
(42905, 3748),
(42906, 3796),
(42907, 3798),
(42909, 3780),
(42910, 3724),
(42911, 3786),
(42912, 3737),
(42913, 3768),
(42914, 3761),
(42916, 3777),
(42917, 3701),
(42918, 3713),
(42919, 3715),
(42920, 3784),
(42921, 3760),
(42923, 3775),
(42924, 3753),
(42925, 3747),
(42926, 3768),
(42927, 3730),
(42928, 3800),
(42930, 3783),
(42931, 3741),
(42932, 3749),
(42933, 3723),
(42934, 3721),
(42935, 3773),
(42937, 3744),
(42938, 3780),
(42939, 3784),
(42940, 3726),
(42941, 3710),
(42942, 3796),
(42944, 3793),
(42945, 3719),
(42946, 3750),
(42947, 3741),
(42948, 3762),
(42949, 3744),
(42951, 3739),
(42952, 3786),
(42953, 3744),
(42954, 3759),
(42955, 3799),
(42956, 3708),
(42958, 3784),
(42959, 3719),
(42960, 3785),
(42961, 3799),
(42962, 3754),
(42963, 3723),
(42965, 3710),
(42966, 3726),
(42967, 3724),
(42968, 3730),
(42969, 3732),
(42970, 3757),
(42972, 3754),
(42973, 3775),
(42974, 3748),
(42975, 3753),
(42976, 3711),
(42977, 3709),
(42979, 3788),
(42980, 3723),
(42981, 3792),
(42982, 3709),
(42983, 3724),
(42984, 3779),
(42986, 3733),
(42987, 3716),
(42988, 3786),
(42989, 3716),
(42990, 3749),
(42991, 3759),
(42993, 3706),
(42994, 3715),
(42995, 3704),
(42996, 3754),
(42997, 3733),
(42998, 3739),
(43000, 3736),
(43001, 3716),
(43002, 3799),
(43003, 3796),
(43004, 3768),
(43005, 3790),
(43007, 3769),
(43008, 3781),
(43009, 3800),
(43010, 3785),
(43011, 3776),
(43012, 3732),
(43014, 3764),
(43015, 3784),
(43016, 3757),
(43017, 3736),
(43018, 3710),
(43019, 3747),
(43021, 3730),
(43022, 3704),
(43023, 3763),
(43024, 3751),
(43025, 3727),
(43026, 3750),
(43028, 3737),
(43029, 3750),
(43030, 3771),
(43031, 3781),
(43032, 3720),
(43033, 3704),
(43035, 3702),
(43036, 3776),
(43037, 3702),
(43038, 3701),
(43039, 3720),
(43040, 3773),
(43042, 3750),
(43043, 3787),
(43044, 3736),
(43045, 3786),
(43046, 3775),
(43047, 3768),
(43049, 3796),
(43050, 3741),
(43051, 3712),
(43052, 3776),
(43053, 3779),
(43054, 3744),
(43056, 3785),
(43057, 3757),
(43058, 3735),
(43059, 3790),
(43060, 3794),
(43061, 3712),
(43063, 3771),
(43064, 3708),
(43065, 3765),
(43066, 3786),
(43067, 3727),
(43068, 3789),
(43070, 3760),
(43071, 3789),
(43072, 3776),
(43073, 3797),
(43074, 3754),
(43075, 3785),
(43077, 3737),
(43078, 3791),
(43079, 3788),
(43080, 3730),
(43081, 3776),
(43082, 3754),
(43084, 3742),
(43085, 3723),
(43086, 3789),
(43087, 3724),
(43088, 3796),
(43089, 3733),
(43091, 3723),
(43092, 3747),
(43093, 3794),
(43094, 3724),
(43095, 3716),
(43096, 3787),
(43098, 3758),
(43099, 3715),
(43100, 3709),
(43101, 3727),
(43102, 3779),
(43103, 3786),
(43105, 3763),
(43106, 3746),
(43107, 3714),
(43108, 3742),
(43109, 3715),
(43110, 3726),
(43112, 3740),
(43113, 3759),
(43114, 3749),
(43115, 3743),
(43116, 3707),
(43117, 3780),
(43119, 3701),
(43120, 3713),
(43121, 3790),
(43122, 3785),
(43123, 3794),
(43124, 3796),
(43126, 3742),
(43127, 3723),
(43128, 3754),
(43129, 3763),
(43130, 3784),
(43131, 3702),
(43133, 3787),
(43134, 3733),
(43135, 3741);

-- --------------------------------------------------------

--
-- Structure de la table `user_comic`
--

CREATE TABLE `user_comic` (
  `user_id` int(11) NOT NULL,
  `comic_id` int(11) NOT NULL
) ENGINE=InnoDB DEFAULT CHARSET=utf8mb4 COLLATE=utf8mb4_unicode_ci;

--
-- Déchargement des données de la table `user_comic`
--

INSERT INTO `user_comic` (`user_id`, `comic_id`) VALUES
(42636, 4128),
(42637, 4142),
(42638, 4167),
(42640, 4182),
(42641, 4120),
(42642, 4110),
(42644, 4118),
(42645, 4135),
(42646, 4129),
(42648, 4155),
(42649, 4140),
(42650, 4175),
(42652, 4172),
(42653, 4116),
(42654, 4108),
(42656, 4124),
(42657, 4166),
(42658, 4172),
(42660, 4174),
(42661, 4146),
(42662, 4156),
(42664, 4136),
(42665, 4179),
(42666, 4129),
(42668, 4147),
(42669, 4177),
(42670, 4160),
(42672, 4172),
(42673, 4113),
(42674, 4106),
(42676, 4154),
(42677, 4159),
(42678, 4106),
(42680, 4158),
(42681, 4166),
(42682, 4186),
(42684, 4124),
(42685, 4183),
(42686, 4164),
(42688, 4141),
(42689, 4115),
(42690, 4113),
(42692, 4103),
(42693, 4183),
(42694, 4117),
(42696, 4120),
(42697, 4184),
(42698, 4116),
(42700, 4191),
(42701, 4152),
(42702, 4182),
(42704, 4147),
(42705, 4101),
(42706, 4129),
(42708, 4135),
(42709, 4198),
(42710, 4166),
(42712, 4191),
(42713, 4104),
(42714, 4195),
(42716, 4187),
(42717, 4109),
(42718, 4140),
(42720, 4155),
(42721, 4177),
(42722, 4109),
(42724, 4106),
(42725, 4117),
(42726, 4183),
(42728, 4180),
(42729, 4104),
(42730, 4196),
(42732, 4175),
(42733, 4139),
(42734, 4177),
(42736, 4145),
(42737, 4152),
(42738, 4197),
(42740, 4122),
(42741, 4137),
(42742, 4146),
(42744, 4133),
(42745, 4179),
(42746, 4136),
(42748, 4153),
(42749, 4185),
(42750, 4148),
(42752, 4151),
(42753, 4131),
(42754, 4159),
(42756, 4117),
(42757, 4149),
(42758, 4185),
(42760, 4195),
(42761, 4103),
(42762, 4163),
(42764, 4166),
(42765, 4148),
(42766, 4162),
(42768, 4184),
(42769, 4148),
(42770, 4170),
(42772, 4150),
(42773, 4129),
(42774, 4143),
(42776, 4162),
(42777, 4153),
(42778, 4114),
(42780, 4179),
(42781, 4150),
(42782, 4133),
(42784, 4130),
(42785, 4106),
(42786, 4176),
(42788, 4166),
(42789, 4103),
(42790, 4166),
(42792, 4190),
(42793, 4172),
(42794, 4163),
(42796, 4113),
(42797, 4103),
(42798, 4175),
(42800, 4200),
(42801, 4130),
(42802, 4117),
(42804, 4142),
(42805, 4133),
(42806, 4165),
(42808, 4138),
(42809, 4170),
(42810, 4131),
(42812, 4142),
(42813, 4118),
(42814, 4168),
(42816, 4114),
(42817, 4176),
(42818, 4170),
(42820, 4133),
(42821, 4137),
(42822, 4162),
(42824, 4120),
(42825, 4141),
(42826, 4180),
(42828, 4175),
(42829, 4194),
(42830, 4126),
(42832, 4139),
(42833, 4180),
(42834, 4150),
(42836, 4178),
(42837, 4167),
(42838, 4168),
(42840, 4165),
(42841, 4154),
(42842, 4117),
(42844, 4162),
(42845, 4192),
(42846, 4139),
(42848, 4156),
(42849, 4165),
(42850, 4172),
(42852, 4167),
(42853, 4127),
(42854, 4156),
(42856, 4120),
(42857, 4195),
(42858, 4180),
(42860, 4108),
(42861, 4131),
(42862, 4174),
(42864, 4150),
(42865, 4166),
(42866, 4161),
(42868, 4134),
(42869, 4189),
(42870, 4161),
(42872, 4169),
(42873, 4188),
(42874, 4126),
(42876, 4163),
(42877, 4173),
(42878, 4146),
(42880, 4199),
(42881, 4140),
(42882, 4146),
(42884, 4121),
(42885, 4113),
(42886, 4120),
(42888, 4146),
(42889, 4142),
(42890, 4170),
(42892, 4198),
(42893, 4167),
(42894, 4121),
(42896, 4121),
(42897, 4140),
(42898, 4146),
(42900, 4109),
(42901, 4182),
(42902, 4198),
(42904, 4155),
(42905, 4145),
(42906, 4168),
(42908, 4112),
(42909, 4137),
(42910, 4150),
(42912, 4109),
(42913, 4122),
(42914, 4141),
(42916, 4130),
(42917, 4185),
(42918, 4133),
(42920, 4127),
(42921, 4169),
(42922, 4148),
(42924, 4175),
(42925, 4176),
(42926, 4131),
(42928, 4163),
(42929, 4173),
(42930, 4159),
(42932, 4183),
(42933, 4161),
(42934, 4140),
(42936, 4198),
(42937, 4140),
(42938, 4170),
(42940, 4188),
(42941, 4103),
(42942, 4173),
(42944, 4132),
(42945, 4182),
(42946, 4131),
(42948, 4126),
(42949, 4113),
(42950, 4169),
(42952, 4117),
(42953, 4145),
(42954, 4183),
(42956, 4117),
(42957, 4143),
(42958, 4195),
(42960, 4113),
(42961, 4163),
(42962, 4137),
(42964, 4146),
(42965, 4125),
(42966, 4110),
(42968, 4186),
(42969, 4173),
(42970, 4174),
(42972, 4189),
(42973, 4155),
(42974, 4177),
(42976, 4150),
(42977, 4171),
(42978, 4110),
(42980, 4198),
(42981, 4180),
(42982, 4163),
(42984, 4139),
(42985, 4130),
(42986, 4145),
(42988, 4195),
(42989, 4111),
(42990, 4185),
(42992, 4175),
(42993, 4132),
(42994, 4104),
(42996, 4171),
(42997, 4194),
(42998, 4194),
(43000, 4138),
(43001, 4120),
(43002, 4117),
(43004, 4190),
(43005, 4115),
(43006, 4120),
(43008, 4193),
(43009, 4192),
(43010, 4177),
(43012, 4161),
(43013, 4196),
(43014, 4161),
(43016, 4103),
(43017, 4164),
(43018, 4126),
(43020, 4140),
(43021, 4176),
(43022, 4186),
(43024, 4107),
(43025, 4172),
(43026, 4111),
(43028, 4169),
(43029, 4156),
(43030, 4167),
(43032, 4140),
(43033, 4109),
(43034, 4138),
(43036, 4158),
(43037, 4148),
(43038, 4109),
(43040, 4134),
(43041, 4133),
(43042, 4123),
(43044, 4130),
(43045, 4154),
(43046, 4139),
(43048, 4109),
(43049, 4124),
(43050, 4186),
(43052, 4108),
(43053, 4199),
(43054, 4154),
(43056, 4172),
(43057, 4140),
(43058, 4117),
(43060, 4127),
(43061, 4134),
(43062, 4185),
(43064, 4169),
(43065, 4169),
(43066, 4124),
(43068, 4108),
(43069, 4163),
(43070, 4168),
(43072, 4193),
(43073, 4146),
(43074, 4173),
(43076, 4180),
(43077, 4183),
(43078, 4110),
(43080, 4115),
(43081, 4136),
(43082, 4126),
(43084, 4129),
(43085, 4130),
(43086, 4155),
(43088, 4141),
(43089, 4182),
(43090, 4136),
(43092, 4129),
(43093, 4103),
(43094, 4173),
(43096, 4175),
(43097, 4163),
(43098, 4120),
(43100, 4122),
(43101, 4110),
(43102, 4193),
(43104, 4196),
(43105, 4195),
(43106, 4179),
(43108, 4151),
(43109, 4117),
(43110, 4152),
(43112, 4171),
(43113, 4170),
(43114, 4144),
(43116, 4186),
(43117, 4146),
(43118, 4157),
(43120, 4105),
(43121, 4123),
(43122, 4102),
(43124, 4139),
(43125, 4123),
(43126, 4162),
(43128, 4157),
(43129, 4119),
(43130, 4165),
(43132, 4118),
(43133, 4182),
(43134, 4135);

-- --------------------------------------------------------

--
-- Structure de la table `user_manga`
--

CREATE TABLE `user_manga` (
  `user_id` int(11) NOT NULL,
  `manga_id` int(11) NOT NULL
) ENGINE=InnoDB DEFAULT CHARSET=utf8mb4 COLLATE=utf8mb4_unicode_ci;

--
-- Déchargement des données de la table `user_manga`
--

INSERT INTO `user_manga` (`user_id`, `manga_id`) VALUES
(42636, 4157),
(42637, 4143),
(42638, 4173),
(42639, 4222),
(42641, 4176),
(42642, 4230),
(42643, 4166),
(42644, 4212),
(42646, 4175),
(42647, 4196),
(42648, 4135),
(42649, 4192),
(42651, 4180),
(42652, 4165),
(42653, 4218),
(42654, 4230),
(42656, 4135),
(42657, 4187),
(42658, 4142),
(42659, 4192),
(42661, 4190),
(42662, 4224),
(42663, 4203),
(42664, 4166),
(42666, 4222),
(42667, 4140),
(42668, 4223),
(42669, 4220),
(42671, 4224),
(42672, 4136),
(42673, 4170),
(42674, 4175),
(42676, 4200),
(42677, 4223),
(42678, 4161),
(42679, 4151),
(42681, 4139),
(42682, 4204),
(42683, 4139),
(42684, 4205),
(42686, 4197),
(42687, 4182),
(42688, 4205),
(42689, 4154),
(42691, 4171),
(42692, 4203),
(42693, 4203),
(42694, 4141),
(42696, 4226),
(42697, 4141),
(42698, 4209),
(42699, 4229),
(42701, 4230),
(42702, 4201),
(42703, 4170),
(42704, 4216),
(42706, 4210),
(42707, 4228),
(42708, 4173),
(42709, 4167),
(42711, 4170),
(42712, 4214),
(42713, 4172),
(42714, 4141),
(42716, 4182),
(42717, 4162),
(42718, 4183),
(42719, 4190),
(42721, 4158),
(42722, 4132),
(42723, 4173),
(42724, 4217),
(42726, 4149),
(42727, 4213),
(42728, 4196),
(42729, 4207),
(42731, 4194),
(42732, 4180),
(42733, 4169),
(42734, 4161),
(42736, 4229),
(42737, 4192),
(42738, 4209),
(42739, 4191),
(42741, 4214),
(42742, 4171),
(42743, 4224),
(42744, 4205),
(42746, 4149),
(42747, 4219),
(42748, 4204),
(42749, 4157),
(42751, 4166),
(42752, 4137),
(42753, 4213),
(42754, 4175),
(42756, 4173),
(42757, 4172),
(42758, 4205),
(42759, 4172),
(42761, 4147),
(42762, 4201),
(42763, 4144),
(42764, 4216),
(42766, 4140),
(42767, 4149),
(42768, 4159),
(42769, 4131),
(42771, 4220),
(42772, 4168),
(42773, 4154),
(42774, 4147),
(42776, 4196),
(42777, 4218),
(42778, 4142),
(42779, 4208),
(42781, 4225),
(42782, 4230),
(42783, 4156),
(42784, 4136),
(42786, 4204),
(42787, 4201),
(42788, 4220),
(42789, 4217),
(42791, 4170),
(42792, 4215),
(42793, 4185),
(42794, 4176),
(42796, 4209),
(42797, 4218),
(42798, 4152),
(42799, 4219),
(42801, 4221),
(42802, 4208),
(42803, 4217),
(42804, 4133),
(42806, 4173),
(42807, 4142),
(42808, 4207),
(42809, 4195),
(42811, 4135),
(42812, 4188),
(42813, 4150),
(42814, 4172),
(42816, 4146),
(42817, 4151),
(42818, 4144),
(42819, 4136),
(42821, 4208),
(42822, 4197),
(42823, 4141),
(42824, 4155),
(42826, 4144),
(42827, 4143),
(42828, 4183),
(42829, 4195),
(42831, 4204),
(42832, 4176),
(42833, 4202),
(42834, 4166),
(42836, 4135),
(42837, 4134),
(42838, 4132),
(42839, 4184),
(42841, 4173),
(42842, 4183),
(42843, 4131),
(42844, 4136),
(42846, 4198),
(42847, 4194),
(42848, 4221),
(42849, 4193),
(42851, 4230),
(42852, 4162),
(42853, 4133),
(42854, 4230),
(42856, 4224),
(42857, 4177),
(42858, 4198),
(42859, 4134),
(42861, 4202),
(42862, 4213),
(42863, 4163),
(42864, 4149),
(42866, 4156),
(42867, 4152),
(42868, 4134),
(42869, 4201),
(42871, 4203),
(42872, 4222),
(42873, 4213),
(42874, 4223),
(42876, 4230),
(42877, 4153),
(42878, 4179),
(42879, 4224),
(42881, 4225),
(42882, 4226),
(42883, 4213),
(42884, 4185),
(42886, 4213),
(42887, 4213),
(42888, 4133),
(42889, 4219),
(42891, 4225),
(42892, 4225),
(42893, 4228),
(42894, 4197),
(42896, 4202),
(42897, 4176),
(42898, 4203),
(42899, 4177),
(42901, 4151),
(42902, 4131),
(42903, 4155),
(42904, 4139),
(42906, 4195),
(42907, 4188),
(42908, 4166),
(42909, 4225),
(42911, 4223),
(42912, 4199),
(42913, 4200),
(42914, 4190),
(42916, 4143),
(42917, 4192),
(42918, 4192),
(42919, 4226),
(42921, 4209),
(42922, 4195),
(42923, 4171),
(42924, 4194),
(42926, 4215),
(42927, 4200),
(42928, 4171),
(42929, 4175),
(42931, 4141),
(42932, 4131),
(42933, 4195),
(42934, 4131),
(42936, 4179),
(42937, 4200),
(42938, 4189),
(42939, 4138),
(42941, 4159),
(42942, 4212),
(42943, 4183),
(42944, 4193),
(42946, 4147),
(42947, 4140),
(42948, 4136),
(42949, 4184),
(42951, 4163),
(42952, 4211),
(42953, 4161),
(42954, 4225),
(42956, 4168),
(42957, 4157),
(42958, 4200),
(42959, 4205),
(42961, 4213),
(42962, 4226),
(42963, 4169),
(42964, 4199),
(42966, 4200),
(42967, 4136),
(42968, 4173),
(42969, 4139),
(42971, 4163),
(42972, 4226),
(42973, 4169),
(42974, 4187),
(42976, 4132),
(42977, 4218),
(42978, 4229),
(42979, 4220),
(42981, 4163),
(42982, 4134),
(42983, 4203),
(42984, 4194),
(42986, 4142),
(42987, 4136),
(42988, 4187),
(42989, 4155),
(42991, 4204),
(42992, 4205),
(42993, 4176),
(42994, 4151),
(42996, 4161),
(42997, 4174),
(42998, 4160),
(42999, 4141),
(43001, 4142),
(43002, 4137),
(43003, 4228),
(43004, 4175),
(43006, 4158),
(43007, 4149),
(43008, 4159),
(43009, 4148),
(43011, 4202),
(43012, 4140),
(43013, 4156),
(43014, 4227),
(43016, 4189),
(43017, 4153),
(43018, 4185),
(43019, 4227),
(43021, 4151),
(43022, 4212),
(43023, 4199),
(43024, 4164),
(43026, 4175),
(43027, 4185),
(43028, 4182),
(43029, 4142),
(43031, 4211),
(43032, 4186),
(43033, 4202),
(43034, 4140),
(43036, 4182),
(43037, 4188),
(43038, 4156),
(43039, 4199),
(43041, 4148),
(43042, 4212),
(43043, 4153),
(43044, 4186),
(43046, 4212),
(43047, 4210),
(43048, 4190),
(43049, 4161),
(43051, 4175),
(43052, 4230),
(43053, 4181),
(43054, 4149),
(43056, 4166),
(43057, 4201),
(43058, 4207),
(43059, 4226),
(43061, 4142),
(43062, 4163),
(43063, 4183),
(43064, 4218),
(43066, 4192),
(43067, 4194),
(43068, 4137),
(43069, 4179),
(43071, 4140),
(43072, 4192),
(43073, 4189),
(43074, 4149),
(43076, 4221),
(43077, 4133),
(43078, 4216),
(43079, 4209),
(43081, 4187),
(43082, 4188),
(43083, 4209),
(43084, 4201),
(43086, 4206),
(43087, 4176),
(43088, 4140),
(43089, 4156),
(43091, 4170),
(43092, 4210),
(43093, 4193),
(43094, 4138),
(43096, 4194),
(43097, 4153),
(43098, 4203),
(43099, 4164),
(43101, 4180),
(43102, 4142),
(43103, 4139),
(43104, 4207),
(43106, 4196),
(43107, 4201),
(43108, 4175),
(43109, 4191),
(43111, 4193),
(43112, 4133),
(43113, 4175),
(43114, 4208),
(43116, 4138),
(43117, 4167),
(43118, 4185),
(43119, 4220),
(43121, 4146),
(43122, 4169),
(43123, 4132),
(43124, 4194),
(43126, 4228),
(43127, 4178),
(43128, 4159),
(43129, 4219),
(43131, 4185),
(43132, 4186),
(43133, 4218),
(43134, 4192);

-- --------------------------------------------------------

--
-- Structure de la table `user_video_game`
--

CREATE TABLE `user_video_game` (
  `user_id` int(11) NOT NULL,
  `video_game_id` int(11) NOT NULL
) ENGINE=InnoDB DEFAULT CHARSET=utf8mb4 COLLATE=utf8mb4_unicode_ci;

--
-- Déchargement des données de la table `user_video_game`
--

INSERT INTO `user_video_game` (`user_id`, `video_game_id`) VALUES
(42636, 2870),
(42637, 2909),
(42639, 2915),
(42640, 2917),
(42642, 2888),
(42643, 2866),
(42645, 2883),
(42646, 2920),
(42648, 2857),
(42649, 2937),
(42651, 2919),
(42652, 2935),
(42654, 2864),
(42655, 2895),
(42657, 2863),
(42658, 2887),
(42660, 2934),
(42661, 2881),
(42663, 2945),
(42664, 2909),
(42666, 2912),
(42667, 2881),
(42669, 2934),
(42670, 2890),
(42672, 2927),
(42673, 2888),
(42675, 2895),
(42676, 2893),
(42678, 2856),
(42679, 2880),
(42681, 2907),
(42682, 2885),
(42684, 2858),
(42685, 2935),
(42687, 2881),
(42688, 2856),
(42690, 2894),
(42691, 2912),
(42693, 2900),
(42694, 2856),
(42696, 2948),
(42697, 2891),
(42699, 2925),
(42700, 2900),
(42702, 2875),
(42703, 2926),
(42705, 2875),
(42706, 2859),
(42708, 2905),
(42709, 2890),
(42711, 2917),
(42712, 2921),
(42714, 2912),
(42715, 2884),
(42717, 2910),
(42718, 2877),
(42720, 2936),
(42721, 2940),
(42723, 2857),
(42724, 2913),
(42726, 2871),
(42727, 2861),
(42729, 2927),
(42730, 2876),
(42732, 2889),
(42733, 2888),
(42735, 2863),
(42736, 2915),
(42738, 2898),
(42739, 2862),
(42741, 2899),
(42742, 2930),
(42744, 2869),
(42745, 2941),
(42747, 2947),
(42748, 2934),
(42750, 2899),
(42751, 2855),
(42753, 2928),
(42754, 2852),
(42756, 2924),
(42757, 2926),
(42759, 2932),
(42760, 2884),
(42762, 2893),
(42763, 2940),
(42765, 2870),
(42766, 2856),
(42768, 2942),
(42769, 2893),
(42771, 2910),
(42772, 2912),
(42774, 2923),
(42775, 2891),
(42777, 2868),
(42778, 2915),
(42780, 2939),
(42781, 2946),
(42783, 2855),
(42784, 2926),
(42786, 2914),
(42787, 2875),
(42789, 2891),
(42790, 2936),
(42792, 2933),
(42793, 2852),
(42795, 2891),
(42796, 2930),
(42798, 2915),
(42799, 2854),
(42801, 2895),
(42802, 2860),
(42804, 2895),
(42805, 2941),
(42807, 2914),
(42808, 2884),
(42810, 2876),
(42811, 2906),
(42813, 2944),
(42814, 2855),
(42816, 2897),
(42817, 2947),
(42819, 2908),
(42820, 2880),
(42822, 2865),
(42823, 2863),
(42825, 2897),
(42826, 2869),
(42828, 2917),
(42829, 2902),
(42831, 2934),
(42832, 2920),
(42834, 2944),
(42835, 2879),
(42837, 2906),
(42838, 2903),
(42840, 2870),
(42841, 2894),
(42843, 2902),
(42844, 2935),
(42846, 2861),
(42847, 2935),
(42849, 2887),
(42850, 2888),
(42852, 2906),
(42853, 2885),
(42855, 2917),
(42856, 2854),
(42858, 2925),
(42859, 2941),
(42861, 2942),
(42862, 2945),
(42864, 2916),
(42865, 2894),
(42867, 2925),
(42868, 2885),
(42870, 2919),
(42871, 2913),
(42873, 2917),
(42874, 2863),
(42876, 2900),
(42877, 2942),
(42879, 2945),
(42880, 2870),
(42882, 2931),
(42883, 2854),
(42885, 2918),
(42886, 2887),
(42888, 2948),
(42889, 2893),
(42891, 2867),
(42892, 2869),
(42894, 2889),
(42895, 2885),
(42897, 2894),
(42898, 2923),
(42900, 2910),
(42901, 2875),
(42903, 2910),
(42904, 2877),
(42906, 2892),
(42907, 2872),
(42909, 2860),
(42910, 2907),
(42912, 2881),
(42913, 2920),
(42915, 2883),
(42916, 2926),
(42918, 2947),
(42919, 2880),
(42921, 2940),
(42922, 2884),
(42924, 2934),
(42925, 2914),
(42927, 2873),
(42928, 2867),
(42930, 2860),
(42931, 2932),
(42933, 2943),
(42934, 2943),
(42936, 2924),
(42937, 2886),
(42939, 2902),
(42940, 2853),
(42942, 2852),
(42943, 2913),
(42945, 2896),
(42946, 2863),
(42948, 2926),
(42949, 2875),
(42951, 2924),
(42952, 2915),
(42954, 2918),
(42955, 2913),
(42957, 2921),
(42958, 2852),
(42960, 2862),
(42961, 2914),
(42963, 2884),
(42964, 2867),
(42966, 2902),
(42967, 2919),
(42969, 2931),
(42970, 2942),
(42972, 2858),
(42973, 2877),
(42975, 2887),
(42976, 2857),
(42978, 2872),
(42979, 2896),
(42981, 2889),
(42982, 2949),
(42984, 2930),
(42985, 2883),
(42987, 2920),
(42988, 2880),
(42990, 2867),
(42991, 2892),
(42993, 2919),
(42994, 2916),
(42996, 2937),
(42997, 2936),
(42999, 2936),
(43000, 2900),
(43002, 2878),
(43003, 2851),
(43005, 2901),
(43006, 2858),
(43008, 2926),
(43009, 2882),
(43011, 2869),
(43012, 2869),
(43014, 2858),
(43015, 2903),
(43017, 2939),
(43018, 2889),
(43020, 2914),
(43021, 2877),
(43023, 2892),
(43024, 2886),
(43026, 2925),
(43027, 2893),
(43029, 2899),
(43030, 2950),
(43032, 2915),
(43033, 2938),
(43035, 2871),
(43036, 2856),
(43038, 2934),
(43039, 2894),
(43041, 2881),
(43042, 2903),
(43044, 2939),
(43045, 2898),
(43047, 2926),
(43048, 2915),
(43050, 2852),
(43051, 2877),
(43053, 2922),
(43054, 2933),
(43056, 2936),
(43057, 2924),
(43059, 2937),
(43060, 2852),
(43062, 2854),
(43063, 2894),
(43065, 2914),
(43066, 2883),
(43068, 2879),
(43069, 2906),
(43071, 2863),
(43072, 2874),
(43074, 2887),
(43075, 2892),
(43077, 2871),
(43078, 2908),
(43080, 2930),
(43081, 2879),
(43083, 2907),
(43084, 2855),
(43086, 2923),
(43087, 2870),
(43089, 2878),
(43090, 2862),
(43092, 2924),
(43093, 2889),
(43095, 2900),
(43096, 2931),
(43098, 2913),
(43099, 2928),
(43101, 2946),
(43102, 2856),
(43104, 2914),
(43105, 2912),
(43107, 2913),
(43108, 2927),
(43110, 2865),
(43111, 2910),
(43113, 2862),
(43114, 2940),
(43116, 2910),
(43117, 2908),
(43119, 2879),
(43120, 2888),
(43122, 2938),
(43123, 2940),
(43125, 2923),
(43126, 2864),
(43128, 2891),
(43129, 2917),
(43131, 2887),
(43132, 2893),
(43134, 2941),
(43135, 2925);

-- --------------------------------------------------------

--
-- Structure de la table `video_game`
--

CREATE TABLE `video_game` (
  `id` int(11) NOT NULL,
  `category_id` int(11) NOT NULL,
  `name` varchar(50) COLLATE utf8mb4_unicode_ci NOT NULL,
  `description` longtext COLLATE utf8mb4_unicode_ci NOT NULL,
  `picture` varchar(255) COLLATE utf8mb4_unicode_ci NOT NULL
) ENGINE=InnoDB DEFAULT CHARSET=utf8mb4 COLLATE=utf8mb4_unicode_ci;

--
-- Déchargement des données de la table `video_game`
--

INSERT INTO `video_game` (`id`, `category_id`, `name`, `description`, `picture`) VALUES
(2851, 1089, 'unde', 'Odio nihil est id architecto earum animi. Dicta ipsa qui quo consequatur. Et non voluptatibus nostrum doloremque accusamus tenetur illo.', 'https://image.jeuxvideo.com/images/jaquettes/00048634/jaquette-les-sims-4-pc-cover-avant-g-1409904702.jpg'),
(2852, 1092, 'debitis consectetur', 'Veniam quis et id ea sunt. Possimus et expedita architecto reprehenderit similique sed. Maxime sed tenetur provident eum aliquid quae sed. Autem reprehenderit eius iste nesciunt inventore.', 'https://image.jeuxvideo.com/medias/148285/1482854953-4348-jaquette-avant.jpg'),
(2853, 1085, 'quis', 'Amet et animi explicabo eos ab. Veniam fugit ratione laboriosam nihil necessitatibus. Adipisci rerum et dolorem eum autem enim modi. Enim officiis beatae labore est.', 'https://image.jeuxvideo.com/medias/163299/1632989749-6428-jaquette-avant.gif'),
(2854, 1091, 'corrupti tenetur iste in', 'Tenetur voluptatem et qui earum officiis. Mollitia hic est voluptatem quia illum veritatis. Exercitationem sint eius autem vel enim esse. Consequatur aut aut est totam. Recusandae eos quos hic quas non praesentium molestiae. Natus voluptatum esse quos quod. Eos et aperiam dicta.', 'https://image.jeuxvideo.com/medias/149432/1494322310-8900-jaquette-avant.jpg'),
(2855, 1102, 'officiis quasi voluptatem', 'Voluptatem voluptatibus voluptatem tempore eos. Officiis nemo sint vel omnis. Nisi repellendus sit et reiciendis eum quas saepe. Esse vel reprehenderit ea fugiat rerum voluptas aliquid.', 'https://image.jeuxvideo.com/medias/163129/1631285061-4363-jaquette-avant.jpg'),
(2856, 1099, 'et', 'Omnis assumenda possimus omnis suscipit in. A fugit cupiditate odit dolor ullam aut. Ipsum quo id inventore tenetur at eius. Quia minima dolorem aut et libero officiis. Recusandae et assumenda quia iure aut cupiditate id. Iusto assumenda ipsum eos.', 'https://image.jeuxvideo.com/medias/151689/1516893501-9622-jaquette-avant.jpg'),
(2857, 1097, 'earum', 'Illo laboriosam nihil similique qui aut sit fugiat quas. Velit animi labore vero iste at est. Vitae eum omnis provident voluptatem. Perspiciatis nihil cumque dicta rerum sed doloremque. Aut ducimus est et enim mollitia hic illo commodi.', 'https://image.jeuxvideo.com/medias/158826/1588264397-5261-jaquette-avant.jpg'),
(2858, 1102, 'quod', 'Sint vitae neque officiis blanditiis. Perferendis voluptatem ex distinctio doloribus. Ex harum repudiandae reiciendis ut necessitatibus voluptas. Saepe at rerum eum sit amet et veritatis.', 'https://image.jeuxvideo.com/medias/148285/1482854953-4348-jaquette-avant.jpg'),
(2859, 1090, 'consequuntur corrupti asperiores', 'Debitis nihil et omnis. Nisi perspiciatis quo perspiciatis maxime minus velit ducimus. Eaque in nihil perspiciatis voluptas nihil. Ex saepe qui quidem ut deleniti earum. Laborum iure sed qui itaque esse rerum sapiente. Quam perferendis unde eos quisquam. Rerum laborum molestias aspernatur omnis.', 'https://image.jeuxvideo.com/medias/163335/1633353168-8875-jaquette-avant.gif'),
(2860, 1095, 'qui est', 'Vel esse aspernatur sit minima assumenda. Adipisci rerum iste sequi maxime illo doloribus rem. Assumenda quos eos dicta aut aut. Quia occaecati quis molestiae quod velit fugit. Tempora libero tempora ratione consequatur esse. Molestiae aspernatur quis in praesentium mollitia nam rem.', 'https://image.jeuxvideo.com/medias/148285/1482854953-4348-jaquette-avant.jpg'),
(2861, 1085, 'doloremque deserunt pariatur', 'Sed molestiae ipsam sed facilis pariatur illo at. Quasi nam maxime molestiae. Molestiae sunt ut quis repellendus voluptas consectetur aspernatur. Doloribus sequi et libero soluta. Et exercitationem dolores dolor tempore eum.', 'https://image.jeuxvideo.com/medias/149432/1494322310-8900-jaquette-avant.jpg'),
(2862, 1095, 'ut voluptas deserunt minima', 'Quas quo numquam architecto itaque voluptatem. Dolores expedita animi exercitationem repellat. Qui enim sapiente deserunt molestiae est autem corrupti error.', 'https://image.jeuxvideo.com/medias/158826/1588264397-5261-jaquette-avant.jpg'),
(2863, 1090, 'alias soluta numquam debitis', 'Reprehenderit et architecto rerum officiis expedita. Magnam distinctio voluptas voluptatem perspiciatis quasi dolore. Cupiditate nulla voluptatibus molestias rem labore porro ea.', 'https://image.jeuxvideo.com/medias/163881/1638806697-8764-jaquette-avant.gif'),
(2864, 1096, 'voluptate enim quae', 'Est delectus eveniet qui aperiam ipsum recusandae. Est alias qui dolorem veritatis iusto ullam. Ipsam a laboriosam nemo et. Beatae odio qui reiciendis qui. Labore tenetur et fugiat. Ab a tempore ipsam consequuntur architecto. Magni nihil nobis nobis sit aut. Eaque ut omnis voluptatum.', 'https://image.jeuxvideo.com/medias/163299/1632989599-6459-jaquette-avant.gif'),
(2865, 1097, 'impedit', 'Ut optio fugit voluptas a commodi aspernatur debitis. Et aperiam aut consequatur enim unde esse. Aut dolorem aut non vel. At et sunt eum sit. Eos similique est eligendi ratione. Illo delectus provident facere autem voluptatem voluptatum. Doloribus autem rem sunt et debitis sed ut est.', 'https://image.jeuxvideo.com/medias/163708/1637080607-7753-jaquette-avant.gif'),
(2866, 1102, 'eum', 'Magnam iure saepe velit veritatis. Consequatur numquam hic nulla voluptatum fugit sint veniam. Dolor distinctio quas aut error. Optio sunt sed deserunt consequatur repellat porro ratione. Ut quisquam id quia eum. Corrupti hic delectus quia fugiat.', 'https://image.jeuxvideo.com/medias/163214/1632142889-7692-jaquette-avant.jpg'),
(2867, 1094, 'fugiat voluptatem', 'Eos ullam voluptatem quia magnam nihil aut error. Corporis corrupti illum fugiat. Veniam iste recusandae sed animi. Voluptatibus aut quo velit harum ratione enim aut.', 'https://image.jeuxvideo.com/images/jaquettes/00048634/jaquette-les-sims-4-pc-cover-avant-g-1409904702.jpg'),
(2868, 1099, 'beatae illo officiis', 'Alias expedita sed molestiae similique itaque ea ipsa. Accusantium sint et voluptas quod. Et dolorum enim rerum numquam mollitia odio eos. Culpa aut qui rerum cum cupiditate quis. Asperiores quibusdam aut quo est molestiae. Sed odit ab cum voluptatem ullam repellat ducimus.', 'https://image.jeuxvideo.com/medias/148285/1482854953-4348-jaquette-avant.jpg'),
(2869, 1098, 'est consequuntur nobis', 'Neque rerum illum quisquam qui. Earum quidem sapiente explicabo vel hic. Recusandae qui ea et sed molestias. Qui esse deleniti saepe facilis doloremque error animi. Voluptatem at facilis dolores quam occaecati. Molestiae eos minima nisi officia distinctio quasi.', 'https://image.jeuxvideo.com/medias/149432/1494322310-8900-jaquette-avant.jpg'),
(2870, 1096, 'ipsum', 'Quasi voluptatum veritatis error impedit eos repellendus. Necessitatibus iusto ea molestiae. Maxime inventore consequatur sed voluptatem autem. Est et fugit et culpa sint excepturi.', 'https://image.jeuxvideo.com/medias/163881/1638806697-8764-jaquette-avant.gif'),
(2871, 1092, 'ut aspernatur excepturi ullam', 'Quo praesentium enim autem. Sit ducimus error facere eligendi repellat debitis. Soluta et omnis accusamus rerum in unde sunt. Rerum iure nihil voluptatem alias. Quo quia et sint odit. Delectus magnam corrupti doloremque cum cupiditate nesciunt. Est ullam aut quae occaecati.', 'https://image.jeuxvideo.com/medias/152899/1528990462-7760-jaquette-avant.jpg'),
(2872, 1084, 'sunt ipsam', 'Aut accusamus voluptas voluptatem qui sint et. Ab tenetur aliquam autem sequi aut eligendi. Modi quasi est ratione architecto qui. Accusamus esse sunt et.', 'https://image.jeuxvideo.com/medias/148285/1482854953-4348-jaquette-avant.jpg'),
(2873, 1090, 'alias quos beatae itaque', 'Voluptatem repellendus aut eaque at perspiciatis mollitia. Est assumenda rerum rem illum quam. Et ullam corrupti deserunt nam nihil. Qui dignissimos tempora omnis officiis est alias.', 'https://image.jeuxvideo.com/medias/161616/1616164719-8684-jaquette-avant.jpg'),
(2874, 1093, 'minima consequatur et', 'Dolorem at optio quae repellat maiores. Corrupti incidunt numquam impedit consequatur ut ex itaque. Repellat provident sunt ipsam distinctio fugit rerum occaecati. Ut ducimus non perspiciatis aut omnis dicta nihil non. Itaque neque amet aliquid optio eos corrupti non. Nobis tempore nesciunt autem.', 'https://image.jeuxvideo.com/medias/163335/1633353168-8875-jaquette-avant.gif'),
(2875, 1095, 'quo dignissimos rerum neque', 'Maiores mollitia ullam vero iure minima reprehenderit. Cupiditate magni voluptas architecto id dolorem. Placeat quia porro unde vitae et. Ut culpa qui sapiente labore hic quas. Officiis voluptas doloribus eligendi sed tempore. Non dolorum suscipit architecto aut. Beatae dicta illo et itaque.', 'https://image.jeuxvideo.com/medias/163214/1632143636-6808-jaquette-avant.jpg'),
(2876, 1098, 'rem', 'Nostrum quasi iste qui officia. Reiciendis ab optio consequatur eum recusandae. Possimus eos quo eius dolorum est nisi dolores. Accusamus ut quaerat laudantium minima provident natus et et. Incidunt fuga quis aut. Corrupti cumque nihil et quibusdam est.', 'https://image.jeuxvideo.com/medias/163154/1631541998-5162-jaquette-avant.jpg'),
(2877, 1090, 'commodi ab nihil et', 'Amet aut alias et qui. Inventore sapiente modi pariatur ut sint odit. Temporibus vel totam et itaque omnis incidunt qui. Velit inventore maiores vitae nihil iusto alias ea.', 'https://image.jeuxvideo.com/medias/152899/1528990462-7760-jaquette-avant.jpg'),
(2878, 1099, 'atque ad', 'Expedita voluptates odio repudiandae nemo. Voluptas id ab architecto totam autem enim. Nisi consequatur ea non autem deserunt quia corporis.', 'https://image.jeuxvideo.com/medias/163664/1636636223-8849-jaquette-avant.jpg'),
(2879, 1101, 'sapiente', 'Suscipit maxime animi illo blanditiis. Quia aperiam velit et quibusdam. Id nulla libero non quia perferendis animi.', 'https://image.jeuxvideo.com/medias/163154/1631541998-5162-jaquette-avant.jpg'),
(2880, 1087, 'optio sed explicabo', 'Et culpa eos possimus quam animi quisquam et. Omnis sint non velit voluptas incidunt impedit optio. Facere ut assumenda nisi inventore. Similique occaecati vel sed est.', 'https://image.jeuxvideo.com/medias/163342/1633418743-1593-jaquette-avant.gif'),
(2881, 1097, 'et provident', 'Ex debitis aut necessitatibus fugit. Eum ea aut recusandae consequatur optio perspiciatis ut. Non excepturi voluptas ut qui. Officia non cumque laboriosam. Commodi et rerum totam et excepturi dolorum vero.', 'https://paradoxetemporel.fr/wp-content/uploads/2020/06/jaquette-the-last-of-us-part-2.jpg'),
(2882, 1089, 'quod', 'Aut autem illo molestiae est earum ab. Accusantium sed amet a voluptas qui rem. Ex corrupti possimus rerum animi voluptas. Voluptates inventore debitis earum et magnam non. Dignissimos ea possimus voluptates nesciunt iste. Odio mollitia possimus sapiente delectus.', 'https://image.jeuxvideo.com/medias/163154/1631535511-3744-jaquette-avant.jpg'),
(2883, 1098, 'officiis et', 'Consectetur in est totam non. Dolores et repudiandae qui rerum. Delectus rerum sed iste recusandae sit.', 'https://image.jeuxvideo.com/medias/163214/1632142889-7692-jaquette-avant.jpg'),
(2884, 1099, 'officiis rerum', 'Aut itaque consequatur doloribus porro atque sit voluptatem. In enim iure aliquam autem. Est voluptas dolor maiores quo et. Sed natus vel aut consequatur minus. Nesciunt dolore est omnis et excepturi dolor rem. Quibusdam ex sunt magnam et aspernatur maxime.', 'https://image.jeuxvideo.com/medias/163161/1631607413-3853-jaquette-avant.jpg'),
(2885, 1086, 'commodi', 'Fugiat reprehenderit et provident voluptatem. Quis est consequuntur nulla tempore ut animi. Cumque qui sunt similique quis doloremque consequuntur aliquid. Ut qui et quia fugiat aliquam corporis. Labore eius cupiditate in voluptatem.', 'https://letempscompere.fr/wp-content/uploads/2021/08/KyBRbcz5wCqPrdr7QFfUniEg-2048x1536.webp'),
(2886, 1089, 'magnam natus dicta', 'Voluptatem voluptatem est tempora suscipit non. Tenetur id id qui. Odit harum non et. Error quia iste quaerat repudiandae voluptatem. Rerum sit accusantium enim aperiam sit nam suscipit. Excepturi occaecati et est dolores alias.', 'https://image.jeuxvideo.com/images/jaquettes/00048634/jaquette-les-sims-4-pc-cover-avant-g-1409904702.jpg'),
(2887, 1099, 'expedita repellendus quas dolor', 'Repellendus mollitia sapiente ut unde voluptatum. Ducimus delectus reprehenderit eos et quam. In non omnis earum sapiente nostrum. Dignissimos numquam placeat aut hic est veritatis. Nesciunt placeat dolorum ex dicta odit.', 'https://image.jeuxvideo.com/medias/163708/1637080607-7753-jaquette-avant.gif'),
(2888, 1084, 'et', 'Et ratione veniam totam aut et ipsa accusantium. Qui maxime consequatur beatae quasi quos at. Aliquid atque iste quisquam mollitia hic aut facere. Dolores non sit ut quam architecto sed quia.', 'https://image.jeuxvideo.com/medias/159542/1595423317-2836-jaquette-avant.png'),
(2889, 1091, 'aspernatur velit adipisci', 'Saepe eum deleniti maxime ea dolore tempora exercitationem. Reiciendis aut doloremque voluptatem hic. Voluptatem aliquid reiciendis enim fuga. Quia a illum accusamus quis ut. Dolor delectus esse vel facilis. Accusamus cumque sapiente sed minima saepe.', 'https://image.jeuxvideo.com/images/jaquettes/00048634/jaquette-les-sims-4-pc-cover-avant-g-1409904702.jpg'),
(2890, 1102, 'ut natus', 'Molestias alias et odit eos natus officia. Ut magnam temporibus et atque. Earum qui ex reiciendis provident est sint. Et cumque molestiae quam commodi accusantium. Assumenda autem sed tenetur. Suscipit dicta deleniti reprehenderit at omnis aperiam vero. Cum voluptatem autem et iste sit quis.', 'https://image.jeuxvideo.com/medias/163154/1631541998-5162-jaquette-avant.jpg'),
(2891, 1085, 'sunt quia earum', 'Et repudiandae et eum. Dolore laborum non exercitationem nihil. Accusamus itaque inventore aut quia. Vel debitis quasi possimus minus quos. Sed aut voluptatem aut nihil qui et sed.', 'https://image.jeuxvideo.com/medias/148285/1482854953-4348-jaquette-avant.jpg'),
(2892, 1098, 'aut quia vitae delectus', 'Error voluptatem vel eligendi fugit in. Officiis deleniti voluptas ratione dolor. A doloremque suscipit aut itaque id eum incidunt. Odio quis et architecto nostrum impedit libero nihil. Aut repellendus et dolor facere delectus labore.', 'https://image.jeuxvideo.com/medias/163299/1632989599-6459-jaquette-avant.gif'),
(2893, 1096, 'rerum', 'Tempore minima qui totam voluptas. Numquam illum est odio sint rem earum. Non natus temporibus itaque consequatur hic. Omnis numquam expedita quo nostrum est perferendis. Eligendi aperiam aut molestias sint blanditiis accusantium officiis consequuntur. Aut velit aperiam laborum voluptas.', 'https://image.jeuxvideo.com/medias/163161/1631607413-3853-jaquette-avant.jpg'),
(2894, 1085, 'perferendis consequatur', 'Vel nihil incidunt id expedita sed officia quia quas. Laborum et ut sit corrupti voluptatum facilis. Earum minus culpa saepe earum voluptas. Quia ratione nemo quo deserunt molestias.', 'https://image.jeuxvideo.com/medias/161277/1612766574-6606-jaquette-avant.png'),
(2895, 1089, 'consequuntur mollitia', 'Culpa pariatur maiores corrupti ipsa ut unde quos voluptatem. Maxime magnam quaerat illum dolores veniam error animi. Hic dolorum neque impedit provident sapiente voluptates voluptatem aut.', 'https://image.jeuxvideo.com/medias/163299/1632989599-6459-jaquette-avant.gif'),
(2896, 1088, 'unde nobis repellat deserunt', 'Ut cum voluptatibus velit mollitia eius et laboriosam nisi. Voluptas explicabo sit exercitationem est deserunt. Sequi voluptas tempora soluta exercitationem at. Nulla quisquam quas doloremque qui eius dolorum aspernatur.', 'https://image.jeuxvideo.com/medias/163154/1631541998-5162-jaquette-avant.jpg'),
(2897, 1100, 'eum', 'Aut explicabo error dolores quis accusantium. Amet molestias ad rerum nulla necessitatibus modi accusantium. Ipsa placeat recusandae doloribus recusandae sequi voluptas animi.', 'https://image.jeuxvideo.com/medias/149432/1494322310-8900-jaquette-avant.jpg'),
(2898, 1089, 'sed', 'Alias ex nisi dolores possimus aliquid cum soluta. Aut assumenda in occaecati nulla voluptates quisquam illum fuga. Sit animi dolor voluptatum quos et reiciendis. Ullam rerum mollitia fuga tempore rem quae. Id provident facilis delectus quia. Et atque nostrum a impedit magni. Ea esse qui qui.', 'https://image.jeuxvideo.com/medias/163299/1632989749-6428-jaquette-avant.gif'),
(2899, 1086, 'est', 'Voluptas dolore debitis excepturi dolor quo. Iusto eum sit dignissimos suscipit. Pariatur voluptatem eum quos incidunt aut eos. Qui accusantium ratione quis voluptas. Qui hic et doloribus voluptatem. Dignissimos nihil aut exercitationem. Omnis at commodi rerum esse.', 'https://image.jeuxvideo.com/medias/163299/1632989749-6428-jaquette-avant.gif'),
(2900, 1084, 'commodi', 'Non eligendi et alias nemo sequi similique placeat et. Aut voluptas modi magni dolores ex earum blanditiis similique. Repellat ut nulla inventore cum consequatur molestias. Doloribus maiores aspernatur consequatur.', 'https://image.jeuxvideo.com/medias/150166/1501664378-9988-jaquette-avant.jpg'),
(2901, 1098, 'ea id', 'Vero mollitia et adipisci enim aliquid. Corrupti blanditiis est aut temporibus id. Ut aut rerum praesentium labore est tempore. Corrupti et ullam delectus sit excepturi nihil. Qui qui omnis laboriosam ut molestiae aut vero. Eos repudiandae adipisci temporibus hic harum perspiciatis vel dolores.', 'https://image.jeuxvideo.com/medias/142247/1422469608-7141-jaquette-avant.jpg'),
(2902, 1091, 'et ipsum libero', 'Enim laudantium sit accusamus ea. Quia ea eaque ut consequatur sit eum. Ratione molestiae reprehenderit nemo et quos unde nihil. Ab qui eos laboriosam perferendis laborum veniam.', 'https://image.jeuxvideo.com/medias/163154/1631541998-5162-jaquette-avant.jpg'),
(2903, 1086, 'aut omnis', 'Autem consequatur rerum velit sunt autem perferendis. Saepe sint assumenda et aliquam provident. Accusantium pariatur earum maxime. Vero ut rerum modi sunt occaecati. Odit dolorum molestias nam distinctio. Suscipit quidem consectetur id similique.', 'https://global-img.gamergen.com/red-dead-redemption-2-pc-mediamarkt_0900909672.jpg'),
(2904, 1098, 'eos aut', 'Velit eligendi fugit deleniti ut quia id. Et ab beatae eos consectetur. Ullam similique dicta et omnis ipsam doloribus. Recusandae explicabo modi explicabo dolores. Perferendis occaecati id dolorem quam dicta. Sit eligendi aut quod et. Neque ducimus voluptatibus soluta.', 'https://image.jeuxvideo.com/medias/150166/1501664378-9988-jaquette-avant.jpg'),
(2905, 1087, 'et quasi', 'Voluptatem dolore quia cupiditate corporis animi inventore. Eius dolorem beatae omnis. Similique facilis est et tenetur praesentium voluptas. Sed ut ut sit voluptas. In eveniet cumque voluptatibus voluptatem similique accusantium assumenda. Soluta deserunt est et illo dolorem odio.', 'https://paradoxetemporel.fr/wp-content/uploads/2020/06/jaquette-the-last-of-us-part-2.jpg'),
(2906, 1085, 'ratione nobis', 'Accusamus non autem modi nemo ex. Blanditiis est sed reprehenderit est. Quidem quae illum velit numquam quisquam et sint. Voluptatem voluptas voluptatem reiciendis. Quia quia recusandae in sint esse ullam. Ipsum ut pariatur voluptatibus dolor. Et et minus ea fugiat qui harum culpa autem.', 'https://media.senscritique.com/media/000020040912/source_big/Resident_Evil_Village.png'),
(2907, 1087, 'dolore', 'Ad neque nulla eos labore quasi. Voluptas eveniet sit excepturi ut labore. Magni maxime dignissimos est. Sint dolorem eaque assumenda sint. Nesciunt animi similique iste enim nam sed laudantium. Pariatur hic beatae molestiae exercitationem tempora. Eaque rem adipisci non quo.', 'https://image.jeuxvideo.com/medias/163664/1636636223-8849-jaquette-avant.jpg'),
(2908, 1088, 'laborum quia asperiores numquam', 'Sit pariatur aliquid facilis possimus. Autem vel culpa dolor vel. Consequatur magnam in tenetur quia id rem.', 'https://image.jeuxvideo.com/medias/163881/1638806697-8764-jaquette-avant.gif'),
(2909, 1099, 'qui', 'Non ex tenetur et ipsam. At voluptas est ut. Temporibus ab earum error nisi. Est reprehenderit voluptatem et vel. Consequatur et labore reprehenderit blanditiis. Sit tempora voluptatem dicta voluptatum. Vitae et est enim ut qui facilis corporis.', 'https://image.jeuxvideo.com/medias/163214/1632142889-7692-jaquette-avant.jpg'),
(2910, 1097, 'rerum non', 'Cum voluptates soluta fuga laboriosam repellat enim repudiandae et. Facilis iste rerum ea corrupti odit vitae. Eos quisquam ex praesentium.', 'https://letempscompere.fr/wp-content/uploads/2021/08/KyBRbcz5wCqPrdr7QFfUniEg-2048x1536.webp'),
(2911, 1091, 'reprehenderit non est', 'Consequuntur quibusdam expedita autem maxime voluptate. Officia est dicta optio ipsam et. Ea totam aut quia debitis molestiae. Est sed autem recusandae sunt. Quibusdam enim facilis aut id dolor perspiciatis quam.', 'https://image.jeuxvideo.com/images/jaquettes/00048634/jaquette-les-sims-4-pc-cover-avant-g-1409904702.jpg'),
(2912, 1092, 'et consequatur quisquam perspiciatis', 'Atque non sit placeat sapiente harum in error. Illo autem natus eius. Non ex consequatur quam eos quos libero qui blanditiis. Asperiores adipisci error sunt quae voluptates hic voluptatem. Vitae nihil aut et et magni quasi qui. Est voluptatem architecto laboriosam id aut delectus nobis.', 'https://paradoxetemporel.fr/wp-content/uploads/2020/06/jaquette-the-last-of-us-part-2.jpg'),
(2913, 1086, 'asperiores', 'Odit error voluptatem molestiae libero eveniet molestiae voluptatem amet. Est quia optio fuga et voluptatum dolorem. Laborum laborum eum inventore. Qui quo nostrum iste impedit illo vitae ut. Quia eligendi velit nihil et reiciendis molestias esse.', 'https://image.jeuxvideo.com/images/jaquettes/00027602/jaquette-league-of-legends-pc-cover-avant-g.jpg'),
(2914, 1090, 'qui exercitationem', 'Consectetur tempora id et reiciendis omnis. Facere earum cum blanditiis deleniti facilis. Commodi libero quaerat tenetur est explicabo neque est. Debitis consequuntur odio autem doloremque architecto. Ratione non totam cupiditate repellendus eum.', 'https://image.jeuxvideo.com/medias/151689/1516893501-9622-jaquette-avant.jpg'),
(2915, 1089, 'quo', 'Nihil expedita aut dolor fugiat dignissimos quaerat. Maiores autem necessitatibus laboriosam sit sunt. Et id nulla neque expedita dolore cum. Sed ut expedita hic consequatur. Consequatur assumenda ullam et sit aspernatur. Modi sed dicta et. Qui reiciendis modi ut est dicta minima.', 'https://image.jeuxvideo.com/medias/151689/1516893501-9622-jaquette-avant.jpg'),
(2916, 1094, 'voluptas animi odio ex', 'Et ipsa ipsa qui aperiam aspernatur. Doloremque deserunt sed quis magnam aut. Hic expedita qui voluptates sed molestiae amet. Iure eos qui labore vel ad. At vel maiores nam incidunt eos nostrum est. Quibusdam aut maxime quas vero reprehenderit.', 'https://image.jeuxvideo.com/medias/163129/1631285061-4363-jaquette-avant.jpg'),
(2917, 1099, 'reiciendis ex natus voluptates', 'Velit nemo numquam sed dolorum at omnis non. Tenetur sed corporis voluptas doloribus voluptas necessitatibus. Nemo aspernatur quae et ratione. Qui sed vel assumenda.', 'https://image.jeuxvideo.com/medias/161616/1616164719-8684-jaquette-avant.jpg'),
(2918, 1086, 'eos recusandae sapiente', 'Earum officiis nisi deserunt. Vel repudiandae excepturi nulla adipisci fugiat fugit. Consequuntur est praesentium rerum quidem ea eveniet est. Voluptas et consequatur odio quia. Velit quam expedita suscipit distinctio qui.', 'https://image.jeuxvideo.com/medias/158826/1588264397-5261-jaquette-avant.jpg'),
(2919, 1101, 'blanditiis molestiae molestias', 'Qui expedita est ex vero nemo modi animi. Voluptatem id nostrum iste voluptatem. Voluptas illo earum aut quia aperiam assumenda qui. Quia perspiciatis sunt omnis voluptate. Et ut tempore impedit facilis.', 'https://image.jeuxvideo.com/medias/161616/1616164719-8684-jaquette-avant.jpg'),
(2920, 1093, 'dolorum voluptatibus vel nesciunt', 'Adipisci iure nesciunt a ut sit pariatur. Amet officiis voluptatum libero tenetur assumenda nihil vel error. Reprehenderit delectus labore officiis sed. Necessitatibus explicabo animi eos magni.', 'https://image.jeuxvideo.com/medias/163664/1636636223-8849-jaquette-avant.jpg'),
(2921, 1099, 'aliquam consequatur reiciendis', 'Assumenda magni quidem non dolor et quis. Numquam repellendus omnis eligendi. Facere voluptas eius sed facere suscipit. Nihil et aut amet ut. Exercitationem optio omnis sunt quam iure. Mollitia rerum nihil ad deleniti quod optio. Qui veniam atque illum dolores.', 'https://image.jeuxvideo.com/medias/163154/1631541998-5162-jaquette-avant.jpg'),
(2922, 1090, 'exercitationem', 'Deleniti et quia eos dolore. Nemo aut optio laboriosam et unde aut assumenda. Vitae mollitia delectus assumenda. Laudantium et est omnis similique commodi sint provident sapiente.', 'https://image.jeuxvideo.com/medias-sm/163396/1633959248-729-jaquette-avant.gif'),
(2923, 1096, 'ullam optio est assumenda', 'Enim eum nostrum sapiente omnis. Consequuntur nam quisquam esse sapiente ratione. Eum illum dolorem sed culpa nobis molestiae ipsa.', 'https://image.jeuxvideo.com/medias/159403/1594028554-187-jaquette-avant.jpg'),
(2924, 1091, 'consectetur est veniam quae', 'Quae quo enim iure sint. Animi omnis qui qui quasi. Aperiam ut officiis ab itaque. Saepe dolorem esse deserunt distinctio aliquid ipsam. Quia ut reprehenderit fugit. Dolores temporibus rem sequi veniam in est rerum.', 'https://image.jeuxvideo.com/medias/150166/1501664378-9988-jaquette-avant.jpg'),
(2925, 1100, 'dolorem', 'Doloremque velit ipsa dolore qui. Cum dolores sapiente laboriosam illo. Voluptatem dicta illo eum aliquid similique aspernatur. Et sit voluptatum necessitatibus necessitatibus autem deserunt. Sint laboriosam voluptas qui rerum. Et voluptas ut dolores.', 'https://image.jeuxvideo.com/medias/163335/1633353168-8875-jaquette-avant.gif'),
(2926, 1090, 'iste dolorum ullam esse', 'Quibusdam sunt neque eaque minima. Quidem ut maxime ut laboriosam ut mollitia. Voluptatum harum reiciendis possimus. Consectetur quisquam fuga id rerum quia soluta totam. Beatae iusto sit omnis. Molestias cumque aut optio quaerat. Repellendus unde suscipit unde ut sed.', 'https://image.jeuxvideo.com/medias/161277/1612766574-6606-jaquette-avant.png'),
(2927, 1092, 'architecto', 'Eius corrupti eos pariatur velit nostrum. Culpa non quia dolor voluptatem dolores nulla quo. Eaque velit similique odio. Quia voluptatem alias velit eveniet amet. Voluptatem omnis nulla aut in accusantium odit. Alias amet mollitia sunt dolorum cumque ea.', 'https://image.jeuxvideo.com/medias/158826/1588264397-5261-jaquette-avant.jpg'),
(2928, 1098, 'quidem inventore odio sit', 'Est laboriosam hic sunt. Architecto quis vel vitae in. Eum nobis et sit vel delectus. Soluta et excepturi vel dolores sequi cupiditate. Aperiam saepe autem quidem adipisci rerum dolorem. Et qui magni itaque et voluptas exercitationem. Exercitationem aut omnis corrupti qui.', 'https://image.jeuxvideo.com/medias/163353/1633528483-9809-jaquette-avant.jpg'),
(2929, 1097, 'soluta', 'Quia et quasi atque facilis sed. Vero ab voluptate quia nihil dolores a adipisci. Repudiandae aut sed incidunt voluptas rem. Iste occaecati qui facere magnam enim dolor sint doloremque. Est voluptate et et praesentium nobis. Odit est facere mollitia sed sint corrupti deserunt.', 'https://image.jeuxvideo.com/medias/163342/1633418743-1593-jaquette-avant.gif'),
(2930, 1095, 'expedita est', 'Consequatur eos dolores laborum commodi dolorum. Vitae sit qui eos quis enim quo. Veritatis laudantium atque et laboriosam. Aperiam alias qui qui voluptatum voluptates maxime sit ut. Accusamus libero enim sint quasi dolor. Eligendi unde velit at optio dolore explicabo.', 'https://image.jeuxvideo.com/medias/163214/1632142889-7692-jaquette-avant.jpg'),
(2931, 1098, 'non iste quae', 'Fugit sed molestiae fugiat fugit et aliquid explicabo. Libero aperiam recusandae ex minus et magni aperiam. Nulla aliquid qui quo. Corporis illo asperiores fuga et non sed. Quo numquam eveniet maxime nesciunt rerum ut. Tenetur quae delectus officiis eum aut sed voluptas. Rerum modi ut dolorum.', 'https://image.jeuxvideo.com/medias/163161/1631607413-3853-jaquette-avant.jpg'),
(2932, 1095, 'illum', 'Harum itaque error fugit. Sed repudiandae nam delectus ut placeat minus. Praesentium eius optio aut odit sed dolores quam. Consequatur dolorem nisi quod beatae. Nihil reiciendis vel similique non.', 'https://media.senscritique.com/media/000020040912/source_big/Resident_Evil_Village.png'),
(2933, 1098, 'ut necessitatibus dolores', 'Dolorem quo et eius consectetur recusandae. Fugiat assumenda debitis eos tempore. Beatae quo incidunt ipsam consectetur. Nostrum quia impedit dolores in doloremque eius facilis.', 'https://image.jeuxvideo.com/images/jaquettes/00048634/jaquette-les-sims-4-pc-cover-avant-g-1409904702.jpg'),
(2934, 1089, 'odit enim omnis', 'Voluptas architecto quo ex aliquam dolores. Doloribus voluptates ut asperiores perspiciatis. Repudiandae deserunt dicta excepturi molestiae.', 'https://image.jeuxvideo.com/medias/163664/1636636223-8849-jaquette-avant.jpg'),
(2935, 1098, 'quia in', 'Laudantium expedita ad dicta occaecati id nemo sed. Ut modi sed et cupiditate. Qui velit et sunt sunt similique. Quo ut omnis quia illo quis facilis. Sunt odit laboriosam non. Exercitationem voluptatibus at ducimus inventore temporibus. Repellat suscipit veniam aut ea repellendus nobis sapiente.', 'https://image.jeuxvideo.com/medias/152899/1528990462-7760-jaquette-avant.jpg'),
(2936, 1099, 'eveniet', 'Autem error doloremque iure mollitia quis molestiae minima. Ut facilis facilis sint in. Omnis consequuntur sint qui vitae dignissimos sapiente. Reiciendis dolores temporibus dicta totam.', 'https://image.jeuxvideo.com/medias/163129/1631285061-4363-jaquette-avant.jpg'),
(2937, 1093, 'dolorem corrupti quia architecto', 'Excepturi voluptates rem voluptas delectus voluptatem fugit omnis. Impedit error pariatur cumque accusamus beatae. Eaque veniam tempora molestiae vero eaque voluptatibus officia voluptate.', 'https://image.jeuxvideo.com/medias/163154/1631541998-5162-jaquette-avant.jpg'),
(2938, 1093, 'omnis libero', 'Et accusamus sunt voluptate aut magnam. Consectetur facere deserunt eaque sunt omnis inventore. Qui culpa explicabo qui corrupti.', 'https://image.jeuxvideo.com/medias/163708/1637080607-7753-jaquette-avant.gif'),
(2939, 1089, 'ut sunt voluptas et', 'Non quod repellat consequuntur rem ipsam. Aut velit nihil necessitatibus id nam ex. Dolore at voluptatem eum quo odit ex. Et dolores et et. Dolorem quibusdam voluptas inventore. Saepe a ut sapiente ipsa id possimus. At adipisci ad magni quis consequatur.', 'https://paradoxetemporel.fr/wp-content/uploads/2020/06/jaquette-the-last-of-us-part-2.jpg'),
(2940, 1085, 'amet culpa voluptate quia', 'Et repudiandae unde aut ut ullam facilis odio. Aspernatur vitae perferendis praesentium recusandae nihil voluptas. Voluptatem eius animi accusantium autem culpa. Labore amet delectus quo qui. Voluptatem ea quia modi ea. Illo nulla aut officiis fugit.', 'https://image.jeuxvideo.com/medias/159403/1594028554-187-jaquette-avant.jpg'),
(2941, 1086, 'inventore eum', 'Et sint laborum dolor sint dignissimos saepe. Dolore ut sit vero corporis. Aspernatur dolores id blanditiis sed provident. Aut est mollitia itaque adipisci. Quis iure similique eius aliquam sit culpa.', 'https://image.jeuxvideo.com/medias/158826/1588264397-5261-jaquette-avant.jpg'),
(2942, 1095, 'sint', 'Quis blanditiis atque nostrum fugit dolor. Labore ab adipisci dolore voluptas quasi facilis voluptate. Quasi ut quo qui labore. Non eveniet est reprehenderit.', 'https://image.jeuxvideo.com/medias/163353/1633528483-9809-jaquette-avant.jpg'),
(2943, 1101, 'vitae', 'Enim incidunt veniam enim facilis. Animi et amet quis. Aut deserunt quo doloribus deserunt consequatur laudantium molestiae. Rerum dolorum laboriosam nostrum esse qui. Minus placeat quis soluta autem qui perferendis.', 'https://image.jeuxvideo.com/images/jaquettes/00027602/jaquette-league-of-legends-pc-cover-avant-g.jpg'),
(2944, 1092, 'recusandae aliquam ipsam earum', 'Rerum quia velit id et nam provident mollitia ut. Quia voluptas nihil delectus. Facilis a et est debitis. Beatae cum atque eos vel culpa omnis. Aut quia repellendus itaque debitis aut illum occaecati.', 'https://image.jeuxvideo.com/medias/163353/1633528483-9809-jaquette-avant.jpg'),
(2945, 1098, 'ullam numquam voluptas', 'Adipisci quia illum doloribus ducimus perspiciatis. Sequi et facere dolorum delectus quasi. Alias ut ex qui facere error. Non ut necessitatibus totam. Ipsam rem dolore dolorem. Quibusdam cumque repudiandae laudantium vel. Provident fugiat maxime enim et et odit.', 'https://image.jeuxvideo.com/medias/163154/1631541998-5162-jaquette-avant.jpg'),
(2946, 1099, 'error cupiditate', 'Nulla est officiis magnam voluptates molestias reiciendis. Officiis ut dignissimos nemo autem dicta veniam. Aliquam at velit non officiis laborum. Ducimus et sunt soluta.', 'https://image.jeuxvideo.com/medias/163353/1633528483-9809-jaquette-avant.jpg'),
(2947, 1088, 'placeat illum fugiat', 'Consequatur fuga et nisi earum quis voluptatem est. Ducimus quis dignissimos blanditiis quaerat aliquid rerum. Fugit quia qui quia porro minus consequatur provident.', 'https://media.senscritique.com/media/000020040912/source_big/Resident_Evil_Village.png'),
(2948, 1100, 'temporibus at a aperiam', 'Sed qui ratione quas dolor quidem quis. Soluta et dolores quo. Rerum illo expedita nemo minima incidunt corrupti. Recusandae sit non aut animi blanditiis porro quis.', 'https://media.senscritique.com/media/000020040912/source_big/Resident_Evil_Village.png'),
(2949, 1100, 'corporis', 'Omnis a cumque qui ea qui quidem. At qui distinctio nisi ipsa aut. Saepe sunt non molestias nisi. Dolore molestiae suscipit nostrum consequatur ex aliquam velit. Sit minus neque nulla commodi et. Consequatur qui magni est amet.', 'https://image.jeuxvideo.com/medias/163353/1633528483-9809-jaquette-avant.jpg'),
(2950, 1085, 'eligendi voluptate voluptatum qui', 'Veritatis temporibus quam et sed enim. Et cumque aliquid quas voluptatum. Voluptate numquam veritatis amet cumque aut magnam iure.', 'https://image.jeuxvideo.com/medias/163708/1637080607-7753-jaquette-avant.gif');

-- --------------------------------------------------------

--
-- Structure de la table `video_game_category`
--

CREATE TABLE `video_game_category` (
  `id` int(11) NOT NULL,
  `name` varchar(50) COLLATE utf8mb4_unicode_ci NOT NULL
) ENGINE=InnoDB DEFAULT CHARSET=utf8mb4 COLLATE=utf8mb4_unicode_ci;

--
-- Déchargement des données de la table `video_game_category`
--

INSERT INTO `video_game_category` (`id`, `name`) VALUES
(1083, 'FPS / TPS'),
(1084, 'Combat'),
(1085, 'RTS'),
(1086, 'Simulation'),
(1087, 'Plateforme'),
(1088, 'RPG'),
(1089, 'MMORPG'),
(1090, 'Sandbox'),
(1091, 'MOBA'),
(1092, 'Battle Royals'),
(1093, 'Action / Aventure'),
(1094, 'Beat Them All'),
(1095, 'Puzzlers'),
(1096, 'Réflexion'),
(1097, 'Survival Horror'),
(1098, 'Hack’n’slash'),
(1099, 'Party Games'),
(1100, 'Rythme'),
(1101, 'Course'),
(1102, 'Sports');

-- --------------------------------------------------------

--
-- Structure de la table `video_game_platform`
--

CREATE TABLE `video_game_platform` (
  `video_game_id` int(11) NOT NULL,
  `platform_id` int(11) NOT NULL
) ENGINE=InnoDB DEFAULT CHARSET=utf8mb4 COLLATE=utf8mb4_unicode_ci;

--
-- Déchargement des données de la table `video_game_platform`
--

INSERT INTO `video_game_platform` (`video_game_id`, `platform_id`) VALUES
(2851, 479),
(2852, 479),
(2853, 479),
(2853, 480),
(2853, 481),
(2853, 482),
(2853, 483),
(2854, 479),
(2854, 480),
(2854, 481),
(2854, 482),
(2854, 483),
(2855, 479),
(2855, 480),
(2855, 481),
(2855, 482),
(2855, 483),
(2855, 484),
(2855, 485),
(2855, 486),
(2856, 479),
(2857, 479),
(2857, 480),
(2857, 481),
(2857, 482),
(2857, 483),
(2858, 479),
(2858, 480),
(2858, 482),
(2858, 483),
(2859, 479),
(2859, 480),
(2859, 481),
(2859, 482),
(2859, 483),
(2859, 484),
(2859, 485),
(2859, 486),
(2860, 479),
(2860, 480),
(2860, 481),
(2860, 482),
(2860, 483),
(2860, 484),
(2860, 485),
(2860, 486),
(2861, 479),
(2861, 480),
(2861, 481),
(2861, 482),
(2861, 483),
(2861, 484),
(2861, 485),
(2861, 486),
(2862, 479),
(2862, 480),
(2862, 481),
(2862, 482),
(2862, 483),
(2862, 484),
(2863, 479),
(2863, 480),
(2863, 481),
(2863, 482),
(2863, 483),
(2864, 479),
(2865, 479),
(2865, 480),
(2865, 481),
(2865, 482),
(2865, 483),
(2865, 484),
(2866, 479),
(2866, 480),
(2866, 481),
(2866, 482),
(2866, 483),
(2866, 484),
(2866, 485),
(2866, 486),
(2867, 479),
(2867, 480),
(2867, 482),
(2867, 483),
(2868, 479),
(2868, 480),
(2868, 481),
(2868, 482),
(2868, 483),
(2869, 479),
(2869, 480),
(2869, 481),
(2869, 482),
(2869, 483),
(2869, 484),
(2869, 485),
(2869, 486),
(2870, 479),
(2870, 480),
(2870, 481),
(2870, 482),
(2870, 483),
(2870, 484),
(2870, 485),
(2870, 486),
(2871, 479),
(2871, 480),
(2871, 481),
(2871, 482),
(2871, 483),
(2872, 479),
(2872, 480),
(2872, 481),
(2872, 482),
(2872, 483),
(2872, 484),
(2872, 485),
(2872, 486),
(2873, 479),
(2873, 480),
(2873, 481),
(2873, 482),
(2873, 483),
(2874, 479),
(2874, 480),
(2874, 481),
(2874, 482),
(2874, 483),
(2874, 484),
(2874, 485),
(2874, 486),
(2875, 479),
(2875, 480),
(2875, 481),
(2875, 482),
(2875, 483),
(2875, 484),
(2875, 485),
(2875, 486),
(2876, 479),
(2876, 480),
(2876, 481),
(2876, 482),
(2876, 483),
(2877, 479),
(2877, 480),
(2877, 481),
(2877, 482),
(2877, 483),
(2878, 479),
(2878, 480),
(2878, 482),
(2878, 483),
(2879, 479),
(2879, 480),
(2879, 481),
(2879, 482),
(2879, 483),
(2879, 484),
(2879, 485),
(2879, 486),
(2880, 479),
(2880, 480),
(2880, 482),
(2880, 483),
(2881, 479),
(2881, 480),
(2881, 481),
(2881, 482),
(2881, 483),
(2882, 479),
(2882, 480),
(2882, 481),
(2882, 482),
(2882, 483),
(2883, 479),
(2883, 480),
(2883, 481),
(2883, 482),
(2883, 483),
(2883, 484),
(2884, 479),
(2884, 480),
(2884, 481),
(2884, 482),
(2884, 483),
(2885, 479),
(2885, 480),
(2885, 481),
(2885, 482),
(2885, 483),
(2885, 484),
(2886, 479),
(2886, 480),
(2886, 481),
(2886, 482),
(2886, 483),
(2886, 484),
(2886, 485),
(2886, 486),
(2887, 479),
(2887, 480),
(2887, 481),
(2887, 482),
(2887, 483),
(2887, 484),
(2887, 485),
(2887, 486),
(2888, 479),
(2888, 480),
(2888, 481),
(2888, 482),
(2888, 483),
(2889, 479),
(2889, 480),
(2889, 481),
(2889, 482),
(2889, 483),
(2889, 484),
(2889, 485),
(2889, 486),
(2890, 479),
(2890, 480),
(2890, 482),
(2890, 483),
(2891, 479),
(2891, 480),
(2891, 481),
(2891, 482),
(2891, 483),
(2892, 479),
(2892, 480),
(2892, 481),
(2892, 482),
(2892, 483),
(2892, 484),
(2892, 485),
(2892, 486),
(2893, 479),
(2893, 480),
(2893, 481),
(2893, 482),
(2893, 483),
(2894, 479),
(2894, 480),
(2894, 481),
(2894, 482),
(2894, 483),
(2894, 484),
(2894, 485),
(2894, 486),
(2895, 479),
(2895, 480),
(2895, 481),
(2895, 482),
(2895, 483),
(2896, 479),
(2896, 480),
(2896, 481),
(2896, 482),
(2896, 483),
(2897, 479),
(2898, 479),
(2898, 480),
(2898, 481),
(2898, 482),
(2898, 483),
(2898, 484),
(2898, 485),
(2898, 486),
(2899, 479),
(2899, 480),
(2899, 481),
(2899, 482),
(2899, 483),
(2900, 479),
(2900, 480),
(2900, 481),
(2900, 482),
(2900, 483),
(2900, 484),
(2900, 485),
(2900, 486),
(2901, 479),
(2901, 480),
(2901, 481),
(2901, 482),
(2901, 483),
(2901, 484),
(2901, 485),
(2901, 486),
(2902, 479),
(2902, 480),
(2902, 481),
(2902, 482),
(2902, 483),
(2902, 484),
(2902, 485),
(2902, 486),
(2903, 479),
(2903, 480),
(2903, 481),
(2903, 482),
(2903, 483),
(2903, 484),
(2903, 485),
(2903, 486),
(2904, 479),
(2904, 480),
(2904, 481),
(2904, 482),
(2904, 483),
(2904, 484),
(2904, 485),
(2904, 486),
(2905, 479),
(2905, 480),
(2905, 481),
(2905, 482),
(2905, 483),
(2905, 484),
(2905, 485),
(2905, 486),
(2906, 479),
(2907, 479),
(2907, 480),
(2907, 481),
(2907, 482),
(2907, 483),
(2907, 484),
(2908, 479),
(2908, 480),
(2908, 481),
(2908, 482),
(2908, 483),
(2908, 484),
(2909, 479),
(2909, 480),
(2909, 481),
(2909, 482),
(2909, 483),
(2910, 479),
(2910, 480),
(2910, 481),
(2910, 482),
(2910, 483),
(2911, 479),
(2911, 480),
(2911, 481),
(2911, 482),
(2911, 483),
(2911, 484),
(2911, 485),
(2911, 486),
(2912, 479),
(2912, 480),
(2912, 481),
(2912, 482),
(2912, 483),
(2913, 479),
(2913, 480),
(2913, 481),
(2913, 482),
(2913, 483),
(2913, 484),
(2913, 485),
(2913, 486),
(2914, 479),
(2914, 480),
(2914, 481),
(2914, 482),
(2914, 483),
(2914, 484),
(2914, 485),
(2914, 486),
(2915, 479),
(2915, 480),
(2915, 481),
(2915, 482),
(2915, 483),
(2915, 484),
(2915, 485),
(2915, 486),
(2916, 479),
(2916, 480),
(2916, 481),
(2916, 482),
(2916, 483),
(2916, 484),
(2916, 485),
(2916, 486),
(2917, 479),
(2917, 480),
(2917, 481),
(2917, 482),
(2917, 483),
(2917, 484),
(2917, 485),
(2917, 486),
(2918, 479),
(2918, 480),
(2918, 481),
(2918, 482),
(2918, 483),
(2918, 484),
(2918, 485),
(2918, 486),
(2919, 479),
(2919, 480),
(2919, 481),
(2919, 482),
(2919, 483),
(2920, 479),
(2920, 480),
(2920, 481),
(2920, 482),
(2920, 483),
(2921, 479),
(2921, 480),
(2921, 481),
(2921, 482),
(2921, 483),
(2921, 484),
(2921, 485),
(2921, 486),
(2922, 479),
(2923, 479),
(2923, 480),
(2923, 481),
(2923, 482),
(2923, 483),
(2924, 479),
(2924, 480),
(2924, 481),
(2924, 482),
(2924, 483),
(2925, 479),
(2925, 480),
(2925, 481),
(2925, 482),
(2925, 483),
(2925, 484),
(2925, 485),
(2925, 486),
(2926, 479),
(2926, 480),
(2926, 481),
(2926, 482),
(2926, 483),
(2927, 479),
(2928, 479),
(2928, 480),
(2928, 481),
(2928, 482),
(2928, 483),
(2928, 484),
(2928, 485),
(2928, 486),
(2929, 479),
(2930, 479),
(2930, 480),
(2930, 481),
(2930, 482),
(2930, 483),
(2931, 479),
(2931, 480),
(2931, 481),
(2931, 482),
(2931, 483),
(2931, 484),
(2932, 479),
(2932, 480),
(2932, 481),
(2932, 482),
(2932, 483),
(2932, 484),
(2932, 485),
(2932, 486),
(2933, 479),
(2933, 480),
(2933, 482),
(2933, 483),
(2934, 479),
(2934, 480),
(2934, 481),
(2934, 482),
(2934, 483),
(2935, 479),
(2935, 480),
(2935, 481),
(2935, 482),
(2935, 483),
(2936, 479),
(2936, 480),
(2936, 481),
(2936, 482),
(2936, 483),
(2937, 479),
(2937, 480),
(2937, 481),
(2937, 482),
(2937, 483),
(2938, 479),
(2938, 480),
(2938, 482),
(2938, 483),
(2939, 479),
(2939, 480),
(2939, 481),
(2939, 482),
(2939, 483),
(2939, 484),
(2939, 485),
(2939, 486),
(2940, 479),
(2940, 480),
(2940, 481),
(2940, 482),
(2940, 483),
(2941, 479),
(2941, 480),
(2941, 481),
(2941, 482),
(2941, 483),
(2941, 484),
(2941, 485),
(2941, 486),
(2942, 479),
(2942, 480),
(2942, 481),
(2942, 482),
(2942, 483),
(2942, 484),
(2942, 485),
(2942, 486),
(2943, 479),
(2943, 480),
(2943, 481),
(2943, 482),
(2943, 483),
(2943, 484),
(2943, 485),
(2943, 486),
(2944, 479),
(2944, 480),
(2944, 481),
(2944, 482),
(2944, 483),
(2944, 484),
(2945, 479),
(2945, 480),
(2945, 481),
(2945, 482),
(2945, 483),
(2946, 479),
(2946, 480),
(2946, 481),
(2946, 482),
(2946, 483),
(2946, 484),
(2946, 485),
(2946, 486),
(2947, 479),
(2948, 479),
(2949, 479),
(2950, 479),
(2950, 480),
(2950, 481),
(2950, 482),
(2950, 483),
(2950, 484),
(2950, 485),
(2950, 486);

--
-- Index pour les tables déchargées
--

--
-- Index pour la table `board_game`
--
ALTER TABLE `board_game`
  ADD PRIMARY KEY (`id`),
  ADD KEY `IDX_F9BD68AF12469DE2` (`category_id`);

--
-- Index pour la table `board_game_category`
--
ALTER TABLE `board_game_category`
  ADD PRIMARY KEY (`id`);

--
-- Index pour la table `booking`
--
ALTER TABLE `booking`
  ADD PRIMARY KEY (`id`),
  ADD KEY `IDX_E00CEDDE71F7E88B` (`event_id`),
  ADD KEY `IDX_E00CEDDEA76ED395` (`user_id`);

--
-- Index pour la table `comic`
--
ALTER TABLE `comic`
  ADD PRIMARY KEY (`id`),
  ADD KEY `IDX_5B7EA5AA12469DE2` (`category_id`);

--
-- Index pour la table `comic_category`
--
ALTER TABLE `comic_category`
  ADD PRIMARY KEY (`id`);

--
-- Index pour la table `doctrine_migration_versions`
--
ALTER TABLE `doctrine_migration_versions`
  ADD PRIMARY KEY (`version`);

--
-- Index pour la table `event`
--
ALTER TABLE `event`
  ADD PRIMARY KEY (`id`),
  ADD KEY `IDX_3BAE0AA712469DE2` (`category_id`),
  ADD KEY `IDX_3BAE0AA7DA6A219` (`place_id`),
  ADD KEY `IDX_3BAE0AA77E3C61F9` (`owner_id`);

--
-- Index pour la table `event_category`
--
ALTER TABLE `event_category`
  ADD PRIMARY KEY (`id`);

--
-- Index pour la table `manga`
--
ALTER TABLE `manga`
  ADD PRIMARY KEY (`id`),
  ADD KEY `IDX_765A9E0312469DE2` (`category_id`);

--
-- Index pour la table `manga_category`
--
ALTER TABLE `manga_category`
  ADD PRIMARY KEY (`id`);

--
-- Index pour la table `place`
--
ALTER TABLE `place`
  ADD PRIMARY KEY (`id`);

--
-- Index pour la table `platform`
--
ALTER TABLE `platform`
  ADD PRIMARY KEY (`id`);

--
-- Index pour la table `user`
--
ALTER TABLE `user`
  ADD PRIMARY KEY (`id`),
  ADD UNIQUE KEY `UNIQ_8D93D649E7927C74` (`email`);

--
-- Index pour la table `user_board_game`
--
ALTER TABLE `user_board_game`
  ADD PRIMARY KEY (`user_id`,`board_game_id`),
  ADD KEY `IDX_5EDAAE43A76ED395` (`user_id`),
  ADD KEY `IDX_5EDAAE43AC91F10A` (`board_game_id`);

--
-- Index pour la table `user_comic`
--
ALTER TABLE `user_comic`
  ADD PRIMARY KEY (`user_id`,`comic_id`),
  ADD KEY `IDX_B9BC5EF2A76ED395` (`user_id`),
  ADD KEY `IDX_B9BC5EF2D663094A` (`comic_id`);

--
-- Index pour la table `user_manga`
--
ALTER TABLE `user_manga`
  ADD PRIMARY KEY (`user_id`,`manga_id`),
  ADD KEY `IDX_9498655BA76ED395` (`user_id`),
  ADD KEY `IDX_9498655B7B6461` (`manga_id`);

--
-- Index pour la table `user_video_game`
--
ALTER TABLE `user_video_game`
  ADD PRIMARY KEY (`user_id`,`video_game_id`),
  ADD KEY `IDX_83DBAABCA76ED395` (`user_id`),
  ADD KEY `IDX_83DBAABC16230A8` (`video_game_id`);

--
-- Index pour la table `video_game`
--
ALTER TABLE `video_game`
  ADD PRIMARY KEY (`id`),
  ADD KEY `IDX_24BC6C5012469DE2` (`category_id`);

--
-- Index pour la table `video_game_category`
--
ALTER TABLE `video_game_category`
  ADD PRIMARY KEY (`id`);

--
-- Index pour la table `video_game_platform`
--
ALTER TABLE `video_game_platform`
  ADD PRIMARY KEY (`video_game_id`,`platform_id`),
  ADD KEY `IDX_996C03DD16230A8` (`video_game_id`),
  ADD KEY `IDX_996C03DDFFE6496F` (`platform_id`);

--
-- AUTO_INCREMENT pour les tables déchargées
--

--
-- AUTO_INCREMENT pour la table `board_game`
--
ALTER TABLE `board_game`
  MODIFY `id` int(11) NOT NULL AUTO_INCREMENT, AUTO_INCREMENT=3801;

--
-- AUTO_INCREMENT pour la table `board_game_category`
--
ALTER TABLE `board_game_category`
  MODIFY `id` int(11) NOT NULL AUTO_INCREMENT, AUTO_INCREMENT=1055;

--
-- AUTO_INCREMENT pour la table `booking`
--
ALTER TABLE `booking`
  MODIFY `id` int(11) NOT NULL AUTO_INCREMENT, AUTO_INCREMENT=1101;

--
-- AUTO_INCREMENT pour la table `comic`
--
ALTER TABLE `comic`
  MODIFY `id` int(11) NOT NULL AUTO_INCREMENT, AUTO_INCREMENT=4201;

--
-- AUTO_INCREMENT pour la table `comic_category`
--
ALTER TABLE `comic_category`
  MODIFY `id` int(11) NOT NULL AUTO_INCREMENT, AUTO_INCREMENT=1063;

--
-- AUTO_INCREMENT pour la table `event`
--
ALTER TABLE `event`
  MODIFY `id` int(11) NOT NULL AUTO_INCREMENT, AUTO_INCREMENT=4617;

--
-- AUTO_INCREMENT pour la table `event_category`
--
ALTER TABLE `event_category`
  MODIFY `id` int(11) NOT NULL AUTO_INCREMENT, AUTO_INCREMENT=645;

--
-- AUTO_INCREMENT pour la table `manga`
--
ALTER TABLE `manga`
  MODIFY `id` int(11) NOT NULL AUTO_INCREMENT, AUTO_INCREMENT=4231;

--
-- AUTO_INCREMENT pour la table `manga_category`
--
ALTER TABLE `manga_category`
  MODIFY `id` int(11) NOT NULL AUTO_INCREMENT, AUTO_INCREMENT=298;

--
-- AUTO_INCREMENT pour la table `place`
--
ALTER TABLE `place`
  MODIFY `id` int(11) NOT NULL AUTO_INCREMENT, AUTO_INCREMENT=8951;

--
-- AUTO_INCREMENT pour la table `platform`
--
ALTER TABLE `platform`
  MODIFY `id` int(11) NOT NULL AUTO_INCREMENT, AUTO_INCREMENT=487;

--
-- AUTO_INCREMENT pour la table `user`
--
ALTER TABLE `user`
  MODIFY `id` int(11) NOT NULL AUTO_INCREMENT, AUTO_INCREMENT=43136;

--
-- AUTO_INCREMENT pour la table `video_game`
--
ALTER TABLE `video_game`
  MODIFY `id` int(11) NOT NULL AUTO_INCREMENT, AUTO_INCREMENT=2951;

--
-- AUTO_INCREMENT pour la table `video_game_category`
--
ALTER TABLE `video_game_category`
  MODIFY `id` int(11) NOT NULL AUTO_INCREMENT, AUTO_INCREMENT=1103;

--
-- Contraintes pour les tables déchargées
--

--
-- Contraintes pour la table `board_game`
--
ALTER TABLE `board_game`
  ADD CONSTRAINT `FK_F9BD68AF12469DE2` FOREIGN KEY (`category_id`) REFERENCES `board_game_category` (`id`);

--
-- Contraintes pour la table `booking`
--
ALTER TABLE `booking`
  ADD CONSTRAINT `FK_E00CEDDE71F7E88B` FOREIGN KEY (`event_id`) REFERENCES `event` (`id`),
  ADD CONSTRAINT `FK_E00CEDDEA76ED395` FOREIGN KEY (`user_id`) REFERENCES `user` (`id`);

--
-- Contraintes pour la table `comic`
--
ALTER TABLE `comic`
  ADD CONSTRAINT `FK_5B7EA5AA12469DE2` FOREIGN KEY (`category_id`) REFERENCES `comic_category` (`id`);

--
-- Contraintes pour la table `event`
--
ALTER TABLE `event`
  ADD CONSTRAINT `FK_3BAE0AA712469DE2` FOREIGN KEY (`category_id`) REFERENCES `event_category` (`id`),
  ADD CONSTRAINT `FK_3BAE0AA77E3C61F9` FOREIGN KEY (`owner_id`) REFERENCES `user` (`id`),
  ADD CONSTRAINT `FK_3BAE0AA7DA6A219` FOREIGN KEY (`place_id`) REFERENCES `place` (`id`);

--
-- Contraintes pour la table `manga`
--
ALTER TABLE `manga`
  ADD CONSTRAINT `FK_765A9E0312469DE2` FOREIGN KEY (`category_id`) REFERENCES `manga_category` (`id`);

--
-- Contraintes pour la table `user_board_game`
--
ALTER TABLE `user_board_game`
  ADD CONSTRAINT `FK_5EDAAE43A76ED395` FOREIGN KEY (`user_id`) REFERENCES `user` (`id`) ON DELETE CASCADE,
  ADD CONSTRAINT `FK_5EDAAE43AC91F10A` FOREIGN KEY (`board_game_id`) REFERENCES `board_game` (`id`) ON DELETE CASCADE;

--
-- Contraintes pour la table `user_comic`
--
ALTER TABLE `user_comic`
  ADD CONSTRAINT `FK_B9BC5EF2A76ED395` FOREIGN KEY (`user_id`) REFERENCES `user` (`id`) ON DELETE CASCADE,
  ADD CONSTRAINT `FK_B9BC5EF2D663094A` FOREIGN KEY (`comic_id`) REFERENCES `comic` (`id`) ON DELETE CASCADE;

--
-- Contraintes pour la table `user_manga`
--
ALTER TABLE `user_manga`
  ADD CONSTRAINT `FK_9498655B7B6461` FOREIGN KEY (`manga_id`) REFERENCES `manga` (`id`) ON DELETE CASCADE,
  ADD CONSTRAINT `FK_9498655BA76ED395` FOREIGN KEY (`user_id`) REFERENCES `user` (`id`) ON DELETE CASCADE;

--
-- Contraintes pour la table `user_video_game`
--
ALTER TABLE `user_video_game`
  ADD CONSTRAINT `FK_83DBAABC16230A8` FOREIGN KEY (`video_game_id`) REFERENCES `video_game` (`id`) ON DELETE CASCADE,
  ADD CONSTRAINT `FK_83DBAABCA76ED395` FOREIGN KEY (`user_id`) REFERENCES `user` (`id`) ON DELETE CASCADE;

--
-- Contraintes pour la table `video_game`
--
ALTER TABLE `video_game`
  ADD CONSTRAINT `FK_24BC6C5012469DE2` FOREIGN KEY (`category_id`) REFERENCES `video_game_category` (`id`);

--
-- Contraintes pour la table `video_game_platform`
--
ALTER TABLE `video_game_platform`
  ADD CONSTRAINT `FK_996C03DD16230A8` FOREIGN KEY (`video_game_id`) REFERENCES `video_game` (`id`) ON DELETE CASCADE,
  ADD CONSTRAINT `FK_996C03DDFFE6496F` FOREIGN KEY (`platform_id`) REFERENCES `platform` (`id`) ON DELETE CASCADE;
COMMIT;

/*!40101 SET CHARACTER_SET_CLIENT=@OLD_CHARACTER_SET_CLIENT */;
/*!40101 SET CHARACTER_SET_RESULTS=@OLD_CHARACTER_SET_RESULTS */;
/*!40101 SET COLLATION_CONNECTION=@OLD_COLLATION_CONNECTION */;
