-- phpMyAdmin SQL Dump
-- version 5.1.1
-- https://www.phpmyadmin.net/
--
-- Hôte : localhost:8889
-- Généré le : ven. 14 jan. 2022 à 17:33
-- Version du serveur : 5.7.34
-- Version de PHP : 8.0.8

SET SQL_MODE = "NO_AUTO_VALUE_ON_ZERO";
START TRANSACTION;
SET time_zone = "+00:00";


/*!40101 SET @OLD_CHARACTER_SET_CLIENT=@@CHARACTER_SET_CLIENT */;
/*!40101 SET @OLD_CHARACTER_SET_RESULTS=@@CHARACTER_SET_RESULTS */;
/*!40101 SET @OLD_COLLATION_CONNECTION=@@COLLATION_CONNECTION */;
/*!40101 SET NAMES utf8mb4 */;

--
-- Base de données : `wonderGeek`
--

-- --------------------------------------------------------

--
-- Structure de la table `board_game`
--

CREATE TABLE `board_game` (
  `id` int(11) NOT NULL,
  `category_id` int(11) NOT NULL,
  `name` varchar(50) COLLATE utf8mb4_unicode_ci NOT NULL,
  `description` longtext COLLATE utf8mb4_unicode_ci NOT NULL,
  `picture` varchar(255) COLLATE utf8mb4_unicode_ci NOT NULL
) ENGINE=InnoDB DEFAULT CHARSET=utf8mb4 COLLATE=utf8mb4_unicode_ci;

--
-- Déchargement des données de la table `board_game`
--

INSERT INTO `board_game` (`id`, `category_id`, `name`, `description`, `picture`) VALUES
(201, 49, 'ratione impedit minus nihil', 'Praesentium quae facere qui qui aut. Dolores rerum tenetur libero earum. Ullam inventore doloremque velit. Cupiditate aliquid at odio doloremque. Velit magnam magni impedit ut est aut. Maxime qui optio unde qui facilis assumenda eum qui. Aliquam aliquam modi veritatis illum quia blanditiis. Et nesciunt beatae consectetur harum id omnis qui. Ullam et expedita aperiam recusandae expedita magni assumenda laborum. Labore nihil ipsam odio harum. Quia itaque tempora voluptas nihil qui nam et voluptas.', 'https://cdn2.philibertnet.com/516904-thickbox_default/le-seigneur-des-anneaux-voyages-en-terre-du-milieu-guerre-ouverte.jpg'),
(202, 45, 'totam et', 'Blanditiis iure quam vel nisi praesentium. Vel hic aut dolorum sit. Consequatur ea voluptatem voluptatum ratione nulla voluptatibus nesciunt porro. Ut laboriosam et autem natus minima et numquam. Totam aut vitae molestias ex deleniti. Totam qui sapiente harum nesciunt vero unde. Libero et dolore nihil. Numquam architecto laudantium veritatis odio. Et non dolores aperiam quae blanditiis facilis eveniet. Voluptatibus amet quisquam mollitia magnam asperiores provident.', 'https://cdn2.philibertnet.com/527633-thickbox_default/scrabble-deluxe.jpg'),
(203, 37, 'et nostrum ex vel', 'Doloribus voluptates est voluptatibus et blanditiis. Vel vitae perspiciatis consequatur ex fuga asperiores nihil. Possimus explicabo natus sit quidem ipsum. Quas consequuntur dolores voluptatem ipsam. Eveniet at eos et praesentium tempore in. Quo fugit alias molestias neque. Aut qui omnis minus nostrum itaque deserunt ut. Sint ullam sequi officiis vel aliquam quia. Cumque debitis occaecati veniam nemo quaerat aut ipsum. Et qui nisi ipsa voluptates ut sequi.', 'https://cdn1.philibertnet.com/375938-thickbox_default/monopoly-classique.jpg'),
(204, 46, 'enim iure magnam', 'Nobis quia et perferendis quam. Numquam voluptas nemo hic similique. Ut odit et pariatur reiciendis. Sunt ut quisquam minima alias ut et. Tenetur ut ipsum unde placeat magnam. Rem ut non sit dolore. Unde ut labore velit accusantium rerum similique reprehenderit. Molestiae provident odio minus et doloribus. Voluptatibus necessitatibus ullam animi id cumque delectus. Sit et voluptatem omnis impedit autem dolores velit. Eum ullam consequatur sint id. Ratione esse aperiam deleniti magnam animi aut similique. Accusamus adipisci eius ex maiores a voluptatem dicta.', 'https://cdn1.philibertnet.com/375938-thickbox_default/monopoly-classique.jpg'),
(205, 48, 'delectus fugit omnis', 'Qui possimus voluptatem et consectetur. Iusto incidunt veritatis expedita. Saepe non quod voluptatum et. Doloribus atque quia illum recusandae. Recusandae accusantium pariatur similique magni. Quia est aut reprehenderit vel maxime veritatis ea. Veniam enim qui eligendi qui nemo accusantium animi ullam. Voluptatem at voluptas blanditiis suscipit nam. Aut nostrum et quam. Laudantium ullam voluptatem autem et. Esse exercitationem soluta iure sit voluptatibus consequatur explicabo sapiente. Nobis vel iure consectetur voluptatum sunt vel. Autem in qui odio vel quos ea ut. In quia et accusamus qui.', 'https://cdn2.philibertnet.com/522703-thickbox_default/terraforming-mars.jpg'),
(206, 37, 'possimus et laborum', 'Sit perferendis et sit maiores impedit. Quae accusamus rem neque non. Sit dolor totam praesentium quisquam unde est. Recusandae sit aut molestiae dolorum fugit nulla. Est iusto et at error ipsam. Dolor aliquid alias asperiores voluptate. Eum veritatis perspiciatis non sit maiores beatae. Quisquam dolorem qui itaque dolore quae sunt nostrum. Odio rerum velit qui qui. Sit quam perspiciatis veritatis id quam ratione. In explicabo non alias non architecto libero. Ipsam harum sed eius repudiandae.', 'https://cdn3.philibertnet.com/515898-thickbox_default/7-wonders-architects.jpg'),
(207, 51, 'eos quos labore reprehenderit', 'Eius numquam hic et. Optio est sint aut consectetur. Qui cupiditate voluptatem at voluptas necessitatibus. Tempora nisi temporibus hic recusandae in neque. Quisquam laudantium et sit. Provident in labore architecto corrupti et. Repellat veritatis nesciunt vel. Minima ea vel repellat perspiciatis voluptas sapiente totam. Facilis voluptas tempora porro dolorum. Fugit eos ex corrupti modi fugit eum. Animi et laborum debitis iusto atque necessitatibus tempore. Animi explicabo ab quia. Aut corporis dolor explicabo sunt. Similique culpa et nulla. Quis saepe mollitia quis eos.', 'https://cdn2.philibertnet.com/456053-thickbox_default/skyjo.jpg'),
(208, 46, 'dolor doloribus illum architecto', 'Officia non at cumque natus. Non ea ut velit quam. Ut molestiae quia enim. Quia fugit assumenda et et error. Quaerat odio et dolorem suscipit vero doloremque. Est aliquam sed adipisci vel aperiam laborum praesentium. Facere consequuntur sapiente aspernatur ex temporibus ea laborum. Vero quae voluptatem iure nostrum sed. Et minus id doloremque iure aut placeat voluptate cumque. Libero quam optio est reiciendis. Dolor exercitationem aspernatur nisi tenetur error nesciunt.', 'https://cdn2.philibertnet.com/527633-thickbox_default/scrabble-deluxe.jpg'),
(209, 42, 'delectus corporis sint', 'Et dolorem debitis alias est omnis quia. Autem ad unde amet nesciunt aliquam quod esse. Quo repellat non illum quaerat omnis facilis. Eum eos et eligendi quod magni sunt numquam. Quia sunt distinctio recusandae qui exercitationem. Fugit ex omnis nesciunt. Libero et ipsa nobis voluptatem debitis. Ut sunt deserunt quas cupiditate ad nemo. Sit eos est ut veniam voluptatibus. Dolorum quidem qui ea architecto nulla. Ut dolores velit maiores sit sed. Sunt sint voluptate tempora autem. Qui rerum vitae praesentium reiciendis voluptatibus dolorem molestiae. Expedita vel odit tempora.', 'https://cdn2.philibertnet.com/522703-thickbox_default/terraforming-mars.jpg'),
(210, 37, 'adipisci', 'Dolores officiis veniam quibusdam vel asperiores eos id. Nihil laudantium praesentium vel quia. Velit corporis fugit occaecati repellendus. Maiores qui debitis dolorum et sapiente tempora omnis. Ut dolor exercitationem eum fuga accusantium. Ut nemo recusandae nesciunt autem omnis. Velit vel et officia et ut aperiam eos est. Nihil veritatis beatae provident consectetur dolorem. Velit tempora qui iste veritatis sunt. Praesentium quos aliquid adipisci corporis tempore. Nesciunt officia voluptatum totam ipsa fugit. Consequatur aliquid est ratione dolor nihil quam ullam quidem.', 'https://cdn2.philibertnet.com/516468-thickbox_default/saint-seiya-le-jeu-de-deckbuilding-poseidon.jpg'),
(211, 44, 'voluptatibus minima eum est', 'Sunt a quia voluptatem est quas. Sequi ipsam voluptatem fugit. Sunt quia est quia autem saepe dolor esse similique. Eveniet omnis iusto magni et inventore et quo. Rerum rerum accusamus sed quasi. Molestias suscipit soluta enim totam nesciunt sit quo. Qui molestiae vitae numquam ipsam qui non adipisci. Dolorem incidunt tenetur quisquam enim. Nisi repellendus quia nesciunt quis voluptas minus in. Eos molestiae ducimus sint ullam ad qui. Aspernatur fugit et sequi temporibus quas quo quod. Ut vitae magni incidunt quia nesciunt. Unde eum debitis libero quasi voluptas.', 'https://cdn1.philibertnet.com/375938-thickbox_default/monopoly-classique.jpg'),
(212, 42, 'est dignissimos', 'Eum ducimus eius assumenda sapiente vel alias omnis. Et quis maxime voluptate quia aut vero occaecati. Illum eos reiciendis aliquid nulla placeat quo distinctio ipsum. Nisi optio ipsa deleniti. Suscipit quam possimus labore accusamus debitis. Repellat quae eum ratione ut recusandae ut repudiandae. Quia repellat qui veniam qui repellat rerum. Sunt eum minus asperiores veniam ut. Doloribus est aperiam fuga est at. Illum et unde repellendus quia. Animi id a nesciunt. Et et aut libero id omnis. Qui iste excepturi natus.', 'https://cdn2.philibertnet.com/522703-thickbox_default/terraforming-mars.jpg'),
(213, 46, 'quibusdam aspernatur et', 'Quo dolorem quia hic excepturi quibusdam. Ut eum dolor accusantium explicabo in sunt. Est asperiores non est quia quaerat. Ipsum illo cumque at blanditiis. Quia quas architecto nam atque incidunt ut. Libero totam minima aut qui. Doloribus quae at ipsum alias et et. Deleniti ea quia soluta. Dolor et eos quo possimus voluptates. Autem omnis non omnis maiores quis culpa accusamus. Quia aut aut libero maiores qui ut totam quo. Fugiat aut animi reprehenderit dolor exercitationem nulla sed. Et animi rerum magni quas facilis aspernatur. Sit recusandae et nisi debitis alias aut quod.', 'https://cdn1.philibertnet.com/375938-thickbox_default/monopoly-classique.jpg'),
(214, 38, 'enim', 'Nihil similique sapiente distinctio porro illum soluta et. Vel et voluptate cum corrupti est non. Asperiores itaque quam repellat qui. Cumque dicta qui fugit ut autem. Voluptatem est magni blanditiis ut omnis sint autem. Quis ratione reiciendis quisquam aut est molestiae est aliquam. Impedit quia fugit voluptas. Non nisi nobis placeat atque animi culpa qui id. Et id necessitatibus mollitia dolor voluptatem. Possimus blanditiis vitae aut id. Sit odio consequatur qui labore est esse. Et eius iusto sunt est nostrum atque. Ducimus aut ut dolores. Et iure quaerat quas placeat id.', 'https://cdn1.philibertnet.com/494838-thickbox_default/marvel-champions-le-jeu-de-cartes-convoitise-galactique.jpg'),
(215, 45, 'asperiores consequatur dolorem possimus', 'Dignissimos mollitia dolorum sed dolorem. Minus qui ut quam facere sapiente expedita sunt. Quam harum rerum quis aut maxime et. Facilis eum quam autem quis perferendis maxime ut. Qui illum suscipit molestiae quod quod repellendus quia. Adipisci vero eveniet ea natus ipsam ea velit. Officia illo molestias voluptatibus ea magni eius. Cum exercitationem quia aut aut eaque dolore soluta nostrum. In occaecati quidem omnis et quasi. Aliquam accusantium vel ut consequatur. Nesciunt laudantium culpa velit neque qui cupiditate. Laborum unde dolorum ad labore. Occaecati amet nihil est commodi.', 'https://cdn3.philibertnet.com/525941-thickbox_default/harry-potter-bataille-a-poudlard-extension-sortileges-et-potions.jpg'),
(216, 48, 'labore nam aut accusamus', 'Ad ad beatae eaque omnis ea. Sint atque eveniet saepe reiciendis voluptas nostrum quia. Iusto ducimus occaecati ex fuga. Eos tempora vero iusto aut non aliquam laudantium. Laboriosam beatae est distinctio animi quod. Architecto incidunt esse dolor ut non aut. Recusandae natus voluptas laboriosam fugit quia. Dolores rem facilis dolor dolorum in quidem ea quas. Sed consequatur rerum et velit et est quidem maxime. Officiis rerum omnis ut similique.', 'https://cdn3.philibertnet.com/525941-thickbox_default/harry-potter-bataille-a-poudlard-extension-sortileges-et-potions.jpg'),
(217, 45, 'vero et quia dolores', 'Rerum quia aut at ut error. Aliquid quia fuga quisquam nam consequuntur natus. Et quo perferendis molestias dolores. Consectetur provident corrupti corporis quia vel. Et et a voluptas laborum et et tenetur placeat. Quibusdam nisi exercitationem in magnam enim ut est. Libero qui harum porro molestiae. Commodi modi consequuntur enim aperiam qui. Quod occaecati sunt inventore quo. Aut quis sequi incidunt aut eum.', 'https://cdn1.philibertnet.com/494838-thickbox_default/marvel-champions-le-jeu-de-cartes-convoitise-galactique.jpg'),
(218, 49, 'quisquam aut vitae', 'Hic quibusdam nesciunt omnis consectetur. Non voluptas facilis maxime. Adipisci excepturi sed modi. Qui vitae corrupti cum iusto. Vitae veniam officiis est consequatur laborum at voluptate. Accusamus repellendus nihil quis eum et. Eos commodi fuga et officia nobis temporibus placeat. Dolore eius aut et necessitatibus ipsum illo molestiae quod. Ad voluptatibus illum aut. Deserunt cumque nam mollitia tempora esse vel deleniti.', 'https://cdn2.philibertnet.com/513139-thickbox_default/assassin-s-creed-valhalla-orlog-dice-game.jpg'),
(219, 49, 'eaque dignissimos', 'Et quidem iusto qui temporibus ea. Maiores quo voluptatum consequuntur et placeat voluptatem. Id sed non voluptate numquam porro occaecati quidem. Eaque eum ad libero quasi consectetur. Nihil quas et sapiente laboriosam sunt aut aspernatur omnis. Aperiam velit distinctio ratione voluptatem. Excepturi optio consequatur quibusdam qui atque eveniet. Voluptas consequatur in non assumenda dolorum. Sapiente odit ipsum aut perferendis reiciendis inventore.', 'https://cdn2.philibertnet.com/516904-thickbox_default/le-seigneur-des-anneaux-voyages-en-terre-du-milieu-guerre-ouverte.jpg'),
(220, 44, 'reiciendis velit dignissimos eos', 'Suscipit qui debitis beatae laborum libero iste est. Atque eveniet molestiae commodi molestiae. Quis magnam aut in sint. Est temporibus ut et et molestias enim itaque est. Nihil velit qui quia voluptate similique ab. Aliquid explicabo ullam sed id placeat debitis rem. Recusandae quia ab est voluptates. Voluptatem architecto dolorum vel. Tempore nesciunt at ut inventore ipsa. Consequatur amet exercitationem qui. Qui aliquam distinctio voluptatum accusamus molestiae quis. Voluptates consequatur culpa omnis dolorem nostrum inventore. Optio dolores vel molestiae magni vel non eum.', 'https://cdn3.philibertnet.com/515976-thickbox_default/world-of-warcraft-wrath-of-the-lich-king-a-pandemic-system-board-game.jpg'),
(221, 45, 'natus laboriosam', 'Illum reiciendis non delectus deleniti rerum excepturi incidunt. Exercitationem commodi vitae maxime tempora nostrum in alias. Non cum velit quasi minus. Eum nesciunt rerum natus error. Nesciunt delectus non tempora placeat quis. Voluptas tempore possimus a architecto ut voluptas dolor sint. Libero modi aliquid sint praesentium aliquid. Eveniet et consequatur quia et qui id. Asperiores neque eos pariatur itaque est. Sunt occaecati qui veniam mollitia. Vero laboriosam quos officia modi quidem rerum dolore. Saepe asperiores voluptates sit sed.', 'https://cdn2.philibertnet.com/527633-thickbox_default/scrabble-deluxe.jpg'),
(222, 36, 'sit ut nisi perferendis', 'Est asperiores et dolor minus necessitatibus ut voluptatem aut. Ratione illo porro nam facere voluptatem fugiat excepturi. Blanditiis eum alias delectus quia. Id omnis sapiente quod et neque maxime error. Eaque quia doloribus voluptatem ea. Illum sunt vitae architecto reiciendis ut neque totam. Hic optio doloribus aliquam aut libero qui hic. Quibusdam impedit non animi vitae. Sapiente dolorem omnis aperiam quos inventore. Accusamus quia aut est nostrum unde.', 'https://cdn1.philibertnet.com/494838-thickbox_default/marvel-champions-le-jeu-de-cartes-convoitise-galactique.jpg'),
(223, 39, 'natus laboriosam', 'Veniam consequatur odio ut ullam sed fugit vel. Non necessitatibus molestias quasi blanditiis. Aut esse incidunt qui et libero est. Consequuntur molestias et quia. Maxime doloremque aliquid iure enim ut aliquam est et. Quo quisquam est quia sed cum. Omnis molestiae similique est aut sunt. Ea ad earum et cumque quis. Fugiat qui magnam praesentium. Dolorem et illo saepe nemo illum et dignissimos. Vel magnam sed est aliquam dolorem quisquam. Ipsum eveniet ad laborum laboriosam voluptas. Placeat ratione nobis consequuntur autem.', 'https://cdn3.philibertnet.com/503205-thickbox_default/magic-the-gathering-horizons-du-modern-2-bundle.jpg'),
(224, 41, 'molestiae est minus', 'Deserunt placeat possimus porro aut consectetur sed itaque. A earum enim quia sit ducimus quo. Dolorem enim excepturi saepe maiores voluptas eos fugit. Maiores sed repudiandae eligendi occaecati ut hic facilis. Rerum exercitationem labore corrupti exercitationem unde. Id quas tenetur neque quod eos dolor iste vel. Sit in error et voluptates. Voluptatem enim laudantium incidunt aut adipisci ea. Sed minima qui illum qui. Incidunt neque necessitatibus fugit vitae sed. Ipsa et magnam nam eius voluptate et exercitationem. Distinctio ea porro qui.', 'https://cdn2.philibertnet.com/524668-thickbox_default/les-aventures-de-robin-des-bois.jpg'),
(225, 44, 'sint maiores id ut', 'Et atque saepe ex deserunt fuga magnam laudantium facilis. Et dolores molestiae sunt vitae est. Nisi sit officiis consequatur repellat consequuntur placeat. Hic ipsam corrupti quisquam voluptas qui. Est harum cupiditate velit earum rem. Aut voluptas sit consequuntur hic neque ut. Dolor ipsum nesciunt vel et corporis enim voluptatem. In alias tempore qui. Voluptas impedit est architecto omnis voluptatem voluptas fugit. Libero minus laborum qui suscipit odio modi et perspiciatis. Provident autem nesciunt totam numquam delectus dolorum.', 'https://cdn2.philibertnet.com/527633-thickbox_default/scrabble-deluxe.jpg'),
(226, 43, 'sed illum', 'Assumenda aut cum et blanditiis velit quas. Hic natus voluptatibus veniam quam aspernatur repellendus. Mollitia expedita labore aut sit eveniet minus. Doloremque quo consectetur placeat aut eveniet suscipit similique. Exercitationem esse consequatur accusamus quia voluptas dolore aliquam omnis. Tenetur est ipsa corrupti voluptatem. Voluptatem quae sit dolor laborum quidem. Perspiciatis reiciendis minus iste non voluptate eveniet. Velit minus dolor fuga. Dignissimos reprehenderit qui in eum rerum dolores. Modi a et reprehenderit assumenda ut.', 'https://cdn3.philibertnet.com/503205-thickbox_default/magic-the-gathering-horizons-du-modern-2-bundle.jpg'),
(227, 48, 'quaerat', 'Vitae eos porro quis accusamus. Ut molestias mollitia officia modi totam. Voluptate eaque autem autem qui. Amet est dolor qui nostrum veritatis dicta. Earum aut repellendus rerum et dolor tempora sed sed. Dolorem aut voluptates rerum pariatur. Aut dicta possimus et fugiat et. Aut voluptatum blanditiis laboriosam fugit voluptate quidem. Ducimus excepturi quas est omnis id eaque reiciendis. Ex quia tempore sed dicta sed numquam. Quasi soluta ratione quasi. Doloribus ducimus sed aut autem. In blanditiis voluptatem iure aspernatur quam architecto soluta. Quia neque iste optio vero cumque.', 'https://cdn2.philibertnet.com/456053-thickbox_default/skyjo.jpg'),
(228, 45, 'et quia', 'Saepe error facere est quo numquam. Eligendi facere asperiores est non voluptatibus et ut. Architecto totam cum sed et odio porro. Velit reprehenderit delectus est doloribus nisi. Atque dolorum atque unde omnis. Molestiae aut in omnis iure. Libero nihil nam sit quia dicta labore. Omnis autem voluptate dolorum et nostrum exercitationem quasi autem. Soluta saepe et cum beatae consequuntur. Blanditiis non vero sint autem tempora qui harum. Expedita exercitationem quaerat nulla repudiandae. Incidunt sed eius quod rerum harum. Velit animi fugiat fugiat et.', 'https://cdn3.philibertnet.com/520955-thickbox_default/unlock-game-adventures.jpg'),
(229, 43, 'sit cupiditate', 'Aut magnam autem et sunt eum. Officia at possimus qui itaque. Laudantium dolores velit quo repudiandae est numquam. Possimus quis nesciunt quod sit saepe nemo repellat culpa. Rerum ad neque quod maiores sed deserunt. Quia repudiandae nulla ut assumenda laudantium. Recusandae reprehenderit nesciunt voluptates quas molestias magnam natus. Rerum similique sit mollitia blanditiis maiores harum harum. Rerum commodi labore in saepe fuga voluptas. Nisi omnis molestiae beatae unde. Ipsum ipsam minus quis odio.', 'https://cdn3.philibertnet.com/515976-thickbox_default/world-of-warcraft-wrath-of-the-lich-king-a-pandemic-system-board-game.jpg'),
(230, 50, 'aliquam eos delectus', 'Nihil quasi itaque iure maiores reprehenderit. Pariatur id magnam assumenda eaque. Officia sunt eum consectetur laborum similique consectetur neque. Nisi consequatur incidunt praesentium est iusto architecto consectetur. Magnam alias laudantium consequuntur tenetur pariatur consequuntur. Iste ut aliquam unde ut veritatis. Voluptates fuga corporis reiciendis. Illo sed illum molestiae. Necessitatibus rerum et laboriosam ratione est. Impedit dolorem laboriosam nobis quis cum ea et culpa.', 'https://cdn1.philibertnet.com/343934-thickbox_default/7-wonders-duel.jpg'),
(231, 41, 'exercitationem et', 'Consequuntur repellat enim quod excepturi accusamus neque. Perferendis nesciunt assumenda ipsa tempora. Quae ut esse accusantium quo voluptatum odit. Sint dolore doloribus eaque. Est molestiae dolor error eveniet distinctio. Qui sed atque ipsam fuga dicta eaque. Repudiandae ducimus aut accusamus dolores quasi mollitia. Id ea corporis in soluta. Cum saepe sit id corporis deserunt enim unde molestiae. Ea necessitatibus architecto autem aut error.', 'https://cdn1.philibertnet.com/375938-thickbox_default/monopoly-classique.jpg'),
(232, 47, 'in perferendis nemo', 'Sequi voluptatem odit qui animi itaque. Deleniti quis aut dolore fugit ipsum. Consequatur quae rerum numquam animi culpa eaque temporibus aut. Nihil dolor similique reprehenderit voluptate voluptas commodi vel. Dolor nulla dignissimos odio nam. Eveniet fugiat et blanditiis dolores sequi molestiae explicabo neque. Est repellendus reprehenderit autem qui. Aspernatur saepe recusandae ut architecto asperiores iste. Nihil dolorem aperiam minus quia velit in. Ut et fugiat culpa ipsa rem nobis. Iusto ab optio reiciendis vel laudantium iure. Illum eligendi inventore neque vel vitae magni.', 'https://cdn3.philibertnet.com/353015-thickbox_default/codenames-vf.jpg'),
(233, 49, 'delectus perferendis', 'Nihil et voluptatibus iste. Occaecati quibusdam eos consequatur ipsam. Eveniet laudantium et cum. Voluptatem officia ad aut nesciunt harum. Deleniti necessitatibus pariatur voluptate quos. Praesentium nobis quia et eaque incidunt. Mollitia dolorem vitae illum dolorem vel. Expedita ipsa aperiam quas tenetur. Aut ut molestiae explicabo sit. Sunt atque ad est non laborum beatae. Aperiam quia similique necessitatibus distinctio consectetur minima atque. Blanditiis voluptatem eligendi amet expedita nisi. Exercitationem corporis necessitatibus eum dicta maiores eaque.', 'https://cdn2.philibertnet.com/516904-thickbox_default/le-seigneur-des-anneaux-voyages-en-terre-du-milieu-guerre-ouverte.jpg'),
(234, 38, 'et hic', 'Sint voluptatem corrupti iusto officiis dolor voluptatem. Ratione rerum distinctio eos quasi. Repudiandae rerum voluptatem veritatis qui nihil laborum alias sint. Ut ut et autem optio fugit. Deserunt aut reiciendis consequuntur fugiat nulla perspiciatis animi quam. Facilis voluptatem reprehenderit est eos repudiandae. Alias tempore maxime illum odio sit ratione. Necessitatibus ea sit quibusdam ut corporis vero. Cupiditate vel voluptatem cum natus distinctio.', 'https://cdn2.philibertnet.com/516904-thickbox_default/le-seigneur-des-anneaux-voyages-en-terre-du-milieu-guerre-ouverte.jpg'),
(235, 49, 'et', 'Aut consequatur est veritatis et ea vero. Accusantium placeat ratione aut. Quia et in ea explicabo alias modi. Cupiditate deserunt explicabo eum quisquam earum perspiciatis veniam corrupti. Libero et reiciendis ad consequatur. Tempore eaque eos nisi quibusdam quam dolorum. Ex maxime libero odit ullam mollitia. Impedit animi vel excepturi debitis. Consequatur accusamus nostrum reprehenderit et odit eos. Quis rem laboriosam adipisci quibusdam quia.', 'https://cdn2.philibertnet.com/524668-thickbox_default/les-aventures-de-robin-des-bois.jpg'),
(236, 47, 'numquam qui', 'Quam dolor corrupti autem deserunt. Fugiat eligendi alias rerum unde neque eligendi in. Quia consequuntur tenetur exercitationem quisquam. Nihil eum temporibus autem quos harum sit veritatis. Blanditiis cumque et voluptatem et et. Voluptatibus aliquam provident fugit excepturi et. Velit laudantium est molestias molestias autem quia. Porro non quisquam voluptatem. Neque est voluptatem in aut voluptatibus. Possimus voluptas et enim. Molestiae qui possimus ducimus occaecati aut.', 'https://cdn2.philibertnet.com/527633-thickbox_default/scrabble-deluxe.jpg'),
(237, 44, 'molestias', 'Ipsum dolor quidem natus consequatur quo magnam architecto. Et itaque officia qui repudiandae. Omnis repellendus omnis ut alias dignissimos laudantium impedit. Possimus animi voluptatum praesentium. Eius sunt ut labore eaque consequatur veritatis odit. Unde velit qui ipsam animi. Beatae dicta nemo mollitia in dolor sunt. Eum dolorem hic quisquam repellendus magnam maiores. A qui qui quis praesentium quia doloribus officiis.', 'https://cdn3.philibertnet.com/472228-thickbox_default/the-crew.jpg'),
(238, 42, 'ut omnis sed reiciendis', 'Nulla vel dolorum dolorum illum rem omnis iusto. Placeat deserunt dolore hic quam. Ea voluptatem est repellat officiis commodi nisi itaque. Sunt vel autem labore provident et facilis ipsum. Facilis quo necessitatibus et. Consequatur quo iusto a error aut. Quaerat qui eos exercitationem sit adipisci. Officiis neque sit culpa odio. Voluptate quasi sint consequatur fuga. Quos incidunt voluptatibus ea possimus aut. Molestiae ea cupiditate in. Rerum perferendis beatae consequuntur quasi atque.', 'https://cdn2.philibertnet.com/516468-thickbox_default/saint-seiya-le-jeu-de-deckbuilding-poseidon.jpg'),
(239, 40, 'voluptatibus officia', 'Adipisci dolore sint aut. Accusamus blanditiis inventore ut iste ducimus doloremque. Quasi ut quae voluptatem labore fugiat maiores culpa. Dolorem autem quis pariatur. Ex aperiam hic pariatur. Nihil et quia velit maxime aut voluptas. Beatae quia eum ratione tempora. Qui velit nihil itaque laudantium consequatur et rerum dicta. Dolor et debitis fuga hic id autem iure eum. Quis dolore deleniti molestiae qui. Rem molestiae eos doloribus cupiditate molestiae saepe. Dolore laboriosam amet accusamus. At qui quisquam quia iste recusandae reiciendis fugiat. Accusamus aliquid eveniet saepe sit rerum.', 'https://cdn2.philibertnet.com/305958-thickbox_default/uno.jpg'),
(240, 39, 'ipsa voluptatem', 'Nostrum nostrum perspiciatis id repudiandae quia sunt quia. Delectus consequuntur ipsam nesciunt sequi. Dolor qui nulla minima explicabo. Sint incidunt non illo perferendis quia est tenetur non. Ea nesciunt ipsum sit ducimus. Cumque deleniti voluptas aut explicabo voluptate vel unde laboriosam. Aut fugit officiis ullam repellat sequi sit odio. Blanditiis vero aut voluptatem voluptatum est ex voluptatem. Omnis neque molestiae delectus laboriosam. Fugiat asperiores maiores at est. Tempore impedit laborum id iusto provident aperiam.', 'https://cdn1.philibertnet.com/494838-thickbox_default/marvel-champions-le-jeu-de-cartes-convoitise-galactique.jpg'),
(241, 40, 'architecto ratione quod', 'Amet labore blanditiis et vel odit officiis. Voluptatibus iusto debitis deleniti voluptas nulla facere praesentium. Nobis sunt illum vel ad eos. Commodi molestiae similique blanditiis. Dolores et corrupti eos qui adipisci. Sit et aut adipisci commodi cupiditate aspernatur. Ea tempora qui nemo sed consequatur laborum. Placeat sint iure consectetur. Sunt vitae laudantium quia eaque et. Ut exercitationem quis molestiae. Ipsa nemo quam in dicta ad necessitatibus. Illo est eligendi minima. Non non voluptas earum rerum est sit iure. Dolor et illum voluptatem consequatur.', 'https://cdn3.philibertnet.com/472228-thickbox_default/the-crew.jpg'),
(242, 45, 'quia', 'Sunt voluptas veritatis esse illum modi fugiat. Maiores aperiam qui tempore ipsam quaerat et laborum. Aut aut similique possimus veritatis. Qui voluptate quis cupiditate natus delectus aut. Vero repellat consequuntur et numquam. Et voluptatem ea architecto odio architecto distinctio ut. Ut molestiae omnis pariatur itaque explicabo corrupti. Et quo nesciunt in et similique rerum est. Corporis eius est maxime corrupti nostrum dolores doloribus. Non quos soluta quis optio ut optio.', 'https://cdn3.philibertnet.com/525941-thickbox_default/harry-potter-bataille-a-poudlard-extension-sortileges-et-potions.jpg'),
(243, 51, 'impedit voluptatibus qui', 'Cumque ut sapiente et debitis sed at. Ipsa et voluptate nihil. Aut aut qui minima explicabo. Sint vero aut totam non. Maxime laudantium quia velit veritatis. Quis deleniti enim iste voluptate sunt quis voluptatem. Consequuntur culpa ut perferendis omnis assumenda cum quae dolor. Non ea aut tempora magnam. Aut praesentium illum officia tempore. Culpa vero qui vero aut et. Ullam praesentium quia beatae et quae labore sed. Et sed minima dolorum nihil labore commodi. Impedit consequuntur maxime nihil unde id. Qui corporis modi error omnis quas in.', 'https://cdn1.philibertnet.com/375938-thickbox_default/monopoly-classique.jpg'),
(244, 43, 'placeat cumque quia sit', 'Voluptate corrupti sed doloremque dignissimos. Quia sapiente ipsum nihil. Est consectetur earum unde minima aut. Totam sit iusto vero veniam magnam eum labore. Velit quae a eum perspiciatis explicabo voluptatem dolores illo. Autem odit fuga fuga aut sunt. Eligendi sunt illum qui assumenda aspernatur porro rerum. Iure saepe et perferendis ipsam. Aut praesentium quia ut culpa quo eaque. Excepturi accusamus incidunt sapiente voluptatum assumenda tenetur architecto.', 'https://cdn2.philibertnet.com/513139-thickbox_default/assassin-s-creed-valhalla-orlog-dice-game.jpg'),
(245, 43, 'libero et fugit', 'Ab dolorum aut magni quia delectus possimus temporibus. Sit sed aut velit consequatur. Aperiam nihil odio voluptas qui quo quis voluptas. Repudiandae velit et ab error recusandae doloribus. Rerum vero natus quia sed ut optio. Exercitationem enim tempore eos beatae. Qui architecto quia ab natus. Saepe sequi sapiente sit explicabo nobis temporibus. Sint ut qui qui molestias inventore. Quas explicabo et sed nihil omnis.', 'https://cdn3.philibertnet.com/472228-thickbox_default/the-crew.jpg'),
(246, 39, 'eos voluptate', 'Quisquam ad minus ut quam vel voluptatem. Vel pariatur quia molestiae sequi fuga cupiditate qui. Cumque amet veritatis accusamus id odio et ut. Ipsa iste dicta alias atque est sed nam. Velit nulla aut temporibus placeat est eveniet laudantium. Dolores nostrum sit rem in eaque. Aut deleniti eos sapiente ut sed repellendus. Aliquid inventore blanditiis praesentium et ducimus totam. Et voluptatem repudiandae rerum. Voluptates velit porro sequi ea et exercitationem fugiat.', 'https://cdn1.philibertnet.com/521033-thickbox_default/kingdomino-origins.jpg'),
(247, 49, 'qui voluptate laborum', 'Ipsum ad consequuntur voluptas qui. Ea sapiente rerum eveniet voluptatem omnis occaecati cumque. Laudantium accusantium sunt repellat quae consequuntur nemo necessitatibus. Quam delectus ex libero dolor aut ducimus est. Velit culpa ipsum quod. Qui aliquid quos at repudiandae ducimus magni rerum. Commodi aut tempora temporibus minus est. Et reiciendis est a quisquam quae placeat. Numquam repudiandae illo cupiditate fugiat. Velit nesciunt laudantium qui ut. Distinctio et inventore dolore laboriosam dolores quaerat. Dolores et sed quisquam esse optio illo. Nulla et eligendi accusamus est nisi.', 'https://cdn3.philibertnet.com/353015-thickbox_default/codenames-vf.jpg'),
(248, 51, 'libero', 'Labore consequatur inventore ratione perferendis et rerum fugit. Placeat ullam distinctio et repudiandae reprehenderit. Quis temporibus earum est praesentium voluptatem dolore. Ut magnam saepe dolor eos ducimus ipsa nobis. Nesciunt aut labore sunt amet. Qui iste facere veniam perferendis debitis. Perferendis eaque nemo omnis labore ut non enim. Ab eum quam et quia qui necessitatibus. Et sint cumque quaerat quae nihil sint ut rerum. Itaque officia dolores sit porro minus. Iste tempore nam ipsum aut. Natus placeat ut laborum deserunt perferendis necessitatibus. Ab rerum earum qui.', 'https://cdn2.philibertnet.com/523790-thickbox_default/micromacro-crime-city.jpg'),
(249, 47, 'cupiditate', 'Dolore aut suscipit laboriosam quis magnam sed et voluptatem. Quia cupiditate fuga veritatis est. Beatae asperiores iusto culpa iusto molestiae rem facilis quidem. Quibusdam aut mollitia sed et provident tempore. Eum quia laborum optio eveniet. Veniam ex aut et ut debitis. Voluptas quisquam adipisci non libero maxime. Excepturi eum enim incidunt praesentium qui rerum recusandae sed. Perferendis earum quia harum dolorum itaque. Occaecati quia tenetur minima exercitationem quia ut sint.', 'https://cdn3.philibertnet.com/503205-thickbox_default/magic-the-gathering-horizons-du-modern-2-bundle.jpg'),
(250, 37, 'ullam quis in', 'At tempore sit repellat aut ab aut nisi ullam. Autem et tenetur non magni. Quam et et quam hic. Ad nulla quidem omnis earum nihil. Quos corporis vero numquam velit corporis error rerum ut. Harum quae voluptatem consequuntur aut ipsa iusto nulla autem. Enim architecto et iusto facilis inventore sit. Sunt qui ipsam repudiandae sint nesciunt debitis. Repellendus tempora non atque aut esse qui quae. Molestias consequatur corrupti ratione voluptatem. Ea nam et ducimus occaecati hic autem.', 'https://cdn2.philibertnet.com/305958-thickbox_default/uno.jpg'),
(251, 39, 'velit ducimus', 'Id quia sit mollitia atque ut repellat earum. Laudantium a non in maxime. Enim et ducimus earum consequatur cupiditate nostrum. Sint maxime totam tempora ut dolores id. Minima accusantium facilis pariatur aut ullam cupiditate. Fuga est et dolorem sint quo molestias magnam. Cupiditate voluptatem architecto et earum. Aut ipsam qui amet quia hic cumque voluptatibus. Consectetur ab occaecati et facere magnam qui modi. Repudiandae accusamus qui magni aut. Atque laudantium qui aut veritatis libero repudiandae.', 'https://cdn1.philibertnet.com/521033-thickbox_default/kingdomino-origins.jpg'),
(252, 37, 'ut nostrum', 'Dolorem vero ea fugit corporis et culpa. Consectetur ex facere commodi et aut et. Quas officiis qui soluta nam voluptatem et. Ut assumenda sunt mollitia quis natus eligendi voluptates quia. Ipsum quasi suscipit esse fugiat aut molestias. Rerum recusandae sunt officia commodi. Corporis et fugiat ut minima soluta neque explicabo. Incidunt similique blanditiis consequuntur. Est placeat quasi itaque recusandae rem. Cum qui quaerat aut alias blanditiis dolores. Qui possimus accusamus culpa nobis aut aut.', 'https://cdn2.philibertnet.com/516904-thickbox_default/le-seigneur-des-anneaux-voyages-en-terre-du-milieu-guerre-ouverte.jpg'),
(253, 42, 'et recusandae ut qui', 'Eius ratione est cumque id ducimus. Aut sit praesentium quae nihil. Explicabo laboriosam voluptate tenetur asperiores. Recusandae odit esse rem quam. Ea dolorem quas qui numquam accusantium excepturi qui. Veritatis exercitationem ex a natus. Aut consequatur omnis eum repudiandae quod non fuga. Nulla et voluptate ducimus. Et ipsa dolor voluptatem ut. Sunt qui omnis dolores tempora. Quo et vel impedit architecto suscipit id hic hic. Officia rerum deserunt voluptate placeat adipisci laborum.', 'https://cdn2.philibertnet.com/516904-thickbox_default/le-seigneur-des-anneaux-voyages-en-terre-du-milieu-guerre-ouverte.jpg'),
(254, 43, 'hic ipsa facere', 'Harum odio assumenda reprehenderit amet. Odit nisi animi aut tempora ea quisquam. Molestiae et mollitia eius eius omnis nobis tempore. Distinctio unde laboriosam qui. Necessitatibus ut labore nobis voluptates suscipit. Aspernatur fuga minus qui rerum voluptatibus. Eaque quidem qui non quidem qui voluptatem inventore. Deserunt possimus distinctio dolore consectetur debitis quo est dicta. Velit nostrum harum ea. Repellendus saepe veritatis omnis. Dolorum dolorem ducimus commodi assumenda nostrum iste quo.', 'https://cdn2.philibertnet.com/456053-thickbox_default/skyjo.jpg'),
(255, 51, 'neque ipsum', 'Ratione sit pariatur distinctio voluptatem vel commodi quo. Nulla laborum soluta ipsum minus quibusdam in non voluptatibus. Quidem dolor consequatur sint qui voluptate. Deleniti voluptas consequatur maxime repellendus. Rem et consequatur quasi et quasi ad qui. Est iste dicta assumenda cumque fugiat veniam. Quia sed et sequi omnis tempore. Id pariatur voluptates ipsa provident quis a. Veritatis in cumque eos molestiae et eveniet ab. Ducimus provident veniam dicta nobis. Quo sed dicta culpa sint illo perferendis aspernatur.', 'https://cdn1.philibertnet.com/521033-thickbox_default/kingdomino-origins.jpg'),
(256, 44, 'tempore labore sed', 'Atque excepturi adipisci dolore saepe similique dolor aut veniam. Quidem modi impedit suscipit deleniti omnis. Consequuntur fugit quia laudantium asperiores cum quam nisi et. Voluptate modi voluptatem quia voluptas placeat ut. Eligendi qui et cupiditate similique consequatur aut sint. Consequuntur nulla omnis provident ullam. Voluptatem perferendis aliquid omnis dolorum assumenda quaerat. Laborum ut atque reprehenderit autem tenetur. Dolor minus eos sint perspiciatis saepe ut rerum. Ipsum deserunt nostrum enim. Corrupti modi architecto omnis.', 'https://cdn3.philibertnet.com/472228-thickbox_default/the-crew.jpg'),
(257, 39, 'fugit sed', 'Hic incidunt quia labore laborum reprehenderit dolorum. Repellat accusantium sed optio quia quo velit. Alias ut blanditiis architecto et non. Non nam doloribus aut occaecati est. Cum sapiente mollitia rerum consequatur harum. Aut tempora illum voluptates adipisci beatae quia. Dolor qui et quia aut atque id. Occaecati architecto fugiat enim vel rerum est autem. Quas veniam magnam exercitationem voluptas. Libero hic aut modi soluta sed qui voluptatem. Voluptatibus expedita iusto illum. Deserunt qui tempora similique sed. Quos cum voluptatem delectus culpa.', 'https://cdn3.philibertnet.com/520955-thickbox_default/unlock-game-adventures.jpg'),
(258, 36, 'et veniam', 'Aperiam totam deleniti ut quaerat illum. Laudantium numquam esse porro ut voluptatem. Cum aperiam ullam facere labore. Facere neque est provident quasi dolor voluptatem. Aliquid impedit consequatur qui iure dolorem. Voluptas magnam autem exercitationem nesciunt tempora. Iure culpa nulla voluptatem impedit non eum qui. Adipisci voluptas suscipit alias qui aut voluptas voluptas. Quis consequatur error voluptas qui non nemo. Officiis et magni eius qui mollitia. Nihil quos nihil tempore doloribus quia quo quisquam. Quidem et sed et aut.', 'https://cdn2.philibertnet.com/527633-thickbox_default/scrabble-deluxe.jpg'),
(259, 50, 'vel', 'Libero aspernatur veritatis porro. Consectetur blanditiis unde numquam tempora. Perspiciatis quia ut vel nemo est. Rerum culpa cumque rem aliquam illo a itaque sit. Asperiores animi ipsum voluptatem voluptas. Tempore doloremque tempore soluta omnis id architecto animi. Aut magnam ipsam harum vero ea quod magni. Iure ut ea suscipit et odio eius inventore. Eum aut labore voluptas ducimus dolorum ex numquam. Consequuntur adipisci quo et rerum eum.', 'https://cdn3.philibertnet.com/516145-thickbox_default/nouvelles-contrees.jpg'),
(260, 45, 'et qui laborum qui', 'Ab velit saepe perferendis dignissimos odit eveniet voluptas. Omnis consequatur soluta optio possimus et aut natus. Rem ipsa error et totam sed. Magni tenetur id placeat suscipit temporibus. Deserunt sed voluptatem fugit eligendi quia consequatur molestiae. Ipsa consequatur fugiat hic sint soluta aut. Accusamus voluptates ratione voluptatem dolores est quia suscipit. Labore eveniet tempora non deleniti totam. Nihil perspiciatis totam assumenda vitae deserunt non recusandae. Quis dolores libero non non. Enim porro corporis distinctio dolore sint.', 'https://cdn1.philibertnet.com/494838-thickbox_default/marvel-champions-le-jeu-de-cartes-convoitise-galactique.jpg'),
(261, 38, 'vel rerum ut', 'Ex architecto assumenda et qui ab omnis. Laboriosam sint omnis perferendis cumque est eius repellendus. Eveniet dolorem dolor nemo quae. Nihil sunt consequatur est dolor. Et asperiores et dolorem maiores porro ut qui. Corporis ipsam quam deserunt exercitationem itaque. Est ab enim facilis dolor numquam ducimus. Ipsum esse esse omnis molestiae. Vel dolorem excepturi nulla. Aut eius rem consequatur aut quasi non. Neque qui neque quam eius sit. Ut alias aspernatur ea. Et voluptatem eaque provident praesentium ex. Qui ut minus ut rerum eum. Nobis nisi iure quis libero veritatis.', 'https://cdn1.philibertnet.com/343934-thickbox_default/7-wonders-duel.jpg'),
(262, 39, 'reprehenderit qui', 'Rerum non enim eligendi accusamus. Delectus fuga sit enim sed. Reiciendis quis voluptates qui officia culpa quasi. At id dolor placeat sapiente ipsum sint ut. Ut non est animi et similique repudiandae excepturi. Tempora aut non pariatur pariatur cumque. Et ipsa eius necessitatibus. Quia alias voluptatem ut molestias quam assumenda. Illum quod quod autem et similique animi. Voluptatem inventore quidem commodi.', 'https://cdn1.philibertnet.com/494838-thickbox_default/marvel-champions-le-jeu-de-cartes-convoitise-galactique.jpg'),
(263, 36, 'pariatur cum totam quaerat', 'Aut quo voluptas nobis eum sit non enim. Earum est ut placeat blanditiis recusandae architecto est. Eos optio pariatur unde vel. Atque molestiae expedita aliquam odio tempora et non. Saepe magni optio ullam numquam et. Quo et fugiat porro quaerat et mollitia. Quia blanditiis natus velit occaecati ipsa facere. Eum voluptates possimus eligendi corporis minus. Sapiente ab cum perferendis velit at vero quia. Omnis quia et voluptas molestiae eum. Ut soluta qui et quis officia tenetur numquam. Quam voluptatem eum est omnis ea impedit alias. Eos atque doloribus quia at veritatis sit.', 'https://cdn3.philibertnet.com/516145-thickbox_default/nouvelles-contrees.jpg'),
(264, 42, 'voluptas corrupti deserunt ab', 'Ea maxime similique nulla et. Velit et est eum quibusdam repellat. Laborum distinctio non officiis ea ut in omnis. Nemo expedita sed provident sunt soluta ab laudantium. Unde quo quod occaecati ipsam illo nulla. Quasi ut quaerat asperiores minima. Saepe consequatur dolor consectetur et in. Unde quis voluptas minus deserunt eos cupiditate omnis. Labore dolor cumque enim. Nam ullam eaque laboriosam distinctio magni dolores. Amet doloribus exercitationem ut.', 'https://cdn2.philibertnet.com/516468-thickbox_default/saint-seiya-le-jeu-de-deckbuilding-poseidon.jpg'),
(265, 38, 'deserunt voluptatum quod', 'Cumque sunt ut quam sint quo fugit laudantium. Doloribus animi facilis molestiae magnam corrupti quo adipisci sint. Molestiae voluptas in tempore ut reprehenderit dolores incidunt laborum. Qui sed adipisci quis exercitationem. Magni molestias odit voluptatem dolore et nihil impedit. Est blanditiis cumque nostrum. Modi deserunt dolor id culpa. Nulla rerum repudiandae nisi earum. Nihil nulla et aut ratione quaerat ut ullam.', 'https://cdn1.philibertnet.com/494838-thickbox_default/marvel-champions-le-jeu-de-cartes-convoitise-galactique.jpg'),
(266, 49, 'ut rerum', 'Voluptate quis iusto dicta et. Omnis saepe omnis laudantium doloremque aut temporibus ut. Omnis nesciunt cumque praesentium totam qui eum. Ipsam aut repellendus rerum eveniet. Qui sint nostrum eum quis officia et architecto. Libero repudiandae aut qui dolorem. Delectus impedit voluptatem tempore repudiandae eos ut quia est. Totam nemo quasi minima at esse. Consequatur alias dolor sit eaque. Est id ipsa architecto qui ea consectetur voluptates. Qui at ut quis nobis. Qui et in quibusdam quis. Neque corrupti veritatis ipsum quae.', 'https://cdn1.philibertnet.com/375938-thickbox_default/monopoly-classique.jpg'),
(267, 51, 'vel voluptatem expedita accusantium', 'Dolor in eaque et quas quod facilis. Libero eligendi temporibus molestiae ut reprehenderit. Labore minus quia repudiandae exercitationem earum neque non. Aut voluptates ipsa iste nihil debitis. Et quas blanditiis fugit sed. Amet laboriosam et nihil fugiat. Quis culpa omnis facere nam fugiat aut cumque. Sit eveniet eius odio voluptatibus nemo qui commodi quia. Hic aperiam omnis consequatur repudiandae. Eligendi assumenda velit expedita magni qui ut enim. Veniam rerum tenetur ut assumenda nostrum nihil quia. Est corrupti ut incidunt omnis. Ea odit iusto necessitatibus aliquam ipsam rerum.', 'https://cdn1.philibertnet.com/521033-thickbox_default/kingdomino-origins.jpg'),
(268, 41, 'est et', 'Consequatur provident aut at deleniti non voluptatem. Qui quae dolorem eius est. Laborum aut ut dolorum provident repudiandae eaque perferendis. Accusantium dicta nihil cupiditate et omnis velit velit. Eveniet autem perspiciatis earum quod dolores rerum odio. Tenetur aut modi ad autem. Eos aut minus consequatur quia. Sint cupiditate corporis occaecati sit autem ea. Quaerat corporis sunt ipsam est id consequatur. In optio nemo quia asperiores delectus culpa.', 'https://cdn3.philibertnet.com/520955-thickbox_default/unlock-game-adventures.jpg'),
(269, 40, 'dolores incidunt', 'Maiores rem dolores commodi saepe. Sed ut doloremque nihil eius earum est dignissimos. Similique voluptatem autem similique dolorum. Consequatur eaque mollitia quod doloremque consequatur commodi sequi. Consequatur eaque ipsa eaque aut nulla. Autem porro sunt voluptate officia reiciendis velit consectetur. Distinctio modi reprehenderit itaque ullam. Sit sunt nihil consequatur. Aut et ut voluptas illo. Culpa sint officiis tempore eos alias voluptatibus quia consequuntur. Repudiandae explicabo culpa dicta ratione neque. Perspiciatis necessitatibus quisquam eius voluptates.', 'https://cdn2.philibertnet.com/305958-thickbox_default/uno.jpg'),
(270, 46, 'explicabo', 'Quia omnis odit nisi provident sed. Consequatur voluptas ipsam non quia eum. Dolor voluptatem reiciendis illo expedita. Est qui eligendi nobis autem non velit. Necessitatibus voluptatem est quod a magnam aut explicabo. Temporibus mollitia id aut qui dolore incidunt. Suscipit soluta quidem impedit est. Exercitationem vel ea quam rerum optio. At nemo voluptatem doloremque nobis expedita. Omnis magni ab eos eos alias assumenda voluptas. Vero repellat fugiat veniam non eaque tempore ex. Fugit sit quia non dolore quo.', 'https://cdn2.philibertnet.com/527633-thickbox_default/scrabble-deluxe.jpg'),
(271, 41, 'voluptates at', 'Enim in ea facilis earum ipsum sunt accusamus. Iste ratione quis impedit ut iure. Dolorem nam eum aut quae tempora qui dolores sit. Consectetur sunt et odit dolores esse aspernatur sapiente. Dignissimos porro sint corporis. Exercitationem voluptatem molestias pariatur beatae. Consequatur eum et ut vel. Quis et quia voluptatem consequatur illo ad occaecati deleniti. Fugit omnis laborum est et ut. Iste fugiat totam ut cumque repudiandae. Reprehenderit tempore voluptatum ducimus aperiam. Voluptatem nobis et aut molestiae natus. Ut consequuntur temporibus dignissimos dignissimos.', 'https://cdn3.philibertnet.com/353015-thickbox_default/codenames-vf.jpg'),
(272, 50, 'voluptas at fuga', 'Ex ut ut occaecati quod. Impedit architecto consequatur voluptas soluta omnis fuga sapiente et. Illum qui quia dolor. At sapiente dolorem sapiente ea. Sit quia nostrum error accusantium. Aut repellat eius rerum aut architecto beatae in. Id facilis voluptatibus fugit recusandae sit. Ea velit omnis amet suscipit aspernatur aspernatur. Quasi perferendis voluptas aliquam libero sint ea sit.', 'https://cdn2.philibertnet.com/524668-thickbox_default/les-aventures-de-robin-des-bois.jpg'),
(273, 50, 'sit', 'Repellendus voluptatum et exercitationem qui fuga eaque aperiam. Sunt facere autem nam eveniet qui est et ab. Architecto et iusto dolores deleniti. Est est molestiae quia nam dolorem atque ut eligendi. Sit aut qui voluptatibus voluptate ipsum sint. Molestiae deleniti beatae eius expedita consequatur. Possimus asperiores non repudiandae aut atque. Qui et unde vel et quisquam aut. Illum quis qui perspiciatis et. Exercitationem natus itaque expedita. Et eligendi beatae eum similique tenetur.', 'https://cdn3.philibertnet.com/525941-thickbox_default/harry-potter-bataille-a-poudlard-extension-sortileges-et-potions.jpg'),
(274, 49, 'laborum accusamus iusto distinctio', 'Vel ducimus distinctio eaque corporis. Quisquam similique maxime nemo consectetur sed. Deleniti fugiat sit reiciendis sed ea expedita error. Dolor porro ullam eum repellendus. Quos autem maiores et debitis quis ullam. Fuga et est eum consequatur accusamus dolorem. Consequatur aperiam esse recusandae nostrum. Quas unde minima quos aspernatur debitis consequatur ut. Vitae qui expedita beatae qui minus quia qui. Sed inventore rerum adipisci molestiae possimus illo repudiandae non.', 'https://cdn3.philibertnet.com/520955-thickbox_default/unlock-game-adventures.jpg'),
(275, 37, 'a vel minima', 'Quia vel facilis veniam voluptas enim. Tempore accusantium laborum amet ullam odit. Sequi rerum voluptatem in harum et. Aut adipisci vitae voluptatem non illum culpa. Perspiciatis est voluptas nesciunt quo temporibus velit. Quia molestias et dolores qui laudantium. Eaque doloremque praesentium animi. Ea qui exercitationem consectetur et quas perspiciatis. Aspernatur similique tempore eum nostrum eligendi sequi. Velit ipsa qui officiis iusto enim. Rerum sequi sit tenetur et aliquam saepe aperiam.', 'https://cdn3.philibertnet.com/503205-thickbox_default/magic-the-gathering-horizons-du-modern-2-bundle.jpg'),
(276, 43, 'quod voluptas molestias', 'Sed cupiditate sapiente non rerum. Provident recusandae sed occaecati reprehenderit sit. Nostrum id autem eum voluptatum eum quam voluptates quo. Dignissimos voluptatum voluptates laudantium quia. Eligendi harum repellendus id perferendis deleniti. Quibusdam ut nihil molestias itaque saepe rerum vitae non. Architecto nihil eveniet pariatur delectus et vitae. Laboriosam vero praesentium velit et. Nemo in deleniti fuga natus in aperiam perspiciatis veniam. Aut cumque ducimus alias id hic quo.', 'https://cdn3.philibertnet.com/515976-thickbox_default/world-of-warcraft-wrath-of-the-lich-king-a-pandemic-system-board-game.jpg'),
(277, 39, 'sint quibusdam eveniet', 'Molestiae saepe saepe dolor occaecati ut provident sint assumenda. Autem repellat maiores mollitia ipsam enim. Consectetur voluptatem corrupti ratione hic. Ut porro molestiae numquam reiciendis inventore. Sint rerum provident dolores soluta recusandae adipisci occaecati id. Hic possimus reprehenderit et et maiores aliquid delectus. Unde illum repellendus omnis quos aspernatur. Ut quam ab quae totam est. Alias neque tempore sit tempore. Ut et officia tempora numquam neque in odio.', 'https://cdn2.philibertnet.com/456053-thickbox_default/skyjo.jpg');
INSERT INTO `board_game` (`id`, `category_id`, `name`, `description`, `picture`) VALUES
(278, 39, 'qui', 'Reprehenderit iste dolor nulla laboriosam aut et dolores. Voluptas suscipit et at consequatur sunt. Alias et rerum ut eos consectetur qui minima. Iste porro omnis officia est eum. Autem voluptatem veritatis sunt voluptas eveniet quam. Eligendi similique amet delectus facere ab vero. Laboriosam est id qui et. Officiis animi ipsum aliquid reiciendis quae enim aut. Ipsa aut corporis quia qui. Molestiae soluta exercitationem similique architecto consequuntur. Laborum repellat expedita consequatur ratione nemo aliquid dolores.', 'https://cdn1.philibertnet.com/494838-thickbox_default/marvel-champions-le-jeu-de-cartes-convoitise-galactique.jpg'),
(279, 45, 'vel', 'Vero voluptatem magnam qui labore velit quia laudantium. Molestias aut libero quaerat. Voluptatem rerum consectetur minus sed aliquam. Molestiae porro sint qui nisi iste aliquam ipsa aut. Ducimus nemo fugiat suscipit quasi similique omnis error. Labore possimus placeat vitae consequatur voluptas quis ipsam. Quasi voluptas ad at consequuntur facere qui magni. Maiores cumque temporibus quia sed eligendi fugiat magnam. Ut tempora est aut architecto dolore doloremque et. Et aliquam adipisci sequi itaque.', 'https://cdn2.philibertnet.com/527633-thickbox_default/scrabble-deluxe.jpg'),
(280, 36, 'sit commodi dolore', 'Porro nostrum voluptas maxime assumenda. Ut non et quia. Nobis nam optio quasi reiciendis. Natus esse harum maiores eius numquam nulla omnis. Blanditiis totam dolores eius rerum in. Maxime magni sit inventore qui fugiat vitae ducimus ex. Repudiandae accusantium alias sunt natus sed facilis. In ea et saepe ea minus sunt explicabo. Harum est numquam iste. Qui natus impedit eaque sed suscipit voluptatem. Vel molestiae illo excepturi repudiandae non eum non enim.', 'https://cdn2.philibertnet.com/516904-thickbox_default/le-seigneur-des-anneaux-voyages-en-terre-du-milieu-guerre-ouverte.jpg'),
(281, 47, 'molestias et doloribus maxime', 'Eos quibusdam dolores quos ducimus fuga. Rerum ex aliquid et aliquid. Et suscipit quo asperiores consequatur quaerat quidem. Iusto ad quia nesciunt sint sed incidunt. Quis aut voluptatem facere et sed. Molestiae eum dolorem vitae dolor ut quam tenetur eum. Dignissimos qui et eos recusandae beatae. Fuga iure alias eaque corporis aut ut. At dolore necessitatibus exercitationem numquam. Aut vel quibusdam alias odio nihil eum harum.', 'https://cdn1.philibertnet.com/494838-thickbox_default/marvel-champions-le-jeu-de-cartes-convoitise-galactique.jpg'),
(282, 48, 'est rerum', 'Harum itaque rerum voluptates officia. Delectus eos doloribus ut quia sed reprehenderit cumque. Quos dicta nisi et qui illum et rerum. Ut vero ullam eveniet pariatur nam quos voluptatem sed. Veritatis perferendis quisquam illum temporibus praesentium rerum nihil magnam. Facere veritatis praesentium enim deleniti pariatur. Nam soluta et expedita dolorem. Provident id fugiat est expedita saepe in voluptatibus. Totam odio asperiores et expedita quia.', 'https://cdn2.philibertnet.com/527633-thickbox_default/scrabble-deluxe.jpg'),
(283, 42, 'sed consequuntur et non', 'Hic quasi dolor reprehenderit ipsam reiciendis non laboriosam maxime. Accusantium et et illum omnis occaecati. Dolores ea numquam architecto delectus consequatur in. Consequatur velit ullam nihil quia consectetur sunt. Nesciunt unde commodi ea voluptas. Recusandae eos sed quod odit quaerat id cupiditate sit. Architecto voluptatibus voluptatem totam et non cupiditate. Non atque quibusdam id explicabo laborum dolor et. Mollitia modi voluptas esse ab.', 'https://cdn3.philibertnet.com/520955-thickbox_default/unlock-game-adventures.jpg'),
(284, 50, 'quo id', 'Dolores temporibus et facere aut non. Unde laudantium corrupti qui placeat nobis. Officiis in esse dolores asperiores necessitatibus odio. Ab et magnam praesentium. Omnis dolorem tenetur quisquam impedit. Ratione neque omnis aperiam odio sit. Sit occaecati omnis corrupti quia. Nesciunt eum aut eaque et aut. Ea neque nisi est iure autem sapiente. Omnis dicta voluptas minus est nihil soluta. Est nam error dolor reprehenderit. Atque aliquam dolores et autem. Eveniet ut nostrum enim possimus temporibus.', 'https://cdn3.philibertnet.com/353015-thickbox_default/codenames-vf.jpg'),
(285, 50, 'corporis id est corrupti', 'Omnis optio accusantium commodi iusto in minima. Et ut asperiores maiores maiores quis minima temporibus. Eos repudiandae culpa atque minus. Vero molestias aliquam aspernatur dolore quis qui. Reprehenderit cumque enim quia dolorum nisi illo. Odit dolorum molestiae pariatur. Repellat sint laudantium aut. Facere sequi reiciendis quod eveniet voluptate non. Ut fugit eligendi veniam omnis sint sed. Impedit mollitia commodi maiores dolore dolores. Exercitationem veniam repellat quia adipisci fuga error.', 'https://cdn2.philibertnet.com/456053-thickbox_default/skyjo.jpg'),
(286, 44, 'est', 'Nobis ad quis iure doloribus ea impedit eveniet. Qui ipsa quam qui architecto sapiente. Placeat dolore voluptatem id quo corrupti nemo. Sit non consectetur reprehenderit id beatae. Ut sit vero necessitatibus doloribus neque ullam amet. Dicta aut delectus ducimus fuga dicta ut. Nulla praesentium ipsam nihil repellat et. Iusto itaque et veniam in dolorem. Blanditiis quae itaque rerum. Perspiciatis fugiat iusto quos distinctio quo ut. Excepturi quasi fugiat expedita ad eligendi ipsa. Eos inventore est voluptatum sint.', 'https://cdn3.philibertnet.com/515898-thickbox_default/7-wonders-architects.jpg'),
(287, 49, 'fugit', 'Laboriosam voluptatibus similique nam provident illo consequuntur. Aliquid ut sed tenetur vel ea. Rerum quisquam soluta esse non qui est. Harum dolore dicta quia. Dolorem nulla et atque voluptates saepe est. Sed ut iste et sed nostrum. Animi dolor nulla maiores necessitatibus velit. Quidem iusto labore voluptatem expedita laboriosam quo sit labore. Molestias et autem quaerat architecto sed et. Reprehenderit quia praesentium qui sit sapiente voluptatem omnis. Omnis magni eaque qui autem quibusdam. Consequatur dolores et a consectetur quia ad.', 'https://cdn1.philibertnet.com/375938-thickbox_default/monopoly-classique.jpg'),
(288, 38, 'dolores qui ex', 'Ut rerum dolores corporis sapiente et ea. Modi explicabo velit debitis. Aut quis totam est voluptatibus qui perferendis asperiores at. Aut et aut animi. Ducimus similique ullam perferendis. Qui praesentium itaque rerum aut. Velit officia voluptate eum sint tenetur ex. Deleniti at eius consequuntur rerum nemo mollitia ipsum. Inventore officiis in adipisci. Ut vero error incidunt expedita. Tempore aliquid ut ipsa nisi numquam. Accusamus est quidem molestiae qui dicta non necessitatibus earum. Molestias molestiae in odio velit. Recusandae dolor dolorem quo delectus.', 'https://cdn3.philibertnet.com/503205-thickbox_default/magic-the-gathering-horizons-du-modern-2-bundle.jpg'),
(289, 36, 'aut repellat in', 'Possimus eum ex ullam nostrum voluptatibus. Consequuntur consequatur placeat tenetur qui est. Corrupti esse aut vel maxime. Deleniti dolores laboriosam id ullam aut. Sed vero a tempora iure voluptatem illo. Accusamus aliquam rerum nemo voluptatem necessitatibus quas. Eaque occaecati fugiat temporibus ut dolore aut. Eligendi at sit quos pariatur autem ut. Ratione consequatur voluptatibus voluptatem omnis enim totam illum. Qui quia adipisci soluta ut et enim fugit. Voluptate aut quia ipsa consequuntur dolore est.', 'https://cdn2.philibertnet.com/527633-thickbox_default/scrabble-deluxe.jpg'),
(290, 39, 'at vitae id', 'Quibusdam harum nostrum ut est reiciendis dolor omnis sed. Itaque consequatur quae necessitatibus exercitationem ut vel. Commodi et est quisquam nesciunt. Omnis et accusantium et veritatis omnis. Harum aut molestiae laudantium laborum. Magni corrupti consectetur officiis tempora aut debitis et. Minus neque molestiae unde nihil hic. Qui harum ea tempore et similique et. Dolorem dolor natus saepe. Eum qui necessitatibus repudiandae eveniet suscipit ratione. Minus consequuntur necessitatibus eius eum.', 'https://cdn1.philibertnet.com/521033-thickbox_default/kingdomino-origins.jpg'),
(291, 47, 'ipsum', 'Optio voluptatum ut dolor autem. Porro sed praesentium et ex quia. Fugiat necessitatibus accusantium adipisci incidunt enim incidunt. Exercitationem numquam sequi suscipit iure dicta voluptate. Qui iure quis sit. Est animi maiores vel repellendus doloremque ipsum voluptatem ut. Distinctio blanditiis deserunt sint cumque voluptates. Quasi consectetur hic totam asperiores assumenda labore. Dignissimos quaerat at placeat possimus. Ratione fuga ea nemo itaque tempora. Omnis officiis recusandae ea aliquam velit. Maxime qui qui eos voluptas eius consequatur et.', 'https://cdn3.philibertnet.com/503205-thickbox_default/magic-the-gathering-horizons-du-modern-2-bundle.jpg'),
(292, 46, 'ipsum sequi', 'Minima magni et sed repellendus quam iure voluptatem dolorum. Animi dolore esse consequatur fuga. Veniam explicabo in et enim modi. Nemo est perspiciatis reiciendis est at eveniet. Labore eveniet optio quidem temporibus vel fugiat unde. Delectus qui error dicta ab deleniti excepturi iusto. Sapiente hic ipsam sint est tempore. Ut quia qui aut impedit. Sit in hic veritatis tempore itaque ipsam voluptas. Ut assumenda et et autem odit nulla.', 'https://cdn3.philibertnet.com/525941-thickbox_default/harry-potter-bataille-a-poudlard-extension-sortileges-et-potions.jpg'),
(293, 46, 'animi id', 'Qui dolores ut sint quam eius voluptatibus. Est et maiores facere in. Libero impedit eum quia quidem quaerat nemo accusamus. Aut et quia aut debitis assumenda. Magnam est iusto culpa quisquam. Sapiente est qui cum illum. Ut omnis quo in laborum sit nihil fuga. A quibusdam aut delectus ratione. Commodi optio rem id nihil voluptatem ut. Atque officia inventore adipisci quas aliquid velit. Modi quam rerum est minus aliquid molestiae. Aut eos eum perspiciatis qui architecto. Reiciendis deleniti quod error sequi. Sapiente voluptatibus voluptate eum est enim.', 'https://cdn2.philibertnet.com/527633-thickbox_default/scrabble-deluxe.jpg'),
(294, 43, 'quas', 'Suscipit reprehenderit corporis voluptatem consequatur exercitationem odit aut. Itaque soluta eius voluptas dolores mollitia quia. Similique quia cumque est quibusdam delectus est totam. Laborum provident facilis sunt velit alias velit. In qui quo autem enim sunt rem recusandae. Consequatur molestiae earum sunt adipisci delectus dolor. Autem delectus nostrum exercitationem at expedita blanditiis recusandae. Molestiae quidem sed voluptatibus earum molestiae. Quibusdam voluptas nihil vero optio. Maiores in deserunt dicta incidunt eos nihil.', 'https://cdn2.philibertnet.com/513139-thickbox_default/assassin-s-creed-valhalla-orlog-dice-game.jpg'),
(295, 45, 'velit neque ipsam omnis', 'Optio excepturi culpa aliquid a ab et deserunt. Fuga laboriosam autem omnis tempore. Qui dolorem commodi consequatur mollitia debitis voluptas nisi eligendi. Molestias et iusto dicta alias blanditiis. Tempora qui perferendis est libero voluptatum. Saepe voluptatem corporis ut temporibus neque. Aperiam in praesentium voluptatibus ut optio vitae nisi. Aut beatae sit temporibus alias. Saepe nam rerum quos ea debitis exercitationem ut. Nam velit at molestias autem omnis a tenetur tempore. Assumenda est quia ut aperiam. Explicabo consequatur accusamus non ut.', 'https://cdn3.philibertnet.com/472228-thickbox_default/the-crew.jpg'),
(296, 47, 'incidunt eveniet', 'Facere ex qui minima ipsum consequatur et excepturi. Et commodi beatae corporis cumque et sint. Voluptatum quod suscipit quod aperiam est qui autem laudantium. Aperiam est recusandae voluptatem illo. Tempore nisi consequuntur in eos. Modi eum iste debitis sunt inventore aliquid. Omnis et eligendi illo voluptas. Voluptatem quos quo doloribus aut perferendis rem aut. Cupiditate repellat fugit et. Eum autem saepe repellendus rem et. Laudantium adipisci veritatis ut quo incidunt.', 'https://cdn2.philibertnet.com/523790-thickbox_default/micromacro-crime-city.jpg'),
(297, 44, 'eius', 'Fugiat iure ex et incidunt nulla reprehenderit. Aspernatur qui omnis accusamus dolore. Impedit consequatur unde veniam nemo nobis. Iusto unde et corporis voluptates recusandae eos. Aut non quis nihil quos eos. Expedita sapiente debitis aut illo nihil ipsum porro. Optio deserunt earum et molestiae. Hic dolores veritatis in rerum deserunt. Velit nobis et et aut fugit aspernatur ut. Necessitatibus quis est voluptate dolorum animi. Et voluptates et aliquid aspernatur nesciunt. Autem et adipisci est dicta rerum perspiciatis. Autem nihil nulla sequi.', 'https://cdn3.philibertnet.com/516145-thickbox_default/nouvelles-contrees.jpg'),
(298, 46, 'in debitis', 'Iste consequuntur nihil suscipit vel eos voluptatibus aut sit. Sit nostrum nisi accusantium saepe quas asperiores dolores. Laborum praesentium ipsam repudiandae eligendi ab nulla nemo. Occaecati voluptatibus non commodi qui. Saepe alias dignissimos quod quia. Facere quia et aut dolores aspernatur. Cumque fugit qui quas porro rerum ut deleniti. Qui et vitae quia laborum. Quia commodi perspiciatis occaecati ea odit in quos. Fugit a totam pariatur hic corporis atque odio. Dignissimos sunt laudantium sint odio et debitis. Quae voluptatem sint consequatur omnis hic consequatur.', 'https://cdn3.philibertnet.com/516145-thickbox_default/nouvelles-contrees.jpg'),
(299, 47, 'magni ut non', 'Ea quaerat excepturi recusandae fuga harum. Dolor omnis labore repudiandae itaque qui alias voluptas. Qui aut dolores itaque et tempora odit. Modi illum consequatur iusto rerum. Rerum tempora aut non corporis rerum consequuntur. Tempore amet nihil dignissimos tempora sit debitis distinctio. Voluptatem molestiae sit non id atque nulla aspernatur. Et repellat ipsum sed. Pariatur quam debitis velit. Officia enim veritatis omnis commodi voluptatum incidunt non. Velit aut quidem eos mollitia perferendis. Odit non aut architecto qui.', 'https://cdn1.philibertnet.com/494838-thickbox_default/marvel-champions-le-jeu-de-cartes-convoitise-galactique.jpg'),
(300, 42, 'ea odio eum eveniet', 'Non nesciunt facilis asperiores sint et. Odio ratione consequatur odio ut. Quia id eveniet eos a. Officiis ipsa consequatur exercitationem aliquid enim debitis sit magnam. Commodi molestias sed occaecati vel occaecati in expedita. Sed magni tempora quis. Eos est dolor assumenda eligendi aliquam dolores sit numquam. Inventore dolor quia sed eaque. Perferendis debitis facilis est illo nam. Commodi ut perspiciatis sit reprehenderit culpa. Dolores iste nihil itaque eos. Sed facilis commodi ducimus minima eum voluptas vel. Delectus consequatur ut et qui sunt.', 'https://cdn3.philibertnet.com/525941-thickbox_default/harry-potter-bataille-a-poudlard-extension-sortileges-et-potions.jpg');

-- --------------------------------------------------------

--
-- Structure de la table `board_game_category`
--

CREATE TABLE `board_game_category` (
  `id` int(11) NOT NULL,
  `name` varchar(50) COLLATE utf8mb4_unicode_ci NOT NULL
) ENGINE=InnoDB DEFAULT CHARSET=utf8mb4 COLLATE=utf8mb4_unicode_ci;

--
-- Déchargement des données de la table `board_game_category`
--

INSERT INTO `board_game_category` (`id`, `name`) VALUES
(35, 'Jeu de dés'),
(36, 'Jeu d\'adresse'),
(37, 'Jeu d\'ambiance'),
(38, 'Jeu de cartes'),
(39, 'Jeu de plateau'),
(40, 'Jeu de mémoire'),
(41, 'Jeu de connaissance'),
(42, 'Jeu de lettres'),
(43, 'Jeu de logique'),
(44, 'Jeu de pions'),
(45, 'Jeu d\'enquête'),
(46, 'Jeu de coopération'),
(47, 'Jeu de bluff'),
(48, 'Jeu de stratégie'),
(49, 'Jeu de gestion'),
(50, 'Jeu de hasard'),
(51, 'Jeu de rôle');

-- --------------------------------------------------------

--
-- Structure de la table `booking`
--

CREATE TABLE `booking` (
  `id` int(11) NOT NULL,
  `event_id` int(11) NOT NULL,
  `user_id` int(11) NOT NULL,
  `reference` binary(16) NOT NULL COMMENT '(DC2Type:uuid)'
) ENGINE=InnoDB DEFAULT CHARSET=utf8mb4 COLLATE=utf8mb4_unicode_ci;

--
-- Déchargement des données de la table `booking`
--

INSERT INTO `booking` (`id`, `event_id`, `user_id`, `reference`) VALUES
(101, 236, 1486, 0x397dc83289d534ddb3e468911d8fc4a0),
(102, 277, 1499, 0xe5ca60aadbb43054ad04110fe856d10b),
(103, 243, 1050, 0xd09b03668efa3705a6902bb51382348c),
(104, 235, 1106, 0x0e9f57c61b7b3c168e71a1e8e094a3ad),
(105, 283, 1143, 0x87b51c6868083bfcb71d0241f5595baf),
(106, 269, 1171, 0xba46a6d951063ce09ee8ff2b4ec32e15),
(107, 294, 1217, 0xdc40767aea0337d4b69805f9c65ecee0),
(108, 223, 1248, 0xa2d8780bf91d3759ab5fcfd526626137),
(109, 280, 1109, 0x2baf09ded3643407bfec606df7b44fcb),
(110, 239, 1450, 0xc4fe6f16ff973ad68d0113580f1d2914),
(111, 212, 1479, 0xbac25a6e79f539f6bc275284f703861b),
(112, 253, 1166, 0x24a75f08d90337e68eb1887b121a5cdb),
(113, 290, 1204, 0x2a9051620c563d3e9ebef3422b2925bc),
(114, 293, 1387, 0x094de73651bc38f49ec17a42a5852367),
(115, 238, 1115, 0xece4811a084533c5943466b450bba54d),
(116, 246, 1270, 0x678e4c16f68a363ca806a24f7571ec90),
(117, 262, 1290, 0x2a66e3d92cb3315abd4bc6c357ed7190),
(118, 256, 1404, 0x8dd3988cbf5c391992373df2be3716ab),
(119, 216, 1298, 0x58c01c77104f31e78eb1e70e16356fe4),
(120, 263, 1275, 0xbc9b2295fe2e3056a3d43707dcc2450d),
(121, 280, 1267, 0x4bb65ff774133d96bb060750e62ca58e),
(122, 304, 1223, 0xaad94d09ebd930e58a3d4db7238c0f53),
(123, 216, 1433, 0x3759338ef47c31a7a50a22825c6982f6),
(124, 248, 1151, 0x3bf8a9ace31f3a81a2362feb23179aa1),
(125, 239, 1376, 0x89c21af61a2538aca7217458818c73ae),
(126, 272, 1415, 0x44e0c4167575386aa61d2f67456c7d23),
(127, 246, 1357, 0x84e8b666a76237f894b6776eb51bb5a9),
(128, 280, 1389, 0xa87c50e16af737bfa8a443900da9d235),
(129, 286, 1097, 0xa6df37c84de932bca30992e62f88ea5e),
(130, 279, 1139, 0xb9f1ec6acf113187856b85164573ed26),
(131, 283, 1406, 0xe3e9b71ad6243a3d8bee1b3d7ae9eee9),
(132, 217, 1173, 0xc0107f4278d63dcd9afb8d5b8e599b4f),
(133, 255, 1436, 0x6cf34c6fd359318fb2f0590a57d2c1ca),
(134, 228, 1442, 0xf06727dcd7ac3e7483029fbeb0705920),
(135, 248, 1360, 0x16adc28bf94d3709a99055e30ef49f4c),
(136, 265, 1423, 0xa892755f707130bd8a1405da7e5dd5f1),
(137, 271, 1221, 0x5bf700c2b51531ec8aa42002b36e5c94),
(138, 268, 1055, 0xad8f601adecb3837b1a3aeacd61ae92b),
(139, 231, 1048, 0xd8728722c981306aa67f0b75e9b25ca2),
(140, 213, 1196, 0x2ef728c4ed34341683d02da69b3bcc49),
(141, 214, 1026, 0xad0761f46c0932eca830e84bdffd0693),
(142, 211, 1344, 0xaa13a99b1cb038a68b53956d7995ef1c),
(143, 247, 1114, 0x7a2e34cf11703a43b78fc55cabaef90b),
(144, 251, 1423, 0x1676e698ccda3baabd32a5898765d52f),
(145, 300, 1010, 0x36c85ea0d0f7314989600d69e913fc35),
(146, 278, 1262, 0xba048670dab537209e7e093617de2d32),
(147, 258, 1005, 0xc8d7fa0f079b357a9524258b910c0659),
(148, 298, 1296, 0x26daa984f55c3bb4b2dc3e1738b6beb2),
(149, 254, 1480, 0xda8eb03ef1a33ff781facb2401e406c1),
(150, 264, 1136, 0x03383bf96a5d3be3b17fb8abe6d89ac0);

-- --------------------------------------------------------

--
-- Structure de la table `comic`
--

CREATE TABLE `comic` (
  `id` int(11) NOT NULL,
  `category_id` int(11) NOT NULL,
  `name` varchar(50) COLLATE utf8mb4_unicode_ci NOT NULL,
  `description` longtext COLLATE utf8mb4_unicode_ci NOT NULL,
  `picture` varchar(255) COLLATE utf8mb4_unicode_ci NOT NULL,
  `author` varchar(50) COLLATE utf8mb4_unicode_ci NOT NULL
) ENGINE=InnoDB DEFAULT CHARSET=utf8mb4 COLLATE=utf8mb4_unicode_ci;

--
-- Déchargement des données de la table `comic`
--

INSERT INTO `comic` (`id`, `category_id`, `name`, `description`, `picture`, `author`) VALUES
(201, 48, 'est eveniet', 'Laudantium incidunt rerum harum quidem expedita reiciendis accusamus quia. Itaque facere nihil voluptate recusandae aliquam iusto doloremque. Et in magni deserunt quisquam. Sint similique illo soluta nam qui libero asperiores. Occaecati illo eligendi occaecati vitae dignissimos pariatur. Aut quo corrupti cumque qui. Eveniet ut qui perferendis et maxime. Tempore omnis et distinctio dolorum sed autem id. Ut nostrum ex sunt odit animi ab. Voluptatem et rerum rerum voluptates tempore officiis. Enim deleniti esse quaerat at et.', 'https://bddi.2dcom.fr/LocalImageExists.php?ean=9782811215620&isize=full&gencod=3027166420000&key=DimetGmAYGQEsjiN', 'Briana Daugherty'),
(202, 44, 'architecto rerum', 'Rerum veniam facere aut veniam aut tenetur sapiente. Officiis occaecati voluptatem sit pariatur. Nisi sequi nihil officiis quia perferendis ut consequatur. Voluptas omnis unde minima eos sed laborum corporis. Assumenda ut distinctio occaecati facere assumenda animi reiciendis. Molestiae velit eaque quis ut saepe nisi voluptas. Voluptatem eaque ducimus alias ea eveniet. Ducimus et dolor et eum vel aut. Blanditiis aut explicabo vel id eum quia fugiat. Eos reprehenderit magnam sed expedita dolorem. Reiciendis temporibus animi facere eaque mollitia ratione facilis.', 'https://terrigen-cdn-dev.marvel.com/content/prod/1x/avengers50_infinitysaga_variant.jpg', 'Cierra Jerde'),
(203, 46, 'delectus deserunt sunt', 'Enim atque laboriosam odio dolorem et qui fugiat incidunt. Numquam accusantium a aut velit voluptatem placeat et. Non deserunt natus veniam qui laborum. Asperiores doloribus repudiandae assumenda eum. Dolorem voluptatem nam labore impedit voluptatem soluta. Molestiae magni commodi sint placeat quaerat sint nobis. Iste non aut velit dolorum delectus quod ipsam aperiam. Ipsum occaecati iure asperiores voluptatem id. Et facere autem dolorum eos earum. Tempore sed numquam a dolore saepe vel. Corrupti saepe quisquam qui repellendus.', 'https://bddi.2dcom.fr/LocalImageExists.php?ean=9782811215620&isize=full&gencod=3027166420000&key=DimetGmAYGQEsjiN', 'Gustave Russel'),
(204, 45, 'eos sequi sed aut', 'Ullam ut similique eligendi voluptatem ipsa tenetur. Et quos repudiandae nisi quas sed. Incidunt eligendi et aperiam et ratione. Earum in ipsum quia blanditiis quia ex dicta quis. Vel vel ut veniam aliquam non qui. Ducimus quas eum aperiam minima omnis dolor qui doloremque. Et voluptatum ex neque praesentium beatae cum. Est error qui accusantium fugit consequatur. Error iste officia aperiam ut incidunt. Dignissimos magni ratione nemo et omnis doloribus ratione. Corporis quo voluptates sunt qui blanditiis officia. Reiciendis placeat officia consectetur aspernatur molestiae sint.', 'https://cdn2.originalcomics.fr/26776/buffy-contre-les-vampires-saison-8-tome-1-vf.jpg', 'Emmanuel Raynor'),
(205, 52, 'iste quaerat ipsam vel', 'Nam quia est illum. Quos omnis non ut omnis aut facere culpa. Deleniti ut harum deserunt voluptas. Ut temporibus ratione reprehenderit facere debitis. Fugit eum autem corrupti consectetur sequi eaque quia. Ut porro ratione exercitationem quod est corrupti. Dignissimos nostrum deleniti cum enim. Ut doloremque nostrum veritatis. Non ab est modi. Qui sequi est veritatis enim laborum. Aut cum eos nihil possimus blanditiis. Praesentium ut necessitatibus aperiam.', 'https://images-na.ssl-images-amazon.com/images/S/cmx-images-prod/Item/279507/279507._SX1280_QL80_TTD_.jpg', 'Jacky Heaney'),
(206, 40, 'quaerat', 'Perspiciatis aliquam voluptatem aut doloribus modi dolores est eos. Dolor aut soluta saepe architecto nam. Laboriosam et aut facilis qui sint. Dolorem suscipit voluptas necessitatibus sed unde tempora quia. Modi eius sint nihil est adipisci. Sunt explicabo iure autem quam animi quia sed. Sunt ut veritatis unde vero excepturi aut inventore voluptatibus. Voluptatem omnis nulla officiis laudantium quia. Sit minima consectetur eum quisquam ea. Rerum velit voluptatem beatae quia sapiente deleniti impedit. Fugiat maxime molestiae qui quis quia est.', 'https://terrigen-cdn-dev.marvel.com/content/prod/1x/avengers50_infinitysaga_variant.jpg', 'Tomas Leffler'),
(207, 44, 'corporis dolores', 'Rerum dolor consequuntur est atque velit dolorum et cumque. Et sit voluptas occaecati vero sed distinctio cupiditate. Ab quam et ut eligendi. Alias explicabo quam vitae sit totam repudiandae. Est explicabo ut sint atque error rem voluptatum deleniti. Nisi voluptates excepturi quos laboriosam ut reiciendis eligendi. Mollitia in cupiditate provident aut temporibus est. At dolorum fugiat delectus architecto nihil. Magnam qui dolorem enim accusantium ea earum. Dicta nihil ratione nihil et. Sint possimus eum voluptatum facilis voluptates occaecati quidem.', 'https://c8.alamy.com/compfr/t27dd2/italie-1973-premiere-edition-de-marvel-comic-books-couvrir-de-captain-america-t27dd2.jpg', 'Chet Larson'),
(208, 41, 'dolorem nisi', 'Debitis voluptatem molestias ab pariatur. Quia quisquam iste nostrum necessitatibus assumenda odit neque odit. Consequuntur ea qui repellat provident distinctio. Ut autem quod expedita quam corporis. Ad ut illo incidunt odit porro vel hic qui. Suscipit ab vero eos autem iure. Corporis temporibus ut culpa. Architecto itaque voluptas optio officiis mollitia nihil consequatur. Atque similique quia veniam sunt saepe id. Aut ut voluptatum amet iusto.', 'https://www.dccomics.com/sites/default/files/imce/2021/11-NOV/BM_Cv118_1in25_var_618447d1a5e754.72998228.jpg', 'Camren Eichmann'),
(209, 54, 'dolor unde', 'In et modi dolorem voluptate doloribus perferendis. Dolores ab ex assumenda non aspernatur quaerat. Dolores dolorum vero corporis est hic doloremque. Et commodi laboriosam rerum et id. Perferendis rerum nam nobis molestiae incidunt rerum doloribus. Quam tenetur officiis aut non. Accusantium molestias voluptatem accusantium vero doloremque. Saepe ea fugit in velit. Aspernatur explicabo et quis perspiciatis et. Aut praesentium laudantium eos id.', 'https://mlpnk72yciwc.i.optimole.com/cqhiHLc.WqA8~2eefa/w:auto/h:auto/q:75/https://bleedingcool.com/wp-content/uploads/2020/09/TWDDLX01_Adams-Cover.jpg', 'Odie Huel'),
(210, 50, 'enim magnam', 'Quo iste velit eum in veritatis sit. Quidem quos et debitis cum ratione sunt. Consequuntur non ad reprehenderit voluptates recusandae et et. Enim exercitationem officia qui sed est recusandae maxime. Error nemo quaerat molestiae. Deleniti pariatur exercitationem nostrum non sapiente. Consequuntur laboriosam non sunt voluptatem. Expedita fugit autem ea distinctio. Molestias non dolorem fugiat esse tempora soluta sit. Sit eaque est autem aliquid natus. Eaque sed eius iusto nisi occaecati aperiam. Necessitatibus earum blanditiis voluptas placeat. Id nihil et maxime qui minima.', 'https://images-na.ssl-images-amazon.com/images/S/cmx-images-prod/Item/279507/279507._SX1280_QL80_TTD_.jpg', 'Margarette Macejkovic'),
(211, 41, 'quasi beatae sint', 'Tempora dolores reiciendis officiis perspiciatis. Similique nihil ut quo omnis deserunt ex. Dolorem possimus odio optio doloremque cumque. Magni distinctio porro aliquid illum ex sunt sapiente delectus. Omnis eos omnis molestiae sint explicabo ipsam. Quia rerum autem enim consequuntur reiciendis. Dolorem et quaerat expedita doloremque numquam suscipit sit. Quas nobis nemo non pariatur. Exercitationem illum in in veritatis. Nobis consequatur accusantium quaerat enim.', 'https://images-na.ssl-images-amazon.com/images/I/71aGRDbG9WL.jpg', 'Maximilian Cummerata'),
(212, 46, 'laudantium voluptate repellat id', 'Est et voluptas aut dicta qui. Omnis commodi ut nihil quae molestiae ea aut velit. Iure eum impedit perspiciatis est nemo esse quia et. Eos nam et deleniti facilis. Error voluptas aliquid neque consectetur molestiae temporibus. Dolorum iusto illo asperiores omnis sapiente ab. Modi eum consequatur laborum. Qui tenetur dolores omnis possimus deserunt perspiciatis omnis. Voluptate ipsam architecto veritatis sed officiis provident. Ea earum laboriosam assumenda minus. Accusantium dolore asperiores illo. Asperiores nemo porro eaque occaecati corporis.', 'https://i0.wp.com/www.superpouvoir.com/wp-content/uploads/2021/04/Action-Comics-1033-cov-Sampere.jpg?resize=970%2C1491&ssl=1', 'Joy Abbott'),
(213, 38, 'et eaque enim', 'Sint magni ea occaecati maxime repellat repudiandae vitae. Ducimus repudiandae dolore unde et occaecati molestiae nobis. Ea iusto voluptatem nostrum delectus dolorem deserunt voluptas. Rem autem et et magnam necessitatibus et. Et a temporibus rem. Aut soluta est praesentium quia aliquam. Mollitia in omnis quisquam est ullam possimus. Enim est in repudiandae eum consequatur atque quibusdam. Vero qui doloribus expedita sint consequatur beatae aliquid et.', 'https://bddi.2dcom.fr/LocalImageExists.php?ean=9782811215620&isize=full&gencod=3027166420000&key=DimetGmAYGQEsjiN', 'Estelle Cummings'),
(214, 40, 'ut', 'Molestiae quidem officiis reiciendis nesciunt ullam aut. Qui nulla modi necessitatibus quia temporibus nam. Rerum nulla eos eum velit nihil. Culpa eius magnam ducimus atque possimus est. Officia tempora sit temporibus. Dolore qui recusandae occaecati est. Velit autem impedit harum numquam. Ea expedita nisi officiis similique in alias. Eius cumque et deleniti. Pariatur velit iusto aperiam temporibus unde. Tenetur enim esse nihil sit.', 'https://bddi.2dcom.fr/LocalImageExists.php?ean=9782811215620&isize=full&gencod=3027166420000&key=DimetGmAYGQEsjiN', 'Ibrahim Rath'),
(215, 45, 'harum nemo', 'Quia cum enim impedit non aliquam porro quia est. Iste necessitatibus molestiae recusandae autem. Assumenda consequatur ipsum deleniti quibusdam voluptates. Nemo sed quidem aspernatur est earum et molestiae. Nobis perferendis expedita at nesciunt maxime officia. Facilis nisi commodi debitis odio quis suscipit quidem. Facere laborum pariatur saepe vel tempora facere mollitia. Tenetur dolor cupiditate consequuntur et sed tenetur qui eveniet.', 'https://images-na.ssl-images-amazon.com/images/I/71aGRDbG9WL.jpg', 'Electa Barrows'),
(216, 46, 'recusandae quos ab quas', 'Omnis quo laudantium sed neque eaque eveniet. Ullam incidunt et placeat odio eaque aut. Consectetur incidunt aut quas quis dignissimos possimus. Quia ut hic non rerum. Ipsa ullam velit porro aut. Totam autem ea quaerat ad eos occaecati incidunt. Ullam sunt voluptatum ipsa pariatur. Deleniti aut et ducimus praesentium autem. Aspernatur libero autem nobis doloremque sed. Quis eius magnam et. Aliquam quia quia nihil. Et quis aut omnis cumque est in. Tenetur molestiae commodi voluptate et occaecati sed vitae.', 'https://www.hallmark.com/dw/image/v2/AALB_PRD/on/demandware.static/-/Sites-hallmark-master/default/dw8ba9f1e5/images/finished-goods/Marvel-The-Amazing-SpiderMan-Comic-Book-Cover-Fathers-Day-Card-root-599FHE8966_PV.1.FHE8966.jpg_Source_Image.jpg?sw=1920', 'Elton Barrows'),
(217, 53, 'eveniet vero', 'Nisi laudantium est rerum enim rem aliquam. Ut voluptatem itaque modi voluptatum perspiciatis porro. Consectetur et sed qui dolores. Fuga iusto praesentium repellendus ex velit rem. Culpa id molestiae eaque alias. Delectus qui amet autem est perspiciatis qui. Atque quas quis qui quis at eveniet. Ut ut a quasi quidem ipsam. Accusamus et in maxime ipsam ut maxime. Facere rerum deserunt officia et error. Aperiam nam atque nihil et explicabo magni eligendi perspiciatis. Et beatae soluta eveniet soluta aut eveniet soluta optio.', 'https://images-na.ssl-images-amazon.com/images/I/81KsPBgzmtL.jpg', 'Martina Hilpert'),
(218, 51, 'fugiat', 'Tenetur et unde dolor itaque eum enim. A porro non et reiciendis. Rem occaecati alias numquam recusandae et. At vel dolor officia voluptates magni doloribus aspernatur. Ex molestiae minima voluptatem natus aut illum omnis. Et eveniet molestiae sapiente et. Aspernatur tempore aut quam est in delectus. Nihil fuga voluptas quia fugiat consectetur cum beatae. Laboriosam impedit qui porro exercitationem. Tenetur voluptatem non fugiat perferendis voluptate. Eos animi labore corrupti magni. Et aut ea illo est assumenda eveniet.', 'https://bddi.2dcom.fr/LocalImageExists.php?ean=9782811215620&isize=full&gencod=3027166420000&key=DimetGmAYGQEsjiN', 'Marguerite Bogan'),
(219, 48, 'aut non cupiditate', 'Excepturi sit harum at et. Sed excepturi autem quia saepe ut corrupti. Eum perferendis delectus neque. Doloremque eos vel tenetur excepturi. Quis doloribus magni eos voluptas quo rerum consequuntur ea. Perferendis aliquid qui eum doloremque. Illo consequatur sapiente explicabo autem. Est officia dicta explicabo ex laborum laborum. Ratione minus perferendis a minima provident eos praesentium. Corrupti et quae error a illum. Laudantium doloribus natus in vero quasi dolores.', 'https://shop.sergiobonelli.it/resizer/1000/-1/true/1491832832859.jpg--le_dieci_tribu___martin_mystere_350_cover.jpg?1491832835000', 'Malika Conroy'),
(220, 43, 'sed quaerat excepturi esse', 'Vero aliquam modi at sed. Perspiciatis quia non assumenda voluptatibus ut provident. Quae ut reiciendis eveniet consequatur rerum. Non tempore est voluptatem reprehenderit. Provident repudiandae unde reiciendis quod est praesentium. Rerum facere cupiditate et tempore. Corrupti fugit id omnis architecto eos. Vitae blanditiis deserunt in voluptatibus optio excepturi. Excepturi minus illum consequatur quia et perferendis. Quidem dolor explicabo libero quis repudiandae soluta sit. Iste sint placeat ullam exercitationem eaque enim. Asperiores omnis enim tempora unde repellat.', 'https://images.omerlocdn.com/resize?url=https%3A%2F%2Fgcm.omerlocdn.com%2Fproduction%2Fglobal%2Ffiles%2Fimage%2Fb4ddd4dd-70a1-4977-8a46-559f77b48ccc.jpg&width=1200&type=jpeg&stripmeta=true', 'Syble Jones'),
(221, 52, 'mollitia', 'Ut fugiat ut consequatur autem pariatur eveniet corporis. Fugit eligendi et voluptatem sed repudiandae sit tempora voluptate. Nihil itaque alias dolor recusandae repellendus. Nesciunt quidem quia ratione iusto. Aut nihil aliquam dignissimos repellendus. Alias aut mollitia in dicta dolores quis. Reprehenderit nam sit velit voluptatibus reprehenderit ea. Molestiae cum et eius occaecati. Ut placeat ut officiis.', 'https://c8.alamy.com/compfr/t27dd2/italie-1973-premiere-edition-de-marvel-comic-books-couvrir-de-captain-america-t27dd2.jpg', 'Elenora Goodwin'),
(222, 46, 'excepturi saepe et', 'Sed soluta atque sapiente odit. Delectus occaecati illum dicta consequatur quibusdam. Corporis et itaque et corporis. Adipisci non ducimus et debitis. Illum quam vitae nihil aliquam voluptate. Quisquam ex doloribus dolore rem voluptas autem et. Nisi nulla neque modi atque voluptas. Recusandae recusandae ex in eius. Alias voluptatibus illum reiciendis corporis possimus voluptatibus. Ab ipsum iste libero ipsum quisquam eos et. A non accusantium quia voluptate fugiat. Accusantium omnis doloribus hic eum quia id et.', 'https://cdnb.artstation.com/p/assets/images/images/012/822/497/large/alex-loken-cover.jpg?1536692282&dl=1', 'Mohammad Berge'),
(223, 48, 'rem quod perferendis quo', 'Rem voluptatem qui aut consequatur explicabo fugiat. Quod magnam quibusdam occaecati dignissimos. Atque vel animi nobis ad incidunt sunt ipsa. Aliquid culpa earum magnam nostrum qui quis. Tempora enim tempora hic velit qui. Ratione vel dolores sapiente tenetur quia odit. A nisi velit voluptatem sit sit rem eaque. Aut sint ut consequatur quis ut nulla corporis. Delectus quaerat nemo temporibus ut rerum qui quia.', 'https://cdn001.tintin.com/public/tintin/img/static/the-shooting-star/the-shooting-star.jpg', 'Casimir Dach'),
(224, 53, 'modi', 'Accusantium rem error quis dolorem. Accusamus tenetur delectus eaque omnis laboriosam non. Dolor omnis officiis dolores ratione. Autem repellendus id aspernatur ad recusandae non sit soluta. Et quisquam placeat non exercitationem. Aut distinctio qui doloribus placeat voluptatem. Iure illum et sed itaque. Cupiditate quia vel similique beatae est ut qui. Ut vitae odit qui explicabo placeat. Voluptas nihil minima ut esse debitis illo quo.', 'https://images-na.ssl-images-amazon.com/images/I/71aGRDbG9WL.jpg', 'Hiram Runolfsson'),
(225, 45, 'similique', 'Quo et dicta dolore. Alias mollitia fuga commodi. Consequatur expedita sapiente soluta. Eveniet dolorem unde voluptate temporibus velit eum quo voluptatem. Reiciendis sit autem laboriosam ut sed. Beatae et delectus cum rerum. Nisi sed dolores veniam optio temporibus distinctio velit. Magni at eos et ad sed. Aliquid adipisci repellat placeat non quasi. Dolor temporibus alias nihil deserunt possimus ducimus molestiae quia. Vel unde sed non provident fugit vel. Et ipsa est ratione.', 'https://images.omerlocdn.com/resize?url=https%3A%2F%2Fgcm.omerlocdn.com%2Fproduction%2Fglobal%2Ffiles%2Fimage%2Fb4ddd4dd-70a1-4977-8a46-559f77b48ccc.jpg&width=1200&type=jpeg&stripmeta=true', 'Hugh McCullough'),
(226, 50, 'sit eos voluptate ab', 'Inventore modi sed ea ducimus molestiae. Eum dolor quas ea ex amet molestiae sed vel. Suscipit praesentium nihil optio excepturi. Dolorum sit porro sunt voluptas optio animi. Exercitationem blanditiis veniam aut consectetur cupiditate dolorem veritatis. Non vel exercitationem eveniet libero tempore dolores fugit et. Rem distinctio aspernatur soluta. Unde aliquam labore rem eaque enim ea voluptatem. Provident maiores non cumque quod praesentium laboriosam consequuntur. Est iusto rem reiciendis dolor. Sit rerum qui eum. Qui saepe assumenda et velit dignissimos expedita dolorem.', 'https://bddi.2dcom.fr/LocalImageExists.php?ean=9782811215620&isize=full&gencod=3027166420000&key=DimetGmAYGQEsjiN', 'Idell Bayer'),
(227, 46, 'perspiciatis', 'Ab tempore soluta quia. Ut natus ullam voluptatem rerum optio molestias ex. Tempore non quibusdam animi deleniti. Delectus esse velit dolores animi perferendis velit commodi. Eos voluptatem laudantium enim deserunt rem veritatis nesciunt. Cumque voluptatum aut autem nobis sequi. Quibusdam itaque voluptatem et error deserunt. Magni labore eum id iste autem dolores. Quo aut non reiciendis id aperiam. Sapiente et mollitia eligendi maxime ut eligendi. Quas minus quos est in.', 'https://cdnb.artstation.com/p/assets/images/images/012/822/497/large/alex-loken-cover.jpg?1536692282&dl=1', 'Heber Boehm'),
(228, 50, 'facilis voluptatem', 'Voluptatem cumque eum molestiae laborum quos. Ea sit id odio illo sint. Ea vitae est impedit neque quod iure. Doloribus deserunt voluptates voluptatem qui. Et voluptatem iure et voluptatibus assumenda alias asperiores. Laudantium cum doloremque praesentium dignissimos id. Quo magni fugit quis eos consequuntur. Fugit consequatur eligendi quia eos. Deserunt assumenda in illum est fugiat molestiae. Dolorum quis et tempora ut sunt libero porro ipsa. Mollitia nesciunt numquam repudiandae rerum incidunt ab doloremque.', 'https://i0.wp.com/www.superpouvoir.com/wp-content/uploads/2021/04/Action-Comics-1033-cov-Sampere.jpg?resize=970%2C1491&ssl=1', 'Willy Cummings'),
(229, 47, 'impedit ea tempora', 'Quia ut ut labore. Qui neque qui pariatur voluptate aut sapiente odit. Quos rerum voluptatem provident consequatur sit. Tempore adipisci sed dolores ipsa. Repellat sequi aspernatur nulla aut deserunt odio. Harum et quis magnam facilis molestiae necessitatibus. Atque exercitationem accusamus provident molestias provident consequatur quis. Soluta impedit et nesciunt. Amet aspernatur adipisci nostrum facere. Error non illum iure earum. Autem illum nulla delectus quaerat. Sed voluptatum quaerat excepturi sequi inventore. Et autem et quia dolorem harum. Sit ut fuga est dolorem.', 'https://bddi.2dcom.fr/LocalImageExists.php?ean=9782811215620&isize=full&gencod=3027166420000&key=DimetGmAYGQEsjiN', 'Rosina Schaden'),
(230, 39, 'et excepturi', 'Molestiae cum ullam vel adipisci error distinctio non excepturi. Dolorum aperiam quia modi eaque. Ut sed quod inventore excepturi odio aliquam. Iste sint hic ea aliquid id totam sit. Eos sapiente dignissimos voluptas sunt nam. Sapiente debitis veritatis incidunt quia non unde enim. Quaerat voluptas ipsa voluptates occaecati qui. Est qui rerum soluta repellendus quia nihil deserunt. Eum voluptatibus in accusamus maiores quis cumque deleniti. Perspiciatis consequuntur sapiente neque placeat. Quia dolore voluptatem esse possimus hic fugiat illo.', 'https://cdn-products.eneba.com/resized-products/5jDEHg3wge1U7YZJVCOM2BTq98NC5lraxlc__mT3bIg_350x200_3x-0.jpeg', 'Cora Zulauf'),
(231, 53, 'et facilis architecto', 'Voluptate eos doloremque et tempora voluptas ex quo accusamus. Quas totam et omnis omnis voluptas nostrum explicabo vero. Optio eveniet eos quasi excepturi. Voluptatem voluptatem dolor repellendus nulla. Eligendi sit quidem cupiditate assumenda saepe autem libero. Inventore culpa esse praesentium tempore. Neque est dolor sit. Velit expedita et error saepe ut. Tenetur vitae itaque beatae cum tempore et animi. Praesentium doloribus quia est illum labore.', 'https://images.omerlocdn.com/resize?url=https%3A%2F%2Fgcm.omerlocdn.com%2Fproduction%2Fglobal%2Ffiles%2Fimage%2Fb4ddd4dd-70a1-4977-8a46-559f77b48ccc.jpg&width=1200&type=jpeg&stripmeta=true', 'Mckenna Steuber'),
(232, 48, 'consectetur architecto', 'Asperiores dolore voluptas totam aperiam aut id neque. Dolor accusantium aut cumque illum. Beatae corporis deserunt quia deserunt. Ad iusto libero voluptatem eum et. Qui quia fugit ut. Fuga nam quos eius iusto iste et. Voluptas et rerum provident ut sed soluta. Dolorem quod voluptas sed ex rerum. Qui quae consequatur architecto omnis et accusamus eum. Eum quibusdam expedita aperiam nihil iure. Voluptatem omnis nihil nam nihil maxime ab. Aperiam eos aut ut hic. Veritatis minima corporis consequatur voluptatibus totam sunt.', 'https://cdn001.tintin.com/public/tintin/img/static/the-shooting-star/the-shooting-star.jpg', 'Ashly Rodriguez'),
(233, 38, 'eius', 'Id molestias qui nulla rerum. Quis occaecati nam nostrum. Ex velit ullam iusto hic ea asperiores illo. Commodi totam magnam optio totam. Voluptas sed voluptatibus praesentium. Molestias earum saepe corrupti. Sed ex neque et consequatur dolore similique atque. Odit perferendis est deserunt. Sit non quia unde laborum eum. Harum aspernatur rem dignissimos facilis tenetur recusandae eum. Iure quaerat sed quam est eveniet doloribus. Similique distinctio provident omnis debitis minima velit minima. Quis et laudantium earum at.', 'https://images-na.ssl-images-amazon.com/images/I/71aGRDbG9WL.jpg', 'Angelica Rogahn'),
(234, 38, 'et', 'Cumque ratione consectetur enim et id dolorem est. Officiis beatae qui eveniet praesentium rerum. Qui harum est porro optio. Temporibus qui laudantium voluptas. Laboriosam modi cum nemo voluptatem itaque. Omnis est ut dolores animi numquam. Exercitationem sed vel enim enim minus vitae. Saepe nulla officia commodi qui perspiciatis qui. Aut autem blanditiis aliquam molestiae dolores iure. Consequuntur recusandae officiis debitis laudantium a. Doloremque aut quia fuga quod occaecati sint. Enim assumenda dolor culpa autem ut sit.', 'https://cdn-products.eneba.com/resized-products/5jDEHg3wge1U7YZJVCOM2BTq98NC5lraxlc__mT3bIg_350x200_3x-0.jpeg', 'Elian Sporer'),
(235, 42, 'et maiores at', 'Eos illo natus suscipit. Quisquam quaerat non molestias consequatur voluptatem quasi asperiores. Aliquam odio labore est quibusdam dolores esse. Occaecati mollitia sit est ut omnis. Placeat a fugit magni atque quis voluptatum eveniet illum. Aut facere sunt dolorum sint voluptatem enim dolorem. Tempore voluptatem molestiae unde et natus velit. Libero itaque sint expedita eum maiores aut adipisci. Doloremque autem sit error eum eos rerum qui. Velit ducimus adipisci id distinctio laborum beatae occaecati reprehenderit.', 'https://shop.sergiobonelli.it/resizer/1000/-1/true/1491832832859.jpg--le_dieci_tribu___martin_mystere_350_cover.jpg?1491832835000', 'Carolyn O\'Reilly'),
(236, 53, 'id eos', 'Natus fuga id fugiat illo ex dolor. Non eligendi quaerat accusantium aut veritatis in ut consequatur. Maxime quo vitae doloribus autem unde iusto. Amet quidem autem modi. Omnis et officia dignissimos suscipit sit maiores. Et recusandae error voluptatibus ratione deleniti modi. Similique a quam alias minus et. Sit magni voluptatem exercitationem ducimus. Nihil ducimus non ut. Magni aut laborum voluptatem voluptas. Nihil cum ut in occaecati provident. Aliquid qui et voluptatem. Occaecati eum sed dolores necessitatibus sit at rerum. Modi qui neque ea corrupti non cumque.', 'https://mlpnk72yciwc.i.optimole.com/cqhiHLc.WqA8~2eefa/w:auto/h:auto/q:75/https://bleedingcool.com/wp-content/uploads/2020/09/TWDDLX01_Adams-Cover.jpg', 'Enola Borer'),
(237, 50, 'iste ullam natus', 'Delectus perspiciatis sint culpa et sed voluptatem laudantium earum. Amet nisi quia nulla et. Eligendi earum vero nulla nulla. Eligendi asperiores eaque delectus est. Suscipit in qui quia rerum aut odit. Qui laborum dolor eum consequatur porro temporibus voluptates. Est qui assumenda non officiis. Quaerat rerum asperiores ab asperiores eveniet officia. Corrupti doloremque beatae at est at in. Corporis modi vitae voluptates rerum. Quidem minus et molestias odio. Ea aut eum praesentium debitis voluptatem. Accusamus nisi perspiciatis quasi alias id neque similique.', 'https://cdn001.tintin.com/public/tintin/img/static/the-shooting-star/the-shooting-star.jpg', 'Gregoria Wisoky'),
(238, 46, 'ea consequatur incidunt', 'Ut sed eos blanditiis sunt error est facere. Sunt fugiat ut explicabo et dolorem et vel. Illum aut iste dolorem impedit. Quibusdam et neque odio omnis. Qui hic nostrum voluptatibus. Voluptas sit quibusdam sint non qui id. Nobis dolores totam qui necessitatibus voluptatum optio. Pariatur sed sunt at sapiente et. Eos optio nesciunt iusto eligendi excepturi aliquam aut. Culpa quia nihil animi beatae. Est voluptas quae incidunt. Tempore velit voluptatem atque. Quia voluptas eligendi repellat minima. Et et illo saepe velit accusamus.', 'https://i0.wp.com/www.superpouvoir.com/wp-content/uploads/2021/04/Action-Comics-1033-cov-Sampere.jpg?resize=970%2C1491&ssl=1', 'Halie D\'Amore'),
(239, 50, 'architecto', 'Et et debitis beatae earum et sunt similique. Necessitatibus cupiditate neque modi dolorum. Facilis quaerat provident eius aut. Enim ut molestias autem blanditiis voluptas sit occaecati. Ratione similique consequatur sit eius rem. Et quasi est dolorum totam est voluptates omnis. Quibusdam consequatur maxime minus nihil. Eum at et qui quasi laboriosam. Est quo ipsa quidem. Quaerat voluptatem vero quo. Quis ab aut est ut dolor temporibus. Molestiae voluptatum minus ipsam eligendi modi. Illum occaecati doloremque explicabo odio.', 'https://www.hallmark.com/dw/image/v2/AALB_PRD/on/demandware.static/-/Sites-hallmark-master/default/dw8ba9f1e5/images/finished-goods/Marvel-The-Amazing-SpiderMan-Comic-Book-Cover-Fathers-Day-Card-root-599FHE8966_PV.1.FHE8966.jpg_Source_Image.jpg?sw=1920', 'Destini Schumm'),
(240, 54, 'unde ipsam aut voluptatum', 'Porro cum qui eligendi. Et consequuntur sint ipsam itaque fuga dolor a. Numquam sint eaque eum quis sunt id nesciunt. Et voluptatibus voluptas ad odit repudiandae nobis. Laborum dolores incidunt provident autem nihil et est. Perferendis sunt vitae labore amet quia facilis optio. Qui magni officia dolores sed qui doloribus voluptatibus. Adipisci vel molestiae quis omnis aut qui. Vel quo voluptatibus unde minima eum. Vero praesentium est nihil. Debitis quisquam quibusdam distinctio vel fugiat ea. Esse aperiam enim accusamus dignissimos.', 'https://www.dccomics.com/sites/default/files/imce/2021/11-NOV/BM_Cv118_1in25_var_618447d1a5e754.72998228.jpg', 'Jillian Ryan'),
(241, 40, 'ipsa eos eaque', 'Ut velit ut dolorem non. Beatae qui illum perspiciatis natus harum. Id alias error omnis ea quia. Ut enim sit impedit ullam. Sequi et hic asperiores aperiam consectetur unde sit. Sapiente atque aut quis deserunt odit. Recusandae repellendus aut qui occaecati iure reiciendis. Accusamus in ad facere reiciendis dolore dolor. Eveniet veritatis quas pariatur labore et tempore. Quam fuga ut recusandae. Doloribus quisquam qui repudiandae ut eveniet consequuntur.', 'https://bddi.2dcom.fr/LocalImageExists.php?ean=9782811215620&isize=full&gencod=3027166420000&key=DimetGmAYGQEsjiN', 'Sunny Erdman'),
(242, 46, 'voluptates perferendis', 'Officiis nobis itaque harum hic dolor et dolor et. Est in iste impedit mollitia sit. Iure nobis minima aliquam in ab at dolores. Culpa assumenda eum dolores qui tempore laudantium maiores qui. Veniam voluptatem amet repudiandae vel praesentium occaecati ea. Sed cum id quia sed error. Optio quisquam et ea velit nihil ea minima. Ea recusandae maiores non ut repellat enim. Atque pariatur excepturi dolorum vero. Quis est impedit non. Voluptatem inventore sint aliquid est. Neque rerum odio sit assumenda impedit mollitia vel non. Ut aspernatur et ducimus nemo.', 'https://mlpnk72yciwc.i.optimole.com/cqhiHLc.WqA8~2eefa/w:auto/h:auto/q:75/https://bleedingcool.com/wp-content/uploads/2020/09/TWDDLX01_Adams-Cover.jpg', 'Vicente Yost'),
(243, 49, 'facere et a', 'Nobis facere ex ipsam maxime vel libero fugiat. Vitae sit sunt nostrum optio soluta rerum sint. Iure deleniti pariatur quod sint ea. Ab fuga autem quibusdam. Quo repellat doloremque aut est repellat sint molestiae. Omnis non est qui. Soluta vel atque non eum. Quibusdam explicabo vel culpa possimus nobis. Magni quam totam nesciunt nesciunt. Praesentium distinctio eum officiis quas exercitationem esse asperiores. Vel beatae cumque voluptates sit reprehenderit eveniet quo.', 'https://images-na.ssl-images-amazon.com/images/I/81KsPBgzmtL.jpg', 'Alexa Schneider'),
(244, 47, 'aut consequatur odio', 'Molestiae autem id odit numquam error aut. Quas aspernatur molestiae omnis velit aliquam. Non quasi aut maxime autem est est est. Saepe minima occaecati nesciunt distinctio. Possimus id aliquam error consequatur sit facilis ex alias. Explicabo autem distinctio blanditiis. Et labore dolorum quia debitis veniam sint fugiat. Rerum dignissimos sapiente voluptates ratione. Impedit illo quae itaque delectus. Qui beatae praesentium sequi dolore voluptate ratione voluptas. Ea adipisci ut illum ea. Nulla sint sed nisi perspiciatis odio sit occaecati.', 'https://images-na.ssl-images-amazon.com/images/S/cmx-images-prod/Item/279507/279507._SX1280_QL80_TTD_.jpg', 'Libbie Waters'),
(245, 39, 'aut et', 'Maxime ea qui et quia sapiente assumenda et. Et similique quisquam dolor consectetur quibusdam velit et. Dolores molestiae quo minus facilis nobis voluptatem non. Ipsum molestiae nesciunt debitis eveniet ea magnam. Id iure sunt enim ut consequatur maxime numquam. Totam molestiae sed sapiente inventore in quia. Delectus sit ut eaque voluptatem et delectus. Occaecati illo nesciunt voluptatum odit est magnam. Aut nam omnis voluptatibus rerum quae.', 'https://mlpnk72yciwc.i.optimole.com/cqhiHLc.WqA8~2eefa/w:auto/h:auto/q:75/https://bleedingcool.com/wp-content/uploads/2020/09/TWDDLX01_Adams-Cover.jpg', 'Haylie Weber'),
(246, 53, 'sed nulla', 'At ea vitae aut dignissimos voluptas quasi nihil sed. Ipsam vitae eligendi error magni sit. Ipsum sit doloremque hic expedita eius sed recusandae. Exercitationem nihil repellat odio dolorem voluptas. Ea vitae odit quis error quia mollitia ut. Quidem omnis laboriosam eos. Consequatur eveniet autem ipsum autem cupiditate qui voluptas sit. Repudiandae accusantium et optio placeat est eum repellat aliquam. Eos at quis libero alias tenetur explicabo odit. Earum quaerat ut dicta accusamus. Sunt aut quaerat assumenda id officia et molestias.', 'https://c8.alamy.com/compfr/t27dd2/italie-1973-premiere-edition-de-marvel-comic-books-couvrir-de-captain-america-t27dd2.jpg', 'Myles Romaguera'),
(247, 48, 'fuga voluptates', 'Assumenda ratione et atque non est molestiae quas. Sint voluptatem deleniti dolorem similique est. Vitae quod voluptate omnis sapiente nulla culpa non. Qui beatae est mollitia sequi. Quia nesciunt maxime et voluptatem voluptatem. Consequatur sint quo dolor accusantium. Tempora praesentium molestiae quod earum voluptatem sed officia qui. Sit accusamus ea ea maxime aperiam. Est maiores porro hic fugit animi quia praesentium aspernatur. Esse dolores deleniti at enim quia deserunt. Et ea id quidem est rerum. Voluptas nam placeat quod voluptate harum.', 'https://www.dccomics.com/sites/default/files/imce/2021/11-NOV/BM_Cv118_1in25_var_618447d1a5e754.72998228.jpg', 'Garrett Beier'),
(248, 47, 'quis temporibus consectetur et', 'Sunt aperiam delectus mollitia amet esse. Officia debitis est voluptate recusandae beatae ipsum. Quaerat occaecati reiciendis eius sunt. Vel non magni totam doloribus dolorum ut dignissimos iusto. Voluptate eos ut veritatis quia enim. Odio sunt animi accusantium libero expedita quis. Tempore dolore omnis velit sint sit. Est dolore voluptatum omnis praesentium ut eligendi assumenda. Porro consequatur facilis minus ea. Impedit autem eos consequuntur earum dolores reprehenderit pariatur. Nisi rem vero deleniti in.', 'https://www.hallmark.com/dw/image/v2/AALB_PRD/on/demandware.static/-/Sites-hallmark-master/default/dw8ba9f1e5/images/finished-goods/Marvel-The-Amazing-SpiderMan-Comic-Book-Cover-Fathers-Day-Card-root-599FHE8966_PV.1.FHE8966.jpg_Source_Image.jpg?sw=1920', 'Kaci Collins'),
(249, 49, 'nesciunt incidunt ut numquam', 'Eveniet sed ipsam pariatur dicta illo. Vitae quidem fugiat odit accusantium. Est quod similique accusamus nostrum. Alias excepturi recusandae dolores dolorem ipsa. Cupiditate qui qui totam sint ut ab architecto. Vero quo hic voluptatum cum eum. Qui eaque voluptas adipisci. Amet perspiciatis voluptates omnis. Et ipsa incidunt blanditiis ullam recusandae. Molestiae omnis sit hic delectus. Modi in veritatis pariatur alias debitis. Rerum expedita harum porro sed. Non est atque ut occaecati est.', 'https://mlpnk72yciwc.i.optimole.com/cqhiHLc.WqA8~2eefa/w:auto/h:auto/q:75/https://bleedingcool.com/wp-content/uploads/2020/09/TWDDLX01_Adams-Cover.jpg', 'Alice Koss'),
(250, 53, 'a', 'Nostrum voluptates ipsa esse ea nesciunt. Eius eveniet temporibus voluptas quibusdam. Veniam qui non aut ea. Consequatur molestias qui ut illum inventore. Magnam quia quam expedita ut rem aliquid ea. Iusto fuga quod reprehenderit odio. Autem cum minima eligendi eos pariatur recusandae atque. Maxime ut quo ut. Officiis aut et eos ut repellendus dolorem ea. Facilis quisquam sint necessitatibus sapiente voluptate repellat nemo est. Laborum perspiciatis accusantium animi quos hic.', 'https://mlpnk72yciwc.i.optimole.com/cqhiHLc.WqA8~2eefa/w:auto/h:auto/q:75/https://bleedingcool.com/wp-content/uploads/2020/09/TWDDLX01_Adams-Cover.jpg', 'Lea Lakin'),
(251, 39, 'expedita', 'Nostrum quae labore voluptates magni. Quo necessitatibus reiciendis perferendis iste. Amet officia error vel hic et fugiat. Itaque dolorem qui ea explicabo dolorum accusantium. Velit excepturi praesentium veritatis veritatis voluptatem dolores. Eaque consequatur quod deleniti. Iste iusto hic nostrum excepturi dicta sapiente. Alias at voluptate molestiae quisquam perspiciatis. Et molestias sunt modi assumenda enim ut adipisci. Nisi commodi sed eaque sint quis illo. Consequuntur perspiciatis minima voluptatem modi nostrum dolores.', 'https://terrigen-cdn-dev.marvel.com/content/prod/1x/avengers50_infinitysaga_variant.jpg', 'Marlin Jenkins'),
(252, 46, 'sit inventore', 'Eum corporis hic facilis aut voluptas eos. Ipsum tempore est est voluptatem voluptatibus aut accusantium. Fugiat quia minus tempora rerum eveniet. Nobis nisi dolorem vero tempora optio perferendis facere. Harum sunt et voluptates soluta. Blanditiis qui maiores non quia. Qui earum in natus doloremque eum. Et eum eos quo. Ut eligendi corrupti itaque tempore. Error vel accusamus atque maxime perferendis qui. Voluptatem temporibus eaque sed sunt necessitatibus et porro tempore. Consequatur eius saepe ratione autem dolor corrupti. Ut similique nesciunt sint cupiditate sapiente quis.', 'https://cdnb.artstation.com/p/assets/images/images/012/822/497/large/alex-loken-cover.jpg?1536692282&dl=1', 'Kane Reichel'),
(253, 38, 'error ipsam eveniet consequatur', 'Molestiae vitae inventore vitae reprehenderit tenetur. Rerum possimus cum iure dolor libero. Ratione et sit ut nesciunt repellendus occaecati accusantium. Perferendis hic et ratione itaque eum. Quas error amet voluptas rerum unde odit accusamus ipsa. Enim sequi et vero praesentium. Cupiditate at repellat qui aspernatur eligendi expedita. Ratione possimus doloremque nam ab quia et error. Quas aut rem possimus illum corporis nam deserunt. Sint expedita et nobis possimus iusto non similique sed. Quia natus qui temporibus aut.', 'https://images-na.ssl-images-amazon.com/images/I/71aGRDbG9WL.jpg', 'Nikita Gaylord'),
(254, 53, 'hic', 'Necessitatibus ea molestiae tempore rerum. Et autem hic voluptas at aut odit. Temporibus dolor fugiat laudantium enim omnis odit. Accusamus voluptas a ut non. Quo ut assumenda repudiandae rerum quis omnis. Cum veritatis minima rem. Voluptas eum necessitatibus quia. Sequi debitis libero commodi nulla ad modi ipsa. Aut quasi iure necessitatibus assumenda doloremque officiis perspiciatis. Non vel sit aut. Nemo expedita vel non voluptatem aut est.', 'https://www.hallmark.com/dw/image/v2/AALB_PRD/on/demandware.static/-/Sites-hallmark-master/default/dw8ba9f1e5/images/finished-goods/Marvel-The-Amazing-SpiderMan-Comic-Book-Cover-Fathers-Day-Card-root-599FHE8966_PV.1.FHE8966.jpg_Source_Image.jpg?sw=1920', 'Ellen Huels'),
(255, 48, 'harum nisi cupiditate', 'Quia et sed sunt. Iusto voluptate porro tempore ipsum eum reprehenderit. Tenetur ducimus eaque hic eius repellendus quia exercitationem. Ullam sunt quaerat iusto facere neque inventore laudantium minus. Et nisi ex consequatur pariatur id minus. Molestias possimus quia omnis debitis in est. Quia excepturi eligendi voluptatem nisi consequatur. In earum atque consequuntur doloribus assumenda itaque pariatur. Dolore et autem saepe ipsam quo in.', 'https://cdn-products.eneba.com/resized-products/5jDEHg3wge1U7YZJVCOM2BTq98NC5lraxlc__mT3bIg_350x200_3x-0.jpeg', 'Christelle Simonis'),
(256, 39, 'deserunt sed', 'Voluptatibus voluptatibus accusantium est ducimus aut ipsa sint. Rerum autem consequatur porro voluptatem ea voluptas vel eveniet. Neque et ut eaque impedit iure. Dolores sint quia velit veniam corrupti. Nemo qui et omnis soluta officia inventore consequuntur. Ut perferendis atque velit excepturi iusto illum rem. Nihil ad dolorem ea quas. Ratione consequuntur eos dolorem. Maiores modi et placeat mollitia atque doloremque esse aut. Ut suscipit qui modi aliquid. Eius repellat tenetur facere beatae qui ea unde.', 'https://images-na.ssl-images-amazon.com/images/I/71aGRDbG9WL.jpg', 'Kattie Marquardt'),
(257, 51, 'amet ut perferendis libero', 'Ad quis quia minus assumenda. Nobis veritatis voluptatem minima consequatur maiores. Consequuntur praesentium sint in et. Nisi qui alias harum eum accusamus asperiores. Nulla est quia occaecati culpa. Ratione porro ut ducimus est aut. Mollitia natus et eos harum eligendi. Quam neque nostrum voluptatibus. Sunt laudantium et nihil excepturi. Mollitia est at sit nihil. Quae reprehenderit veniam ut ducimus. Cumque animi laudantium modi consequatur minima. Debitis explicabo ut et et. Aut quidem numquam voluptate quos sapiente animi id.', 'https://cdnb.artstation.com/p/assets/images/images/012/822/497/large/alex-loken-cover.jpg?1536692282&dl=1', 'Elizabeth Zemlak'),
(258, 52, 'quos ut quisquam', 'Nesciunt dolorem quia blanditiis occaecati numquam dolorem voluptas. Et sint totam veniam voluptatem voluptatibus voluptatem non. Quia vel fugiat totam sit reiciendis. Quis sunt et aspernatur consequatur ut voluptates. Soluta id eligendi adipisci iure recusandae. Exercitationem qui non et nam similique quos. Eos accusamus id ipsa cumque repellat. Non impedit ut et quidem voluptatem. Autem aut eveniet at non beatae iure perspiciatis magni. Placeat dolore quis adipisci est sapiente labore.', 'https://shop.sergiobonelli.it/resizer/1000/-1/true/1491832832859.jpg--le_dieci_tribu___martin_mystere_350_cover.jpg?1491832835000', 'Beverly Hauck'),
(259, 47, 'velit distinctio rem', 'Nihil tenetur magnam magnam tempora. Et aperiam eum enim a laboriosam qui pariatur. Quo delectus esse tenetur error quia ex. Dolor est ducimus est ab a voluptatem magnam. Iure id eligendi eaque autem ab ut deleniti minus. In consequuntur est exercitationem expedita molestias tempore. Qui et exercitationem et quasi perferendis. Expedita molestias enim eveniet voluptatem reprehenderit. Rerum sit officia occaecati quis eaque molestiae in. Quidem qui qui libero sed non sed. Quas enim vel ut dolore assumenda dolores.', 'https://images-na.ssl-images-amazon.com/images/I/71aGRDbG9WL.jpg', 'Carmelo Bartoletti'),
(260, 44, 'quia totam corrupti veritatis', 'Earum velit animi modi maiores modi velit. Occaecati et nesciunt assumenda fugiat. Dolores accusamus corrupti iure non est est. Modi explicabo dolorum quam aut nam nesciunt vero. Autem sint sit quas ipsum. Quis quia quod deserunt vitae. Placeat cum sed natus delectus maxime reprehenderit ut. Qui est illum omnis non. Sit molestiae dolore autem neque odio soluta nisi. Veniam et dolorem corporis. Vel rerum vitae quia pariatur aut consequatur. Voluptate iusto qui beatae necessitatibus perferendis explicabo modi. Consectetur consequatur impedit rem qui.', 'https://shop.sergiobonelli.it/resizer/1000/-1/true/1491832832859.jpg--le_dieci_tribu___martin_mystere_350_cover.jpg?1491832835000', 'Caterina Kirlin'),
(261, 39, 'dolores', 'Sit eum amet unde cupiditate ipsa molestiae aut. Qui minima at voluptatem quaerat. Quia ratione eveniet ratione molestias voluptas. Aut quibusdam repudiandae unde suscipit et. Reprehenderit voluptatem eius rerum ipsa sint odit tempora nobis. Animi non omnis labore et. Omnis voluptatem voluptas consequatur. Iusto in corporis neque facere consequatur praesentium voluptates. Ad vel reiciendis enim error accusamus fuga sit. Aperiam id reiciendis cumque. Aut in similique sit est aut quos. Ratione quae aut voluptatem dolor voluptatem fugiat ut. Dolorem ipsam harum praesentium debitis.', 'https://mlpnk72yciwc.i.optimole.com/cqhiHLc.WqA8~2eefa/w:auto/h:auto/q:75/https://bleedingcool.com/wp-content/uploads/2020/09/TWDDLX01_Adams-Cover.jpg', 'Gaetano Gerhold'),
(262, 45, 'sint quaerat', 'Non nostrum et aliquid consequatur sunt dolor dicta. Excepturi consequatur voluptates adipisci consequatur animi tenetur. Facilis incidunt eum quibusdam odit consequuntur illo. Exercitationem voluptate officia ut porro fugiat. Omnis quis animi qui debitis voluptates nihil laborum. Non enim quaerat ea. Ipsa atque atque enim libero. Accusamus adipisci culpa perspiciatis rem explicabo quia aperiam. Sunt necessitatibus unde itaque. Qui et rerum et veniam.', 'https://bddi.2dcom.fr/LocalImageExists.php?ean=9782811215620&isize=full&gencod=3027166420000&key=DimetGmAYGQEsjiN', 'Zaria Gorczany'),
(263, 52, 'omnis animi', 'Porro tenetur ut dolorem sed voluptas omnis. Perferendis molestiae deserunt sint facere cum facere beatae quis. Quia sed facilis voluptate sint. Laborum iure placeat consequatur dolores earum corrupti. Beatae quos quod recusandae natus vel. Rem sit excepturi sit molestiae ipsum ipsum ipsum. Dolor est dolores quae non non voluptas. Debitis pariatur qui soluta est quasi dignissimos. Odio ut ex quam qui necessitatibus itaque nobis.', 'https://terrigen-cdn-dev.marvel.com/content/prod/1x/avengers50_infinitysaga_variant.jpg', 'Claude Von'),
(264, 52, 'officia vero tempore', 'Eaque exercitationem temporibus perferendis sint aliquid quo. In ratione et autem vel modi. Ad deleniti amet sed sequi numquam aut. Aut odit ipsam voluptatum sed temporibus. Et quod veniam tempore blanditiis. Omnis ea eaque sapiente sint eveniet. Dignissimos sed qui est enim. Facere velit autem blanditiis quia perspiciatis itaque inventore. Optio provident adipisci possimus autem. Optio aut temporibus explicabo repellat voluptas nihil. Magnam qui ratione ea deleniti impedit.', 'https://mlpnk72yciwc.i.optimole.com/cqhiHLc.WqA8~2eefa/w:auto/h:auto/q:75/https://bleedingcool.com/wp-content/uploads/2020/09/TWDDLX01_Adams-Cover.jpg', 'Elna McGlynn'),
(265, 45, 'accusantium autem', 'Labore consequatur cumque repudiandae minus veniam sunt magni. Et dignissimos eos nam rerum nobis. Est labore ut est provident odio repudiandae cupiditate. Eligendi ex non voluptatum dolorum ut reprehenderit corrupti. In corporis minima temporibus quis eos ut molestiae et. Reprehenderit molestias at nobis vero. Quam porro voluptas illum aut et dolor ipsam. Voluptates reiciendis et quisquam repellat. Unde dolores ut cum consequatur magni repellat doloribus. Totam quia illum unde et. Alias magnam repudiandae sit dicta.', 'https://mlpnk72yciwc.i.optimole.com/cqhiHLc.WqA8~2eefa/w:auto/h:auto/q:75/https://bleedingcool.com/wp-content/uploads/2020/09/TWDDLX01_Adams-Cover.jpg', 'Estefania Simonis'),
(266, 52, 'a veniam', 'Aut impedit et consequatur non distinctio aut. Ut illum sint reiciendis accusantium quia consequatur numquam. Dolore magni amet voluptas blanditiis exercitationem numquam. Optio eos consequatur ipsum quaerat. Vel quia magni repellendus voluptates. Tempora cumque repellat dolores voluptates omnis praesentium quas. Sunt fugiat sint libero vitae ea. Iste occaecati odit quaerat quia sequi cupiditate. Molestiae officiis quod aliquam perferendis dolor. Rem dolorem ab distinctio odit et omnis necessitatibus nam. Quae modi ea id quia perferendis vero. Ut nostrum tenetur aliquid voluptas.', 'https://images-na.ssl-images-amazon.com/images/S/cmx-images-prod/Item/279507/279507._SX1280_QL80_TTD_.jpg', 'Nelda Schoen'),
(267, 44, 'nihil deserunt', 'Recusandae quia qui rem labore eum beatae. Nesciunt eveniet ut sunt aliquid inventore occaecati quis. Aut commodi enim consequatur aut beatae minus. Quis quo aut nisi nobis vero officiis. Nihil consequatur debitis sint eveniet quis dicta ducimus omnis. Maxime non maxime ipsum dolores molestiae sunt. Quia et voluptatem quam repellat. Ratione molestiae amet et. Qui occaecati animi quo excepturi. Similique tempora consequatur ex tenetur ea tenetur.', 'https://cdnb.artstation.com/p/assets/images/images/012/822/497/large/alex-loken-cover.jpg?1536692282&dl=1', 'Fabian Lebsack'),
(268, 54, 'sit perspiciatis', 'Ullam asperiores velit optio magni ea explicabo. Quaerat asperiores error laborum velit hic saepe animi. Minima officia autem id aut non non. Quia tenetur veritatis error in laboriosam dolor sint. Tempore praesentium ea non maiores. Fugiat eveniet voluptatem ab labore consectetur voluptatem blanditiis. Perferendis dicta aperiam blanditiis distinctio maxime. Commodi quam distinctio aut debitis optio eius voluptatem. Sapiente quibusdam pariatur adipisci et saepe qui.', 'https://www.hallmark.com/dw/image/v2/AALB_PRD/on/demandware.static/-/Sites-hallmark-master/default/dw8ba9f1e5/images/finished-goods/Marvel-The-Amazing-SpiderMan-Comic-Book-Cover-Fathers-Day-Card-root-599FHE8966_PV.1.FHE8966.jpg_Source_Image.jpg?sw=1920', 'Luciano Donnelly'),
(269, 39, 'voluptas molestiae sed', 'Vero aut numquam explicabo doloribus placeat sit debitis quo. Et expedita quia eos amet. Quasi facere voluptate eum ratione rerum. Fugiat nesciunt in corrupti velit. Aliquam dicta dolorem dolor perferendis optio. Voluptatem quaerat qui voluptatem sunt dolorum occaecati. Repellat provident similique ipsa quos incidunt. Molestiae quia iusto sit eligendi ducimus eius eum. Temporibus facilis harum quia labore non. Labore qui est sit voluptates voluptate aut. Debitis iusto magnam aut suscipit fugit. Quia sit qui fuga nesciunt eius. Libero enim dolorem enim deserunt maxime quia voluptate.', 'https://i0.wp.com/www.superpouvoir.com/wp-content/uploads/2021/04/Action-Comics-1033-cov-Sampere.jpg?resize=970%2C1491&ssl=1', 'Carissa Labadie'),
(270, 42, 'et aliquid', 'Sint perspiciatis qui quidem est quis. Corporis nam odio beatae totam ut voluptates. Ipsam magnam quasi ex error delectus enim. Illo corporis et ut illo. Nihil inventore impedit nihil quam voluptate. Eum itaque voluptates tempora. Error omnis numquam quo voluptate. Aliquid aut eos velit dolore necessitatibus consequatur. Est sequi ut aperiam impedit illo rerum neque eos. Voluptatibus et blanditiis quisquam eligendi iste autem. Et quidem cumque reprehenderit et laboriosam ex.', 'https://terrigen-cdn-dev.marvel.com/content/prod/1x/avengers50_infinitysaga_variant.jpg', 'Reuben Stanton'),
(271, 40, 'et et itaque voluptas', 'Beatae et animi molestiae perferendis. Aut quibusdam quos omnis. Nisi quis commodi numquam cumque. Illo natus sint qui blanditiis. Voluptatem dolor voluptas deserunt. Mollitia fuga enim rem consequuntur aperiam adipisci consequatur. Temporibus quaerat tempora iusto non. Voluptatem ullam aut placeat sit. Aliquam molestiae repellendus placeat reprehenderit quasi fugit. Enim officia cum voluptas nisi qui iure ea. Eum animi suscipit modi harum. Fugiat id eaque autem consequatur. Quidem consectetur nulla perferendis nobis.', 'https://images.omerlocdn.com/resize?url=https%3A%2F%2Fgcm.omerlocdn.com%2Fproduction%2Fglobal%2Ffiles%2Fimage%2Fb4ddd4dd-70a1-4977-8a46-559f77b48ccc.jpg&width=1200&type=jpeg&stripmeta=true', 'Maxine Collins'),
(272, 49, 'voluptas quia ut', 'Laboriosam rerum id eos eligendi quod. Quia tempora ea maxime. Repellat qui iste id aut inventore. Minus incidunt omnis deserunt earum. Repudiandae nihil sint vitae tenetur nulla illum ut. Qui asperiores est ut rerum mollitia eveniet in. Sed ut sunt nobis ducimus harum vel. Quia hic commodi repellat amet asperiores repellat. Commodi aliquam dolorem quidem ratione quae. Et id alias ut provident voluptatibus et. Quo possimus voluptas magni accusantium a non consectetur. Magnam sunt est cupiditate.', 'https://cdn-products.eneba.com/resized-products/5jDEHg3wge1U7YZJVCOM2BTq98NC5lraxlc__mT3bIg_350x200_3x-0.jpeg', 'Orin Gleason');
INSERT INTO `comic` (`id`, `category_id`, `name`, `description`, `picture`, `author`) VALUES
(273, 45, 'iste recusandae et nam', 'Ex ipsum quos commodi nulla quas porro. Quia odio molestias itaque ut possimus dolor. Vel autem voluptatem corrupti reiciendis nulla. Officiis veniam consectetur tempora aut dolore voluptatem non. Qui voluptate unde aliquid tenetur. Neque illum sit modi qui sequi laboriosam modi tempore. Repudiandae neque magni voluptate quae maiores laudantium. Est autem ex ea et beatae. Minus accusantium pariatur hic voluptatibus sed.', 'https://cdn001.tintin.com/public/tintin/img/static/the-shooting-star/the-shooting-star.jpg', 'Nella Haag'),
(274, 49, 'aut culpa adipisci occaecati', 'Doloremque numquam iste autem laborum non rerum nam nam. Ducimus porro amet quo minima voluptas incidunt rerum. Voluptate neque dolores ut deserunt sed. Blanditiis libero vel ut hic. Quos placeat explicabo atque. Eaque atque et voluptatem et eum unde. Magni modi sed ut molestiae distinctio dolorum. Sequi modi qui magni. Maiores cumque libero hic beatae. Totam ratione dolor qui veritatis ut et. Deserunt autem molestiae consequuntur et. Consequuntur harum quia aut earum. Officiis explicabo qui soluta eos. Sed eum est tempore. Tenetur rem sit aliquid exercitationem.', 'https://images-na.ssl-images-amazon.com/images/S/cmx-images-prod/Item/279507/279507._SX1280_QL80_TTD_.jpg', 'Isabell Trantow'),
(275, 50, 'reprehenderit', 'Earum modi sapiente modi et nihil nam et. Suscipit eveniet est voluptatem ipsum non sit dolores. Et autem cumque minima ut dolor molestias. Est ab aut ut rerum. Suscipit quia vitae autem non. Corporis molestias perferendis porro fugit aut non nobis. Facilis rem minus et doloremque suscipit adipisci ut. Est itaque dicta quae autem id harum. Est saepe quia dolores consequatur enim tempore quisquam. Rerum praesentium quia quasi tenetur sed. Repellat quia illum perspiciatis accusantium id modi. Iure velit quaerat maxime odit nihil quia.', 'https://images.omerlocdn.com/resize?url=https%3A%2F%2Fgcm.omerlocdn.com%2Fproduction%2Fglobal%2Ffiles%2Fimage%2Fb4ddd4dd-70a1-4977-8a46-559f77b48ccc.jpg&width=1200&type=jpeg&stripmeta=true', 'Wendy Gorczany'),
(276, 47, 'totam qui praesentium corrupti', 'Eum accusamus eligendi non saepe adipisci eaque rerum. Earum fuga ut consequatur molestiae commodi expedita doloribus. Non maxime voluptatem error ea recusandae inventore consequatur. Nulla ab ut voluptatem et possimus. Provident ipsam sint explicabo voluptatem quibusdam. Hic qui enim hic aut. Labore commodi sequi qui autem quibusdam. Ut corporis eaque qui praesentium vel. Unde nemo minus itaque atque quas autem repellendus. Voluptatibus nostrum atque voluptate et ex. Similique iusto quas est asperiores. Dolor non aut excepturi ab. Recusandae aperiam non eaque quo ipsam nostrum.', 'https://mlpnk72yciwc.i.optimole.com/cqhiHLc.WqA8~2eefa/w:auto/h:auto/q:75/https://bleedingcool.com/wp-content/uploads/2020/09/TWDDLX01_Adams-Cover.jpg', 'Wilbert Hand'),
(277, 40, 'et facere recusandae ut', 'Aliquid consequatur amet voluptates et. Et quas et dolores nobis porro excepturi distinctio. Temporibus incidunt libero qui dolores et ad facere. Harum est exercitationem tempora. Exercitationem veniam optio voluptas. Maxime esse voluptate doloribus vero quam. Et temporibus facere commodi error. Ut consequatur dolor dolor velit minus. Esse impedit incidunt odio sit aliquam dolores. Et voluptatem commodi voluptate. Occaecati amet inventore vero non. Qui rerum cupiditate dicta sapiente et a. Porro et non unde repellat. Aut et minima aut natus iste. Inventore quisquam et et et vel qui.', 'https://images-na.ssl-images-amazon.com/images/I/81KsPBgzmtL.jpg', 'Floy Mayer'),
(278, 46, 'eligendi deleniti est quo', 'Consequuntur praesentium quia consequatur provident dignissimos ut distinctio. Numquam natus qui quis cumque illum tempore cum. Cumque atque autem molestiae. Aut debitis quos autem nihil officiis a. Sit illo qui ut velit quia. Magni dolorem quam asperiores odit tenetur voluptate. In et amet id deleniti. Facere officia provident officia quia perspiciatis quia. Eum iste quis amet aut fugiat maxime et quam. Fugiat ratione incidunt illum.', 'https://images.omerlocdn.com/resize?url=https%3A%2F%2Fgcm.omerlocdn.com%2Fproduction%2Fglobal%2Ffiles%2Fimage%2Fb4ddd4dd-70a1-4977-8a46-559f77b48ccc.jpg&width=1200&type=jpeg&stripmeta=true', 'Gilberto Fisher'),
(279, 52, 'neque iusto', 'Porro quia et adipisci ea. Ea qui aut voluptatem expedita illo quasi corrupti maxime. Dolores error sunt in quas ad. Ab harum asperiores quo sit officia molestias veritatis. Quas porro dignissimos laudantium quaerat aperiam perspiciatis. Sint et ea perferendis sit voluptatem. Aut voluptatem debitis at ut. Et impedit non aliquid et praesentium. Optio et quae et velit quis sed illo maiores. Commodi dolores quia et doloribus voluptatem autem aut. In dignissimos totam aliquam perspiciatis est velit modi modi.', 'https://c8.alamy.com/compfr/t27dd2/italie-1973-premiere-edition-de-marvel-comic-books-couvrir-de-captain-america-t27dd2.jpg', 'Coralie Dooley'),
(280, 51, 'nihil non mollitia qui', 'Necessitatibus cumque repudiandae ratione eius asperiores reprehenderit. Rem adipisci ut ipsa modi deserunt itaque placeat cupiditate. Eius quae minima et occaecati sit. Eius dolor voluptate deserunt placeat tempore aut quia. Nihil doloremque voluptas laudantium. Molestiae eius culpa omnis itaque voluptatem. Iste eos exercitationem dignissimos vel. Blanditiis suscipit et aut. Molestiae neque in eum consequatur expedita nesciunt. Beatae hic saepe repudiandae et quisquam quisquam repellendus neque. Et dolore laudantium sed illo cupiditate. Occaecati eum perferendis ut.', 'https://cdnb.artstation.com/p/assets/images/images/012/822/497/large/alex-loken-cover.jpg?1536692282&dl=1', 'Bridgette Bayer'),
(281, 41, 'eligendi facere illo placeat', 'Cupiditate in nemo ut repellendus. Et culpa eos cum. Odit voluptatum laboriosam qui ipsam quod maiores quo. Doloribus velit sunt nihil repellendus est voluptatibus aut. Similique hic nihil aut voluptas id consequuntur voluptatibus tempora. Eos dolorem nobis in ut. Consequatur quos assumenda voluptatem temporibus dignissimos vel delectus numquam. Omnis unde animi dolor fuga quia nisi ducimus. Nulla aut dolor quasi autem qui omnis temporibus. Aut nobis commodi maiores nemo eum alias.', 'https://cdn001.tintin.com/public/tintin/img/static/the-shooting-star/the-shooting-star.jpg', 'Grayce Hamill'),
(282, 52, 'nobis possimus at', 'Saepe consequatur ut ab nam voluptas eligendi. Quibusdam velit amet dicta quasi qui suscipit facere aut. Qui et quod impedit neque modi quia quia est. Cupiditate aut ut soluta doloribus vel. Autem tempore et ut nam. Et id quisquam voluptatem quis. Et consequatur officia repellat aut voluptatem. Et nihil dicta libero est cumque dolores placeat. Accusantium sapiente inventore voluptatem eaque.', 'https://www.dccomics.com/sites/default/files/imce/2021/11-NOV/BM_Cv118_1in25_var_618447d1a5e754.72998228.jpg', 'Kyla Kling'),
(283, 52, 'cumque', 'Nobis tempora maxime facilis sed consequatur nihil. Occaecati nemo quibusdam autem illum deserunt. Ut optio et voluptatem perferendis debitis consectetur fugiat. Omnis dolor libero non. Aut ut nemo et accusamus perspiciatis. Ipsam atque magni qui sequi sit laborum nulla. Id qui nulla omnis libero consequatur eveniet rem. Placeat sequi tenetur laborum similique culpa molestiae. Vel culpa illo iure sequi incidunt doloremque. Non sunt fugiat sunt est. Est perspiciatis mollitia aut ea ut. Sunt eos consequuntur voluptas.', 'https://images.omerlocdn.com/resize?url=https%3A%2F%2Fgcm.omerlocdn.com%2Fproduction%2Fglobal%2Ffiles%2Fimage%2Fb4ddd4dd-70a1-4977-8a46-559f77b48ccc.jpg&width=1200&type=jpeg&stripmeta=true', 'Bernita Homenick'),
(284, 50, 'deserunt qui quia', 'Laborum nisi ducimus temporibus at ipsa. Quos qui dolor quae itaque architecto unde molestiae quo. Culpa delectus ullam saepe atque atque voluptates. Reiciendis nihil quia sed rerum nulla. Sint quia rem alias nam. Illo inventore earum saepe et. Ab molestias et quo consectetur explicabo quibusdam veniam. Sequi mollitia quas qui aut voluptatem et eaque aperiam. Assumenda pariatur quam quia veritatis. Dolor ipsa aut itaque qui voluptas.', 'https://mlpnk72yciwc.i.optimole.com/cqhiHLc.WqA8~2eefa/w:auto/h:auto/q:75/https://bleedingcool.com/wp-content/uploads/2020/09/TWDDLX01_Adams-Cover.jpg', 'Drake Harber'),
(285, 43, 'tempore', 'Ullam dignissimos consequatur doloribus. Tempora magni fugit voluptate magni. Quis qui aut enim porro. In autem cupiditate perspiciatis. Error perferendis aliquid maiores nemo accusantium. Est quasi qui eligendi id tempore. Cumque dolor voluptatum ad cumque. Omnis pariatur doloremque amet fuga nam voluptas aut. Soluta quia et aperiam qui eos. Fugit iusto corrupti ducimus tempora mollitia doloremque. Nostrum quia dolorem distinctio nihil mollitia. Debitis veniam in tempora soluta quis optio placeat aperiam. Praesentium vero ut qui quis qui.', 'https://bddi.2dcom.fr/LocalImageExists.php?ean=9782811215620&isize=full&gencod=3027166420000&key=DimetGmAYGQEsjiN', 'Hailie Lang'),
(286, 53, 'in omnis natus', 'Ullam eius aspernatur et culpa. Non voluptatum id velit inventore. Enim ducimus nobis sed deleniti. Sequi pariatur perferendis omnis. Assumenda voluptas sunt repellendus qui deleniti dolor perspiciatis. Temporibus error asperiores ullam sint. Non veniam adipisci natus illo et consectetur. Odit cumque qui in maxime. Ut rerum rerum et. Voluptatem magnam officiis cum voluptates. Voluptatibus aut aut ipsa consequuntur nulla sapiente. Facilis ut consequatur cum vero velit quo.', 'https://images.omerlocdn.com/resize?url=https%3A%2F%2Fgcm.omerlocdn.com%2Fproduction%2Fglobal%2Ffiles%2Fimage%2Fb4ddd4dd-70a1-4977-8a46-559f77b48ccc.jpg&width=1200&type=jpeg&stripmeta=true', 'Kattie Hettinger'),
(287, 53, 'pariatur nulla', 'Nihil praesentium ut exercitationem quo et magni nam. Excepturi expedita non modi possimus. Nulla animi sit omnis quaerat repellat molestiae voluptatem. Quae quae voluptas natus omnis sunt. Unde et voluptatem molestiae et eos voluptatem et quis. Et perferendis saepe magni qui commodi. Ipsam est hic nobis quibusdam ut velit assumenda. Corporis autem ipsam magni quisquam fugiat. Adipisci cumque ullam est blanditiis totam doloremque et qui. Ab id rem accusamus deserunt quaerat sit placeat. Temporibus autem consequuntur et culpa voluptatem. Ratione qui quia reiciendis dolor libero quidem.', 'https://www.gamespot.com/a/uploads/original/1562/15626911/3002107-5032115-04-variant.jpg', 'Velva Ziemann'),
(288, 49, 'ut et', 'Perferendis nihil incidunt quidem assumenda vitae numquam quia. Mollitia quod quos eligendi libero voluptatem illo itaque. Officia facere corporis magni minima omnis recusandae ullam sequi. Ut qui magnam tenetur explicabo corrupti dolorem. Rerum eos blanditiis repudiandae id dignissimos. Enim sit incidunt illo. Fugiat similique ipsum eaque illum. Ipsa deleniti necessitatibus dicta nisi nostrum doloribus dolor facere. Iure maiores maxime non veritatis doloribus amet magni. Repudiandae nemo aut quo quod nam exercitationem. Autem magnam ab quia sed.', 'https://bddi.2dcom.fr/LocalImageExists.php?ean=9782811215620&isize=full&gencod=3027166420000&key=DimetGmAYGQEsjiN', 'Ubaldo Homenick'),
(289, 38, 'qui sit nisi eos', 'Eligendi qui voluptatem aut culpa quae est sed. Quidem repellendus quibusdam temporibus tempora tempore. Veritatis in occaecati voluptas unde odio aliquam qui. Pariatur in et sit itaque qui vero repellat. Earum at a porro sapiente aut deserunt cupiditate. Debitis ut doloribus voluptatibus soluta quasi quisquam itaque. Quis libero aut saepe sapiente. Praesentium sint non nesciunt quia dolores. Qui dolores possimus ut dolorem. Repellendus et quia ipsa vitae eligendi. Laborum et nam eum. Recusandae autem quidem et cum sit molestiae.', 'https://mlpnk72yciwc.i.optimole.com/cqhiHLc.WqA8~2eefa/w:auto/h:auto/q:75/https://bleedingcool.com/wp-content/uploads/2020/09/TWDDLX01_Adams-Cover.jpg', 'Arnold Macejkovic'),
(290, 39, 'in et', 'Hic explicabo laboriosam temporibus ut tempora qui pariatur. Voluptatem rerum sunt qui accusamus distinctio ipsum inventore. Est rerum eos quaerat quam aliquam. Voluptate iusto illum id labore. Ipsum est sint voluptatem quam sit. Aliquam porro quisquam rem ut. Ab praesentium quia quas maxime consequuntur fuga ducimus. Et natus et voluptatem porro autem quia accusantium enim. Id autem odio dolores dolorem ullam voluptatem eos. Ex illum expedita neque minus omnis repellat non.', 'https://www.dccomics.com/sites/default/files/imce/2021/11-NOV/BM_Cv118_1in25_var_618447d1a5e754.72998228.jpg', 'Ahmad Kirlin'),
(291, 53, 'dolorem laborum', 'Id consequatur expedita animi rerum. Quas vel error veritatis placeat ipsa culpa atque. Ut illum eos earum animi. Soluta quia quidem magnam assumenda numquam accusantium voluptatum. Deleniti tempore eaque soluta accusantium similique animi. Voluptatem placeat deserunt et officiis ducimus id accusantium. Distinctio quas enim unde expedita qui. Doloribus facere aut occaecati fugiat. Ea consectetur perspiciatis corrupti sit. Enim illum ea labore sunt.', 'https://cdn001.tintin.com/public/tintin/img/static/the-shooting-star/the-shooting-star.jpg', 'Willie Krajcik'),
(292, 45, 'voluptas nisi quia in', 'Nam aut sit amet quis est aut quos suscipit. Cum excepturi perspiciatis rerum quidem ab minima. Veritatis eaque voluptatem laudantium totam quo qui. Similique excepturi quibusdam est voluptas harum nesciunt tempore. Minima officiis quibusdam voluptas nemo reprehenderit. Voluptatem sit et numquam aut est consequatur. Similique inventore possimus odit ullam porro. Totam voluptatem quaerat laboriosam cupiditate magni.', 'https://www.hallmark.com/dw/image/v2/AALB_PRD/on/demandware.static/-/Sites-hallmark-master/default/dw8ba9f1e5/images/finished-goods/Marvel-The-Amazing-SpiderMan-Comic-Book-Cover-Fathers-Day-Card-root-599FHE8966_PV.1.FHE8966.jpg_Source_Image.jpg?sw=1920', 'Virginie Conroy'),
(293, 41, 'corrupti sit repellendus exercitationem', 'Illum nobis amet magnam eius voluptas. Accusamus corporis nulla autem et. Optio at qui aliquid dolorem at iusto cupiditate assumenda. Doloribus autem veniam labore architecto. Et necessitatibus sit et rerum nihil. Deleniti eos debitis sint est. Minus quod repellat architecto. Laboriosam pariatur illum id ea sed consequatur sed. Eos dolor fugiat facere odio repellendus. Aut reiciendis laboriosam tenetur accusamus et inventore beatae. Nobis eaque et sit quae dolores veniam in tempore. Ipsam ut et rerum dolores ut corrupti.', 'https://cdn001.tintin.com/public/tintin/img/static/the-shooting-star/the-shooting-star.jpg', 'Brandyn Schuppe'),
(294, 39, 'sunt quia quod', 'Debitis sit at exercitationem ut culpa iusto. Consequatur illo aut atque nihil maiores omnis laboriosam est. Ratione repudiandae libero quae laborum. Et numquam provident est tempore. Ut ducimus minus aut facere ex quia. Veritatis dolores et delectus sed libero. Sunt illo atque praesentium. Ipsum et quia sint eum eligendi. Aut eos ducimus enim ab cum ut rerum sit. Modi rerum qui illo est eveniet perferendis consequatur. Dignissimos aperiam ut earum. Delectus excepturi eaque expedita sed sit. Repudiandae quia qui porro doloribus voluptas voluptatem. Facilis similique aut qui temporibus.', 'https://images-na.ssl-images-amazon.com/images/I/81KsPBgzmtL.jpg', 'Cassandre Zboncak'),
(295, 40, 'ipsum odio', 'Vitae vel et sit voluptate. Velit ipsam occaecati repudiandae vel est. Eum qui nostrum facere doloremque vel aut hic labore. Tempore et et quo et et consequatur saepe. Animi explicabo sint enim ut aut debitis aliquid. Consequatur quisquam debitis quibusdam id accusamus excepturi velit maxime. Id modi facere qui illo at neque. Quis vel distinctio minus rerum ut et.', 'https://cdn-products.eneba.com/resized-products/5jDEHg3wge1U7YZJVCOM2BTq98NC5lraxlc__mT3bIg_350x200_3x-0.jpeg', 'Benedict Feil'),
(296, 52, 'sed corporis ut harum', 'Modi quis alias incidunt ut suscipit. Recusandae nobis voluptatem sapiente nostrum qui minus reiciendis. In est est et consequatur qui soluta. Rerum blanditiis a ducimus voluptate. Ducimus asperiores repellat a quae ab. Eum eum autem sit qui magni odio. Qui vel consectetur laborum voluptatem. Iste et consectetur earum culpa architecto odio. Ut consequatur id sed dicta animi blanditiis et. Veniam quis odio in aut. Odit facilis soluta voluptas tenetur accusamus. Sint laudantium porro earum commodi sed dignissimos. Impedit ut a ullam similique aut cumque.', 'https://cdn001.tintin.com/public/tintin/img/static/the-shooting-star/the-shooting-star.jpg', 'Adrienne Muller'),
(297, 50, 'rerum', 'Dolores exercitationem saepe ad praesentium. Blanditiis quia ex ducimus impedit nam. Et inventore qui tempore dolor iste. Est ullam ut ipsa tempore tempore esse in. Consequatur velit sint expedita delectus et nam magnam. Cupiditate dolorem qui quisquam molestias voluptas. Dolorum omnis expedita repudiandae nihil perferendis quos. Ea assumenda exercitationem eius nihil non placeat sed. Consectetur magnam animi laudantium optio odit corporis debitis voluptas. Quibusdam laboriosam ratione fugiat id.', 'https://images.omerlocdn.com/resize?url=https%3A%2F%2Fgcm.omerlocdn.com%2Fproduction%2Fglobal%2Ffiles%2Fimage%2Fb4ddd4dd-70a1-4977-8a46-559f77b48ccc.jpg&width=1200&type=jpeg&stripmeta=true', 'Jacquelyn Will'),
(298, 39, 'veniam odio non', 'Occaecati iusto aut aliquid qui beatae impedit reiciendis. Ullam beatae quia molestiae necessitatibus est. Odit rerum odit at aliquid. Libero et et atque iusto vitae. Enim natus ratione quasi veniam. Pariatur facere nobis ipsum facere voluptatibus veniam enim. Quae blanditiis aut asperiores sit. Doloremque beatae dolore omnis. Beatae corporis mollitia rerum velit beatae quia illum aut. Omnis culpa amet dignissimos quia ipsum. Est pariatur minus aliquam qui quasi. Doloremque et voluptas aut commodi. Sint nihil dolorem ipsam. Animi soluta similique est similique reprehenderit possimus.', 'https://cdn2.originalcomics.fr/26776/buffy-contre-les-vampires-saison-8-tome-1-vf.jpg', 'Novella Kirlin'),
(299, 48, 'quasi numquam molestiae tempora', 'Aliquam nobis et fugiat natus placeat impedit. Debitis sit velit eum dolores. Reprehenderit et sit quia molestias quisquam quia. Ea et sint nesciunt sit earum ipsum. At labore nihil nihil aut sunt. Et veniam eveniet enim saepe. Ipsam sint deserunt blanditiis aspernatur itaque porro quia. Sed quas consequuntur qui sunt enim possimus. Accusamus qui dolorem optio quis quaerat praesentium qui est.', 'https://www.gamespot.com/a/uploads/original/1562/15626911/3002107-5032115-04-variant.jpg', 'Ayden Hahn'),
(300, 47, 'ut placeat enim aut', 'Laudantium voluptas repellendus aut pariatur. Soluta quos ullam laboriosam est debitis aut quos eos. Excepturi molestiae ipsum dolores beatae placeat accusantium. Nesciunt est repellat eaque tempore sed quia. Repellat molestiae laborum quaerat temporibus non et fugiat. Omnis dicta non aspernatur eos accusamus ad ut. Quis modi quod sint maxime quibusdam veritatis et. Voluptatem quisquam eius dolores voluptatum sapiente hic ipsa. Laboriosam placeat cumque provident numquam.', 'https://images.omerlocdn.com/resize?url=https%3A%2F%2Fgcm.omerlocdn.com%2Fproduction%2Fglobal%2Ffiles%2Fimage%2Fb4ddd4dd-70a1-4977-8a46-559f77b48ccc.jpg&width=1200&type=jpeg&stripmeta=true', 'Jennyfer Kling');

-- --------------------------------------------------------

--
-- Structure de la table `comic_category`
--

CREATE TABLE `comic_category` (
  `id` int(11) NOT NULL,
  `name` varchar(50) COLLATE utf8mb4_unicode_ci NOT NULL
) ENGINE=InnoDB DEFAULT CHARSET=utf8mb4 COLLATE=utf8mb4_unicode_ci;

--
-- Déchargement des données de la table `comic_category`
--

INSERT INTO `comic_category` (`id`, `name`) VALUES
(37, 'Action / Aventure'),
(38, 'Humoristique'),
(39, 'Fantastique'),
(40, 'Heroic Fantasy'),
(41, 'Policier / Enquête'),
(42, 'Historique'),
(43, 'Horreur'),
(44, 'Arts Martiaux'),
(45, 'Musical'),
(46, 'Romance'),
(47, 'Science Fiction'),
(48, 'Sports'),
(49, 'Espionnage'),
(50, 'Steampunk'),
(51, 'Superhero'),
(52, 'Ados'),
(53, 'Guerre'),
(54, 'Western');

-- --------------------------------------------------------

--
-- Structure de la table `doctrine_migration_versions`
--

CREATE TABLE `doctrine_migration_versions` (
  `version` varchar(191) COLLATE utf8_unicode_ci NOT NULL,
  `executed_at` datetime DEFAULT NULL,
  `execution_time` int(11) DEFAULT NULL
) ENGINE=InnoDB DEFAULT CHARSET=utf8 COLLATE=utf8_unicode_ci;

--
-- Déchargement des données de la table `doctrine_migration_versions`
--

INSERT INTO `doctrine_migration_versions` (`version`, `executed_at`, `execution_time`) VALUES
('DoctrineMigrations\\Version20220114085357', '2022-01-14 08:54:19', 1247);

-- --------------------------------------------------------

--
-- Structure de la table `event`
--

CREATE TABLE `event` (
  `id` int(11) NOT NULL,
  `category_id` int(11) NOT NULL,
  `place_id` int(11) DEFAULT NULL,
  `owner_id` int(11) NOT NULL,
  `activity_id` int(11) NOT NULL,
  `name` varchar(100) COLLATE utf8mb4_unicode_ci NOT NULL,
  `description` longtext COLLATE utf8mb4_unicode_ci NOT NULL,
  `picture` varchar(255) COLLATE utf8mb4_unicode_ci NOT NULL,
  `start_at` datetime NOT NULL,
  `end_at` datetime NOT NULL,
  `capacity` int(11) DEFAULT NULL,
  `game_level` varchar(50) COLLATE utf8mb4_unicode_ci DEFAULT NULL
) ENGINE=InnoDB DEFAULT CHARSET=utf8mb4 COLLATE=utf8mb4_unicode_ci;

--
-- Déchargement des données de la table `event`
--

INSERT INTO `event` (`id`, `category_id`, `place_id`, `owner_id`, `activity_id`, `name`, `description`, `picture`, `start_at`, `end_at`, `capacity`, `game_level`) VALUES
(207, 16, 227, 1234, 12, 'illum minima assumenda quia officiis dolor explicabo', 'Omnis autem ab magnam necessitatibus eum. Rerum architecto quaerat sunt. Dolores qui repellat in. Eum repellat quisquam corporis et. Autem in porro eos dicta. Delectus labore reprehenderit adipisci. Incidunt voluptatibus iste tenetur nihil laboriosam sapiente totam vel. Placeat earum necessitatibus tenetur quidem eos. Necessitatibus et aperiam et voluptatem. Beatae quod doloremque qui. Qui hic ut corrupti ab doloribus. Atque repudiandae eum eius voluptas impedit ut nobis. Quibusdam laboriosam quod voluptatibus sapiente culpa sint. Sed sed voluptatem fuga incidunt. Iste officiis iusto eos. Quod corrupti facere quo incidunt excepturi saepe enim. Quo quo non nulla ipsam ratione autem. Laborum aut corporis sed saepe perspiciatis adipisci corrupti. Similique praesentium sequi sed autem.', 'https://cdn.akamai.steamstatic.com/steam/apps/851590/capsule_616x353.jpg?t=1631538454', '2022-05-01 09:17:19', '2022-05-02 03:26:19', 65, 'Intermédiaire'),
(208, 16, 233, 1237, 15, 'explicabo sequi accusamus consectetur autem', 'Repellendus neque suscipit enim id. Provident reprehenderit aut perferendis architecto expedita. Officiis consequuntur dicta facilis cupiditate voluptatem. Adipisci omnis nostrum et omnis blanditiis sed nobis. Placeat autem repellat illo corporis ad modi incidunt. Enim ad odio quia delectus. Quia est nihil ex sequi quo aut sit. Eos dolorem exercitationem consequuntur et. Ut voluptas rem recusandae neque quia. Porro exercitationem quia omnis dolorum dolor et. Debitis nihil error occaecati odio facere eligendi. Adipisci iure in dicta et sapiente omnis. Nihil quis suscipit culpa sint dignissimos fuga ab. Esse debitis nobis sed dicta nisi. Qui quisquam impedit nihil sunt nihil. In ratione fugiat rem suscipit soluta quod. Occaecati tenetur nihil officiis expedita necessitatibus beatae.', 'https://cdn.arstechnica.net/wp-content/uploads/2021/07/legend-of-zelda-nes-gold-800x450.jpg', '2022-03-23 11:18:20', '2022-03-24 09:44:52', 332, 'Occasionnel'),
(209, 20, 217, 1100, 14, 'quas quibusdam sint laudantium', 'Voluptatum saepe ut tempore asperiores vel est nihil sunt. Eos reiciendis autem tempora non iste fugiat culpa. Dolor quia rerum et alias. Qui non aut cupiditate velit et sed dolorum. Minus ut sit sed iusto consequuntur. Laboriosam soluta dolores quam eos voluptatem. Omnis sint similique sapiente dolorem ex aperiam. Sit fugit accusamus consequatur rerum harum. Dolorem doloribus atque non unde perferendis culpa inventore ab. Molestiae excepturi sapiente voluptas vero. Autem accusamus ut veniam sit placeat accusantium officiis. Dolorum sed ut eius deserunt ducimus. Qui repellat sed veritatis qui. Ipsam quas illo commodi qui molestiae earum. Quibusdam modi consectetur ut est quia dolor reprehenderit blanditiis.', 'https://www.presse-citron.net/app/uploads/2021/05/koch-media-e3-conference.jpeg', '2022-02-17 20:36:08', '2022-02-20 17:01:51', 50, NULL),
(210, 18, 282, 1434, 13, 'blanditiis ut sunt reiciendis doloribus eaque cumque dicta', 'Quasi non sequi impedit eum id repellat. Aut possimus voluptas eveniet qui aliquid. Aliquam exercitationem voluptates sed omnis voluptatem libero amet. Nemo tempora voluptatem rerum quis et illum. Dolores dignissimos doloremque animi aut. Fugit nihil cum repellat dolorem accusamus suscipit hic. Quia quia qui consequuntur qui autem perferendis. Veritatis qui et dolorum maxime eum cum debitis iure. Hic cum rerum quibusdam aut sit alias et vel. Alias quis modi occaecati fugiat et esse praesentium. Nostrum porro dolorum saepe nisi rerum. Consequatur quae assumenda aut quod ea nihil. Ut architecto similique deleniti sint.', 'https://cdn.arstechnica.net/wp-content/uploads/2021/07/legend-of-zelda-nes-gold-800x450.jpg', '2022-05-18 05:49:31', '2022-05-18 09:21:47', 228, NULL),
(211, 21, NULL, 1477, 15, 'cupiditate sint optio et', 'Odit et ipsum quasi voluptas inventore et rerum. Laboriosam vitae deleniti quia ab ex. Officiis voluptatem sequi laborum dignissimos. Veritatis alias amet suscipit ut consectetur mollitia. Hic et sapiente corporis sit. Sed non consectetur dolor saepe quod reprehenderit nam. Doloremque et qui est. Rerum mollitia ab reiciendis voluptatibus. Ea repellendus dolore quidem repellat. Aspernatur aut est aspernatur accusantium natus. Enim omnis ut ut animi fugit similique qui asperiores. Eius accusantium enim ut odit officiis officia. Et nam nihil et ipsum. Qui corporis rerum saepe eos dolores hic voluptas. Veritatis odit eaque autem dolor cum a repellat.', 'https://www.realite-virtuelle.com/wp-content/uploads/2020/11/pokemon-go-milliard-revenus.jpg', '2022-03-16 00:38:07', '2022-03-17 11:11:07', 369, 'Professionnel'),
(212, 18, 275, 1353, 15, 'nemo non optio error iure aliquid', 'Ratione consequuntur aut ut molestiae quidem ut nemo. Iure consequatur maiores tempore voluptatem repellat quae esse. Temporibus qui ipsam fuga totam. Iure et laborum assumenda doloremque numquam expedita aut aliquam. Eius rem numquam consequatur dolorem recusandae. Officia architecto libero voluptatem excepturi possimus ut error. Voluptatem ut saepe perspiciatis et reprehenderit qui omnis. Ut esse facilis voluptatum voluptatem ullam aspernatur ut. Deserunt quibusdam et nihil et voluptatum. Ipsum laboriosam dolores sunt asperiores voluptate voluptatem. Voluptas dolores vel cupiditate ut. Reiciendis voluptatem culpa laboriosam. Dolores ut rerum voluptatem nam vel quam.', 'https://www.presse-citron.net/app/uploads/2021/06/netflix-geeked-week-summer-game-fest-2021.jpeg', '2022-03-18 14:10:46', '2022-03-19 04:20:40', 463, 'Professionnel'),
(213, 16, 206, 1503, 15, 'placeat ut quo vel itaque magni quibusdam', 'At earum vel amet quam cumque officiis. Voluptate sint consequuntur odit blanditiis vitae rerum dolorem. Totam soluta ad sit sapiente quibusdam porro quidem. Dicta veritatis velit necessitatibus consequatur reiciendis quae. Fuga placeat quos et et quaerat. Ullam nobis ut modi sed. Labore mollitia officia tempore id omnis aut. Qui dicta enim iusto deleniti sequi sit aliquid. Consequatur temporibus et ut ullam id. Modi ut eum harum ea. Optio aliquid quae et cumque enim. Earum qui facilis aperiam laboriosam dolorum. Fugit facilis harum nihil suscipit cupiditate tempora velit. Nihil aut odit maiores labore possimus. Tempora mollitia aut quos repellendus sapiente voluptatem.', 'https://www.poilsdemartre.fr/medias/images/japan-touch.jpg', '2022-05-22 03:15:11', '2022-05-24 10:31:58', 129, 'Tous niveaux'),
(214, 17, 239, 1092, 15, 'maiores autem dolor necessitatibus', 'Molestias aut id voluptatum minima. Atque molestias quidem maxime ducimus. Vel suscipit est consectetur praesentium quis. Quis provident quisquam in dolorem perspiciatis neque cupiditate. Sed iste qui a doloremque praesentium qui. Non autem excepturi dignissimos explicabo odit quia culpa. Quis consequuntur eos laborum. Dolore placeat consequatur ut ea quia aliquid blanditiis. Architecto nobis saepe dolor odio officia consectetur facere. Accusantium et deserunt ratione reprehenderit debitis labore ducimus. Alias quos exercitationem illo neque et et atque. Non cumque aut cupiditate autem impedit. Odio distinctio cum voluptas reiciendis aut consectetur.', 'https://i.ytimg.com/vi/TFZacjKUlic/maxresdefault.jpg', '2022-04-08 15:59:53', '2022-04-08 17:47:24', 137, 'Intermédiaire'),
(215, 16, 260, 1217, 15, 'dicta maiores atque', 'Facilis earum voluptas deleniti dolor. Qui numquam corrupti dolorem voluptatem qui. Ut atque nemo illum alias ut. Sapiente veniam et in dignissimos dicta minima. Optio enim dolor quia. Excepturi occaecati beatae dolore quo. Iure vitae id rem adipisci. Aut vel fugit enim doloremque. Fugiat velit voluptatibus aliquid corporis nihil. Possimus nobis ipsa vel natus. Consequatur expedita quo aspernatur. Modi ut enim aut aliquam. Velit aliquid error consequatur id libero quas quasi. Hic cumque et et dolores amet rerum. Animi laudantium libero odit aut ut animi. Et ex tempora quia maiores autem dolorum quidem. Quos ut non omnis inventore alias aut sint. Rerum est quisquam placeat ipsum eum. Voluptatem vitae et id. Quia excepturi et repellat nam.', 'https://www.presse-citron.net/app/uploads/2020/04/e3-online.jpg', '2022-03-02 23:22:42', '2022-03-04 23:16:01', 177, 'Professionnel'),
(216, 18, NULL, 1416, 14, 'ut quisquam et et quas fugit consequatur', 'Non itaque eligendi in rem doloribus quia aut et. Corrupti molestias debitis modi quas fugit eum error. Est eius voluptatibus suscipit. Ipsum dolorem dignissimos quidem dolore dolore rerum non corporis. Aut aut est quam non quas et. Deleniti ut ducimus aut laboriosam incidunt molestiae. Aut voluptatem aut quis rerum aut ea et reprehenderit. Omnis eum quidem maiores qui. Facere numquam omnis voluptatibus eos ab magni et. Molestiae corporis nesciunt quaerat et ut. Qui dignissimos necessitatibus sint aspernatur. Minus illo aliquam quod ducimus voluptatem est sint. Magni dolores qui est. A at dolorem error mollitia corporis voluptatem et.', 'https://www.rom-game.fr/multimedia/agenda/211005_videgreniergeekpampuyre2022.jpg', '2022-04-26 11:49:40', '2022-04-27 07:18:01', 98, NULL),
(217, 18, 251, 1210, 15, 'dicta quis doloremque ut non', 'Doloribus in non rerum. Fugiat omnis reiciendis dolores accusamus ut quisquam. Veniam vel praesentium eum vel rerum pariatur pariatur. Dicta qui ut inventore. Eligendi quae cum voluptatum rerum officiis. Velit repudiandae repudiandae error exercitationem. Quia eos laudantium rem qui recusandae. Mollitia autem est sequi voluptatem vitae doloribus. Dolores sequi vel consequatur non eaque cumque quae. Dolorum voluptatum unde et aut blanditiis. Voluptas iste asperiores commodi commodi. Beatae dicta molestias repudiandae minima. Voluptatum aliquid voluptatem sit eos culpa illum molestiae et. Repellat nisi consequatur officia temporibus. Dolor veritatis voluptates voluptatem minus quisquam. Quae aut quia est enim numquam aliquid omnis. Et in non unde magni id at vel. Qui ut nihil rerum magni.', 'https://www.miraigamers.com/wp-content/uploads/2021/07/Yu-Gi-Oh-Master-Duel-arrive-sur-tous-les-supports-pret-pour-le-Duel.jpg', '2022-04-25 20:41:42', '2022-04-28 00:53:58', 436, 'Débutant'),
(218, 21, 219, 1100, 14, 'fugit aut earum amet ducimus', 'Adipisci perferendis molestiae doloribus officia tempora eius. Nisi qui harum aut omnis. Deleniti vel soluta ipsum voluptates quasi tempore. Omnis nesciunt quia amet sunt autem. Similique provident harum qui aspernatur temporibus. Magni hic recusandae et reiciendis. Voluptatem nam rerum sint aperiam. Omnis sit quia et tempora. Dolore perspiciatis omnis illo id labore quod possimus. Vero cum quis autem non voluptas quia. Voluptatem id omnis quod libero in in. Optio ea doloremque molestiae quod mollitia magnam sit eaque. Expedita dicta non sed enim. Culpa in enim dolor quod quae. Enim ex voluptatum reprehenderit. Inventore illo ut qui odit. Magni totam velit quia et et nobis numquam. Iste voluptates odit harum modi. Nostrum et ducimus vitae sed ducimus fugit nihil animi.', 'https://data.1freewallpapers.com/download/dota-2-1280x720.jpg', '2022-03-15 18:42:57', '2022-03-18 00:22:27', 363, NULL),
(219, 21, 243, 1054, 12, 'fugiat eos sit suscipit est', 'Nihil repudiandae sequi saepe et. Quis cum dolorem voluptas quia consequatur non aut. Maxime sunt quia repellendus sint cumque cumque ut. Provident corporis ut provident ipsum. Magni eum perferendis laboriosam ut blanditiis. Omnis aut iure ipsum vero unde. Recusandae in enim animi consequatur voluptates quo fugit. Et rem est placeat quia voluptatibus voluptatem velit. Nulla aliquam molestiae harum facilis. Minus animi ab voluptas ipsa voluptatem. Natus impedit dolores totam in doloribus. Officiis harum et sit excepturi nam laboriosam neque beatae. Dolores sequi adipisci aspernatur ut sequi. Quia et inventore est id nisi iste voluptatem. Harum est excepturi consequatur vitae.', 'https://cdn.akamai.steamstatic.com/steam/apps/851590/capsule_616x353.jpg?t=1631538454', '2022-05-03 06:12:09', '2022-05-04 06:12:51', 210, 'Professionnel'),
(220, 20, 292, 1406, 12, 'adipisci harum dolore magni', 'Qui tempore numquam impedit nemo recusandae. Harum esse eum veritatis dolores qui ipsam. Alias non iure consequatur. Ipsam adipisci deserunt voluptatem. Ducimus ea ut est sed quia adipisci cum impedit. Ex atque neque aut mollitia dolorum quae quia. Rerum velit maxime rerum vitae omnis nemo. Nesciunt accusamus voluptatem asperiores ullam qui. Quia nemo facilis possimus excepturi incidunt ea. Autem adipisci ea ut aliquid. Est at consequatur molestiae voluptatem adipisci. Ut beatae itaque et et amet dolorum dolor. Ipsam odio aut voluptate nobis. Quis est dolorum non magnam dolorum et ullam. Ad voluptatem officia optio eaque.', 'https://www.miraigamers.com/wp-content/uploads/2021/07/Yu-Gi-Oh-Master-Duel-arrive-sur-tous-les-supports-pret-pour-le-Duel.jpg', '2022-02-10 05:32:41', '2022-02-12 07:43:01', 419, 'Occasionnel'),
(221, 21, NULL, 1455, 13, 'praesentium doloremque non fuga vitae', 'Rerum illo et itaque et. Neque nam error officia. Vel autem id vero natus sed neque qui. Impedit officia incidunt consequatur ea. Quam occaecati quasi aut fugit provident non. Dolorem assumenda enim distinctio temporibus eaque error voluptas. Dignissimos perspiciatis quae voluptatem corporis dolores natus dolor cumque. Qui cumque quia est voluptas culpa ipsum earum repellendus. Ab cum aut fuga. Laborum iusto rem sequi et at consequuntur debitis. Libero suscipit quam corrupti cumque at sapiente. Iusto explicabo nemo reiciendis deleniti reprehenderit. Cupiditate omnis molestias et aliquid doloribus repellendus. Ut voluptas omnis beatae dicta ullam. Quaerat officia mollitia distinctio. Numquam ad dignissimos eveniet odio ea. Ipsa itaque omnis nulla et.', 'https://i.ytimg.com/vi/TFZacjKUlic/maxresdefault.jpg', '2022-02-12 05:51:55', '2022-02-12 14:31:38', 28, NULL),
(222, 19, 263, 1262, 15, 'reiciendis laboriosam vitae minima autem', 'Nisi quia magnam similique et sunt. Quis vel sed provident soluta consequatur ea autem ea. Soluta sit amet accusamus fugiat qui. Explicabo consequatur quam enim laboriosam hic excepturi. Sit amet eveniet sit amet sit architecto. Dolores exercitationem ab consequatur laudantium quo illum quos. Sunt blanditiis iusto deserunt eum qui. Inventore ipsa dolorem magnam et perspiciatis beatae rerum aut. Labore aspernatur qui eos dicta. Officiis aut non et. Voluptatem cum magni minus mollitia. Ut sed cupiditate et officiis dolorem eos quod. Id suscipit vitae itaque sed voluptas dolor ex. Architecto accusantium numquam doloribus enim voluptates. Aliquam blanditiis dolorem incidunt porro ea.', 'https://fr.web.img2.acsta.net/newsv7/20/06/30/12/28/5740456.jpg', '2022-04-07 23:42:13', '2022-04-09 22:40:03', 403, 'Intermédiaire'),
(223, 21, 268, 1167, 12, 'voluptatem officiis at natus eveniet', 'Eos qui doloribus enim amet non. Est sed sit voluptatem maiores vel tempore id. Sit labore cupiditate quod ducimus. Quia perferendis mollitia aspernatur magnam rem ut delectus. Eaque autem recusandae vero est suscipit veritatis consequatur. Dicta magnam veniam nihil necessitatibus aperiam ut. Cumque quod assumenda voluptates quia quod deserunt consequatur. Qui debitis vitae est consequatur. Quos nesciunt magni maxime. Velit recusandae placeat voluptatem autem esse. Molestiae asperiores quo nisi possimus ex praesentium aut enim. Sed dolores neque quisquam in. Voluptatibus eum et aut. Corporis rerum nesciunt distinctio vel sunt eligendi ipsa. Rerum itaque dolor earum dolore architecto aut molestias.', 'https://img.redbull.com/images/c_limit,w_1500,h_1000,f_auto,q_auto/redbullcom/2019/11/08/fc0f91de-3998-4be5-b50e-96d8d9e0cd45/lol-10-ans-league-of-legends', '2022-01-28 16:38:59', '2022-01-31 14:32:10', 77, 'Confirmé'),
(224, 18, 294, 1121, 14, 'ipsam amet molestiae exercitationem maxime autem odit cumque eos quas', 'Distinctio mollitia aspernatur velit quo. A maxime atque doloribus et velit nihil assumenda. Nobis vel blanditiis quo eos culpa consequatur quod neque. Eos et et quis earum aperiam provident. Ipsam nulla officiis fuga necessitatibus tempore. Est et et consequatur quod corrupti harum. Quis fugiat quisquam magni fugiat nemo. Sunt exercitationem et vero minus quidem ad voluptate. Qui suscipit quae fugiat quia. Quasi ut quo et eaque est fugiat pariatur corporis. Hic officiis voluptatum aliquam quis voluptatem. Quos officiis qui enim esse doloribus quasi rerum. Eos voluptatem fugit eos et enim natus aliquam. At repellendus distinctio pariatur eaque ipsa est. Rerum ipsa quia ut architecto eveniet voluptas laboriosam.', 'https://www.manga-news.com/public/images/events/geek-unchained-4.jpg', '2022-02-12 06:44:00', '2022-02-12 19:18:17', 144, NULL),
(225, 19, 293, 1051, 14, 'quia officiis ex adipisci quidem modi architecto iure', 'Nemo non natus odio natus sunt labore delectus. In et temporibus fugit et quos. Aut consequatur et debitis quod veritatis et rerum. Mollitia amet velit molestiae ut. Consequatur nulla excepturi maxime aspernatur dicta hic aliquid perferendis. Et sint ut cum commodi accusantium qui. Officia perferendis id aut placeat ex molestiae velit. Cum nam necessitatibus tempora nulla porro. Distinctio nulla illo ipsum rerum nihil. Nostrum consectetur error enim dolorum. Doloremque illum cupiditate dolorem qui ut. Dignissimos dolorum in qui odit. Qui a voluptas qui ipsum rerum et. Optio nihil iure qui minima illo vitae in.', 'https://www.rom-game.fr/multimedia/agenda/211005_videgreniergeekpampuyre2022.jpg', '2022-04-09 08:19:48', '2022-04-11 23:03:14', 344, NULL),
(226, 21, NULL, 1418, 14, 'eligendi quam velit', 'Saepe est eos reiciendis impedit beatae. Sapiente inventore dolorem dolore sit voluptatem aut tenetur. Maiores enim non est nostrum quidem veniam. Est ex ut ut enim et. Ducimus corrupti quis aut et iusto culpa qui. Dolore placeat error unde temporibus deserunt. Et sed autem beatae. Quia voluptatibus et culpa mollitia. Qui ullam quo et sequi eos dignissimos. Cum voluptatem eum beatae ratione facilis ut est. Pariatur nihil qui fugiat eaque facere architecto iusto. Est dolor pariatur quasi qui. Sint eaque impedit reiciendis voluptatibus neque iste. Rerum dolorem ut optio sed expedita molestiae quo. Ex autem amet non voluptatem. Tenetur omnis omnis omnis fugit fuga neque. Id qui rerum voluptatem cumque placeat esse voluptas.', 'https://www.rostercon.com/wp-content/uploads/2021/09/dcfandome-2021.jpg', '2022-02-09 06:34:43', '2022-02-09 14:19:52', 160, NULL),
(227, 17, 298, 1488, 15, 'eos voluptas fugiat fuga', 'Ex accusantium id quis recusandae nobis modi. Eius laboriosam aut ut id sed doloribus consequuntur. Fuga dolorem dolorem dolorum dolores in dolores. Vel dolor cupiditate vel nulla dolorem sed. Illum rem deleniti sed molestias consequatur molestiae placeat. Accusantium incidunt quidem molestiae veniam. Nam quia adipisci neque et aut. Pariatur aliquid deleniti dolorem natus repellat modi animi qui. Aut et dolor modi quisquam ullam qui. Odio odit consequatur accusantium cum. Est voluptatem quidem autem beatae. Distinctio a fugit repellat ut aut. Porro architecto maxime possimus similique facilis neque. Est est itaque iusto. Ut omnis quia iusto corporis magni. Rerum soluta occaecati repellat laborum commodi. Nisi magni architecto illum amet qui a.', 'https://www.miraigamers.com/wp-content/uploads/2021/07/Yu-Gi-Oh-Master-Duel-arrive-sur-tous-les-supports-pret-pour-le-Duel.jpg', '2022-04-07 00:07:01', '2022-04-07 07:43:48', 68, 'Tous niveaux'),
(228, 17, 277, 1415, 14, 'magnam tempore dolorem', 'Dolorum inventore sint ut officia autem eaque eveniet aut. Eligendi et sint non earum error occaecati ullam vero. Reiciendis repellendus fugiat beatae. Voluptas quis porro consequatur incidunt corporis aliquam. Et aperiam tempore molestiae est. Voluptas corporis et expedita possimus non perferendis sed commodi. Voluptas eum reprehenderit quidem omnis nobis consequatur maiores. Id aut rerum iste odio odit. Sit atque sunt hic voluptatum vel possimus et. Ex quo exercitationem iusto corporis. Numquam alias sed labore sint autem. Dolor iure aspernatur optio quia dolores. Ut aliquid non laudantium porro sed. Commodi non autem earum ullam asperiores aut quaerat.', 'https://data.1freewallpapers.com/download/dota-2-1280x720.jpg', '2022-04-26 17:09:41', '2022-04-28 17:48:31', 264, NULL),
(229, 16, 232, 1496, 12, 'corporis est repellendus iste eos veritatis iusto tempora', 'Ducimus veniam in veniam ea placeat quis aperiam molestiae. Accusamus commodi adipisci sint. Corporis corporis aperiam aut nihil molestiae qui. Officiis commodi et deserunt expedita animi distinctio officiis. Rerum nihil dignissimos qui quia beatae deleniti id porro. Officia voluptates et at corrupti eos exercitationem. Ullam voluptatem voluptatem eum mollitia et hic iste. Voluptatibus qui qui id aut sit praesentium explicabo. Dignissimos illo nulla labore quae velit. Vitae accusantium deserunt quidem facere facere est. Quo minima sapiente corrupti qui vel et. Est libero voluptas corporis iure reprehenderit beatae commodi. Repellendus ex cum tempora enim sit. Itaque provident sed esse nihil nisi. Delectus deleniti qui quia inventore voluptatem.', 'https://www.rostercon.com/wp-content/uploads/2021/09/dcfandome-2021.jpg', '2022-06-08 15:51:19', '2022-06-08 17:59:03', 4, 'Professionnel'),
(230, 16, 233, 1146, 15, 'molestias optio natus sed eum accusantium odit ipsa', 'Eos voluptatibus asperiores rem consequatur aliquam numquam eveniet id. Ad quae ad possimus quia consequatur. Voluptate fugit laudantium temporibus ut. Quia enim delectus ut et quia. Hic repellat ut perspiciatis est sequi. Corrupti ut consequatur quisquam reprehenderit sequi qui. Molestiae dolores illo in neque ut voluptas voluptas dolorem. Occaecati quia occaecati quibusdam officia nihil consequatur. Ut dignissimos perferendis explicabo aut id eaque necessitatibus. Sed quos ipsa id quis. Nisi et sunt explicabo. Voluptas et non consequatur quod voluptatem commodi ipsa. Beatae non veniam rerum minus minus est aut. Voluptas velit culpa rerum iusto atque cum. Officiis consequatur labore et distinctio.', 'https://www.rom-game.fr/multimedia/agenda/211005_videgreniergeekpampuyre2022.jpg', '2022-05-14 07:44:28', '2022-05-15 16:01:54', 167, 'Confirmé'),
(231, 16, NULL, 1220, 12, 'doloremque incidunt porro corporis sit assumenda quis commodi', 'Nisi sed et eum mollitia explicabo. Itaque autem ut at ipsum repudiandae. Voluptatibus mollitia omnis est autem nam. Ut necessitatibus voluptatem qui minus. A explicabo esse sapiente. Tempore eligendi ipsam aliquam rerum nulla. Ab rerum qui aut accusantium. Soluta sit commodi ipsam ducimus voluptas voluptas pariatur. Ipsa recusandae tempore quis ad. Aspernatur voluptatem assumenda voluptate quis. Non temporibus assumenda doloribus sit a aut. Ut deserunt at magni accusamus velit totam. Nulla voluptas laborum dolores vero nemo. Sapiente voluptatem temporibus velit sed. Eveniet ex quia velit sapiente. Consequuntur officia repudiandae et vel corrupti aliquid perferendis. A provident suscipit ratione qui. Dolor aut voluptatibus est recusandae.', 'https://img.redbull.com/images/c_limit,w_1500,h_1000,f_auto,q_auto/redbullcom/2019/11/08/fc0f91de-3998-4be5-b50e-96d8d9e0cd45/lol-10-ans-league-of-legends', '2022-04-10 07:51:46', '2022-04-13 05:15:22', 168, 'Occasionnel'),
(232, 16, 251, 1488, 15, 'autem voluptatem veniam in', 'Quia quia sed et placeat omnis non. Aut vitae rem ex repudiandae dignissimos molestiae provident et. Aut qui et ab et nobis. Quia consequatur consequatur dolores quo saepe dolorem rerum. Et natus a quaerat maxime facere. Sed architecto vel sed sed sint consequuntur a. Hic quia voluptatem non expedita. Suscipit tenetur soluta id amet. Sequi neque possimus est quia cupiditate. Qui voluptatem pariatur eum ipsa deserunt autem non. Cum rerum et sunt dignissimos ipsa at velit. Explicabo voluptate vero doloremque incidunt eius sunt. Et aut quo doloremque cumque. Ipsa iure dolores aliquid veritatis qui sunt. Magni tenetur perspiciatis provident ea nulla. Dolores quo molestiae quidem qui dolorem molestias delectus. Neque et ut enim dicta ea excepturi.', 'https://www.rostercon.com/wp-content/uploads/2021/09/dcfandome-2021.jpg', '2022-03-06 15:53:16', '2022-03-08 19:41:44', 381, 'Tous niveaux'),
(233, 20, 267, 1299, 14, 'corporis numquam esse earum et eum itaque', 'Soluta optio est dolorem ullam reiciendis necessitatibus dolorem vero. Id et est enim ut. Fugit quam et laudantium officiis corporis quis cum. Nisi rerum exercitationem laboriosam sunt ut tempora. Nobis sint ut illum laborum quae dolorum quisquam ducimus. Enim deserunt laboriosam quia ea tempora sunt. Tempora voluptatibus voluptatibus magni. Sint neque qui magnam et ut et alias. Assumenda voluptates est ut eligendi praesentium. Labore aut inventore nam consequatur ipsam quis nobis. Ea incidunt sapiente minus ut quia. Nobis dolores itaque rem accusamus illo nostrum et. Quidem culpa voluptas rerum et in est quo quaerat. Eum et rem eaque facilis voluptatem consequuntur hic. Omnis pariatur dolorum sit. Ratione ad accusantium molestiae in velit.', 'https://www.presse-citron.net/app/uploads/2021/05/koch-media-e3-conference.jpeg', '2022-02-10 17:56:16', '2022-02-13 10:07:41', 37, NULL),
(234, 19, 219, 1114, 15, 'tempora nobis dolores similique sed architecto nulla maiores sint unde', 'At quos ipsam commodi ipsa dolorem. Reiciendis aliquid repellendus temporibus. At voluptatem aliquid maxime et magni consequatur. Explicabo quae sunt dignissimos inventore consequatur. Non rerum et repellat non sapiente eos. Quis nihil soluta fuga voluptatum corporis ut. Quibusdam facere consequuntur adipisci accusamus. Maiores iusto optio eius ipsa quae. Sint minima aliquid reprehenderit temporibus qui consectetur. Odio aut consequatur soluta quae. Dolorum excepturi ut temporibus est aut quaerat. Et quia reiciendis ad vero quia repellendus adipisci. Architecto laboriosam consectetur rerum. Dicta nisi corporis modi et voluptatem.', 'https://www.realite-virtuelle.com/wp-content/uploads/2020/11/pokemon-go-milliard-revenus.jpg', '2022-04-04 00:18:34', '2022-04-05 16:29:36', 222, 'Confirmé'),
(235, 21, 240, 1038, 15, 'autem optio illum est', 'Et non et repudiandae ea libero. Occaecati suscipit aut voluptatem ullam quas cumque. Explicabo laboriosam iste est sint. Error sint esse nesciunt optio. Neque voluptatem enim neque ducimus magnam. Sed doloremque non sequi dolorem animi fugit. Rerum rerum consequatur est recusandae sed porro. Ut est magni saepe eligendi non accusantium similique. Et vel enim neque fugiat deleniti placeat. Blanditiis ipsam praesentium nisi. Rerum sed nostrum aperiam sint quo est. Perspiciatis dicta molestiae nulla vitae ea sunt. Nihil qui sed modi est dicta. Facere quia non accusamus illo voluptas reiciendis et qui. Sint tempora at in ullam et est voluptatem. Vel nihil dicta soluta atque corrupti. Porro vero et qui sunt qui eos enim. Sequi qui nesciunt impedit est. Sed qui inventore nostrum quaerat magni.', 'https://i0.wp.com/www.nintendo-town.fr/wp-content/uploads/2019/04/H2x1_NSwitch_MortalKombat11_image1600w.jpg?fit=1600%2C800&ssl=1', '2022-05-05 14:30:16', '2022-05-06 20:29:42', 409, 'Professionnel'),
(236, 19, NULL, 1187, 13, 'perferendis minima vitae dolor sed non', 'Id molestias sed natus temporibus et. Qui autem reiciendis corporis nulla. Dolorem modi tenetur magni fugit sunt. Consequatur asperiores quasi blanditiis in minima earum quaerat. Quis nostrum aperiam repudiandae laudantium blanditiis aperiam voluptates. Neque ad ut et et aut facere tenetur. Sit quaerat nihil commodi amet molestiae vero officia. Qui id est ipsam soluta laudantium. Sit est autem enim in est. Ipsam omnis culpa fugiat consequuntur. Asperiores fuga aut voluptatibus molestiae occaecati qui. Aut ullam neque similique rem ut laboriosam rerum modi. Et qui minus eos. Qui nisi sapiente quos qui eligendi quo perspiciatis et. Laudantium accusamus odio nihil quidem laudantium ut.', 'https://www.rom-game.fr/multimedia/agenda/211005_videgreniergeekpampuyre2022.jpg', '2022-03-12 15:29:05', '2022-03-13 12:07:41', 317, NULL),
(237, 20, 281, 1394, 12, 'libero quibusdam quaerat modi quidem reprehenderit molestias omnis hic rerum', 'Tempore nulla maiores pariatur sit rerum. Optio in quia quaerat modi cumque iure atque. Est est quod soluta dolores doloremque eum non. Rem sed repudiandae earum quae natus id. In eius asperiores omnis id. Nobis ipsa consequuntur laboriosam fuga ut voluptas unde. Beatae repudiandae rerum alias pariatur consequatur tempora eaque. Et impedit quia ducimus dolorum perspiciatis doloremque. Explicabo modi nihil eveniet vel. Delectus dicta aspernatur molestiae aut aspernatur velit. Perferendis reiciendis fuga laborum. Vero autem expedita atque nemo aliquid recusandae aut. Dolorem voluptatem et omnis est.', 'https://www.rostercon.com/wp-content/uploads/2021/09/dcfandome-2021.jpg', '2022-03-20 13:52:51', '2022-03-23 11:05:28', 458, 'Confirmé'),
(238, 20, 274, 1084, 12, 'dolores velit nobis', 'Ab eaque sit explicabo sint vitae. Amet porro sequi eius quae voluptatibus ratione. Enim voluptatum dolor illum harum ea. A cupiditate ducimus quo impedit. Et doloribus nam cupiditate itaque rerum maxime. Sint dolores neque ratione dolore voluptatem. Repellendus blanditiis magni nisi veritatis nulla. Est minima sapiente ad natus voluptates enim aut. Ea odio aperiam at reprehenderit delectus nobis et. Numquam voluptate autem similique. Autem placeat eligendi impedit repudiandae doloremque. Molestiae praesentium sint enim nesciunt cum alias quis. Numquam possimus consequatur et animi odit nemo quam aut. Enim asperiores reprehenderit dignissimos laboriosam et sunt molestias qui. Consequuntur veritatis officia vitae doloribus. Saepe repellendus quos commodi voluptas qui est.', 'https://previews.123rf.com/images/microone/microone2006/microone200600047/148520518-board-game-evening-friends-meeting-happy-players-characters-isolated-teenagers-or-adults-playing-car.jpg', '2022-03-27 11:40:48', '2022-03-27 22:36:55', 344, 'Débutant'),
(239, 19, 258, 1372, 12, 'omnis placeat veniam est dolor tenetur et', 'Quia eos excepturi qui aut delectus quae. Et ad occaecati voluptate libero minus nihil. Nihil est ratione debitis illo. Veritatis labore voluptatem dignissimos in. Voluptatum deleniti aut temporibus aut. Autem et ratione velit at sint laborum ipsum. Sed aut eos corrupti itaque voluptate. Et molestiae similique repellendus id. Odit esse officiis voluptate a dolorem dolorem pariatur quis. Itaque pariatur iste occaecati optio officia ex a. Voluptates repellendus dolores pariatur enim aut est. Quasi inventore sit ducimus excepturi voluptatem facere temporibus. Molestiae ipsa eum et enim assumenda. Suscipit repellat expedita soluta et expedita sint est. Excepturi eveniet sapiente quasi ab. Occaecati voluptas soluta pariatur. Ullam nemo aut et dolorem deleniti dignissimos.', 'https://www.rostercon.com/wp-content/uploads/2021/09/dcfandome-2021.jpg', '2022-06-21 01:51:22', '2022-06-23 01:42:38', 462, 'Intermédiaire'),
(240, 16, 236, 1469, 13, 'molestiae voluptatem maxime consequatur magnam ea eos corporis', 'Sequi assumenda incidunt et maxime tempore accusantium. Labore ut dolores quo tenetur. Aut nobis quo cupiditate ipsa consequuntur nemo. Repellat ipsam numquam ex aut. Harum maxime vel veritatis. Non accusantium unde ut culpa alias autem. Non eum atque temporibus quis illo eveniet rem. Perspiciatis porro non nam fuga autem. Veritatis rerum alias beatae recusandae iste sequi. Repellendus voluptas eligendi harum nemo numquam impedit totam. Sapiente sit officia quia porro. Labore dolor hic quia aut ea quo velit deleniti. Est aliquam corrupti ex quos. Earum illo autem distinctio praesentium minima. Ipsam omnis illo iusto. Quasi expedita est quia sint sapiente nemo.', 'https://www.realite-virtuelle.com/wp-content/uploads/2020/11/pokemon-go-milliard-revenus.jpg', '2022-06-03 03:19:48', '2022-06-04 01:28:20', 138, NULL),
(241, 21, NULL, 1106, 13, 'dolore quos voluptatum sed laudantium', 'Provident rerum ad velit animi perferendis aut hic est. Id dolorem necessitatibus illo id voluptatem. Facilis amet dignissimos perspiciatis deleniti. Ipsum deleniti eaque aut similique ut et mollitia sed. Laboriosam quos iste alias vel rem tempora nobis quas. Dolorum et sed ad. Expedita et sapiente qui. Et eius qui omnis ex eveniet cupiditate. Iste ab fugit minus voluptas esse iure quod. Inventore et error enim quis enim et. Dolor quo id est assumenda corporis non earum. Ullam sed iure necessitatibus. Voluptas natus vero qui voluptas iste iusto. Unde sunt corporis voluptas aut quos. Esse rerum doloremque officia officia quam officia.', 'https://cdn.akamai.steamstatic.com/steam/apps/851590/capsule_616x353.jpg?t=1631538454', '2022-03-31 15:07:58', '2022-04-02 09:30:22', 485, NULL),
(242, 21, 270, 1285, 13, 'et adipisci reiciendis dolores rerum rerum quibusdam necessitatibus quas', 'Voluptas culpa dolor distinctio ut. Quia harum placeat explicabo ut et. Ut maiores harum dolor rerum sit repudiandae. Dolorum ut esse voluptatem nam repellat aut id. Officia perferendis ipsum assumenda quisquam ut. Delectus sint et optio quae sed animi sapiente. Molestias est ut consequatur corporis quia eos. Dolores voluptatem est sunt ullam neque nesciunt eos. Cupiditate magnam adipisci nemo aliquid. Temporibus porro asperiores ipsam vitae reprehenderit. Quasi nisi in eius animi ut consequuntur. In vel exercitationem porro enim autem voluptatem. Velit consequuntur sed est optio deleniti. Ipsam ut aut dolorem ab sed id reiciendis. Dignissimos et occaecati delectus enim consequatur et.', 'https://cdn.arstechnica.net/wp-content/uploads/2021/07/legend-of-zelda-nes-gold-800x450.jpg', '2022-04-05 11:01:10', '2022-04-07 12:39:45', 246, NULL),
(243, 18, 251, 1454, 13, 'debitis et natus molestias quas', 'Officia aliquid voluptates voluptate est minus fuga. Sit dignissimos quos et dolore quibusdam optio autem. Natus suscipit aliquid alias tempora. Consectetur eius porro quas. Ipsum numquam sed perferendis dolore. Suscipit atque nam voluptatem praesentium omnis quia sit. Labore numquam a dolorum qui. Aliquid porro placeat voluptates sit temporibus eum. Aut animi nisi at recusandae esse. Facere nobis est exercitationem sapiente nihil iusto. Magni enim ipsum ut distinctio sint. Earum et porro ratione tenetur nulla et natus eveniet. Aliquid asperiores quia omnis molestiae sed et. Minima et nulla quia aut facere sed mollitia praesentium. Distinctio rerum rerum totam quod enim eos quibusdam.', 'https://happydays365.org/wp-content/uploads/2020/05/Geek-Pride-Day-1080x630.jpg', '2022-02-08 04:13:18', '2022-02-09 04:00:23', 158, NULL),
(244, 18, 282, 1019, 13, 'sed illum deleniti odit animi natus aut', 'Itaque mollitia veritatis aut nobis in. Praesentium molestiae deserunt voluptas ab et. Id voluptatum cupiditate veniam expedita sit quia. Neque voluptatem qui illum quas et assumenda. Quasi aut reprehenderit itaque consequatur. Totam veniam temporibus quos at esse aliquam earum. Quos aut ad praesentium occaecati quaerat. Earum doloribus consequatur sed velit. Eveniet sit porro ut. Vero rem quasi cupiditate earum ut sit. Nostrum debitis nulla eos non odio hic. Omnis temporibus sit ad consequuntur sapiente explicabo. Cumque qui ut pariatur numquam nemo et voluptas. Nam quia eaque molestias aut beatae.', 'https://www.rom-game.fr/multimedia/agenda/211005_videgreniergeekpampuyre2022.jpg', '2022-06-16 05:28:02', '2022-06-18 17:34:07', 142, NULL),
(245, 16, 296, 1429, 15, 'eos pariatur inventore', 'Eum repudiandae ea maxime ipsam doloremque possimus. Hic eveniet et accusamus dolor qui. Dolor odit iure non exercitationem et. Explicabo alias voluptas nemo laboriosam eligendi possimus ea. Et et voluptas quos eligendi molestiae. Et quos nemo quo et. Hic et sit autem tenetur sequi quod. Non veniam omnis nihil modi sit nobis. Perferendis fugiat repellat voluptatem soluta eum. Architecto non atque ducimus et velit. Rem ab consectetur sunt et. Cupiditate eos nihil et esse libero et. Atque odit dolores mollitia aspernatur iusto quod quia. Consequatur neque repellat voluptatem facere consequuntur eos unde. Tempore alias ut fuga omnis expedita.', 'https://www.presse-citron.net/app/uploads/2021/05/koch-media-e3-conference.jpeg', '2022-01-31 19:32:18', '2022-02-03 08:54:45', 76, 'Occasionnel'),
(246, 20, NULL, 1283, 15, 'et rem corporis porro autem', 'Rerum perspiciatis incidunt autem unde. Id dolorem ex vel et dignissimos qui dolor. Consequuntur aut aperiam consequatur illo. Animi quae et voluptas mollitia est. Doloremque minima quaerat enim beatae sit et quam. Consequatur sit omnis maxime reprehenderit aut quibusdam. Magni repellendus dolor at in. Quibusdam aspernatur est ut quia ea officiis. Voluptatum ullam eligendi et. Dolorem magni impedit et quod tempora. Est ipsa et sit aliquid aut. Veniam distinctio ipsa impedit sit rerum a. Vitae nesciunt eum et libero. Ut vitae error porro voluptatem amet. Aliquid dignissimos eligendi consequatur omnis itaque deleniti voluptatem adipisci.', 'https://www.realite-virtuelle.com/wp-content/uploads/2020/11/pokemon-go-milliard-revenus.jpg', '2022-07-12 22:00:10', '2022-07-14 03:53:17', 351, 'Confirmé'),
(247, 19, 234, 1267, 13, 'vitae enim doloremque et autem id', 'Officiis vitae facere laboriosam in et. Voluptas ullam quia nihil quia nam enim et. Eum cum quia accusamus. Nemo accusamus rerum voluptatibus provident ab rem. Dolorum alias quo ut aperiam culpa consequatur alias labore. Et aut aperiam occaecati. Laborum rerum beatae cupiditate enim consequatur laudantium et. Aut et enim ab rerum doloremque et voluptatem. Velit sed beatae voluptas rerum. Vero incidunt omnis deleniti dolorem non ullam. Qui eos dolor non est quia quaerat. Nihil fugit modi autem voluptatem at ex. Aperiam veritatis aut sed sit hic optio. Itaque doloremque nemo sit vel. Magni et qui rerum recusandae ipsa exercitationem. Repellendus fugit occaecati aut rem et velit. Quia in aut officiis nam voluptas ad. Vel voluptatum et aperiam aut ipsum.', 'https://www.presse-citron.net/app/uploads/2020/04/e3-online.jpg', '2022-05-31 16:01:48', '2022-06-02 17:39:44', 231, NULL),
(248, 19, 260, 1486, 13, 'fugiat perspiciatis vitae qui est eos omnis dolorem quo reiciendis', 'In quidem nam dolore sit enim eligendi. Qui consequatur suscipit et beatae deleniti omnis quasi. Corrupti dolorum placeat officiis rem ad. Eum molestiae illum eos ad. Dolor dolor aut tempore consequatur excepturi aut. Ratione expedita et autem numquam labore maiores placeat aperiam. Est explicabo officia in commodi perspiciatis. Rerum id similique cupiditate incidunt optio velit nihil. Veniam ipsum nihil libero est velit. Veniam deleniti iste numquam magni nam facilis libero harum. Doloremque et totam mollitia et eius natus adipisci. Qui sit aliquid quaerat ut quibusdam qui quam enim. Qui dolores asperiores aut et corporis. Quia doloribus voluptates modi nam blanditiis qui voluptates. Doloribus est recusandae dicta aliquid aut delectus est.', 'https://www.miraigamers.com/wp-content/uploads/2021/07/Yu-Gi-Oh-Master-Duel-arrive-sur-tous-les-supports-pret-pour-le-Duel.jpg', '2022-04-12 08:09:45', '2022-04-12 09:28:35', 83, NULL),
(249, 17, 220, 1504, 14, 'et necessitatibus laboriosam culpa quia dolore', 'Rerum voluptas laboriosam assumenda dolorem dignissimos sequi laudantium eligendi. Eum ullam sed rerum aut quia. Illum natus labore laudantium. Accusantium doloribus doloremque deserunt optio. Enim commodi veritatis totam excepturi doloremque. Vero quas reprehenderit nisi quae doloremque consectetur iure magni. Dolores velit fugiat reprehenderit assumenda rerum. Voluptatum est voluptate voluptas error dolorum. Nihil sit consequuntur cum earum dolorem autem. Sequi occaecati esse voluptate consequuntur. Cumque et quo nobis nihil saepe in. Vitae dicta non illo impedit numquam possimus. Ut ullam ut nulla voluptas aperiam maiores. Et est asperiores veritatis et natus temporibus accusamus. Assumenda cupiditate nam voluptas officia.', 'https://i.ytimg.com/vi/TFZacjKUlic/maxresdefault.jpg', '2022-03-21 04:35:35', '2022-03-22 04:55:28', 440, NULL),
(250, 20, 237, 1243, 14, 'eaque fugiat rerum nulla dignissimos assumenda provident deserunt aliquid architecto', 'Libero aut vitae nisi rerum quae. Quos unde temporibus aut quisquam. Non accusantium corrupti qui dolores expedita. Aliquam veniam neque eligendi suscipit. Nesciunt dolores molestiae pariatur deserunt ratione ipsa. Nesciunt sit impedit non magnam. Quo impedit aperiam atque cupiditate accusamus. Corrupti aliquid dolor nulla. Assumenda fugiat et quis. Quibusdam qui quidem est voluptatem. Voluptatibus assumenda unde facere expedita blanditiis. Ad quaerat animi voluptas sunt aut culpa. Eius omnis rem accusamus magnam eos alias. Distinctio rerum in perferendis omnis. Voluptatibus quo commodi et libero. Nulla sint est minus explicabo consequatur expedita.', 'https://i.ytimg.com/vi/gjVtbJkKQbo/maxresdefault.jpg', '2022-03-07 05:03:20', '2022-03-09 23:07:37', 377, NULL),
(251, 16, NULL, 1069, 15, 'occaecati inventore explicabo eveniet consequatur vel impedit sunt atque ullam', 'Aliquam et impedit aut iste tenetur voluptatem qui. Veritatis dolore hic neque quod doloribus nihil. Nisi iusto eos sequi libero rerum praesentium. Quibusdam aut natus ut eligendi. Accusamus illo atque et ad deleniti. Aut occaecati perspiciatis est illo. Et dicta commodi qui at voluptates omnis iusto excepturi. Aspernatur voluptatem assumenda quia molestiae in quos. Saepe quae non quia voluptatibus fugiat. Quis omnis et blanditiis nesciunt enim enim quae. Amet quaerat iusto deserunt ab minima sit. Quo ipsa aspernatur optio distinctio a deleniti. Voluptatibus et rerum consequatur voluptatibus. Rerum omnis ducimus aut dolorum velit perferendis.', 'https://cdn.akamai.steamstatic.com/steam/apps/851590/capsule_616x353.jpg?t=1631538454', '2022-05-13 21:59:44', '2022-05-16 15:15:03', 261, 'Tous niveaux'),
(252, 17, 263, 1502, 13, 'ipsum et quaerat distinctio alias est', 'Voluptas earum est ut sit. Dolore laborum placeat corporis et voluptatem voluptates minus. Praesentium esse non similique nihil soluta illo. Eius aliquam quibusdam aut quae aperiam. Sunt nesciunt quas ex doloremque qui dignissimos. Qui a itaque vitae. Sed est eum voluptatibus laborum molestiae quod modi. Dolore magni quisquam optio consectetur ut dolorum quo quae. Accusamus suscipit vitae natus sed nesciunt aspernatur. Sint voluptatibus vero ipsam laudantium. Ullam quo quaerat dolorum autem. Sit sed delectus quia recusandae eligendi exercitationem dolor quasi. Esse debitis error possimus ut eius beatae. Qui dicta quo accusantium pariatur possimus at expedita. Consequatur quia similique numquam est et non. Numquam eum iusto minima adipisci debitis. Enim laborum qui dolor omnis.', 'https://previews.123rf.com/images/microone/microone2006/microone200600047/148520518-board-game-evening-friends-meeting-happy-players-characters-isolated-teenagers-or-adults-playing-car.jpg', '2022-01-20 08:40:42', '2022-01-21 06:58:36', 404, NULL),
(253, 19, 273, 1042, 15, 'fugit suscipit dolorem at id ipsum molestias aut', 'Nostrum cupiditate et nam a repudiandae. Quis at aut commodi nihil. At ea ipsam voluptatem. Consequatur quaerat aut dolorum ut in dolores. Totam harum qui aut est veniam distinctio ipsam. Vero animi placeat et libero vero consequatur quam. Soluta fugiat vero nihil dolores et. Facilis et nisi totam et magnam fugit mollitia qui. Eos molestias enim quam quis aliquid reprehenderit est. Quia qui voluptas ea libero perspiciatis temporibus in. Saepe eos architecto debitis rerum impedit eos. Provident laboriosam incidunt aliquam tempora et. Eos est totam voluptas eaque enim. Deleniti vero voluptatem odit expedita quia. Reiciendis distinctio aut impedit sapiente iste. Consequatur nostrum cum laborum delectus. Consequatur quo et vero voluptatibus aut.', 'https://i0.wp.com/www.nintendo-town.fr/wp-content/uploads/2019/04/H2x1_NSwitch_MortalKombat11_image1600w.jpg?fit=1600%2C800&ssl=1', '2022-04-13 10:25:21', '2022-04-15 13:07:55', 224, 'Tous niveaux'),
(254, 18, 244, 1231, 13, 'sequi est ut quam qui', 'Officia et consectetur aut voluptates dolorem nihil perferendis. Similique minima ut asperiores ea quisquam. Aut porro totam libero culpa. Dolores veniam in id quis fuga voluptatem. Et quos voluptatem et autem voluptates laborum. Autem eos provident aliquam sint magni illum rerum. Harum assumenda sunt voluptatem qui. Eaque voluptatem mollitia id nulla voluptatem eos tempora sunt. Explicabo blanditiis minima provident sed omnis culpa. Aut sit voluptas vitae est sint. Tempore placeat rerum eaque qui culpa rerum saepe. Ut animi ipsam facere vel deserunt. Itaque soluta iste cupiditate. Perferendis repellat alias quia. Quasi veniam et quia qui minima qui. Est totam a necessitatibus vero voluptatem.', 'https://cdn.akamai.steamstatic.com/steam/apps/851590/capsule_616x353.jpg?t=1631538454', '2022-03-12 15:37:03', '2022-03-12 18:58:58', 297, NULL),
(255, 21, 236, 1089, 15, 'nobis iste magnam in', 'Reiciendis tempore temporibus quae non est. Et laborum ipsam adipisci eos. Sed illum impedit earum explicabo temporibus fugiat sint et. Voluptate reiciendis beatae ad. Consequatur magnam similique et cumque sunt. Provident nam cupiditate assumenda. Dicta dolore praesentium est voluptate. Impedit dolor exercitationem animi tenetur est accusantium. Aut ducimus expedita pariatur. Voluptatem impedit occaecati similique aliquam rem. Quaerat occaecati sapiente cumque quae. Et similique debitis nobis veniam rerum commodi. Omnis recusandae corporis mollitia eos tempore sunt dolores optio. Qui reprehenderit aut excepturi officiis reiciendis perspiciatis.', 'https://data.1freewallpapers.com/download/dota-2-1280x720.jpg', '2022-06-23 18:42:27', '2022-06-24 07:49:12', 38, 'Tous niveaux'),
(256, 17, NULL, 1472, 15, 'minus reiciendis natus culpa fugit in ratione deserunt quod', 'Ut quisquam veritatis aut atque pariatur dolorem. Voluptates ipsum maxime temporibus iste. Tempore consectetur veniam dolorum ab eius dolor. Ab sit suscipit asperiores nulla ab. Dolorum aperiam est atque deleniti quasi architecto. Nisi esse enim tempore perferendis. Sed rerum alias ut omnis. Aut cumque illum veritatis quas sequi. Eos totam et dolorem et vel placeat eligendi. Aperiam in sequi vero consequatur. Aliquid odio consequatur magni atque. Id ea sed numquam. Provident voluptatem officiis nam quia voluptatem veniam tenetur. Vel quis voluptatibus aut blanditiis neque dolor mollitia. Corrupti temporibus quasi eligendi ea aut. Inventore tempora numquam amet qui aut. Necessitatibus dicta earum id voluptas cum quia.', 'https://previews.123rf.com/images/microone/microone2006/microone200600047/148520518-board-game-evening-friends-meeting-happy-players-characters-isolated-teenagers-or-adults-playing-car.jpg', '2022-01-14 19:09:48', '2022-01-17 01:49:04', 377, 'Intermédiaire'),
(257, 16, 209, 1175, 12, 'minima qui fugit et voluptate fuga', 'Possimus quas ea totam totam. Ut rem sunt ipsum est quas iste accusantium tenetur. Repellat nam velit eveniet id et modi doloremque. Eum eum et ex deserunt asperiores iste animi. Maiores dolorem aut cupiditate omnis aut. Magnam repellat similique nihil dicta. Autem quis ullam ut. Eveniet dolores rerum et tempore et eos sit atque. Repudiandae esse fugiat enim. Explicabo voluptatum ut minus inventore quos nesciunt commodi. Ad sint eveniet eaque ut recusandae. Autem veritatis magnam odio placeat libero ratione. Beatae cum voluptatum sed facilis tempora. Dolor ratione sequi et animi esse dolores et. Quae voluptas est eaque rerum. Reprehenderit quia ullam hic illo deleniti. Doloribus deleniti est est optio corrupti dolores sunt.', 'https://images.ctfassets.net/s5n2t79q9icq/114xMnrR6RiLD15UxL8LYZ/ca73ec9fe59f654a150b543e05979181/Meta-Homepage.jpg', '2022-04-17 08:24:37', '2022-04-19 10:11:03', 23, 'Débutant'),
(258, 16, 213, 1232, 12, 'suscipit eum aut vel nobis quae temporibus natus rerum', 'Reprehenderit sed esse occaecati velit. Itaque harum quia officia cumque eos. Commodi est eius id similique sunt dicta alias. In in sed quisquam. Nesciunt magni sint ut omnis. Error ea ullam et sint est nulla. Architecto minima modi praesentium a fugiat. Corrupti autem ut fugiat laudantium. Occaecati et animi non incidunt aut itaque velit. Neque nesciunt est qui temporibus quisquam. Porro nemo eveniet et excepturi in qui. Quos et ratione eius. Consectetur sequi perferendis repellendus ut. Architecto alias in modi dolor qui nesciunt. Dolorem illo blanditiis exercitationem quasi repellat iusto quis. Quia ut explicabo voluptas dolor.', 'https://www.presse-citron.net/app/uploads/2021/06/netflix-geeked-week-summer-game-fest-2021.jpeg', '2022-05-27 15:36:58', '2022-05-28 08:10:19', 284, 'Professionnel'),
(259, 19, 296, 1016, 13, 'ut alias sed non corporis est enim ea doloremque', 'Ducimus fuga dolor rerum culpa architecto vero. Atque occaecati placeat nihil impedit. Eaque aspernatur rem at adipisci accusantium vero. Ullam rerum omnis eaque ut explicabo accusantium. Perferendis modi voluptates reiciendis est laborum. Quam ad earum distinctio ut quia occaecati. Nulla doloribus impedit sed id odit. Non molestiae illum consequatur dicta ut saepe unde. Ipsa ea fugiat minima mollitia quo sapiente. Molestiae qui enim sit et. Eos cupiditate exercitationem architecto est esse. Aut sint rem dolorem ea nostrum distinctio explicabo. Dignissimos aut eveniet dolor recusandae voluptas aliquam rem voluptatem. Reprehenderit est eos quis labore.', 'https://happydays365.org/wp-content/uploads/2020/05/Geek-Pride-Day-1080x630.jpg', '2022-01-25 20:05:52', '2022-01-27 18:16:37', 101, NULL);
INSERT INTO `event` (`id`, `category_id`, `place_id`, `owner_id`, `activity_id`, `name`, `description`, `picture`, `start_at`, `end_at`, `capacity`, `game_level`) VALUES
(260, 21, 243, 1502, 15, 'ab quia sint error nobis qui occaecati aliquam asperiores at', 'Doloribus enim et quia cumque suscipit dicta eum recusandae. Eveniet fugiat molestiae voluptas tenetur tenetur. Beatae voluptatem ut repellat ab modi magni voluptatem. Quo rerum quaerat maxime et earum. Corporis incidunt voluptatem molestiae deleniti aperiam. In quis sint non quo alias. Nemo dolore voluptatem odio provident numquam quod. Itaque qui et non repudiandae architecto. Excepturi dolorem aut impedit in error minus. Quidem ut est fugiat corrupti et. Temporibus ea natus adipisci. Omnis dolor soluta excepturi nesciunt. Deserunt ipsam est nulla laudantium impedit. Cum quisquam facilis harum. Excepturi enim eaque ea enim recusandae sed.', 'https://previews.123rf.com/images/microone/microone2006/microone200600047/148520518-board-game-evening-friends-meeting-happy-players-characters-isolated-teenagers-or-adults-playing-car.jpg', '2022-03-07 10:27:42', '2022-03-08 00:31:20', 152, 'Professionnel'),
(261, 21, NULL, 1254, 15, 'iusto iure possimus veritatis est dolor alias qui consequatur recusandae', 'Ex voluptatum voluptas fugiat accusantium aliquam. Earum adipisci nisi est dolores corrupti deserunt hic. Pariatur consequatur ducimus deleniti. Incidunt veniam harum molestias consequuntur molestiae aut. Eaque sequi libero vitae voluptas voluptatem. Blanditiis voluptas excepturi at. Ut vel soluta laborum in. Sunt impedit in asperiores fugiat sit dolorem rem. Omnis ab perspiciatis neque optio asperiores et aut commodi. Dicta distinctio sed consequuntur sint hic ipsa. Neque earum ut est repudiandae quae incidunt eaque. Repellendus qui repellendus ex non quisquam vel dolorem. Ut debitis et a voluptate. Aut neque corrupti voluptatum sit ex molestias. Corporis magni aut et soluta molestiae. Eum earum distinctio illum. Facilis quia sit neque atque.', 'https://happydays365.org/wp-content/uploads/2020/05/Geek-Pride-Day-1080x630.jpg', '2022-03-17 08:34:24', '2022-03-20 01:56:50', 165, 'Tous niveaux'),
(262, 19, 232, 1186, 14, 'occaecati quisquam itaque voluptatem', 'Qui pariatur fugiat voluptatibus laudantium omnis ipsum est et. Animi rem adipisci voluptatibus voluptas voluptatibus enim est eos. Qui quia cupiditate aliquam nesciunt excepturi. Praesentium sunt non earum. Laboriosam deserunt reprehenderit quod impedit quas ipsam quo. Necessitatibus sunt optio magni sequi blanditiis voluptas dolor ut. Beatae fugit harum ratione suscipit non. Molestiae consequuntur architecto atque nihil. Omnis rem vel ullam itaque. Nemo sint aut labore reprehenderit error vel aut voluptatem. Doloribus ex quia eos aut sit vero vero. Sint accusamus ullam debitis debitis impedit in quo. Et commodi minima ea cum soluta consequatur. Necessitatibus corrupti delectus ullam a illum et voluptas.', 'https://www.poilsdemartre.fr/medias/images/japan-touch.jpg', '2022-03-01 18:31:03', '2022-03-04 11:34:36', 496, NULL),
(263, 20, 283, 1265, 12, 'et sunt nihil omnis ex deleniti sed qui aut', 'Dolorem voluptas molestiae in aut sint vero. Voluptatem atque quas nesciunt atque voluptatem repudiandae et. Repellendus veritatis corporis laboriosam nam aut in. Soluta molestiae delectus ut fugit. Et consequatur omnis in repellendus eos voluptatem. Aperiam velit excepturi dolorem quos officiis. Recusandae quia incidunt rerum accusantium qui voluptas voluptates. Inventore qui ipsa commodi officia ut qui vitae. Mollitia aut repellat est error alias rem. Velit voluptas magnam ex provident. Beatae mollitia non est aliquid. Aut ut quis in consequatur repudiandae. Ullam qui omnis officiis ea molestiae sit. Laudantium magni ipsam est. At voluptas nulla libero vitae.', 'https://img.redbull.com/images/c_limit,w_1500,h_1000,f_auto,q_auto/redbullcom/2019/11/08/fc0f91de-3998-4be5-b50e-96d8d9e0cd45/lol-10-ans-league-of-legends', '2022-06-12 12:17:33', '2022-06-13 23:46:42', 109, 'Tous niveaux'),
(264, 21, 209, 1238, 13, 'voluptatem aut aspernatur quia', 'Id tempora voluptas facere eum esse nostrum. Voluptate fugit repudiandae sed voluptas ut laudantium consequatur. Consequatur a sed et. Est quibusdam pariatur odio. Et qui nemo consequatur sequi alias velit. Quibusdam aperiam voluptatem officiis rerum vel et. Laboriosam voluptatem eum enim nostrum. Voluptas ratione ut in sunt soluta corporis voluptatem. Deleniti iure sunt qui accusamus. Ut occaecati earum voluptas soluta voluptatibus sed ipsam minima. Vero aut dolor quo error. Voluptatum natus aspernatur unde repudiandae veritatis est. Ut id sed ut sunt sint omnis et. Qui totam consequatur voluptatem modi necessitatibus sunt. Vitae sunt et error fugit atque. Cupiditate vitae accusamus perspiciatis sunt. Et soluta exercitationem quidem ut sunt provident consequatur.', 'https://pbs.twimg.com/media/EECAyk7W4AAQP9w.jpg', '2022-04-02 22:38:27', '2022-04-05 09:48:47', 417, NULL),
(265, 16, 237, 1494, 14, 'animi repellendus reprehenderit asperiores nesciunt alias non', 'Ut ut dolor eius beatae. Incidunt qui quia sunt consectetur deserunt. Id non mollitia soluta sed quo vitae distinctio. Exercitationem voluptatem maiores mollitia voluptates est cupiditate esse sunt. Ullam quod et sapiente deleniti. Dolor quae quo officia minus voluptatem. Quia dolor perspiciatis sint. Sed laborum sunt iure necessitatibus ut et nobis. Maiores sint et laborum et consequuntur eaque tempore. Fuga quibusdam voluptatum ad dolores ipsum. Corrupti qui molestias magni expedita voluptatem accusantium alias. Vel possimus quia atque nobis. Et quaerat deleniti quas voluptas. Possimus dicta et quisquam vel.', 'https://i0.wp.com/www.nintendo-town.fr/wp-content/uploads/2019/04/H2x1_NSwitch_MortalKombat11_image1600w.jpg?fit=1600%2C800&ssl=1', '2022-01-12 11:05:29', '2022-01-14 17:40:14', 185, NULL),
(266, 17, NULL, 1418, 15, 'neque rerum dolorem', 'Sit dolorum repudiandae et tempore quaerat voluptatem vitae. Nisi omnis voluptatem accusantium. Doloremque sunt velit id sapiente exercitationem non eos. Et repellat reprehenderit rem alias est voluptatum numquam. Quaerat sequi et consectetur aut velit. Quis qui sit ut consequatur mollitia qui ipsam. Nam id laudantium et ipsum omnis. Pariatur aut debitis ut fugit autem mollitia asperiores. Inventore quo rerum cum rerum repellat. Error minima omnis non enim. Est qui eius eligendi porro qui. Et autem a cum architecto praesentium. Accusantium deleniti repellendus dolore ut modi. Totam earum dolor laudantium at eum voluptatum. Asperiores quaerat impedit velit.', 'https://cdn.akamai.steamstatic.com/steam/apps/851590/capsule_616x353.jpg?t=1631538454', '2022-01-15 03:18:20', '2022-01-16 14:37:53', 437, 'Confirmé'),
(267, 19, 244, 1434, 15, 'eveniet aliquid aut consequatur ab aut', 'Tenetur repudiandae et saepe quae dicta iure. Blanditiis enim ut nostrum laudantium quia. Error animi tenetur reprehenderit aliquid consequatur voluptatum ad. Dignissimos molestiae quod ipsam corporis numquam. Recusandae dolores ea maiores provident adipisci atque et voluptas. Minima sit necessitatibus voluptas hic quia vero. Id unde neque qui dolor adipisci quia provident. Id et ab alias id. Eveniet facilis quo nemo voluptatem voluptates beatae. Soluta vel id temporibus aut fuga. Porro non et aut officia aliquam vel autem. Corrupti non recusandae et rerum eum facilis sint. Voluptatem numquam non in amet.', 'https://cdn.arstechnica.net/wp-content/uploads/2021/07/legend-of-zelda-nes-gold-800x450.jpg', '2022-02-13 08:11:05', '2022-02-16 00:33:33', 160, 'Confirmé'),
(268, 21, 249, 1371, 12, 'vero officia eum', 'Voluptatum magnam ut rerum. Est reprehenderit optio inventore dicta non est perferendis. Dolores et eveniet ab aut fugiat blanditiis. Culpa veritatis aut maiores molestias. Inventore facilis quaerat provident id expedita est soluta. Consequatur voluptates et necessitatibus quas perspiciatis quod neque vel. In quasi et labore ut sit. Hic ratione dicta adipisci non qui ipsa. Voluptates ducimus voluptas consequatur repudiandae et. Eum dolor impedit id repudiandae velit. Voluptatem reprehenderit iure deleniti nihil eligendi qui. Voluptatum voluptatem at hic tempore sapiente. Fuga odit aut fuga autem soluta quis quod. Doloremque sapiente fugiat sed. Deleniti ea deleniti consequuntur modi assumenda. Aut consequuntur suscipit vitae.', 'https://www.rom-game.fr/multimedia/agenda/211005_videgreniergeekpampuyre2022.jpg', '2022-02-04 12:47:48', '2022-02-05 20:01:44', 440, 'Occasionnel'),
(269, 16, 244, 1456, 15, 'sint recusandae ab error quos', 'Dolorem a saepe consequatur aut dolore excepturi ut. Ipsam et qui ea. Et sed doloremque cupiditate animi non. Eos ut et voluptas ea molestias in. Aut vel voluptates autem ut. Assumenda debitis tempore corrupti aut similique possimus. Tenetur sunt qui ducimus et. Est quibusdam necessitatibus et quia a totam id. Earum est omnis eum distinctio quia asperiores est. Reiciendis et modi ratione pariatur voluptates quia. Qui laborum illum qui expedita. Praesentium ut harum dicta eos. Aperiam optio non facere ut. Voluptatem est nostrum eligendi consequatur molestias. Nobis quidem autem quidem modi. Dolorum ratione et qui illum. Quo illo pariatur optio voluptatem sint quidem accusamus. Fuga occaecati ea et est enim aut esse praesentium.', 'https://www.poilsdemartre.fr/medias/images/japan-touch.jpg', '2022-06-25 00:48:02', '2022-06-25 04:33:12', 95, 'Intermédiaire'),
(270, 21, 260, 1219, 14, 'excepturi error dolor corrupti quo sequi quia in', 'Numquam quis enim sit fuga. Omnis ipsam animi consectetur illum dolore ea nobis. Nostrum quis dolores temporibus vero ratione. Quaerat expedita quia magnam cumque amet. Debitis laborum quia ipsum. Minima explicabo odit rerum similique ea. Enim asperiores quaerat voluptatem ullam. Officia quis necessitatibus voluptatem dolores reiciendis et error quis. Est ullam quo aut sapiente ad quo officia ut. Perspiciatis enim iste error voluptas quia voluptatem. Ut consequuntur possimus aut non aut accusantium. Molestias sit mollitia aperiam blanditiis. Magni enim consequuntur aut maiores eligendi accusamus.', 'https://i0.wp.com/www.nintendo-town.fr/wp-content/uploads/2019/04/H2x1_NSwitch_MortalKombat11_image1600w.jpg?fit=1600%2C800&ssl=1', '2022-03-20 12:53:15', '2022-03-22 23:40:16', 423, NULL),
(271, 17, NULL, 1089, 14, 'illum unde et eos officia maxime inventore et repellat rerum', 'Maxime qui quaerat repellat et ut nihil impedit. Est sit quis possimus provident veritatis reiciendis et. Et et minima vero dolor illum quae. Laudantium quo asperiores veritatis quisquam illo occaecati. Debitis aut dicta nulla fugit facilis nobis voluptas. Et fugiat minus et nemo. Corrupti unde cum quaerat molestiae. Quas earum est ullam. Quaerat illum et vel eum aliquam sint. Dicta sit iure aut autem deserunt ipsa et. Debitis repellat est laborum maxime aut dolor. Tempora sequi impedit a corporis. Eligendi aliquam dolorum odio ratione aut iusto dolores. Ducimus voluptates rerum eaque natus nihil alias. Qui doloremque et dolore id voluptatem adipisci sunt. Sapiente impedit dolores aut aut quo.', 'https://www.rostercon.com/wp-content/uploads/2021/09/dcfandome-2021.jpg', '2022-05-07 16:07:43', '2022-05-08 16:50:07', 35, NULL),
(272, 19, 233, 1157, 13, 'et sint ex sit ut porro occaecati', 'Ipsam quia repellat optio. Ut quia sed et ducimus vel quos adipisci. Esse nobis libero eum et est. Sit ratione illo neque. Dolor molestiae fugiat eveniet quisquam iure nam. Aut quae et aliquam qui dignissimos tenetur magni. Aperiam dignissimos nihil odit alias sunt. Vel rem hic placeat et. Ab accusamus debitis adipisci quo facilis quo. Illo temporibus voluptatem est odit dignissimos. Rerum velit beatae suscipit consequuntur. Similique est quis facilis quia quia non corrupti earum. Dignissimos porro sed consequatur maiores quia dolor. Qui ullam iusto voluptate. Labore veritatis veritatis ea. Nihil consequuntur est ut ratione dolor. In ducimus eum rerum nihil. Aut inventore quidem molestias repellat similique inventore.', 'https://www.presse-citron.net/app/uploads/2020/04/e3-online.jpg', '2022-07-12 17:16:47', '2022-07-13 21:55:41', 470, NULL),
(273, 20, 233, 1410, 15, 'autem ut odit ducimus', 'Unde eaque enim laboriosam voluptates temporibus sit. Quam nihil rem laudantium aut harum ab. Quo illo et eaque qui corporis et ipsum. Officia dolor eos eveniet animi voluptatum mollitia facere qui. Voluptatem aut nihil tempora quia. Et alias fuga maxime molestiae neque consectetur. Repellat eaque in vitae et fugit molestiae voluptas. Molestiae officiis nobis ex dolores quaerat quasi. Consectetur dolorem qui tempora. Ad optio nihil atque. In laudantium sed voluptatem dignissimos et. Voluptas ducimus nostrum qui nesciunt. Sint illum quia et consequatur. Repellat inventore optio et maxime optio dolores.', 'https://i0.wp.com/www.nintendo-town.fr/wp-content/uploads/2019/04/H2x1_NSwitch_MortalKombat11_image1600w.jpg?fit=1600%2C800&ssl=1', '2022-05-14 11:01:39', '2022-05-15 21:19:13', 114, 'Débutant'),
(274, 17, 260, 1286, 14, 'architecto earum corrupti et ut ut hic', 'Dignissimos non nemo voluptatem illum maxime molestias. Tempore harum sunt repudiandae qui. Omnis quisquam incidunt aut ipsam officia fuga. Sint et omnis quidem perferendis reprehenderit dolor labore. Est provident consequatur repudiandae praesentium enim. Corporis quia nulla consequatur fugit. Ab qui quia harum asperiores at assumenda. Aperiam beatae totam quibusdam non. Est occaecati tenetur aperiam numquam non. Corrupti eos est veritatis quia eaque optio. Suscipit pariatur praesentium nobis nihil. Rem commodi velit qui provident ut fugit cum. Commodi nobis fugiat explicabo neque. Minus ut ducimus itaque ut aut. In alias quia similique qui fugit neque. Eos et qui ea esse.', 'https://www.poilsdemartre.fr/medias/images/japan-touch.jpg', '2022-04-27 16:46:43', '2022-04-28 02:24:08', 145, NULL),
(275, 16, 293, 1269, 15, 'eius sint molestiae earum et est omnis fuga in rerum', 'Sapiente vel odit enim sit quo enim non. Sint consequatur velit repellendus quia illum ipsum nihil necessitatibus. Amet nihil porro perspiciatis ipsum tempore eligendi. Et est in enim veritatis illo totam. Porro quia est praesentium. Enim tenetur nostrum molestias temporibus ex officiis. Nobis ea quo dignissimos est quia praesentium. Eos adipisci est provident illum enim. Eligendi voluptatibus qui earum iste. Omnis porro sit quasi. In aut numquam tempora omnis dolor autem. Voluptas cumque ut maiores est eos. Repellendus iste voluptatem est eos qui saepe optio. Expedita eos magni maiores natus tempora voluptas sed. Beatae totam et temporibus architecto repellat. Optio veniam et odit voluptas qui. Sapiente accusantium magni fuga aut voluptatem labore.', 'https://fr.web.img2.acsta.net/newsv7/20/06/30/12/28/5740456.jpg', '2022-04-25 23:47:47', '2022-04-27 02:05:38', 296, 'Occasionnel'),
(276, 20, NULL, 1256, 15, 'ratione suscipit rerum', 'Hic commodi sed blanditiis harum. Ut est unde fugiat. Ut et laudantium accusamus voluptate ut similique ipsa. Voluptate asperiores et eum. Voluptatem ut quasi delectus est officia rerum temporibus. Voluptas alias sunt doloribus vitae quidem qui ad nesciunt. Minus possimus dolorem consectetur aliquid. Ut nam praesentium consectetur tempora minus numquam praesentium. Cum qui ad numquam dignissimos. Delectus neque fuga aut. Temporibus ut sit eveniet eos ut necessitatibus enim. Maxime dolorum aut sit quod. Unde atque ut dicta suscipit aut voluptas. Et vel quo enim ratione molestiae occaecati. Molestiae enim rem magnam eum laboriosam. Ad laudantium molestias amet aut dolorem rerum maxime. Quis numquam neque soluta nihil error voluptas corrupti. Aliquid in blanditiis culpa est quis.', 'https://happydays365.org/wp-content/uploads/2020/05/Geek-Pride-Day-1080x630.jpg', '2022-05-05 07:43:29', '2022-05-06 00:16:29', 161, 'Confirmé'),
(277, 18, 263, 1280, 12, 'accusantium vitae quidem accusantium quas qui ratione voluptatem', 'Dolorem quia ut eaque dicta corrupti veritatis. Amet et omnis quia quisquam. Consequatur quia perferendis atque aut et quae omnis. Ut velit amet ipsam maiores et. Iste voluptates et non quos esse enim. Officiis alias sed quos laborum rerum et velit veniam. Rem omnis nemo vero quaerat corporis. Possimus ut autem sed. Ipsum id labore explicabo. Dolor incidunt vitae minus laudantium expedita sint enim. Possimus deserunt ut labore in deserunt non tenetur. Ullam omnis praesentium labore aspernatur blanditiis facilis vero. Tempore ab et dolorum doloribus. Sed vero earum dolores beatae voluptas dolorem ullam ipsam. Assumenda unde ducimus possimus cupiditate assumenda et facilis consequatur. Quam optio veritatis asperiores quos. Voluptatem dolores dolor enim numquam.', 'https://www.presse-citron.net/app/uploads/2021/05/koch-media-e3-conference.jpeg', '2022-01-30 12:44:50', '2022-02-01 19:04:25', 496, 'Tous niveaux'),
(278, 21, 221, 1222, 14, 'veniam sapiente debitis totam', 'Illo dolore aliquam quisquam. Dolorum et et perferendis excepturi molestias quaerat. At mollitia eius omnis unde id. Reiciendis quaerat iusto quo error officia. Dolore voluptatibus id est necessitatibus maxime. Qui ut voluptatem accusantium est. Ut vero quia eum facere ratione totam. Ratione accusantium corporis culpa rerum sint delectus voluptas a. Aliquam vel et eos assumenda. Consequatur accusamus qui non consequuntur dolores corrupti. Rem et dolorem sint est earum minus modi. Qui quas tenetur ducimus voluptatibus. Sint quam suscipit in vero. Voluptatem sunt facilis dolorem itaque aut tempore. Nemo quaerat error quis saepe corporis eius nisi. Aut ut iusto facilis id.', 'https://www.presse-citron.net/app/uploads/2021/06/netflix-geeked-week-summer-game-fest-2021.jpeg', '2022-06-19 13:05:21', '2022-06-19 14:12:11', 176, NULL),
(279, 18, 298, 1087, 15, 'qui aliquid assumenda commodi sed atque nostrum optio', 'Quae et voluptatem magni quo soluta. Vel error est ut incidunt qui necessitatibus. Ut ea ea perferendis dolor quis corrupti voluptatum doloremque. Voluptatem consequatur sunt sit magni ipsam enim quae. Quaerat sit sed sit iure inventore beatae in tempore. Aut eius aut aliquid culpa et tempora. Facere corporis earum nihil et mollitia eius ad. Qui animi impedit iusto delectus. Culpa corporis architecto quia quam aut doloribus. Suscipit quidem beatae et laborum modi cum dolorem. Sit tempora rerum commodi quia eveniet repudiandae vero. Nobis et autem quisquam ut. Rem labore autem velit dicta. Ratione odit neque id est. Eum soluta beatae fugit eos ipsa. Quisquam et ut sapiente. Velit consequatur itaque non sit doloribus quia. Enim alias quo delectus sed.', 'https://pbs.twimg.com/media/EECAyk7W4AAQP9w.jpg', '2022-04-26 13:33:49', '2022-04-27 21:36:46', 139, 'Occasionnel'),
(280, 20, 279, 1335, 13, 'impedit totam rerum sint est facilis', 'Facere et saepe est dolorum optio maxime. Dicta culpa quia repellendus numquam. Sunt beatae quae consequuntur eveniet expedita. Minus amet eveniet eum occaecati ipsum. Sint in consequatur occaecati ullam. Itaque accusantium aut et ea iusto qui ut. Eos quia nulla ullam ab ducimus sed eum. Sed architecto corporis qui sequi provident sequi officia. Perferendis vel quisquam rerum quia quam quam sunt nulla. Soluta minima consequatur exercitationem modi nulla est repudiandae. Totam labore dicta impedit ducimus modi consequuntur. Aperiam esse et rerum. Dicta tempore ullam laboriosam iste modi. Nostrum corrupti perferendis culpa quasi. Et non sit dolores.', 'https://happydays365.org/wp-content/uploads/2020/05/Geek-Pride-Day-1080x630.jpg', '2022-05-17 01:32:11', '2022-05-19 20:19:51', 354, NULL),
(281, 18, NULL, 1228, 14, 'dolorum id rerum enim molestiae veniam cupiditate', 'Nihil aut dolorem repellat tempora rem. Ut ipsa non qui perspiciatis sit doloribus et. Est aut nesciunt velit omnis eum. Ea perferendis libero autem. Veritatis similique earum voluptatem et ea inventore sed. Consequatur necessitatibus sit eveniet aut quam sint. Cumque voluptate deserunt ab consequatur. Accusantium ipsa est labore soluta. Quas occaecati autem optio. Cum quaerat voluptate repellat. Eius sit dolores fugiat illum. Ratione officia qui libero veniam. Praesentium sit velit corrupti voluptate excepturi. Cumque ut qui ut nisi eum. Voluptatibus veritatis pariatur sit totam quo a. Consequatur reiciendis cupiditate id suscipit dolores.', 'https://data.1freewallpapers.com/download/dota-2-1280x720.jpg', '2022-04-18 01:13:48', '2022-04-20 02:56:28', 1, NULL),
(282, 20, 287, 1378, 12, 'quidem soluta velit possimus', 'Odit architecto nihil eum molestias iste. Amet explicabo perspiciatis nulla temporibus non. Eaque sit maxime quibusdam voluptatem. Est autem necessitatibus expedita dolore. Est ut libero aspernatur. Voluptatem fugiat voluptate ipsum reiciendis qui in et. Ullam omnis quaerat mollitia error ea et omnis autem. Magni voluptatem similique et corporis excepturi. Et a at sit qui iure distinctio tempora. Distinctio id ut eum nisi recusandae dignissimos. Et facilis explicabo perferendis vero laudantium. Id sequi aut explicabo consequuntur. Et iure rerum eaque quae velit voluptates. Nesciunt molestias rem est provident dolores reprehenderit corporis. Molestiae eveniet excepturi voluptas consequuntur aliquid.', 'https://data.1freewallpapers.com/download/dota-2-1280x720.jpg', '2022-03-14 19:29:53', '2022-03-15 15:45:47', 146, 'Intermédiaire'),
(283, 18, 261, 1415, 13, 'quidem maxime veritatis quaerat ut ut quis sit', 'Qui culpa veritatis facere est praesentium aliquam dolor. Repudiandae quas quia quo officiis necessitatibus et. Et sapiente consequatur eligendi sed vero commodi sunt. Distinctio illum aspernatur suscipit odit sint quo nostrum. Quos totam quia adipisci ipsa illo eaque rerum. Veniam voluptatibus quis sit minima iste. Minus dolor asperiores ducimus sit distinctio maxime rerum. Debitis aspernatur dolor et modi. Nemo officia velit harum occaecati. Occaecati nulla odio ut. Mollitia exercitationem officiis a pariatur ea repudiandae expedita. At facere blanditiis eius rerum. Dignissimos sunt dignissimos qui et voluptatem quos velit necessitatibus. Neque quisquam necessitatibus ut est facere quia. Occaecati recusandae illo magnam voluptatem deserunt nisi. Magni est excepturi omnis reiciendis ea.', 'https://data.1freewallpapers.com/download/dota-2-1280x720.jpg', '2022-03-11 03:42:07', '2022-03-12 08:42:12', 114, NULL),
(284, 20, 243, 1471, 13, 'vel quae aliquid voluptatem illum autem', 'Tempora quasi sit tenetur. Sint odit culpa enim provident blanditiis a. Aut sit optio assumenda perspiciatis. Non ex aut quos facere omnis quo facilis. Nesciunt aut praesentium a et saepe. Ex debitis aliquid quis quam. Voluptas dolores in velit qui. Cumque quo aliquid ab ducimus quaerat autem. Non accusantium aut sit explicabo omnis ex fugiat. Beatae nesciunt ad cumque odit et. Deleniti culpa animi necessitatibus quo ad recusandae inventore sint. Minus rem quod ut inventore. Voluptate voluptas ut quo. At pariatur consequatur cumque recusandae. Fuga dolores consequatur alias et incidunt. Velit officiis dolorem quasi inventore quisquam voluptate. Ducimus suscipit ipsum porro in blanditiis.', 'https://cdn.arstechnica.net/wp-content/uploads/2021/07/legend-of-zelda-nes-gold-800x450.jpg', '2022-05-10 00:52:38', '2022-05-11 06:03:32', 125, NULL),
(285, 19, 245, 1298, 14, 'ut quia nemo enim', 'Repellendus quisquam quidem impedit dolore qui minus. Quisquam quam culpa suscipit accusamus. Non iusto eligendi explicabo repudiandae sapiente at. Occaecati accusantium repudiandae sed ea iure. Perspiciatis sint accusamus quam ipsa. Vel vitae occaecati eveniet dolores. Dolor eveniet tempora quis dolorem. Itaque cum sed iste error. Voluptatem sit vel voluptate ipsum ea culpa et. Quibusdam ut ut natus odit. Omnis quia delectus sapiente et voluptas illo unde. Aliquid perspiciatis qui soluta. Exercitationem ducimus architecto quas laboriosam laborum nobis iusto. Officiis recusandae ab iusto saepe accusamus perferendis.', 'https://www.poilsdemartre.fr/medias/images/japan-touch.jpg', '2022-04-27 15:53:47', '2022-04-29 16:40:40', 487, NULL),
(286, 17, NULL, 1104, 15, 'ad tempore ratione', 'Soluta rerum facere sint aut animi temporibus qui cumque. Doloribus atque ut fugit quos architecto sunt. Doloribus tempore maxime eum et ut hic at molestiae. Asperiores et aut tempora accusamus rerum vel quas facilis. Qui deserunt laudantium totam asperiores animi debitis esse. Laboriosam alias porro quam aut. Quas quam et ipsum dolores eum libero. Minima voluptatibus explicabo adipisci est. Voluptates id dolores omnis sint exercitationem et a praesentium. Veniam sed quasi repellendus et dignissimos voluptatem rerum. Omnis itaque enim consequatur nihil nesciunt provident. Ea veritatis praesentium aliquam repudiandae quibusdam reiciendis nihil. Maxime blanditiis iure quibusdam quaerat quia ut aliquam esse. Voluptatem alias voluptas quis numquam.', 'https://data.1freewallpapers.com/download/dota-2-1280x720.jpg', '2022-02-20 16:17:43', '2022-02-20 20:47:55', 444, 'Professionnel'),
(287, 16, 219, 1144, 14, 'assumenda nam et occaecati tempora non quia autem ea ut', 'Ut dolorem ipsum et eum adipisci consectetur sit. Ut reiciendis labore nihil et sunt ipsum. Explicabo incidunt iure ex distinctio qui facere. Sed id est id. Error ipsum cum est. Architecto nesciunt quos asperiores recusandae. Vel dolores numquam magni consectetur dolorem non. Ea fugiat veniam vitae voluptates nulla. Voluptatem molestiae sequi culpa distinctio molestiae necessitatibus. Illum unde enim odio odit et. Voluptas id quasi earum nam sunt sit. Laborum assumenda sed tempora soluta minus et. In odit reiciendis non voluptatem modi at. Hic qui maxime consectetur numquam. At cumque deleniti explicabo et minus consequatur architecto ut. Sequi quam est officia quia non distinctio et. Aliquid molestiae voluptate aut nulla similique accusamus.', 'https://cdn.arstechnica.net/wp-content/uploads/2021/07/legend-of-zelda-nes-gold-800x450.jpg', '2022-05-16 16:41:16', '2022-05-17 02:53:45', 154, NULL),
(288, 17, 289, 1170, 13, 'voluptatum officiis qui recusandae rerum hic', 'Laborum magnam unde corporis accusantium molestias autem accusamus. Officia eum modi sed accusamus numquam. At necessitatibus eos eos sequi voluptatem occaecati. Nihil molestias nihil rerum nihil. Molestiae sed eaque consectetur id. Numquam esse molestias hic quisquam est impedit voluptatem. Sunt maxime placeat repellendus reprehenderit quod sequi repellat. Illum aliquam et dolore aperiam ipsum qui fugit. Accusantium dicta voluptatem rerum molestias et cupiditate. Recusandae ut sed quod quisquam rerum impedit dolorem. Sint vitae ea et ratione voluptate. Mollitia natus aliquam in doloremque ad dicta saepe. Nisi cupiditate voluptatem et quam fuga. Qui cum non excepturi. Sequi dolor sunt reiciendis quod repudiandae.', 'https://images.ctfassets.net/s5n2t79q9icq/114xMnrR6RiLD15UxL8LYZ/ca73ec9fe59f654a150b543e05979181/Meta-Homepage.jpg', '2022-06-16 20:12:34', '2022-06-17 15:40:04', 303, NULL),
(289, 20, 244, 1288, 12, 'ea a itaque et commodi', 'Porro voluptatem minus recusandae possimus delectus. Rerum velit consequuntur maiores inventore. Similique harum sequi facilis autem commodi aut cupiditate. Ut qui provident pariatur est cumque quia id commodi. Eos animi nam aut accusantium explicabo et aut. Aut nisi amet corporis voluptatem. Consequatur et maxime temporibus adipisci soluta. Rerum nisi at placeat. Officiis neque odio odio mollitia. Fuga ut iure sed dolor labore perspiciatis. Ipsum quia ipsa reprehenderit tempore distinctio quia. Omnis labore non soluta. Accusantium dicta expedita veritatis dolore aut molestiae. Eaque vel commodi animi placeat omnis sunt.', 'https://www.manga-news.com/public/images/events/geek-unchained-4.jpg', '2022-02-19 04:05:18', '2022-02-21 18:08:45', 377, 'Occasionnel'),
(290, 21, 213, 1244, 14, 'ut repellendus sed modi quia omnis', 'Quis nihil provident ab totam repellendus ipsum. Modi ut veniam ex dolores quam voluptatem quam cupiditate. Autem nam et non rem ut quis. Earum molestias dicta est tempore voluptas cumque. Reprehenderit labore tenetur voluptatem exercitationem. Fuga natus ab id explicabo aut qui. Magni vero sint voluptatem inventore placeat minus at. Voluptatum dolor est rerum praesentium molestias id. Velit ut veniam tenetur quisquam. Aspernatur ab sed deserunt perspiciatis voluptatem consectetur. Aut recusandae ducimus et quia. Molestias sed explicabo quibusdam illum. Voluptatem voluptatem consequatur ullam autem ad sapiente laboriosam.', 'https://images.ctfassets.net/s5n2t79q9icq/114xMnrR6RiLD15UxL8LYZ/ca73ec9fe59f654a150b543e05979181/Meta-Homepage.jpg', '2022-06-08 17:25:30', '2022-06-10 20:20:10', 181, NULL),
(291, 21, NULL, 1070, 14, 'ab quos aliquam deleniti ea unde', 'Aut similique itaque pariatur debitis accusantium qui tempora minima. Consequuntur necessitatibus atque molestias animi voluptatibus perspiciatis dolor. Veniam accusamus quis omnis reprehenderit ut suscipit praesentium. Reprehenderit rerum cumque in provident accusamus. Iure consectetur praesentium doloribus eos rerum nemo. Explicabo repellendus eveniet facilis est sit. Voluptas architecto eos quia inventore. Reprehenderit tenetur eius corporis omnis placeat nihil. Dolore voluptatem architecto excepturi voluptatem beatae. Qui qui beatae aspernatur dicta aperiam veritatis sunt. Neque qui quas itaque sint laborum quisquam at. Earum perspiciatis quo odit autem esse laborum. Enim ipsam soluta in corrupti eius nobis. Ut incidunt perferendis aliquam qui. Illum possimus ipsa sit quo quidem.', 'https://pbs.twimg.com/media/EECAyk7W4AAQP9w.jpg', '2022-03-27 08:26:13', '2022-03-29 01:11:40', 438, NULL),
(292, 17, 230, 1325, 15, 'quae vitae id', 'Sit et nemo asperiores sunt fugiat exercitationem. Architecto et est nostrum quo impedit. Adipisci aperiam corrupti in sed veritatis. Incidunt accusantium soluta sequi similique placeat hic sint. Harum qui ullam laborum fuga quidem minima. Tempora corporis aliquam sed et. Vel placeat odio blanditiis amet laudantium. Voluptatem possimus aut soluta officia debitis distinctio. Pariatur dolores ex aut numquam quas sunt dolor. Omnis fugit sed quo sint omnis est molestiae molestiae. Reiciendis sed qui omnis dolore mollitia sed. Minus iusto qui ducimus eligendi. Odio nemo ipsa aliquam quibusdam eaque praesentium minus. Sint autem quasi voluptatem saepe accusantium in. Nobis vitae omnis dolores nulla ipsa. Vitae distinctio voluptatum soluta quis.', 'https://data.1freewallpapers.com/download/dota-2-1280x720.jpg', '2022-06-18 09:45:08', '2022-06-18 22:23:53', 231, 'Tous niveaux'),
(293, 18, 256, 1254, 15, 'facilis cum quia provident', 'Reprehenderit nemo id veritatis occaecati et ut dolores sed. Quia est voluptate quia consequatur. Ea est maxime ut. Asperiores ipsam eveniet ad et est. Quia commodi inventore iste consequatur pariatur adipisci. Numquam saepe sit sunt voluptatum voluptatum velit. Assumenda perferendis ut et eaque aut voluptates. Ratione omnis aut alias accusantium nihil aliquam consequuntur quaerat. Dolorem deleniti eos minima autem qui neque et. Ipsum at officiis est nemo veniam impedit. Nostrum quidem saepe rerum adipisci. Odit esse pariatur nobis recusandae nihil eius. Hic et dolores maiores dolor ab. Recusandae autem repellendus veniam corrupti dolorum sit. Nam facere rerum voluptatum. Nisi officiis sunt ut earum.', 'https://www.manga-news.com/public/images/events/geek-unchained-4.jpg', '2022-03-18 10:12:58', '2022-03-19 11:46:02', 251, 'Débutant'),
(294, 21, 211, 1406, 14, 'deleniti et at unde', 'Voluptas in ipsum dolorem temporibus eaque ipsa tempora. Et inventore natus in ad voluptas quo. Nemo quam ab inventore quis. Natus dolorem placeat assumenda facilis neque maiores quaerat. Accusantium omnis et occaecati in et. Non itaque esse animi suscipit nulla architecto eius inventore. Recusandae explicabo qui sint ut. Quo et cum laudantium consequatur qui cumque. Enim distinctio molestiae similique sed in earum nisi. Iusto neque quas ut distinctio est. Ullam rerum aut numquam dolorum non sapiente. Recusandae exercitationem cumque magnam. Voluptatem a ut et. Ut et et qui. Et porro quia consectetur eos inventore omnis porro. Aperiam distinctio quam numquam. Ea eum veritatis autem. Voluptatem nobis veritatis quo eveniet ut nulla.', 'https://img.redbull.com/images/c_limit,w_1500,h_1000,f_auto,q_auto/redbullcom/2019/11/08/fc0f91de-3998-4be5-b50e-96d8d9e0cd45/lol-10-ans-league-of-legends', '2022-02-06 12:25:16', '2022-02-06 15:40:42', 90, NULL),
(295, 19, 292, 1341, 12, 'libero id nihil repellendus', 'Vel iusto qui occaecati dolore consequuntur eius mollitia. Dolor id laboriosam asperiores quibusdam perspiciatis occaecati totam eligendi. Ut dignissimos eos eligendi quaerat laboriosam suscipit numquam et. Dignissimos minus numquam tenetur quae. Eum distinctio non dicta itaque est vitae cupiditate. Tempore officia dolorum odio ratione et et. Facilis expedita et quia est inventore et. Dolorem sit hic inventore occaecati tempore qui quis ut. Est corporis rerum quia. Illo delectus nisi dignissimos provident consequatur. Autem eligendi aut ut eveniet. Necessitatibus vel est quisquam temporibus. Odio dolor aut eum doloremque repellendus porro. Eum ut magnam atque distinctio doloribus non repudiandae nihil.', 'https://images.ctfassets.net/s5n2t79q9icq/114xMnrR6RiLD15UxL8LYZ/ca73ec9fe59f654a150b543e05979181/Meta-Homepage.jpg', '2022-05-28 19:27:27', '2022-05-28 22:25:43', 424, 'Intermédiaire'),
(296, 17, NULL, 1079, 12, 'et nam ut', 'Optio molestiae et consequatur iure quasi reprehenderit eius. Dolor non dolor est dolorem aut qui commodi aperiam. Dolores officiis voluptate facilis consequatur. Sunt tempore dolor vitae non dolorum. Qui qui at sunt eos odio. Doloremque ratione enim ipsa quaerat laborum dolor nemo. Deserunt ratione non harum qui error. Voluptatem saepe quia corrupti eos atque aut. Nostrum voluptatem ea ea maxime ipsa qui ut. Vero nam et incidunt reprehenderit maxime. Magni fugit facere ea animi iure. Dolores consequuntur corrupti et pariatur. Quaerat non accusamus iste expedita. Possimus sit sit deleniti nemo qui sint. Saepe perferendis ratione soluta quia fuga velit nam.', 'https://i0.wp.com/www.nintendo-town.fr/wp-content/uploads/2019/04/H2x1_NSwitch_MortalKombat11_image1600w.jpg?fit=1600%2C800&ssl=1', '2022-01-07 18:01:56', '2022-01-08 07:46:40', 114, 'Confirmé'),
(297, 21, 226, 1403, 13, 'et aut numquam', 'Laboriosam placeat vero quia beatae quo placeat iusto. Eum officiis adipisci rerum sit dolorem ipsa autem. Nihil rerum quod non autem iste magnam. Ea voluptatum sunt consequatur sit rerum aut. Porro ut ut tenetur aut qui. A aliquid molestiae omnis pariatur. Eum enim molestiae dolor enim consequatur. Quas commodi autem qui voluptate maiores quaerat quas. Voluptas delectus et autem. Ullam quos modi placeat dolor eaque ipsam. Ut aut alias eos aut non sit eum doloremque. Autem eum eligendi praesentium. Ratione animi eligendi numquam molestiae velit. Aut sapiente ut ipsum fugiat. Ipsa ut debitis deleniti dolor nobis inventore dolores. Numquam et incidunt saepe esse. Aut soluta perspiciatis nesciunt nulla est. Ad architecto consequatur aut aut vel quam est adipisci.', 'https://i0.wp.com/www.nintendo-town.fr/wp-content/uploads/2019/04/H2x1_NSwitch_MortalKombat11_image1600w.jpg?fit=1600%2C800&ssl=1', '2022-01-23 07:24:51', '2022-01-25 05:58:24', 377, NULL),
(298, 18, 250, 1452, 12, 'quia rem quia voluptatem perferendis ut tempora et non accusantium', 'Commodi mollitia ratione quia minima. Sed id omnis velit et. Vel similique nesciunt in similique neque harum. Et blanditiis sed et tenetur est blanditiis et. Inventore perspiciatis perferendis cumque cumque ut ut officia. Quaerat qui iure minus quisquam id. Quia sit quis a dignissimos maxime. Distinctio culpa sed odio in quaerat earum eum. Explicabo quas numquam illo ducimus. Explicabo eligendi dolores quis totam porro. Nihil est qui maxime expedita aut. Nemo rem delectus facilis eum earum aut itaque. Rerum quod sint suscipit fugit recusandae ut accusamus. Molestiae nostrum et ipsum non. Quod dicta quos possimus est placeat. Minima nisi et modi quis. Ullam dicta natus quibusdam sunt corrupti rem aut.', 'https://cdn.arstechnica.net/wp-content/uploads/2021/07/legend-of-zelda-nes-gold-800x450.jpg', '2022-05-25 22:15:50', '2022-05-27 01:54:39', 66, 'Tous niveaux'),
(299, 18, 257, 1284, 13, 'praesentium qui id necessitatibus magnam assumenda', 'Laborum eum repellat commodi occaecati consequatur corporis ex. Atque natus impedit laborum labore eligendi aut provident harum. Saepe excepturi omnis velit modi dolorem fuga ut ut. Ullam excepturi minus esse mollitia provident amet et. Laborum eos hic dicta quos quidem sed. Labore sit quia amet qui sed. Ut quo dolorem eum illo corrupti. Magni tempora dolorem veritatis accusamus repellat ipsa. Quia fugiat ad beatae cumque maxime aliquam. Ut sit impedit laudantium ipsum adipisci dolorem expedita. Vel aspernatur non minima dignissimos modi quia minus. Quae atque dignissimos a. Minus pariatur qui minus dignissimos magni cupiditate magni. Tenetur voluptatem non dicta culpa voluptatibus magni. Quo debitis modi quia et qui exercitationem aliquam.', 'https://i.ytimg.com/vi/gjVtbJkKQbo/maxresdefault.jpg', '2022-06-04 07:01:54', '2022-06-06 07:01:01', 442, NULL),
(300, 21, 300, 1295, 14, 'animi hic mollitia', 'Minus nostrum ipsam dolorem architecto. Minus et deserunt nam nobis. Numquam id aspernatur consequatur. Et at magnam ut cum qui. Eum ut doloribus tempora est et beatae facilis. Perspiciatis perspiciatis qui voluptatem vero aut. Corrupti vitae rerum rerum illum ut earum. Laudantium sed vel dolorem fugit. Deserunt molestiae quia eaque sint dolorum vero repudiandae. Sed sequi ut consequatur. Aut itaque incidunt maxime eligendi omnis tempore reprehenderit sed. Odit voluptatem ad illum aspernatur. Voluptas repudiandae quia velit reprehenderit. Dolor dolorem voluptas quo modi. Voluptatum non corporis et minima. Dicta repellendus et in doloremque tempore. Temporibus itaque sit sit rerum. Quo accusamus in et id voluptas nobis explicabo. Sit quas consequatur sint.', 'https://previews.123rf.com/images/microone/microone2006/microone200600047/148520518-board-game-evening-friends-meeting-happy-players-characters-isolated-teenagers-or-adults-playing-car.jpg', '2022-05-28 12:18:56', '2022-05-29 05:24:19', 117, NULL),
(301, 19, NULL, 1172, 14, 'earum delectus sequi et minus et illum ut', 'Atque placeat illo fuga qui ratione ut velit. Quae aperiam neque adipisci architecto hic odio. Fugit repellat maiores et eveniet ad harum voluptatem. Nemo ut odit dolor odit sint velit autem libero. Accusantium deserunt nihil explicabo. Porro id eum consectetur blanditiis consequatur aut consequatur. Odit aut laudantium dolor asperiores et ipsa. Occaecati illo reiciendis ex. Vitae amet sint incidunt et aut et. Dolor hic sint ducimus ut. Facere odio adipisci sed et. Autem consequatur facere id ad voluptas. Ipsam numquam nostrum maiores eos excepturi doloremque voluptatum. Ad aut ut dolores ab quas consequuntur. Dolorem ad eius minima velit nulla. Ea nostrum adipisci nobis inventore molestias. Quam cumque adipisci nihil doloribus iure.', 'https://cdn.akamai.steamstatic.com/steam/apps/851590/capsule_616x353.jpg?t=1631538454', '2022-05-20 11:57:31', '2022-05-22 06:39:20', 473, NULL),
(302, 17, 243, 1367, 13, 'ea aliquam exercitationem illum', 'Id voluptatibus voluptates eos est. Perferendis ea assumenda ut assumenda delectus. Omnis ea corrupti animi facere aut commodi tempora magnam. Beatae rerum quam quas sint maiores recusandae voluptates rerum. Deserunt at quae veritatis sit error voluptates iste. Quos libero dolorum aut repellendus ut praesentium tenetur. Dolores vero et impedit animi. Tempore voluptatibus nobis voluptatem consectetur odio harum. Vel molestiae voluptas aut quod. Nobis illum est repellat est assumenda. Voluptas quo et aut eum ut. Voluptates quos ut quia esse autem. Alias natus enim sit omnis fuga provident. Rem ut quod deserunt sunt reprehenderit excepturi rerum. Excepturi nihil quos omnis. Nobis enim sed rerum corrupti exercitationem cupiditate et. Ut velit ut tenetur consectetur iure et ad animi.', 'https://fr.web.img2.acsta.net/newsv7/20/06/30/12/28/5740456.jpg', '2022-03-12 05:49:55', '2022-03-12 16:27:35', 213, NULL),
(303, 16, 296, 1202, 12, 'qui atque aliquam', 'Omnis a nesciunt quibusdam dolor aut nam. Doloremque perspiciatis nesciunt rerum distinctio suscipit. Ea nam qui accusantium ad vel esse voluptas possimus. Qui officia aut reprehenderit qui recusandae. Iste inventore qui officiis. Quia et est quisquam fuga nemo magnam aut. Magni voluptate praesentium est suscipit in ullam. Temporibus cum voluptatem officiis atque in vitae. Ab voluptas iusto rerum sit omnis iure. Ut autem iste cupiditate delectus optio. Occaecati aspernatur est et dignissimos ipsum quod. Officiis saepe numquam accusamus et occaecati dolores. Ut maiores et rerum dignissimos ut et. Consequuntur aliquam et rerum. Sint debitis quia quisquam iste totam. Adipisci natus aut quae molestiae rerum. Ut et nisi dolor atque.', 'https://www.presse-citron.net/app/uploads/2021/06/netflix-geeked-week-summer-game-fest-2021.jpeg', '2022-04-28 20:19:26', '2022-04-28 20:49:30', 185, 'Tous niveaux'),
(304, 21, 268, 1319, 12, 'dolor quod tempore velit nobis', 'Tempore fugiat voluptatem neque occaecati rerum sit officiis quam. Illo ut quae vero a tenetur. Quibusdam possimus quo accusantium facere. Possimus sunt ipsa quisquam totam qui temporibus quia ut. Amet rem debitis illo. Aut porro dignissimos ad facilis quia saepe. Fugiat est officiis est est sapiente. Porro eos aut ab fugit corporis molestiae. Unde et quasi perferendis at asperiores eos dignissimos aut. Dolores et et sed veniam accusantium. Voluptatem sequi commodi quaerat harum quia et. Odio est officiis aperiam numquam. Quis quam ex nihil provident delectus. Aut harum et beatae. Minus dicta ullam est enim qui error quisquam. Consequuntur aperiam quasi quia voluptate.', 'https://www.rom-game.fr/multimedia/agenda/211005_videgreniergeekpampuyre2022.jpg', '2022-01-16 22:12:28', '2022-01-17 05:50:52', 269, 'Professionnel'),
(305, 18, 274, 1120, 15, 'alias ut delectus asperiores natus ut provident voluptatem dolorum culpa', 'Autem earum sapiente sed quis totam odit necessitatibus. Tempora dolorum neque ipsum. Quam quam nihil neque doloribus et iusto. Non soluta aut expedita ipsa placeat temporibus. Eos consequuntur aut et aut tempore sit. Doloribus nobis aperiam molestiae perspiciatis sequi esse consequuntur laudantium. Dignissimos aut voluptas facere rerum et dolor. Repellat ut recusandae voluptate veritatis cum magni. Voluptas labore voluptas repellendus voluptas. Rerum nam repudiandae deleniti inventore. Atque magnam quae asperiores. Veniam sunt aliquid molestiae consectetur. Tenetur debitis repellat nemo consectetur mollitia accusantium natus rerum.', 'https://www.rom-game.fr/multimedia/agenda/211005_videgreniergeekpampuyre2022.jpg', '2022-05-03 10:07:21', '2022-05-06 08:04:51', 35, 'Intermédiaire'),
(306, 21, NULL, 1347, 15, 'consequatur eveniet voluptatem animi corporis voluptates ex', 'Adipisci placeat harum et tempora sunt. Et libero consequuntur tempora quam iste quaerat vitae facilis. Necessitatibus et cumque praesentium deserunt facilis voluptatibus molestias. Est voluptas dolor inventore minus laboriosam eveniet est voluptatibus. Vel ab dicta et quidem sint sapiente. Ut qui et quo repudiandae. Aperiam temporibus pariatur voluptates et cupiditate voluptatem quis perspiciatis. Iure ipsa ratione enim minus voluptatem iure totam. Aut aut magnam soluta est. Mollitia ex nemo sed tempora suscipit. Et laudantium non laborum officia voluptatem rerum qui dolorem. Molestiae laborum et distinctio quia. Ipsa tempore qui quis dolore molestiae molestias velit. Numquam id eius molestiae doloribus qui id.', 'https://i0.wp.com/www.nintendo-town.fr/wp-content/uploads/2019/04/H2x1_NSwitch_MortalKombat11_image1600w.jpg?fit=1600%2C800&ssl=1', '2022-05-07 04:05:18', '2022-05-07 07:19:31', 384, 'Tous niveaux');

-- --------------------------------------------------------

--
-- Structure de la table `event_activity`
--

CREATE TABLE `event_activity` (
  `id` int(11) NOT NULL,
  `name` varchar(50) COLLATE utf8mb4_unicode_ci NOT NULL
) ENGINE=InnoDB DEFAULT CHARSET=utf8mb4 COLLATE=utf8mb4_unicode_ci;

--
-- Déchargement des données de la table `event_activity`
--

INSERT INTO `event_activity` (`id`, `name`) VALUES
(11, 'Jeux vidéos'),
(12, 'Jeux de société'),
(13, 'Mangas'),
(14, 'Comics'),
(15, 'Toutes activités');

-- --------------------------------------------------------

--
-- Structure de la table `event_category`
--

CREATE TABLE `event_category` (
  `id` int(11) NOT NULL,
  `name` varchar(50) COLLATE utf8mb4_unicode_ci NOT NULL
) ENGINE=InnoDB DEFAULT CHARSET=utf8mb4 COLLATE=utf8mb4_unicode_ci;

--
-- Déchargement des données de la table `event_category`
--

INSERT INTO `event_category` (`id`, `name`) VALUES
(15, 'Convention'),
(16, 'Partie en ligne'),
(17, 'Partie en local (LAN Party)'),
(18, 'Tournoi'),
(19, 'Meeting'),
(20, 'Vente aux enchères / troc'),
(21, 'Conférence');

-- --------------------------------------------------------

--
-- Structure de la table `manga`
--

CREATE TABLE `manga` (
  `id` int(11) NOT NULL,
  `category_id` int(11) NOT NULL,
  `name` varchar(50) COLLATE utf8mb4_unicode_ci NOT NULL,
  `description` longtext COLLATE utf8mb4_unicode_ci NOT NULL,
  `picture` varchar(255) COLLATE utf8mb4_unicode_ci NOT NULL,
  `author` varchar(50) COLLATE utf8mb4_unicode_ci NOT NULL
) ENGINE=InnoDB DEFAULT CHARSET=utf8mb4 COLLATE=utf8mb4_unicode_ci;

--
-- Déchargement des données de la table `manga`
--

INSERT INTO `manga` (`id`, `category_id`, `name`, `description`, `picture`, `author`) VALUES
(201, 12, 'et qui', 'Non vel ab reprehenderit id quis maxime. Enim vero aliquid sit. Voluptatum itaque et qui repellendus non aliquid qui voluptas. Et qui consequatur dolor ut fugit autem suscipit. Saepe eveniet et omnis incidunt ducimus nihil itaque. Impedit dignissimos nam omnis dolorem officiis recusandae. Labore nihil ad id asperiores repellat consequuntur fugit rem. Minima ad ullam officia officiis culpa recusandae nihil. Aperiam et architecto dolorem sed et. Tempore minima aperiam repellendus cum et et nihil.', 'https://images-na.ssl-images-amazon.com/images/I/81VDeAyH1GL.jpg', 'Zetta Bogan'),
(202, 13, 'distinctio impedit', 'Nobis voluptas id consequuntur maxime quia qui. Deserunt eaque ut vel nesciunt inventore maxime. Sit tempore et ut cupiditate voluptatem. Aspernatur veniam doloremque provident. Impedit exercitationem eaque amet itaque inventore debitis. Autem et numquam libero cupiditate inventore doloribus odio. Vel quo accusantium et sit. Deleniti officiis hic ut fugiat pariatur. Facere sed consequuntur rerum odio qui tempora soluta. Doloribus exercitationem consectetur minus officia. Ut velit voluptatem est modi.', 'https://images-na.ssl-images-amazon.com/images/I/91a19RuprqL.jpg', 'Austin Kohler'),
(203, 15, 'sit possimus optio aut', 'Voluptatem omnis corrupti veritatis id. Et exercitationem inventore architecto ratione in sunt. Sed earum quia sunt placeat. Nemo commodi maiores exercitationem molestiae nam. Quo dicta neque vero velit. Voluptatum exercitationem et veritatis. Similique ut hic aut quam et. Beatae laboriosam est ad placeat ipsa sit. Velit autem ipsum architecto consequatur et dolores cumque et. Ea ex voluptatem perspiciatis minus. Fugit sed eaque ab tempore repellat. Qui illo nisi impedit molestias mollitia sequi aut. Autem quia et voluptatibus dolorem. Aliquam in officiis possimus sunt sequi.', 'https://www.pika.fr/sites/default/files/images/livres/couv/9782811607135-T.jpg', 'Anderson Prosacco'),
(204, 14, 'est ipsam', 'Tenetur aut hic et omnis molestiae explicabo placeat velit. Iure laboriosam aut recusandae ipsum. Rerum perferendis qui accusantium dolorum iusto ad. Saepe vel labore corrupti voluptatem in. Numquam illo nihil sapiente reiciendis similique nihil. Sint iure cum atque architecto saepe. Qui inventore dolorem accusamus ipsam voluptatem numquam delectus. Rem et qui est nam saepe. Atque quo quo omnis eius nemo velit distinctio in.', 'https://images-na.ssl-images-amazon.com/images/I/81H14PAKlPL.jpg', 'Delia Witting'),
(205, 14, 'et aspernatur', 'Consequatur aut minus nobis. Velit itaque consequuntur consequatur enim officia dolorem tenetur. Rerum ut ea vero sed voluptatum vitae qui. Unde voluptatem ut in veritatis. Cum eveniet similique et nesciunt ut vitae. Assumenda doloribus aut dolor quia optio vel voluptatem corrupti. Provident fuga dolor porro. Aut amet cumque excepturi. Aut sed sit fugiat unde blanditiis fugit id eveniet. Harum unde voluptas porro veritatis adipisci. Quia qui illum voluptas et molestias. Distinctio quas modi assumenda omnis.', 'https://images-na.ssl-images-amazon.com/images/I/71V1kRB2fTL.jpg', 'Marcelo Ziemann'),
(206, 13, 'eius ducimus totam', 'Repellat sunt veritatis itaque non. Vel omnis possimus nam amet. Laboriosam ut alias quaerat et voluptates. Ipsa occaecati nihil sed. Reprehenderit sed consequatur iusto nostrum. Porro non non dolores sed reprehenderit veritatis. Sunt pariatur temporibus esse esse et iure. Impedit eius consequatur ut rerum rerum rerum aut. Dolores aut unde recusandae dolor sed. Esse qui eos unde voluptatem et voluptate quia. Qui facere maxime aspernatur ipsa quis.', 'https://images-na.ssl-images-amazon.com/images/I/913g8zhpCYL.jpg', 'Randi Morissette'),
(207, 15, 'tenetur dolor', 'Sunt eaque beatae provident accusamus facere unde voluptatum. Velit maxime ea dicta. Neque placeat possimus eos aut. Voluptas velit delectus perspiciatis deleniti sit omnis odio. Dolor sit maxime et. Exercitationem qui porro est deleniti rerum. Excepturi et iusto eum et cupiditate. Ducimus nesciunt qui iste. Quam aut rerum provident quo facilis suscipit vitae. Quis corrupti et ab odio. Laborum consequatur veniam iure voluptas magni molestiae. Aut repellat dolor voluptates. Autem illo fugit sit illum eveniet quis.', 'https://images-na.ssl-images-amazon.com/images/I/918Ai9a893L.jpg', 'Kristoffer Kovacek'),
(208, 14, 'aut ducimus rem sit', 'Omnis ut omnis ipsam recusandae harum molestias. Ea iusto officiis molestiae doloremque dolor. Veritatis quae aut omnis sunt fuga inventore non. Perferendis voluptas atque quis ut minus aspernatur. Sint non voluptatem rem. Dolor soluta ut praesentium vero et sequi ut. Fuga dolorum nobis voluptas rerum repellat aperiam. Ut autem facilis quia rem incidunt velit. Iure omnis incidunt totam consectetur quis. Aliquam rerum consequatur rem consequuntur. Distinctio veniam delectus quia et corrupti asperiores.', 'https://images-na.ssl-images-amazon.com/images/I/913g8zhpCYL.jpg', 'Natalie Abernathy'),
(209, 15, 'veniam quis optio', 'A non accusamus velit consectetur accusamus officia. Vel eveniet amet harum. In voluptas sed molestiae dolorum repellat temporibus. Accusantium et eius sit cupiditate quo ab inventore. Est corrupti provident laboriosam officiis quasi assumenda aut. Et cumque reiciendis corrupti laboriosam est nulla facere ut. Officia non dolorem sequi ipsam. Nulla rerum sed voluptatem consequatur quidem. Non occaecati amet debitis. Et assumenda voluptates quia velit harum blanditiis. Consequuntur beatae accusamus numquam incidunt qui asperiores id. Ea sequi voluptatem nobis.', 'https://images-na.ssl-images-amazon.com/images/I/71iPhxzPaoL.jpg', 'Deanna Braun'),
(210, 14, 'id iure qui', 'Placeat eum et voluptates est. Amet maiores mollitia dolores quis consectetur. Illum est at libero voluptatem. Nihil inventore similique eum quisquam nulla quod. Nulla labore id consectetur perspiciatis in dolorum sint. Molestias itaque soluta occaecati repellat dolores ab ad. Eligendi debitis officiis ipsa occaecati enim nemo ut. Voluptatibus autem omnis iste ea ea officia. Error nostrum nesciunt dicta maiores dolorem. Sit qui harum nam. Doloremque ut ea voluptatem est soluta aut.', 'https://images-na.ssl-images-amazon.com/images/I/71LrevXJ4UL.jpg', 'Keanu Gutmann'),
(211, 15, 'minima porro voluptate ut', 'Qui eum id qui qui repellendus. Voluptas labore sed sit non ipsam. Rerum eos quaerat quam hic. Exercitationem officia quisquam enim accusamus modi perferendis quos sunt. Alias et perferendis quae et. In aut rem quisquam voluptates. Corrupti voluptates sed id. Tempore minus sint voluptatem sit officia. Natus voluptatum delectus maxime. Aliquam aut nisi quia sunt. Nobis nisi itaque earum recusandae. Odio et consequatur dolorem tempore aliquid.', 'https://images-na.ssl-images-amazon.com/images/I/91yiBtD0imL.jpg', 'Devin Connelly'),
(212, 12, 'voluptas quia voluptatem facilis', 'Minima vitae et quos accusantium. Officia magni minima quaerat minima reiciendis assumenda. Ducimus adipisci non repudiandae quas voluptatem ipsum. Sint vel vel fugit illum voluptas. Ratione omnis unde numquam libero ut. Architecto nihil qui voluptas cumque autem. Aspernatur nisi rem distinctio mollitia eum. Quam illum voluptate est fugiat perspiciatis tempore asperiores. Excepturi est rerum eius fuga. Excepturi necessitatibus dicta sed laborum similique sunt. Minus illo explicabo ut corporis vel.', 'https://images-na.ssl-images-amazon.com/images/I/81dfhgbb2qL.jpg', 'Brendan Schulist'),
(213, 14, 'assumenda molestias', 'Voluptates dolorem ut animi facere ut soluta unde architecto. Sit amet ea non iste aut non non mollitia. Suscipit quod necessitatibus quia natus. Exercitationem error a ad nesciunt esse. Atque rerum ab iure dignissimos praesentium. Et neque quae laudantium. Perferendis omnis fugiat ut quia cum. Numquam quo aut sequi quis voluptas corrupti sapiente. Assumenda consectetur expedita dolore fugit quibusdam. Dolor omnis harum in vel quos nemo nesciunt. Voluptatibus cumque tempore consectetur est quo quibusdam quo.', 'https://images-na.ssl-images-amazon.com/images/I/61BhDFVSCTL.jpg', 'Harvey Thompson'),
(214, 15, 'rem', 'In laboriosam tenetur molestiae eveniet sunt ut. Est earum et ea quae quidem. Sit harum placeat aliquid culpa aut. Provident nisi accusamus voluptas natus optio. Perferendis non mollitia consequatur. Architecto eius facilis tempora quam totam nulla dolor ullam. Deleniti sit ex nostrum consequatur. Eius dolore quibusdam id eveniet. Est et et voluptatem molestiae officia cum blanditiis facere. Tenetur non magni veritatis consequuntur praesentium eos.', 'https://images-na.ssl-images-amazon.com/images/I/91xNW4qPPfL.jpg', 'Matt Kulas'),
(215, 15, 'et', 'Repellendus consequuntur expedita pariatur dolor enim molestiae. Tenetur sapiente nobis aliquam ad accusantium. Officiis tenetur impedit et illum dolor. Aut totam repudiandae aut ullam labore. Aperiam natus architecto velit sunt. Et dolor atque nisi odio sequi soluta. Vero nihil aut et quia. Praesentium vitae velit aspernatur inventore et consequuntur. Harum ullam at nihil dicta rem maxime nihil. Voluptatem hic cum voluptas nisi sit. Fugit accusantium animi vel non deserunt excepturi rerum.', 'https://fr.web.img5.acsta.net/pictures/21/02/16/12/45/5319199.jpg', 'Colt Schamberger'),
(216, 12, 'vero ad et', 'Corporis incidunt beatae quaerat exercitationem ratione odit magnam. Aspernatur non veritatis aliquam in ducimus sit excepturi. Aut quis rerum officia et natus et. Pariatur nulla odit nostrum exercitationem asperiores omnis. Maxime ea placeat nemo temporibus laudantium. Sapiente magnam hic animi sint. Est corporis voluptas neque est illum deleniti molestias. Ipsum quia ut voluptates nemo. Aut architecto ut culpa autem voluptatem sed. A commodi eum rem ducimus quo est. Quas pariatur id est molestiae dolores laborum inventore. Fuga molestiae quod et corporis.', 'https://images-na.ssl-images-amazon.com/images/I/71FH4o9mO3S.jpg', 'Pearline Abernathy'),
(217, 12, 'quibusdam tenetur quis veritatis', 'Recusandae velit totam odio fugiat officiis. Temporibus est voluptatem alias incidunt repudiandae rem et ut. Pariatur dignissimos nemo odit vel. Sequi dolor impedit rerum non consequuntur aut. Dolorem aut ipsa corrupti mollitia rem rerum aspernatur. Suscipit molestiae debitis voluptas odio aperiam. Non deleniti fugiat vel debitis occaecati velit vel in. Fugit officiis aut in nostrum reprehenderit et nihil. Et nihil quasi odit dolore. Quia perspiciatis animi qui esse modi voluptate id saepe.', 'https://images-na.ssl-images-amazon.com/images/I/91xNW4qPPfL.jpg', 'Jeramie Daniel'),
(218, 12, 'tenetur consequuntur ipsa', 'Enim vel hic cum eos. Qui labore hic placeat minus. Possimus quam sint voluptas molestias. Molestiae voluptatem blanditiis delectus. Molestiae et aliquam laboriosam et. Voluptatem quo rerum et nostrum accusamus nam doloremque. Sequi blanditiis atque perspiciatis sint iure. Nihil maxime ullam aperiam asperiores natus quia ab in. Debitis qui veritatis fuga aliquam. Mollitia qui et libero sapiente qui soluta.', 'https://www.pika.fr/sites/default/files/images/livres/couv/9782811607135-T.jpg', 'Kevin Purdy'),
(219, 12, 'voluptatem', 'Quia dolores perspiciatis nulla id error. Sapiente maxime quis consequatur quas voluptas quibusdam eveniet. Non minus qui consequatur quae voluptatem corrupti. Ut tempora est delectus qui quia ut id voluptas. Quia sed placeat iure eum. Eveniet fuga perferendis repellendus harum rerum. Et tempora provident est fuga voluptas. Alias beatae debitis unde blanditiis tempore nam. Quis et aperiam quia rerum. Fugit eaque qui sunt eos. Dignissimos et rerum iusto harum ut tenetur.', 'https://images-na.ssl-images-amazon.com/images/I/91a19RuprqL.jpg', 'Grayce Kunze'),
(220, 13, 'voluptatem voluptas', 'Sit unde sit est reiciendis. Nostrum quas asperiores qui facere totam voluptates et. Iusto dolores voluptas debitis non. Et molestiae aspernatur nihil molestias dolor ratione et impedit. Sed praesentium libero aliquid soluta et. Officiis ipsa non magnam vitae et voluptas. Quae totam optio ab sed esse enim magnam. Debitis occaecati eum aut ut libero possimus id et. Ex aspernatur qui natus quis at. Sit quo et ea sit vitae quos. Non dolore hic molestiae pariatur consequatur.', 'https://images-na.ssl-images-amazon.com/images/I/91tYV+R03kL.jpg', 'Cruz Hoeger'),
(221, 14, 'provident pariatur aliquam sit', 'Eos ut ut illo harum dolor. Quam fugit odio est nostrum. Praesentium accusantium voluptas illum delectus optio. Eius repellendus neque cum similique sit dolores. Assumenda eum nihil in et nostrum consequuntur dolore. At et vero in non architecto laudantium. Consequatur id omnis maiores vel consequuntur facilis quia soluta. Ad eum doloremque modi dolore. Error rem quaerat eum vel. Quia deserunt aut vel. Nam et hic assumenda eligendi.', 'https://images-na.ssl-images-amazon.com/images/I/91OuigKWs+L.jpg', 'Stephen Gorczany'),
(222, 15, 'recusandae', 'Cum porro eos quos a dolores quia vitae. Eius magnam quis quisquam adipisci dolore cupiditate at. Beatae commodi est velit velit reiciendis magnam eum. Rerum earum quia eaque. Magni occaecati placeat aliquid. Asperiores blanditiis ullam assumenda enim. Deleniti dolorem voluptate tenetur consequuntur. Est ducimus voluptatum a exercitationem consequatur. Libero sit sit excepturi voluptatum reprehenderit ut. Asperiores ea magnam beatae molestiae vero id nostrum quia. Similique earum atque necessitatibus qui.', 'https://images-na.ssl-images-amazon.com/images/I/913g8zhpCYL.jpg', 'Madge Hyatt'),
(223, 14, 'est earum voluptatibus eligendi', 'Quia ut consectetur qui. Mollitia porro in voluptatem omnis. Delectus aut laborum ad dolorem sapiente. Quasi dolorem quo consequatur sint qui velit asperiores. Odit qui maxime dicta voluptatibus omnis id provident. Tempora magnam vero ut assumenda doloribus sed. Placeat nulla minus odit. Quas magnam excepturi voluptas dolores aut molestiae. Sapiente sit quis voluptatem voluptatem quia sapiente earum quam. Qui corporis esse quibusdam saepe saepe excepturi maxime. Voluptas voluptas at ex.', 'https://images-na.ssl-images-amazon.com/images/I/91a19RuprqL.jpg', 'Jewell Weissnat'),
(224, 12, 'suscipit', 'Qui tenetur ratione soluta. Quia molestias accusantium ut error. Voluptatibus qui quia est unde perferendis animi ullam sed. Voluptates natus quo aperiam et quis cupiditate. Molestiae fuga error aut consequatur suscipit. Quisquam provident veniam tenetur aliquam aliquid. Aperiam dolor est nulla sapiente voluptas magni. Sed ut earum aut doloribus voluptates deleniti. Corporis in necessitatibus vel voluptatem. Voluptate dicta qui natus commodi magnam nulla. Tenetur dicta veniam itaque quae. Dolorem placeat et nulla vero.', 'https://images-na.ssl-images-amazon.com/images/I/81VDeAyH1GL.jpg', 'Gennaro Barton'),
(225, 14, 'eos repudiandae sit', 'Et ea ut aut voluptas eos eius doloremque qui. Ut ex fugit consectetur. Quia voluptates ea et quibusdam quibusdam excepturi. Eius ut ex unde. Officiis ratione enim aut harum doloremque id aliquam consectetur. Recusandae molestiae dolores at nobis autem. Dolorem quis quia mollitia. Exercitationem quia optio sint aperiam aspernatur odio rem. Praesentium et nihil dolores ipsum consectetur non in nam. Autem aperiam sit quam optio illum ipsum. Nihil rerum quasi praesentium qui explicabo sed qui possimus. Eos numquam enim soluta est nisi.', 'https://fr.web.img5.acsta.net/pictures/21/02/16/12/45/5319199.jpg', 'Giovanna Blanda'),
(226, 14, 'ipsam cumque', 'Doloremque quidem nisi sit ipsa non. Sit quos quas dolor dolorem. Qui aliquam qui officiis reiciendis. At sequi quas aut. Laudantium et rerum repudiandae eos nobis et eaque. Ex inventore accusamus animi. Nihil aliquid sit blanditiis velit. Totam qui praesentium quia et ullam similique rerum quo. Tenetur quasi et dolorum deleniti praesentium quia id soluta. Repellendus rem voluptatem ipsa fuga sit. Odit modi illum ea. Magnam ea ipsam quis qui. Quod consequatur ut unde enim quidem repellendus quia ea. Fuga non voluptatum quae sit ut atque ratione.', 'https://images-na.ssl-images-amazon.com/images/I/71V1kRB2fTL.jpg', 'Verona Quitzon'),
(227, 15, 'dolorum dolorum necessitatibus in', 'Asperiores et maxime impedit dolor. Delectus consequuntur ex distinctio autem. Quia modi officia aperiam rerum iusto quidem. Harum minus suscipit culpa fuga cum eum. Omnis maiores est cumque consectetur itaque soluta. Explicabo est debitis quas voluptatem natus. Officia beatae et numquam nobis modi. Saepe voluptate eum porro consequatur consectetur. Minus laborum nisi occaecati officia officiis non. Id ipsum praesentium voluptatem sint ea animi. Qui qui nisi nulla libero harum aliquam quia.', 'https://images-na.ssl-images-amazon.com/images/I/71iPhxzPaoL.jpg', 'Madyson Collier'),
(228, 15, 'est consequuntur', 'Hic velit fugit ab nihil. In in repellat voluptate consequatur error ab veniam. Dolores optio facere deleniti tempore perferendis delectus. Nihil perferendis veritatis porro sit tempora commodi facilis. Accusantium in debitis ducimus et. Ut odit dicta quasi. Voluptatem doloribus sit voluptates magnam. Voluptatem quam numquam repellat ut. Vel mollitia deserunt qui voluptatem. Aut earum quia commodi quibusdam esse dolor quibusdam. Vel aspernatur quidem voluptatibus quia qui ratione ea. Porro eos facere quo amet.', 'https://images-na.ssl-images-amazon.com/images/I/81mWACgHKxL.jpg', 'Shakira Doyle'),
(229, 15, 'est corporis', 'Rerum maxime dolor eos soluta quaerat similique deleniti illum. Ex voluptate iusto possimus officia laborum. Nihil aut nihil earum eveniet iste delectus. Modi sit qui quibusdam eveniet. Sed et possimus alias blanditiis aut ducimus rerum deleniti. Voluptatibus suscipit et est ab. Aspernatur illo perspiciatis esse architecto consequatur. Atque commodi cum et quas maiores. Aliquam a voluptas distinctio qui. Natus aperiam debitis nihil sequi quos. Sed aut quia quia necessitatibus voluptate impedit et. Quidem ex accusamus quo corporis magni. A sed est eligendi velit dignissimos unde suscipit.', 'https://images-na.ssl-images-amazon.com/images/I/81Z5oMQHqaL.jpg', 'Kelsie Nolan'),
(230, 14, 'a', 'Alias omnis facilis nam magnam sint porro. Fuga exercitationem culpa et maxime id. Quo minus est ex consequatur consectetur quaerat omnis et. Reprehenderit ullam voluptas consequuntur deleniti autem cumque est. Dolorum ut voluptas possimus sed. Quaerat quasi quos vitae ullam aut est. Debitis voluptatem delectus occaecati et. Nemo ipsam rerum sed optio inventore rerum dolor. Eveniet recusandae ullam in rerum optio. Illum molestias corporis officia eum hic. Autem et voluptatem sit consequatur.', 'https://images-na.ssl-images-amazon.com/images/I/71V1kRB2fTL.jpg', 'Nya Haag'),
(231, 12, 'et nobis nemo dolorem', 'Excepturi in id cum eaque totam reiciendis. Perferendis sunt quia ullam et animi. Ut nihil inventore maiores consequatur eos dolor laboriosam praesentium. Quaerat quaerat esse eos qui veritatis consectetur. Id nihil est id quia tempora voluptate. Labore quod veritatis tempora quis sit et id autem. Ea vitae sint vero consequatur ut placeat sapiente. Maiores sunt aperiam sit ea sint. Dolore magni et quam accusamus suscipit sunt. Quia quae commodi optio harum. Expedita est dignissimos magni neque illo. Et eum inventore aperiam quam.', 'https://images-na.ssl-images-amazon.com/images/I/81mWACgHKxL.jpg', 'Gerald Wolf'),
(232, 13, 'quaerat ratione iste expedita', 'Animi placeat minus corrupti nulla. Earum perferendis inventore eum autem doloremque sunt voluptates cupiditate. Ab sed voluptate velit ab autem. Occaecati vitae explicabo doloribus vitae fugiat omnis dolorum earum. Enim eius sapiente rerum iure culpa tempora est. Suscipit non cum ullam a impedit non repellendus. Odio incidunt repudiandae sint consequuntur et. Aut et ut esse necessitatibus non.', 'https://images-na.ssl-images-amazon.com/images/I/71FH4o9mO3S.jpg', 'Queenie Bailey'),
(233, 13, 'explicabo', 'Animi ut atque minus laborum aut eaque quis. Ut soluta illum veniam quae cumque. Quasi aspernatur aliquid soluta optio consequatur vitae sit possimus. Quas velit saepe et quia dicta. Molestias possimus quod autem esse dolorum suscipit in. Blanditiis enim sit quo. Eos ad animi eligendi pariatur vitae minima occaecati ullam. Quibusdam laudantium ipsam nam enim rem. Omnis voluptas sapiente optio deleniti fugiat. Et reiciendis alias dolores voluptas quos vel. Architecto quis qui saepe corporis aliquid qui id.', 'https://images-na.ssl-images-amazon.com/images/I/71FH4o9mO3S.jpg', 'Finn Veum'),
(234, 13, 'nihil consequatur rerum veniam', 'Quidem assumenda suscipit explicabo et architecto sit dolor atque. Quia similique aut sed ipsam. Excepturi aperiam excepturi occaecati. Ipsum sequi sed sint et dolores. Ad quia aut consequuntur ab pariatur non. Eius earum in non id dolorem. Mollitia expedita ex mollitia cumque ipsam. Sit aut dolores maxime non. Quo dolorem nemo doloremque. Odio eius incidunt at ut consequatur cum. Eos explicabo odit qui doloremque praesentium. Saepe et aut vel iusto. Quis voluptas neque est non rerum.', 'https://images-na.ssl-images-amazon.com/images/I/91xNW4qPPfL.jpg', 'Shanon Kessler'),
(235, 15, 'cupiditate eligendi provident dolorum', 'Voluptas voluptas et at rerum in. Enim architecto ducimus adipisci est. Voluptate est eos ea. Et asperiores nihil nulla minus ratione commodi. Aliquam ratione et eos accusamus ullam aliquid. Dicta ratione placeat explicabo alias illum assumenda nostrum. Pariatur corrupti quis nam non asperiores excepturi amet. Magni maxime nulla maiores doloribus. Rem maiores tenetur dolorum accusantium. Qui possimus earum a ut. Atque eligendi qui molestias neque. Molestias est rem ex nam dolorum nihil officia. Voluptas et vitae cupiditate maxime quam incidunt impedit.', 'https://images-na.ssl-images-amazon.com/images/I/61BhDFVSCTL.jpg', 'Eladio Conroy'),
(236, 13, 'dolores optio', 'Eos corporis officiis ut voluptatem odio harum quis. Id optio rem perspiciatis molestiae esse animi corporis. Aut minima numquam sint tenetur. Quis voluptas nisi et quaerat. Vel natus rerum autem iusto labore veniam. Rem possimus quis maxime ut doloremque odit. Et nesciunt qui rerum excepturi omnis. Libero et sed omnis qui neque fuga sint veniam. Dolor alias beatae ut quia et dicta. Possimus nemo possimus dolorem itaque provident consequatur rerum maxime.', 'https://images-na.ssl-images-amazon.com/images/I/71V1kRB2fTL.jpg', 'Rey Lindgren'),
(237, 14, 'dolor odio ut dolorem', 'Sint officiis vero incidunt commodi tempora. Vero sed saepe eos ex nam aut eaque. Aut quisquam voluptatem odio nihil odio distinctio dolor. Maiores quos veniam autem aperiam beatae. Esse rem nobis aut voluptatibus architecto ratione et. Ut temporibus officiis repellat beatae vero. Aut et hic ducimus ut est fuga dolore. Labore facilis animi hic quo cupiditate praesentium. Inventore est hic architecto sit assumenda aut nesciunt. Illum enim quia est. Incidunt nobis magni veritatis maiores.', 'https://images-na.ssl-images-amazon.com/images/I/91hcXocudXL.jpg', 'Nicklaus Yost'),
(238, 12, 'at quas minus', 'Omnis odio odit et deserunt et et laboriosam. Qui occaecati dolor alias voluptatem. Fuga ut illum expedita facere est aut ipsam quia. Consequatur modi quis aut maiores nemo qui fugit. Quae quasi delectus illo atque accusamus deserunt voluptas. Deserunt aut maiores debitis commodi. Tenetur in sed vel rerum natus et. Debitis nobis aut officiis sit asperiores alias. Odio inventore provident velit saepe facilis eaque doloribus. Qui mollitia consequatur eveniet.', 'https://images-na.ssl-images-amazon.com/images/I/91OuigKWs+L.jpg', 'Flavie Flatley'),
(239, 14, 'ipsa molestias', 'Commodi aut deserunt officiis non. Facilis ipsam rerum reiciendis tenetur expedita voluptates porro. Inventore aut labore esse iusto aut et quia. Doloribus voluptates voluptate recusandae et. Est qui et totam et unde sed ea repellendus. Dolorem similique et ea consequatur earum ullam. Fugiat recusandae in quidem doloribus eius qui. Fugit perspiciatis officia quidem. Officia exercitationem ut labore perferendis voluptas culpa. Est nemo id temporibus dolorem natus impedit. Temporibus nihil tempore velit dicta.', 'https://images-na.ssl-images-amazon.com/images/I/91hcXocudXL.jpg', 'Lorine Jacobi'),
(240, 15, 'consequatur harum corrupti ab', 'Asperiores occaecati cum nemo sit corporis quae cum. Voluptas vero quia corporis ut. Est harum quae harum. Pariatur eveniet voluptatem fuga commodi itaque exercitationem eum. Et aut unde ab eaque. Asperiores non deleniti quidem et consequatur. Impedit consequuntur odio ducimus rem voluptatem facilis. Praesentium sit reprehenderit alias consequuntur. Impedit animi molestiae sunt voluptatibus. Dolor veniam velit corrupti quam aut provident. Corporis dolore dicta magni praesentium sed. Cupiditate consequatur ut et natus ducimus.', 'https://images-na.ssl-images-amazon.com/images/I/81VDeAyH1GL.jpg', 'Tyra Carter'),
(241, 12, 'placeat doloremque quidem', 'Aliquid ut dolore itaque mollitia incidunt quo similique. Voluptatum ut sed nulla aut odio. Quae rerum repudiandae et atque quis neque itaque. Omnis quaerat officia quaerat. Dolorem doloremque necessitatibus facere et sapiente iure sit. Rem provident quam omnis ipsum magni nisi quisquam eius. Aperiam numquam recusandae sed omnis qui et. Commodi dignissimos magni consequatur omnis placeat quia et. Iste eius hic non sint et dolorem ratione. Occaecati quia magni voluptatum illum.', 'https://m.media-amazon.com/images/I/81zUMXGbNGL._AC_SL1500_.jpg', 'Sierra Kuhic'),
(242, 13, 'quaerat qui', 'Quae hic ut quis et quia voluptatem. Sed maxime est eum neque. Eveniet fugit omnis sit alias. Culpa nihil quo et reiciendis sed assumenda ut. Temporibus magnam qui et minima laudantium eum fugiat. Aliquid voluptatem quia sapiente ea. Quia et adipisci vel. Corporis facere nemo unde nobis voluptatibus et tempore. Dolorem autem praesentium harum voluptatem. Autem perferendis illum ullam deleniti sed sit.', 'https://images-na.ssl-images-amazon.com/images/I/81dfhgbb2qL.jpg', 'Irma Waelchi'),
(243, 13, 'sint similique dicta', 'Neque commodi qui consectetur id saepe eum. Omnis sit rerum quasi aut. Quas ab similique saepe aut quam. Aut autem id in in veniam odio eos sed. Dicta ratione sunt voluptatem ullam atque et iure. Officiis quia culpa sit dolorum nostrum et temporibus. Voluptas labore unde voluptatibus et. Nulla ullam aut aut id voluptatem. Tenetur quam assumenda hic mollitia consequatur et tempore. Natus consectetur fuga et. Ea voluptas eum dolore delectus aut consequatur id.', 'https://images-na.ssl-images-amazon.com/images/I/71V1kRB2fTL.jpg', 'Max Hammes'),
(244, 12, 'debitis rerum', 'Asperiores ut ducimus perferendis velit ducimus. Voluptatem culpa nisi rem quisquam voluptas hic culpa. Odio esse maiores praesentium labore illo et. Soluta quia alias aspernatur aut. Iste accusamus itaque non optio. Molestias cupiditate dolore consectetur et. Doloremque expedita labore aut nesciunt. Illo consequatur dolor quae autem illo repellat. Adipisci in consequuntur et aut eligendi voluptatem minima. Maiores accusamus eligendi quia et omnis. Eveniet dolor hic in pariatur eaque. Officia commodi sed blanditiis id.', 'https://images-na.ssl-images-amazon.com/images/I/91xNW4qPPfL.jpg', 'Gust Rau'),
(245, 14, 'totam', 'Rerum porro voluptatem quia atque. Tenetur et qui eligendi hic quas quis optio. Assumenda officia voluptates qui ex. Atque sunt eum harum quia delectus. Et quo accusantium odit necessitatibus doloremque. Quisquam eligendi repellat iure nemo sit. Et labore aut rerum dolor harum facilis. Rerum id hic ipsam praesentium reprehenderit voluptas incidunt. Eaque non aut molestiae iusto cum. Rem rerum neque sequi vel. Laborum voluptatem laborum dolor deserunt sit consequuntur dicta qui. Repellat quia qui a possimus. Sunt quas eaque expedita distinctio voluptates vel.', 'https://www.gbposters.com/media/catalog/product/cache/2/image/9df78eab33525d08d6e5fb8d27136e95/f/a/fairy-tail-quad-maxi-poster-1.133.jpg', 'Ima Baumbach'),
(246, 14, 'voluptas dolorem fugiat amet', 'Neque id commodi facilis voluptatem ea. Commodi maiores sunt et fuga. Odio reiciendis dolore ut aspernatur qui. Sit illo beatae consequuntur autem eos quia possimus. Qui id laborum asperiores laudantium doloremque. Ipsam dicta architecto dignissimos doloribus maiores vero incidunt. Perferendis adipisci vel et quaerat voluptatem provident. Soluta enim ut assumenda expedita. Deserunt pariatur et necessitatibus architecto facilis sunt. Magni nam rerum ea illum deleniti vero et aut. Enim commodi dolorem facere nisi. Voluptatem eligendi aut reiciendis optio ipsam quia voluptate.', 'https://images-na.ssl-images-amazon.com/images/I/71LrevXJ4UL.jpg', 'Esteban Rohan'),
(247, 15, 'odio ullam', 'Dolorem blanditiis iusto sit nisi consequatur ut quibusdam temporibus. Omnis sapiente deleniti itaque ut officiis eligendi. Molestiae perspiciatis iusto consequatur ipsa. Nulla modi quia doloremque culpa. Harum explicabo deserunt nostrum id ut exercitationem sunt. Sed id qui hic aut. Error rerum inventore voluptatibus voluptatem tenetur ratione. Et voluptates qui sed sapiente. Numquam ipsam nobis est aut. Minus ipsam distinctio porro quia tempora delectus voluptate.', 'https://images-na.ssl-images-amazon.com/images/I/918Ai9a893L.jpg', 'Houston Bartoletti'),
(248, 15, 'eveniet porro odio', 'Et et ullam nam labore et. Reiciendis beatae inventore eveniet ut dignissimos. Perferendis qui explicabo eos aut consequatur unde. Eveniet ex aspernatur ex alias. Unde aliquid pariatur numquam error enim dolores aut. Aspernatur ut voluptas maxime. Ut molestiae et dolores officia. Aut enim et est unde hic laborum amet. Magni labore dolores et asperiores dicta sed ut. Ipsam omnis voluptas magnam omnis placeat. Suscipit officia perspiciatis non delectus aliquam vel porro. Fuga voluptatem quae sapiente qui reiciendis. Error aliquam dolorem architecto nihil et et.', 'https://images-na.ssl-images-amazon.com/images/I/81VDeAyH1GL.jpg', 'Sofia Ernser'),
(249, 14, 'magni et', 'Provident saepe repellat accusantium non possimus. Enim rerum inventore ipsa id. Architecto illum repellat voluptas pariatur sint sunt quis. Expedita et totam vitae nobis vitae ut. Sapiente nesciunt doloremque incidunt. Vel voluptatem quidem ea recusandae quidem pariatur facere modi. Aut autem nobis ut autem qui aut voluptatem. Suscipit voluptate perferendis ut eum ducimus at beatae. Sunt possimus sapiente et quo facilis tempore minima.', 'https://images-na.ssl-images-amazon.com/images/I/91OuigKWs+L.jpg', 'Bethel Schmitt'),
(250, 12, 'repudiandae quas maxime', 'Ut molestias officia maxime quisquam ut unde velit. Quasi recusandae veritatis laborum amet laborum nihil quasi. In nostrum sed eligendi dolor voluptatem ea. Eius rerum deleniti ipsam nobis. Debitis vero voluptatem deleniti quibusdam quaerat totam quod. Quis et saepe quia officiis labore voluptatem culpa eius. Esse autem nemo at esse autem quos inventore nisi. Blanditiis architecto occaecati quia quam ut aut dolorum. Nisi omnis deserunt voluptates voluptas ut magnam dolores. Cumque amet harum dolorem et voluptates.', 'https://images-na.ssl-images-amazon.com/images/I/91xNW4qPPfL.jpg', 'Joaquin Larson'),
(251, 15, 'expedita sunt quae laudantium', 'Et magni qui itaque veritatis ipsum. Accusamus amet praesentium aut ut quaerat earum dignissimos est. Nostrum ut quidem itaque facilis. Et ipsa cum et reprehenderit dolore aut atque. Consequatur officiis eligendi in earum deserunt nulla. Qui recusandae laudantium molestiae suscipit. Ex facere delectus commodi eveniet sapiente sequi. Numquam magnam aut enim dolor. Nulla aut occaecati quod est accusamus officia. Doloribus modi inventore esse sunt corrupti id. Et voluptatibus quia esse ipsam suscipit eius.', 'https://images-na.ssl-images-amazon.com/images/I/81Z5oMQHqaL.jpg', 'Rae Donnelly'),
(252, 12, 'autem perferendis', 'Sequi quaerat aut illo est eum non. Dolorem aut vero rem est nulla. Sed minus doloribus impedit. Quis sapiente in laboriosam quasi delectus. Totam dignissimos quasi eos. Velit a dolorem voluptates velit voluptas quia debitis. Voluptatum nisi ut non ipsa animi. Est porro et dolore qui. Quis quis repellendus vitae impedit officiis rerum aliquam. Quis totam rerum expedita aut aut. Alias repellat quia et adipisci. Soluta iure sequi voluptas et est quaerat non vel. Natus vel deserunt exercitationem commodi cumque tenetur labore ipsam. Pariatur nobis ab fuga necessitatibus.', 'https://images-na.ssl-images-amazon.com/images/I/91a19RuprqL.jpg', 'Donald Jacobi'),
(253, 12, 'et consequatur fugit ipsam', 'Provident delectus consequatur sit amet. Porro impedit odit voluptate mollitia non dolores consequatur. Distinctio laborum quis nesciunt totam repellat accusamus. Repudiandae et placeat odit et. Voluptas rerum sunt qui omnis voluptatem cumque voluptates. Et sit qui ad non repellat. Hic eligendi ut consequatur fugiat. Maiores magnam soluta ut quam quo. Dolorem quis adipisci et eos quos. Beatae quia nesciunt inventore ut. Velit consequatur nam facilis repellat repellat rerum est. Natus repellendus qui dolorum hic.', 'https://images-na.ssl-images-amazon.com/images/I/91xNW4qPPfL.jpg', 'Maci Bailey'),
(254, 15, 'id est sunt dolorem', 'Iste velit dicta iusto quo ratione totam ut. Ut sapiente ad excepturi odio cum et nam. Rerum corporis facere animi itaque nihil error. Tenetur sequi adipisci ut sapiente non non eveniet quia. Magni soluta ad illum eum aliquid quidem. Cupiditate est nemo iure. Ea accusamus iure quo eum. Modi soluta vero aliquid reprehenderit quo. Itaque quia omnis commodi ipsam repudiandae occaecati eum ducimus. Est qui nam voluptate quaerat. Dolorem veniam delectus adipisci maxime sint rem. Soluta consequatur ab hic quia harum suscipit culpa.', 'https://images-na.ssl-images-amazon.com/images/I/91a19RuprqL.jpg', 'Theresia Bruen'),
(255, 14, 'est aut sed quia', 'Numquam velit eos libero voluptas at porro. Sed repellat ipsa ex iure. Officiis ipsam provident eveniet placeat quibusdam soluta. Beatae ducimus eveniet eligendi dolorem officiis. Laborum nulla illum porro quia. Et iste et illo nostrum ea architecto reprehenderit. Et voluptatem et ullam. Reprehenderit deserunt voluptatem ea nihil voluptatem ipsa. Vel dolorem culpa molestiae dolore sunt vitae soluta. Sit velit qui non quidem qui maxime. Aliquam rerum placeat ut repellat.', 'https://images-na.ssl-images-amazon.com/images/I/818SKXrgHaL.jpg', 'Brenna Rowe'),
(256, 13, 'debitis', 'Sint cum perferendis totam dolores magnam corporis. Fuga ut ullam et ut magni amet. Repellendus nobis eos ducimus. Architecto quia ipsum ut ut earum. Sapiente molestias sit porro qui voluptatem provident enim. Dolore cupiditate dolore sint dolores dignissimos et et. Vero fuga dolores ullam sint inventore blanditiis. Quis magni occaecati et qui dolores et maiores non. Aperiam non suscipit harum porro. Eius tempora molestiae nihil animi maiores voluptatem. Qui est omnis et quas nobis illum natus iste.', 'https://images-na.ssl-images-amazon.com/images/I/71iPhxzPaoL.jpg', 'Sandy Ernser'),
(257, 14, 'veniam', 'Aliquam et facilis voluptatibus quod. Delectus et quis sint cumque perferendis ut. Est animi ratione et deserunt. Fugit sed quod sequi ut enim molestiae. Maiores et sit veritatis voluptatem omnis voluptatibus hic. Ab perferendis autem voluptatem labore. Et eum veniam tenetur. Impedit nam voluptatum mollitia quos quia repudiandae ea. Alias natus reprehenderit aut error nulla voluptatem nisi. Itaque non nemo iste adipisci earum rem accusantium a. Qui vel velit error consequuntur. Sapiente est deleniti officiis placeat accusantium iusto.', 'https://images-na.ssl-images-amazon.com/images/I/91tYV+R03kL.jpg', 'Arnold Stroman'),
(258, 12, 'ut eos reprehenderit', 'Itaque provident vel unde ut dolor. Minima quia quasi sint sint sunt aliquid quis. Quae sit est cum dolor. Hic doloremque neque aut et iste non. Ipsum nam excepturi sequi autem mollitia consectetur repudiandae et. Sequi commodi eaque rem exercitationem saepe. Fugiat modi dolore illo ut dolorem similique voluptas. Quia minima aperiam sequi sint sit. Ipsam enim iusto laboriosam distinctio corrupti illum velit ut. Voluptates autem voluptas quia excepturi deleniti. Dicta dignissimos laborum sequi consequuntur ab.', 'https://fr.web.img5.acsta.net/pictures/21/02/16/12/45/5319199.jpg', 'Maiya Carter'),
(259, 14, 'sed qui id aut', 'Dolor repellendus sit beatae autem quasi non qui. Libero corporis enim quisquam laborum voluptatum. Sit consequatur eveniet qui voluptatem sit. Facere repellendus quaerat doloremque facere. Fugit provident voluptatem blanditiis harum inventore veritatis cumque. Esse laudantium accusamus voluptatibus tenetur. Atque blanditiis ab ut sed et voluptas. Distinctio eligendi et quidem mollitia quibusdam. Neque quo ullam enim dolorem. At nam sed modi possimus iste sit dolores. Dolor et vitae sint ut incidunt eius.', 'https://images-na.ssl-images-amazon.com/images/I/81mWACgHKxL.jpg', 'Jennifer O\'Connell'),
(260, 13, 'exercitationem nam', 'Qui excepturi alias ipsa magni enim. Inventore aut ab qui quaerat iure qui. Sunt delectus reprehenderit nobis rerum rerum sed ut. Dolor exercitationem exercitationem velit aut. Rerum vel aut voluptatum est. Esse voluptatem dicta iusto eos fuga error ad. Laboriosam voluptate reiciendis veritatis libero pariatur eaque. Dolorem sit repellat quod dolore iure veritatis aliquam. Et et suscipit nihil reiciendis perferendis dolores dolorum. Voluptatem quo aut veritatis quis. In tempore quis soluta praesentium.', 'https://images-na.ssl-images-amazon.com/images/I/71V1kRB2fTL.jpg', 'Diana Schmeler'),
(261, 15, 'commodi non at', 'Placeat dolor est ut assumenda perferendis. Quo dignissimos occaecati consequatur quia voluptatem est repellendus. Dicta exercitationem quo incidunt est. Explicabo quae sed dolorum recusandae. Cumque quae cum vero voluptatem. Non aut magni aut sed. Ut nulla asperiores nam quo non placeat. Exercitationem laborum rerum accusantium. Rem temporibus minima ut quas reiciendis. Aut ex corrupti ut est. Officia aut inventore recusandae aspernatur voluptatem voluptates.', 'https://images-na.ssl-images-amazon.com/images/I/81mWACgHKxL.jpg', 'Wanda Mills'),
(262, 12, 'non laudantium', 'Iusto sint aspernatur eligendi unde sint mollitia. Totam eos non quasi sunt. Aut cupiditate et ex quia nisi ea. Et commodi aut nisi qui. Blanditiis dolores doloremque soluta qui eius nihil voluptatum. Repudiandae quis mollitia quia voluptatem omnis. Aut nihil laboriosam iusto et ducimus culpa aut. Nesciunt quo eos placeat eum architecto deleniti. Fuga sed dolores ea voluptas et est. Sapiente perspiciatis laboriosam facere in. Reiciendis aperiam sit est ipsam ad totam.', 'https://images-na.ssl-images-amazon.com/images/I/91tYV+R03kL.jpg', 'Candice Mante'),
(263, 12, 'ab voluptas', 'Et porro non suscipit cupiditate ut autem rem. Eos vel natus eum. Rem mollitia modi adipisci tempora doloribus quas. Consectetur minus possimus cupiditate autem distinctio error autem. Et aut eaque saepe reprehenderit eveniet molestias impedit quaerat. Quo officiis magnam velit sit aut. Voluptas omnis ipsa sed repellendus. Veniam inventore omnis sed dolorem voluptate cupiditate. Et eum iste omnis voluptatem.', 'https://images-na.ssl-images-amazon.com/images/I/81H14PAKlPL.jpg', 'Marley Kessler'),
(264, 15, 'excepturi impedit consequatur fuga', 'Vel cupiditate velit illo voluptate omnis qui. Reiciendis dicta placeat veniam quae et. Tenetur debitis iure sed architecto aut. Quos quo autem sunt quia rerum aut facere. Cupiditate aliquid ab voluptatum expedita eveniet dolores aperiam. Magnam hic vero nobis fugiat odio odit ut. Vel et nemo neque in. Animi soluta quisquam dolor sequi aliquid aliquam. Dignissimos accusamus accusantium id et. Molestiae eum maiores architecto illum laudantium occaecati necessitatibus vero. Dolores qui perferendis molestias ipsam voluptatem et incidunt quia.', 'https://www.gbposters.com/media/catalog/product/cache/2/image/9df78eab33525d08d6e5fb8d27136e95/f/a/fairy-tail-quad-maxi-poster-1.133.jpg', 'Hank Lehner'),
(265, 12, 'odio quis expedita', 'Eius exercitationem aut nam saepe ea dolorum. Dignissimos aut ex voluptate inventore ducimus. Consequuntur qui sit voluptate sit blanditiis minus et. Est sunt ea doloribus sunt. In provident a voluptatibus nam qui maxime quia. Voluptatem dolores id atque vero. Quo excepturi totam ut ratione officia molestias. Est eos id numquam distinctio voluptatum ex. Numquam similique nobis incidunt porro libero. Illo asperiores ipsa esse est nihil accusamus qui. Harum quas sed sit qui.', 'https://images-na.ssl-images-amazon.com/images/I/81mWACgHKxL.jpg', 'Enos Okuneva'),
(266, 15, 'eveniet perferendis voluptatem', 'Est eveniet sit eos ea culpa aut. Dolorum sed dolores illum sit. Repellat et ullam ullam aut quo dolorem. Debitis doloribus corrupti porro voluptatem magnam minima. Quos impedit ducimus nulla est. Nobis praesentium eum dolor enim. Eum et sit quasi. Et exercitationem quos reprehenderit. Aut eum explicabo voluptates deserunt rerum ratione sit. Est nihil officia assumenda delectus et. Fugiat et molestiae inventore dignissimos.', 'https://images-na.ssl-images-amazon.com/images/I/913g8zhpCYL.jpg', 'Blake Koss'),
(267, 15, 'nostrum', 'Tempore et doloribus cum explicabo atque quisquam odit. Voluptatem ipsum alias non sit sunt consectetur. Labore harum dolorem quisquam est aut est. Rerum et omnis aliquid quia iure dolorem harum. In amet neque quia aliquam ipsum in. Ut laboriosam soluta iusto est aliquam sunt aliquam. Ut molestiae incidunt quaerat itaque nam cupiditate sit. Est nobis minima illo qui nisi et. Maxime ut fuga nihil dicta in voluptatum soluta illo. Qui voluptas et repellat occaecati aspernatur. Excepturi quo quia id aut voluptatem sint a.', 'https://images-na.ssl-images-amazon.com/images/I/81dfhgbb2qL.jpg', 'Austyn Collier'),
(268, 12, 'quam eius', 'Omnis omnis enim nisi et. Quia eos aut iure qui fugiat quam unde quia. Ea quo aspernatur voluptates ut autem. Quam odit omnis qui necessitatibus sed aut aut. Culpa et dolore maxime est ut omnis eveniet quam. Provident sed et quidem quas voluptatibus. Ab similique pariatur saepe. In molestiae officiis consequuntur. Voluptate sit commodi natus officia amet praesentium iusto. Illum sed mollitia nam tenetur fugiat. Amet debitis eos sapiente illum omnis veniam vero.', 'https://images-na.ssl-images-amazon.com/images/I/918Ai9a893L.jpg', 'Eliane Yundt'),
(269, 15, 'quisquam nisi', 'Rem nemo enim alias autem enim ut mollitia. Non optio aspernatur eos velit. Et exercitationem quos est sequi minima. Beatae aperiam debitis porro veritatis assumenda dolorem quia. Minus quidem ut iusto ex a dolor ratione. Doloremque tenetur architecto excepturi autem in quam labore. Illo dicta in cum nobis nobis. Accusantium excepturi ipsum enim vitae aliquid enim non. Odit dolores aut quasi ad eos cum minima. Velit excepturi laborum similique. Maiores nemo impedit ducimus natus in ullam.', 'https://www.gbposters.com/media/catalog/product/cache/2/image/9df78eab33525d08d6e5fb8d27136e95/f/a/fairy-tail-quad-maxi-poster-1.133.jpg', 'Urban Weissnat'),
(270, 15, 'et et', 'Quo facilis voluptatem nisi. Sit molestias eos et doloremque dolores est. Enim rerum vero unde praesentium ea consequatur dolor consequatur. Illo necessitatibus totam odio provident inventore reiciendis a. Dolorem voluptate deleniti quam. Non porro at tempore rerum quia voluptatem. Id iusto nostrum velit nihil et. Saepe qui autem eum aut praesentium natus dolorum nisi. Blanditiis autem eligendi et aut non necessitatibus facilis exercitationem. Molestias necessitatibus non voluptas quaerat. Minima facilis a expedita dolor. Id cupiditate itaque est et deserunt dolore rerum.', 'https://images-na.ssl-images-amazon.com/images/I/81dfhgbb2qL.jpg', 'Forrest Konopelski'),
(271, 12, 'suscipit blanditiis', 'Odio optio ut sunt et. Ut voluptas aut voluptatibus dignissimos dolorum nobis architecto. Voluptatem et officiis in perferendis illo magni harum. Perspiciatis tempore quas quis ex. Iste autem qui vel consequatur. Laudantium incidunt qui autem cumque quo excepturi. Sequi dolorem dolorem eaque ratione quod ullam velit. Vero nisi voluptas exercitationem eius. Tempora ad est porro. Dolor nihil minus dignissimos et a placeat saepe. Sapiente aliquam vitae aut non reprehenderit ut velit. Quisquam aut et quod. Aut dolorem perferendis dicta nihil omnis.', 'https://www.pika.fr/sites/default/files/images/livres/couv/9782811607135-T.jpg', 'Grover Torphy'),
(272, 12, 'ea at porro voluptatem', 'Eum est quos quae sint hic saepe. Quo doloribus et voluptas animi culpa molestias. Beatae sapiente pariatur cum eius fugiat rerum cumque. Et et totam dolorem qui non repellat sint ut. Tempore molestiae est officia molestiae voluptatibus quisquam deserunt. Eos ut ea facere. Inventore iure tempore omnis ut. Sunt quam eum itaque repudiandae id quas. Odio molestias magni pariatur tempore. Consequatur aliquam aliquid laboriosam tempora sed. Iste optio quas veritatis beatae officia.', 'https://images-na.ssl-images-amazon.com/images/I/81dfhgbb2qL.jpg', 'Marcel Zboncak'),
(273, 15, 'voluptatem voluptate porro', 'Esse fugit magnam nihil aspernatur culpa. Vel sint voluptatem ut. Corrupti deleniti excepturi dolorem laboriosam quo sed incidunt. Maxime aut placeat doloremque molestiae ut et. Esse ratione distinctio inventore. Sapiente illum eligendi est velit qui. Et enim dolores fuga occaecati omnis. Inventore aperiam deleniti minima officiis voluptatem perferendis. Qui consequatur at dolor commodi repellat illum. Culpa reiciendis fuga nihil laborum blanditiis. Velit maiores quia omnis quis consequuntur corrupti.', 'https://images-na.ssl-images-amazon.com/images/I/71iPhxzPaoL.jpg', 'Dedrick Kub'),
(274, 12, 'ut', 'Et dolorum nisi est quod ut ex. Deleniti dolores minus quis facere. Laboriosam commodi dignissimos est totam. Vitae consequuntur et dolorum. Quidem sapiente et repellat. Autem et officiis quisquam consequatur nostrum. Distinctio qui sit odit voluptates provident facere omnis sint. Atque molestiae repellat accusantium facere facere unde enim. Quia molestiae sequi tempore possimus. Et maiores praesentium alias tenetur et temporibus nihil. Eius animi saepe aut molestiae similique reprehenderit possimus. Quam asperiores ducimus consequatur omnis commodi dolore.', 'https://images-na.ssl-images-amazon.com/images/I/71LrevXJ4UL.jpg', 'Betty Williamson'),
(275, 12, 'saepe ipsum', 'Voluptatem asperiores voluptatem id est voluptatem. Ipsa minima autem perferendis culpa animi quo. Cupiditate consectetur ipsam amet voluptas officiis molestiae dignissimos. Quis aspernatur eligendi molestiae quisquam eveniet magnam odit. Doloremque quos quia beatae natus velit vel. Accusantium et id eos voluptatem aliquid harum in. Perspiciatis reiciendis ipsa aut illum asperiores. Qui numquam excepturi quo omnis quis eligendi excepturi laborum. Id placeat ab eos porro officiis mollitia. Reiciendis sint eum natus vel labore eum minus.', 'https://images-na.ssl-images-amazon.com/images/I/91hcXocudXL.jpg', 'Stephan Fay'),
(276, 15, 'dolor', 'Autem sit est consequuntur eum autem pariatur. Numquam fugiat perferendis qui. Quisquam nemo alias debitis. Possimus quia est ut voluptate praesentium nobis ut. Non suscipit commodi quaerat recusandae nihil at. Vel aperiam ut velit sed. Aut incidunt provident ut harum et quo. Est molestiae sapiente dolorum soluta veritatis corporis. Hic aut dolorem dolorem est. Sint modi amet adipisci beatae nesciunt aut. Excepturi quidem enim quo amet dolorem ipsa.', 'https://www.pika.fr/sites/default/files/images/livres/couv/9782811607135-T.jpg', 'Michel Walker'),
(277, 14, 'saepe', 'Veniam id dolor exercitationem sunt enim. Quis pariatur mollitia dolor consectetur aperiam. Aspernatur vitae rem ipsum facere dolor itaque quaerat. Id harum non ab dolor recusandae occaecati. Quo quam excepturi nam et ipsum. Qui quo qui iusto et. Nam expedita expedita ratione in animi. Labore eos adipisci praesentium iste aut molestiae error. Repudiandae sunt quis reiciendis esse. Voluptas consequatur et totam necessitatibus architecto illum cum.', 'https://images-na.ssl-images-amazon.com/images/I/91xNW4qPPfL.jpg', 'Concepcion Hettinger'),
(278, 14, 'qui dolores maxime voluptatem', 'Mollitia laborum quis reprehenderit laudantium odit nesciunt. Recusandae eaque error pariatur magni dolores. Et labore laboriosam consectetur doloribus similique facilis. Qui omnis tempore provident ut voluptas voluptas animi nihil. Accusamus et dolores magni non distinctio. Ducimus qui necessitatibus quod doloribus id unde. Officia voluptas id incidunt minima ut quisquam et. Repudiandae deserunt qui voluptatem debitis consectetur eveniet dolores. Id sint eveniet a et odio harum. Eum sint sed est et aut neque eos. Nulla ea nam adipisci laudantium. Et natus in voluptatem.', 'https://images-na.ssl-images-amazon.com/images/I/81Z5oMQHqaL.jpg', 'Lelia Kulas'),
(279, 15, 'maiores rem', 'Architecto iusto rerum hic beatae adipisci nam. Ex incidunt voluptas aperiam illo porro ut repellat. Laborum qui itaque ut nam. Illo ratione quos delectus delectus et non sed temporibus. Sint aliquid ut deserunt eum dolorem quo at. Neque nemo accusamus iure. Accusamus quia quis in ut officia. Est sapiente sint nemo laborum sed. Numquam ut quia explicabo nemo excepturi. Magnam porro rerum sit sed. Voluptas aut nemo voluptatum laborum et maxime commodi. Eligendi molestiae ut ex earum quo cumque.', 'https://images-na.ssl-images-amazon.com/images/I/81H14PAKlPL.jpg', 'Michale Pouros');
INSERT INTO `manga` (`id`, `category_id`, `name`, `description`, `picture`, `author`) VALUES
(280, 14, 'maxime provident accusamus provident', 'Velit hic quod distinctio quia sint molestiae. Id sit quasi vero laborum omnis tenetur. Dolorum accusamus corporis natus enim omnis. Minima modi provident recusandae et quasi eum ullam. Quis mollitia quae repudiandae. Dolor culpa sequi ullam dolorem officia. Ducimus et quasi quisquam nihil facere nam. A suscipit debitis ut sunt. Omnis accusantium ea fugit ut eligendi sit debitis. Dolores quas saepe sint voluptatibus. Expedita sapiente iusto suscipit magnam fugit. Magni beatae dolorum pariatur mollitia. Eaque quia itaque placeat. Sint laborum omnis qui harum quia iure.', 'https://images-na.ssl-images-amazon.com/images/I/71V1kRB2fTL.jpg', 'Brant Kuhn'),
(281, 13, 'excepturi veritatis modi eveniet', 'Dolores pariatur soluta qui nostrum. Dicta expedita sunt nulla et. Voluptas in omnis hic quos unde vero a. Ut deserunt explicabo odit veniam. Sunt delectus praesentium repellat id voluptatem rerum ipsa. Eum suscipit distinctio distinctio ut. Voluptatem et praesentium occaecati aut alias odit magni. Et veritatis aut non sequi occaecati deleniti. Rerum quo nam soluta. Non earum a iure deleniti dicta nesciunt inventore.', 'https://images-na.ssl-images-amazon.com/images/I/81mWACgHKxL.jpg', 'Maci Langosh'),
(282, 14, 'quasi facere ex officia', 'Exercitationem repellat at libero labore et veniam possimus voluptas. Quia officia voluptatem qui laborum eaque voluptatibus. Exercitationem quia quam dolorem id et nisi voluptas. Possimus eaque explicabo dicta vel reprehenderit hic. Eius ut quae aperiam quo omnis. Amet maxime iure officiis ut. Incidunt ut enim eligendi magni nihil labore laudantium vitae. Distinctio deserunt consequatur eos. Fugiat ipsa neque sit sapiente rerum magnam. Et dolorem ut voluptatem explicabo dicta sunt qui.', 'https://images-na.ssl-images-amazon.com/images/I/818SKXrgHaL.jpg', 'Georgette Lockman'),
(283, 13, 'dolorum', 'Velit corporis harum sint accusantium et. Eum accusamus amet sed ex quia aut. Aut vel dolores iusto est modi inventore sit. A a enim sunt quisquam numquam dicta. Animi voluptas voluptas libero ut delectus. Earum dolores doloribus unde possimus et corporis. Quae aut voluptatem ut ab similique. Dolorem tempore debitis maiores illo sapiente nam molestias. Occaecati dolorem consequatur amet minima. Molestias eaque et tempora repudiandae sed. Atque perferendis omnis ut.', 'https://images-na.ssl-images-amazon.com/images/I/91OuigKWs+L.jpg', 'Erick Koepp'),
(284, 13, 'numquam totam ut', 'Cumque in porro ipsum officia libero libero eum. Nihil optio sed id et aut quaerat. Aut et qui aut id similique non. Eaque eos sit asperiores cumque sed. Natus harum reprehenderit aut corrupti. Aut vel quia incidunt ut similique sunt facere. Sint aspernatur qui a doloribus nemo dolores. Beatae odit numquam aut et quibusdam nisi rerum porro. Velit sed officiis est natus maiores.', 'https://images-na.ssl-images-amazon.com/images/I/91tYV+R03kL.jpg', 'Carlie Towne'),
(285, 15, 'dignissimos', 'Aut voluptatem consequuntur libero vel. Aut iure eum quia maxime saepe commodi. Eaque et aut consectetur recusandae. Est voluptatum eum minus dolorem eius. Veritatis dolores et reprehenderit dolor quam et neque sunt. Totam eligendi impedit et rerum asperiores ipsa distinctio. Eligendi vel sit enim ea quis facilis dolore. Quia quos voluptas omnis animi dolor rerum aut. Inventore adipisci magni aut blanditiis. Beatae iusto provident vel inventore vero totam sapiente et. Iusto autem illum praesentium aut ab assumenda.', 'https://www.gbposters.com/media/catalog/product/cache/2/image/9df78eab33525d08d6e5fb8d27136e95/f/a/fairy-tail-quad-maxi-poster-1.133.jpg', 'Erich Keeling'),
(286, 13, 'pariatur odit', 'Dolorem est porro dicta laborum suscipit animi ut. Esse doloribus quia quos voluptas aliquam laboriosam. Doloremque quis voluptate nihil. Odit nam et totam ipsa hic soluta voluptas perspiciatis. Et architecto labore enim placeat. Pariatur sit voluptatem sunt dicta magni tenetur soluta. Eum corrupti est libero saepe numquam. Tempore voluptatem consequuntur reiciendis. Assumenda illum doloribus voluptas porro saepe omnis. Est provident laboriosam qui alias placeat. Odit ea eum est officia assumenda quo. Odio vel assumenda occaecati.', 'https://www.pika.fr/sites/default/files/images/livres/couv/9782811607135-T.jpg', 'Alessandro Turner'),
(287, 13, 'molestiae', 'Incidunt hic sit sed. Consequuntur qui labore dicta est qui tempore. Sunt fuga quia adipisci omnis. Deserunt saepe aspernatur modi quo voluptates. Vitae praesentium deleniti quas dolores. Velit reiciendis magnam enim. Deserunt voluptatem praesentium deleniti in et cum. Dolorem id velit aut. Sint sed autem magni laboriosam velit tempora. Quo rerum nihil est nesciunt enim at ducimus. Laboriosam velit assumenda rerum non. Consequatur ea sunt fugiat laborum neque aut est sunt. Ea voluptatem consequatur voluptate eum ipsa. Voluptas expedita consectetur facere ut possimus earum.', 'https://images-na.ssl-images-amazon.com/images/I/913g8zhpCYL.jpg', 'Houston Bernier'),
(288, 13, 'libero voluptas nam similique', 'Voluptas quo itaque esse. Est quas ad ut eum sit id quam. Nostrum aliquid animi non deserunt sunt ut id quos. Dolorem tempora nesciunt repudiandae quis officiis totam. Nostrum blanditiis assumenda deserunt et perspiciatis labore. Laborum sit aliquam libero cupiditate vitae. Consequatur doloremque soluta et perspiciatis iure sunt eveniet. Repudiandae ut repellat culpa non rerum quas minus. Eos minima sapiente corrupti similique doloribus reiciendis. Dolor magnam ex eveniet dicta quam inventore. Quis aut nesciunt in impedit id.', 'https://images-na.ssl-images-amazon.com/images/I/81dfhgbb2qL.jpg', 'Pamela Walsh'),
(289, 13, 'qui culpa', 'Non nisi sit quo voluptatem repellat. Fugit deleniti qui quia minima. Quasi accusantium harum mollitia autem praesentium illo. Velit fugit consequuntur alias eos repudiandae laudantium sunt. Totam ut ad odit distinctio maxime. Eos itaque temporibus quae sed eveniet nam ipsam ad. Et numquam nostrum minima ut dolores et quis. Veniam nesciunt a fugit delectus unde ratione rerum. Eligendi accusamus accusantium ut voluptatum. Ut blanditiis accusantium esse iste ducimus qui quo. Molestias quidem sed provident sequi velit. Eum ratione perspiciatis dolorem voluptatem facere et.', 'https://m.media-amazon.com/images/I/81zUMXGbNGL._AC_SL1500_.jpg', 'Lenna Anderson'),
(290, 14, 'impedit exercitationem tempore autem', 'Recusandae vero voluptatem assumenda impedit tenetur necessitatibus inventore. Corporis iste dolores fugiat quos non dolorum. Velit et temporibus assumenda facere autem. Dolor ad dignissimos optio nostrum veniam a sit. Maxime sunt delectus vel reprehenderit dolorum ducimus et. Sed commodi mollitia omnis alias. Nesciunt sunt placeat ullam asperiores architecto. Ut quia aliquam exercitationem et aliquid illo. Iusto et facere et illo et. Iure blanditiis dicta voluptatem cumque voluptatem nobis ratione optio. Iure id dolores blanditiis.', 'https://images-na.ssl-images-amazon.com/images/I/91xNW4qPPfL.jpg', 'Destinee Moen'),
(291, 14, 'dignissimos nemo', 'Atque doloribus sit voluptatem dolorem porro omnis. Aut nihil vitae sit rerum repellat repudiandae. In repudiandae in dolores id. Sequi recusandae dicta omnis ipsa. Nesciunt quo voluptate quasi non. Magnam iusto et at eveniet. Odit molestias id exercitationem sed. Eos unde natus non alias. Harum quis nulla et reprehenderit. Odio eos facere qui a qui. Saepe nihil dolore dignissimos exercitationem. Nesciunt eum et non eum recusandae enim similique. Autem molestiae tenetur non inventore ab autem. Inventore dicta pariatur molestiae aut corporis consequatur.', 'https://images-na.ssl-images-amazon.com/images/I/91tYV+R03kL.jpg', 'Clovis Keebler'),
(292, 15, 'placeat', 'Modi mollitia praesentium ipsa. A id eveniet quaerat eos quis ullam. Temporibus consequuntur consequuntur libero minima distinctio. Recusandae quae est nemo voluptatem quo. Expedita quae voluptate dolor dolor iusto consequatur odio. In rem alias voluptate omnis reprehenderit. Ea in dolor nam nesciunt eos veniam sint nam. Veritatis voluptatem qui sit rerum vero eligendi sequi. Odit quae sint porro repellat ut magnam sit dolore. Explicabo fuga nostrum iure soluta ut officia dolorum.', 'https://images-na.ssl-images-amazon.com/images/I/91yiBtD0imL.jpg', 'Margaretta West'),
(293, 13, 'vitae', 'Quia et recusandae quae illo sint. Ipsa quaerat sed harum qui quia. Iusto voluptatem ut quia eos optio mollitia. Et eaque porro sit voluptatem minima. Porro deserunt eveniet possimus officiis et ut et. Dolore et eius illo cumque. Eius velit sequi in et eos quas. Itaque ad cupiditate consequatur. Doloremque autem hic dolore sed quia rerum dignissimos. Ab officiis culpa voluptatibus repellat quia et. Dolorum quas dolorem quibusdam et aliquam dolorum. Architecto quo omnis voluptatum nemo qui.', 'https://images-na.ssl-images-amazon.com/images/I/71iPhxzPaoL.jpg', 'Margot Altenwerth'),
(294, 14, 'accusantium animi cumque quia', 'Nulla voluptas unde quam rerum alias ex. Qui vel eum qui reprehenderit qui. Nihil dignissimos unde molestiae eos. Fuga possimus et debitis nesciunt optio dolorem. Non qui non quam similique nulla aliquid eos. Illo dolorem qui vel reiciendis. Cupiditate est voluptas non nihil est expedita consequatur. Perspiciatis omnis minus ut delectus esse ipsum. Ut suscipit non eos aut et tempora consequatur. Quibusdam exercitationem odit ut sit doloremque quia eaque. Et ratione eligendi temporibus porro eum. Voluptatem aut deserunt est labore natus temporibus sit doloremque.', 'https://images-na.ssl-images-amazon.com/images/I/81mWACgHKxL.jpg', 'Elyssa Zemlak'),
(295, 14, 'quae molestias numquam corrupti', 'Reprehenderit totam qui et. Soluta et ducimus adipisci. Eligendi sint blanditiis omnis temporibus harum qui voluptatum. Est rerum libero consequatur consequatur occaecati iure veritatis. Enim voluptatum delectus repellat. Maiores ex facilis quis ut. Nihil at voluptas maiores tempore. Magnam molestiae ut placeat occaecati et nihil. Magni corporis deleniti architecto labore consectetur repudiandae dignissimos. Quia molestiae velit aut. Sint dolor et odit laboriosam iure delectus. Qui ipsum aspernatur voluptate. Amet vitae dolore aut nihil. Aut laborum voluptates ex hic assumenda est.', 'https://images-na.ssl-images-amazon.com/images/I/81dfhgbb2qL.jpg', 'Colt Yundt'),
(296, 15, 'non deleniti omnis', 'Ea maiores quis dolorem. Ut facere in quidem maxime. Ipsum molestiae dolorum unde. Ducimus pariatur minus soluta est amet dolorum quasi. Illum qui neque doloremque. Doloribus molestias dolorum veniam soluta. Officiis nesciunt dolorem vitae repudiandae magni voluptas nobis esse. Eos enim ut odit recusandae voluptatum. Ea ab enim perspiciatis autem voluptates. Rerum qui unde voluptatem at. Maiores facere repellat sit commodi voluptatem ipsa. Ipsam modi omnis et ut natus. Enim illum quo ipsa et illo atque.', 'https://images-na.ssl-images-amazon.com/images/I/81dfhgbb2qL.jpg', 'Emely Wiegand'),
(297, 15, 'sint est nam', 'Est id nobis ducimus blanditiis sequi atque fugit. Reiciendis quas sit corrupti. Quae mollitia possimus tempora nesciunt impedit. Assumenda neque modi molestiae non asperiores. Iste eos temporibus soluta et omnis quod consequuntur. Cupiditate sapiente eius facilis nesciunt odio. Reprehenderit odio beatae qui maxime non repellat. Cumque nam odio sit qui aperiam maxime nihil at. Earum labore maxime accusantium cumque quae. Ducimus ex sapiente impedit ut tenetur enim. Iusto iste reprehenderit praesentium.', 'https://www.pika.fr/sites/default/files/images/livres/couv/9782811607135-T.jpg', 'Lane Hessel'),
(298, 14, 'dolores quidem autem', 'Excepturi deleniti recusandae delectus ea perferendis saepe similique. Vel illum tempore blanditiis aspernatur quo. Illum quis quo fugit et explicabo et. Neque rerum cum impedit cupiditate alias ullam nobis blanditiis. Temporibus necessitatibus qui consequatur similique. Occaecati error ducimus in adipisci similique. Impedit doloribus porro laudantium similique aperiam commodi tempore ipsam. Rerum iure adipisci officiis laudantium incidunt autem ipsam eos.', 'https://images-na.ssl-images-amazon.com/images/I/91xNW4qPPfL.jpg', 'Addie Harris'),
(299, 14, 'neque dolores', 'Non voluptatem omnis tenetur maxime voluptates corrupti. Magnam inventore error placeat totam sit ea. Repudiandae facilis at non odio nemo. A ad omnis velit. Consectetur deleniti ad in veritatis cumque. Ipsum quia vero optio id. Quaerat perferendis quasi laborum pariatur incidunt. Provident enim voluptatem aut sit architecto autem blanditiis iste. Amet maxime esse voluptate architecto ratione cupiditate. Qui qui consequuntur velit et officia est quia. Vel mollitia eum ab sed. Voluptates ducimus natus et.', 'https://images-na.ssl-images-amazon.com/images/I/71FH4o9mO3S.jpg', 'Samantha Klein'),
(300, 13, 'qui', 'Vero perferendis aspernatur aut labore sunt inventore. Perferendis aut cumque explicabo et impedit accusamus quidem quod. Sit vero aut aut nihil. Non exercitationem ipsam dolores ut quo officiis. Rerum maiores iste error autem cumque veniam. Est magnam aliquid iusto enim vitae sunt maxime. Aut quisquam eveniet delectus. Voluptatum minima dolorem adipisci quibusdam. Tempora dicta id explicabo aut. Beatae expedita quis maxime sed non. Eius in voluptas corrupti iure eligendi sint in. Itaque eligendi officiis aut id facere amet. Dolorem quia non est accusantium.', 'https://images-na.ssl-images-amazon.com/images/I/81VDeAyH1GL.jpg', 'Kenyatta Cronin');

-- --------------------------------------------------------

--
-- Structure de la table `manga_category`
--

CREATE TABLE `manga_category` (
  `id` int(11) NOT NULL,
  `name` varchar(50) COLLATE utf8mb4_unicode_ci NOT NULL
) ENGINE=InnoDB DEFAULT CHARSET=utf8mb4 COLLATE=utf8mb4_unicode_ci;

--
-- Déchargement des données de la table `manga_category`
--

INSERT INTO `manga_category` (`id`, `name`) VALUES
(11, 'Kodomo'),
(12, 'Shonen'),
(13, 'Shojo'),
(14, 'Seinen'),
(15, 'Josei');

-- --------------------------------------------------------

--
-- Structure de la table `place`
--

CREATE TABLE `place` (
  `id` int(11) NOT NULL,
  `name` varchar(50) COLLATE utf8mb4_unicode_ci NOT NULL,
  `street` varchar(120) COLLATE utf8mb4_unicode_ci NOT NULL,
  `zipcode` varchar(12) COLLATE utf8mb4_unicode_ci NOT NULL,
  `city` varchar(60) COLLATE utf8mb4_unicode_ci NOT NULL,
  `country` varchar(50) COLLATE utf8mb4_unicode_ci NOT NULL
) ENGINE=InnoDB DEFAULT CHARSET=utf8mb4 COLLATE=utf8mb4_unicode_ci;

--
-- Déchargement des données de la table `place`
--

INSERT INTO `place` (`id`, `name`, `street`, `zipcode`, `city`, `country`) VALUES
(201, 'Gonzalez S.A.S.', '562, avenue Laurence Boulay', '81 914', 'Nicolas', 'France'),
(202, 'Rousseau S.A.R.L.', '84, boulevard de Meunier', '65813', 'Morvan-sur-Mahe', 'France'),
(203, 'Rodriguez', '609, avenue Victor Colin', '83198', 'Lelievre-sur-Pelletier', 'France'),
(204, 'Baron Weber S.A.', '6, impasse Legendre', '84590', 'Richard-sur-Leconte', 'France'),
(205, 'Guillot Hebert S.A.R.L.', 'boulevard de Clerc', '33 392', 'Millet', 'France'),
(206, 'Georges Maillot SA', 'chemin Bouchet', '04 698', 'Garcia', 'France'),
(207, 'Joly', '4, rue de Gilles', '30364', 'Laporte-la-Forêt', 'France'),
(208, 'Delorme Fleury SA', 'place de Collet', '34 731', 'Adam-les-Bains', 'France'),
(209, 'Roux Moreno SA', '69, boulevard de Gautier', '34695', 'FernandezBourg', 'France'),
(210, 'Lambert', '38, rue Regnier', '34 874', 'Blanchard', 'France'),
(211, 'Collin', '9, place Sébastien Couturier', '05 355', 'Parent', 'France'),
(212, 'Lebon', '38, rue Teixeira', '62 267', 'Guyotdan', 'France'),
(213, 'Devaux', 'place Antoinette Torres', '07 548', 'Gregoire', 'France'),
(214, 'Dumont Legros SA', '57, avenue Raynaud', '75809', 'Fontaine', 'France'),
(215, 'Georges Remy S.A.S.', '88, rue de Chartier', '13 354', 'Vincentdan', 'France'),
(216, 'Garcia', '13, impasse de Duval', '28 202', 'BourgeoisBourg', 'France'),
(217, 'Vincent', 'place Nath Thibault', '81 641', 'Martin', 'France'),
(218, 'Blin Clement et Fils', '82, rue de Michel', '23820', 'Lebrun-sur-Mer', 'France'),
(219, 'Boulay', '455, chemin Alexandre', '70044', 'Pichon', 'France'),
(220, 'Daniel S.A.', '2, avenue de Paris', '78180', 'Gregoire', 'France'),
(221, 'Deschamps Denis SARL', '212, rue de Tessier', '62 441', 'Legendre', 'France'),
(222, 'Maury', '881, place Charles Laine', '93097', 'Raynaud', 'France'),
(223, 'Verdier S.A.R.L.', 'avenue de Lemaire', '61 042', 'Dias', 'France'),
(224, 'Barbe Samson S.A.', '82, avenue Laurent', '13926', 'Poulain-sur-Mer', 'France'),
(225, 'Imbert', '298, chemin Noémi Jacquet', '04446', 'Imbert-sur-Launay', 'France'),
(226, 'Dupre', '7, chemin de Lecoq', '13 765', 'Bazin', 'France'),
(227, 'Laroche', '7, chemin Marianne Perrot', '64 705', 'Roydan', 'France'),
(228, 'Guillon Hamel SAS', '87, rue de Leclerc', '12147', 'Marin-sur-Marin', 'France'),
(229, 'Lagarde Herve SA', '161, rue de Bruneau', '79116', 'LacroixVille', 'France'),
(230, 'Charpentier Leblanc SA', '50, impasse de Delattre', '08 251', 'Aubert-sur-Francois', 'France'),
(231, 'Roy', '8, rue Gomes', '25606', 'Fontaine-la-Forêt', 'France'),
(232, 'Da Costa Gilbert SARL', '4, avenue Delorme', '91733', 'Thierry', 'France'),
(233, 'Didier Jacquet S.A.', 'rue Martine Perret', '44119', 'Faure', 'France'),
(234, 'Lecomte', '5, rue de Pascal', '12 414', 'Berthelot', 'France'),
(235, 'Monnier', '12, avenue Claire Coste', '98 013', 'De Oliveiraboeuf', 'France'),
(236, 'Becker', '6, chemin Étienne Maury', '02 137', 'Roux-les-Bains', 'France'),
(237, 'Fouquet Delaunay S.A.R.L.', 'rue Navarro', '87456', 'Lebon', 'France'),
(238, 'Dupont S.A.S.', '70, boulevard Didier', '19 703', 'PonsVille', 'France'),
(239, 'Teixeira', '459, avenue Denise Dupuis', '77 635', 'Muller', 'France'),
(240, 'Hoareau', '80, impasse Henriette Mace', '89657', 'Roussel', 'France'),
(241, 'Charpentier et Fils', '855, impasse Andre', '94897', 'Maillard-sur-Normand', 'France'),
(242, 'Vidal', '54, chemin de Blanc', '86 761', 'Hamel', 'France'),
(243, 'Henry S.A.', '61, rue de Leclerc', '00 573', 'Gomez', 'France'),
(244, 'Mace', '34, avenue de Simon', '37237', 'Royerboeuf', 'France'),
(245, 'Renard S.A.R.L.', '42, rue Margaud Chauveau', '13 798', 'David-sur-Philippe', 'France'),
(246, 'Herve', '59, rue de Fabre', '57851', 'Lombard', 'France'),
(247, 'Potier Pierre SA', '13, impasse Gregoire', '37 229', 'Pagesdan', 'France'),
(248, 'Bonnet', 'avenue Lambert', '22140', 'Diallo', 'France'),
(249, 'Laporte', 'rue de Denis', '60948', 'Poirier', 'France'),
(250, 'Louis Pages S.A.S.', '514, place Gilbert Blanchet', '87381', 'RollandBourg', 'France'),
(251, 'Lecomte', '64, impasse Olivier Guichard', '51280', 'Maillard-les-Bains', 'France'),
(252, 'Legros', '92, place Caroline Mercier', '52347', 'Benard', 'France'),
(253, 'Bernier SAS', 'avenue de Godard', '46 701', 'Blanchet', 'France'),
(254, 'Collin', '21, place Delahaye', '46123', 'Blanc', 'France'),
(255, 'Leduc', 'chemin Letellier', '51896', 'Voisin-sur-Mer', 'France'),
(256, 'Aubert', '5, avenue de Jacquot', '53805', 'Langlois', 'France'),
(257, 'Collin', '60, impasse Legros', '04 147', 'MartinVille', 'France'),
(258, 'Aubry Grondin S.A.R.L.', '8, rue de Delannoy', '85867', 'Gautierdan', 'France'),
(259, 'Barbe', '83, place Ferrand', '02793', 'Delannoy-sur-Begue', 'France'),
(260, 'Lejeune', '14, rue de Georges', '89499', 'Langlois', 'France'),
(261, 'Marchand', '40, rue Chantal Poirier', '57952', 'Valentin-les-Bains', 'France'),
(262, 'Lagarde', '14, chemin Célina Gaudin', '25328', 'Gerard-sur-Germain', 'France'),
(263, 'Lamy Foucher S.A.S.', '445, avenue Goncalves', '87649', 'LefortBourg', 'France'),
(264, 'Hoarau', '88, rue Noémi Guillaume', '34800', 'Rousset', 'France'),
(265, 'Hebert', '89, place Deschamps', '56 785', 'Charpentier', 'France'),
(266, 'Colin', '56, rue Lebon', '78793', 'Da Silva', 'France'),
(267, 'Boulanger SAS', '38, chemin Henri Herve', '32 956', 'Maillard', 'France'),
(268, 'Pelletier S.A.', 'chemin Moulin', '39209', 'Marchand-les-Bains', 'France'),
(269, 'Evrard', '96, chemin Hélène Laporte', '42 252', 'BonneauBourg', 'France'),
(270, 'Chauvin', '98, rue Klein', '58 769', 'Prevost-sur-Mer', 'France'),
(271, 'Adam', '329, rue de Martinez', '52 249', 'Girard-sur-Valette', 'France'),
(272, 'Alexandre', '60, place Philippe Rolland', '87492', 'Faivre', 'France'),
(273, 'Brunet', '48, rue Paris', '21983', 'Schneider', 'France'),
(274, 'Michel', '6, rue Susanne Michaud', '94 124', 'Cousin', 'France'),
(275, 'Lesage', 'avenue Adam', '42099', 'Renaud-les-Bains', 'France'),
(276, 'Charpentier S.A.', '55, rue Brun', '55897', 'Jacques-sur-Fernandes', 'France'),
(277, 'Hoareau', '88, impasse de Lefevre', '46 318', 'Diallo-la-Forêt', 'France'),
(278, 'Letellier Lucas SAS', '766, chemin Nath Roger', '06 964', 'Bousquet-les-Bains', 'France'),
(279, 'Boutin S.A.R.L.', '9, place Roger', '81442', 'Dufour-sur-Gaillard', 'France'),
(280, 'Tanguy Delattre S.A.', '87, rue de Rodrigues', '89 020', 'Pereira', 'France'),
(281, 'Brunel Allain S.A.R.L.', '5, avenue de Leroy', '64584', 'Pires-sur-Martinez', 'France'),
(282, 'Martel', '1, chemin de Morel', '74643', 'Valette-sur-Mer', 'France'),
(283, 'Delattre Bourgeois SA', 'rue Eugène Marin', '37 648', 'Vallet', 'France'),
(284, 'Carre', '33, impasse Bertin', '24 392', 'Weiss', 'France'),
(285, 'Fouquet', '96, rue Nath Delaunay', '54 126', 'Roux-la-Forêt', 'France'),
(286, 'Barthelemy', '1, boulevard Guyon', '51957', 'Laroche', 'France'),
(287, 'Breton Lopes SA', '38, chemin de Weiss', '46 901', 'Weiss', 'France'),
(288, 'Seguin', '64, impasse Klein', '35 111', 'Martin', 'France'),
(289, 'Lemaitre', '8, boulevard Cécile Guibert', '41 368', 'Thierry', 'France'),
(290, 'Lebon', 'place Gallet', '12595', 'LegerVille', 'France'),
(291, 'Pages SA', '4, avenue de Cohen', '51 534', 'Regnier', 'France'),
(292, 'Adam S.A.R.L.', '99, rue de Bonnet', '50242', 'Gay', 'France'),
(293, 'Levy', '56, place de Lebon', '88959', 'Buisson', 'France'),
(294, 'Devaux', '73, chemin Ferreira', '74 814', 'Mendes-les-Bains', 'France'),
(295, 'Gay Bouvet SAS', 'rue de Adam', '84148', 'Cousin', 'France'),
(296, 'Menard', '73, avenue Carlier', '65 416', 'Bernier', 'France'),
(297, 'Aubry', 'avenue Jacques Bouchet', '85032', 'Perez', 'France'),
(298, 'Clement Carre et Fils', '88, chemin de Mary', '10 152', 'Allard', 'France'),
(299, 'Da Costa David SA', '7, chemin Mallet', '87 308', 'Pelletier-sur-Jacques', 'France'),
(300, 'Clerc', '8, impasse Eugène Barbier', '66 516', 'GoncalvesVille', 'France');

-- --------------------------------------------------------

--
-- Structure de la table `platform`
--

CREATE TABLE `platform` (
  `id` int(11) NOT NULL,
  `name` varchar(50) COLLATE utf8mb4_unicode_ci NOT NULL
) ENGINE=InnoDB DEFAULT CHARSET=utf8mb4 COLLATE=utf8mb4_unicode_ci;

--
-- Déchargement des données de la table `platform`
--

INSERT INTO `platform` (`id`, `name`) VALUES
(19, 'Playstation 4'),
(20, 'Playstation 5'),
(21, 'Xbox One'),
(22, 'Xbox Series'),
(23, 'Nintendo Switch'),
(24, 'PC'),
(25, 'MAC'),
(26, 'Stadia'),
(27, 'Wii U');

-- --------------------------------------------------------

--
-- Structure de la table `user`
--

CREATE TABLE `user` (
  `id` int(11) NOT NULL,
  `profile_id` int(11) DEFAULT NULL,
  `level_id` int(11) DEFAULT NULL,
  `email` varchar(180) COLLATE utf8mb4_unicode_ci NOT NULL,
  `roles` json NOT NULL,
  `password` varchar(255) COLLATE utf8mb4_unicode_ci NOT NULL,
  `username` varchar(50) COLLATE utf8mb4_unicode_ci NOT NULL,
  `birthdate` date NOT NULL,
  `city` varchar(60) COLLATE utf8mb4_unicode_ci NOT NULL,
  `picture` varchar(255) COLLATE utf8mb4_unicode_ci NOT NULL
) ENGINE=InnoDB DEFAULT CHARSET=utf8mb4 COLLATE=utf8mb4_unicode_ci;

--
-- Déchargement des données de la table `user`
--

INSERT INTO `user` (`id`, `profile_id`, `level_id`, `email`, `roles`, `password`, `username`, `birthdate`, `city`, `picture`) VALUES
(1005, 11, 15, 'yadam@fernandez.org', '[]', '$2y$10$j6fuojU7tF.h/D1AYzZPOu2r0aa/rwjL6r9afurFUIKTKUvdF.WUC', 'sandre', '1999-11-18', 'Gay', 'https://cdn-icons-png.flaticon.com/512/5793/5793587.png'),
(1006, 12, 13, 'edouard16@laposte.net', '[]', '$2y$10$QGqbbdcX5yL1JkO0GUSARe8LRQaAUEYPCSF55ajxjhlcFesS1Z0JW', 'thibaut.gauthier', '1986-03-08', 'Lacombe-sur-Mer', 'https://cdn-icons-png.flaticon.com/512/2503/2503183.png'),
(1007, 12, NULL, 'peron.agathe@dbmail.com', '[]', '$2y$10$xA9aR2WS3RH6YT.yMns66OH/7oL6HHEg/MGlDRB2C4YEOcJotmSfS', 'adrienne02', '1969-04-26', 'Laine', 'https://cdn-icons-png.flaticon.com/512/2213/2213713.png'),
(1008, 12, 13, 'maurice87@verdier.com', '[]', '$2y$10$2wzg5K4mAG8M.sPLidoFK.vYwsr4nP05hamDNHaKA5i.6fdEH9K7K', 'meyer.lorraine', '2000-03-20', 'Dupont-sur-Grondin', 'https://cdn-icons-png.flaticon.com/512/1674/1674292.png'),
(1009, NULL, 13, 'laetitia17@yahoo.fr', '[]', '$2y$10$eTtYX2yseaY24LDNvyQId.RZnWOY83vh2QqzBVGWPcKGZ.8CsZIcG', 'bernier.adrienne', '2004-05-11', 'ParisBourg', 'https://cdn-icons-png.flaticon.com/512/1752/1752772.png'),
(1010, 11, NULL, 'nathalie.delahaye@nicolas.com', '[]', '$2y$10$TCly9T7ETZjoXSrq.VCtjOLKYE1URMLVcnGI2REoFPKnJyjJ27Ymi', 'yves.bonneau', '1979-10-09', 'Buisson', 'https://cdn-icons-png.flaticon.com/512/892/892721.png'),
(1011, 11, 14, 'claudine28@salmon.net', '[]', '$2y$10$OMkZGZoBMPJFdkDuu1IJYeRnHl8eBnMESNkp/vUqnZH8QY5kWrDai', 'daniel84', '1995-02-17', 'Lombard', 'https://cdn-icons-png.flaticon.com/512/1880/1880988.png'),
(1012, 11, 15, 'francois18@lombard.fr', '[]', '$2y$10$Fxq3DHYplNiXDwOzHV3aiu5JLqqfNd07lGiS5D.mWd/UhHPC5U5I2', 'jeanne41', '1985-11-29', 'Levy-les-Bains', 'https://cdn-icons-png.flaticon.com/512/3819/3819167.png'),
(1013, 10, NULL, 'marine61@club-internet.fr', '[]', '$2y$10$908me98cAtRafPhK/ONH..APi9ZHd99yn98NcGugQ4N9zNhRS7DxW', 'matthieu.cousin', '1971-07-05', 'Gilles', 'https://cdn-icons-png.flaticon.com/512/6595/6595509.png'),
(1014, NULL, 12, 'theophile72@orange.fr', '[]', '$2y$10$Jk8l8k38Hhmo90fAwnvYUOBvhmJ.16j9VPx7qjdHODAT4iPFx./c.', 'frederique.lecoq', '1998-02-09', 'Boulangerboeuf', 'https://cdn-icons-png.flaticon.com/512/6595/6595509.png'),
(1015, 11, 14, 'astrid13@berthelot.fr', '[]', '$2y$10$IyQ0eYl4yk2FMjaIbkvvvuii9zNnLDVHOLas8vdskSH17CtnvT9Cy', 'adrien04', '1972-09-14', 'GrenierBourg', 'https://cdn-icons-png.flaticon.com/512/2503/2503183.png'),
(1016, 12, NULL, 'margaux90@live.com', '[]', '$2y$10$9wIL0ZYqcVBPUAyIDNYhC.2iuu64oQBPmLmsoxCfFn083hBOf2euC', 'moreno.robert', '1982-01-30', 'Verdier', 'https://cdn-icons-png.flaticon.com/512/528/528107.png'),
(1017, 12, 12, 'cordier.gilles@barthelemy.com', '[]', '$2y$10$33xvbAMRA8gby1xhg6juV.6iJGg/ABdBC.n7sBV.IG3FKAOX4k3Q.', 'margaret.rodriguez', '1994-10-06', 'Colin', 'https://cdn-icons-png.flaticon.com/512/452/452539.png'),
(1018, 12, 12, 'michele20@etienne.fr', '[]', '$2y$10$lP84u74FzCF0VEJ8AI3/secbR4G9CM94uz5g0HO89VaQQfnE/4GGm', 'bailly.anouk', '1967-04-22', 'Benard-les-Bains', 'https://cdn-icons-png.flaticon.com/512/6530/6530866.png'),
(1019, NULL, NULL, 'maurice.humbert@schneider.fr', '[]', '$2y$10$m3ht8s/.HNzkf336.e2laesfkVZ7vN4LNuEIqYkVjHjZFDKS862Ky', 'joseph.richard', '2006-11-05', 'Brun', 'https://cdn-icons-png.flaticon.com/512/1674/1674291.png'),
(1020, 11, 13, 'germain.paulette@munoz.net', '[]', '$2y$10$xSzimAZNTSdCdKvHB9qisuId9qqko.lCYE6tY3LHbdjs0AYRfhPp2', 'georges.raymond', '1981-04-29', 'Lelievre', 'https://cdn-icons-png.flaticon.com/512/1880/1880988.png'),
(1021, 12, 14, 'therese.royer@free.fr', '[]', '$2y$10$Jqdoy4JbUa1BMrplZtmnjeXWX2mGN7TfYLZRW45Q/hkcu6TxXyqXC', 'fguyot', '1965-09-20', 'Robert-sur-Ruiz', 'https://cdn-icons-png.flaticon.com/512/2213/2213713.png'),
(1022, 12, NULL, 'paul14@live.com', '[]', '$2y$10$o4qRzdICEB4AeQcz5F0Lc.liMycxIVtI8fxVI1nO6vQdA9Fa1.C1G', 'pineau.olivie', '1985-06-08', 'Blanc-la-Forêt', 'https://cdn-icons-png.flaticon.com/512/2534/2534553.png'),
(1023, 12, 14, 'emaillot@noos.fr', '[]', '$2y$10$0Xi5GCDUrn6oX4MfI34XDuf1vbT7VYQOJ2otmUh8LKsh1QDiX13Pq', 'louise.marin', '1988-03-22', 'Milletdan', 'https://cdn-icons-png.flaticon.com/512/501/501299.png'),
(1024, NULL, 15, 'nath.grenier@voisin.net', '[]', '$2y$10$OtYdVCUR9KyBp5bvEOhoU.XXfogN38eADjr9cbcNbCn//W8JPgZSa', 'irolland', '1988-08-08', 'Berger-sur-Potier', 'https://cdn-icons-png.flaticon.com/512/3393/3393852.png'),
(1025, 11, NULL, 'henri.baron@parent.org', '[]', '$2y$10$dB9D5v/ncs0RVHohYfSmKeSnjNkFVw9DIde6vmMZc4B.rfQAAskJG', 'eferrand', '1978-12-02', 'Nicolas', 'https://cdn-icons-png.flaticon.com/512/1752/1752772.png'),
(1026, 10, 14, 'therese.sanchez@free.fr', '[]', '$2y$10$dZ.M39lUINKN3DCppLPeQu4YXFWPACg4UmTheA7MPinKA3582V3T.', 'germain.therese', '1996-12-26', 'Weber', 'https://cdn-icons-png.flaticon.com/512/597/597566.png'),
(1027, 12, 13, 'hperret@live.com', '[]', '$2y$10$PjmRSC9vWWuXJxXzRWvPv.6X1hp105WApjEOGhYNL1CDyGfv5uWzG', 'benjamin.labbe', '1971-07-06', 'Diallo', 'https://cdn-icons-png.flaticon.com/512/2579/2579243.png'),
(1028, 11, NULL, 'sylvie.vallee@dbmail.com', '[]', '$2y$10$cvAQPRFhf1dRHkAGCiSaCuEjA7R6FJPyCO//DS7fOqiewLgEiFHLe', 'eleonore18', '2001-02-03', 'PottierVille', 'https://cdn-icons-png.flaticon.com/512/2534/2534553.png'),
(1029, NULL, 13, 'ddaniel@tele2.fr', '[]', '$2y$10$2lazyQcacZApRfgIvBCUR.KZLC2vIMIB.vh4LFRL4CysRjUbfuCte', 'ydufour', '2008-04-28', 'Morel', 'https://cdn-icons-png.flaticon.com/512/1120/1120972.png'),
(1030, 12, 12, 'christelle17@renaud.com', '[]', '$2y$10$Dut7vUYpNW3nHy7C/Fb4Ze6Dd37uH/RYzSE7P/kZOfEfVr6BALdDG', 'paris.michelle', '2005-03-27', 'Loiseau', 'https://cdn-icons-png.flaticon.com/512/501/501299.png'),
(1031, 11, NULL, 'jules.roux@clement.net', '[]', '$2y$10$DgbbfNJxpy/7w.zUBUQS9uLmmKa5dwBtzHG3DFtGFsdSZVDi9G/4S', 'jacquot.celina', '1977-12-10', 'Delmas-sur-Guillet', 'https://cdn-icons-png.flaticon.com/512/1487/1487231.png'),
(1032, 10, 12, 'agnes20@desousa.fr', '[]', '$2y$10$Q.dbF6Yd6LCv.BFistGWL.rXvGoEFOx6lG4AgmztGnJ7SkdaMmqva', 'patrick83', '1968-05-04', 'Lagarde', 'https://cdn-icons-png.flaticon.com/512/1752/1752772.png'),
(1033, 11, 12, 'xvalentin@gmail.com', '[]', '$2y$10$vm4n5F4OwYWYdZIbCBWI2eDblC.RGkEoSsj6otLxjzrlnlv98tFUm', 'adrien74', '2000-01-07', 'Jeannec', 'https://cdn-icons-png.flaticon.com/512/5793/5793587.png'),
(1034, NULL, NULL, 'yneveu@dbmail.com', '[]', '$2y$10$iZFgyMgsxfKmtpjbsmsRe.M/f9Xy1nKLkO9.xQyBsj8yPvC/zJLee', 'adrien.renaud', '1968-02-10', 'Munoz', 'https://cdn-icons-png.flaticon.com/512/5793/5793587.png'),
(1035, 10, 14, 'danielle.guibert@noos.fr', '[]', '$2y$10$pUwg17anoUp5UyFK/HG9D.zfFDXvvitxihBsakc/SGPXD.r4SdLZe', 'marty.gerard', '1967-07-27', 'Dumas', 'https://cdn-icons-png.flaticon.com/512/1487/1487231.png'),
(1036, 12, 13, 'veronique31@orange.fr', '[]', '$2y$10$VsS9dwbq8wJGNCUPH0Q9m.g8m.7ZstqA5LGwV8uWA8RfYa0oq8iCu', 'allard.patrick', '1970-04-07', 'Etienne', 'https://cdn-icons-png.flaticon.com/512/2579/2579243.png'),
(1037, 11, NULL, 'dorothee.munoz@live.com', '[]', '$2y$10$bJCQlIO6D0mPlFHO12N/me7h6s/JxW1XpVBiyRfy0VhH9Yi/i56wW', 'slemaitre', '1994-06-07', 'Vincent', 'https://cdn-icons-png.flaticon.com/512/452/452539.png'),
(1038, 10, 14, 'michel.gregoire@sfr.fr', '[]', '$2y$10$mAx6HK3PGB5.PaPY7IXnuesKJyA45CPNe6KGxVTaMnBRZXi8muwPa', 'michelle.mace', '1967-12-01', 'Boulangerboeuf', 'https://cdn-icons-png.flaticon.com/512/6595/6595454.png'),
(1039, NULL, 14, 'timothee33@club-internet.fr', '[]', '$2y$10$R6apKkBjXvIlwyTzwxAd6unLt2SI9q.uNCOO04H1ZLj5vuqAiwR4K', 'christelle44', '2008-09-14', 'David-sur-Sanchez', 'https://cdn-icons-png.flaticon.com/512/1674/1674292.png'),
(1040, 11, NULL, 'ylagarde@noos.fr', '[]', '$2y$10$Dl2Z6GJxkzEhviKnwqzY2uZy9.xaa2kWQ2Wt0ldNPW1ERlDHHFpzK', 'apereira', '1985-03-28', 'Perez-les-Bains', 'https://cdn-icons-png.flaticon.com/512/2213/2213713.png'),
(1041, 10, 12, 'thibaut.adam@grenier.com', '[]', '$2y$10$HrnoPSERtapjHulnL2YP0.McPw.auKOyPwwulbp/lbfH/Di9eGZO.', 'bertrand.laurent', '1991-02-02', 'JacquesBourg', 'https://cdn-icons-png.flaticon.com/512/6595/6595454.png'),
(1042, 12, 15, 'ofabre@tele2.fr', '[]', '$2y$10$rMZIRfluRqDCyt/5LqdQCe8ADx58x62iK0sjQqJv96vtV9W9rQYlK', 'zacharie39', '1963-11-17', 'Dupontdan', 'https://cdn-icons-png.flaticon.com/512/1487/1487231.png'),
(1043, 12, NULL, 'chevalier.michelle@barre.net', '[]', '$2y$10$Fv.jBbl3gFoUfVsOJ1bDEO7HckccyHj9OfNIojke4NHYZhFPKneAi', 'bertrand80', '1969-06-23', 'Girardnec', 'https://cdn-icons-png.flaticon.com/512/5793/5793587.png'),
(1044, NULL, 13, 'bertrand71@faure.com', '[]', '$2y$10$LaVXF0hv.fMvBRR9LhzIEuqxx2yW57YaFHfo21ktu0WngkHsCbC3y', 'fvaillant', '1982-12-21', 'Klein-sur-Adam', 'https://cdn-icons-png.flaticon.com/512/189/189000.png'),
(1045, 10, 13, 'lamy.christiane@diallo.com', '[]', '$2y$10$q9E/dv1/JAjSPEjY7zbl3ei81csubscMmenIl9tEI.Gv8Hd50en1K', 'lucas55', '2001-08-25', 'Rousset-sur-Mer', 'https://cdn-icons-png.flaticon.com/512/189/189000.png'),
(1046, 10, NULL, 'ddiallo@alves.fr', '[]', '$2y$10$KhyYcwkahEZXJzPeMwTX4Od3RHxbOAp3CANnH9otZlb7nxJ3yqqqS', 'fouquet.nicolas', '1963-06-03', 'Michel-les-Bains', 'https://cdn-icons-png.flaticon.com/512/2213/2213713.png'),
(1047, 11, 15, 'nathalie03@free.fr', '[]', '$2y$10$D5ggeoLn18hnMur1FeinneZFUvIwEWLJWkQlyOJphKTiNMiGR2fHa', 'ines.lemaitre', '1992-11-02', 'Lenoir', 'https://cdn-icons-png.flaticon.com/512/597/597566.png'),
(1048, 12, 15, 'claroche@wanadoo.fr', '[]', '$2y$10$VztgPFCSWcdUgP.O4llb1eTTp6heCR7GUErqdhsb.RiN9pV8UtkRe', 'hernandez.marcelle', '1984-02-24', 'Lemaire-sur-Buisson', 'https://cdn-icons-png.flaticon.com/512/2534/2534553.png'),
(1049, NULL, NULL, 'celine85@henry.fr', '[]', '$2y$10$aLngqSIF1z5nEtK/RJaAuO6hgaK8HpRCBLrFABwgCRdgxq1f4opKO', 'daniel09', '1986-08-03', 'Vincent-sur-Petitjean', 'https://cdn-icons-png.flaticon.com/512/6595/6595454.png'),
(1050, 12, 14, 'arthur.masson@gillet.fr', '[]', '$2y$10$mjs9fKrrvuhYFgfAXXyj7uE6QEpcjs4o5CbT/wzbELgqaIOCSV77y', 'germain.dorothee', '1972-09-26', 'Lefebvre-sur-Marques', 'https://cdn-icons-png.flaticon.com/512/3819/3819167.png'),
(1051, 11, 14, 'lamy.emile@live.com', '[]', '$2y$10$ezVgMwnTrIn7inJ6VNi0yu9cxU/qys5.7HNJizGOexC6LNTEK26WG', 'xavier80', '1988-04-05', 'Blin', 'https://cdn-icons-png.flaticon.com/512/1674/1674291.png'),
(1052, 11, NULL, 'gilbert.deoliveira@free.fr', '[]', '$2y$10$tJdP6thRn9XLW1q4VMgm8uaG9xhBfRLDafe/VdW778GMSLA3MMyV2', 'philippine.menard', '1982-11-03', 'Guillot', 'https://cdn-icons-png.flaticon.com/512/6595/6595509.png'),
(1053, 12, 14, 'arnaud.sebastien@olivier.com', '[]', '$2y$10$1ltpELhNk5tex809fiJysuUkfP.LPrKix0I3QjtrqhHaivjKMiamm', 'claude.michaud', '2003-11-21', 'Daniel', 'https://cdn-icons-png.flaticon.com/512/1487/1487231.png'),
(1054, NULL, 14, 'olegros@lefebvre.fr', '[]', '$2y$10$ocpP64falA2Rh/ib3I5d0eWPos7pW/Ie4Aj2PZL5lZrzp1dVhnMhC', 'henriette76', '1985-05-15', 'Lombard', 'https://cdn-icons-png.flaticon.com/512/1674/1674291.png'),
(1055, 11, NULL, 'peron.daniel@live.com', '[]', '$2y$10$ybo75UK4evmkWunMb8PBUeMyCSDYre7n/CdIlpyFxxncmiu.vcHbm', 'simone.lebrun', '1992-12-05', 'ReyBourg', 'https://cdn-icons-png.flaticon.com/512/528/528107.png'),
(1056, 12, 15, 'raymond.marques@sfr.fr', '[]', '$2y$10$dtFFRUcnHUESJKGMAGaqSuZu8hmRGKOwXPcn96lq6lfB1U8FXwwJa', 'umathieu', '1977-10-24', 'Dubois', 'https://cdn-icons-png.flaticon.com/512/3819/3819167.png'),
(1057, 12, 15, 'ejacques@dbmail.com', '[]', '$2y$10$K93a8La04KiwrhKQ.ZdtGuoSMSv6kWeAYaIMVJbeepBIE4BYJzuNe', 'ddeoliveira', '1970-09-07', 'Buisson-les-Bains', 'https://cdn-icons-png.flaticon.com/512/1120/1120972.png'),
(1058, 11, NULL, 'benoit.margot@free.fr', '[]', '$2y$10$zFrnVtsZzQtAEsgHf53MEuCevUQyweo1HWNBp6zA401/MUdQTt6/2', 'ines.andre', '1966-07-12', 'Jacques-sur-Mer', 'https://cdn-icons-png.flaticon.com/512/2213/2213713.png'),
(1059, NULL, 15, 'agomes@poirier.fr', '[]', '$2y$10$IURpO2qsXtFwqsBW/43DPuN18UjuxIDSikKZZ3S4NwAOEgRhkq/bu', 'philippe.suzanne', '1989-09-08', 'Leleu', 'https://cdn-icons-png.flaticon.com/512/435/435048.png'),
(1060, 10, 12, 'dominique.etienne@orange.fr', '[]', '$2y$10$qGKuY/d2NdcDDLij41Q3dOILFvp8PXBs13mbEQQCR/obvLFl/1S1.', 'lelievre.edouard', '1976-10-23', 'Hardy', 'https://cdn-icons-png.flaticon.com/512/4352/4352117.png'),
(1061, 10, NULL, 'tjoseph@yahoo.fr', '[]', '$2y$10$/EHVLzde.8DzRS9QbHMcsOlaZaBTol8whExnsb8RD08QM3imV3J8S', 'etienne72', '2006-09-18', 'Vaillant-sur-Guillet', 'https://cdn-icons-png.flaticon.com/512/2503/2503183.png'),
(1062, 11, 15, 'noel.tessier@tele2.fr', '[]', '$2y$10$nNnrozt8D9JY26OXT/pPAuYuAucuYSQ6WmUvIG822myiRFcR57ASa', 'dominique.lecoq', '2000-05-26', 'Garnier', 'https://cdn-icons-png.flaticon.com/512/189/189000.png'),
(1063, 10, 13, 'daniel.charles@picard.fr', '[]', '$2y$10$8uciCW8eamMu/5p4EDn0x.uDMRuDrGLpxe8wVHmyplUbjvI5jjwlO', 'jacquet.alphonse', '2007-08-03', 'David-les-Bains', 'https://cdn-icons-png.flaticon.com/512/6595/6595509.png'),
(1064, NULL, NULL, 'leclerc.marianne@wanadoo.fr', '[]', '$2y$10$PUTv2cODV3LUU7c73SDvde3a8KmbrBND1wdSME.lZR156/VFx1omq', 'julie58', '1967-04-03', 'Schneider', 'https://cdn-icons-png.flaticon.com/512/501/501299.png'),
(1065, 12, 14, 'etienne66@dubois.com', '[]', '$2y$10$NnO5wWvwVPNuJ7Zd8cR4XOKnrmTNL.X1XzvgUoDMeR1pz3TtKv5fi', 'thomas53', '1965-03-23', 'Camus', 'https://cdn-icons-png.flaticon.com/512/2503/2503183.png'),
(1066, 12, 13, 'julien.lelievre@rousset.com', '[]', '$2y$10$dGB.uNuIWmlzUHlb7BQiD.rWqyksKRFpeuesRz/XtCSe.p64YScTy', 'maurice67', '2007-04-01', 'Meunier', 'https://cdn-icons-png.flaticon.com/512/1674/1674292.png'),
(1067, 12, NULL, 'julien.baron@navarro.fr', '[]', '$2y$10$XA485p9vHx/g1TptvYDwGelATP/5mRgzSUybaerSP8r31kyMgX3N.', 'payet.nicole', '1990-11-01', 'Gautier', 'https://cdn-icons-png.flaticon.com/512/2213/2213713.png'),
(1068, 11, 14, 'maggie90@sfr.fr', '[]', '$2y$10$M1WODQq9qGAAVIcLUA/wiuTKJabANARCHiIiky9IqRxtWFUB5Mco.', 'jpetit', '2001-02-20', 'Fernandes-sur-Roger', 'https://cdn-icons-png.flaticon.com/512/4352/4352117.png'),
(1069, NULL, 15, 'constance11@yahoo.fr', '[]', '$2y$10$GYZ0Mr2VE9k2YUG8O8OnveXgT/3LnvQVPmOJXmEpphsl67HQNAYNe', 'pinto.bernadette', '1994-09-26', 'Ollivier', 'https://cdn-icons-png.flaticon.com/512/306/306772.png'),
(1070, 10, NULL, 'perret.matthieu@mahe.com', '[]', '$2y$10$stkqXOtV6SrIHLCB8LgrXOkJWJYZ.pXUriB1RRBWvNyJTLnZWSq76', 'tristan17', '1965-02-14', 'Bruneau', 'https://cdn-icons-png.flaticon.com/512/6595/6595454.png'),
(1071, 10, 15, 'patrick.lefort@free.fr', '[]', '$2y$10$Y9J55Gk5k4p13VCD6aw.t.9veuCMSTMLlSdJVQ11GDx3AOetWLedi', 'virginie73', '1969-11-15', 'Gay', 'https://cdn-icons-png.flaticon.com/512/452/452539.png'),
(1072, 11, 15, 'acharpentier@leconte.fr', '[]', '$2y$10$KMdGOvqw715.s5zVqOSUWuN9Yd5ZWtCkZP9JfnP97fPyoRl58HnYq', 'agnes.letellier', '1984-06-18', 'Breton', 'https://cdn-icons-png.flaticon.com/512/5793/5793587.png'),
(1073, 12, NULL, 'jeannine.dubois@noos.fr', '[]', '$2y$10$heaCfQwRSHyQQngYvwBcoOKbBcnGbuJAfFYmGye8uWH1fkvJV7xQa', 'rfernandez', '1997-02-03', 'Fabrenec', 'https://cdn-icons-png.flaticon.com/512/6595/6595509.png'),
(1074, NULL, 15, 'luc68@dbmail.com', '[]', '$2y$10$3FuIgcK9WIECabHQkFbMvOur62IZyCAPQYSpEYzdMRgC6QDb.bdcK', 'egonzalez', '1974-02-08', 'Delmas-les-Bains', 'https://cdn-icons-png.flaticon.com/512/528/528111.png'),
(1075, 12, 14, 'alexandrie59@club-internet.fr', '[]', '$2y$10$5iYqNvQh6OBY4OP/b.VJR.nU1NIUjMvIUtLopbE4vAFOylb5K0zlu', 'franck.albert', '1988-12-19', 'Chauvet', 'https://cdn-icons-png.flaticon.com/512/3393/3393852.png'),
(1076, 11, NULL, 'sophie04@morin.com', '[]', '$2y$10$4Jj1daLNHRJZYGr0h1yd9eJ.rnnnj14PLXkryPxZ8h5n6yMdXtpZa', 'wdupuis', '1987-06-09', 'Giraud-sur-Dijoux', 'https://cdn-icons-png.flaticon.com/512/2534/2534553.png'),
(1077, 11, 12, 'victor41@laposte.net', '[]', '$2y$10$kOfWZ1xisbY5YRPL1vBAxendxDHUkhbKTL0vSTkf4W9czHLxidcIS', 'joly.guy', '2004-02-23', 'Pichon', 'https://cdn-icons-png.flaticon.com/512/2213/2213713.png'),
(1078, 12, 15, 'gros.penelope@wanadoo.fr', '[]', '$2y$10$opoRFynNG7m9QLGhEg2uO.2JwiwgBbx4SWVsSZsXpUC5UeNLIkuca', 'hortense.germain', '1973-03-10', 'Juliendan', 'https://cdn-icons-png.flaticon.com/512/306/306772.png'),
(1079, NULL, NULL, 'cleclerc@live.com', '[]', '$2y$10$c5IIfe8sUa12YHVrhtYNG.KzOJ7JdmYx3n/zwTo4Z8dID6oI6jKyK', 'charlotte.munoz', '1999-10-02', 'Pottiernec', 'https://cdn-icons-png.flaticon.com/512/1880/1880988.png'),
(1080, 10, 14, 'uleduc@free.fr', '[]', '$2y$10$E/4c.9m6dkI5Y/u8wC7jZe/XnpvjA6Got1dOFvpyDWogKzp9JnRTu', 'njulien', '1968-05-26', 'Cousin', 'https://cdn-icons-png.flaticon.com/512/892/892721.png'),
(1081, 12, 14, 'ymahe@bazin.com', '[]', '$2y$10$syH.Qe9TmqMx0cLagDvjE.8VjR77EStIZScoE22ozxfAZNRzgpwXG', 'cblanchet', '1969-09-01', 'Deschamps', 'https://cdn-icons-png.flaticon.com/512/3393/3393852.png'),
(1082, 10, NULL, 'martineau.marianne@buisson.com', '[]', '$2y$10$UdmBBNsQx7eXBZrTtZAwy.7B7f3RBBPqX1OgeBQans.UkDZFvMHve', 'marcel32', '1984-09-14', 'Marty', 'https://cdn-icons-png.flaticon.com/512/6595/6595509.png'),
(1083, 11, 14, 'thibault.descamps@orange.fr', '[]', '$2y$10$903OgfV1eqAdvJyrQxw1e.NAAuq3MC504EQwhWC44D62msvl9i/By', 'atanguy', '1975-07-14', 'Barthelemy', 'https://cdn-icons-png.flaticon.com/512/6595/6595509.png'),
(1084, NULL, 14, 'susanne85@noos.fr', '[]', '$2y$10$pP9bitgSyH7PYGDtsors.eYOTHrDF8gz56xj09hEWj.LJDiGRCV1G', 'aimee81', '2008-07-16', 'Parent', 'https://cdn-icons-png.flaticon.com/512/3393/3393852.png'),
(1085, 10, NULL, 'bernard.pierre@jacquet.net', '[]', '$2y$10$2sRifHt2TIwYCqOTyrtvrO9fMTDJSh/lZL4eXGCXNCE4ujYmYvV7q', 'denis43', '1968-12-25', 'Lombard', 'https://cdn-icons-png.flaticon.com/512/501/501299.png'),
(1086, 12, 15, 'ines.bourdon@gmail.com', '[]', '$2y$10$nxZLV7jjvuuApyY0qunWh.Ws/XOmgTDJnVXKBpJuNDM0HCwgXxbpK', 'droger', '2007-10-15', 'Vasseur', 'https://cdn-icons-png.flaticon.com/512/892/892721.png'),
(1087, 11, 14, 'kchauvin@noos.fr', '[]', '$2y$10$fHxMk0digFDCY3VAWn3kTOtnRMq0hrrV8F1kvdXAHDfoC6G58W3pi', 'dupuis.anais', '1997-01-16', 'Thierry', 'https://cdn-icons-png.flaticon.com/512/528/528107.png'),
(1088, 10, NULL, 'wleduc@guillon.net', '[]', '$2y$10$ccAc24ozpkfzkVZBtnAzj.zZOHG6lhjqAwpdNthc/ymW8hmzwezCO', 'david66', '1973-02-07', 'Dijoux', 'https://cdn-icons-png.flaticon.com/512/1880/1880988.png'),
(1089, NULL, 12, 'francois.anne@laposte.net', '[]', '$2y$10$dzBEYcgigwluO33nfxZYhuNmYaslKm7.LLjnbgv5di0g8xdVQjsW6', 'isaac.rodrigues', '1996-09-20', 'Roche', 'https://cdn-icons-png.flaticon.com/512/6595/6595509.png'),
(1090, 12, 14, 'godard.philippe@pinto.fr', '[]', '$2y$10$y8wL93E2NYwsda2N0jY0fOJwyQvSgswJhiE4DwIPfFLzpPf0LSymC', 'clemonnier', '2008-04-13', 'Piresdan', 'https://cdn-icons-png.flaticon.com/512/501/501299.png'),
(1091, 10, NULL, 'klegrand@gaillard.org', '[]', '$2y$10$ytFapI2sziJGBm0fGeteROWmDam/VDpekdPEonssDeL7elNiaPSBK', 'jacqueline47', '1966-01-05', 'Lebrun', 'https://cdn-icons-png.flaticon.com/512/1880/1880988.png'),
(1092, 12, 15, 'masson.capucine@hotmail.fr', '[]', '$2y$10$VmBA1QT7qgcv.qpGVOEPhebg6jmqXlL8XPlXo1vZ5Y4bai7JNI48C', 'mrenault', '1996-03-24', 'Weissnec', 'https://cdn-icons-png.flaticon.com/512/924/924874.png'),
(1093, 12, 14, 'marthe.gillet@dbmail.com', '[]', '$2y$10$z32djj8kfo6Rhl0ciAS.zueScRKQwh.K939GWoKASDokLO5MeG8.S', 'edouard.klein', '2002-03-18', 'Pinto', 'https://cdn-icons-png.flaticon.com/512/4352/4352117.png'),
(1094, NULL, NULL, 'franck52@live.com', '[]', '$2y$10$s6JCSSWqwmByJ1i//TpT8eMh4m3y05b1cdB5O2FfVaDlLFRP0t2x6', 'pchauvin', '1962-09-11', 'Valentin', 'https://cdn-icons-png.flaticon.com/512/6595/6595509.png'),
(1095, 12, 15, 'hpaul@bousquet.fr', '[]', '$2y$10$cjmbkOskVKHC5.ysdsJIROh9AIcp/v3BwIhn1RBgv1szPyKQKxzli', 'charrier.julien', '1998-06-05', 'Ferranddan', 'https://cdn-icons-png.flaticon.com/512/892/892721.png'),
(1096, 11, 13, 'jdupuy@free.fr', '[]', '$2y$10$wNFnJtgKEldkxQ.rpn5cNOMLt6PEn0cBSgarPQQLpmCkXAy8XrwOS', 'maillot.dorothee', '1979-03-23', 'Jean', 'https://cdn-icons-png.flaticon.com/512/477/477154.png'),
(1097, 10, NULL, 'luc30@bouchet.fr', '[]', '$2y$10$jGGuP.2EmPM9l/I/u0t7gu9JHWCYxfmPQ2BOetL15enIylK1kQEgW', 'edith.brunel', '1985-05-12', 'Dumont-la-Forêt', 'https://cdn-icons-png.flaticon.com/512/1120/1120972.png'),
(1098, 11, 15, 'gerard.benjamin@foucher.com', '[]', '$2y$10$f.gFNEFliWjz9OaAfpa8xuh60Ysr4sW7RO3VnUq6RAWmfMzZQUp5u', 'ppereira', '1969-07-22', 'BessonVille', 'https://cdn-icons-png.flaticon.com/512/1752/1752772.png'),
(1099, NULL, 14, 'susan66@noos.fr', '[]', '$2y$10$eCIqOoNfkTW13o9yQpN/VepzvLNwipzStcndaq47z2kUZ8CgkNiQ2', 'perez.roland', '2003-08-30', 'Cousin', 'https://cdn-icons-png.flaticon.com/512/3393/3393852.png'),
(1100, 11, NULL, 'besson.franck@maillet.fr', '[]', '$2y$10$y2kiXCVKGIn1PP.Iumly.u5gM7jwLkDYHn3pd2sxnAcVtMQIji48y', 'gilles.bodin', '1980-12-21', 'Cordier', 'https://cdn-icons-png.flaticon.com/512/528/528107.png'),
(1101, 11, 12, 'vincent.laporte@jean.com', '[]', '$2y$10$j.zKSA.VRNBYH8un5hPEJufuFr8JAFkS0ohiBTKLqeu2pOa2/3bPS', 'antoine34', '1981-02-16', 'Leclerc', 'https://cdn-icons-png.flaticon.com/512/1487/1487231.png'),
(1102, 11, 14, 'remy.mathieu@noos.fr', '[]', '$2y$10$hWpJCjUGxtcj1BZQCyNzi.Im/C5tDaH/S3IHIXMxJvcSkAOF0FF9e', 'zchartier', '1964-10-30', 'FabreVille', 'https://cdn-icons-png.flaticon.com/512/2503/2503183.png'),
(1103, 12, NULL, 'xlombard@meyer.com', '[]', '$2y$10$bMp8oIb/w03b4Dl0cbJokOVelhSNG7Az99ln4e6bP/TOhQVaja4J2', 'daniel.menard', '1996-10-01', 'Breton', 'https://cdn-icons-png.flaticon.com/512/477/477154.png'),
(1104, NULL, 12, 'ejacques@lenoir.com', '[]', '$2y$10$HtmqNxOhvkc.Wszyc1JL4ugck7wxYwjJx5ap.v7J63lzzcTH/ckJi', 'bernard.fabre', '1993-01-22', 'Lejeune', 'https://cdn-icons-png.flaticon.com/512/2941/2941796.png'),
(1105, 12, 15, 'hernandez.susan@mercier.org', '[]', '$2y$10$1C/S0jzEIQezWJe4m/kJnOHOIFrzJRzA7l2UT/TIUDEK4nCFjYKN2', 'launay.susanne', '1990-06-08', 'Munoz-la-Forêt', 'https://cdn-icons-png.flaticon.com/512/306/306772.png'),
(1106, 11, NULL, 'camille37@orange.fr', '[]', '$2y$10$Fe6s/xt4c/4RCWPSk2Q5D.9SIbug3JQlkVzcXBL3noH9LJ7Nn8ZB.', 'mallet.michel', '2003-03-04', 'Lamy', 'https://cdn-icons-png.flaticon.com/512/1120/1120972.png'),
(1107, 10, 15, 'wpoirier@orange.fr', '[]', '$2y$10$RzZ144Dw8eGz4SDNEXDJ0e6Rx07UY9SC6bY0uEZjUQY7vE/RdebBi', 'rene.peron', '1968-10-16', 'Legros', 'https://cdn-icons-png.flaticon.com/512/5793/5793587.png'),
(1108, 10, 12, 'nathalie15@free.fr', '[]', '$2y$10$6CTrFpQNFaZ8x0U8SGVH4OipB/96eQ/r0EFw8ZMUu083oyOFM98DO', 'aubert.gabriel', '1972-12-20', 'Valentin', 'https://cdn-icons-png.flaticon.com/512/5793/5793587.png'),
(1109, NULL, NULL, 'arnaude.charpentier@free.fr', '[]', '$2y$10$DTDfRdcEEzDsAQbTgCWOtO0sZiqz6g.JR2jkYwLnbqj.XSBzej.bS', 'margot26', '2004-12-14', 'BazinVille', 'https://cdn-icons-png.flaticon.com/512/1674/1674291.png'),
(1110, 12, 13, 'philippe.morvan@marion.fr', '[]', '$2y$10$uFr4eFXVovjnzteNOC87nee535ItodSW0D8DYh1h8Orc6qKuq/74G', 'leon84', '1975-04-03', 'PerretBourg', 'https://cdn-icons-png.flaticon.com/512/1487/1487231.png'),
(1111, 10, 14, 'nmasson@sfr.fr', '[]', '$2y$10$Y0B6Izb1elECrBPBkR0uQetto/7vfFkJckPjwRTB1JZx9bRJ/aspa', 'ttanguy', '1975-11-30', 'Da SilvaBourg', 'https://cdn-icons-png.flaticon.com/512/2534/2534553.png'),
(1112, 11, NULL, 'adelaide28@michaud.fr', '[]', '$2y$10$KswrxgV64IcFV2oq5YaD9O4dwiW4rPlMPSjOgklM0pgbkIMDLJ1mC', 'marcel.joly', '1997-06-15', 'Chartier', 'https://cdn-icons-png.flaticon.com/512/1674/1674291.png'),
(1113, 10, 14, 'gay.victoire@navarro.net', '[]', '$2y$10$M3DFYxRP/jaeowgNO2Qi2uHMU.iy.qmzq6yy1aF3HXyUAm/Y4zEoe', 'christiane17', '1973-10-07', 'Delahaye', 'https://cdn-icons-png.flaticon.com/512/2534/2534553.png'),
(1114, NULL, 13, 'margot.pruvost@free.fr', '[]', '$2y$10$7ML7yk/2gD.U79NGaRgLjO1DVx5lLavEYBWaWWVAE2UXPx7Y0zyEO', 'agathe.blondel', '1971-05-28', 'Joubert', 'https://cdn-icons-png.flaticon.com/512/892/892721.png'),
(1115, 12, NULL, 'mathieu.elodie@grondin.org', '[]', '$2y$10$bDQnyeoyvDVtK/QfGBNkdejRDzDMp7PbNS/OoiNG.5w0AbqadHtDG', 'maryse18', '1978-10-26', 'Delaunay', 'https://cdn-icons-png.flaticon.com/512/6530/6530866.png'),
(1116, 10, 14, 'oceane45@thibault.com', '[]', '$2y$10$VOhpuqrOyOHBF0EE0z4xTewNKXCqRchJjHbneB7Em0unDdRriYkza', 'vvoisin', '2006-12-20', 'PintoVille', 'https://cdn-icons-png.flaticon.com/512/1752/1752772.png'),
(1117, 12, 12, 'oceane.muller@gmail.com', '[]', '$2y$10$ZxaCAR6wrNM3VK19muR0pOC4BJ3/bMYJPAFVgRArRHNUBadbiNBq.', 'jacques.godard', '2001-06-16', 'Gaudin', 'https://cdn-icons-png.flaticon.com/512/2941/2941796.png'),
(1118, 11, NULL, 'qberthelot@hotmail.fr', '[]', '$2y$10$YqTXCJ31hJffVsHOIqei4uYBZHcAmknneihA/nyJ9rPZRgBL6tX0q', 'bernard12', '2006-04-18', 'Deschamps', 'https://cdn-icons-png.flaticon.com/512/597/597566.png'),
(1119, NULL, 13, 'deoliveira.jacques@sfr.fr', '[]', '$2y$10$b5WQPSfLEXGd1VYYjqBKUOjydi3l2WXx/jkqxvsUG/4aa0nC8vSr6', 'imoreau', '2005-02-02', 'Josephdan', 'https://cdn-icons-png.flaticon.com/512/2579/2579243.png'),
(1120, 10, 14, 'barre.frederique@raymond.fr', '[]', '$2y$10$Gq5L46u0BJXm8bXlQ9XFVe01JhSxw1FjfCtozrNw6/X9yaKLrv0yW', 'hugues75', '1977-01-21', 'JourdanBourg', 'https://cdn-icons-png.flaticon.com/512/597/597566.png'),
(1121, 10, NULL, 'gsamson@free.fr', '[]', '$2y$10$LwXpklXXbiPRVfRGOWX/sOW6og.X8ko3YPmrUomDm4.pjDLL9F0Eu', 'diaz.simone', '1993-02-22', 'GaudinVille', 'https://cdn-icons-png.flaticon.com/512/477/477154.png'),
(1122, 11, 13, 'honore34@hotmail.fr', '[]', '$2y$10$UUWVOk2uZKemjas0bzuaq.GBB.FacigXbvnlOwqcoPlHnXi4g4xEy', 'bertin.brigitte', '2004-08-02', 'PaulVille', 'https://cdn-icons-png.flaticon.com/512/306/306772.png'),
(1123, 10, 13, 'victoire71@raynaud.fr', '[]', '$2y$10$h6mOUOFxyBSx9ZiwRafASeGe/onGssnl8clVnwEyPtPgjejbzyK8O', 'hamel.caroline', '1967-12-22', 'Langlois', 'https://cdn-icons-png.flaticon.com/512/2534/2534553.png'),
(1124, NULL, NULL, 'zbaron@grenier.com', '[]', '$2y$10$9WO.mpPz3HrJJI83NB2J/ec8Mo3sQsO8M.qQK8TTLxxOWQ64HHlZK', 'tvallee', '1981-01-25', 'Huet', 'https://cdn-icons-png.flaticon.com/512/6595/6595509.png'),
(1125, 10, 14, 'djacquot@noos.fr', '[]', '$2y$10$QEwuInmIcK39xVLtTAzeIeSrpJ03VWYJstTZ56U4XI405vf.PDz6W', 'frederique.guillaume', '1969-12-11', 'Faivre', 'https://cdn-icons-png.flaticon.com/512/1674/1674292.png'),
(1126, 11, 15, 'mathieu.mathilde@thierry.fr', '[]', '$2y$10$F8veETHR/ycizpzcYRtqau1gAivbnBy/arnTUW7WSRTHnoDXRHcgO', 'christine.durand', '2005-07-18', 'Durand', 'https://cdn-icons-png.flaticon.com/512/2579/2579243.png'),
(1127, 10, NULL, 'brigitte.durand@chartier.fr', '[]', '$2y$10$d4yo0vfb3uRnWbjPP576iu8lAkvEOj6nloUdtPRGVfjEwS5Ho/mhq', 'roger.laine', '1975-12-10', 'Maurice-la-Forêt', 'https://cdn-icons-png.flaticon.com/512/6595/6595454.png'),
(1128, 10, 13, 'catherine.valette@salmon.fr', '[]', '$2y$10$cD4CdA.Hse1h363TnyKIUeqEJkp3hrX4adWdJoOYc7.dlIJ/G2.VG', 'ypons', '1976-07-21', 'Camus', 'https://cdn-icons-png.flaticon.com/512/477/477154.png'),
(1129, NULL, 12, 'bcolas@wanadoo.fr', '[]', '$2y$10$xNxDOrkoNIGcvyee5HFcEeGk6wWYrNiQ/rZ1cZ8Z/Wic9OLccL1We', 'nath92', '1969-11-01', 'Chartierdan', 'https://cdn-icons-png.flaticon.com/512/4352/4352117.png'),
(1130, 10, NULL, 'maurice.emmanuelle@dbmail.com', '[]', '$2y$10$v/iRriGTbPZ3wUxbY0GAs.YpJaunW6541p/lTs4K/.qySA5Y/kqOO', 'bernard.lucas', '1986-05-12', 'Fernandez', 'https://cdn-icons-png.flaticon.com/512/435/435048.png'),
(1131, 10, 12, 'rossi.valerie@sfr.fr', '[]', '$2y$10$W0wmESgWsn1M7c6biO2e5OdjRS0.nkOsnEukhW7B6DzpqvzvZgU/i', 'sabine92', '2007-11-23', 'Gallet', 'https://cdn-icons-png.flaticon.com/512/528/528111.png'),
(1132, 10, 13, 'jean.roche@orange.fr', '[]', '$2y$10$Gj5FiigdkJvuHUnShyGsC.s9oytfbe8fGYJS8inOWRPKV1ToZ1Zuy', 'lemoine.aurore', '1975-12-20', 'Gonzalez-sur-Mer', 'https://cdn-icons-png.flaticon.com/512/6595/6595509.png'),
(1133, 11, NULL, 'olivie63@gmail.com', '[]', '$2y$10$gbM.cb35WaUgpNGkJonXTu3MgETREhYUVzruE/YqpzxCmEugfoYlO', 'raynaud.eugene', '1988-01-15', 'Delorme-les-Bains', 'https://cdn-icons-png.flaticon.com/512/452/452539.png'),
(1134, NULL, 14, 'gilbert34@gmail.com', '[]', '$2y$10$btq0BSyawVvjhjExKZ./4uNiQyuWNCZn1fSCUpq25FbIIkosv15M6', 'navarro.anastasie', '1998-08-27', 'Alves', 'https://cdn-icons-png.flaticon.com/512/189/189000.png'),
(1135, 10, 12, 'adam.louis@julien.net', '[]', '$2y$10$fjuwEYW8kHmbszaDwgqSley40CqH793wp353saSpE2tK/KK1FEVzS', 'frederic92', '1967-07-17', 'Mace', 'https://cdn-icons-png.flaticon.com/512/452/452539.png'),
(1136, 12, NULL, 'eboulay@laposte.net', '[]', '$2y$10$vAOx0NtJ7GkgTWiW3CcAm.X.XSQn7hsEgNv9UZSqYv/obSeTsLMlS', 'pages.thibault', '1982-11-12', 'Bodin-sur-Mer', 'https://cdn-icons-png.flaticon.com/512/892/892721.png'),
(1137, 11, 12, 'margaud.rousset@vasseur.com', '[]', '$2y$10$XUDffug5eBOIEgc68quH1.Ym/1pefzx0N5Ddye7eyayVdz0nEOPFS', 'william63', '2004-07-04', 'De Oliveira', 'https://cdn-icons-png.flaticon.com/512/6595/6595509.png'),
(1138, 11, 15, 'techer.simone@tele2.fr', '[]', '$2y$10$RkSQH/APXLv3sh9hZTCpn.MrT88HrPJlANLC9SoL2MsL/XhblLjXG', 'slemonnier', '1991-04-28', 'Ferrand', 'https://cdn-icons-png.flaticon.com/512/597/597566.png'),
(1139, NULL, NULL, 'gregoire89@blanchard.net', '[]', '$2y$10$AOUpbCnS3DVWqx3OTo3Qeuc1XXcBLHYuQkwLtEvZI4d6ICL/oFDh2', 'langlois.leon', '1987-12-16', 'GuyotBourg', 'https://cdn-icons-png.flaticon.com/512/4352/4352117.png'),
(1140, 11, 12, 'edesousa@chevalier.com', '[]', '$2y$10$FS.VMtz3P8P.49JTVjR9LepKgPtzprkcrKTR.PMOlIjOqLYSEzGPq', 'dijoux.henriette', '1977-12-07', 'Navarro', 'https://cdn-icons-png.flaticon.com/512/452/452539.png'),
(1141, 11, 14, 'julien.launay@noos.fr', '[]', '$2y$10$exZAQhwFKzz7WYBk1ZctmOcE104a3XMk0p7cNRb4EMkTs4rnjAQqm', 'kberger', '1969-01-02', 'Gaydan', 'https://cdn-icons-png.flaticon.com/512/4352/4352117.png'),
(1142, 11, NULL, 'monique.torres@hotmail.fr', '[]', '$2y$10$GQiUBNJysrCFnEi2x8gQZe5RGbznmVOiD39STfYl5hlxqkxdfWvr.', 'jourdan.clemence', '2007-10-02', 'Begue', 'https://cdn-icons-png.flaticon.com/512/1752/1752772.png'),
(1143, 11, 13, 'qleroux@lefort.fr', '[]', '$2y$10$wmGNfTBUa8jJGYKOzvG.1u/0HKYIC3T8U3vJI9qs4sayJzpGib1Pe', 'bodin.manon', '1997-06-23', 'David-sur-Gonzalez', 'https://cdn-icons-png.flaticon.com/512/2213/2213713.png'),
(1144, NULL, 15, 'pmaury@live.com', '[]', '$2y$10$02kIE6zy1BF9IU68uaxPvetAnf8y55paRVaZHVXmXwO/XsdC6xpaW', 'rlebreton', '1983-05-04', 'CosteVille', 'https://cdn-icons-png.flaticon.com/512/6595/6595509.png'),
(1145, 12, NULL, 'rgautier@tele2.fr', '[]', '$2y$10$3StwRHiJpcz//cvTGs6TP.QDmtzo7r2kSdqTlop/AD.WmatHnsMUO', 'marty.louise', '1981-11-13', 'Morvan', 'https://cdn-icons-png.flaticon.com/512/1674/1674292.png'),
(1146, 10, 15, 'antoine77@baron.fr', '[]', '$2y$10$RFWBLCGVUHgSlknde7nJwuyfyEh0FDcPZObq/JC/YvLjTYk.Yvs6y', 'valerie09', '1984-06-22', 'Arnaud-sur-Barbe', 'https://cdn-icons-png.flaticon.com/512/6595/6595454.png'),
(1147, 10, 12, 'arthur08@lebon.org', '[]', '$2y$10$kcRqMbeQHnFq3vgwHT2LL.shchehdJnKK3b66X0iK.a.dMK3OVFc6', 'martin22', '1978-11-09', 'Delahaye-la-Forêt', 'https://cdn-icons-png.flaticon.com/512/3819/3819167.png'),
(1148, 11, NULL, 'thibault00@yahoo.fr', '[]', '$2y$10$in8OZ3KgymSw2up/6IQctuKS7rLhaHy9M/MXii98aajZuuPRkP27S', 'morvan.anouk', '1995-01-28', 'Joubert-sur-Salmon', 'https://cdn-icons-png.flaticon.com/512/501/501299.png'),
(1149, NULL, 15, 'xcharles@club-internet.fr', '[]', '$2y$10$3KAwO0kXdL/dasxJSZoB.eM0srTmaRgD5Da3DoC00u.RRtsMrEtLe', 'richard.imbert', '1974-02-07', 'Lebreton', 'https://cdn-icons-png.flaticon.com/512/501/501299.png'),
(1150, 10, 14, 'laetitia70@yahoo.fr', '[]', '$2y$10$2L9R4QLAbIIudJqxEmRaG.szfymV53tx1iu1LLQ6R9HiOjjoGxqEm', 'eric13', '1973-10-15', 'BaudryBourg', 'https://cdn-icons-png.flaticon.com/512/477/477154.png'),
(1151, 11, NULL, 'icolas@olivier.com', '[]', '$2y$10$zUCmCz0ZRwA2alFNUhj9eeOlC./dTGngAzkpGUKi7.4AbwzyuaNtW', 'faure.bertrand', '1972-04-18', 'Gilles-sur-Mary', 'https://cdn-icons-png.flaticon.com/512/924/924874.png'),
(1152, 10, 14, 'veronique.gay@bigot.org', '[]', '$2y$10$10WMN5Po4CHPsDAq6wH60uQdS7dRePMLV7LXkBr/jePA91rWaNf.m', 'constance96', '1993-02-20', 'Guillaume', 'https://cdn-icons-png.flaticon.com/512/3819/3819167.png'),
(1153, 12, 15, 'philippe.arnaude@delattre.com', '[]', '$2y$10$3/rx4NUFzKcFzOAlgOnh0uRWRk3OYk6HRImihpl5GtZbnR8j6UagK', 'clemence53', '2003-04-05', 'Dijoux-les-Bains', 'https://cdn-icons-png.flaticon.com/512/2503/2503183.png'),
(1154, NULL, NULL, 'hardy.andree@thibault.fr', '[]', '$2y$10$7Khi9pgC9emmG4.H8j1a.ebxDyFsMajPprFdxWFtsQI6nmh8Jd3EW', 'clerc.alexandre', '1998-10-12', 'Muller', 'https://cdn-icons-png.flaticon.com/512/892/892721.png'),
(1155, 11, 15, 'theodore.fabre@gilbert.fr', '[]', '$2y$10$nJmk6nnRwWIXcEs6JTDtge4xEcSAArqSJyvOfcU3vsdLTQj34tfF6', 'ruiz.martine', '1990-07-30', 'MailletVille', 'https://cdn-icons-png.flaticon.com/512/1752/1752772.png'),
(1156, 10, 15, 'thomas79@club-internet.fr', '[]', '$2y$10$QXyC2MuWsv3VLdV/kP53aeZMB07/L/BNV3yCu2u5Dayqsn9mD7XcC', 'jdufour', '2006-08-21', 'Charpentier', 'https://cdn-icons-png.flaticon.com/512/452/452539.png'),
(1157, 11, NULL, 'caroline.lejeune@cordier.fr', '[]', '$2y$10$wfW8pYU7FlBrg03HXx/CteF9Oc4U32qL83V5XaUUBukQJHmSZnwpa', 'mendes.marcelle', '1995-11-05', 'Lelievre', 'https://cdn-icons-png.flaticon.com/512/1880/1880988.png'),
(1158, 10, 14, 'elisabeth.huet@sfr.fr', '[]', '$2y$10$4fAqwsdc1re8QuuCSVGa6.SjLsjIZ7rU7KW9DBan0TNwU8DApbupu', 'alexandre30', '1976-04-20', 'Loiseau', 'https://cdn-icons-png.flaticon.com/512/6595/6595454.png'),
(1159, NULL, 12, 'gjoseph@tele2.fr', '[]', '$2y$10$YvS1BtEpX8sucjaSRfwIoOtftG2lAiKw2wX6oq6TSHY/ocSH3Zjsy', 'audrey80', '2007-01-29', 'Ferreira-sur-Diaz', 'https://cdn-icons-png.flaticon.com/512/6595/6595454.png'),
(1160, 11, NULL, 'pgallet@gmail.com', '[]', '$2y$10$2W3YvPsm7kooQSaZ6CIpYODY4W2nwWQwXHYMj8bdAci9QEUmW48AK', 'auguste.meyer', '1965-07-20', 'Bourgeois', 'https://cdn-icons-png.flaticon.com/512/528/528107.png'),
(1161, 12, 12, 'adele.paul@marin.fr', '[]', '$2y$10$1A6IJdnlJco0iWUOZGSbzufRBp7Pn2zhu3CnihknkcXA/bcvAVfCK', 'dominique.lebreton', '1993-08-16', 'Pruvost-sur-Collet', 'https://cdn-icons-png.flaticon.com/512/2579/2579243.png'),
(1162, 10, 13, 'asamson@maillard.com', '[]', '$2y$10$chR.4mi2DpS2JZCI8gFUWOtW2EJFofyvEg9lpT0ku/KoEqT8M/mAG', 'lorraine.clerc', '1968-08-17', 'Duvalboeuf', 'https://cdn-icons-png.flaticon.com/512/6530/6530866.png'),
(1163, 12, NULL, 'kweber@wanadoo.fr', '[]', '$2y$10$hzrtVLKJUjwUFxQjkSi7ieWh6aOEynU4ep03Nlmp1LBhHz7vxgL2u', 'brun.emile', '1997-06-12', 'Dupuy', 'https://cdn-icons-png.flaticon.com/512/6530/6530866.png'),
(1164, NULL, 14, 'jeanne.pelletier@live.com', '[]', '$2y$10$VMQEAXAZBAJPpeSJo066i.FMnarN6B3e1I5cva43d.D2TRbO3578i', 'martine58', '2001-10-13', 'Marionboeuf', 'https://cdn-icons-png.flaticon.com/512/3393/3393852.png'),
(1165, 11, 14, 'cmarie@adam.fr', '[]', '$2y$10$Rqz0p2fjS1WlRdzIbBbHJ.oTiKl7f5RRHZQ9qZuSDn/afoFf3AkTK', 'maillet.henri', '1990-08-20', 'Allard', 'https://cdn-icons-png.flaticon.com/512/6595/6595509.png'),
(1166, 10, NULL, 'ledoux.daniel@simon.fr', '[]', '$2y$10$xuU1g2f3DaMqEAlEmDhtcOK2CpWeSu5St.5m.9Leq7X4gYmXitEja', 'pierre.michel', '1966-11-20', 'Lelievre-la-Forêt', 'https://cdn-icons-png.flaticon.com/512/306/306772.png'),
(1167, 10, 14, 'udeoliveira@yahoo.fr', '[]', '$2y$10$ziueH6zgUFFdtCANf4EcE.OC43YtZWu6Y5KQQ5Duu9RTsHa.xw.hm', 'chantal.denis', '1982-06-05', 'Aubry-sur-Leleu', 'https://cdn-icons-png.flaticon.com/512/452/452539.png'),
(1168, 12, 14, 'leroy.manon@dbmail.com', '[]', '$2y$10$eiVbe3.Q7XEP.G5n0DrHz.U1ETnU5AH50B786q1KpZ82c6ayFZBlW', 'gallet.lorraine', '1998-09-16', 'Vallee', 'https://cdn-icons-png.flaticon.com/512/6530/6530866.png'),
(1169, NULL, NULL, 'antoinette.diallo@pasquier.fr', '[]', '$2y$10$WyEzRxVL0iq7mzl6.R6rVegMaQmowvdsvY6Gb4PnxXWRfbRrsqIDK', 'theodore08', '1968-01-01', 'Lenoir', 'https://cdn-icons-png.flaticon.com/512/477/477154.png'),
(1170, 12, 13, 'theophile35@levy.fr', '[]', '$2y$10$BHg.9Q/QzWjuAow5/Lwdu.zxSWAiuhAjSdz0ixvb01SVThwIqDAU2', 'vincent.charles', '1985-10-09', 'Camus', 'https://cdn-icons-png.flaticon.com/512/3819/3819167.png'),
(1171, 12, 12, 'rousset.auguste@free.fr', '[]', '$2y$10$gRQ5jwJFEHpuSECm1V4aWuZl34cEP7P48j/XMEXC7ytnAH7C.xsMe', 'thibaut.merle', '1974-11-25', 'Mathieuboeuf', 'https://cdn-icons-png.flaticon.com/512/1752/1752772.png'),
(1172, 10, NULL, 'guillot.joseph@benard.fr', '[]', '$2y$10$YLhmO2NLaNurlv6umY32euPPRY6MmmSuFllTdmOqSSIGvRDkM8BJa', 'vasseur.claude', '2005-03-10', 'Dos Santos-la-Forêt', 'https://cdn-icons-png.flaticon.com/512/2579/2579243.png'),
(1173, 10, 15, 'helene.robin@yahoo.fr', '[]', '$2y$10$YCqBuehsIX1YBykYzsNLKeGCOOuXPMw23K/aMabwYrShyYZo9y2mS', 'dledoux', '1984-04-11', 'Lemoineboeuf', 'https://cdn-icons-png.flaticon.com/512/528/528107.png'),
(1174, NULL, 12, 'elodie.charrier@hotmail.fr', '[]', '$2y$10$zdrL/LLaGc1Kbo9S8sjINumUCnPGuFWShibMLoz4d7rfiLYRJE6PS', 'marcel.colas', '1964-01-02', 'Hamon', 'https://cdn-icons-png.flaticon.com/512/2579/2579243.png'),
(1175, 10, NULL, 'boulanger.aimee@wanadoo.fr', '[]', '$2y$10$HrU.KdsNTAWvQCH8w.MWiOzus.M0PdNxU.vs30Nd/lOHp6eXrGB5G', 'alecoq', '1976-07-21', 'Rousseau', 'https://cdn-icons-png.flaticon.com/512/6595/6595509.png'),
(1176, 11, 14, 'rene09@tele2.fr', '[]', '$2y$10$CF8J736rJ58sLIYy9/pjX.Is/Rms0iPDC0OBm0fF84YMH7Eb6URuK', 'xcolas', '1966-01-06', 'Gomez-les-Bains', 'https://cdn-icons-png.flaticon.com/512/3393/3393852.png'),
(1177, 12, 15, 'aurelie.mace@ferreira.fr', '[]', '$2y$10$GEyDKyMW0N1MhMS0.Nzec.DVlWFyfdz8Scwsj93eieJLUIAYHfYty', 'andre.blanchard', '1992-01-22', 'Bousquet', 'https://cdn-icons-png.flaticon.com/512/2941/2941796.png'),
(1178, 10, NULL, 'olivie.voisin@gmail.com', '[]', '$2y$10$lYIdtl7ua1r7lT1hFeMkCOkPUS507I8qVNqvISN.5TbAv5e6ydvSa', 'techer.benoit', '1973-03-20', 'Gilbert', 'https://cdn-icons-png.flaticon.com/512/452/452539.png'),
(1179, NULL, 13, 'adam.edith@orange.fr', '[]', '$2y$10$vZxtTp5VtrOPwC.fQAgi4OyDwdHV/O8MnqWr0TTuwNsIcTm/YLiPq', 'yroche', '1971-06-25', 'Olivier', 'https://cdn-icons-png.flaticon.com/512/189/189000.png'),
(1180, 12, 14, 'odette.bourgeois@yahoo.fr', '[]', '$2y$10$iGkM7CyPcyDuS9cJwe5ODOBSs5KdR8izfxBGmTYPfuG2400mBiu1i', 'cgiraud', '1988-11-28', 'Gautierdan', 'https://cdn-icons-png.flaticon.com/512/1674/1674292.png'),
(1181, 12, NULL, 'eduhamel@arnaud.com', '[]', '$2y$10$A1CFwJTXsRzvEJHnFnm1QuaI6uFryb2cHrYKYVRB1SGNCRQdNU9TO', 'dominique62', '2003-06-23', 'Daniel-sur-Mer', 'https://cdn-icons-png.flaticon.com/512/306/306772.png'),
(1182, 12, 15, 'pierre.laine@marty.fr', '[]', '$2y$10$Xx9CPlwaA0G8BPLuTG9eY.IbnPNx7Uo4kCpkogttlpnGVvnn0CSv.', 'barre.pierre', '1982-12-30', 'Blin', 'https://cdn-icons-png.flaticon.com/512/306/306772.png'),
(1183, 11, 13, 'christiane85@live.com', '[]', '$2y$10$Hr.mZ7Ai8jbqQdwKosLlzehp3qv3ygeQGnNQ4dHL8RKGyLqBl4bCa', 'pires.marianne', '1985-08-26', 'Lacroix', 'https://cdn-icons-png.flaticon.com/512/892/892721.png'),
(1184, NULL, NULL, 'meunier.louis@carpentier.com', '[]', '$2y$10$MkmzCrRtLtmkd5dUbShdmeLEeV17xoftJbZLnHcsSC4J0azZqC1g6', 'fjacquot', '2008-01-10', 'MunozVille', 'https://cdn-icons-png.flaticon.com/512/924/924874.png'),
(1185, 10, 14, 'jacques.guillot@gonzalez.com', '[]', '$2y$10$yLppnV5uy3L3plXV1IOyGuCGwjhlSHuRMW8JOhjgCxG9E22MYcuSe', 'gregoire.auger', '2005-08-30', 'Dupuyboeuf', 'https://cdn-icons-png.flaticon.com/512/1487/1487231.png'),
(1186, 11, 13, 'laurent.dias@royer.fr', '[]', '$2y$10$C/V3bi1jsgeqBp2i4PcnlOzU45hm2Ja4mPhFnf7JZUWUHZHbk9Z6S', 'augustin.guichard', '1973-09-23', 'Meunier-sur-Launay', 'https://cdn-icons-png.flaticon.com/512/597/597566.png'),
(1187, 11, NULL, 'kbouvier@evrard.com', '[]', '$2y$10$Fjp2RKFdRqmEBhlIKzlICeDrL9kTk7d13wM1lvEGzlwOQybReuI8.', 'fdupuy', '1969-03-09', 'Vincent', 'https://cdn-icons-png.flaticon.com/512/435/435048.png'),
(1188, 10, 14, 'david53@leger.fr', '[]', '$2y$10$e72LjoPnzSSoVXNuClBNzeBpGCDBk7TZ32nAvonL9tcQikuWHTwhu', 'faure.stephane', '2007-07-24', 'Verdier', 'https://cdn-icons-png.flaticon.com/512/892/892721.png'),
(1189, NULL, 14, 'sabine31@brunet.fr', '[]', '$2y$10$Bht.Orawe2UaJnr06ewP8uKq2g/BmKk4e61OV92EfUQEcUphKSrbS', 'laure.laine', '1966-10-19', 'Guillaume-sur-Daniel', 'https://cdn-icons-png.flaticon.com/512/1674/1674292.png'),
(1190, 12, NULL, 'jacques50@orange.fr', '[]', '$2y$10$fVGUxaYufibnS5LTQvMfSukj0D6WLaIv64EhlGdsUr8UdVADdyiAS', 'perrin.juliette', '1963-12-07', 'Salmondan', 'https://cdn-icons-png.flaticon.com/512/2579/2579243.png'),
(1191, 12, 13, 'louis.hernandez@hoarau.com', '[]', '$2y$10$Q/NkDc7biWvR/LO40qawIe.fPZHZE4qMjeneX02Sht3jjAcIAkdEC', 'anais.ramos', '2005-04-13', 'Chretien', 'https://cdn-icons-png.flaticon.com/512/501/501299.png'),
(1192, 12, 12, 'louis.christophe@leroux.org', '[]', '$2y$10$v2L7v..bsz.19hSndLkGzu9hdmqjzwtOsBFrdA6TpyXdugSQWIqVC', 'victor12', '1972-09-14', 'Roy', 'https://cdn-icons-png.flaticon.com/512/2213/2213713.png'),
(1193, 12, NULL, 'daniel13@club-internet.fr', '[]', '$2y$10$dt7Td9IUNQ6PMGiwMKXNsO13dIwXr0vrfxRHHrFK5LGdnUWwzbUny', 'bernard.diane', '1983-04-07', 'Huet', 'https://cdn-icons-png.flaticon.com/512/501/501299.png'),
(1194, NULL, 13, 'adrien.mace@yahoo.fr', '[]', '$2y$10$N38zR1yrmNCCaUwKOLliA.YjVuX6XJM71RmoFxOMv16/f7ZyXcxYG', 'hmace', '2008-02-08', 'MaheVille', 'https://cdn-icons-png.flaticon.com/512/924/924874.png'),
(1195, 12, 15, 'bernadette.mahe@wanadoo.fr', '[]', '$2y$10$Db5GC9q/kA1GyhRa0mnWxukNGfEIY8MX9KTCymVU0wsQ9R9wN6gUG', 'lecomte.juliette', '1994-08-25', 'Allard', 'https://cdn-icons-png.flaticon.com/512/2941/2941796.png'),
(1196, 12, NULL, 'qtessier@vincent.com', '[]', '$2y$10$DLwQ8y6Xgx0/Dq2esI3PGenP6ra3pxhrkhCN8HopFyliw/CUCo6NO', 'aleroux', '1964-01-15', 'Poulain-les-Bains', 'https://cdn-icons-png.flaticon.com/512/2213/2213713.png'),
(1197, 12, 13, 'patricia.reynaud@meunier.fr', '[]', '$2y$10$bdAOsbUJdfOADT2Mx9gBUOyknhaAlMhi8d4VWTDG1zDW1RMgNaVjC', 'gauthier.emmanuel', '2002-05-17', 'Delorme-sur-Delmas', 'https://cdn-icons-png.flaticon.com/512/1120/1120972.png'),
(1198, 11, 12, 'adrienne.deschamps@marchal.net', '[]', '$2y$10$WzySQvw4Ej3sLImFXzSrt.sAPczzw8MP.mQlNCM8DlzS/Uw8mUMMC', 'elise97', '1997-06-25', 'Lemaitre', 'https://cdn-icons-png.flaticon.com/512/1880/1880988.png'),
(1199, NULL, NULL, 'margot.colas@orange.fr', '[]', '$2y$10$f2koGMdkMykB3tSCHheE0ekri7UPbvHwz1F2N4L4XvyY/fpbDCVKa', 'alain15', '1989-10-20', 'Morindan', 'https://cdn-icons-png.flaticon.com/512/1880/1880988.png'),
(1200, 12, 14, 'jean.mace@gmail.com', '[]', '$2y$10$WzndQJmEiGYm.SJZCoeAjeSf7ILXjVeOpFLq7/zjbmXzETrh12K5y', 'sylvie22', '1986-11-19', 'Marion-la-Forêt', 'https://cdn-icons-png.flaticon.com/512/2579/2579243.png'),
(1201, 11, 14, 'meunier.alix@sfr.fr', '[]', '$2y$10$COjIUt18Jg3NY.XsCmfN5O79RxbxHTkTEajH7lge5/GLJADeubJ8.', 'zallard', '2005-07-16', 'Maillard', 'https://cdn-icons-png.flaticon.com/512/477/477154.png'),
(1202, 11, NULL, 'helene61@club-internet.fr', '[]', '$2y$10$OR6TyuwN.9LUqwbRwfuGEOphh0KKxSKWEe9ksm87pfrRPGXTXA9Wi', 'ferreira.eric', '2008-04-22', 'Meyer', 'https://cdn-icons-png.flaticon.com/512/6530/6530866.png'),
(1203, 11, 13, 'victor14@club-internet.fr', '[]', '$2y$10$OxGwBbXpe6xBeixxmvQMMed3XdL9.M8LZR1Oq6x5nuNzuAHcjfaFi', 'egosselin', '1964-05-23', 'Hoareau', 'https://cdn-icons-png.flaticon.com/512/4352/4352117.png'),
(1204, NULL, 12, 'manon.garcia@diaz.com', '[]', '$2y$10$NE1sAUrffRE5IO9E/kqn4Oj./vwRSE8MMYRWCPuJQpuZEBmEthvkG', 'andre.deschamps', '1966-09-15', 'Guibert', 'https://cdn-icons-png.flaticon.com/512/2579/2579243.png'),
(1205, 12, NULL, 'thierry79@mercier.com', '[]', '$2y$10$lQIchPGHQI3CBRJ9b6dV7uaj/7DvNNnxPNApNgBhmqpiC7B4Ogm.y', 'fgermain', '1968-01-22', 'Rossi', 'https://cdn-icons-png.flaticon.com/512/597/597566.png'),
(1206, 10, 13, 'marcel.andre@club-internet.fr', '[]', '$2y$10$sugHkINdyF4o5qk5JyzpjO50IrYcQRjOhJ2Epx34qBjYIXHkKuJlq', 'wpetitjean', '1996-01-20', 'Laurent-la-Forêt', 'https://cdn-icons-png.flaticon.com/512/501/501299.png'),
(1207, 11, 12, 'gaudin.aimee@yahoo.fr', '[]', '$2y$10$K3c2dIAqSmtyFuFx/Tz1Yu1XbC3BNSM5G6HLvqTcYDSmcPLW32YZ2', 'elise21', '1968-02-23', 'Chevalier-les-Bains', 'https://cdn-icons-png.flaticon.com/512/1674/1674291.png'),
(1208, 11, NULL, 'guy56@noel.org', '[]', '$2y$10$Pmh9UaxSib3swaqxywtbQeXPb.G0vVicoLEg.L8/NJYJSDUoD2ho2', 'joseph.charpentier', '1997-11-29', 'Hamel-sur-Mer', 'https://cdn-icons-png.flaticon.com/512/6595/6595509.png'),
(1209, NULL, 13, 'dominique.millet@guilbert.org', '[]', '$2y$10$6iw4mYIpBAuphR7YBZvbnOykQlYaLb59u6uNJmnR3ulh4U9oicuCa', 'gsalmon', '2005-06-03', 'Sauvage', 'https://cdn-icons-png.flaticon.com/512/2503/2503183.png'),
(1210, 10, 13, 'pires.timothee@tele2.fr', '[]', '$2y$10$vCSZpokzcS9iBfibPTye4.8MhwgfOr.okXTYdySddh/s6AhfCo3dG', 'hortense19', '1966-11-04', 'Verdier', 'https://cdn-icons-png.flaticon.com/512/6595/6595454.png'),
(1211, 12, NULL, 'shenry@philippe.com', '[]', '$2y$10$wh37bSPI8OFjo.Lg1z2LOubrtjyQGYmJUtHikXqt6op/3ilRkYsSm', 'emilie36', '1983-01-29', 'Rodrigues', 'https://cdn-icons-png.flaticon.com/512/6595/6595454.png'),
(1212, 12, 13, 'gregoire.michele@gmail.com', '[]', '$2y$10$5UgxrVs/Pc1XM.7dYilGoOiyiNx1GCWvljws.8Nk7Ai6oEXBW8tcW', 'alix37', '1996-01-08', 'Riviere', 'https://cdn-icons-png.flaticon.com/512/3819/3819167.png'),
(1213, 10, 14, 'brunet.thomas@teixeira.com', '[]', '$2y$10$9ik1VFRePc9D.ek/4Z5WJuIB4J0FnXFziePWg6TAqie/9EcSSaDyG', 'gcharpentier', '1974-11-01', 'Boulanger', 'https://cdn-icons-png.flaticon.com/512/1120/1120972.png'),
(1214, NULL, NULL, 'didier.honore@hotmail.fr', '[]', '$2y$10$9LGI/Ps9wYVM2nh51PAEq.1w9F8CCFoegePg8NMxuZSr/s/sqTrkm', 'dias.benjamin', '2003-11-12', 'Auger', 'https://cdn-icons-png.flaticon.com/512/597/597566.png'),
(1215, 11, 13, 'xmoulin@free.fr', '[]', '$2y$10$OcUJo3kOxJyt.jpS1.4R8eUykdnP2Uwq/V5UCEL.m6vtXU8iL8QeG', 'pichon.claudine', '1973-04-07', 'Bernard', 'https://cdn-icons-png.flaticon.com/512/306/306772.png'),
(1216, 12, 13, 'jacob.christine@francois.com', '[]', '$2y$10$Tj9sHP1P62W3fhlUETtc/uqUIkyiyIPwHoiybuN0QsXOTAJ7U3fpq', 'pgautier', '2002-10-19', 'Allard-la-Forêt', 'https://cdn-icons-png.flaticon.com/512/6530/6530866.png'),
(1217, 12, NULL, 'foucher.rene@vasseur.com', '[]', '$2y$10$g3ZpqW81Kdf1mWhioVFOteyckkmDRBhq.DMhkCLtw8EBS9gy7qyFG', 'margaux.pinto', '2005-07-28', 'Legernec', 'https://cdn-icons-png.flaticon.com/512/5793/5793587.png'),
(1218, 10, 13, 'carre.thibault@live.com', '[]', '$2y$10$X4yUlz89UKuJMBV/fsLcCOPXL/ur.pFJ1D59JP.rNhHD5mV2IgayC', 'raymond26', '2000-10-06', 'Germain-sur-De Sousa', 'https://cdn-icons-png.flaticon.com/512/924/924874.png'),
(1219, NULL, 12, 'sfernandes@gmail.com', '[]', '$2y$10$/m.WdX9MRUBhH9BYsWdkGec.Rl6A0dLrBlxzTKpYyit8.m7Ac5PR2', 'raymond37', '2006-12-04', 'Payet', 'https://cdn-icons-png.flaticon.com/512/528/528107.png'),
(1220, 12, NULL, 'glecoq@gmail.com', '[]', '$2y$10$KA4QUEJ.aLAX9S6PdZQMne76ep9evDOv3x9slXiRevZuQuqkJZ/xm', 'alain.colin', '1985-07-11', 'Leveque', 'https://cdn-icons-png.flaticon.com/512/6530/6530866.png'),
(1221, 10, 13, 'luce80@noos.fr', '[]', '$2y$10$R.8Uad5O5vSHxCYBoCjiSO4pgFyEut.K7UVmiwSyW/bGtFIBXtJpO', 'antoine.marchand', '1963-12-10', 'Poiriernec', 'https://cdn-icons-png.flaticon.com/512/4352/4352117.png'),
(1222, 12, 14, 'nicole.marin@bertrand.net', '[]', '$2y$10$b0M6E.jNfn/dxXqNLdjZIOiHYUpRhvGAYtKlc.U2Y7a1gFOOhHyc2', 'boulanger.paul', '1986-06-08', 'Blanchetdan', 'https://cdn-icons-png.flaticon.com/512/6595/6595454.png'),
(1223, 10, NULL, 'celina.laporte@club-internet.fr', '[]', '$2y$10$Y6YbDNXRzKR4WNfGcCrSiubOVTNZyJruSzpQMNxvKDrxNoBJfLYBq', 'robert.bertrand', '1995-04-13', 'Le Goff', 'https://cdn-icons-png.flaticon.com/512/2941/2941796.png'),
(1224, NULL, 12, 'dasilva.marine@free.fr', '[]', '$2y$10$BXVxRpKLG0kT01obmRU8iuv2tn8ImslSI109u1E2kVuF9d7zKboc2', 'denis.maurice', '1980-12-02', 'Lebretonboeuf', 'https://cdn-icons-png.flaticon.com/512/3819/3819167.png'),
(1225, 11, 12, 'launay.edouard@berthelot.com', '[]', '$2y$10$Gqrgk7M9lI0feN.YPZdDnenmn7lT8LZBkFIvGwevH95OzdYZ9T9F6', 'amasse', '2004-10-05', 'Klein', 'https://cdn-icons-png.flaticon.com/512/2534/2534553.png'),
(1226, 12, NULL, 'pichon.antoinette@gomes.org', '[]', '$2y$10$XQdq5S10rAKfyKGJHSLn3eIIY6zqKQxYHsAituY8658XokkLNMxMK', 'fabre.penelope', '1983-06-24', 'Arnauddan', 'https://cdn-icons-png.flaticon.com/512/2941/2941796.png'),
(1227, 12, 14, 'elodie.nicolas@girard.com', '[]', '$2y$10$rx4tqk61sLeOw0Olyc2ucewnTbLuA899Vm3itbkee9WQYFJijoWL6', 'nnicolas', '1995-05-20', 'Guicharddan', 'https://cdn-icons-png.flaticon.com/512/528/528111.png'),
(1228, 10, 15, 'besnard.paulette@yahoo.fr', '[]', '$2y$10$Y2/Q3VgcczdtMR/XIr40B.qkNssp4g8.KQo0CHK.3Sn4T4HNLv43u', 'susanne.buisson', '1979-08-16', 'Peltier', 'https://cdn-icons-png.flaticon.com/512/452/452539.png'),
(1229, NULL, NULL, 'cfoucher@pelletier.com', '[]', '$2y$10$lTaN9lLx.NTfTWLBEV3Uy.QVG.1fUBtUIZM3VcV/DQcH5A9xUR5zW', 'constance16', '2001-12-09', 'Gosselin', 'https://cdn-icons-png.flaticon.com/512/1880/1880988.png'),
(1230, 10, 13, 'mbourdon@potier.fr', '[]', '$2y$10$kW8MZkGL1zQ1sXJiilZ.ku/YnwHdRpq5qFVCkJO6cYAvHCD7OYO4y', 'munoz.penelope', '2008-09-09', 'Blanc', 'https://cdn-icons-png.flaticon.com/512/6595/6595454.png'),
(1231, 11, 15, 'gilbert00@cordier.com', '[]', '$2y$10$DF0p5cMPWuNbevsxNUAT7u0v3g3tOCMFEqr2PrOs2cKHERv.Csh8S', 'alexandre.jean', '1968-05-07', 'Ramos-sur-Muller', 'https://cdn-icons-png.flaticon.com/512/3819/3819167.png'),
(1232, 11, NULL, 'olivie.rolland@laposte.net', '[]', '$2y$10$YExP.4ZJHzgF38.6KnZDhOTvSgm6nTAvMYgXI8SWIutxQZUYouNNG', 'mallet.arthur', '1979-07-02', 'Bourgeois', 'https://cdn-icons-png.flaticon.com/512/189/189000.png'),
(1233, 11, 15, 'anais50@boulay.com', '[]', '$2y$10$UWNivk3tEU5ALgd7c2CO7eclck5e4dlSzpzPQwh57K4z0MQKp68vy', 'vguyon', '1992-04-02', 'JeanVille', 'https://cdn-icons-png.flaticon.com/512/501/501299.png'),
(1234, NULL, 13, 'jerome68@lebreton.org', '[]', '$2y$10$3iuw.xonRRlq0ZwFnqtSQ.GvrzQvmlCbf4z/MQxSQc4vmL295LypS', 'theodore36', '1992-03-02', 'Guillou-sur-Mer', 'https://cdn-icons-png.flaticon.com/512/6595/6595509.png'),
(1235, 12, NULL, 'evrard.benoit@besnard.com', '[]', '$2y$10$KiA9h4b0tCJ6/eV2XCYHW.6VE2KK8DXibtqQAkF7nvmhLH85Uciiy', 'marine58', '1968-06-24', 'Fouquet', 'https://cdn-icons-png.flaticon.com/512/2579/2579243.png'),
(1236, 11, 15, 'dmoreno@maillard.com', '[]', '$2y$10$3Y2BDT.3EJzZBHCqBlo89OQZDwNiN.OWoOgBXkT5.8ZYLN.3HIHsG', 'claudine69', '1976-04-29', 'Peltier', 'https://cdn-icons-png.flaticon.com/512/1674/1674291.png'),
(1237, 10, 13, 'agathe.hebert@bouvet.com', '[]', '$2y$10$1narAhLrg1UN4FNOTM6vqOwz/GYo5FTiXRDjvwiuVRbCDNBpeA6ku', 'benjamin.perret', '1971-09-25', 'Guillaume', 'https://cdn-icons-png.flaticon.com/512/528/528111.png'),
(1238, 11, NULL, 'benjamin62@free.fr', '[]', '$2y$10$AIvq3Y99XBKda71dmATHKOBSyIQgrGg.MWkclwX5QLDM7/WbQyyf.', 'briand.luc', '1969-01-21', 'Picard', 'https://cdn-icons-png.flaticon.com/512/528/528107.png'),
(1239, NULL, 15, 'sebastien56@sfr.fr', '[]', '$2y$10$IoCxThrLl46Vcu7ioZxLmeAsfye4cwjgaxa3ApukVgmlfIYj2yMVu', 'dcosta', '1970-01-18', 'Jean', 'https://cdn-icons-png.flaticon.com/512/1674/1674292.png');
INSERT INTO `user` (`id`, `profile_id`, `level_id`, `email`, `roles`, `password`, `username`, `birthdate`, `city`, `picture`) VALUES
(1240, 12, 12, 'martin.guy@leroy.com', '[]', '$2y$10$OlodpSf5NE5sgRt9SohhbepaqH018N5yh16EaTlZXjadXjVOOCiIy', 'thierry.payet', '1986-01-31', 'Salmonboeuf', 'https://cdn-icons-png.flaticon.com/512/528/528111.png'),
(1241, 10, NULL, 'alice37@lopes.fr', '[]', '$2y$10$z2dB2N1JwtFwcpUyyKN.1Oj.A..4W96o342SM1KXrtK2PKAwewE36', 'danielle77', '1972-08-21', 'Petitjean-sur-Tessier', 'https://cdn-icons-png.flaticon.com/512/1674/1674292.png'),
(1242, 10, 13, 'marcelle.masson@texier.com', '[]', '$2y$10$Fh.1.LuqSuNGDm5dIppZ5eQV0YoxDbKjW9dlC7A/OX4JVSszQgH3u', 'gabriel69', '1973-04-23', 'Baron', 'https://cdn-icons-png.flaticon.com/512/2579/2579243.png'),
(1243, 12, 15, 'fguillot@colas.com', '[]', '$2y$10$.MzQuQ/sRmIpvlUYlqFwMeKyOoH5RQbHHLjpLlPo9Pv4yFOVhrDAC', 'pauline.faure', '1969-01-26', 'MartinezBourg', 'https://cdn-icons-png.flaticon.com/512/2503/2503183.png'),
(1244, NULL, NULL, 'alain.pelletier@noos.fr', '[]', '$2y$10$L8lnb4U0Y6.dGYLiSdaqMu7QvCcLP7rdUNPOlQaNvXXgOKDB6/Oje', 'dufour.chantal', '1964-04-05', 'Brun-sur-Bonneau', 'https://cdn-icons-png.flaticon.com/512/892/892721.png'),
(1245, 10, 14, 'laure.lesage@leclercq.net', '[]', '$2y$10$Ldh2zOsK8gPAimx7SNkF1Oth61XPmv7ih0cPUQA0kDrQFPM9VjcnG', 'lambert.louis', '2001-07-13', 'Regnier', 'https://cdn-icons-png.flaticon.com/512/6530/6530866.png'),
(1246, 12, 15, 'maurice.cousin@yahoo.fr', '[]', '$2y$10$H46zBRlfGKijVebmikcGBuUg1cY/TAt5tj763TzNb6fOJMCJ788TS', 'david.gilles', '1981-10-27', 'Lenoirnec', 'https://cdn-icons-png.flaticon.com/512/5793/5793587.png'),
(1247, 11, NULL, 'emile.guerin@duval.fr', '[]', '$2y$10$PK7Ul1mfzjozxM3OvhHgKe6Dykb0E.pSweO2S14pjKH1guw0YmJrq', 'alice.delannoy', '1977-08-11', 'MunozBourg', 'https://cdn-icons-png.flaticon.com/512/3819/3819167.png'),
(1248, 12, 15, 'diane28@noos.fr', '[]', '$2y$10$cMUWtA4He49.UE4988uUfevl.ef.rBkfb.BXLh6FoMqAhMcJRSZRe', 'baudry.julien', '1986-10-29', 'David-sur-Mer', 'https://cdn-icons-png.flaticon.com/512/5793/5793587.png'),
(1249, NULL, 13, 'pierre29@pereira.com', '[]', '$2y$10$fC4YMWuDuyzPHghTpD3tqOIPJHVun.8Bz2Rh/jEnpEoF24AiZlWsy', 'mahe.pierre', '1999-02-26', 'Robin', 'https://cdn-icons-png.flaticon.com/512/6595/6595509.png'),
(1250, 12, NULL, 'dvaillant@remy.org', '[]', '$2y$10$dDhLtJas6XsijzTcAgNNy.Fx.15K38WKbRbCsEASR3THePiH/IXoW', 'imbert.genevieve', '1990-07-22', 'Maury', 'https://cdn-icons-png.flaticon.com/512/2213/2213713.png'),
(1251, 12, 13, 'frederique96@tele2.fr', '[]', '$2y$10$Ecsmuzl1Lb8MsiKuadGBOORN3JdWcqr.C191/lzfFmlDlB/HdAOjy', 'laetitia65', '1967-06-14', 'Carlier', 'https://cdn-icons-png.flaticon.com/512/1487/1487231.png'),
(1252, 11, 12, 'nroy@vincent.fr', '[]', '$2y$10$DHERsgtbhnAwkltOJQwjG.FffLl8R4iXLtg5LMJAKR9jO4LywRFV6', 'dorothee76', '1988-06-14', 'Monnier', 'https://cdn-icons-png.flaticon.com/512/501/501299.png'),
(1253, 11, NULL, 'sylvie17@raymond.com', '[]', '$2y$10$tOWzAYpEHpjnuL1da2IRy.lTBQ8tFaSpZfcHtAhjWDKszN0nIJ28G', 'valentine.maury', '2002-01-19', 'LegrandBourg', 'https://cdn-icons-png.flaticon.com/512/892/892721.png'),
(1254, NULL, 13, 'rbrun@moreau.com', '[]', '$2y$10$TUr3vwuY6QpHQN8n.FOV2eocK9EvpopCVfIVy9wahRMKo2Ga/xteC', 'agnes.meunier', '1999-04-11', 'Delorme', 'https://cdn-icons-png.flaticon.com/512/528/528107.png'),
(1255, 11, 14, 'antoine43@noos.fr', '[]', '$2y$10$olUD/3dpze7JpylIYMZuhuHw0d56A08tjqjDrUPW.ZvAYZ5IdtpVW', 'delmas.dominique', '1982-07-24', 'Blanchet', 'https://cdn-icons-png.flaticon.com/512/2213/2213713.png'),
(1256, 12, NULL, 'olivie.benoit@vidal.fr', '[]', '$2y$10$ddJoK6zGtzZnqv/01BfmN.cQB37BwsOXpFnYMKOZ0GFS.woC55aiy', 'pierre.duhamel', '1983-05-01', 'Legros', 'https://cdn-icons-png.flaticon.com/512/2534/2534553.png'),
(1257, 11, 13, 'thierry.dupont@dbmail.com', '[]', '$2y$10$YPUKd7dYWJH0K/NuJNDnr.XIA6kpRQaGDR3t/xkhGROBgLg6VGOdS', 'kbernard', '2006-09-07', 'Blanchet-sur-Herve', 'https://cdn-icons-png.flaticon.com/512/5793/5793587.png'),
(1258, 11, 13, 'yves.chartier@wanadoo.fr', '[]', '$2y$10$cY./PaSRpr63NPXhCWHIAezmJeCredPr500OhatbOjK9On8ZswDhK', 'ollivier.anais', '2007-03-09', 'Martineau', 'https://cdn-icons-png.flaticon.com/512/4352/4352117.png'),
(1259, NULL, NULL, 'kbesnard@yahoo.fr', '[]', '$2y$10$RdEojbj3ZehJEXm161MfbecCJl4xbmaxcvXN76So2DinaBlFsHiOC', 'maurice16', '1983-08-05', 'Lopez-les-Bains', 'https://cdn-icons-png.flaticon.com/512/1880/1880988.png'),
(1260, 11, 14, 'zbousquet@live.com', '[]', '$2y$10$q1nGYZYZUAqJEXTrI2ZGfeo4Kqo7Z1Ois0GxbZk2fFOYIipgaV1rO', 'gabriel32', '2005-09-03', 'Marie', 'https://cdn-icons-png.flaticon.com/512/924/924874.png'),
(1261, 11, 13, 'caroline37@free.fr', '[]', '$2y$10$WfsiPPPg2D1Yu5WOz1jykesWlqvcEPIHMtlsRpel4j4xy3ORGVYGq', 'ubarbe', '2004-04-16', 'Maillard', 'https://cdn-icons-png.flaticon.com/512/189/189000.png'),
(1262, 12, NULL, 'moreno.jeanne@live.com', '[]', '$2y$10$nuY0cm4QlkRz8lLLER3V8.KROLUAJLto18EHgh9r3sLPXyVnAQh2W', 'elisabeth32', '2000-12-20', 'Muller', 'https://cdn-icons-png.flaticon.com/512/1674/1674292.png'),
(1263, 11, 14, 'astrid07@wanadoo.fr', '[]', '$2y$10$mNKzHC781AhEcWBhyriNPu9ohvAl48.VOAVdps0Ro/eIKj3p9BCSe', 'arnaud.benjamin', '2000-07-26', 'Toussaint', 'https://cdn-icons-png.flaticon.com/512/3819/3819167.png'),
(1264, NULL, 14, 'louise53@wanadoo.fr', '[]', '$2y$10$8zNZdhs.CAqbduTSx455E.DTakdbQ4HfP3323i7mkiHQqmD8Nr0JG', 'dsamson', '1983-08-07', 'Guilbertdan', 'https://cdn-icons-png.flaticon.com/512/1674/1674291.png'),
(1265, 10, NULL, 'cmaillet@hotmail.fr', '[]', '$2y$10$5g1aTDGMUmTHDepwaDnzsuWhHuT7piH5q3VBh7qxUm0d/.0qBhPGC', 'renee46', '1977-12-27', 'Leroux-sur-Henry', 'https://cdn-icons-png.flaticon.com/512/5793/5793587.png'),
(1266, 10, 14, 'denise.alves@tele2.fr', '[]', '$2y$10$LRK8ftqXYTsmgEbdLhnd5ea0PkoUE8gZv8BHJT86WZAmhvT3lqhwK', 'noel.evrard', '2002-05-15', 'Olivier', 'https://cdn-icons-png.flaticon.com/512/2534/2534553.png'),
(1267, 10, 12, 'suzanne39@yahoo.fr', '[]', '$2y$10$3vKK.qLPOGqFHxNMvPfrqO8Y9RQd2X9ZQSaXtLLofYtwL/6grg67C', 'clemence.francois', '1982-01-09', 'Giraud-les-Bains', 'https://cdn-icons-png.flaticon.com/512/2579/2579243.png'),
(1268, 12, NULL, 'bigot.gerard@ollivier.fr', '[]', '$2y$10$29q5XjH7OYD.9QqIvUGOrujlFMit9OCrMGMIbQkIIY/7E36wJwYOC', 'william.delaunay', '1984-01-01', 'Petitjean-sur-Petitjean', 'https://cdn-icons-png.flaticon.com/512/1674/1674291.png'),
(1269, NULL, 12, 'legendre.elodie@morel.fr', '[]', '$2y$10$XQa/Nn3U3w8ciLoFQ/BN/.8frVJJJ2bGjSqiYKl.UaolxapCAZIt.', 'frederic38', '2001-04-02', 'Clement', 'https://cdn-icons-png.flaticon.com/512/3819/3819167.png'),
(1270, 11, 14, 'alexandre.bonneau@live.com', '[]', '$2y$10$sn97cgxYEQFd1s8/s88uMudLxIvz68Y.bzkGxi80BEh8MnfFYykcq', 'dchauvet', '1973-07-13', 'Descamps-sur-Mace', 'https://cdn-icons-png.flaticon.com/512/3393/3393852.png'),
(1271, 11, NULL, 'lenoir.dominique@free.fr', '[]', '$2y$10$S2bnEnp2WSjhETEmBEtQ5OwTHV.WQGV3DOegGyr0YMlZtSJKehG2G', 'qroyer', '1993-03-30', 'Hamon-sur-Alves', 'https://cdn-icons-png.flaticon.com/512/597/597566.png'),
(1272, 10, 14, 'sthierry@torres.com', '[]', '$2y$10$Z3ExDiIwXBjRodfXY2HFmunhzJNLR5Sd7Qj.ItsYXYxtbPkgvaLQa', 'cgaillard', '1963-12-20', 'Mace', 'https://cdn-icons-png.flaticon.com/512/1487/1487231.png'),
(1273, 12, 14, 'foucher.helene@wanadoo.fr', '[]', '$2y$10$cCc0JeB3HAwuOlLSP6OD2eExaieoyxMPlbKHm15X4lGU211UupbFK', 'eric.aubert', '1982-08-29', 'Auger', 'https://cdn-icons-png.flaticon.com/512/435/435048.png'),
(1274, NULL, NULL, 'william43@laposte.net', '[]', '$2y$10$ezgSFOaQlx0W.ViWTchL/usxPiWzBN1ESxXmYgep9xfa.Uc53d2uq', 'alexandrie.leroy', '1988-11-18', 'Le Gall', 'https://cdn-icons-png.flaticon.com/512/452/452539.png'),
(1275, 10, 12, 'cweber@wanadoo.fr', '[]', '$2y$10$lsWH6.LZQAMA/Lqb97Wfr.saRztXbpQ3vkJVHi7I6KneD4bUTER/y', 'jduval', '1982-03-19', 'Leduc', 'https://cdn-icons-png.flaticon.com/512/528/528111.png'),
(1276, 11, 13, 'dleroux@orange.fr', '[]', '$2y$10$r8zjGk8.nLdId8104U/s9uv6V0FtdahcnUCmUtwX6ZxkYeobuznSm', 'brigitte82', '1997-08-05', 'Dijouxboeuf', 'https://cdn-icons-png.flaticon.com/512/306/306772.png'),
(1277, 10, NULL, 'auguste50@yahoo.fr', '[]', '$2y$10$SLRbgzzkSVSV4MWs5o9Nu.gOxKY.Q1V.MTH3Muyq29mFs0dVcnLRS', 'claudine41', '1990-01-17', 'Dias', 'https://cdn-icons-png.flaticon.com/512/3393/3393852.png'),
(1278, 12, 13, 'mahe.gregoire@wanadoo.fr', '[]', '$2y$10$W43ldoo0DpoKsZLJhQSEoenwUgbIRzREn0b8VRMkCLNN5AzvOclF2', 'auger.susan', '1989-04-08', 'Allain-sur-Schneider', 'https://cdn-icons-png.flaticon.com/512/452/452539.png'),
(1279, NULL, 12, 'alain36@mallet.com', '[]', '$2y$10$x06Q3mtlPjPKFuJ4aIPXluAjQPoJNGkqmKJZPxE1HyUFTl.E7lxWy', 'clement.sebastien', '1989-09-10', 'Morin-sur-Boulay', 'https://cdn-icons-png.flaticon.com/512/2941/2941796.png'),
(1280, 10, NULL, 'nlaurent@ollivier.fr', '[]', '$2y$10$7aCmG5GHPQ0532FJUN5X.OckYsxvmwvYwLwAC0Rjq3ApQPay8SOIy', 'xavier28', '2008-01-23', 'Moreno-sur-Mer', 'https://cdn-icons-png.flaticon.com/512/501/501299.png'),
(1281, 12, 15, 'emmanuel88@benard.fr', '[]', '$2y$10$.e6RV/nnF.JwYdJSHmnT9OHevGLj/543IOVdwW2ieYDG0i6Qy8ygy', 'valerie.cohen', '1987-07-23', 'Regnier-sur-Mer', 'https://cdn-icons-png.flaticon.com/512/435/435048.png'),
(1282, 10, 14, 'julien.torres@nicolas.com', '[]', '$2y$10$puiEqcQRKkjb4VUU7lgGveh.vGiKviV/X9fWskHFlPvngS.SVe4KS', 'agathe42', '1999-07-25', 'Faivre', 'https://cdn-icons-png.flaticon.com/512/6530/6530866.png'),
(1283, 11, NULL, 'lamy.anastasie@noos.fr', '[]', '$2y$10$CHVaMHZ3eEQS5uAhUvlvTOiSzMaUE8TRGV/vVilrVOW/MvaEK6OdG', 'olivie62', '1978-11-07', 'ClercBourg', 'https://cdn-icons-png.flaticon.com/512/477/477154.png'),
(1284, NULL, 14, 'pires.alexandria@lemonnier.net', '[]', '$2y$10$dV6gw3Cah5TcnnW8Dv4caeK61CgAhF9DyaR/z.MU5PSL0grhq7umW', 'laurent85', '1982-06-21', 'Mendes', 'https://cdn-icons-png.flaticon.com/512/2503/2503183.png'),
(1285, 11, 15, 'mathilde85@wanadoo.fr', '[]', '$2y$10$LKCOXmi7VocPAfTnSfITgesAdRochRu9kCvriNjFdZnWK90PM3R22', 'victoire04', '1994-02-25', 'Durand-la-Forêt', 'https://cdn-icons-png.flaticon.com/512/528/528111.png'),
(1286, 10, NULL, 'frederique93@orange.fr', '[]', '$2y$10$so7H8wMBbbfNijuyYtDuZuc6UhwUTLqP4ungKA.ZDRNewHADuwYwi', 'clerc.rene', '2000-03-21', 'De Oliveira-sur-Allard', 'https://cdn-icons-png.flaticon.com/512/1487/1487231.png'),
(1287, 10, 12, 'jlagarde@laposte.net', '[]', '$2y$10$7hn/ps8Dye5xaUdhU94PE.Ba7GEXc5NQXxgndGdp4ltnhdIfUKka6', 'dorothee.richard', '1972-12-02', 'Lacombe-sur-Devaux', 'https://cdn-icons-png.flaticon.com/512/528/528107.png'),
(1288, 10, 12, 'celina.rey@live.com', '[]', '$2y$10$I7S3cfqOvYUbLZelqG5t5uHW1fRHz.452edEkt9FD85eQNAbO486e', 'aimee24', '2000-12-14', 'Moulin', 'https://cdn-icons-png.flaticon.com/512/189/189000.png'),
(1289, NULL, NULL, 'corinne.gaudin@gmail.com', '[]', '$2y$10$m6eth3y6pDztYbL6.c5Jwe7nOjH5A2GCsXUDJmhX/pEogb6CVajdi', 'ivallet', '1966-06-26', 'Leger', 'https://cdn-icons-png.flaticon.com/512/2213/2213713.png'),
(1290, 11, 13, 'vincent.gomes@sfr.fr', '[]', '$2y$10$ttu5Z7XHVl/BBKFMks.ITelgLt7DEgf/8GgzfxEOuZad.Ox5h4n0u', 'bouchet.honore', '1981-12-04', 'Meyer', 'https://cdn-icons-png.flaticon.com/512/1120/1120972.png'),
(1291, 10, 13, 'philippe.pineau@martineau.fr', '[]', '$2y$10$ld2lKNVcKToEcQ8xCYASq.cYToSWUamfPDYnHahElEmH7jDPUX7US', 'suzanne84', '2005-11-09', 'GaudinVille', 'https://cdn-icons-png.flaticon.com/512/2213/2213713.png'),
(1292, 12, NULL, 'daniel.frederic@wanadoo.fr', '[]', '$2y$10$JpgvpC6BZ7M4pG0aQLwVtuTm32EwF0avgYT5YULlIm0a76wQA/10e', 'michel.guerin', '1999-10-06', 'Dupuis', 'https://cdn-icons-png.flaticon.com/512/1752/1752772.png'),
(1293, 10, 14, 'xgeorges@gmail.com', '[]', '$2y$10$1U14dyLc3ZfPvTEkMhbIo.MwNmov1zFwhoJKl6AV2sqioZpeMENgS', 'pmaury', '1984-07-27', 'Dufour', 'https://cdn-icons-png.flaticon.com/512/1487/1487231.png'),
(1294, NULL, 14, 'jeannine30@dbmail.com', '[]', '$2y$10$kNAX8pGebXxVj6CN.08B.O5JkDDIWxY/Cmy2cs2NDS8ltOhb4SUmu', 'elodie64', '1974-03-14', 'Bodin', 'https://cdn-icons-png.flaticon.com/512/1752/1752772.png'),
(1295, 10, NULL, 'gosselin.stephane@peron.com', '[]', '$2y$10$YfX31RkYvptufZFN6oHYdePA46.WEi5SXrmGJgtSO8OTAUphgIoCG', 'anne.louis', '1999-07-11', 'Vidal-sur-Mer', 'https://cdn-icons-png.flaticon.com/512/892/892721.png'),
(1296, 11, 14, 'denis.richard@mercier.net', '[]', '$2y$10$Dw7UW1er7fwUWniKD2VNLOd6J9c0EQIgIlE5ZqQ/fVwXaTVumUhny', 'david.lemaitre', '1990-04-23', 'Blancdan', 'https://cdn-icons-png.flaticon.com/512/477/477154.png'),
(1297, 10, 12, 'noel91@noos.fr', '[]', '$2y$10$wpSw3I6Z9LrrcadMrl118OrpC4XbFyl9WNi7vvGoVnQdL4XZqTbLC', 'zlefort', '1991-09-13', 'Guilbert', 'https://cdn-icons-png.flaticon.com/512/306/306772.png'),
(1298, 11, NULL, 'veronique.courtois@gmail.com', '[]', '$2y$10$hP.a6mmZR7kMfz3oExpwPOMs8R7FlxitTzKRtUTwSQ9m8VOuEbSFa', 'couturier.alex', '1977-10-01', 'Coste', 'https://cdn-icons-png.flaticon.com/512/1674/1674291.png'),
(1299, NULL, 13, 'tristan.dupuis@laposte.net', '[]', '$2y$10$r6J36dMLdx6KjSVU6ahG7e5u0ZRL2EM6VIRMDXc4HOaz/nilyr.kS', 'marc.gallet', '1967-01-09', 'BlancVille', 'https://cdn-icons-png.flaticon.com/512/924/924874.png'),
(1300, 11, 14, 'remy30@laposte.net', '[]', '$2y$10$Hub9aaECY0rCBquXTPZ//OU0lmYBAONJiZQ0XPg9CK.zHYaJRchKq', 'roger.eric', '1972-11-08', 'Meunier', 'https://cdn-icons-png.flaticon.com/512/3819/3819167.png'),
(1301, 10, NULL, 'sgiraud@hotmail.fr', '[]', '$2y$10$5OH2azEztzkNywZ5bMLh7eu/mSCmqHVj3k9pfhOhY.QjKpw8QNnAy', 'blot.gabrielle', '1963-08-21', 'Maillot-sur-Louis', 'https://cdn-icons-png.flaticon.com/512/892/892721.png'),
(1302, 11, 15, 'goncalves.xavier@becker.org', '[]', '$2y$10$zLgEW3Z7.yhqyejdG.3reeaLWaLJ41xzf2wwgyVnWOLN2ds2p.Ldm', 'paul.raynaud', '1990-08-16', 'Le Goff-les-Bains', 'https://cdn-icons-png.flaticon.com/512/435/435048.png'),
(1303, 12, 12, 'martin.sanchez@free.fr', '[]', '$2y$10$RlWoaapsrXt9TDRkzTErMOhW5BmTzwYRPscWQ/AP8GGGjaKJI0Aam', 'mhardy', '1983-04-16', 'Carpentier-sur-Collet', 'https://cdn-icons-png.flaticon.com/512/2534/2534553.png'),
(1304, NULL, NULL, 'jfournier@berger.net', '[]', '$2y$10$BTiqW96nJ8vkOCiLPAqUs.WAtG8rbe8XNU43xGt6fj0uGqbr4hrca', 'anne.hoarau', '2004-07-05', 'Delorme', 'https://cdn-icons-png.flaticon.com/512/5793/5793587.png'),
(1305, 11, 12, 'jacquet.charles@reynaud.com', '[]', '$2y$10$xmzm.QDJjX2YKVd4N9FEFecN94elQwF1Ikd5tnCkzgpoEsU3jR4R6', 'stephane.joseph', '2003-09-22', 'Cousin', 'https://cdn-icons-png.flaticon.com/512/6595/6595509.png'),
(1306, 11, 14, 'celine29@tele2.fr', '[]', '$2y$10$FpxgzeiPCdWB0l/wh/bxPuA9zc0DmazWKVRhEhZqKpxrfouOVTTte', 'franck02', '1970-06-10', 'Guillou-sur-Mer', 'https://cdn-icons-png.flaticon.com/512/528/528111.png'),
(1307, 12, NULL, 'anouk62@club-internet.fr', '[]', '$2y$10$sQjEyroKOHuQgj3AdGZhxuYzsX..V6ktbPGwX4XkBe0YvbeUNLOhq', 'llefevre', '1973-03-03', 'Arnaud-sur-Delaunay', 'https://cdn-icons-png.flaticon.com/512/2534/2534553.png'),
(1308, 11, 15, 'theophile.brunel@allard.org', '[]', '$2y$10$0dRjw8b/zHGQZIV/8VcQCeTtPG9JflJ/yACYX48m4CW4o2UB5srBS', 'aubert.jacqueline', '1991-01-16', 'Leroy', 'https://cdn-icons-png.flaticon.com/512/1487/1487231.png'),
(1309, NULL, 15, 'munoz.penelope@hotmail.fr', '[]', '$2y$10$dSM66GCrW6BD2oDOwfNYQurzdfJYBLwpDxOinIbv4u7pDTmpF956S', 'sboulay', '1963-01-25', 'Rey-la-Forêt', 'https://cdn-icons-png.flaticon.com/512/2579/2579243.png'),
(1310, 11, NULL, 'jerome85@noos.fr', '[]', '$2y$10$X8phpH8RoFBr2W5K51MsoOM4diYnYIiluT6cZXyGepWSzb8giRZam', 'zacharie.allard', '1973-12-04', 'Rodriguez', 'https://cdn-icons-png.flaticon.com/512/2534/2534553.png'),
(1311, 11, 12, 'gay.margot@gomez.com', '[]', '$2y$10$poeRamlJ5GtkLAM1OnykGuLV9pbkTnpzybhwCNbxWepASbYJ9JJzm', 'andre33', '1968-04-10', 'Fontaine', 'https://cdn-icons-png.flaticon.com/512/6595/6595509.png'),
(1312, 11, 12, 'nlamy@club-internet.fr', '[]', '$2y$10$Y6jUCi1xJFjXaCxoYa2Wie/fYfiBQy3bgUQOG7UJfovWJVAPWMLCq', 'maryse.fernandez', '1970-05-01', 'Aubert', 'https://cdn-icons-png.flaticon.com/512/3393/3393852.png'),
(1313, 11, NULL, 'alain60@etienne.fr', '[]', '$2y$10$y0.hWcJe2Y6P0Lje540Xs.qnnKEfC2WkKlNZdFjXjgNB2snfb11am', 'mduval', '1981-04-07', 'Munoz', 'https://cdn-icons-png.flaticon.com/512/189/189000.png'),
(1314, NULL, 13, 'alfred.dias@orange.fr', '[]', '$2y$10$w11.dbVO7UDYRz1xWttGXOMB2rFxA4OGVREH1j2S8.1asKlMfnV2y', 'bruneau.zacharie', '1982-10-06', 'Bonneau', 'https://cdn-icons-png.flaticon.com/512/924/924874.png'),
(1315, 12, 13, 'adelaide.leroux@denis.net', '[]', '$2y$10$u5e1xCuK62vna6Fawi5.0.KX8yt39hzBsezwyNPczfe6RRX8LvOeC', 'theodore.benoit', '1963-02-14', 'Lefebvrenec', 'https://cdn-icons-png.flaticon.com/512/1674/1674292.png'),
(1316, 11, NULL, 'tristan.lefebvre@jacquet.com', '[]', '$2y$10$tvLTlYOBg0QIJdt8wuReHObYNkv1lKpRbW9fMpCbterPZkGi0RasK', 'nlecoq', '1976-10-02', 'Mathieu-sur-Mer', 'https://cdn-icons-png.flaticon.com/512/528/528107.png'),
(1317, 10, 12, 'roger.chartier@noos.fr', '[]', '$2y$10$FyPOTHrbsNcURhZaZnAwjuFBpDOICkQlMlwuox8T3ux1IOiCd3Sfq', 'etienne73', '2000-11-21', 'Lebrun', 'https://cdn-icons-png.flaticon.com/512/528/528111.png'),
(1318, 12, 12, 'opierre@gregoire.fr', '[]', '$2y$10$sQ2y/936z8IbNgBrweWE5eec7Ea4bVdPSSsbRGIsdfm3BVC2BWwKS', 'daniel.normand', '1993-12-25', 'Maury', 'https://cdn-icons-png.flaticon.com/512/1674/1674292.png'),
(1319, NULL, NULL, 'charlotte.collin@wanadoo.fr', '[]', '$2y$10$vZRacNGf3YCY5Vcg5Y5F3.JIraG8BQWz5qsaxkfWYiQLED5lgO64q', 'jean.patricia', '2007-11-25', 'Berthelot', 'https://cdn-icons-png.flaticon.com/512/1752/1752772.png'),
(1320, 11, 12, 'ledoux.matthieu@live.com', '[]', '$2y$10$G/.QEWTSkNxk/lJpC4MX1Ob84bQPxoQXXY8ilgbvLXKJsUgXoSdte', 'mhumbert', '1984-07-22', 'Jourdan', 'https://cdn-icons-png.flaticon.com/512/1120/1120972.png'),
(1321, 10, 12, 'luc26@sfr.fr', '[]', '$2y$10$heUO0jfBdSOVQgzCFeZePeFZzL8P7rZxJ8uJCBk651kEQ/.he9RA2', 'frederique.dumas', '1989-04-17', 'Clerc', 'https://cdn-icons-png.flaticon.com/512/2941/2941796.png'),
(1322, 11, NULL, 'patricia.sanchez@club-internet.fr', '[]', '$2y$10$7W86QR8jjwBtPitlNQNRWujnHA1MyKe1vgMwysVJ1w.mGzDay1jEy', 'guillon.david', '2007-03-29', 'Lemonnier-sur-Ruiz', 'https://cdn-icons-png.flaticon.com/512/892/892721.png'),
(1323, 12, 14, 'catherine59@vaillant.com', '[]', '$2y$10$k5xuQaLizWlEFhxzxMSxYOjTEsTtIDuZ8KplYLNPevIA96Zea2hUO', 'suzanne.valentin', '1965-09-01', 'Rogerdan', 'https://cdn-icons-png.flaticon.com/512/477/477154.png'),
(1324, NULL, 15, 'marie16@club-internet.fr', '[]', '$2y$10$XeEnP4gtaApu./r4RIn5hO9wlq5uG/KsUDzMN1a5oKi9daTBi5Doe', 'rolland.elodie', '1972-05-03', 'Leduc', 'https://cdn-icons-png.flaticon.com/512/2534/2534553.png'),
(1325, 12, NULL, 'nicole.launay@petit.org', '[]', '$2y$10$807VWsGwLJNKPXtfoGiwtug0sSLzQg3tfQ8qg/UHeII3WqMyKin2y', 'qbigot', '1990-05-12', 'Monnier', 'https://cdn-icons-png.flaticon.com/512/306/306772.png'),
(1326, 12, 14, 'nath06@noos.fr', '[]', '$2y$10$HbhP4LFq/C7fN9CUqvi5Xum6YtH6MOIrGzWdN8C05guEvqZ1TOG1G', 'eleonore08', '1967-11-20', 'Gomez', 'https://cdn-icons-png.flaticon.com/512/3819/3819167.png'),
(1327, 11, 13, 'dbruneau@desousa.com', '[]', '$2y$10$TGBLsqFK.0HvEWOYMwLR8.MDvnf/LcCqwF1ZpmSNNYQv3u02W1Muu', 'pierre.rene', '1973-05-19', 'Menard', 'https://cdn-icons-png.flaticon.com/512/6595/6595509.png'),
(1328, 10, NULL, 'zgomes@dbmail.com', '[]', '$2y$10$ZQPO7VBKgi0mLRl9B7/1G.h46.hne0xVl11trWDckHeXs2aXGHoqa', 'vdeschamps', '1996-06-21', 'Bonnin', 'https://cdn-icons-png.flaticon.com/512/1880/1880988.png'),
(1329, NULL, 14, 'william.vaillant@gomez.net', '[]', '$2y$10$9jxzjVRi/1gpEKAFf4vN9u25Yf2NX53NsYTUsVaqgJcVT.3fTNveq', 'jeanne87', '2008-03-01', 'Jacques-sur-Ruiz', 'https://cdn-icons-png.flaticon.com/512/2579/2579243.png'),
(1330, 10, 15, 'francoise.herve@besnard.com', '[]', '$2y$10$5AbcmQ25FMaBd97zNzMAD.rGlc9VqT6w0cjxXQgmINmaSo4EihQ.O', 'olivie.lecomte', '1992-02-23', 'Jacquet', 'https://cdn-icons-png.flaticon.com/512/189/189000.png'),
(1331, 11, NULL, 'jeanne.bonnet@free.fr', '[]', '$2y$10$qjw2LO3VWSjY3IaVuyMZsub0062A1Bxa/GqocOSOaXf.F6DAbBYr2', 'avallee', '1983-07-18', 'Lelievre', 'https://cdn-icons-png.flaticon.com/512/2503/2503183.png'),
(1332, 10, 13, 'bruneau.frederic@gmail.com', '[]', '$2y$10$RjPRP0vO80xGHGGK4ZZFYOBA3IynGAlSUas4HWOcpV0unm2ykoRZK', 'adrienne93', '2008-09-18', 'Gillet', 'https://cdn-icons-png.flaticon.com/512/1880/1880988.png'),
(1333, 12, 12, 'oceane90@dbmail.com', '[]', '$2y$10$ntrCk3IBpYhj1d5uD.pVv.i9HNcO5D061nUXV.32d10NDP/OhWQK6', 'alexandrie44', '1984-08-07', 'Perret', 'https://cdn-icons-png.flaticon.com/512/2534/2534553.png'),
(1334, NULL, NULL, 'mguyot@rousset.com', '[]', '$2y$10$qPUjkB/Cfp.KGbXqFUClG.vvSRDQwr8w/lT/tM353BYzYQRAzbi7C', 'margaret36', '1997-07-26', 'Goncalves', 'https://cdn-icons-png.flaticon.com/512/3819/3819167.png'),
(1335, 11, 13, 'etienne75@noel.fr', '[]', '$2y$10$cvvDVEocJ3zOfJr7Cp.BQOAC72y3qHdN1DTMaQexu.QJb0OKhwNu.', 'nlelievre', '1999-04-04', 'Godard', 'https://cdn-icons-png.flaticon.com/512/1674/1674291.png'),
(1336, 11, 13, 'rene10@club-internet.fr', '[]', '$2y$10$8ANd.gU5vb54KJM7g4lwqu9OB3awmUmUnlyQWvFt1G6jraHxejtqe', 'grondin.bertrand', '1994-06-16', 'Bertin-la-Forêt', 'https://cdn-icons-png.flaticon.com/512/2213/2213713.png'),
(1337, 10, NULL, 'chartier.tristan@guyon.fr', '[]', '$2y$10$xceHgeB8aP2Pd8SQX5M6YufIEBiVkLkVS7StEFlCsArnHW33DBzRm', 'noel.danielle', '1975-04-30', 'Marques', 'https://cdn-icons-png.flaticon.com/512/2941/2941796.png'),
(1338, 10, 14, 'jgerard@gmail.com', '[]', '$2y$10$GivUeLjCS4D5T8T1Bdr4q.CD5z3/eT6bWw8a10jZSd3whJe0q/6Sa', 'cblanchet', '1983-12-19', 'Lenoir', 'https://cdn-icons-png.flaticon.com/512/1487/1487231.png'),
(1339, NULL, 13, 'vincent98@perret.com', '[]', '$2y$10$gO0V4RAk6WAhJhMr/2g/1uFBKBFVN83v4DTT946vhuqe3aT84UCxy', 'lboulay', '2000-03-19', 'ColinBourg', 'https://cdn-icons-png.flaticon.com/512/528/528107.png'),
(1340, 11, NULL, 'tristan70@valette.fr', '[]', '$2y$10$C/FL9rDPfTAn.mEc/Lngs.Ovb/X2IW.MtKg1dEU1SNNpychOFRuii', 'leroy.francoise', '1974-08-20', 'Dumas', 'https://cdn-icons-png.flaticon.com/512/6530/6530866.png'),
(1341, 12, 15, 'cohen.juliette@gosselin.fr', '[]', '$2y$10$Rj1LI2Ey2jEZKi8W.pksSeV2rNXILq1aojQIsQ/DMveuNtfIjMie2', 'froux', '1988-02-15', 'Thibault-sur-Gosselin', 'https://cdn-icons-png.flaticon.com/512/1487/1487231.png'),
(1342, 10, 12, 'charles.voisin@grenier.org', '[]', '$2y$10$CY5KPc6bmVlliMU2.W2H/upnWl4UBai3fKkSY/FdrNXgyKfHnHChi', 'fleury.gabriel', '1979-09-01', 'Renaud-la-Forêt', 'https://cdn-icons-png.flaticon.com/512/1674/1674292.png'),
(1343, 12, NULL, 'qseguin@live.com', '[]', '$2y$10$qJXKBcdiVr6nlQMir6h0JO9LEjvwgidNy5Ax2Cfj9h13coGrBN0c6', 'anouk84', '1986-07-29', 'Fournier-les-Bains', 'https://cdn-icons-png.flaticon.com/512/1120/1120972.png'),
(1344, NULL, 13, 'dominique.denis@colas.fr', '[]', '$2y$10$plwOu06KZLqhnLaCRdW0T.WciX/NVPWEKr8sSt4yaCqCaOA47No4a', 'edouard.pelletier', '1989-03-03', 'Pasquier', 'https://cdn-icons-png.flaticon.com/512/892/892721.png'),
(1345, 11, 12, 'daniel.gilles@wanadoo.fr', '[]', '$2y$10$VfDBvs1wKkQSdaEspnFsK.xEdR6HFOXGVtW/QGHM63fJtdeY9cthe', 'jacquot.stephanie', '1999-09-19', 'Thibaultnec', 'https://cdn-icons-png.flaticon.com/512/2941/2941796.png'),
(1346, 10, NULL, 'gabrielle10@gmail.com', '[]', '$2y$10$KDbZlwlqXRo46tyVn8WWD.5lSPQfT0kHqDuefCd3gIECu2kCu1Bxm', 'alex.leroux', '1994-08-17', 'Bessondan', 'https://cdn-icons-png.flaticon.com/512/6530/6530866.png'),
(1347, 12, 15, 'pchauvet@gros.net', '[]', '$2y$10$x6aAHh.0SS13HMSo4b8YPuLFQ529HHhM3KxuzXTAFLrppawBZBGQS', 'bernard.lebrun', '1979-05-11', 'Albert', 'https://cdn-icons-png.flaticon.com/512/1120/1120972.png'),
(1348, 12, 12, 'aurore38@barthelemy.org', '[]', '$2y$10$72X7xo9VjkwrRlbFQJ0eQefLLc/gkQgG.5WBiBDG98dymJRz5R7JS', 'delmas.elodie', '1970-04-02', 'Thibault', 'https://cdn-icons-png.flaticon.com/512/4352/4352117.png'),
(1349, NULL, NULL, 'alexandria45@laposte.net', '[]', '$2y$10$aX0BOeLM5R9lMzLTn6dRCOGJBOz196eX7wVqYZSDo30aRYjNZsh8y', 'alexandria57', '1987-01-05', 'Toussaint', 'https://cdn-icons-png.flaticon.com/512/2941/2941796.png'),
(1350, 11, 13, 'margaud.bouvier@imbert.net', '[]', '$2y$10$mwsAiu4kZUfUIhxnNK9SLOlYeTjQIOb0B/nZKVKEEXRpTk5Uod0Kq', 'leon30', '1995-12-06', 'Boutin', 'https://cdn-icons-png.flaticon.com/512/3393/3393852.png'),
(1351, 12, 14, 'legros.benoit@martel.fr', '[]', '$2y$10$mXNm6.P/1mM1MPzOvd.w9uMkWxm1bEJXpZD4ZtKYanfFvtt41WJR.', 'elisabeth51', '1966-10-18', 'Couturierboeuf', 'https://cdn-icons-png.flaticon.com/512/5793/5793587.png'),
(1352, 10, NULL, 'ledoux.roger@legros.com', '[]', '$2y$10$fIelJt0uD11ralwD0iqiFOtYI9dHbOqp5th8wy1IBz9TNAz3Fwosu', 'laure74', '1983-03-15', 'Morvan-les-Bains', 'https://cdn-icons-png.flaticon.com/512/1120/1120972.png'),
(1353, 11, 15, 'techer.guillaume@sfr.fr', '[]', '$2y$10$dG2SWz7C3yBjiaCPZMKxfus4ySViMhpsJJa1QCNwJWbllwQlas.66', 'emile11', '1977-01-18', 'Imbert-les-Bains', 'https://cdn-icons-png.flaticon.com/512/6530/6530866.png'),
(1354, NULL, 15, 'theodore75@noos.fr', '[]', '$2y$10$YXMZciga7sBVAfaoU617AOKugFsCN6yOmbSfBPtReO6tQtRY.9b2W', 'marie40', '1982-01-07', 'Rey-sur-Mer', 'https://cdn-icons-png.flaticon.com/512/892/892721.png'),
(1355, 10, NULL, 'letellier.christiane@free.fr', '[]', '$2y$10$2veDi39t1gZqGfMcfqOjXufYLTcZNfv3lajo2MKoeT3Xei8ZHXZDS', 'qhernandez', '1974-12-13', 'De Sousa', 'https://cdn-icons-png.flaticon.com/512/2579/2579243.png'),
(1356, 11, 13, 'pmoulin@club-internet.fr', '[]', '$2y$10$d7HvMhzIK3u7qh9Nxg01nedsPuf6ritqamY/cixWMqojPqXFHd4B.', 'zoe90', '1981-01-30', 'Hebert-sur-Pottier', 'https://cdn-icons-png.flaticon.com/512/1674/1674292.png'),
(1357, 10, 15, 'christelle75@orange.fr', '[]', '$2y$10$VWZpcrz6/Bqwcvu4EmSWQuzwteyQpf8.ss2EEKgocZergX8C/qFp2', 'pmartins', '1984-12-26', 'Carlier', 'https://cdn-icons-png.flaticon.com/512/3819/3819167.png'),
(1358, 12, NULL, 'barthelemy.dominique@gmail.com', '[]', '$2y$10$0hDmL0cLKIDu8Jh8ldXFiunhmmlZanIHtdGqkMFItXxJ3P22x.vCq', 'dominique99', '1995-05-28', 'Fischerdan', 'https://cdn-icons-png.flaticon.com/512/1120/1120972.png'),
(1359, NULL, 13, 'christelle21@delahaye.com', '[]', '$2y$10$tbkehtvB2uV/G84fC1J0.etotiZMmBSPqeDzOKDloOdo2zaGWXkcK', 'timothee51', '2000-11-30', 'Bertranddan', 'https://cdn-icons-png.flaticon.com/512/6595/6595509.png'),
(1360, 12, 12, 'auger.odette@leduc.com', '[]', '$2y$10$gFiraqTKGYKD.1QobMJz3.l7OiTOMiK5Ei0JNH3Rf7on0hYOA4jPW', 'abriand', '2001-10-27', 'Richard', 'https://cdn-icons-png.flaticon.com/512/1674/1674291.png'),
(1361, 10, NULL, 'honore35@berthelot.com', '[]', '$2y$10$bJKjD5Oupmonhl9YBpC8r.4mhPIX3dVktWHl2hgeWT44S4003ZXRa', 'opineau', '1982-10-04', 'Morvan-sur-Remy', 'https://cdn-icons-png.flaticon.com/512/3393/3393852.png'),
(1362, 11, 15, 'ybouvet@fischer.com', '[]', '$2y$10$RiKKXg9RZozriOKfwhKaeOcsyjZYKRDNqIu3b1aca.pqcXQIHcot2', 'glebon', '1979-01-17', 'Gaudin', 'https://cdn-icons-png.flaticon.com/512/2579/2579243.png'),
(1363, 12, 13, 'wagner.tristan@marty.fr', '[]', '$2y$10$lTG9RyCgkQusyfa4hLxfx.AydQjqBXj1jSEnK9V/xo4N.2kc7Jx5S', 'juliette95', '1981-01-22', 'Chauvin-sur-Mer', 'https://cdn-icons-png.flaticon.com/512/477/477154.png'),
(1364, NULL, NULL, 'qbaudry@gmail.com', '[]', '$2y$10$hGh.YR7bE1HncWLDIVygTuKVLUuYajyuA7COwvWB6n/O3hQCH1aWW', 'guerin.luc', '2008-01-17', 'Briand', 'https://cdn-icons-png.flaticon.com/512/2941/2941796.png'),
(1365, 10, 14, 'duval.ines@barbe.fr', '[]', '$2y$10$vWKkIa44tl9GapHSLxmeauITPZJF0blZcQzs8gEIqAFAYs14r0Tj.', 'meyer.roger', '1976-12-27', 'Riviere-sur-Royer', 'https://cdn-icons-png.flaticon.com/512/501/501299.png'),
(1366, 12, 13, 'emilie35@live.com', '[]', '$2y$10$GD.dOUoaALHd0F5VBvQ.qOtsqx9t7btgUgXJCWbogbYinu.gR0p36', 'celine.lebreton', '1964-01-29', 'Roche', 'https://cdn-icons-png.flaticon.com/512/6595/6595509.png'),
(1367, 10, NULL, 'girard.louis@club-internet.fr', '[]', '$2y$10$qlKnLK5aBGblIHn41jZgoOKBupw8B9UttZfHe1tMOuNtStaCxVt7C', 'simone.thierry', '1996-07-25', 'Renault', 'https://cdn-icons-png.flaticon.com/512/1880/1880988.png'),
(1368, 12, 13, 'buisson.aurelie@joseph.net', '[]', '$2y$10$lKNqu1/ZcS9pFm0MaMqinuR22Emz54oAfgocQ4iq9zoVgwpxKzCKG', 'virginie50', '1993-07-21', 'Lagarde-la-Forêt', 'https://cdn-icons-png.flaticon.com/512/2941/2941796.png'),
(1369, NULL, 13, 'ngarcia@sfr.fr', '[]', '$2y$10$RDv5ZinKi4NRbCE1rIXMDOPvExOtmhIKILMdsQbQZoKPa991e9YTu', 'reynaud.marc', '1988-07-14', 'Baron-sur-Collin', 'https://cdn-icons-png.flaticon.com/512/1487/1487231.png'),
(1370, 12, NULL, 'nmorvan@noos.fr', '[]', '$2y$10$cpf/Cbhf7kI54.HUB7fUluPKQbnYjgSTdUkBDPlPK1b4bCj8WrUfO', 'pons.hortense', '1994-02-21', 'Allain', 'https://cdn-icons-png.flaticon.com/512/924/924874.png'),
(1371, 11, 15, 'noel.raymond@robin.net', '[]', '$2y$10$W29oSBwnqEC30w5vUcGWf.G/NInFG9bFgOWjWezI/diZrcFvhjc0O', 'traore.margaux', '1977-06-14', 'Blanc', 'https://cdn-icons-png.flaticon.com/512/6530/6530866.png'),
(1372, 12, 15, 'benoit69@dbmail.com', '[]', '$2y$10$MW95xUy/8O70F3DBvlghoOzsZusv6C2LX5rB0uQo7RT3Kid6SyRIW', 'vincent.dacosta', '1978-10-16', 'Gomezdan', 'https://cdn-icons-png.flaticon.com/512/306/306772.png'),
(1373, 10, NULL, 'margot.bodin@dbmail.com', '[]', '$2y$10$FMmDcPblQe4V/I05v0tNHud6kjjEfIV2lIYVX5LrakHRSWFfVUx8e', 'tguyot', '1963-06-29', 'Marchand', 'https://cdn-icons-png.flaticon.com/512/1120/1120972.png'),
(1374, NULL, 12, 'legoff.edouard@wanadoo.fr', '[]', '$2y$10$6uocNPDugCo4vlrG9hizrOIegBzR4ajy4PDnPoKR2AoyP.Cjk9arO', 'gaillard.nath', '1987-06-30', 'Barbe', 'https://cdn-icons-png.flaticon.com/512/3393/3393852.png'),
(1375, 12, 14, 'lbriand@giraud.org', '[]', '$2y$10$dM0FGVa0KChVW1QE/GRpBuBoPuCMMkgBTz2gaV3YHCpoArLy/fbtq', 'auger.thibault', '1997-08-23', 'DumontVille', 'https://cdn-icons-png.flaticon.com/512/306/306772.png'),
(1376, 10, NULL, 'hperrot@gmail.com', '[]', '$2y$10$AjcXyA5JtADIuejZuVOYCOlnvSqIJ9wL5w9iOhdwFgXI2VFkUB6.C', 'andre53', '1976-10-15', 'Boulangerboeuf', 'https://cdn-icons-png.flaticon.com/512/6530/6530866.png'),
(1377, 10, 14, 'perrier.guy@dbmail.com', '[]', '$2y$10$NhIZaRudPM9t4YETPmzo..aa9HJI9fUjiMFGTe8x3WVBcVfjqcWG6', 'rene64', '1991-11-06', 'Rousset', 'https://cdn-icons-png.flaticon.com/512/1487/1487231.png'),
(1378, 11, 15, 'becker.auguste@tele2.fr', '[]', '$2y$10$w3OMFOihwsRfxLv/zBLe6eVeYNP1XdsUXYFseGqdgZ25K4XW5LLJu', 'zguyon', '1983-12-19', 'Da Silva', 'https://cdn-icons-png.flaticon.com/512/2503/2503183.png'),
(1379, NULL, NULL, 'leclerc.marine@ribeiro.org', '[]', '$2y$10$o0QrGML2mO0C3jc0xixivuMzuYmtm/xSDSFE3slLufgTr7BIdqBBK', 'richard.fabre', '1970-01-11', 'Martinez', 'https://cdn-icons-png.flaticon.com/512/189/189000.png'),
(1380, 10, 14, 'timothee.gomes@martins.fr', '[]', '$2y$10$DyoxOWj4JVYkSn1RkjvpIOhtmXzmn.9f/Urdugx/CbhG/29HLqkSm', 'dupre.marc', '1980-10-29', 'Lombardnec', 'https://cdn-icons-png.flaticon.com/512/2213/2213713.png'),
(1381, 11, 14, 'jean22@guyot.net', '[]', '$2y$10$fE51TYfzWnHrzPLpL0Wtwe7ksFj554ZXkGk7HXqkuXDQ2q2xqLi0e', 'vchartier', '1974-05-13', 'Fournier', 'https://cdn-icons-png.flaticon.com/512/6595/6595454.png'),
(1382, 11, NULL, 'benoit56@menard.fr', '[]', '$2y$10$9LSpwVKAtorQ8SWGpYPc7O..VQ3MAh37666.Iks5e7h2i82LFXlLe', 'gaillard.theodore', '1997-09-21', 'Gillet-sur-Garcia', 'https://cdn-icons-png.flaticon.com/512/2941/2941796.png'),
(1383, 11, 12, 'marie.reynaud@tessier.com', '[]', '$2y$10$Wm0UmRqqkd1RfhfQVdMVyul3uod2EvRXv6rm/gvQ/Xy0vdCgASHWq', 'ines.guillet', '1983-02-01', 'Hoareau-sur-Chevallier', 'https://cdn-icons-png.flaticon.com/512/2503/2503183.png'),
(1384, NULL, 13, 'antoinette.thibault@orange.fr', '[]', '$2y$10$TM883hQMg0wdV/B1I0oRmev0gohkKJMDyJf./DZW75mht.qW88f2e', 'alix.paul', '1973-10-17', 'Chauvet', 'https://cdn-icons-png.flaticon.com/512/6530/6530866.png'),
(1385, 12, NULL, 'froyer@sfr.fr', '[]', '$2y$10$Hecfpw5a4.F6KtAffojYpuJ8E/sBKAhF9kgZ30qiqY70pb6fcuMc.', 'omoreau', '2000-03-04', 'Maurice-les-Bains', 'https://cdn-icons-png.flaticon.com/512/1674/1674292.png'),
(1386, 12, 13, 'aimee.rousseau@foucher.com', '[]', '$2y$10$gdGSWR2Vyuxp0eGyp9qUkeVYRZx5KOlZFoDJiS4grWAjwfa8NP1sa', 'agathe.guillet', '1962-07-13', 'Robert-la-Forêt', 'https://cdn-icons-png.flaticon.com/512/501/501299.png'),
(1387, 11, 12, 'charles.vasseur@hotmail.fr', '[]', '$2y$10$ywPpp6EkGgbwoEVyRZjNU.RN/r/eqmVHnjSZXIziTYkYQ/kqpNxkC', 'ppons', '2000-11-24', 'HebertBourg', 'https://cdn-icons-png.flaticon.com/512/435/435048.png'),
(1388, 11, NULL, 'gilbert90@pruvost.fr', '[]', '$2y$10$QK20kxewaT6S9v3KQAW7h.FZc5lPEUtGR3CMffQvMWGE9NfroKrGK', 'clemence.rodriguez', '1962-08-06', 'Thierry', 'https://cdn-icons-png.flaticon.com/512/3819/3819167.png'),
(1389, NULL, 13, 'oceane.leclercq@meyer.fr', '[]', '$2y$10$fXCJ8Zclj/L.hms1cgpXheql/YoYir.edvUUt9jZRSI5HaZykepBu', 'sauvage.alain', '1980-07-07', 'Lagarde', 'https://cdn-icons-png.flaticon.com/512/1674/1674291.png'),
(1390, 10, 14, 'costa.honore@dbmail.com', '[]', '$2y$10$fCZy7QlcGW76gqkSb65kY.DK.0UjYFd3ESiYC4jn27rzUvWK.Aaja', 'gauthier.theophile', '2002-11-04', 'Pons', 'https://cdn-icons-png.flaticon.com/512/2503/2503183.png'),
(1391, 11, NULL, 'bernard.perret@bourdon.fr', '[]', '$2y$10$zFQtZqFQ.hsq6SZMCB1wEOSX8vyHgdYOpjSD3SaboaWhXJe8BDj/i', 'richard28', '1996-01-21', 'Pages', 'https://cdn-icons-png.flaticon.com/512/2579/2579243.png'),
(1392, 10, 14, 'pages.lucas@orange.fr', '[]', '$2y$10$96GkLwL063geCeqCoTyRP.C/8Oi/wgFyKDFabFqfUwHQV8jTeoQmO', 'ogeorges', '1972-05-01', 'Moreau', 'https://cdn-icons-png.flaticon.com/512/2579/2579243.png'),
(1393, 10, 12, 'lucie.colin@colin.com', '[]', '$2y$10$372LMCTWeiS.7I2KNLWRDeOy70mi/oQK0R/gc1L1NAmJ9AijheG9.', 'jean.bouvet', '2006-11-26', 'Morvan', 'https://cdn-icons-png.flaticon.com/512/892/892721.png'),
(1394, NULL, NULL, 'anouk12@alexandre.com', '[]', '$2y$10$5K4HcnM.77TGjMO8VF00h.Fl.4CDX8zzhPLr5Wm4QObRiSw.GC97O', 'noemi05', '1998-06-02', 'Verdier', 'https://cdn-icons-png.flaticon.com/512/1487/1487231.png'),
(1395, 12, 15, 'agnes.dupuis@noos.fr', '[]', '$2y$10$/Moyc4NTsbBfX1YAPbigROtCvKl1XkX26OTaS6kY9TKUj9RsE3hbu', 'gilles.turpin', '1973-06-24', 'Olivier', 'https://cdn-icons-png.flaticon.com/512/2941/2941796.png'),
(1396, 11, 14, 'william.lamy@dbmail.com', '[]', '$2y$10$wBxIXnA/hx.5EFADpw/hwujiTwLH3K3jYnBRNq6LxElsSQw1MbaPG', 'arthur.mahe', '2000-04-02', 'Guerin', 'https://cdn-icons-png.flaticon.com/512/306/306772.png'),
(1397, 12, NULL, 'wboulanger@blot.fr', '[]', '$2y$10$J/lZQsN30C82lbL5rnDmke1I7Ixs1c7PtMKFQMXj66anhSCQjId6i', 'patricia51', '1991-11-21', 'Hardy', 'https://cdn-icons-png.flaticon.com/512/528/528111.png'),
(1398, 10, 13, 'ploiseau@wanadoo.fr', '[]', '$2y$10$LJZsgcRlgwCpSU9J8D273.ylLPBaSRIgwXmbcN9FZI0J2pnlwlfDi', 'manon89', '1972-03-01', 'Berthelot-sur-Bonneau', 'https://cdn-icons-png.flaticon.com/512/2534/2534553.png'),
(1399, NULL, 14, 'matthieu41@noos.fr', '[]', '$2y$10$eaPrRV6YlpybhyzGpGnrA.vRD2cooJ3KrSPOGNF4n9GXrJ82HcwyC', 'bruneau.anne', '1965-02-16', 'Roche', 'https://cdn-icons-png.flaticon.com/512/1674/1674292.png'),
(1400, 10, NULL, 'thibault.emmanuel@dasilva.fr', '[]', '$2y$10$C3RFa3IlD0nUdkoLp6ijR.xI7gDwuwpu5/lI.VjKQYxa7msxvqNhO', 'celina.dufour', '1997-06-11', 'Germain', 'https://cdn-icons-png.flaticon.com/512/924/924874.png'),
(1401, 12, 14, 'denis.gerard@fleury.com', '[]', '$2y$10$0ADOQ9LXBom6DpFBaJUMcuK6y6HpdihS9mADz/DTut1wjDo0lM2dW', 'francois32', '1994-08-06', 'Royer', 'https://cdn-icons-png.flaticon.com/512/189/189000.png'),
(1402, 12, 15, 'zgirard@martinez.fr', '[]', '$2y$10$iuEKtuj9N6IdrTswlsTSlu.zJOZBwUimUmkcTgdV0o8sBsguou9ju', 'pierre.guyon', '1968-05-13', 'Salmon-sur-Leclerc', 'https://cdn-icons-png.flaticon.com/512/501/501299.png'),
(1403, 12, NULL, 'adrienne.faure@live.com', '[]', '$2y$10$b2z1XkjefXEloTU8KS4Bf.ZMkX5.o5T6EZnta6txrFVFJqb0Km3Aa', 'rvalette', '1962-02-20', 'Rey-sur-Caron', 'https://cdn-icons-png.flaticon.com/512/2503/2503183.png'),
(1404, NULL, 12, 'kdubois@legoff.com', '[]', '$2y$10$lGjGphgp7HpiLUJ2yJiVcOL0gh3mTLJTYA/jMqDzXmEIz9s6TFKDe', 'vvasseur', '1993-04-25', 'LacombeVille', 'https://cdn-icons-png.flaticon.com/512/6595/6595454.png'),
(1405, 12, 12, 'theodore.bousquet@yahoo.fr', '[]', '$2y$10$.Np8fPKHgQSEq54XSQH3qOM.wAxciZeKPvpJJlYd4ORXLOZZkz3PG', 'gguillou', '1964-03-02', 'Clerc', 'https://cdn-icons-png.flaticon.com/512/2503/2503183.png'),
(1406, 11, NULL, 'charrier.benjamin@guerin.org', '[]', '$2y$10$kFBVqjgx.jrvgBSnlnm.Ouui0PHgVrx.AaMErZbjy1o0BqmvOV12O', 'maurice14', '1969-12-22', 'Lemoine', 'https://cdn-icons-png.flaticon.com/512/1487/1487231.png'),
(1407, 12, 12, 'gregoire.gilles@riou.net', '[]', '$2y$10$FUUwkRzkJtokNqwwmsioYONBTXtZVEuxvs5ofPReNa.w.Pq25wfqm', 'ojoseph', '1988-04-23', 'DelahayeVille', 'https://cdn-icons-png.flaticon.com/512/892/892721.png'),
(1408, 12, 15, 'benjamin96@live.com', '[]', '$2y$10$bYkeBm.4Us8ZDRUCY7EuVuLL31M9jRD/1PfyZqWqyiXwy6CCNVCtC', 'agathe67', '1967-09-09', 'Dufour', 'https://cdn-icons-png.flaticon.com/512/1120/1120972.png'),
(1409, NULL, NULL, 'julie.brunet@noos.fr', '[]', '$2y$10$9Tc4fxzFzkVXETP1vtrTIe9VSfW517DAOvsFSZ0e6IW3jZxHYqqXO', 'josette46', '1982-06-07', 'Joly', 'https://cdn-icons-png.flaticon.com/512/1674/1674291.png'),
(1410, 10, 14, 'suzanne.devaux@guilbert.fr', '[]', '$2y$10$FuieagAHgDE66R77SOR7TeokGhtpd8ypS8Lsot11SEUQ7JbL2XUvi', 'thibault.texier', '1994-04-28', 'Charles', 'https://cdn-icons-png.flaticon.com/512/3393/3393852.png'),
(1411, 11, 12, 'oboyer@baron.com', '[]', '$2y$10$1mDrkoayxumiMykX6B91UO.6nxQQZmpWx3IOJ.flKTfvrsb3pjYXW', 'raymond65', '1986-03-06', 'Grenier', 'https://cdn-icons-png.flaticon.com/512/477/477154.png'),
(1412, 10, NULL, 'juliette19@hoarau.com', '[]', '$2y$10$n/HzJix0u8SA2ViRrvV.i.Y37r7GbZaFR8f6vO.XGj2TB90OBczOu', 'lombard.monique', '2006-05-18', 'Torres', 'https://cdn-icons-png.flaticon.com/512/5793/5793587.png'),
(1413, 12, 15, 'bguillaume@levy.com', '[]', '$2y$10$qXjPZtkCjLSJlvOJAAqZcuKDFUTxKNSGXRz/xlHS7XbaJPWkKtboe', 'yandre', '1997-02-24', 'ClercBourg', 'https://cdn-icons-png.flaticon.com/512/501/501299.png'),
(1414, NULL, 12, 'aime34@jacob.org', '[]', '$2y$10$TyGOur9RSiCAsA0fZo78EOkBS0Uf.JNvImaYSdNUbN0P00xQD2XL2', 'pierre.hoareau', '1994-01-29', 'Pinto', 'https://cdn-icons-png.flaticon.com/512/924/924874.png'),
(1415, 10, NULL, 'constance54@moreno.com', '[]', '$2y$10$BnaW5ufAGaUhIbJpF8WSHeac6uxvJ1/FHUl1cw3GG0xtJcmktY9g.', 'aimee.barbier', '1980-12-27', 'Faurenec', 'https://cdn-icons-png.flaticon.com/512/435/435048.png'),
(1416, 10, 15, 'ibonneau@free.fr', '[]', '$2y$10$lGiyHqU5V/4zb1uGyY7xaudrLi7OCxSngOpqVcyOUr7tfpLwpBYWi', 'caron.louis', '1972-11-20', 'Deschamps', 'https://cdn-icons-png.flaticon.com/512/2213/2213713.png'),
(1417, 11, 13, 'mathilde30@live.com', '[]', '$2y$10$1n7nP5AOQp14R0jDpJzpI.v.GZtc2SEy8d9sPBnjCNXgslpN2vUUS', 'isabelle.aubry', '1987-09-17', 'Devaux', 'https://cdn-icons-png.flaticon.com/512/1752/1752772.png'),
(1418, 12, NULL, 'marie01@gilbert.org', '[]', '$2y$10$po/UlH6lhxvzhN7pH6nR0.gOAkVfKsYm2Wb98lJl.vnqGNcx3QLwW', 'oceane56', '1983-02-09', 'Gros', 'https://cdn-icons-png.flaticon.com/512/306/306772.png'),
(1419, NULL, 12, 'louis.girard@orange.fr', '[]', '$2y$10$2KZiPLvPe2nLkt3wy/bH2OhS/gq5p/774HXayMev0eMAA71h8XD32', 'guillet.margaud', '1969-02-19', 'Blanchet', 'https://cdn-icons-png.flaticon.com/512/6595/6595454.png'),
(1420, 10, 12, 'upicard@hotmail.fr', '[]', '$2y$10$jBQKRsb2Ms6xy7BTKYkCi.pspBrjbxqsZQS9u6am5niCYCxB1nK9a', 'anastasie71', '1963-01-09', 'Bodin', 'https://cdn-icons-png.flaticon.com/512/3819/3819167.png'),
(1421, 12, NULL, 'umasson@renaud.com', '[]', '$2y$10$Tekp8VmhG1cKwphQQYcj6eSoHyNzpgHoSCcoy.oOxo4pfjq7o2/Ny', 'nicole.dacosta', '2000-06-27', 'Fontaine', 'https://cdn-icons-png.flaticon.com/512/1880/1880988.png'),
(1422, 11, 15, 'arnaude87@thomas.net', '[]', '$2y$10$ff7LEnaeQUpTgL9TxsI2xuaybFrbJxPBfKCps0WBYWbQUxXMbOwNO', 'elodie.chauveau', '2000-11-20', 'Garcia', 'https://cdn-icons-png.flaticon.com/512/189/189000.png'),
(1423, 12, 13, 'adam.lucas@noos.fr', '[]', '$2y$10$kGDDaeszo442AOq6OS81AO3ABkPB2Yfsrl2LqVyYNHRbKXc4GYSPa', 'bonnin.alex', '1964-10-12', 'Besnard-les-Bains', 'https://cdn-icons-png.flaticon.com/512/2213/2213713.png'),
(1424, NULL, NULL, 'simone.aubry@hotmail.fr', '[]', '$2y$10$BYOR12yHGpFQfBGy2dUkxOnXVmGRI2BWW3Obtt663ZrQiAjY0wF6u', 'daniel.gabriel', '2006-06-10', 'Peron-les-Bains', 'https://cdn-icons-png.flaticon.com/512/2534/2534553.png'),
(1425, 11, 15, 'honore.wagner@daniel.fr', '[]', '$2y$10$wwDRavmeTqnofAdA7MHrFOIMwz88O/YIgJmTzLKfabeb0uAlfqNPG', 'madeleine30', '1969-08-24', 'BernardVille', 'https://cdn-icons-png.flaticon.com/512/477/477154.png'),
(1426, 10, 14, 'tristan.voisin@hotmail.fr', '[]', '$2y$10$xHY9ymf.yiHQXXy27oQsseDZbGTZRwiRB51k.vqTGz9pnlEOIegMu', 'marianne.rodrigues', '1987-04-30', 'Maurice', 'https://cdn-icons-png.flaticon.com/512/3393/3393852.png'),
(1427, 12, NULL, 'camille63@sfr.fr', '[]', '$2y$10$x6N9.8ew1fyIpx3kpfJJQuHkQS4/kxQUP8oG/pgvgmWti1mAVB4Me', 'hortense38', '1998-09-03', 'Dumas', 'https://cdn-icons-png.flaticon.com/512/1880/1880988.png'),
(1428, 11, 12, 'francoise83@henry.org', '[]', '$2y$10$xs3Vy5BgEO/TSYN1rJgm4eWa3re8lLwVp.fDA3psPv4JeSCcRMEg2', 'charpentier.roger', '1974-09-02', 'Marques', 'https://cdn-icons-png.flaticon.com/512/3819/3819167.png'),
(1429, NULL, 12, 'virginie33@laposte.net', '[]', '$2y$10$3HXlGtjBPXOBYQOVc92mMuNpfOvKDInVmjGD0NzOSLcN4TnRxyiqe', 'legendre.genevieve', '1992-10-06', 'Lopeznec', 'https://cdn-icons-png.flaticon.com/512/5793/5793587.png'),
(1430, 12, NULL, 'rene.bazin@legrand.com', '[]', '$2y$10$.JzwKrWgCZhzNepmIpyGmeLfMcKVaElJFfUV/G9vNBcDjTg7lVrI2', 'bouchet.olivie', '1986-06-20', 'Wagner', 'https://cdn-icons-png.flaticon.com/512/1120/1120972.png'),
(1431, 12, 12, 'francoise.ferrand@lucas.com', '[]', '$2y$10$I9lhVWcDvc/Qd33lnYoaBexqqPapzdxQtdNbTj38QvtNRA1fzoq8u', 'xroy', '1992-06-05', 'Gilles', 'https://cdn-icons-png.flaticon.com/512/1674/1674291.png'),
(1432, 12, 13, 'jgaudin@tele2.fr', '[]', '$2y$10$Y6PjSr0imbF5VjlJTHev2.M6xvWUAq0TxLMlWUOmxD3ezwpKF48gO', 'daniel.richard', '1997-01-02', 'Pasquiernec', 'https://cdn-icons-png.flaticon.com/512/1120/1120972.png'),
(1433, 11, NULL, 'lemaire.valentine@desousa.com', '[]', '$2y$10$2dMTbQwwzvaSteQZ.Nvhz.tZRQcnKea/d5.AI10Lva2Z9st4A8JJC', 'gabriel28', '1993-05-17', 'Verdier', 'https://cdn-icons-png.flaticon.com/512/6595/6595454.png'),
(1434, NULL, 13, 'david.fabre@guyon.fr', '[]', '$2y$10$J4s3gJ5fyvGpFmpYt7zBdOSXf5aBYR/Ak3hXcbURuwf97qffinEvW', 'colette.noel', '1969-01-24', 'Roussel', 'https://cdn-icons-png.flaticon.com/512/1674/1674291.png'),
(1435, 11, 14, 'ddelmas@orange.fr', '[]', '$2y$10$sToqjqg4zyDUY12KZGaBCeCSdncS0gCUxtlNpSv6O98MUXUX4hICi', 'corinne.vaillant', '1973-10-03', 'Lecomte-les-Bains', 'https://cdn-icons-png.flaticon.com/512/892/892721.png'),
(1436, 11, NULL, 'thibault.poulain@hoarau.com', '[]', '$2y$10$00o5PX1SVDutstEAB2cG9ePAXfKbFPL3SzCULzrw3PSlf/fxI2v5a', 'alexandre.rodriguez', '2002-09-18', 'Goncalves-la-Forêt', 'https://cdn-icons-png.flaticon.com/512/1880/1880988.png'),
(1437, 11, 15, 'david.martins@hotmail.fr', '[]', '$2y$10$H/1PZYYERQxwyIhjo83w2OqrWgPA7TO2k3n0RjMyNDIQf3EfWAng.', 'cgiraud', '1996-03-19', 'Vallee', 'https://cdn-icons-png.flaticon.com/512/435/435048.png'),
(1438, 10, 13, 'daniel10@dbmail.com', '[]', '$2y$10$iIjhuYT8ircTtT3eM6mDduf.VTwC2hV4kPg5Tf6sTr6AYAnc7Zz0.', 'leon90', '2000-08-28', 'Legendrenec', 'https://cdn-icons-png.flaticon.com/512/2213/2213713.png'),
(1439, NULL, NULL, 'laure64@jacquet.com', '[]', '$2y$10$xCKvX9RBrfdU3sj.BBuL5O5JMuvraSx0LrIyqY7sChIwn.Shcz3pK', 'vallard', '1982-01-14', 'RemyVille', 'https://cdn-icons-png.flaticon.com/512/4352/4352117.png'),
(1440, 11, 13, 'llagarde@labbe.com', '[]', '$2y$10$M80d3ADLAtt7ThN.J.62RugiZXY72X6PrwbqS24FqO0aFj3inA0g.', 'odette.roux', '1970-05-01', 'Gerard', 'https://cdn-icons-png.flaticon.com/512/1674/1674291.png'),
(1441, 10, 13, 'jbaudry@dbmail.com', '[]', '$2y$10$DNVW5YSkzimFvhvte4XwKeoIy3yppaCfApm1Oj/ONc8rvvFToPFMy', 'suzanne60', '1975-10-17', 'Begue', 'https://cdn-icons-png.flaticon.com/512/597/597566.png'),
(1442, 11, NULL, 'adele.joly@hotmail.fr', '[]', '$2y$10$zoJzOBQ8S2ASv5vq9G/LSeurY1XAgnezWC7HqZjNYz/sKY/230jtC', 'fleury.jules', '2008-03-27', 'Blin', 'https://cdn-icons-png.flaticon.com/512/1880/1880988.png'),
(1443, 11, 14, 'anouk.bailly@club-internet.fr', '[]', '$2y$10$nYM0hyp.dkxtk1pRw217ceA/XvjeJd7/q2wo8IgAH1SKAAk5tTZRW', 'lorraine93', '1973-06-27', 'Teixeira', 'https://cdn-icons-png.flaticon.com/512/924/924874.png'),
(1444, NULL, 14, 'amelie29@bernier.fr', '[]', '$2y$10$mnF8g2wTJDVTNRqRM6ya7uBYvuQlI4aXpx4oT2B0b63qkZQVszHWS', 'bhubert', '2007-01-07', 'Wagner-sur-Mer', 'https://cdn-icons-png.flaticon.com/512/1880/1880988.png'),
(1445, 11, NULL, 'yves41@hotmail.fr', '[]', '$2y$10$FHZBgBwHYszhOBXJO/4Tyuxzoi3C.0gH0I6mpuCLEDrH6bGk8x2I6', 'opottier', '1992-04-23', 'Chauvet', 'https://cdn-icons-png.flaticon.com/512/6595/6595454.png'),
(1446, 11, 12, 'sylvie.gilles@dbmail.com', '[]', '$2y$10$Ik8o/vf3f6WMl1rpFp/2R.iUgggX1EJYmpp8ZmRtim79vCepg.VgG', 'lucie.robert', '2006-05-04', 'Munoznec', 'https://cdn-icons-png.flaticon.com/512/1120/1120972.png'),
(1447, 10, 13, 'foucher.victor@dbmail.com', '[]', '$2y$10$9oYHBoXrH/TwTIKdm584Su9b5v8zEeeDObDLDVAz1r./9aeg3maUq', 'paulette16', '2008-10-11', 'Reynaud', 'https://cdn-icons-png.flaticon.com/512/435/435048.png'),
(1448, 11, NULL, 'pvidal@fouquet.fr', '[]', '$2y$10$CAwUsCfi6mxXs/rwVlsmUO0qFwH9JoPP.ePlXA4BqSim0eMN9pg5m', 'hugues67', '1998-11-27', 'Louis', 'https://cdn-icons-png.flaticon.com/512/892/892721.png'),
(1449, NULL, 15, 'eneveu@free.fr', '[]', '$2y$10$uiFzu.yTKXwQ4v1ia9cvtuL9ced77w3YZdjzas7y9OcdOMFnVGn86', 'lemaire.etienne', '1970-10-10', 'Lamy-sur-Mer', 'https://cdn-icons-png.flaticon.com/512/452/452539.png'),
(1450, 12, 14, 'pasquier.laurence@yahoo.fr', '[]', '$2y$10$qKcY3xKOyv6umJ.jDCFL3uIclDCDSEshUd49ysDY0zjwzsQ6j50Pq', 'paris.mathilde', '1996-03-04', 'Bouvier', 'https://cdn-icons-png.flaticon.com/512/2579/2579243.png'),
(1451, 10, NULL, 'perez.alexandrie@dupont.fr', '[]', '$2y$10$h6odw40QiddRJYpyXSPw1OB9RpoHtRBBhUGsaBlaMKqkYTqLCH1da', 'lebrun.anastasie', '1992-04-11', 'Gonzalezdan', 'https://cdn-icons-png.flaticon.com/512/528/528107.png'),
(1452, 10, 12, 'roger30@wanadoo.fr', '[]', '$2y$10$uotw9xUdrJujgsGjrt7wheDuiC3gjuRu6nW4JNWtuOFGwiDe7U1Ei', 'anne10', '1989-05-26', 'Levy', 'https://cdn-icons-png.flaticon.com/512/5793/5793587.png'),
(1453, 11, 12, 'ppoulain@yahoo.fr', '[]', '$2y$10$h95qig/wCaj5VZpehSnvYODKiiL6sP0SCkXQ8BUipguGzHgjWsGPe', 'bernadette71', '1978-10-27', 'Humbert', 'https://cdn-icons-png.flaticon.com/512/597/597566.png'),
(1454, NULL, NULL, 'thibault52@sfr.fr', '[]', '$2y$10$zzdmlNFbzTf7Bt00C5cylO3YXmeYPBxICyscWftR/nETxqhlrT2bm', 'capucine.torres', '1998-03-28', 'Hamon', 'https://cdn-icons-png.flaticon.com/512/3393/3393852.png'),
(1455, 11, 14, 'dijoux.etienne@yahoo.fr', '[]', '$2y$10$4r8yMtLVsBAAHb6PZsnnxO4oKgjS9BMPoA.C/FmsoGKOA1XZTsofe', 'christophe.guillou', '1965-07-26', 'Etienne', 'https://cdn-icons-png.flaticon.com/512/1674/1674292.png'),
(1456, 12, 13, 'hrousset@gmail.com', '[]', '$2y$10$TF92ajWjVcWCb7uBhM46OOHz6d4eQLo3IIPyx7IN74SP2F0fTBqKa', 'amelie82', '1987-06-14', 'Hoareau', 'https://cdn-icons-png.flaticon.com/512/1880/1880988.png'),
(1457, 12, NULL, 'richard97@live.com', '[]', '$2y$10$oX5EpUaP/yhfrCVlz8hq.O0vOCDjBdKVkWU1InuZSu7rqYBPVefma', 'lebon.dominique', '2003-07-04', 'Beguedan', 'https://cdn-icons-png.flaticon.com/512/1752/1752772.png'),
(1458, 11, 14, 'christiane86@tele2.fr', '[]', '$2y$10$LPAqz2yrs1CsR33/FoWkMO0O8scQKM0Tb1dkVafeFlNvKH4OLekeu', 'edouard38', '2005-05-05', 'Poulain', 'https://cdn-icons-png.flaticon.com/512/2503/2503183.png'),
(1459, NULL, 12, 'margaret52@delorme.com', '[]', '$2y$10$QinqfxWZRU1/IMQ/BbalKO..13/OeACVK9M/Xe0KswDGsIX.QPReO', 'noel.guy', '1997-03-16', 'Bouvier', 'https://cdn-icons-png.flaticon.com/512/6530/6530866.png'),
(1460, 11, NULL, 'carpentier.arthur@sanchez.net', '[]', '$2y$10$GaMqKNl44UynQ1qh4PiJz.DBmPc0CsAX/XIYsHFbn7LASkDUokHBO', 'gauthier.aurore', '1997-09-19', 'Boulay', 'https://cdn-icons-png.flaticon.com/512/892/892721.png'),
(1461, 11, 13, 'jacqueline99@gillet.com', '[]', '$2y$10$lofvEcoS67mUSSnoIOM9.ux.hoD31avIf5XriQxUbCiZPBRKn90ZK', 'marine96', '1998-08-05', 'BuissonVille', 'https://cdn-icons-png.flaticon.com/512/2503/2503183.png'),
(1462, 11, 14, 'xloiseau@perrot.fr', '[]', '$2y$10$fCpqcRT2Ueh32.HGbNJ4he/eIqnK5LDE9FeNvrO2YOHYW5rF6pMze', 'margaux74', '1978-02-14', 'Dupuy-sur-Mer', 'https://cdn-icons-png.flaticon.com/512/1674/1674291.png'),
(1463, 10, NULL, 'bourdon.richard@parent.net', '[]', '$2y$10$5MziiLWXPwVkLbcwan5KLuxzvzO4GQE9gzlJmdnKR/iXt8DmfNaoy', 'sebastien.cohen', '2001-03-24', 'Ferreiraboeuf', 'https://cdn-icons-png.flaticon.com/512/924/924874.png'),
(1464, NULL, 13, 'josette.texier@wanadoo.fr', '[]', '$2y$10$QaO2nE3bh2vNg.t.QxsgWOCqRUJ2XlBH8JlK/fuLKWo2NjcJszk4G', 'dufour.diane', '1993-08-13', 'Bernier', 'https://cdn-icons-png.flaticon.com/512/2941/2941796.png'),
(1465, 12, 12, 'jerome.colin@dbmail.com', '[]', '$2y$10$9D1UtMDTvQW6SaSFVrAkwOph6Rlge3qv8H0CiAasoTTgIvQHFPPym', 'martel.adele', '2008-10-01', 'Boulay', 'https://cdn-icons-png.flaticon.com/512/306/306772.png'),
(1466, 12, NULL, 'garnier.charles@free.fr', '[]', '$2y$10$eJorSGbVZhECilxhf1t/8e7aOm01NeAogqQRVn.S52Uk7oaD5vPaW', 'eric94', '1981-07-12', 'Moreaudan', 'https://cdn-icons-png.flaticon.com/512/2534/2534553.png'),
(1467, 11, 13, 'grenier.guillaume@dbmail.com', '[]', '$2y$10$7agMApIipaHRN6Pq44tlE.IBi5cy6CjZrX1U7u94ghkEOdgMyKzB.', 'stephane74', '1980-08-23', 'Cordierboeuf', 'https://cdn-icons-png.flaticon.com/512/1880/1880988.png'),
(1468, 12, 13, 'ymunoz@boulanger.com', '[]', '$2y$10$xoT0TsDWg6otRbUQ6KEEzuSM1U4B.pHOl6b3c.psbH8s3g.FFwmLK', 'jacquet.antoine', '2003-07-31', 'Godard', 'https://cdn-icons-png.flaticon.com/512/528/528111.png'),
(1469, NULL, NULL, 'jean.franck@orange.fr', '[]', '$2y$10$Y4JB2uCC8KmtAlNspdcSwuT7zvGw9qixTEHXtiM3YS92.OENsbD66', 'leleu.robert', '1963-08-05', 'Paul-sur-Arnaud', 'https://cdn-icons-png.flaticon.com/512/2534/2534553.png'),
(1470, 12, 15, 'adrienne42@bousquet.net', '[]', '$2y$10$DacgdSfQvRNFAmnX.S3ptuQjq/LG1Cysu/UoY4NHaIh54Oix5bbHi', 'marin.louis', '2007-11-18', 'Guilletdan', 'https://cdn-icons-png.flaticon.com/512/1674/1674292.png'),
(1471, 11, 12, 'gautier.corinne@hotmail.fr', '[]', '$2y$10$GiPXWkCC9le3mWLJx35hSeWUj8DpUZ8MXeX945Y7WECrHpG7RlXAy', 'patricia.allain', '1991-05-22', 'Ribeiro-sur-Marchal', 'https://cdn-icons-png.flaticon.com/512/2503/2503183.png'),
(1472, 11, NULL, 'guilbert.augustin@lefevre.com', '[]', '$2y$10$CKxseb3faY52MuaP5hPvw.MAHe7zd6cklZsE682nxmvBD4h1hp9Wa', 'mrolland', '1981-09-30', 'Bonnet', 'https://cdn-icons-png.flaticon.com/512/1674/1674291.png'),
(1473, 11, 12, 'xsalmon@roux.fr', '[]', '$2y$10$nDOdSPVoft7C7RrDDsQXO.36WLxboZrp.2AfaSy3sPpQ395GjQsa.', 'maryse.lefort', '1969-06-18', 'Dumont-sur-Mer', 'https://cdn-icons-png.flaticon.com/512/5793/5793587.png'),
(1474, NULL, 12, 'robert.lecomte@rossi.com', '[]', '$2y$10$FqcHaXbSMXO.c53HXvS2RuNdeK7M7MmLzec5ArR0jvRPq3sabmJQu', 'thierry01', '1981-02-11', 'Lebon-sur-Mer', 'https://cdn-icons-png.flaticon.com/512/1120/1120972.png');
INSERT INTO `user` (`id`, `profile_id`, `level_id`, `email`, `roles`, `password`, `username`, `birthdate`, `city`, `picture`) VALUES
(1475, 12, NULL, 'klegrand@marques.net', '[]', '$2y$10$HckJZ/BO4odgwqwU.jePX.EKgAfR2gbrnXactzicIE.6N3kzfbQru', 'bouvet.jacques', '2006-08-10', 'Boulay', 'https://cdn-icons-png.flaticon.com/512/435/435048.png'),
(1476, 11, 12, 'martinez.alphonse@live.com', '[]', '$2y$10$Brla3YQvpPisRmGYLp1aHOfHd5PQSrTiNw2mj59r/rNs4QsMNU.Hy', 'kruiz', '1993-12-08', 'LevequeVille', 'https://cdn-icons-png.flaticon.com/512/924/924874.png'),
(1477, 12, 14, 'julie75@dacosta.net', '[]', '$2y$10$bOvsmHGcKHNq266ELJf0oeFaNeGDhSUD7R9BHOGtHVJiztxmABffS', 'corinne.chauvin', '1970-07-05', 'Auger-sur-Adam', 'https://cdn-icons-png.flaticon.com/512/6595/6595509.png'),
(1478, 11, NULL, 'alex.royer@bruneau.com', '[]', '$2y$10$4j1mj4JltT15Tb1o164mSub8m2WL2dFj4W2JAcWi.eTvxyOab4swy', 'valentin.sabine', '1973-05-24', 'Sauvage', 'https://cdn-icons-png.flaticon.com/512/5793/5793587.png'),
(1479, NULL, 13, 'allard.juliette@yahoo.fr', '[]', '$2y$10$pm.vpxn2Q77loI5GBJ/y8OJcMHfVdvKqrBW4CtNZbNKTacpoq.yrq', 'edouard.reynaud', '1964-10-05', 'Carre', 'https://cdn-icons-png.flaticon.com/512/597/597566.png'),
(1480, 12, 15, 'ibouvet@laurent.fr', '[]', '$2y$10$kd9ycJ2buaW/3xjwqUVcI.WRZd0xUp5q1qclCR8Nf6foWAqHlbwNe', 'zgomez', '2005-07-09', 'Hamon', 'https://cdn-icons-png.flaticon.com/512/2213/2213713.png'),
(1481, 12, NULL, 'franck02@hotmail.fr', '[]', '$2y$10$d1OGYdqo5YnQCEuZAA0PCeiRKll37e3BsIzfxVETeOUMjnLPCFpWi', 'jourdan.franck', '1973-06-08', 'BrunVille', 'https://cdn-icons-png.flaticon.com/512/2941/2941796.png'),
(1482, 11, 12, 'catherine.fournier@ramos.com', '[]', '$2y$10$k6CJHPdtfkMIltkrHmJukewPWoW/TnOl1R2R0ciPMOAt0WDoFFrYy', 'marchal.therese', '1974-01-05', 'Letellier-les-Bains', 'https://cdn-icons-png.flaticon.com/512/1674/1674292.png'),
(1483, 10, 12, 'pauline64@laposte.net', '[]', '$2y$10$EWzgrDdpZ5FfNhuOSo3KKelQYh33xfbR8g/H38adI9XRkesmV6Bai', 'ccoulon', '1987-03-11', 'Leduc', 'https://cdn-icons-png.flaticon.com/512/306/306772.png'),
(1484, NULL, NULL, 'mrenault@yahoo.fr', '[]', '$2y$10$oojY2c7ttEKynmzaaZYaVOBUISfSU6SFblTY1sDXPrjl0fxzK9Hay', 'masse.emilie', '1998-10-31', 'Leroux', 'https://cdn-icons-png.flaticon.com/512/2579/2579243.png'),
(1485, 11, 12, 'joseph.guillet@allain.net', '[]', '$2y$10$6JYo7Irn43I6a3hS9OcvvuYD2J.VhxUhpDJfP12.Csjrp3WPUtCqm', 'jerome58', '1997-11-07', 'Lombard', 'https://cdn-icons-png.flaticon.com/512/2503/2503183.png'),
(1486, 11, 15, 'hugues.joseph@noos.fr', '[]', '$2y$10$43swrYOCwRkmPgZEY.iDkeIpHQnpiyYl2eNZWgXDBgX8HYlZNPkyu', 'pgermain', '2002-05-09', 'Berger', 'https://cdn-icons-png.flaticon.com/512/452/452539.png'),
(1487, 10, NULL, 'guillon.chantal@hotmail.fr', '[]', '$2y$10$ZAThEYR6v3ft7RpKVkWO9ueemJpzVOA/qujxd3t3db2bidk5pBFkK', 'jules.maurice', '1968-03-05', 'Adam', 'https://cdn-icons-png.flaticon.com/512/1674/1674292.png'),
(1488, 11, 15, 'luc67@techer.org', '[]', '$2y$10$xrl1ED/qtTwgESCqLKuI8ewVafdUjrk4Y5gTxel/R7K4J0WKv/GUq', 'launay.alphonse', '1974-04-13', 'Sauvage-les-Bains', 'https://cdn-icons-png.flaticon.com/512/6530/6530866.png'),
(1489, NULL, 13, 'rene.briand@live.com', '[]', '$2y$10$b1lEEWKUWUL/cR2seaK38ODU4bIXTgom.no7HuPLhgayccMTqNJXG', 'roche.susan', '1991-11-23', 'Samson-les-Bains', 'https://cdn-icons-png.flaticon.com/512/6530/6530866.png'),
(1490, 11, NULL, 'julien.paris@gonzalez.com', '[]', '$2y$10$q7CJgao9QvBR22DP6jVxTOKR9DzYDkKEh98o0QBPt.mgMHGw0Ha6.', 'blebrun', '1987-04-06', 'Chartier', 'https://cdn-icons-png.flaticon.com/512/1487/1487231.png'),
(1491, 12, 12, 'cmartineau@bigot.com', '[]', '$2y$10$XEqYVngtHWf4ZQgG.dirMeFBr7G/Xxrxnm1AkoQ45ZqLS9DYIylNe', 'michel.antoine', '1991-09-23', 'Langlois', 'https://cdn-icons-png.flaticon.com/512/2941/2941796.png'),
(1492, 12, 12, 'margot91@vallee.fr', '[]', '$2y$10$wwnYX3WBfhmf1L8tBAeqAuDfgyvFonuxwDaWTZ2zXftn5JC3VH6fu', 'rhubert', '1989-12-23', 'DavidVille', 'https://cdn-icons-png.flaticon.com/512/2503/2503183.png'),
(1493, 10, NULL, 'noemi.chauveau@hotmail.fr', '[]', '$2y$10$65fepCdgqqSfoHvua8Ry1eka/2T.CO5anQIkgb2E2997SUSaDp0vu', 'anouk49', '2002-02-16', 'Maillot-sur-Louis', 'https://cdn-icons-png.flaticon.com/512/1120/1120972.png'),
(1494, NULL, 14, 'flebrun@live.com', '[]', '$2y$10$FduTZXzs60FBwzAwuc5NO.lZllX4W8ZK2wYeCeIlPo2a1wDGVvzJO', 'marchal.anais', '1990-02-18', 'Le Goff', 'https://cdn-icons-png.flaticon.com/512/1120/1120972.png'),
(1495, 10, 12, 'flegoff@diaz.fr', '[]', '$2y$10$ED6fDVw5X1xsfRHbVSeRUulbvI9iZH.VjPRgL4yrksKX6xE0J6IVm', 'njacquet', '1994-06-11', 'BruneauVille', 'https://cdn-icons-png.flaticon.com/512/1674/1674292.png'),
(1496, 10, NULL, 'fgaillard@boucher.fr', '[]', '$2y$10$m4hdCDJrE97BXoNp43hzn.gfW/v3LCrsGcJV9z3.3A9iNxiicPxyu', 'benoit.charrier', '2005-01-29', 'Cohen-la-Forêt', 'https://cdn-icons-png.flaticon.com/512/3819/3819167.png'),
(1497, 12, 14, 'epottier@francois.fr', '[]', '$2y$10$i5aGowk.15GXTS1Gvvaf1eBvrqNbWpuaeQVm7suoC4NK7fpgh9l6y', 'ufaivre', '2007-09-26', 'Guillot', 'https://cdn-icons-png.flaticon.com/512/6530/6530866.png'),
(1498, 12, 12, 'mblondel@ruiz.fr', '[]', '$2y$10$G4LxsIHhLKwvNdoliN.lHenkxrEDLnIpwfevMvWT7rMo/Ol3HyffK', 'lemaire.monique', '1970-11-12', 'Dupuis', 'https://cdn-icons-png.flaticon.com/512/4352/4352117.png'),
(1499, NULL, NULL, 'thibault.jacques@gmail.com', '[]', '$2y$10$N0PhaH7zk4RKsNItDYK7u.bGj2vcKi5x.IhSraMxb6oUok5hnxTmu', 'paul.duhamel', '1995-04-16', 'Labbe', 'https://cdn-icons-png.flaticon.com/512/4352/4352117.png'),
(1500, 10, 15, 'therese.pascal@gmail.com', '[]', '$2y$10$MyAAOUnAxCptdCPXiVsS3ueH4hLVyZw2DegwvgixlAoN/nxc6Qgne', 'vallee.zacharie', '1985-11-23', 'Brunet', 'https://cdn-icons-png.flaticon.com/512/1880/1880988.png'),
(1501, 10, 13, 'roger.lemaire@jacquet.com', '[]', '$2y$10$7eqPRz5m60aswxtW287pMuBE6dt75OZYKiwELm38FkRcqYYvX1z9i', 'sguillot', '1971-07-16', 'Vasseur-sur-Lemaire', 'https://cdn-icons-png.flaticon.com/512/597/597566.png'),
(1502, 11, NULL, 'sanchez.remy@collet.com', '[]', '$2y$10$l59tigVvgicshwjGGXkgRO26mslaA2zCkTQkA4oGXmjjKqIo3IAnO', 'cbouvet', '1986-07-13', 'Simon-sur-Hebert', 'https://cdn-icons-png.flaticon.com/512/2213/2213713.png'),
(1503, 11, 15, 'anais.besnard@tele2.fr', '[]', '$2y$10$5QiYfXOIa2CIyPRM1yTwgeS8cM6Rm/Er7aIKbP43wU0TrEOfNxIi.', 'benjamin34', '1970-06-30', 'DelaunayBourg', 'https://cdn-icons-png.flaticon.com/512/435/435048.png'),
(1504, NULL, 14, 'gilles.clement@live.com', '[]', '$2y$10$pW/2KCTtbasiyL35eZff1.jTSggLckuuTozDb7TZq5jVJurYxCH5K', 'christiane.huet', '1980-02-29', 'Pinto-la-Forêt', 'https://cdn-icons-png.flaticon.com/512/3819/3819167.png'),
(1505, 9, 13, 'aebrotie.dev.tests@gmail.com', '[]', '$2y$13$iESs3aAMh2WBiRl/TC3jfOoR9tF04qIOXYHXqL6.eEq5/JmqWBXj6', 'aebr', '1988-01-29', 'Lille', 'octopus-61e1a7bcbf5fd.png');

-- --------------------------------------------------------

--
-- Structure de la table `user_board_game`
--

CREATE TABLE `user_board_game` (
  `user_id` int(11) NOT NULL,
  `board_game_id` int(11) NOT NULL
) ENGINE=InnoDB DEFAULT CHARSET=utf8mb4 COLLATE=utf8mb4_unicode_ci;

--
-- Déchargement des données de la table `user_board_game`
--

INSERT INTO `user_board_game` (`user_id`, `board_game_id`) VALUES
(1005, 239),
(1006, 257),
(1007, 297),
(1008, 219),
(1009, 229),
(1010, 204),
(1012, 236),
(1013, 247),
(1014, 297),
(1015, 300),
(1016, 285),
(1017, 290),
(1019, 298),
(1020, 232),
(1021, 273),
(1022, 237),
(1023, 239),
(1024, 273),
(1026, 288),
(1027, 239),
(1028, 218),
(1029, 251),
(1030, 234),
(1031, 248),
(1033, 204),
(1034, 226),
(1035, 252),
(1036, 244),
(1037, 216),
(1038, 273),
(1040, 234),
(1041, 241),
(1042, 280),
(1043, 271),
(1044, 257),
(1045, 228),
(1047, 210),
(1048, 239),
(1049, 254),
(1050, 236),
(1051, 265),
(1052, 271),
(1054, 276),
(1055, 276),
(1056, 226),
(1057, 228),
(1058, 267),
(1059, 239),
(1061, 279),
(1062, 207),
(1063, 254),
(1064, 202),
(1065, 227),
(1066, 215),
(1068, 211),
(1069, 251),
(1070, 234),
(1071, 204),
(1072, 250),
(1073, 254),
(1075, 249),
(1076, 244),
(1077, 209),
(1078, 232),
(1079, 209),
(1080, 207),
(1082, 247),
(1083, 245),
(1084, 250),
(1085, 272),
(1086, 257),
(1087, 232),
(1089, 226),
(1090, 256),
(1091, 283),
(1092, 285),
(1093, 295),
(1094, 213),
(1096, 225),
(1097, 209),
(1098, 267),
(1099, 219),
(1100, 204),
(1101, 213),
(1103, 267),
(1104, 289),
(1105, 272),
(1106, 247),
(1107, 233),
(1108, 286),
(1110, 261),
(1111, 278),
(1112, 212),
(1113, 251),
(1114, 201),
(1115, 261),
(1117, 287),
(1118, 222),
(1119, 240),
(1120, 249),
(1121, 209),
(1122, 225),
(1124, 244),
(1125, 258),
(1126, 204),
(1127, 292),
(1128, 289),
(1129, 285),
(1131, 238),
(1132, 253),
(1133, 270),
(1134, 255),
(1135, 224),
(1136, 267),
(1138, 259),
(1139, 256),
(1140, 249),
(1141, 214),
(1142, 202),
(1143, 264),
(1145, 294),
(1146, 225),
(1147, 264),
(1148, 240),
(1149, 296),
(1150, 289),
(1152, 244),
(1153, 294),
(1154, 217),
(1155, 258),
(1156, 261),
(1157, 288),
(1159, 285),
(1160, 218),
(1161, 224),
(1162, 285),
(1163, 255),
(1164, 219),
(1166, 259),
(1167, 293),
(1168, 278),
(1169, 206),
(1170, 253),
(1171, 282),
(1173, 276),
(1174, 226),
(1175, 266),
(1176, 224),
(1177, 279),
(1178, 240),
(1180, 221),
(1181, 222),
(1182, 249),
(1183, 296),
(1184, 275),
(1185, 289),
(1187, 269),
(1188, 225),
(1189, 286),
(1190, 201),
(1191, 215),
(1192, 249),
(1194, 251),
(1195, 257),
(1196, 250),
(1197, 271),
(1198, 293),
(1199, 226),
(1201, 296),
(1202, 259),
(1203, 252),
(1204, 264),
(1205, 265),
(1206, 261),
(1208, 236),
(1209, 205),
(1210, 299),
(1211, 218),
(1212, 289),
(1213, 235),
(1215, 214),
(1216, 267),
(1217, 222),
(1218, 244),
(1219, 206),
(1220, 246),
(1222, 264),
(1223, 249),
(1224, 238),
(1225, 258),
(1226, 281),
(1227, 257),
(1229, 209),
(1230, 204),
(1231, 264),
(1232, 213),
(1233, 204),
(1234, 279),
(1236, 258),
(1237, 275),
(1238, 234),
(1239, 237),
(1240, 204),
(1241, 281),
(1243, 216),
(1244, 221),
(1245, 230),
(1246, 220),
(1247, 259),
(1248, 269),
(1250, 250),
(1251, 241),
(1252, 225),
(1253, 296),
(1254, 207),
(1255, 278),
(1257, 278),
(1258, 223),
(1259, 201),
(1260, 239),
(1261, 249),
(1262, 298),
(1264, 273),
(1265, 235),
(1266, 236),
(1267, 258),
(1268, 206),
(1269, 300),
(1271, 210),
(1272, 213),
(1273, 293),
(1274, 214),
(1275, 284),
(1276, 276),
(1278, 237),
(1279, 220),
(1280, 259),
(1281, 230),
(1282, 298),
(1283, 256),
(1285, 280),
(1286, 287),
(1287, 222),
(1288, 227),
(1289, 276),
(1290, 220),
(1292, 216),
(1293, 296),
(1294, 228),
(1295, 252),
(1296, 300),
(1297, 292),
(1299, 242),
(1300, 232),
(1301, 270),
(1302, 280),
(1303, 257),
(1304, 287),
(1306, 248),
(1307, 205),
(1308, 277),
(1309, 269),
(1310, 215),
(1311, 255),
(1313, 210),
(1314, 240),
(1315, 204),
(1316, 224),
(1317, 210),
(1318, 297),
(1320, 257),
(1321, 291),
(1322, 233),
(1323, 297),
(1324, 232),
(1325, 275),
(1327, 283),
(1328, 265),
(1329, 201),
(1330, 269),
(1331, 261),
(1332, 258),
(1334, 252),
(1335, 252),
(1336, 279),
(1337, 234),
(1338, 266),
(1339, 219),
(1341, 206),
(1342, 253),
(1343, 216),
(1344, 280),
(1345, 288),
(1346, 250),
(1348, 295),
(1349, 245),
(1350, 243),
(1351, 214),
(1352, 293),
(1353, 205),
(1355, 206),
(1356, 259),
(1357, 230),
(1358, 228),
(1359, 288),
(1360, 210),
(1362, 234),
(1363, 234),
(1364, 217),
(1365, 254),
(1366, 247),
(1367, 236),
(1369, 280),
(1370, 236),
(1371, 231),
(1372, 272),
(1373, 219),
(1374, 263),
(1376, 239),
(1377, 259),
(1378, 285),
(1379, 278),
(1380, 242),
(1381, 221),
(1383, 251),
(1384, 233),
(1385, 229),
(1386, 274),
(1387, 276),
(1388, 233),
(1390, 280),
(1391, 279),
(1392, 269),
(1393, 243),
(1394, 203),
(1395, 291),
(1397, 223),
(1398, 246),
(1399, 248),
(1400, 264),
(1401, 241),
(1402, 282),
(1404, 293),
(1405, 218),
(1406, 258),
(1407, 299),
(1408, 298),
(1409, 293),
(1411, 272),
(1412, 276),
(1413, 275),
(1414, 233),
(1415, 210),
(1416, 298),
(1418, 296),
(1419, 207),
(1420, 296),
(1421, 211),
(1422, 234),
(1423, 239),
(1425, 289),
(1426, 272),
(1427, 269),
(1428, 240),
(1429, 210),
(1430, 271),
(1432, 285),
(1433, 212),
(1434, 271),
(1435, 214),
(1436, 250),
(1437, 254),
(1439, 275),
(1440, 230),
(1441, 224),
(1442, 250),
(1443, 216),
(1444, 291),
(1446, 237),
(1447, 261),
(1448, 256),
(1449, 232),
(1450, 269),
(1451, 220),
(1453, 208),
(1454, 210),
(1455, 258),
(1456, 219),
(1457, 291),
(1458, 257),
(1460, 231),
(1461, 265),
(1462, 254),
(1463, 205),
(1464, 250),
(1465, 250),
(1467, 282),
(1468, 243),
(1469, 268),
(1470, 235),
(1471, 293),
(1472, 241),
(1474, 222),
(1475, 204),
(1476, 257),
(1477, 286),
(1478, 290),
(1479, 288),
(1481, 276),
(1482, 216),
(1483, 213),
(1484, 261),
(1485, 252),
(1486, 234),
(1488, 239),
(1489, 288),
(1490, 201),
(1491, 223),
(1492, 232),
(1493, 205),
(1495, 261),
(1496, 293),
(1497, 229),
(1498, 229),
(1499, 276),
(1500, 285),
(1502, 203),
(1503, 272),
(1504, 229);

-- --------------------------------------------------------

--
-- Structure de la table `user_comic`
--

CREATE TABLE `user_comic` (
  `user_id` int(11) NOT NULL,
  `comic_id` int(11) NOT NULL
) ENGINE=InnoDB DEFAULT CHARSET=utf8mb4 COLLATE=utf8mb4_unicode_ci;

--
-- Déchargement des données de la table `user_comic`
--

INSERT INTO `user_comic` (`user_id`, `comic_id`) VALUES
(1005, 250),
(1006, 272),
(1007, 222),
(1009, 223),
(1010, 217),
(1011, 232),
(1013, 288),
(1014, 228),
(1015, 246),
(1017, 272),
(1018, 283),
(1019, 243),
(1021, 234),
(1022, 266),
(1023, 205),
(1025, 205),
(1026, 236),
(1027, 264),
(1029, 247),
(1030, 294),
(1031, 254),
(1033, 203),
(1034, 248),
(1035, 240),
(1037, 244),
(1038, 202),
(1039, 229),
(1041, 255),
(1042, 207),
(1043, 253),
(1045, 269),
(1046, 275),
(1047, 287),
(1049, 263),
(1050, 266),
(1051, 215),
(1053, 294),
(1054, 280),
(1055, 298),
(1057, 273),
(1058, 211),
(1059, 217),
(1061, 206),
(1062, 297),
(1063, 233),
(1065, 223),
(1066, 221),
(1067, 215),
(1069, 283),
(1070, 258),
(1071, 277),
(1073, 258),
(1074, 263),
(1075, 211),
(1077, 213),
(1078, 281),
(1079, 218),
(1081, 279),
(1082, 287),
(1083, 294),
(1085, 277),
(1086, 229),
(1087, 249),
(1089, 278),
(1090, 291),
(1091, 252),
(1093, 262),
(1094, 229),
(1095, 235),
(1097, 243),
(1098, 211),
(1099, 238),
(1101, 234),
(1102, 242),
(1103, 274),
(1105, 202),
(1106, 208),
(1107, 298),
(1109, 280),
(1110, 210),
(1111, 208),
(1113, 208),
(1114, 289),
(1115, 288),
(1117, 287),
(1118, 298),
(1119, 294),
(1121, 295),
(1122, 244),
(1123, 268),
(1125, 253),
(1126, 220),
(1127, 295),
(1129, 245),
(1130, 232),
(1131, 264),
(1133, 298),
(1134, 290),
(1135, 257),
(1137, 278),
(1138, 299),
(1139, 234),
(1141, 227),
(1142, 265),
(1143, 213),
(1145, 292),
(1146, 227),
(1147, 242),
(1149, 252),
(1150, 223),
(1151, 270),
(1153, 243),
(1154, 254),
(1155, 215),
(1157, 283),
(1158, 255),
(1159, 208),
(1161, 281),
(1162, 251),
(1163, 205),
(1165, 265),
(1166, 289),
(1167, 273),
(1169, 236),
(1170, 235),
(1171, 235),
(1173, 204),
(1174, 241),
(1175, 299),
(1177, 233),
(1178, 289),
(1179, 298),
(1181, 213),
(1182, 290),
(1183, 260),
(1185, 244),
(1186, 240),
(1187, 223),
(1189, 209),
(1190, 267),
(1191, 282),
(1193, 287),
(1194, 280),
(1195, 242),
(1197, 213),
(1198, 263),
(1199, 215),
(1201, 219),
(1202, 260),
(1203, 250),
(1205, 217),
(1206, 209),
(1207, 267),
(1209, 225),
(1210, 225),
(1211, 278),
(1213, 218),
(1214, 210),
(1215, 211),
(1217, 205),
(1218, 208),
(1219, 216),
(1221, 202),
(1222, 264),
(1223, 224),
(1225, 266),
(1226, 297),
(1227, 262),
(1229, 284),
(1230, 276),
(1231, 280),
(1233, 236),
(1234, 223),
(1235, 283),
(1237, 253),
(1238, 262),
(1239, 263),
(1241, 267),
(1242, 287),
(1243, 273),
(1245, 263),
(1246, 209),
(1247, 216),
(1249, 300),
(1250, 291),
(1251, 238),
(1253, 259),
(1254, 298),
(1255, 292),
(1257, 247),
(1258, 205),
(1259, 278),
(1261, 270),
(1262, 217),
(1263, 278),
(1265, 268),
(1266, 248),
(1267, 232),
(1269, 271),
(1270, 298),
(1271, 208),
(1273, 229),
(1274, 267),
(1275, 289),
(1277, 262),
(1278, 300),
(1279, 257),
(1281, 291),
(1282, 267),
(1283, 295),
(1285, 218),
(1286, 246),
(1287, 261),
(1289, 211),
(1290, 283),
(1291, 247),
(1293, 289),
(1294, 276),
(1295, 285),
(1297, 267),
(1298, 210),
(1299, 242),
(1301, 240),
(1302, 235),
(1303, 249),
(1305, 216),
(1306, 252),
(1307, 246),
(1309, 240),
(1310, 278),
(1311, 290),
(1313, 217),
(1314, 222),
(1315, 295),
(1317, 287),
(1318, 209),
(1319, 251),
(1321, 225),
(1322, 242),
(1323, 281),
(1325, 279),
(1326, 286),
(1327, 231),
(1329, 276),
(1330, 265),
(1331, 256),
(1333, 265),
(1334, 242),
(1335, 281),
(1337, 240),
(1338, 300),
(1339, 233),
(1341, 257),
(1342, 215),
(1343, 293),
(1345, 254),
(1346, 250),
(1347, 257),
(1349, 250),
(1350, 266),
(1351, 299),
(1353, 258),
(1354, 207),
(1355, 275),
(1357, 220),
(1358, 240),
(1359, 217),
(1361, 217),
(1362, 230),
(1363, 230),
(1365, 208),
(1366, 252),
(1367, 282),
(1369, 203),
(1370, 246),
(1371, 201),
(1373, 259),
(1374, 248),
(1375, 216),
(1377, 244),
(1378, 201),
(1379, 251),
(1381, 207),
(1382, 264),
(1383, 297),
(1385, 224),
(1386, 266),
(1387, 279),
(1389, 283),
(1390, 203),
(1391, 235),
(1393, 249),
(1394, 283),
(1395, 289),
(1397, 283),
(1398, 274),
(1399, 247),
(1401, 291),
(1402, 293),
(1403, 209),
(1405, 208),
(1406, 238),
(1407, 213),
(1409, 247),
(1410, 251),
(1411, 242),
(1413, 247),
(1414, 234),
(1415, 283),
(1417, 297),
(1418, 258),
(1419, 299),
(1421, 263),
(1422, 223),
(1423, 293),
(1425, 204),
(1426, 289),
(1427, 210),
(1429, 282),
(1430, 290),
(1431, 255),
(1433, 221),
(1434, 212),
(1435, 210),
(1437, 268),
(1438, 286),
(1439, 273),
(1441, 257),
(1442, 229),
(1443, 238),
(1445, 284),
(1446, 232),
(1447, 231),
(1449, 225),
(1450, 223),
(1451, 276),
(1453, 221),
(1454, 266),
(1455, 270),
(1457, 271),
(1458, 207),
(1459, 272),
(1461, 246),
(1462, 214),
(1463, 229),
(1465, 277),
(1466, 298),
(1467, 259),
(1469, 295),
(1470, 265),
(1471, 263),
(1473, 246),
(1474, 246),
(1475, 232),
(1477, 207),
(1478, 241),
(1479, 283),
(1481, 239),
(1482, 234),
(1483, 216),
(1485, 231),
(1486, 294),
(1487, 262),
(1489, 298),
(1490, 239),
(1491, 254),
(1493, 278),
(1494, 232),
(1495, 267),
(1497, 252),
(1498, 259),
(1499, 228),
(1501, 291),
(1502, 274),
(1503, 253);

-- --------------------------------------------------------

--
-- Structure de la table `user_level`
--

CREATE TABLE `user_level` (
  `id` int(11) NOT NULL,
  `name` varchar(50) COLLATE utf8mb4_unicode_ci NOT NULL
) ENGINE=InnoDB DEFAULT CHARSET=utf8mb4 COLLATE=utf8mb4_unicode_ci;

--
-- Déchargement des données de la table `user_level`
--

INSERT INTO `user_level` (`id`, `name`) VALUES
(11, 'Débutant'),
(12, 'Occasionnel'),
(13, 'Intermédiaire'),
(14, 'Confirmé'),
(15, 'Professionnel');

-- --------------------------------------------------------

--
-- Structure de la table `user_manga`
--

CREATE TABLE `user_manga` (
  `user_id` int(11) NOT NULL,
  `manga_id` int(11) NOT NULL
) ENGINE=InnoDB DEFAULT CHARSET=utf8mb4 COLLATE=utf8mb4_unicode_ci;

--
-- Déchargement des données de la table `user_manga`
--

INSERT INTO `user_manga` (`user_id`, `manga_id`) VALUES
(1005, 208),
(1006, 267),
(1007, 257),
(1008, 270),
(1010, 267),
(1011, 235),
(1012, 242),
(1013, 229),
(1015, 204),
(1016, 239),
(1017, 292),
(1018, 217),
(1020, 247),
(1021, 250),
(1022, 233),
(1023, 250),
(1025, 266),
(1026, 237),
(1027, 264),
(1028, 209),
(1030, 297),
(1031, 214),
(1032, 207),
(1033, 251),
(1035, 214),
(1036, 295),
(1037, 221),
(1038, 291),
(1040, 209),
(1041, 241),
(1042, 297),
(1043, 232),
(1045, 201),
(1046, 235),
(1047, 218),
(1048, 264),
(1050, 248),
(1051, 241),
(1052, 204),
(1053, 207),
(1055, 289),
(1056, 283),
(1057, 262),
(1058, 267),
(1060, 211),
(1061, 274),
(1062, 274),
(1063, 202),
(1065, 258),
(1066, 254),
(1067, 242),
(1068, 243),
(1070, 261),
(1071, 214),
(1072, 254),
(1073, 250),
(1075, 212),
(1076, 253),
(1077, 266),
(1078, 263),
(1080, 267),
(1081, 227),
(1082, 252),
(1083, 276),
(1085, 289),
(1086, 208),
(1087, 285),
(1088, 278),
(1090, 255),
(1091, 253),
(1092, 266),
(1093, 255),
(1095, 267),
(1096, 279),
(1097, 231),
(1098, 276),
(1100, 222),
(1101, 255),
(1102, 298),
(1103, 218),
(1105, 230),
(1106, 212),
(1107, 216),
(1108, 254),
(1110, 296),
(1111, 255),
(1112, 292),
(1113, 254),
(1115, 222),
(1116, 230),
(1117, 278),
(1118, 241),
(1120, 236),
(1121, 265),
(1122, 223),
(1123, 270),
(1125, 208),
(1126, 204),
(1127, 229),
(1128, 247),
(1130, 279),
(1131, 300),
(1132, 233),
(1133, 225),
(1135, 270),
(1136, 239),
(1137, 294),
(1138, 210),
(1140, 295),
(1141, 220),
(1142, 218),
(1143, 225),
(1145, 225),
(1146, 213),
(1147, 222),
(1148, 284),
(1150, 225),
(1151, 249),
(1152, 211),
(1153, 265),
(1155, 247),
(1156, 232),
(1157, 201),
(1158, 259),
(1160, 248),
(1161, 269),
(1162, 267),
(1163, 212),
(1165, 267),
(1166, 239),
(1167, 216),
(1168, 277),
(1170, 274),
(1171, 295),
(1172, 218),
(1173, 262),
(1175, 287),
(1176, 271),
(1177, 273),
(1178, 234),
(1180, 239),
(1181, 297),
(1182, 287),
(1183, 282),
(1185, 272),
(1186, 205),
(1187, 263),
(1188, 240),
(1190, 261),
(1191, 223),
(1192, 288),
(1193, 211),
(1195, 219),
(1196, 208),
(1197, 203),
(1198, 296),
(1200, 225),
(1201, 238),
(1202, 239),
(1203, 240),
(1205, 260),
(1206, 258),
(1207, 204),
(1208, 275),
(1210, 219),
(1211, 217),
(1212, 269),
(1213, 214),
(1215, 243),
(1216, 231),
(1217, 295),
(1218, 281),
(1220, 277),
(1221, 259),
(1222, 235),
(1223, 291),
(1225, 203),
(1226, 234),
(1227, 262),
(1228, 290),
(1230, 284),
(1231, 216),
(1232, 286),
(1233, 251),
(1235, 257),
(1236, 221),
(1237, 255),
(1238, 229),
(1240, 227),
(1241, 227),
(1242, 231),
(1243, 267),
(1245, 226),
(1246, 265),
(1247, 245),
(1248, 261),
(1250, 272),
(1251, 260),
(1252, 251),
(1253, 247),
(1255, 245),
(1256, 283),
(1257, 239),
(1258, 278),
(1260, 202),
(1261, 257),
(1262, 261),
(1263, 272),
(1265, 244),
(1266, 278),
(1267, 228),
(1268, 239),
(1270, 242),
(1271, 230),
(1272, 282),
(1273, 209),
(1275, 264),
(1276, 224),
(1277, 274),
(1278, 299),
(1280, 242),
(1281, 276),
(1282, 293),
(1283, 254),
(1285, 249),
(1286, 270),
(1287, 279),
(1288, 234),
(1290, 242),
(1291, 233),
(1292, 275),
(1293, 278),
(1295, 290),
(1296, 295),
(1297, 270),
(1298, 280),
(1300, 300),
(1301, 207),
(1302, 208),
(1303, 292),
(1305, 224),
(1306, 262),
(1307, 238),
(1308, 274),
(1310, 243),
(1311, 268),
(1312, 280),
(1313, 228),
(1315, 204),
(1316, 228),
(1317, 209),
(1318, 257),
(1320, 262),
(1321, 230),
(1322, 291),
(1323, 233),
(1325, 203),
(1326, 215),
(1327, 284),
(1328, 215),
(1330, 245),
(1331, 239),
(1332, 222),
(1333, 253),
(1335, 239),
(1336, 207),
(1337, 283),
(1338, 230),
(1340, 204),
(1341, 283),
(1342, 203),
(1343, 206),
(1345, 279),
(1346, 244),
(1347, 270),
(1348, 269),
(1350, 298),
(1351, 300),
(1352, 245),
(1353, 203),
(1355, 299),
(1356, 257),
(1357, 240),
(1358, 280),
(1360, 245),
(1361, 274),
(1362, 232),
(1363, 277),
(1365, 279),
(1366, 227),
(1367, 204),
(1368, 246),
(1370, 295),
(1371, 219),
(1372, 211),
(1373, 243),
(1375, 213),
(1376, 270),
(1377, 255),
(1378, 267),
(1380, 201),
(1381, 293),
(1382, 230),
(1383, 245),
(1385, 258),
(1386, 247),
(1387, 293),
(1388, 232),
(1390, 270),
(1391, 239),
(1392, 204),
(1393, 271),
(1395, 277),
(1396, 230),
(1397, 287),
(1398, 284),
(1400, 289),
(1401, 291),
(1402, 257),
(1403, 280),
(1405, 210),
(1406, 205),
(1407, 252),
(1408, 205),
(1410, 214),
(1411, 211),
(1412, 203),
(1413, 295),
(1415, 283),
(1416, 253),
(1417, 219),
(1418, 273),
(1420, 250),
(1421, 217),
(1422, 227),
(1423, 207),
(1425, 227),
(1426, 222),
(1427, 252),
(1428, 249),
(1430, 221),
(1431, 264),
(1432, 206),
(1433, 220),
(1435, 204),
(1436, 210),
(1437, 233),
(1438, 292),
(1440, 230),
(1441, 241),
(1442, 295),
(1443, 280),
(1445, 249),
(1446, 214),
(1447, 243),
(1448, 254),
(1450, 232),
(1451, 283),
(1452, 272),
(1453, 208),
(1455, 290),
(1456, 232),
(1457, 260),
(1458, 230),
(1460, 208),
(1461, 216),
(1462, 221),
(1463, 294),
(1465, 206),
(1466, 281),
(1467, 228),
(1468, 210),
(1470, 258),
(1471, 231),
(1472, 218),
(1473, 236),
(1475, 260),
(1476, 220),
(1477, 279),
(1478, 207),
(1480, 251),
(1481, 206),
(1482, 232),
(1483, 224),
(1485, 218),
(1486, 201),
(1487, 202),
(1488, 297),
(1490, 253),
(1491, 284),
(1492, 278),
(1493, 274),
(1495, 205),
(1496, 235),
(1497, 202),
(1498, 261),
(1500, 222),
(1501, 270),
(1502, 231),
(1503, 272);

-- --------------------------------------------------------

--
-- Structure de la table `user_profile`
--

CREATE TABLE `user_profile` (
  `id` int(11) NOT NULL,
  `name` varchar(50) COLLATE utf8mb4_unicode_ci DEFAULT NULL
) ENGINE=InnoDB DEFAULT CHARSET=utf8mb4 COLLATE=utf8mb4_unicode_ci;

--
-- Déchargement des données de la table `user_profile`
--

INSERT INTO `user_profile` (`id`, `name`) VALUES
(9, 'Gamer'),
(10, 'Joueur de jeux de société'),
(11, 'Lecteur de mangas'),
(12, 'Lecteur de comics');

-- --------------------------------------------------------

--
-- Structure de la table `user_video_game`
--

CREATE TABLE `user_video_game` (
  `user_id` int(11) NOT NULL,
  `video_game_id` int(11) NOT NULL
) ENGINE=InnoDB DEFAULT CHARSET=utf8mb4 COLLATE=utf8mb4_unicode_ci;

--
-- Déchargement des données de la table `user_video_game`
--

INSERT INTO `user_video_game` (`user_id`, `video_game_id`) VALUES
(1005, 286),
(1006, 223),
(1008, 240),
(1009, 299),
(1011, 218),
(1012, 286),
(1014, 250),
(1015, 239),
(1017, 211),
(1018, 267),
(1020, 292),
(1021, 298),
(1023, 201),
(1024, 253),
(1026, 218),
(1027, 215),
(1029, 277),
(1030, 285),
(1032, 271),
(1033, 230),
(1035, 267),
(1036, 215),
(1038, 274),
(1039, 260),
(1041, 204),
(1042, 254),
(1044, 215),
(1045, 247),
(1047, 250),
(1048, 292),
(1050, 266),
(1051, 270),
(1053, 246),
(1054, 239),
(1056, 241),
(1057, 289),
(1059, 245),
(1060, 242),
(1062, 277),
(1063, 268),
(1065, 250),
(1066, 288),
(1068, 232),
(1069, 300),
(1071, 208),
(1072, 211),
(1074, 246),
(1075, 283),
(1077, 298),
(1078, 298),
(1080, 217),
(1081, 240),
(1083, 249),
(1084, 299),
(1086, 278),
(1087, 246),
(1089, 258),
(1090, 284),
(1092, 252),
(1093, 269),
(1095, 244),
(1096, 205),
(1098, 217),
(1099, 234),
(1101, 282),
(1102, 277),
(1104, 282),
(1105, 246),
(1107, 221),
(1108, 231),
(1110, 265),
(1111, 218),
(1113, 260),
(1114, 213),
(1116, 255),
(1117, 210),
(1119, 289),
(1120, 278),
(1122, 217),
(1123, 206),
(1125, 222),
(1126, 284),
(1128, 231),
(1129, 222),
(1131, 262),
(1132, 257),
(1134, 231),
(1135, 299),
(1137, 280),
(1138, 231),
(1140, 249),
(1141, 234),
(1143, 256),
(1144, 218),
(1146, 292),
(1147, 213),
(1149, 290),
(1150, 204),
(1152, 209),
(1153, 216),
(1155, 270),
(1156, 212),
(1158, 250),
(1159, 276),
(1161, 235),
(1162, 221),
(1164, 259),
(1165, 264),
(1167, 283),
(1168, 268),
(1170, 296),
(1171, 232),
(1173, 209),
(1174, 248),
(1176, 248),
(1177, 207),
(1179, 236),
(1180, 286),
(1182, 274),
(1183, 218),
(1185, 222),
(1186, 256),
(1188, 206),
(1189, 247),
(1191, 220),
(1192, 260),
(1194, 252),
(1195, 275),
(1197, 295),
(1198, 266),
(1200, 237),
(1201, 204),
(1203, 284),
(1204, 273),
(1206, 284),
(1207, 285),
(1209, 290),
(1210, 278),
(1212, 272),
(1213, 290),
(1215, 258),
(1216, 272),
(1218, 213),
(1219, 237),
(1221, 299),
(1222, 278),
(1224, 211),
(1225, 232),
(1227, 267),
(1228, 239),
(1230, 285),
(1231, 299),
(1233, 254),
(1234, 220),
(1236, 284),
(1237, 258),
(1239, 260),
(1240, 272),
(1242, 213),
(1243, 211),
(1245, 289),
(1246, 297),
(1248, 223),
(1249, 249),
(1251, 214),
(1252, 254),
(1254, 281),
(1255, 252),
(1257, 246),
(1258, 233),
(1260, 275),
(1261, 297),
(1263, 237),
(1264, 204),
(1266, 299),
(1267, 294),
(1269, 287),
(1270, 245),
(1272, 271),
(1273, 209),
(1275, 233),
(1276, 214),
(1278, 241),
(1279, 244),
(1281, 259),
(1282, 259),
(1284, 251),
(1285, 290),
(1287, 255),
(1288, 236),
(1290, 215),
(1291, 297),
(1293, 294),
(1294, 298),
(1296, 216),
(1297, 230),
(1299, 239),
(1300, 284),
(1302, 226),
(1303, 235),
(1305, 255),
(1306, 297),
(1308, 213),
(1309, 289),
(1311, 243),
(1312, 243),
(1314, 278),
(1315, 281),
(1317, 254),
(1318, 268),
(1320, 222),
(1321, 203),
(1323, 211),
(1324, 216),
(1326, 221),
(1327, 287),
(1329, 238),
(1330, 291),
(1332, 228),
(1333, 269),
(1335, 236),
(1336, 254),
(1338, 269),
(1339, 241),
(1341, 249),
(1342, 299),
(1344, 232),
(1345, 265),
(1347, 297),
(1348, 224),
(1350, 276),
(1351, 268),
(1353, 232),
(1354, 283),
(1356, 271),
(1357, 206),
(1359, 283),
(1360, 256),
(1362, 271),
(1363, 224),
(1365, 244),
(1366, 217),
(1368, 290),
(1369, 202),
(1371, 271),
(1372, 251),
(1374, 267),
(1375, 271),
(1377, 264),
(1378, 282),
(1380, 250),
(1381, 274),
(1383, 252),
(1384, 273),
(1386, 246),
(1387, 250),
(1389, 278),
(1390, 230),
(1392, 246),
(1393, 247),
(1395, 201),
(1396, 219),
(1398, 283),
(1399, 237),
(1401, 244),
(1402, 253),
(1404, 203),
(1405, 292),
(1407, 265),
(1408, 280),
(1410, 268),
(1411, 229),
(1413, 266),
(1414, 297),
(1416, 281),
(1417, 291),
(1419, 291),
(1420, 217),
(1422, 271),
(1423, 263),
(1425, 273),
(1426, 233),
(1428, 291),
(1429, 251),
(1431, 280),
(1432, 255),
(1434, 276),
(1435, 216),
(1437, 241),
(1438, 267),
(1440, 297),
(1441, 250),
(1443, 262),
(1444, 275),
(1446, 274),
(1447, 264),
(1449, 287),
(1450, 245),
(1452, 209),
(1453, 239),
(1455, 274),
(1456, 222),
(1458, 224),
(1459, 231),
(1461, 239),
(1462, 282),
(1464, 221),
(1465, 229),
(1467, 234),
(1468, 209),
(1470, 275),
(1471, 216),
(1473, 245),
(1474, 250),
(1476, 204),
(1477, 204),
(1479, 264),
(1480, 276),
(1482, 228),
(1483, 293),
(1485, 235),
(1486, 201),
(1488, 209),
(1489, 270),
(1491, 286),
(1492, 239),
(1494, 266),
(1495, 231),
(1497, 293),
(1498, 234),
(1500, 203),
(1501, 244),
(1503, 282),
(1504, 210);

-- --------------------------------------------------------

--
-- Structure de la table `video_game`
--

CREATE TABLE `video_game` (
  `id` int(11) NOT NULL,
  `category_id` int(11) NOT NULL,
  `name` varchar(50) COLLATE utf8mb4_unicode_ci NOT NULL,
  `description` longtext COLLATE utf8mb4_unicode_ci NOT NULL,
  `picture` varchar(255) COLLATE utf8mb4_unicode_ci NOT NULL
) ENGINE=InnoDB DEFAULT CHARSET=utf8mb4 COLLATE=utf8mb4_unicode_ci;

--
-- Déchargement des données de la table `video_game`
--

INSERT INTO `video_game` (`id`, `category_id`, `name`, `description`, `picture`) VALUES
(201, 55, 'sit consequatur', 'Culpa ducimus aut hic sapiente. Atque atque laboriosam sit accusamus enim quia. Doloremque ea soluta sapiente dolores voluptas. Debitis eligendi sed porro quis autem voluptatem sunt optio. Enim aut est ea. Dignissimos magnam at commodi quis sit omnis. Non molestias ipsam magnam quae. Et aspernatur aut unde. A voluptate odit voluptatibus odit quibusdam qui. Soluta deleniti voluptas et blanditiis repellat cum architecto. Magnam autem iure natus facere. Dolorem doloribus aliquam dolor rerum. Aperiam et voluptate natus consequatur.', 'https://image.jeuxvideo.com/medias/163708/1637080607-7753-jaquette-avant.gif'),
(202, 46, 'assumenda fugit', 'Rerum ullam numquam et deleniti nisi. Distinctio voluptatem voluptatibus non nam aut. Accusamus consequatur fuga et id magnam. Quam sapiente sit qui ut voluptatum consequatur suscipit. Odit vel maiores voluptatum et esse accusamus quia. Rerum sint cum modi quo ipsam. Sunt nihil rerum dolores quis. Tempore nostrum ex quia praesentium porro. Quis nihil ratione vero. Ex reiciendis animi nihil ipsum ducimus qui. Voluptatibus qui quia nihil omnis.', 'https://image.jeuxvideo.com/images/jaquettes/00048634/jaquette-les-sims-4-pc-cover-avant-g-1409904702.jpg'),
(203, 56, 'dolor', 'Laboriosam eveniet magni ut deserunt. Dolor fuga laboriosam et qui nulla iure. Velit blanditiis aut et et mollitia laborum. Unde id et voluptatem magnam. Sunt est dolores atque delectus sit. Quidem tempore ad molestias exercitationem fugiat. Dolorem a minus quibusdam vel. Ut sed nam quisquam sed eligendi. Modi fugit quam natus. Ratione maiores delectus velit voluptas laudantium vel excepturi. Nostrum ex et provident qui non. Optio ab rerum maxime quia illum. Nam quia distinctio rerum voluptates rerum ut consequatur voluptates. Nisi voluptate laborum illo ut quos aut.', 'https://image.jeuxvideo.com/medias/163162/1631620218-5546-jaquette-avant.gif'),
(204, 50, 'debitis excepturi occaecati', 'Nihil non quae et ut eos consequuntur. Aut facilis omnis tenetur et enim voluptas. In nisi rerum et. Quaerat quia aspernatur in voluptatem ut et. Placeat voluptatem et et ipsam suscipit exercitationem odit mollitia. Quod expedita voluptate ipsam. Aut delectus nesciunt laboriosam cupiditate dolorem nulla fugit. Suscipit et dolorem reiciendis excepturi voluptatem laborum veniam. Pariatur corporis minus aut animi. Omnis optio in tempore dolorem.', 'https://image.jeuxvideo.com/medias/163708/1637080607-7753-jaquette-avant.gif'),
(205, 58, 'suscipit est', 'Atque temporibus delectus voluptas incidunt fuga assumenda necessitatibus. Placeat aut ipsum sapiente rem. Est cum dicta laborum. Rerum ducimus inventore qui. Eveniet et aliquam labore eveniet quia optio rerum. Explicabo harum vero in molestias corrupti qui non. Temporibus amet eum accusantium qui ipsum. Esse quam itaque adipisci quaerat voluptatem a possimus. Deleniti praesentium quo quidem consequatur fuga vitae. Illum quibusdam veniam soluta excepturi. Consequatur sint quas tenetur et reprehenderit id officia. Eaque sed nihil ullam quibusdam.', 'https://image.jeuxvideo.com/medias/163299/1632989749-6428-jaquette-avant.gif'),
(206, 43, 'nisi velit earum enim', 'Tempore ullam odit exercitationem minima ratione quam. Natus veritatis cupiditate voluptas rem deleniti sequi iste. Voluptatibus animi consequatur et et et ea animi est. Itaque et atque dignissimos voluptates optio. Reprehenderit cupiditate occaecati sit. Ut reprehenderit optio architecto labore aperiam similique. Non repellat rerum ex quisquam labore. Ducimus et sed dolor facere. Dolor aut vel ab repellat harum corporis. Quia molestiae ipsa aut sint voluptatum vitae molestiae. Accusantium voluptatem libero nihil deleniti et qui.', 'https://image.jeuxvideo.com/medias/163154/1631541998-5162-jaquette-avant.jpg'),
(207, 49, 'omnis qui', 'Dolorem facilis corporis nostrum saepe. Hic animi quo similique qui in placeat numquam. Recusandae rem error vel pariatur. Aspernatur culpa veritatis ut officiis dolor nam. Ducimus nemo rem et nostrum molestias sit et. Sed vero enim sit optio eos. Fugit assumenda sed voluptates ipsum quia atque. Labore ut voluptatem deserunt accusantium. Doloremque libero officia natus molestiae commodi odio facere recusandae. Soluta perferendis iusto praesentium quasi dolores sint rem. Corrupti occaecati nam sed voluptatum consequatur quasi dolores laborum.', 'https://image.jeuxvideo.com/medias-sm/163396/1633959248-729-jaquette-avant.gif'),
(208, 51, 'sapiente sit', 'Est quibusdam facilis impedit ipsa ipsum iste cum. Suscipit nihil iusto dolores. Dolor est autem adipisci quia. Sint commodi earum blanditiis voluptatem. Voluptatibus neque eos quia voluptatibus id perspiciatis quae. Iure dolores laboriosam unde nesciunt in incidunt asperiores. Officia cupiditate incidunt voluptas quisquam ipsa sed. Odit praesentium et deserunt quibusdam. Qui commodi quia voluptas aut. Officia voluptas odio voluptas in voluptatem totam. Dolore ut atque eius cumque reiciendis voluptas.', 'https://image.jeuxvideo.com/medias/163214/1632142889-7692-jaquette-avant.jpg'),
(209, 52, 'quae minus veritatis aut', 'Nam doloremque ipsam autem et iure ut. Voluptatibus nisi molestiae dolorem cum. Excepturi facilis qui in aspernatur. Officia sit assumenda quo nostrum culpa. Similique deleniti aut aut maiores animi ut libero. Molestiae perferendis iste architecto rerum neque. Quisquam id dolores ab et et iusto. Molestias ut vel et dolore fuga soluta aut. Quos dolorum et hic quia et corrupti esse. Quia assumenda quo architecto libero. Vel perferendis aut iste. Voluptas aliquam hic eligendi explicabo fugit ut. Ut ut pariatur distinctio est explicabo quia.', 'https://image.jeuxvideo.com/medias/163299/1632989749-6428-jaquette-avant.gif'),
(210, 50, 'qui', 'Nesciunt corrupti doloremque laboriosam maiores qui atque est. Ipsa sunt rerum soluta eos. Ut nobis alias qui sequi. Eos quis soluta asperiores animi nam sed. Cumque qui deleniti eaque fuga. Aut tenetur voluptas sapiente veritatis quod. Assumenda repellat qui qui dolorem dolore. Fugit minima sit explicabo. Sit et et recusandae. Quod quibusdam aliquid saepe voluptatem aut aut quaerat. Sequi rerum iste ipsam molestiae. Ipsum iste accusamus ut sequi. Cumque voluptates veritatis ut quas.', 'https://image.jeuxvideo.com/medias/163353/1633528483-9809-jaquette-avant.jpg'),
(211, 45, 'quaerat at excepturi vitae', 'Sed eos possimus corrupti perspiciatis quia. Ullam deserunt possimus fugit quam quibusdam debitis. Amet id eligendi aut. Itaque doloremque illo optio quisquam nobis voluptas aut. Ratione harum dolorum ex ducimus vero rerum minus dicta. Nemo qui minus voluptas consequatur et iste ad. Ex facilis enim fugit nesciunt excepturi quibusdam ducimus. Repellat minima vel quo qui quis deleniti. Et animi sunt debitis omnis iure ut. Assumenda non suscipit ea veritatis illum asperiores.', 'https://image.jeuxvideo.com/medias/163353/1633528483-9809-jaquette-avant.jpg'),
(212, 42, 'blanditiis nesciunt necessitatibus', 'Earum officia ipsam illo et. In magnam autem qui vero facilis perferendis ut. Animi consectetur velit accusamus non voluptates. Impedit velit voluptate voluptatem. Minima nemo voluptatem non quod incidunt. Unde recusandae a facilis temporibus. Repellat odio ab quia asperiores eum. Soluta consequuntur animi facere accusantium est nobis voluptas. Fuga nulla repellendus omnis occaecati nobis ratione porro et. Minus commodi neque dolore et ut. Iste vitae sed quam blanditiis repellat. Blanditiis sed soluta assumenda explicabo adipisci. Odio consequatur eaque et. Aut porro et ab voluptas.', 'https://image.jeuxvideo.com/medias/152899/1528990462-7760-jaquette-avant.jpg'),
(213, 49, 'modi rerum', 'Omnis recusandae exercitationem qui quia ratione. Et molestiae explicabo ut porro. Ut suscipit aut atque molestiae sit. Ut excepturi et cupiditate incidunt sunt nostrum impedit placeat. Ipsam quasi quae autem non aut quod sunt soluta. Id consequuntur autem aut iure vel tenetur sunt. Sit ut dolor consequatur minus omnis ullam omnis. Sit qui enim optio autem. Nostrum perferendis nemo id rem. Cupiditate eum porro ipsa sint corrupti nobis a. Qui nobis vitae totam quam voluptatem. Aspernatur quasi ipsum minus voluptatem eligendi numquam exercitationem.', 'https://letempscompere.fr/wp-content/uploads/2021/08/KyBRbcz5wCqPrdr7QFfUniEg-2048x1536.webp'),
(214, 53, 'est suscipit voluptatem magnam', 'Qui molestias consequatur dolorum non voluptas. Consectetur porro nesciunt officiis velit voluptatibus ipsam quod. Enim a totam qui rerum. Commodi at velit hic minima voluptatem consectetur nostrum. Quis similique provident voluptatum cum maxime. Sapiente quaerat asperiores distinctio ex. Dolores voluptatibus ducimus dolorem quam odit. Nemo odio suscipit dolor fugiat. Assumenda sed quisquam recusandae ut perferendis quia sapiente quod. Atque et voluptatem quia officia.', 'https://image.jeuxvideo.com/medias/163154/1631541998-5162-jaquette-avant.jpg'),
(215, 47, 'eveniet quaerat', 'Est sapiente distinctio sit facilis rerum aliquid quis. Omnis repellendus exercitationem esse suscipit et. Voluptas cum atque reiciendis illum velit molestiae enim esse. Laborum rerum error qui aut accusantium accusamus ab. Quia culpa delectus maiores labore ut qui. Eos blanditiis cupiditate omnis saepe ea perspiciatis suscipit. Dolor numquam eos voluptatem aut. Unde eligendi excepturi et rem et voluptas adipisci. Excepturi eos explicabo quis ratione odit.', 'https://image.jeuxvideo.com/medias/149432/1494322310-8900-jaquette-avant.jpg'),
(216, 47, 'quod enim ut', 'Omnis similique eos nemo ipsum neque et. Nesciunt suscipit perspiciatis perspiciatis perferendis. Et accusantium debitis enim delectus. Quas quis sequi error. Ut at odit ut sunt. Similique autem accusantium maiores aliquid inventore consectetur. Qui quod dolor fugit culpa enim iusto. Dolores adipisci perspiciatis atque minima at. Dolor numquam qui molestiae ipsam libero. Dicta eaque odit saepe qui. In amet nihil aliquam cumque magnam non. Omnis in quas repellat facilis laudantium nesciunt.', 'https://image.jeuxvideo.com/medias/163708/1637080607-7753-jaquette-avant.gif'),
(217, 59, 'asperiores', 'Et aut similique vel quas. Maxime est aut eveniet adipisci. Deserunt eum dolores eum repellat. Praesentium rerum sed recusandae. Et neque omnis est eaque molestiae quas nam. Magnam voluptates sed voluptatem debitis non totam. Nostrum at dolore consequatur eos eaque molestiae qui. Facere quae qui modi ut. Hic harum iure ducimus consequatur. Ut et velit expedita enim tempora nobis velit sapiente. Eveniet sed voluptatem ratione officiis quia. Incidunt animi recusandae ut fugit porro. Recusandae ab dolorem accusantium repellendus laboriosam et minus.', 'https://image.jeuxvideo.com/medias/163664/1636636223-8849-jaquette-avant.jpg'),
(218, 55, 'nobis voluptatem optio', 'Natus ad sed error veniam dolorum. Sed autem facere qui neque ipsam. Harum et cum beatae illum ipsum eum quibusdam quo. Molestiae sed soluta perspiciatis beatae iure nemo dolores. Odio asperiores est officiis aut. In aperiam laborum sint iure pariatur tenetur rerum alias. Sed ut soluta sunt autem labore et animi. Dolor quos repellat eaque et quia dolore dolor. Et eos harum alias neque voluptatibus. Nam dolores qui laborum in accusamus molestiae natus. Sit quis consectetur natus quas. Eos cum quas sint. Voluptate occaecati facere et officia sit.', 'https://image.jeuxvideo.com/medias/163154/1631535511-3744-jaquette-avant.jpg'),
(219, 47, 'eum deleniti iure', 'Aliquam harum et a nesciunt. Commodi enim natus itaque optio mollitia optio fuga qui. Dolorem magnam aut sit molestias in velit ea. Aut libero omnis reiciendis perferendis. Nesciunt et quidem recusandae magnam. Ab voluptatem corrupti qui non excepturi debitis non. Voluptas consequatur cumque numquam provident architecto nobis ipsum. Rerum atque tempora ducimus et voluptatem nulla sint. Dicta pariatur quo sed molestiae ut earum consequatur molestiae. Aut eum a corrupti. Ea optio inventore provident nobis quas. Adipisci reiciendis ipsum velit corporis iusto id nihil.', 'https://image.jeuxvideo.com/medias/163161/1631607413-3853-jaquette-avant.jpg'),
(220, 50, 'deleniti fugit vel exercitationem', 'Nulla voluptatem ipsam aliquid quae accusamus velit aperiam. Saepe ducimus ut aliquam ut odio sed qui iste. Placeat et earum quia quis dolorem. Distinctio nemo id rem voluptas. Autem ut optio sed et. Libero id deleniti ullam expedita distinctio. Nihil vero deserunt eius aliquid. Et eaque dolor id ex veritatis voluptas. Ut vero in assumenda inventore aut occaecati enim. Earum ab recusandae corporis facilis officiis fuga praesentium. Dolorum quisquam ut expedita temporibus.', 'https://media.senscritique.com/media/000020040912/source_big/Resident_Evil_Village.png'),
(221, 55, 'a ut dolores', 'Voluptatibus rerum ut dolores. Nihil nihil suscipit deleniti iusto aut iure. Nihil quisquam voluptas pariatur maiores est possimus voluptas. Facere quis omnis dolorem quia. Eum doloremque deserunt aliquam pariatur commodi voluptates. Iste non assumenda tempora id. Laboriosam cupiditate repellendus voluptas aliquid magni velit. Deserunt illum omnis iure ipsam et molestias. Ratione aliquid quibusdam ex consequatur quos voluptas placeat. Voluptatum nihil pariatur est architecto molestias dolorem tempore vel.', 'https://letempscompere.fr/wp-content/uploads/2021/08/KyBRbcz5wCqPrdr7QFfUniEg-2048x1536.webp'),
(222, 48, 'ut', 'Nam aut id commodi dolorem. Veritatis ut nihil nesciunt est ducimus. Cumque quidem incidunt qui sed repellendus dolore. Voluptates similique aut aut consequatur doloremque. Debitis est dolorem et exercitationem occaecati odit pariatur. Autem beatae magnam velit nesciunt molestiae voluptatem autem amet. Quis illum laboriosam dolorum qui nobis nihil. Itaque sit sit dicta voluptas. Corrupti commodi facere iure maiores voluptate et saepe. Omnis eos deleniti blanditiis qui in quasi sed quam.', 'https://image.jeuxvideo.com/medias-sm/163396/1633959248-729-jaquette-avant.gif'),
(223, 45, 'commodi quisquam doloremque animi', 'Ad molestias corrupti numquam voluptatem quia. Autem quisquam ullam voluptas nesciunt ut. Omnis molestiae quaerat ratione quisquam sunt eaque. Iure reiciendis quia modi quo. Voluptas harum porro cum excepturi minima eaque quasi. Assumenda quam dicta molestiae dolores. Nesciunt quia voluptatem labore voluptatum nesciunt. Dicta dolorem fuga cupiditate et est quia dicta ea. Illum fugiat harum corrupti omnis. Consequatur laborum in qui asperiores iure. Ab animi est quas cumque impedit. Dolor voluptatibus assumenda dolorum perspiciatis praesentium.', 'https://image.jeuxvideo.com/medias/152899/1528990462-7760-jaquette-avant.jpg'),
(224, 57, 'pariatur', 'Maxime et molestiae nisi eligendi. Eveniet qui cupiditate laudantium velit. Quibusdam voluptatum dicta quia rem sit ab nam. Totam voluptatem neque consectetur nobis. Et cum rerum illum. Eveniet labore expedita et qui. Ex quae qui consectetur beatae odit necessitatibus. Provident ut itaque eligendi rerum enim excepturi. Doloremque libero omnis nihil et. Placeat aliquid eaque eaque est enim incidunt ea. Sunt qui accusantium est nostrum sit vitae. Ipsum animi repellat optio. Error quo consectetur numquam ut qui saepe est.', 'https://image.jeuxvideo.com/medias/163187/1631865000-7055-jaquette-avant.jpg'),
(225, 59, 'minus', 'Aspernatur est et quis est consequatur voluptatem. Nulla aut voluptas autem. Possimus officiis quae dolores rem necessitatibus. Consequuntur ipsum quis ex laudantium voluptatibus sit. Nobis possimus quam voluptas placeat dicta. Eum doloremque consequatur et minima ut maiores. Magnam beatae explicabo ipsa vitae quae illo qui nihil. Molestias expedita qui qui consequatur. Enim suscipit est omnis ab. Esse itaque illo dignissimos rerum esse. Nisi recusandae consectetur voluptas nam ipsa saepe labore aspernatur.', 'https://image.jeuxvideo.com/medias/148285/1482854953-4348-jaquette-avant.jpg'),
(226, 53, 'et beatae', 'Est et fuga laudantium consequatur aperiam. Iste placeat illo eius dolores. Earum deleniti tempora facere tenetur. Porro hic eum dolores voluptas rem magnam. Dicta veniam nulla et harum et. Quidem sit soluta alias modi. Accusantium voluptatibus eum aspernatur dolor. Sed alias cupiditate expedita neque quae sequi. Non enim enim exercitationem cupiditate ducimus facilis iusto. Quis sunt sint et qui. Dolor id repellendus modi repellendus voluptatem. Ab vero dolorum aspernatur voluptatem incidunt.', 'https://image.jeuxvideo.com/medias/163299/1632989749-6428-jaquette-avant.gif'),
(227, 56, 'ea expedita', 'Praesentium vel unde aperiam voluptatem nesciunt id. Repudiandae fuga fugiat assumenda. Quis laboriosam quia culpa suscipit. Aspernatur nobis autem quia at omnis occaecati. Aliquid aliquid deleniti placeat ut. Atque vero ut numquam molestias illo voluptate. Doloribus non perspiciatis molestiae inventore. Quod voluptates aut id omnis vel accusamus. Eius dolor necessitatibus quis mollitia. Dignissimos magnam explicabo vel tenetur dolorum consequatur deleniti id. Nostrum nihil repellat fugit quis.', 'https://image.jeuxvideo.com/medias/163214/1632143636-6808-jaquette-avant.jpg'),
(228, 43, 'aut id', 'Enim est laudantium magni rem. Neque labore dolores suscipit eius. Dolorem nobis sed quo accusamus rerum sit dolorum. Illo quaerat consequuntur labore ut qui. Aperiam sed ut eius quia qui laboriosam enim. Et natus quia minima esse amet quas. Tempore molestias molestiae vel velit consequatur hic voluptatum. Enim tenetur quod omnis provident accusamus iste. Impedit eos a accusantium voluptas. Accusamus pariatur non sed laudantium mollitia eum. Voluptatem et ullam laboriosam adipisci.', 'https://image.jeuxvideo.com/medias/163881/1638806697-8764-jaquette-avant.gif'),
(229, 44, 'architecto', 'Rem quibusdam voluptatem consectetur est incidunt iure qui et. Error earum repellat officia ex rerum. Aliquid qui ea aut debitis facere. Asperiores ipsa illo dignissimos at consequuntur. Commodi voluptas ipsum voluptatem at est hic quidem. Reiciendis iusto vero possimus et adipisci. Vitae ut est illo ab nulla. Officiis reprehenderit voluptas voluptatum quis illo sequi est. Sapiente quae beatae aut labore perferendis quos. Possimus ipsum non beatae sit. Nesciunt in velit dignissimos commodi. Illo eos eligendi voluptatem.', 'https://image.jeuxvideo.com/medias/163708/1637080607-7753-jaquette-avant.gif'),
(230, 48, 'aut iste', 'Illo beatae qui tenetur eos optio quae error. Sapiente porro voluptas harum libero necessitatibus qui fuga. Rem aut velit illo voluptate. Laborum tempora et inventore dolorem voluptatem beatae impedit in. Ipsa velit voluptatem molestiae eum. Est sit vel illum sed et et. Aliquid tenetur voluptas suscipit qui voluptas quibusdam. Dolor provident dolores enim autem sit quae tempora. Ut fugiat itaque et. Et libero blanditiis praesentium et eos.', 'https://image.jeuxvideo.com/medias/163664/1636636223-8849-jaquette-avant.jpg'),
(231, 49, 'odit atque', 'Illum iste neque nostrum itaque. Consequatur ut voluptatem et cupiditate nulla nemo. Magni voluptates dolor ut et. Natus aut animi temporibus enim maxime. Recusandae eos fuga quia magnam accusantium harum. Aliquid voluptates fugit explicabo voluptate dolorem. Sed eaque dolor praesentium voluptatem. Qui dolor aut soluta suscipit velit autem dolorem. Vero itaque aliquid quia rerum quaerat. Sunt est corrupti veniam quod ipsum dolorum vitae molestiae. Officiis repellendus labore minus. Illo quo doloremque deserunt. Dolores velit nihil qui voluptates perferendis.', 'https://image.jeuxvideo.com/medias/163129/1631285061-4363-jaquette-avant.jpg'),
(232, 53, 'sint ipsam', 'Neque nemo nisi provident explicabo. Eaque numquam doloremque hic voluptatem alias. Cum dolorem fuga itaque et doloremque delectus molestias. Facere eum et quia pariatur dolores voluptate aspernatur. Dolorem provident molestiae et quia nam commodi libero. Voluptatem qui soluta et distinctio sit ullam. Officia eveniet delectus incidunt in laudantium qui. Et repudiandae consequatur quaerat explicabo magni dicta. Et dolore nesciunt corrupti reprehenderit architecto in. Iusto perspiciatis aut quod quas reiciendis quis atque numquam. Vel ut nihil quae quas rerum rerum.', 'https://image.jeuxvideo.com/medias/163162/1631620218-5546-jaquette-avant.gif'),
(233, 50, 'quia', 'Nemo modi facilis cum modi magni sint saepe. Consequuntur odit et adipisci qui. Eum et nisi est in voluptates sunt aut. Qui quas minima saepe voluptate qui cupiditate accusantium totam. Molestiae et ut autem commodi. Ab veritatis debitis fugit omnis et occaecati. Qui fugiat et sit omnis suscipit ut fuga. Ducimus a expedita incidunt incidunt exercitationem consequatur et. Suscipit sit quos dolorum. Nulla corporis libero soluta. Nobis earum fugit voluptatem.', 'https://global-img.gamergen.com/red-dead-redemption-2-pc-mediamarkt_0900909672.jpg'),
(234, 50, 'itaque porro praesentium', 'Suscipit et dolores consequatur. Dignissimos laudantium alias aut quia voluptatibus autem. Error omnis molestiae quibusdam recusandae quis debitis quia. Ut iure ab ea sunt ut qui. Amet quae quia quas corrupti aut. Voluptas quis quis ratione sint. Quia in omnis dolorem et velit ab perferendis. Cupiditate culpa autem aut enim qui. Quis unde ut perferendis iure quisquam autem molestiae accusamus. Molestiae nobis iusto est modi quo reprehenderit eos. Ut aut culpa qui optio error a. Nisi dicta doloribus voluptatem consequatur quisquam saepe.', 'https://image.jeuxvideo.com/medias/142247/1422469608-7141-jaquette-avant.jpg'),
(235, 50, 'recusandae omnis', 'Neque pariatur vel libero culpa doloremque mollitia porro necessitatibus. A repudiandae assumenda aliquid provident saepe sunt autem. In aut omnis consequatur totam. Aut qui ut quos. Eveniet explicabo perspiciatis consequatur consequatur laboriosam nulla impedit aut. Repellendus accusantium nihil autem et unde optio dolore. Aspernatur sint vel iste aut unde quia eum iste. Aut in ut distinctio cumque illo. Omnis porro eum ut. Officiis aliquam cumque perferendis excepturi deserunt vel sapiente.', 'https://image.jeuxvideo.com/medias/163214/1632143636-6808-jaquette-avant.jpg'),
(236, 51, 'tempora qui exercitationem voluptatem', 'At doloribus dolor est quibusdam perspiciatis. Consequatur eius inventore voluptate eos. Eos omnis et beatae mollitia voluptatibus provident. Ad qui id voluptas veritatis dolorem veritatis quia. Sed aut doloremque eligendi voluptatem maiores maxime quia. Quis totam ratione voluptatem corrupti alias maiores repellendus ut. Nesciunt veritatis laboriosam voluptatem pariatur ullam aut. Quisquam dolor consequatur cumque pariatur nihil. Omnis laborum dolores sequi aperiam molestiae est qui. Porro ut minus eos. Quasi ipsum quod omnis mollitia.', 'https://image.jeuxvideo.com/medias/161616/1616164719-8684-jaquette-avant.jpg'),
(237, 56, 'harum eos sint', 'Placeat deserunt quasi alias suscipit recusandae voluptatem rerum. Labore cumque et consequatur officiis. Sit repudiandae deleniti illum corrupti sapiente. Doloremque consequatur pariatur modi provident est ut. Vel sint quis molestiae. At veritatis sit amet fugiat ut modi veritatis. Quibusdam esse nihil qui at dolor. Et perspiciatis ut sunt neque. Distinctio enim in exercitationem suscipit. Accusamus maxime eius fugit sint voluptas sit. Et temporibus aliquam dolores at. Modi aut doloremque pariatur consequatur dolorem porro. Fuga unde iusto veritatis ratione alias harum.', 'https://global-img.gamergen.com/red-dead-redemption-2-pc-mediamarkt_0900909672.jpg'),
(238, 43, 'error est rerum', 'Architecto eius omnis et consequuntur. Officiis fuga optio qui tempora unde repudiandae omnis. Temporibus minima amet sint at mollitia dolorem quia doloremque. Aut nulla possimus quis debitis magnam magni. Et incidunt sit cumque praesentium voluptas commodi. Voluptas necessitatibus reiciendis maxime doloremque vel. Tempora ut aut tempora animi repudiandae et. Ab rerum vel veniam pariatur non. Temporibus autem perspiciatis illo placeat ut et. Et culpa error enim sed corrupti enim nobis est.', 'https://image.jeuxvideo.com/medias/158826/1588264397-5261-jaquette-avant.jpg'),
(239, 50, 'quia ut', 'Minus natus itaque distinctio voluptatem error dicta. Corporis assumenda harum ut nihil voluptatem tempore sit et. Corporis nesciunt distinctio omnis dolorem. Cupiditate quam impedit consequatur repellat sint nobis. Molestias debitis et laudantium et. Exercitationem officiis officiis et nostrum eos perspiciatis optio. Iste distinctio aliquam quia dolorum sit id. Aut asperiores sit et sint earum et. Alias laudantium at et recusandae incidunt.', 'https://image.jeuxvideo.com/medias/163881/1638806697-8764-jaquette-avant.gif'),
(240, 47, 'debitis eaque et reprehenderit', 'Ut qui ut minus. Voluptate qui qui iste repudiandae. Qui animi qui doloremque aut mollitia dignissimos aut itaque. Quibusdam nesciunt voluptatum earum ab rerum est et nihil. Qui nesciunt dolorem deserunt amet ea voluptatem. Consequatur quos iure vitae voluptas excepturi deleniti. Iure rerum qui nulla error ab quidem. Commodi ut et tempora. Et iusto ducimus quaerat aliquid. Necessitatibus omnis est nemo quasi. Non praesentium non dolore aut ullam debitis.', 'https://image.jeuxvideo.com/medias/159403/1594028554-187-jaquette-avant.jpg'),
(241, 53, 'et', 'Vitae accusantium perspiciatis laudantium. Veritatis nemo et doloribus. Ut animi earum alias voluptatem error qui. Illo unde ducimus sint itaque illum. Non perferendis et et sed. Enim quo est ipsam consequatur quos quia est. Reiciendis veritatis neque consequatur alias. Nihil perferendis qui sed vel illum. Ea harum non ut suscipit at expedita itaque dolores. Voluptas fuga a vitae id illo laboriosam saepe non. Aut cum rerum ut nesciunt. Magni debitis in repudiandae placeat quia eum.', 'https://media.senscritique.com/media/000020040912/source_big/Resident_Evil_Village.png'),
(242, 48, 'et quia', 'Blanditiis quos et tempore expedita. Repudiandae voluptas tempore et voluptatem ut enim. Iure voluptates odio enim. Et est in velit nesciunt et nam nemo. Expedita facere voluptatem in libero inventore. Eius aut hic eos quis. Distinctio dolores corporis sunt explicabo dolor. Perferendis ducimus harum numquam velit. Saepe omnis vel quis reprehenderit id autem. Adipisci omnis commodi nihil expedita rerum quos rerum. Minima ullam rerum rerum praesentium quia. Voluptatem officia debitis corrupti est non qui assumenda. Quaerat quae pariatur consequatur rerum.', 'https://paradoxetemporel.fr/wp-content/uploads/2020/06/jaquette-the-last-of-us-part-2.jpg'),
(243, 51, 'in hic', 'Non ut ducimus non eveniet. Corrupti laudantium quae aliquam. Doloremque quis minima nam est necessitatibus molestiae dolorum. Iure non quasi doloribus autem. Ut porro beatae nostrum odio quaerat optio. Ea aperiam consectetur qui fuga nam accusamus. Eum sunt maxime sunt cumque. Cum omnis qui doloribus ab. Sed voluptatem sequi quo. Et similique sunt pariatur vitae. Laborum dicta beatae ab ut. Eaque labore porro saepe autem porro maxime et.', 'https://image.jeuxvideo.com/medias/163214/1632142889-7692-jaquette-avant.jpg'),
(244, 49, 'et ducimus earum aspernatur', 'Suscipit velit illo modi consequatur nobis officia. Earum corrupti inventore non quis non. Facilis provident aperiam sunt voluptas. Molestiae voluptatem sit et tempore. Tempore voluptatem architecto qui quaerat saepe. Exercitationem aliquid repellendus id aut sint accusamus. Maiores exercitationem non aut aspernatur aut temporibus id. Id facilis laudantium ut quos. Perspiciatis veniam perferendis labore ut id nisi mollitia. Dicta vel debitis dolor qui illum eum. Quis maiores ut excepturi et sed. Quaerat ducimus necessitatibus itaque quia.', 'https://image.jeuxvideo.com/medias/163162/1631620218-5546-jaquette-avant.gif'),
(245, 43, 'sequi perferendis', 'Temporibus dignissimos culpa dolores sit blanditiis eligendi tenetur enim. Eum minus ea eius perspiciatis explicabo. Nisi sit quidem hic quas. Facere iure quasi velit tenetur quasi. Nobis sequi laboriosam adipisci. Reiciendis ea dolorum quo. Recusandae et laboriosam eum ut voluptas sed. Rerum est qui perferendis eum. Quia consequuntur voluptas est molestias. Similique impedit porro iste harum ab. Voluptatem et dolorum similique dolorum debitis officiis velit.', 'https://image.jeuxvideo.com/medias/163214/1632142889-7692-jaquette-avant.jpg'),
(246, 51, 'est quia quis tenetur', 'Reiciendis sunt architecto cupiditate magni. Ab ut voluptatum omnis. Et aut quo quasi alias nisi. Est exercitationem enim est ipsa eaque ipsam. Omnis consectetur aliquid distinctio hic. Quam et et similique ut ut rerum. Consequuntur deserunt suscipit iure libero debitis. Voluptates perferendis ullam voluptatem sed ut incidunt. Qui porro sapiente ipsam quis. Voluptas suscipit porro aut repellat vero. Sint veritatis vel aut non minus exercitationem. Eius et quibusdam autem iusto aut et cupiditate. Consectetur explicabo non quidem fugit sint enim. Aut quae et expedita velit.', 'https://image.jeuxvideo.com/images/jaquettes/00048634/jaquette-les-sims-4-pc-cover-avant-g-1409904702.jpg'),
(247, 51, 'nesciunt est sit tempore', 'Qui et aut incidunt dignissimos suscipit autem totam sit. Optio expedita qui facere veniam molestiae. Nostrum adipisci delectus est voluptas adipisci et vero. Autem eos ipsa nulla dolorum veritatis. Accusamus impedit eaque molestiae qui suscipit et repellat. Repellendus accusamus facere aut. Corporis assumenda earum non suscipit. Cumque ipsam id numquam molestiae. Omnis quia ea voluptatem eos omnis est tenetur. Hic et qui officiis harum voluptas.', 'https://image.jeuxvideo.com/medias/158826/1588264397-5261-jaquette-avant.jpg'),
(248, 57, 'cupiditate', 'Commodi culpa alias odio totam maiores voluptatem. Non sunt perferendis ratione ipsa ut aliquam. Excepturi nobis quos in voluptas suscipit. Atque molestias veritatis nisi non ut ut qui. Voluptatum quam ea ut sit. Laudantium eveniet cupiditate quas magnam magnam. Eveniet qui magnam et dolore ut id dolorem. Et consequatur nihil qui repellendus ratione dolores recusandae et. Doloremque praesentium qui aliquam. Sit rem voluptas nemo magni animi. Cum assumenda similique voluptatem nam ratione est excepturi. Voluptatem quos cumque ullam. Illum ab harum voluptas sint. Quos est sunt totam autem.', 'https://image.jeuxvideo.com/medias/142247/1422469608-7141-jaquette-avant.jpg'),
(249, 45, 'molestiae blanditiis', 'Aut quisquam quas voluptatem quo quo. Fugit in voluptas tenetur aperiam fugiat consequatur hic soluta. Ratione voluptatem dolor illum mollitia doloremque. Alias maiores est sequi omnis totam unde omnis. Quae nulla in et aut qui. Dolorem et assumenda eligendi iure. Iste voluptas quia quis eaque possimus. Autem autem est voluptas et. Rem soluta omnis quis perspiciatis dolorem vel. Ut veritatis totam debitis fugiat aut. Quia explicabo qui quo neque.', 'https://image.jeuxvideo.com/medias/149432/1494322310-8900-jaquette-avant.jpg'),
(250, 46, 'accusantium placeat delectus', 'Aut quo quod eligendi adipisci. Cum quia ut inventore in libero. Porro temporibus nesciunt laborum in id illo eveniet. Voluptas aperiam corrupti porro maxime animi. Est molestiae quod rerum ducimus iure sit. Cumque sunt similique quisquam debitis dolorum commodi nesciunt. Enim sed quo et qui nulla ea. Repudiandae dolores rerum perspiciatis provident et. Non pariatur ea reprehenderit numquam ratione nihil facere.', 'https://image.jeuxvideo.com/medias/163335/1633353168-8875-jaquette-avant.gif'),
(251, 48, 'quia expedita', 'Alias ipsa dignissimos omnis aut iste eius. A nihil est itaque enim. Consectetur modi eos mollitia dolorum sequi rerum. Qui occaecati est sed delectus molestiae assumenda. Eveniet qui cumque cum voluptatum cupiditate ipsa. Enim numquam assumenda voluptas in sit itaque totam. Commodi exercitationem non quidem adipisci. Animi accusamus repellendus molestiae minus. Reiciendis repellendus corrupti enim cupiditate odio. Rem et error maxime expedita. Molestias autem quas et quidem officia. Deserunt ut eveniet facere. Facilis ut voluptatem sequi praesentium vel. In tenetur cum quos ipsum nesciunt.', 'https://image.jeuxvideo.com/medias/151689/1516893501-9622-jaquette-avant.jpg'),
(252, 51, 'error', 'Quia magnam autem dolore sed deleniti omnis. Voluptatem qui consectetur nesciunt dignissimos. Eum qui illo at expedita ea animi et. Quo atque officia accusantium et quo. Assumenda nam eius enim occaecati totam rem aut. Voluptates id recusandae est ut consequatur. Soluta quo eum eligendi adipisci sit. Blanditiis temporibus aut autem non. Ab modi ea id voluptas ipsam qui id. Voluptatem tempore iusto omnis asperiores consequatur expedita. Necessitatibus et alias id. Optio id aut error et aliquam laborum. Quis corporis earum nobis suscipit ducimus. Quis similique veniam vel.', 'https://image.jeuxvideo.com/medias/163154/1631541998-5162-jaquette-avant.jpg'),
(253, 47, 'voluptas', 'Iure iure rerum enim. Cupiditate aspernatur corrupti non aut dolorem laborum mollitia. Aut veniam voluptas dolorum velit inventore enim. Et mollitia et nihil. Voluptates earum iste libero fugiat illo perspiciatis accusantium. Ipsum eaque consequatur animi eaque dicta et. Sint reiciendis voluptatem ut. Nisi consequatur pariatur harum possimus repellat. Repellat voluptatem et adipisci quia autem. Fugiat asperiores quis quaerat quae rerum. Quam dolore est rerum autem ullam. Architecto nulla aperiam dicta consequuntur dolorem. Excepturi distinctio similique velit qui ducimus sit est.', 'https://image.jeuxvideo.com/medias/163708/1637080607-7753-jaquette-avant.gif'),
(254, 55, 'ut velit eaque quas', 'Saepe cum porro vel. Veniam maxime accusamus neque ipsa amet. Nulla quibusdam sunt quasi omnis. Qui necessitatibus et quia facilis sed. Quia voluptas nam id quo aut voluptas aspernatur voluptatibus. Pariatur animi ab et id et. Possimus voluptatum et suscipit ut. Soluta perspiciatis quibusdam et architecto ea. Nulla rerum nobis doloribus eaque nemo voluptatum omnis. Cum aperiam ullam quas quia. Omnis consectetur quod magni aut. Ex quia esse laborum. Nihil maiores id qui natus. Et et quod quaerat. In excepturi corporis velit quo aperiam quis. Velit quis illum nobis modi vitae quam.', 'https://image.jeuxvideo.com/medias/163342/1633418743-1593-jaquette-avant.gif'),
(255, 51, 'accusamus molestias', 'Ab aliquid ipsa ullam sunt voluptas adipisci natus. Illum nisi omnis et voluptas. Et adipisci culpa itaque veritatis aspernatur et necessitatibus. Quo consequuntur impedit ab commodi voluptates. Eveniet ut ut in. Sed voluptas aut veniam illo similique cum. Doloremque beatae et nemo voluptas odio hic. Blanditiis cumque quia magnam ut. Cupiditate repellendus saepe sed maiores eum blanditiis laborum. Voluptatibus reiciendis non pariatur porro. Ullam quia beatae et fugiat fuga. Corrupti omnis et eius architecto. Sit velit in nulla aut ad error.', 'https://image.jeuxvideo.com/medias/161616/1616164719-8684-jaquette-avant.jpg'),
(256, 42, 'in', 'Ut cupiditate quaerat quibusdam optio quibusdam sed. Quia maxime dolor nulla laborum. Doloribus quo inventore blanditiis deserunt doloribus voluptas illum. Fugit asperiores corporis cum ut cupiditate voluptatem. Nobis ut iure nam aut alias. Necessitatibus aliquam doloremque quia dolorem non dolor. Qui fugiat saepe placeat ipsum possimus quam. Ut a aut vel quo. Quia nemo rerum quidem asperiores non ea aut. Nulla iste dolorem eligendi. Neque voluptas ab iure accusantium earum.', 'https://image.jeuxvideo.com/medias/150166/1501664378-9988-jaquette-avant.jpg'),
(257, 45, 'voluptatum', 'Velit et nobis accusamus reiciendis enim dolorum nam et. Nihil sint asperiores aut dolores rem. Maxime quis est recusandae quia ex omnis velit. Dolores temporibus ullam temporibus nisi. Voluptatem perspiciatis perspiciatis rerum quasi ullam inventore illo architecto. Neque eum vel nulla maiores dolor placeat qui. Maiores non sint rem minima fugiat et. Qui excepturi tempore quod sapiente voluptas nihil eum. Quaerat et natus ut sunt. Quam velit aliquid nemo consequuntur modi. Eos ab illum nisi at. Rerum aut animi quo iste mollitia adipisci sint vel. Est suscipit eos cumque alias asperiores.', 'https://media.senscritique.com/media/000020040912/source_big/Resident_Evil_Village.png'),
(258, 44, 'eum occaecati', 'Voluptas voluptatem sint hic sequi fugiat omnis laudantium odio. Est ipsa assumenda cupiditate amet dolorum exercitationem recusandae. Ipsa dolor iusto vel pariatur et quo. Optio est incidunt sunt eaque. Ut voluptatem delectus enim distinctio earum veritatis. Totam qui minima est numquam. Enim voluptatem consequuntur dolore iure est in. Sed blanditiis est officia. Autem dolorum iste rem ut unde sed aliquam. Sed rerum dicta neque ullam consequatur distinctio quam maiores.', 'https://image.jeuxvideo.com/images/jaquettes/00027602/jaquette-league-of-legends-pc-cover-avant-g.jpg'),
(259, 58, 'cupiditate', 'Commodi placeat non magni ad similique sint. Ut fuga nihil cumque suscipit. Qui officiis voluptas sunt non nostrum dolorem dolores. Blanditiis voluptate tenetur tenetur nobis dolorem mollitia. Accusantium esse cum nobis accusamus. Pariatur et enim natus fuga placeat minima et. Porro tempora aut officia dolores vel magnam. Minus aut consequatur laborum quos nostrum enim voluptate dolorum. Beatae quae reiciendis a. Qui consectetur vitae reprehenderit. Doloremque voluptas consequuntur ad ipsum qui vero dolores. Facere eius officia dolores autem aspernatur. Officiis quod eaque et.', 'https://image.jeuxvideo.com/medias/158826/1588264397-5261-jaquette-avant.jpg'),
(260, 48, 'quo qui optio repellendus', 'Et nam atque similique non. Corporis laudantium itaque cum. Quis et quae voluptatum sed a sit rem. Molestiae tempore repellendus sed. Vitae et doloremque et rerum possimus. Sed laudantium numquam aperiam voluptas minus odio ducimus. Ut qui quae enim amet omnis sequi. Fugiat pariatur deserunt id rerum. Enim temporibus id voluptas consectetur et non tempora.', 'https://image.jeuxvideo.com/medias/163214/1632142889-7692-jaquette-avant.jpg'),
(261, 58, 'earum', 'Aperiam dicta a consequatur minus. Unde alias autem delectus odio aspernatur. Omnis quo quia numquam voluptatum accusantium provident. Necessitatibus harum voluptas laboriosam. Minus blanditiis numquam provident sit laboriosam. Sunt alias est ducimus est dignissimos eum ducimus. Vel corporis qui culpa quisquam deserunt. Fuga sunt neque voluptas adipisci placeat voluptatem qui. Omnis quia odit molestiae sit omnis rem. Eum repellat quasi totam ea officia voluptas neque labore. Reiciendis sint aspernatur aperiam est. Totam voluptas est delectus cum.', 'https://image.jeuxvideo.com/medias/163708/1637080607-7753-jaquette-avant.gif'),
(262, 52, 'qui non', 'Quo iste animi quia est. Excepturi non facere id tenetur autem sunt quo. Ipsa magnam amet nihil quibusdam quisquam quas. Optio nulla ad maxime reprehenderit. Ut deserunt harum consequuntur est. Sed ea fuga quidem autem qui ullam exercitationem autem. Excepturi ut magni ducimus consequatur saepe et sunt fuga. Vel ut voluptate enim sapiente quis. Laudantium omnis enim dicta neque dolorem sed. Aliquam distinctio sunt et dolore. Adipisci ipsum dolor odit consectetur.', 'https://image.jeuxvideo.com/medias/163881/1638806697-8764-jaquette-avant.gif'),
(263, 47, 'quasi excepturi', 'Cupiditate sed veniam similique porro ut. Animi ratione dignissimos quaerat qui qui voluptatum. Quae tempora fugit hic. Eos sint molestiae quidem. Numquam libero et consequatur. Sequi occaecati totam molestias quia tempora omnis. Amet omnis necessitatibus earum sequi earum eligendi cumque qui. Labore tempore quia quis sed odio cum. Qui sit voluptate sint nulla quae. Animi voluptatem quo dolorem molestiae non ea. Et qui vero perferendis aliquam esse quasi nemo. A necessitatibus vitae odit voluptatum perferendis voluptas. Praesentium cumque tenetur impedit harum fugit quis.', 'https://image.jeuxvideo.com/medias/149432/1494322310-8900-jaquette-avant.jpg'),
(264, 57, 'unde enim', 'Incidunt sit occaecati ea in distinctio. Doloremque voluptatem sunt praesentium dolores qui. Nisi distinctio sit sit perferendis esse atque saepe. Explicabo facere quia quis voluptatibus magnam ipsam vitae. Enim itaque quia aspernatur dolor quo dolores. Repellat voluptatem animi fugiat ducimus quo ratione rem. Molestiae alias et qui quia quos similique ut. Nisi corporis dolorem autem inventore officia vitae. Consequatur ad consequuntur in inventore quis voluptatem tempore rem.', 'https://image.jeuxvideo.com/medias/163299/1632989749-6428-jaquette-avant.gif'),
(265, 50, 'rerum', 'Consectetur optio magnam quis iure. Et enim aspernatur commodi facere laudantium omnis. Nesciunt eum et rerum et exercitationem. Ut vero voluptatum adipisci nihil et impedit qui. Possimus animi qui nulla soluta. Hic ipsum aspernatur rem soluta vel dolores. Est labore ut id deleniti doloremque. Numquam voluptatibus quaerat dolores. Modi amet blanditiis sunt porro et fugit officiis. Alias nisi libero vel provident dolorem praesentium. Quia aut qui labore impedit est ea eius sit. Fuga voluptatem dolorem itaque voluptas id neque. Ab at ut illo nostrum.', 'https://image.jeuxvideo.com/medias/163335/1633353168-8875-jaquette-avant.gif'),
(266, 51, 'asperiores minus repellat aut', 'Repudiandae quis culpa rerum ad deserunt incidunt. Deserunt temporibus beatae sint impedit enim earum. Assumenda alias dolore ut architecto maxime est natus ex. Alias dicta amet nisi repellat quas illo ut. Architecto reprehenderit doloremque enim enim inventore hic aut provident. Modi qui sit voluptate. Sit iste sequi porro voluptas hic recusandae saepe. Nihil error voluptas et a quia qui sint. Ullam amet dolor veritatis nihil cum. Voluptas qui quisquam aut.', 'https://image.jeuxvideo.com/medias/163881/1638806697-8764-jaquette-avant.gif'),
(267, 60, 'ipsum quasi alias accusantium', 'Culpa tempora consequatur recusandae. Perspiciatis pariatur iusto explicabo reprehenderit. Soluta pariatur assumenda dignissimos magnam dicta quos. Explicabo consequatur voluptatibus ut doloremque amet voluptatem. Sunt aut expedita asperiores quam et. Quae quos quia tempora est nihil. Consequatur veritatis corporis id quis sunt. Dolorum cumque molestiae mollitia accusamus. Praesentium in quisquam dignissimos itaque laudantium. Minus culpa magnam sit sapiente eveniet et velit illo. Voluptatem consequatur dolorum hic et voluptatem. Vitae laboriosam nihil ut hic.', 'https://image.jeuxvideo.com/images/jaquettes/00048634/jaquette-les-sims-4-pc-cover-avant-g-1409904702.jpg'),
(268, 58, 'excepturi nesciunt quibusdam', 'Quis dolorem consequatur voluptatem. Reiciendis dolorem fugit rerum optio ullam officiis est. Dolores unde ipsam ut quia odio. Est id et exercitationem nesciunt sunt. Placeat culpa magnam iure ullam a quasi quae repudiandae. Ea aut et rerum suscipit voluptates. Sed consequatur natus sunt eum et mollitia fugiat. Cumque sint enim ullam eum ut non aut. Totam minus qui sed quasi qui. Unde ex tenetur error quia reiciendis. Quam dolorem itaque eius explicabo recusandae in similique. Voluptatibus aspernatur sequi illum minima et est error dolorem. Qui corporis nam inventore iusto.', 'https://image.jeuxvideo.com/medias/163214/1632142889-7692-jaquette-avant.jpg'),
(269, 47, 'aspernatur ratione', 'Doloremque culpa cumque expedita voluptatem animi. Debitis explicabo enim voluptatem rerum eligendi omnis expedita. Commodi expedita exercitationem suscipit cum similique id. Qui reprehenderit sed qui officia ut quae et. Dolorum dolore saepe iure molestiae unde. Reiciendis et debitis officia praesentium. Est quae quibusdam praesentium et recusandae adipisci. Eos molestias voluptatem vel. Quis eius ipsa ipsa consequatur voluptates non consequuntur. Error tempora in iusto a minima omnis.', 'https://global-img.gamergen.com/red-dead-redemption-2-pc-mediamarkt_0900909672.jpg'),
(270, 54, 'officia', 'Consequuntur libero molestias quia ut quia. Quam aliquam aliquid dolorem. Accusamus accusantium nam dolor rerum quia velit. Optio quis accusamus aut id. Eveniet corrupti et quia quaerat aliquid unde. Perspiciatis minima architecto commodi culpa. Inventore non debitis harum consequatur. Animi dolorum consequuntur omnis rerum est. Deleniti maiores magni nulla quo voluptatem iure nisi. Ipsum dolores aut reprehenderit delectus ipsa. Aut quos quis eaque vero quia non velit et. Et nulla quae perspiciatis minima qui ratione.', 'https://image.jeuxvideo.com/medias/148285/1482854953-4348-jaquette-avant.jpg'),
(271, 57, 'sint eveniet sed ipsa', 'Ipsum recusandae non facilis nihil quod enim aspernatur atque. Nulla quo velit optio molestiae excepturi suscipit fugiat. Fuga voluptatem quibusdam quaerat recusandae ut facere optio dolor. Qui animi minima iusto et. Et aut voluptatem sint consequatur minus deleniti aut. Dicta officia ut omnis libero ducimus perferendis dolorum. Eum iure ut sequi distinctio. Dignissimos dolores occaecati quas incidunt praesentium laudantium repudiandae et. Voluptas blanditiis dolorum animi officia voluptas. Sed qui et similique a.', 'https://image.jeuxvideo.com/medias/163187/1631865000-7055-jaquette-avant.jpg'),
(272, 59, 'est ea ex sed', 'Tempore quidem quae quibusdam. Et iusto aliquid deserunt autem accusantium neque harum. Occaecati tenetur aut architecto laudantium iusto rem natus. Atque recusandae ipsa amet. Pariatur modi sunt voluptas aperiam cumque quis ullam. Qui vero voluptas quis sunt maiores molestiae adipisci. Et inventore cupiditate et voluptas ut labore autem. Consequatur molestias consequatur deleniti molestiae quis quibusdam. Incidunt autem autem rerum quas sit harum. Vel maiores velit animi porro id laudantium quia inventore.', 'https://image.jeuxvideo.com/medias/163214/1632142889-7692-jaquette-avant.jpg'),
(273, 55, 'sit enim ea', 'Culpa sed ex architecto repudiandae quo necessitatibus. Dolorum ad totam est sit ut sed deserunt. Doloremque eum eius vel est. Qui id non sit impedit id autem. Odit ut nihil voluptas accusantium eligendi autem et. Ipsum veritatis omnis nesciunt unde molestiae et ut. Iure ut iure saepe quibusdam sit perferendis iste voluptatibus. Reiciendis placeat enim hic ad aperiam adipisci accusamus. Officia accusantium blanditiis tempore qui. Molestiae esse nobis tempora deserunt maiores excepturi omnis. Hic ut et unde ut.', 'https://image.jeuxvideo.com/medias/163129/1631285061-4363-jaquette-avant.jpg'),
(274, 46, 'eaque quia voluptas aut', 'Ex assumenda doloremque recusandae aut. Perferendis et perferendis deleniti laudantium qui. Et veniam quis illo voluptas nesciunt. Similique nam sunt dignissimos sit sint. Voluptatibus earum non cumque non pariatur odit. Tempore quam assumenda quos vitae magni. Recusandae perspiciatis expedita laudantium. Illum iure similique numquam id et ab. Non ut quia sit. Ipsa enim veniam sint sed et eum consequuntur consequatur. Repellat consequuntur natus sed quo illum. Rerum voluptatem quia autem quisquam dolorem. Explicabo est dolore saepe quia. Voluptatibus quod perferendis doloribus repudiandae.', 'https://image.jeuxvideo.com/medias/163299/1632989749-6428-jaquette-avant.gif'),
(275, 58, 'totam in et aut', 'Sequi sint et quibusdam maxime facere quisquam quia. Est eius consequatur perferendis soluta possimus. Illum eum quo consequatur in magni architecto quia. Qui ut soluta sed dolores iusto non enim possimus. Enim amet placeat dolor at corporis numquam et. Provident qui consequatur dolores. Ipsum ex nihil iste unde autem. Ipsam debitis ipsum veniam temporibus. Saepe ea corporis quos aut dolorum dolorum. Ipsam fugit praesentium a ea iusto aut dolorem. Temporibus dignissimos hic vitae dolorum placeat et sit qui. Inventore quo minima enim aliquam magni.', 'https://image.jeuxvideo.com/medias/163353/1633528483-9809-jaquette-avant.jpg'),
(276, 43, 'commodi dolorem et non', 'Nihil consequuntur at omnis. Est similique quae maiores placeat impedit adipisci. Porro commodi quia qui ut sit quas ipsum. Nihil et molestiae deleniti qui. Aperiam occaecati quia mollitia consectetur. Eius et iure doloribus nulla et dicta hic. Dolore aperiam eveniet laborum atque quia iure. Est nam reiciendis consequuntur nemo reprehenderit enim suscipit. Illum et sunt magnam nostrum qui dolorem non velit. Odio molestiae necessitatibus illum eum. Veniam officia iusto neque ipsum veniam voluptatem impedit.', 'https://image.jeuxvideo.com/medias/150166/1501664378-9988-jaquette-avant.jpg'),
(277, 52, 'cupiditate nemo enim', 'Voluptatem minus praesentium consequuntur voluptate sit numquam sapiente. Fugit eos fuga veritatis eos voluptate. Et molestiae rem quo magnam aspernatur explicabo qui nostrum. At amet dolorem vel quasi laborum qui dolorem. Quibusdam autem quo sit. Doloribus voluptas quo aut sit accusamus velit perspiciatis. Quia nihil est architecto itaque provident. Saepe et consequuntur ut in dignissimos pariatur commodi. Voluptatibus voluptatem qui in nulla. Rerum distinctio nam eos.', 'https://image.jeuxvideo.com/medias/148285/1482854953-4348-jaquette-avant.jpg'),
(278, 53, 'qui quia', 'Tenetur qui delectus consectetur unde qui. Quos est ipsa dolores. Accusantium sed iste et asperiores molestiae culpa. Dicta modi aut ea eveniet. Qui nulla odit enim. Aliquam alias eum sunt. Illum voluptas fugiat rem iusto. Velit provident non sint qui magni debitis saepe. Est rerum hic ut reprehenderit. Dolorem sapiente unde repellendus omnis. Odio atque quo nulla cupiditate voluptatem exercitationem amet eum. Numquam laboriosam cumque nihil velit et. Ea et alias cum placeat ab.', 'https://image.jeuxvideo.com/medias/163881/1638806697-8764-jaquette-avant.gif'),
(279, 47, 'quasi', 'Ut autem sit minus harum architecto. Voluptas ullam ratione non molestias non similique non. Consequatur eius ex ea et. Eligendi enim perferendis aut officia est itaque. Illum aliquid deserunt aut vel. Commodi iste amet sit voluptas. Dolore vitae beatae eos accusamus excepturi nisi sunt. Ad et asperiores qui eum omnis doloribus. Vel et et assumenda quos. Qui quis aut vel eos culpa. Dolores quisquam eveniet minus ullam autem. Omnis est nisi dolores dignissimos nostrum. Aut rerum sit consequuntur.', 'https://global-img.gamergen.com/red-dead-redemption-2-pc-mediamarkt_0900909672.jpg');
INSERT INTO `video_game` (`id`, `category_id`, `name`, `description`, `picture`) VALUES
(280, 53, 'enim', 'Voluptas eaque dolorem autem dolore et aspernatur et. Omnis qui voluptates labore quia corrupti quis nemo. Dolor ea voluptas quaerat. Aliquid nihil qui eos quis sunt minima autem. Sit sed in cupiditate ratione. Quis et explicabo harum dolor porro deleniti. Sint occaecati et dolores sit animi libero alias. Illum quasi sint vel atque eaque qui fuga. Ut molestiae molestias tempora distinctio natus laboriosam accusamus perferendis. Ex temporibus quis recusandae sit quaerat. Maiores voluptas dolore qui placeat. Maxime quaerat rem quo dolorem qui quidem.', 'https://image.jeuxvideo.com/medias/163664/1636636223-8849-jaquette-avant.jpg'),
(281, 42, 'velit', 'Eaque ullam sed minus quo eum quae. Quaerat repellat ut eaque eos repudiandae voluptatem non ipsa. Nulla eligendi laudantium qui possimus amet quia. Neque quasi nostrum qui debitis quis. Animi laboriosam soluta omnis quidem nostrum sequi animi. Ratione explicabo accusamus amet explicabo at eius doloribus. Ut et debitis molestiae doloremque. Sit sed quis eos et est. Ut veniam voluptatem harum rerum. Maiores quo adipisci corporis corporis qui illo accusamus.', 'https://image.jeuxvideo.com/medias/163154/1631535511-3744-jaquette-avant.jpg'),
(282, 46, 'eaque quia in quam', 'A sint ut est sunt sint. Eos delectus eos iste praesentium iste dolores. Assumenda a cumque consequatur sit adipisci. Dolor qui voluptas ut voluptas modi laudantium. Harum fugiat itaque a et. Consequatur a facilis corporis facilis atque. Aperiam qui est porro consequatur necessitatibus incidunt. Magnam ratione sed minima itaque hic nulla maxime debitis. Necessitatibus explicabo eum ut consectetur ipsum. Unde eum laborum sunt voluptatibus laboriosam qui. Ut sunt labore voluptatem totam expedita et omnis et.', 'https://image.jeuxvideo.com/medias/163353/1633528483-9809-jaquette-avant.jpg'),
(283, 55, 'rerum aspernatur voluptatem', 'Rerum iusto cupiditate pariatur eos fugiat aperiam dolore. Adipisci expedita voluptatibus enim amet. Error sed et voluptatibus voluptas cumque explicabo nam. In voluptas quibusdam doloremque maiores velit doloribus atque. Laboriosam ducimus quae est ut et. Eveniet voluptates recusandae odio natus nemo doloremque incidunt. Cumque vel eius et libero placeat. Aut aut numquam et perspiciatis ipsam. Aperiam voluptatem nostrum voluptatum. Itaque enim excepturi nam molestiae autem laboriosam. Et quia voluptatum perspiciatis cumque omnis quos quod. Error consequatur qui temporibus enim harum.', 'https://image.jeuxvideo.com/medias/163353/1633528483-9809-jaquette-avant.jpg'),
(284, 60, 'non vel nesciunt doloremque', 'Sed blanditiis unde repudiandae. Ad dolorem excepturi quam velit deleniti rem. Nulla ex ut assumenda minus. Tempora reprehenderit eveniet natus. Iste quia exercitationem reprehenderit ut qui. Eligendi vel modi quisquam natus optio aliquam ipsam. Est recusandae sed voluptatem. Ipsa quisquam voluptatem neque non. Ut et explicabo et distinctio. Eveniet consectetur laborum ea quod neque consectetur molestiae sequi. Et ipsum itaque a autem omnis exercitationem voluptatem. Distinctio omnis exercitationem ut. Consequatur ipsum dolores architecto.', 'https://media.senscritique.com/media/000020040912/source_big/Resident_Evil_Village.png'),
(285, 50, 'quo', 'Error tempore deleniti veritatis nihil commodi. Reprehenderit ullam doloribus sint consequatur nisi. Facilis fuga temporibus aspernatur iure sed. Laudantium ipsum ea dolores ut quasi quos sequi. Dolor eos velit atque quis quasi. Veritatis molestiae eos qui perferendis quo eligendi perferendis. Consectetur quam accusamus autem provident exercitationem. Voluptas velit eos cum voluptate est. Quae quis consequuntur voluptates. Enim consequatur voluptatem officia quisquam.', 'https://image.jeuxvideo.com/images/jaquettes/00048634/jaquette-les-sims-4-pc-cover-avant-g-1409904702.jpg'),
(286, 50, 'aut omnis blanditiis voluptatibus', 'Voluptatem ratione sint minus aliquid consequatur facere assumenda. Commodi voluptas neque et enim quibusdam. Voluptatem temporibus consectetur ea id. Et aut in laborum ducimus totam iure. Laboriosam quidem aut libero magnam placeat earum. Non ut quia autem voluptas. Autem deserunt consectetur quos sit animi voluptatum. Repudiandae quisquam illum non et est tempore. Nobis porro qui non illo enim. Aliquid placeat totam velit autem. Non consequatur voluptatem et sint molestiae rerum. Soluta vel est corporis temporibus provident nesciunt.', 'https://image.jeuxvideo.com/medias/163162/1631620218-5546-jaquette-avant.gif'),
(287, 48, 'quam', 'Corrupti temporibus esse quos perferendis consequatur maxime iste nobis. Veritatis sunt libero corrupti voluptas sed. Sed aut et laudantium. Laborum laboriosam et earum esse neque voluptatem labore. A id occaecati maxime quos consequatur. Et expedita dignissimos et hic quis in voluptatibus. Magnam et quisquam quibusdam sint cumque eum. Vero est eveniet fuga ad beatae aut.', 'https://image.jeuxvideo.com/medias/161616/1616164719-8684-jaquette-avant.jpg'),
(288, 59, 'quos', 'Voluptate non nulla ut tempore impedit aut atque. Et et velit vel. Dolor dolorem atque ex et quo eaque. Voluptatem quam illo commodi quasi nostrum. Dolor esse modi ad aperiam sint eum qui. Culpa nesciunt voluptas numquam optio quia praesentium. Hic consequatur voluptatum repellat ducimus magni. Reprehenderit voluptatem quis adipisci sed quasi in assumenda. Aut perspiciatis consequatur in est sint laborum. Aliquam odio ut libero accusantium qui. Laboriosam consequatur officiis et.', 'https://image.jeuxvideo.com/medias/163299/1632989749-6428-jaquette-avant.gif'),
(289, 60, 'sint quidem voluptatem occaecati', 'Dignissimos qui nostrum magnam. Nemo tempora vel omnis et est. Et eligendi aut officiis eaque impedit. Omnis adipisci velit consectetur voluptatem mollitia ipsa. At qui saepe est amet dignissimos reiciendis consequatur. Delectus excepturi quia ullam veniam dolore. Dolorum soluta non facere non. Est reiciendis omnis reiciendis ad a voluptatem minus. Rerum aut voluptatem vitae voluptatem perferendis omnis. Eum repellendus odit praesentium sed. Tenetur officiis vel est eius incidunt. Nulla sed tempora soluta magni. Sit sapiente iure qui nihil qui nam.', 'https://image.jeuxvideo.com/medias/150166/1501664378-9988-jaquette-avant.jpg'),
(290, 51, 'aut', 'Culpa fugit qui vero dolores. Dolorem veritatis ut animi voluptatem vitae accusamus. Sit vitae est cumque voluptas iure accusamus. Modi magni illum cupiditate ratione. Ut repellendus ut aut. Repellat veritatis quia voluptas soluta quasi tempora. Hic voluptatem ea voluptas ad. Ut ratione labore nostrum. Illo quo et dolorem quo vel eligendi ut non. Saepe dolores ex quasi consequatur voluptatem et. Velit suscipit perferendis enim est ut voluptatibus perspiciatis. Cum reprehenderit aut enim dolores cupiditate. Ipsum iste est sed ipsa.', 'https://image.jeuxvideo.com/medias/163335/1633353168-8875-jaquette-avant.gif'),
(291, 43, 'quis architecto eum', 'Maiores explicabo voluptatem mollitia. Asperiores commodi dolores repellat dolorem perspiciatis excepturi. Et eligendi harum delectus aperiam. Nihil cum laudantium alias deserunt sunt tempora molestiae. Delectus est sint vitae omnis recusandae cupiditate. Nihil debitis non aut dolores minus est. Ipsa laboriosam sequi delectus ex. Non non voluptas voluptatem mollitia quia quia eos. Iusto blanditiis odit velit ut et accusamus. Praesentium ipsa inventore inventore.', 'https://image.jeuxvideo.com/images/jaquettes/00048634/jaquette-les-sims-4-pc-cover-avant-g-1409904702.jpg'),
(292, 55, 'esse', 'Saepe assumenda occaecati ipsa recusandae voluptatem earum. Autem soluta enim omnis sequi. Repudiandae possimus soluta delectus eos consequatur eos qui. Et placeat commodi ducimus aut. Molestiae quis ullam praesentium dolor. Consequatur doloremque enim consequuntur tenetur amet enim fuga. Nobis unde quidem nulla rerum ipsa velit aspernatur. Illo accusamus ut sed quam necessitatibus. Tenetur vero libero officiis. Explicabo rerum cum voluptatem beatae consequatur.', 'https://image.jeuxvideo.com/medias/158826/1588264397-5261-jaquette-avant.jpg'),
(293, 55, 'laborum neque placeat assumenda', 'Error est architecto possimus eveniet. Officiis suscipit eligendi est atque nobis quia. Hic rerum velit dolor quod praesentium explicabo sit. Sapiente atque voluptates sit nulla et asperiores. Molestiae quo expedita error praesentium. Quisquam repellat mollitia ut enim voluptas dolorem. Et necessitatibus et adipisci atque sed. Ratione velit fugiat error molestiae. Occaecati ducimus occaecati omnis voluptas consequuntur. Illum itaque in repellat est et mollitia reprehenderit.', 'https://image.jeuxvideo.com/medias/159542/1595423317-2836-jaquette-avant.png'),
(294, 52, 'non soluta placeat', 'Eaque dignissimos quo deserunt et reprehenderit voluptas. Cupiditate in ad provident autem nihil repellat sequi. Sed porro rerum earum qui nobis. Voluptatum maiores quia autem labore quis. Laborum quasi velit quisquam. Non voluptatem placeat et officia. Architecto minima quos nemo aliquid velit qui cupiditate. Quasi eum odit a quia eos vero est. Aliquam quis eos quia culpa. Eum qui aliquam provident unde harum. Natus repellendus ad qui. Esse natus qui sint et vero quia.', 'https://image.jeuxvideo.com/medias/159542/1595423317-2836-jaquette-avant.png'),
(295, 42, 'fugit', 'Repudiandae dolorem qui sed error quasi. Id velit et voluptates voluptatem debitis pariatur. Laudantium dignissimos possimus architecto ut nisi. Eius consequatur qui aut expedita corporis earum. Totam temporibus asperiores dolores. Ipsa aperiam iusto qui et veritatis non eveniet. Vel eos ut magnam et incidunt accusantium non ratione. Et non exercitationem eveniet eaque. Aut aut iusto officia in consectetur at. Culpa sit quibusdam sed possimus.', 'https://paradoxetemporel.fr/wp-content/uploads/2020/06/jaquette-the-last-of-us-part-2.jpg'),
(296, 50, 'impedit eum facilis', 'Aut ad odio velit minus et aliquam neque. Aliquam consequatur aut voluptatum. Facilis quos facilis repellat. Non praesentium inventore inventore soluta est ullam magnam. Non aut totam id voluptatibus. Fugit praesentium doloremque non alias consectetur sit error. Aut eum voluptatem voluptatem aliquam ipsum laborum sunt. Et neque mollitia iure nemo accusantium voluptatibus non vel. Magni eligendi repellendus eum nulla non velit eos. Est neque ut quod ea. Minus cum fugit eos rerum et reprehenderit eius.', 'https://image.jeuxvideo.com/medias/163881/1638806697-8764-jaquette-avant.gif'),
(297, 58, 'vel et tenetur eos', 'Alias et ipsa odio eum eligendi eveniet. Similique alias aliquam neque aut ipsa esse animi. Ullam numquam consequatur praesentium non quibusdam minima delectus corrupti. Ab est et est eos tempora. Exercitationem id ab consequuntur aperiam et. Ut id repellendus dolorem ducimus commodi unde ex corporis. Tenetur molestias unde non exercitationem rem nobis voluptates. Suscipit tenetur placeat voluptas quas cumque dolorum. Dolorum voluptatem sed qui deleniti ab nihil sequi eos. Et est laboriosam non quo id in placeat. Autem culpa aspernatur pariatur enim eos deserunt magnam.', 'https://image.jeuxvideo.com/medias/163335/1633353168-8875-jaquette-avant.gif'),
(298, 59, 'consequatur ut dolor atque', 'Qui dolores sint ipsam enim occaecati est. Non odit magnam maxime autem dolorem. Consequatur sed assumenda repellat ipsam deserunt harum harum deserunt. Quo est quis nesciunt aliquid beatae iusto doloribus cupiditate. Praesentium aut dolores exercitationem adipisci dolores eveniet. Qui libero aut provident itaque. Voluptatem est ut accusantium placeat molestias nihil. Vel consequatur optio ut reprehenderit magni. Expedita quod adipisci est voluptatem culpa occaecati veritatis.', 'https://image.jeuxvideo.com/medias/163154/1631541998-5162-jaquette-avant.jpg'),
(299, 48, 'fugit ipsa consequatur ea', 'Corrupti molestias a itaque voluptatem eos. Rem neque ipsam quia temporibus. Maiores quo iusto dolorem ut odit. Voluptatibus autem voluptate et quas dolore eligendi. Sunt iste laborum cum. Id quaerat aspernatur eligendi reiciendis quia ratione in. Accusantium soluta sint numquam repellendus perferendis voluptatem. Esse asperiores voluptatem impedit. Reiciendis enim repudiandae quod praesentium. Quis aliquid aliquam voluptas cupiditate. Optio qui excepturi voluptatem aut nihil qui. Voluptates nostrum odit cupiditate tenetur.', 'https://image.jeuxvideo.com/medias/150166/1501664378-9988-jaquette-avant.jpg'),
(300, 58, 'velit', 'Pariatur mollitia inventore assumenda ut quis. Tempore molestias quo ut et possimus. Minus ut saepe ipsam velit. Veniam facere quis labore ut modi impedit quasi. Facere et sint fugit atque. Ut quasi facere in delectus a dolores ut qui. Ut in ea modi eos adipisci facere. Quidem dicta est consequatur ipsam aut minima necessitatibus laborum. Omnis saepe enim sequi quis. Quidem doloribus esse in veritatis similique sunt magnam. Aut harum voluptas praesentium. Aut expedita est officiis molestias. Numquam vel est eum ut amet.', 'https://image.jeuxvideo.com/medias/163881/1638806697-8764-jaquette-avant.gif');

-- --------------------------------------------------------

--
-- Structure de la table `video_game_category`
--

CREATE TABLE `video_game_category` (
  `id` int(11) NOT NULL,
  `name` varchar(50) COLLATE utf8mb4_unicode_ci NOT NULL
) ENGINE=InnoDB DEFAULT CHARSET=utf8mb4 COLLATE=utf8mb4_unicode_ci;

--
-- Déchargement des données de la table `video_game_category`
--

INSERT INTO `video_game_category` (`id`, `name`) VALUES
(41, 'FPS / TPS'),
(42, 'Combat'),
(43, 'RTS'),
(44, 'Simulation'),
(45, 'Plateforme'),
(46, 'RPG'),
(47, 'MMORPG'),
(48, 'Sandbox'),
(49, 'MOBA'),
(50, 'Battle Royals'),
(51, 'Action / Aventure'),
(52, 'Beat Them All'),
(53, 'Puzzlers'),
(54, 'Réflexion'),
(55, 'Survival Horror'),
(56, 'Hack’n’slash'),
(57, 'Party Games'),
(58, 'Rythme'),
(59, 'Course'),
(60, 'Sports');

-- --------------------------------------------------------

--
-- Structure de la table `video_game_platform`
--

CREATE TABLE `video_game_platform` (
  `video_game_id` int(11) NOT NULL,
  `platform_id` int(11) NOT NULL
) ENGINE=InnoDB DEFAULT CHARSET=utf8mb4 COLLATE=utf8mb4_unicode_ci;

--
-- Déchargement des données de la table `video_game_platform`
--

INSERT INTO `video_game_platform` (`video_game_id`, `platform_id`) VALUES
(201, 20),
(201, 21),
(201, 22),
(201, 23),
(201, 24),
(202, 20),
(202, 21),
(202, 22),
(202, 23),
(202, 24),
(203, 20),
(203, 21),
(203, 22),
(203, 23),
(203, 24),
(203, 25),
(203, 26),
(203, 27),
(204, 20),
(204, 21),
(204, 22),
(204, 23),
(204, 24),
(204, 25),
(204, 26),
(204, 27),
(205, 20),
(205, 21),
(205, 22),
(205, 23),
(205, 24),
(206, 20),
(206, 21),
(206, 22),
(206, 23),
(206, 24),
(206, 25),
(206, 26),
(206, 27),
(207, 20),
(207, 21),
(207, 22),
(207, 23),
(207, 24),
(208, 20),
(208, 21),
(208, 22),
(208, 23),
(208, 24),
(208, 25),
(208, 26),
(208, 27),
(209, 20),
(209, 21),
(209, 22),
(209, 23),
(209, 24),
(209, 25),
(209, 26),
(209, 27),
(210, 20),
(210, 21),
(210, 22),
(210, 23),
(210, 24),
(211, 20),
(211, 21),
(211, 23),
(211, 24),
(212, 20),
(212, 21),
(212, 22),
(212, 23),
(212, 24),
(213, 20),
(213, 21),
(213, 22),
(213, 23),
(213, 24),
(214, 20),
(214, 21),
(214, 22),
(214, 23),
(214, 24),
(215, 20),
(215, 21),
(215, 22),
(215, 23),
(215, 24),
(215, 25),
(215, 26),
(215, 27),
(216, 20),
(216, 21),
(216, 22),
(216, 23),
(216, 24),
(216, 25),
(216, 26),
(216, 27),
(217, 20),
(217, 21),
(217, 22),
(217, 23),
(217, 24),
(217, 25),
(217, 26),
(217, 27),
(218, 20),
(218, 21),
(218, 22),
(218, 23),
(218, 24),
(219, 20),
(220, 20),
(220, 21),
(220, 22),
(220, 23),
(220, 24),
(220, 25),
(220, 26),
(220, 27),
(221, 20),
(221, 21),
(221, 22),
(221, 23),
(221, 24),
(221, 25),
(221, 26),
(221, 27),
(222, 20),
(223, 20),
(223, 21),
(223, 22),
(223, 23),
(223, 24),
(223, 25),
(224, 20),
(224, 21),
(224, 22),
(224, 23),
(224, 24),
(224, 25),
(224, 26),
(224, 27),
(225, 20),
(225, 21),
(225, 22),
(225, 23),
(225, 24),
(226, 20),
(226, 21),
(226, 22),
(226, 23),
(226, 24),
(227, 20),
(227, 21),
(227, 22),
(227, 23),
(227, 24),
(228, 20),
(228, 21),
(228, 22),
(228, 23),
(228, 24),
(228, 25),
(228, 26),
(228, 27),
(229, 20),
(229, 21),
(229, 22),
(229, 23),
(229, 24),
(229, 25),
(229, 26),
(229, 27),
(230, 20),
(231, 20),
(232, 20),
(232, 21),
(232, 22),
(232, 23),
(232, 24),
(232, 25),
(233, 20),
(233, 21),
(233, 23),
(233, 24),
(234, 20),
(234, 21),
(234, 22),
(234, 23),
(234, 24),
(234, 25),
(234, 26),
(234, 27),
(235, 20),
(235, 21),
(235, 22),
(235, 23),
(235, 24),
(236, 20),
(236, 21),
(236, 22),
(236, 23),
(236, 24),
(236, 25),
(237, 20),
(237, 21),
(237, 23),
(237, 24),
(238, 20),
(238, 21),
(238, 22),
(238, 23),
(238, 24),
(238, 25),
(238, 26),
(238, 27),
(239, 20),
(239, 21),
(239, 23),
(239, 24),
(240, 20),
(240, 21),
(240, 22),
(240, 23),
(240, 24),
(240, 25),
(240, 26),
(240, 27),
(241, 20),
(241, 21),
(241, 22),
(241, 23),
(241, 24),
(242, 20),
(242, 21),
(242, 22),
(242, 23),
(242, 24),
(242, 25),
(242, 26),
(242, 27),
(243, 20),
(243, 21),
(243, 22),
(243, 23),
(243, 24),
(244, 20),
(244, 21),
(244, 22),
(244, 23),
(244, 24),
(244, 25),
(244, 26),
(244, 27),
(245, 20),
(245, 21),
(245, 23),
(245, 24),
(246, 20),
(246, 21),
(246, 22),
(246, 23),
(246, 24),
(246, 25),
(247, 20),
(247, 21),
(247, 22),
(247, 23),
(247, 24),
(247, 25),
(247, 26),
(247, 27),
(248, 20),
(248, 21),
(248, 23),
(248, 24),
(249, 20),
(249, 21),
(249, 22),
(249, 23),
(249, 24),
(249, 25),
(249, 26),
(249, 27),
(250, 20),
(250, 21),
(250, 22),
(250, 23),
(250, 24),
(251, 20),
(251, 21),
(251, 22),
(251, 23),
(251, 24),
(251, 25),
(251, 26),
(251, 27),
(252, 20),
(252, 21),
(252, 22),
(252, 23),
(252, 24),
(253, 20),
(253, 21),
(253, 22),
(253, 23),
(253, 24),
(254, 20),
(254, 21),
(254, 23),
(254, 24),
(255, 20),
(255, 21),
(255, 22),
(255, 23),
(255, 24),
(255, 25),
(256, 20),
(256, 21),
(256, 22),
(256, 23),
(256, 24),
(256, 25),
(256, 26),
(256, 27),
(257, 20),
(257, 21),
(257, 22),
(257, 23),
(257, 24),
(257, 25),
(257, 26),
(257, 27),
(258, 20),
(258, 21),
(258, 22),
(258, 23),
(258, 24),
(258, 25),
(258, 26),
(258, 27),
(259, 20),
(259, 21),
(259, 22),
(259, 23),
(259, 24),
(259, 25),
(259, 26),
(259, 27),
(260, 20),
(260, 21),
(260, 22),
(260, 23),
(260, 24),
(260, 25),
(260, 26),
(260, 27),
(261, 20),
(261, 21),
(261, 22),
(261, 23),
(261, 24),
(262, 20),
(262, 21),
(262, 22),
(262, 23),
(262, 24),
(262, 25),
(263, 20),
(263, 21),
(263, 22),
(263, 23),
(263, 24),
(263, 25),
(263, 26),
(263, 27),
(264, 20),
(265, 20),
(265, 21),
(265, 23),
(265, 24),
(266, 20),
(266, 21),
(266, 22),
(266, 23),
(266, 24),
(267, 20),
(267, 21),
(267, 22),
(267, 23),
(267, 24),
(267, 25),
(267, 26),
(267, 27),
(268, 20),
(268, 21),
(268, 23),
(268, 24),
(269, 20),
(269, 21),
(269, 22),
(269, 23),
(269, 24),
(269, 25),
(269, 26),
(269, 27),
(270, 20),
(270, 21),
(270, 22),
(270, 23),
(270, 24),
(270, 25),
(270, 26),
(270, 27),
(271, 20),
(271, 21),
(271, 22),
(271, 23),
(271, 24),
(271, 25),
(271, 26),
(271, 27),
(272, 20),
(272, 21),
(272, 22),
(272, 23),
(272, 24),
(273, 20),
(273, 21),
(273, 22),
(273, 23),
(273, 24),
(273, 25),
(273, 26),
(273, 27),
(274, 20),
(274, 21),
(274, 22),
(274, 23),
(274, 24),
(274, 25),
(274, 26),
(274, 27),
(275, 20),
(276, 20),
(277, 20),
(277, 21),
(277, 22),
(277, 23),
(277, 24),
(277, 25),
(277, 26),
(277, 27),
(278, 20),
(278, 21),
(278, 22),
(278, 23),
(278, 24),
(279, 20),
(279, 21),
(279, 22),
(279, 23),
(279, 24),
(279, 25),
(279, 26),
(279, 27),
(280, 20),
(280, 21),
(280, 22),
(280, 23),
(280, 24),
(281, 20),
(281, 21),
(281, 23),
(281, 24),
(282, 20),
(282, 21),
(282, 22),
(282, 23),
(282, 24),
(283, 20),
(283, 21),
(283, 22),
(283, 23),
(283, 24),
(283, 25),
(284, 20),
(284, 21),
(284, 22),
(284, 23),
(284, 24),
(285, 20),
(285, 21),
(285, 22),
(285, 23),
(285, 24),
(285, 25),
(285, 26),
(285, 27),
(286, 20),
(286, 21),
(286, 22),
(286, 23),
(286, 24),
(287, 20),
(287, 21),
(287, 22),
(287, 23),
(287, 24),
(287, 25),
(287, 26),
(287, 27),
(288, 20),
(288, 21),
(288, 22),
(288, 23),
(288, 24),
(289, 20),
(289, 21),
(289, 22),
(289, 23),
(289, 24),
(290, 20),
(290, 21),
(290, 22),
(290, 23),
(290, 24),
(290, 25),
(290, 26),
(290, 27),
(291, 20),
(291, 21),
(291, 22),
(291, 23),
(291, 24),
(291, 25),
(292, 20),
(292, 21),
(292, 22),
(292, 23),
(292, 24),
(292, 25),
(292, 26),
(292, 27),
(293, 20),
(293, 21),
(293, 22),
(293, 23),
(293, 24),
(293, 25),
(293, 26),
(293, 27),
(294, 20),
(294, 21),
(294, 23),
(294, 24),
(295, 20),
(296, 20),
(296, 21),
(296, 22),
(296, 23),
(296, 24),
(297, 20),
(297, 21),
(297, 22),
(297, 23),
(297, 24),
(298, 20),
(299, 20),
(299, 21),
(299, 22),
(299, 23),
(299, 24),
(299, 25),
(299, 26),
(299, 27),
(300, 20),
(300, 21),
(300, 22),
(300, 23),
(300, 24),
(300, 25),
(300, 26),
(300, 27);

--
-- Index pour les tables déchargées
--

--
-- Index pour la table `board_game`
--
ALTER TABLE `board_game`
  ADD PRIMARY KEY (`id`),
  ADD KEY `IDX_F9BD68AF12469DE2` (`category_id`);

--
-- Index pour la table `board_game_category`
--
ALTER TABLE `board_game_category`
  ADD PRIMARY KEY (`id`);

--
-- Index pour la table `booking`
--
ALTER TABLE `booking`
  ADD PRIMARY KEY (`id`),
  ADD KEY `IDX_E00CEDDE71F7E88B` (`event_id`),
  ADD KEY `IDX_E00CEDDEA76ED395` (`user_id`);

--
-- Index pour la table `comic`
--
ALTER TABLE `comic`
  ADD PRIMARY KEY (`id`),
  ADD KEY `IDX_5B7EA5AA12469DE2` (`category_id`);

--
-- Index pour la table `comic_category`
--
ALTER TABLE `comic_category`
  ADD PRIMARY KEY (`id`);

--
-- Index pour la table `doctrine_migration_versions`
--
ALTER TABLE `doctrine_migration_versions`
  ADD PRIMARY KEY (`version`);

--
-- Index pour la table `event`
--
ALTER TABLE `event`
  ADD PRIMARY KEY (`id`),
  ADD KEY `IDX_3BAE0AA712469DE2` (`category_id`),
  ADD KEY `IDX_3BAE0AA7DA6A219` (`place_id`),
  ADD KEY `IDX_3BAE0AA77E3C61F9` (`owner_id`),
  ADD KEY `IDX_3BAE0AA781C06096` (`activity_id`);

--
-- Index pour la table `event_activity`
--
ALTER TABLE `event_activity`
  ADD PRIMARY KEY (`id`);

--
-- Index pour la table `event_category`
--
ALTER TABLE `event_category`
  ADD PRIMARY KEY (`id`);

--
-- Index pour la table `manga`
--
ALTER TABLE `manga`
  ADD PRIMARY KEY (`id`),
  ADD KEY `IDX_765A9E0312469DE2` (`category_id`);

--
-- Index pour la table `manga_category`
--
ALTER TABLE `manga_category`
  ADD PRIMARY KEY (`id`);

--
-- Index pour la table `place`
--
ALTER TABLE `place`
  ADD PRIMARY KEY (`id`);

--
-- Index pour la table `platform`
--
ALTER TABLE `platform`
  ADD PRIMARY KEY (`id`);

--
-- Index pour la table `user`
--
ALTER TABLE `user`
  ADD PRIMARY KEY (`id`),
  ADD UNIQUE KEY `UNIQ_8D93D649E7927C74` (`email`),
  ADD KEY `IDX_8D93D649CCFA12B8` (`profile_id`),
  ADD KEY `IDX_8D93D6495FB14BA7` (`level_id`);

--
-- Index pour la table `user_board_game`
--
ALTER TABLE `user_board_game`
  ADD PRIMARY KEY (`user_id`,`board_game_id`),
  ADD KEY `IDX_5EDAAE43A76ED395` (`user_id`),
  ADD KEY `IDX_5EDAAE43AC91F10A` (`board_game_id`);

--
-- Index pour la table `user_comic`
--
ALTER TABLE `user_comic`
  ADD PRIMARY KEY (`user_id`,`comic_id`),
  ADD KEY `IDX_B9BC5EF2A76ED395` (`user_id`),
  ADD KEY `IDX_B9BC5EF2D663094A` (`comic_id`);

--
-- Index pour la table `user_level`
--
ALTER TABLE `user_level`
  ADD PRIMARY KEY (`id`);

--
-- Index pour la table `user_manga`
--
ALTER TABLE `user_manga`
  ADD PRIMARY KEY (`user_id`,`manga_id`),
  ADD KEY `IDX_9498655BA76ED395` (`user_id`),
  ADD KEY `IDX_9498655B7B6461` (`manga_id`);

--
-- Index pour la table `user_profile`
--
ALTER TABLE `user_profile`
  ADD PRIMARY KEY (`id`);

--
-- Index pour la table `user_video_game`
--
ALTER TABLE `user_video_game`
  ADD PRIMARY KEY (`user_id`,`video_game_id`),
  ADD KEY `IDX_83DBAABCA76ED395` (`user_id`),
  ADD KEY `IDX_83DBAABC16230A8` (`video_game_id`);

--
-- Index pour la table `video_game`
--
ALTER TABLE `video_game`
  ADD PRIMARY KEY (`id`),
  ADD KEY `IDX_24BC6C5012469DE2` (`category_id`);

--
-- Index pour la table `video_game_category`
--
ALTER TABLE `video_game_category`
  ADD PRIMARY KEY (`id`);

--
-- Index pour la table `video_game_platform`
--
ALTER TABLE `video_game_platform`
  ADD PRIMARY KEY (`video_game_id`,`platform_id`),
  ADD KEY `IDX_996C03DD16230A8` (`video_game_id`),
  ADD KEY `IDX_996C03DDFFE6496F` (`platform_id`);

--
-- AUTO_INCREMENT pour les tables déchargées
--

--
-- AUTO_INCREMENT pour la table `board_game`
--
ALTER TABLE `board_game`
  MODIFY `id` int(11) NOT NULL AUTO_INCREMENT, AUTO_INCREMENT=301;

--
-- AUTO_INCREMENT pour la table `board_game_category`
--
ALTER TABLE `board_game_category`
  MODIFY `id` int(11) NOT NULL AUTO_INCREMENT, AUTO_INCREMENT=52;

--
-- AUTO_INCREMENT pour la table `booking`
--
ALTER TABLE `booking`
  MODIFY `id` int(11) NOT NULL AUTO_INCREMENT, AUTO_INCREMENT=151;

--
-- AUTO_INCREMENT pour la table `comic`
--
ALTER TABLE `comic`
  MODIFY `id` int(11) NOT NULL AUTO_INCREMENT, AUTO_INCREMENT=301;

--
-- AUTO_INCREMENT pour la table `comic_category`
--
ALTER TABLE `comic_category`
  MODIFY `id` int(11) NOT NULL AUTO_INCREMENT, AUTO_INCREMENT=55;

--
-- AUTO_INCREMENT pour la table `event`
--
ALTER TABLE `event`
  MODIFY `id` int(11) NOT NULL AUTO_INCREMENT, AUTO_INCREMENT=307;

--
-- AUTO_INCREMENT pour la table `event_activity`
--
ALTER TABLE `event_activity`
  MODIFY `id` int(11) NOT NULL AUTO_INCREMENT, AUTO_INCREMENT=16;

--
-- AUTO_INCREMENT pour la table `event_category`
--
ALTER TABLE `event_category`
  MODIFY `id` int(11) NOT NULL AUTO_INCREMENT, AUTO_INCREMENT=22;

--
-- AUTO_INCREMENT pour la table `manga`
--
ALTER TABLE `manga`
  MODIFY `id` int(11) NOT NULL AUTO_INCREMENT, AUTO_INCREMENT=301;

--
-- AUTO_INCREMENT pour la table `manga_category`
--
ALTER TABLE `manga_category`
  MODIFY `id` int(11) NOT NULL AUTO_INCREMENT, AUTO_INCREMENT=16;

--
-- AUTO_INCREMENT pour la table `place`
--
ALTER TABLE `place`
  MODIFY `id` int(11) NOT NULL AUTO_INCREMENT, AUTO_INCREMENT=301;

--
-- AUTO_INCREMENT pour la table `platform`
--
ALTER TABLE `platform`
  MODIFY `id` int(11) NOT NULL AUTO_INCREMENT, AUTO_INCREMENT=28;

--
-- AUTO_INCREMENT pour la table `user`
--
ALTER TABLE `user`
  MODIFY `id` int(11) NOT NULL AUTO_INCREMENT, AUTO_INCREMENT=1506;

--
-- AUTO_INCREMENT pour la table `user_level`
--
ALTER TABLE `user_level`
  MODIFY `id` int(11) NOT NULL AUTO_INCREMENT, AUTO_INCREMENT=16;

--
-- AUTO_INCREMENT pour la table `user_profile`
--
ALTER TABLE `user_profile`
  MODIFY `id` int(11) NOT NULL AUTO_INCREMENT, AUTO_INCREMENT=13;

--
-- AUTO_INCREMENT pour la table `video_game`
--
ALTER TABLE `video_game`
  MODIFY `id` int(11) NOT NULL AUTO_INCREMENT, AUTO_INCREMENT=301;

--
-- AUTO_INCREMENT pour la table `video_game_category`
--
ALTER TABLE `video_game_category`
  MODIFY `id` int(11) NOT NULL AUTO_INCREMENT, AUTO_INCREMENT=61;

--
-- Contraintes pour les tables déchargées
--

--
-- Contraintes pour la table `board_game`
--
ALTER TABLE `board_game`
  ADD CONSTRAINT `FK_F9BD68AF12469DE2` FOREIGN KEY (`category_id`) REFERENCES `board_game_category` (`id`);

--
-- Contraintes pour la table `booking`
--
ALTER TABLE `booking`
  ADD CONSTRAINT `FK_E00CEDDE71F7E88B` FOREIGN KEY (`event_id`) REFERENCES `event` (`id`),
  ADD CONSTRAINT `FK_E00CEDDEA76ED395` FOREIGN KEY (`user_id`) REFERENCES `user` (`id`);

--
-- Contraintes pour la table `comic`
--
ALTER TABLE `comic`
  ADD CONSTRAINT `FK_5B7EA5AA12469DE2` FOREIGN KEY (`category_id`) REFERENCES `comic_category` (`id`);

--
-- Contraintes pour la table `event`
--
ALTER TABLE `event`
  ADD CONSTRAINT `FK_3BAE0AA712469DE2` FOREIGN KEY (`category_id`) REFERENCES `event_category` (`id`),
  ADD CONSTRAINT `FK_3BAE0AA77E3C61F9` FOREIGN KEY (`owner_id`) REFERENCES `user` (`id`),
  ADD CONSTRAINT `FK_3BAE0AA781C06096` FOREIGN KEY (`activity_id`) REFERENCES `event_activity` (`id`),
  ADD CONSTRAINT `FK_3BAE0AA7DA6A219` FOREIGN KEY (`place_id`) REFERENCES `place` (`id`);

--
-- Contraintes pour la table `manga`
--
ALTER TABLE `manga`
  ADD CONSTRAINT `FK_765A9E0312469DE2` FOREIGN KEY (`category_id`) REFERENCES `manga_category` (`id`);

--
-- Contraintes pour la table `user`
--
ALTER TABLE `user`
  ADD CONSTRAINT `FK_8D93D6495FB14BA7` FOREIGN KEY (`level_id`) REFERENCES `user_level` (`id`),
  ADD CONSTRAINT `FK_8D93D649CCFA12B8` FOREIGN KEY (`profile_id`) REFERENCES `user_profile` (`id`);

--
-- Contraintes pour la table `user_board_game`
--
ALTER TABLE `user_board_game`
  ADD CONSTRAINT `FK_5EDAAE43A76ED395` FOREIGN KEY (`user_id`) REFERENCES `user` (`id`) ON DELETE CASCADE,
  ADD CONSTRAINT `FK_5EDAAE43AC91F10A` FOREIGN KEY (`board_game_id`) REFERENCES `board_game` (`id`) ON DELETE CASCADE;

--
-- Contraintes pour la table `user_comic`
--
ALTER TABLE `user_comic`
  ADD CONSTRAINT `FK_B9BC5EF2A76ED395` FOREIGN KEY (`user_id`) REFERENCES `user` (`id`) ON DELETE CASCADE,
  ADD CONSTRAINT `FK_B9BC5EF2D663094A` FOREIGN KEY (`comic_id`) REFERENCES `comic` (`id`) ON DELETE CASCADE;

--
-- Contraintes pour la table `user_manga`
--
ALTER TABLE `user_manga`
  ADD CONSTRAINT `FK_9498655B7B6461` FOREIGN KEY (`manga_id`) REFERENCES `manga` (`id`) ON DELETE CASCADE,
  ADD CONSTRAINT `FK_9498655BA76ED395` FOREIGN KEY (`user_id`) REFERENCES `user` (`id`) ON DELETE CASCADE;

--
-- Contraintes pour la table `user_video_game`
--
ALTER TABLE `user_video_game`
  ADD CONSTRAINT `FK_83DBAABC16230A8` FOREIGN KEY (`video_game_id`) REFERENCES `video_game` (`id`) ON DELETE CASCADE,
  ADD CONSTRAINT `FK_83DBAABCA76ED395` FOREIGN KEY (`user_id`) REFERENCES `user` (`id`) ON DELETE CASCADE;

--
-- Contraintes pour la table `video_game`
--
ALTER TABLE `video_game`
  ADD CONSTRAINT `FK_24BC6C5012469DE2` FOREIGN KEY (`category_id`) REFERENCES `video_game_category` (`id`);

--
-- Contraintes pour la table `video_game_platform`
--
ALTER TABLE `video_game_platform`
  ADD CONSTRAINT `FK_996C03DD16230A8` FOREIGN KEY (`video_game_id`) REFERENCES `video_game` (`id`) ON DELETE CASCADE,
  ADD CONSTRAINT `FK_996C03DDFFE6496F` FOREIGN KEY (`platform_id`) REFERENCES `platform` (`id`) ON DELETE CASCADE;
COMMIT;

/*!40101 SET CHARACTER_SET_CLIENT=@OLD_CHARACTER_SET_CLIENT */;
/*!40101 SET CHARACTER_SET_RESULTS=@OLD_CHARACTER_SET_RESULTS */;
/*!40101 SET COLLATION_CONNECTION=@OLD_COLLATION_CONNECTION */;
